"id","Cluster"
3217058,1
3217192,1
3217732,1
3217079,1
3217183,1
3218483,1
3218923,2
3217591,1
3217675,1
3217818,1
3217858,1
3217006,1
3217031,1
3218148,1
3217261,1
3217260,1
3220100,2
3218482,1
3218664,2
3217457,1
3219258,2
3217812,1
3220734,2
3220756,2
3218203,1
3218272,1
3218354,1
3221109,2
3220088,2
3217200,1
3220214,2
3218802,2
3221758,3
3220383,2
3222003,3
3220404,2
3217703,1
3219259,2
3217731,1
3220587,2
3222256,3
3222306,3
3220596,2
3220708,2
3217841,1
3221057,2
3221075,2
3221147,2
3220099,2
3221291,3
3220042,2
3220194,2
3221547,3
3218922,2
3220460,2
3217649,1
3219307,2
3217811,1
3223575,3
3217932,1
3217931,1
3217933,1
3217066,1
3219930,4
3218226,1
3222810,3
3221142,2
3222901,3
3221292,3
3222910,3
3222953,3
3222886,3
3221364,3
3221309,3
3218387,1
3218484,1
3223062,3
3220215,2
3224598,5
3217566,1
3221925,3
3219085,2
3225057,5
3220579,2
3223545,3
3223546,3
3217857,1
3217930,1
3223590,3
3219949,4
3219929,4
3222814,3
3221056,2
3219951,4
3223893,6
3224023,6
3217133,1
3224122,6
3218273,1
3220106,2
3220213,2
3224432,5
3224621,5
3221684,3
3221815,3
3221926,3
3219181,2
3226245,2
3225081,5
3223522,3
3217835,1
3223618,3
3225389,5
3226545,2
3225572,5
3222718,3
3220849,2
3218053,1
3226727,2
3221091,2
3222811,3
3217121,1
3221121,2
3224073,6
3223960,6
3224086,6
3218353,1
3224039,6
3225850,2
3221365,3
3227353,2
3220216,2
3224469,5
3223081,3
3224495,5
3218860,2
3218936,2
3224877,5
3220442,2
3220514,2
3224768,5
3224800,5
3220481,2
3219267,2
3217650,1
3219408,2
3219467,2
3225243,5
3222448,3
3217819,1
3219688,2
3222445,3
3223652,3
3226474,2
3228320,7
3222719,3
3219971,4
3220043,2
3217135,1
3223935,6
3226917,2
3228729,2
3227136,2
3225933,2
3217270,1
3227263,2
3218810,2
3227490,2
3220403,2
3224673,5
3224653,5
3227657,2
3220609,2
3223431,3
3225094,5
3217840,1
3228177,7
3219617,2
3226514,2
3228348,7
3226565,2
3229456,2
3218245,1
3223959,6
3228619,2
3226804,2
3225668,2
3218320,1
3226834,2
3225729,2
3222865,3
3225831,2
3218232,1
3228648,2
3229810,2
3225840,2
3225867,2
3228777,2
3221336,3
3220167,2
3223041,3
3225884,2
3227135,2
3225971,2
3224672,5
3224622,5
3219053,2
3220388,2
3226251,2
3229177,2
3229094,2
3220601,2
3225165,5
3228064,7
3228130,7
3226397,2
3219573,2
3229313,2
3231074,2
3225521,5
3231234,2
3222633,3
3220826,2
3217971,1
3220977,2
3231428,2
3223936,6
3219956,4
3217076,1
3226728,2
3229734,2
3231565,2
3225705,2
3225783,2
3225832,2
3225841,2
3231572,2
3230211,2
3220259,2
3231770,2
3220272,2
3230447,2
3226142,2
3230487,2
3217492,1
3231878,2
3223412,3
3230852,2
3231997,2
3225058,5
3223432,3
3222153,3
3229258,2
3222430,3
3229321,2
3228129,7
3222449,3
3229322,2
3229334,2
3223642,3
3232229,2
3228347,7
3228361,7
3219871,4
3217044,1
3228573,2
3217136,1
3231429,2
3226742,2
3225750,2
3221078,2
3217155,1
3218147,1
3225751,2
3229762,2
3232528,2
3221106,2
3226920,2
3225735,2
3228589,2
3226803,2
3226833,2
3231566,2
3228719,2
3224077,6
3224148,6
3232734,2
3222943,3
3227068,2
3218733,2
3230316,2
3224772,5
3227633,2
3229008,2
3223358,3
3229093,2
3224895,5
3233723,2
3219489,2
3223591,3
3222362,3
3231073,2
3234099,2
3223612,3
3217032,1
3225623,5
3228536,2
3232526,2
3234327,2
3229768,2
3228607,2
3229735,2
3226860,2
3229675,2
3217045,1
3232527,2
3228588,2
3232685,2
3231510,2
3232785,2
3231555,2
3226914,2
3231556,2
3218473,1
3224087,6
3227055,2
3222937,3
3220105,2
3228688,2
3232764,2
3218689,2
3231733,2
3228810,2
3231747,2
3218842,2
3233115,2
3227475,2
3225999,2
3221672,3
3218824,2
3233269,2
3228921,2
3234788,2
3231877,2
3224769,5
3234712,2
3233426,2
3230486,2
3233339,2
3232016,2
3220564,2
3222087,3
3226314,2
3217728,1
3233691,2
3226385,2
3219365,2
3220639,2
3228141,7
3222363,3
3223611,3
3229356,2
3234058,2
3219693,2
3225591,5
3235340,2
3235335,2
3217057,1
3234311,2
3219962,4
3234331,2
3234401,2
3231465,2
3234374,2
3224076,6
3229694,2
3223000,3
3221546,3
3224393,5
3234632,2
3220266,2
3227491,2
3230210,2
3230481,2
3233425,2
3228986,2
3227661,2
3223411,3
3229156,2
3217709,1
3236766,2
3236701,2
3236806,2
3222509,3
3217901,1
3231235,2
3237025,2
3231207,2
3223651,3
3235241,2
3222773,3
3225666,2
3219883,4
3235397,2
3234349,2
3218037,1
3231464,2
3237193,2
3235502,2
3234328,2
3223894,6
3226946,2
3225736,2
3217172,1
3232684,2
3237297,2
3231553,2
3218420,1
3225866,2
3231554,2
3228718,2
3224014,6
3234496,2
3217238,1
3231649,2
3229991,2
3217341,1
3231681,2
3232901,2
3220209,2
3230121,2
3217279,1
3234676,2
3237529,2
3218781,2
3223238,3
3227540,2
3224589,5
3220384,2
3236350,2
3220443,2
3224876,5
3229120,2
3233542,2
3233539,2
3237729,2
3229047,2
3217596,1
3225021,5
3217704,1
3230778,2
3233728,2
3229157,2
3222431,3
3229226,2
3220578,2
3235029,2
3236825,2
3226431,2
3226390,2
3231172,2
3225166,5
3225295,5
3223574,3
3220674,2
3236866,2
3228259,7
3231115,2
3228300,7
3220825,2
3226536,2
3222508,3
3238123,2
3217972,1
3228541,2
3217075,1
3232533,2
3229597,2
3226913,2
3223787,6
3228574,2
3234392,2
3232615,2
3238470,2
3219961,4
3229733,2
3225772,2
3234398,2
3235615,2
3235669,2
3220062,2
3237402,2
3237421,2
3222944,3
3238682,2
3235688,2
3218570,1
3230002,2
3238798,2
3230102,2
3230103,2
3225883,2
3232958,2
3235809,2
3225934,2
3221679,3
3234744,2
3220326,2
3220332,2
3221839,3
3221899,3
3231922,2
3221900,3
3220522,2
3223295,3
3217595,1
3233555,2
3222013,3
3222140,3
3239367,2
3236551,2
3237959,2
3220643,2
3219616,2
3236865,2
3232259,2
3229314,2
3235143,2
3228477,2
3217970,1
3238124,2
3234338,2
3238255,2
3237194,2
3232479,2
3234389,2
3240201,2
3238280,2
3235503,2
3237240,2
3225777,2
3240205,2
3224123,6
3240234,2
3225771,2
3235614,2
3238462,2
3231573,2
3228757,2
3231629,2
3238659,2
3231680,2
3231648,2
3231670,2
3232957,2
3218559,1
3234559,2
3237460,2
3240440,2
3225935,2
3237547,2
3229007,2
3237548,2
3227580,2
3226141,2
3233340,2
3219086,2
3239432,2
3229054,2
3222036,3
3240731,2
3217765,1
3233724,2
3239560,2
3225095,5
3235030,2
3233880,2
3217766,1
3239636,2
3235098,2
3235109,2
3238045,2
3226566,2
3220788,2
3239960,3
3217969,1
3235334,2
3222792,3
3228509,2
3238254,2
3238343,2
3240159,3
3224038,6
3218231,1
3234324,2
3225776,2
3235565,2
3235568,2
3226741,2
3225687,2
3238473,2
3240212,2
3218282,1
3232735,2
3224147,6
3235766,2
3237426,2
3235689,2
3223009,3
3218663,2
3238777,2
3230110,2
3235882,2
3217267,1
3236064,2
3240384,2
3233268,2
3241830,2
3233196,2
3241985,2
3224588,5
3234787,2
3230446,2
3226205,2
3242118,2
3222014,3
3236362,2
3239193,2
3239235,2
3232000,2
3226225,2
3233643,2
3239431,2
3240696,2
3219306,2
3237863,2
3226373,2
3230779,2
3219364,2
3220586,2
3232168,2
3229201,2
3237964,2
3226445,2
3235131,2
3233879,2
3226408,2
3238020,2
3242748,2
3231010,2
3217886,1
3220700,2
3228319,7
3240935,2
3219720,2
3240934,2
3239933,3
3217007,1
3225607,5
3225606,5
3218076,1
3225684,2
3242990,2
3221110,2
3234323,2
3238417,2
3225683,2
3235429,2
3243024,2
3232763,2
3222828,3
3232728,2
3234416,2
3217156,1
3240195,2
3234435,2
3240213,2
3232709,2
3235675,2
3218421,1
3237401,2
3235799,2
3229990,2
3241675,2
3241552,2
3235883,2
3243281,2
3241724,2
3228856,2
3228934,2
3236061,2
3240571,2
3234852,2
3229055,2
3239238,2
3231892,2
3217626,1
3230721,2
3237784,2
3230859,2
3226402,2
3232110,2
3239710,2
3225242,5
3222444,3
3226384,2
3237958,2
3217900,1
3226427,2
3242747,2
3219646,2
3237970,2
3243812,2
3239906,3
3237089,2
3220860,2
3241055,2
3234261,2
3242993,2
3242991,2
3228480,2
3216991,1
3243005,2
3223788,6
3240130,3
3229603,2
3244170,2
3231548,2
3226963,2
3243134,2
3220063,2
3231561,2
3243066,2
3240202,2
3238640,2
3243141,2
3235674,2
3230003,2
3241491,2
3223117,3
3233076,2
3232892,2
3231722,2
3237459,2
3230178,2
3240340,2
3241676,2
3237471,2
3243276,2
3234683,2
3238921,2
3230214,2
3237635,2
3240559,2
3243397,2
3233114,2
3226081,2
3228987,2
3243443,2
3242081,2
3229052,2
3233322,2
3242196,2
3239315,2
3242285,2
3225082,5
3245428,2
3226371,2
3236660,2
3226389,2
3225162,5
3242502,2
3240774,2
3223523,3
3239546,2
3239561,2
3236676,2
3220697,2
3243739,2
3226489,2
3237963,2
3243813,2
3226419,2
3242612,2
3220757,2
3242501,2
3233971,2
3238037,2
3231206,2
3238046,2
3243804,2
3238056,2
3226544,2
3238201,2
3245895,2
3241115,2
3229482,2
3223793,6
3238239,2
3222791,3
3244082,2
3237250,2
3234375,2
3228632,2
3244115,2
3241354,2
3238469,2
3226845,2
3243073,2
3243185,2
3220057,2
3220056,2
3237230,2
3218319,1
3240235,2
3244521,2
3231598,2
3246110,2
3244401,2
3241490,2
3225936,2
3235827,2
3244533,2
3243275,2
3231734,2
3244532,2
3221727,3
3236147,2
3243411,2
3240449,2
3227306,2
3233261,2
3240468,2
3228893,2
3242016,2
3219054,2
3237679,2
3244930,2
3220397,2
3240697,2
3237693,2
3245164,2
3245195,2
3245204,2
3226224,2
3222004,3
3232067,2
3243659,2
3243589,2
3243660,2
3232035,2
3236635,2
3233727,2
3236607,2
3236688,2
3239720,2
3228003,7
3219468,2
3239625,2
3246724,2
3246723,2
3246726,2
3232239,2
3245587,2
3219719,2
3239918,3
3223659,3
3239910,3
3239907,3
3225573,5
3235222,2
3245861,2
3245898,2
3244024,2
3245863,2
3245935,2
3231456,2
3218052,1
3240067,3
3240107,3
3240124,3
3243116,2
3244246,2
3228620,2
3237239,2
3243186,2
3244255,2
3246036,2
3241287,2
3226945,2
3231630,2
3243214,2
3232752,2
3235705,2
3243223,2
3234484,2
3243209,2
3241573,2
3241574,2
3235720,2
3238639,2
3241725,2
3235694,2
3235822,2
3218462,1
3244659,2
3221570,3
3240448,2
3228867,2
3230315,2
3240413,2
3226057,2
3231769,2
3226071,2
3243318,2
3234713,2
3244773,2
3220327,2
3230480,2
3246414,2
3246420,2
3233272,2
3245038,2
3224869,5
3245262,2
3224799,5
3240627,2
3246522,2
3231998,2
3242286,2
3229180,2
3235023,2
3243623,2
3248366,2
3246627,2
3239667,2
3225388,5
3235097,2
3246727,2
3217937,1
3229383,2
3222534,3
3239911,3
3226539,2
3235108,2
3229416,2
3235223,2
3245859,2
3239961,3
3237026,2
3241104,2
3244070,2
3243006,2
3240087,3
3238344,2
3229598,2
3241347,2
3248919,4
3240110,3
3247079,2
3234341,2
3240166,2
3235427,2
3243074,2
3235595,2
3222827,3
3241216,2
3232695,2
3229779,2
3244446,2
3240271,2
3222866,3
3246097,2
3241535,2
3249064,4
3244527,2
3247404,2
3237472,2
3238739,2
3244671,2
3235808,2
3237458,2
3244522,2
3247570,2
3236035,2
3247702,2
3221886,3
3247701,2
3244850,2
3224433,5
3231891,2
3240507,2
3221678,3
3234851,2
3221838,3
3247856,2
3244992,2
3239372,2
3230712,2
3242422,2
3224965,5
3243662,2
3239426,2
3224966,5
3243695,2
3248217,2
3245376,2
3242465,2
3226374,2
3242529,2
3236733,2
3226444,2
3243724,2
3236824,2
3245436,2
3226333,2
3246622,2
3248549,4
3233960,2
3228458,2
3216992,1
3223822,6
3235428,2
3244069,2
3250033,4
3248819,4
3231437,2
3243093,2
3243075,2
3232562,2
3234433,2
3248969,4
3246038,2
3235456,2
3229780,2
3246100,2
3243140,2
3248977,4
3241635,2
3250398,4
3246241,2
3243277,2
3243319,2
3218823,2
3236166,2
3246334,2
3244699,2
3241865,2
3240483,2
3240469,2
3239239,2
3247739,2
3227753,2
3227660,2
3224920,5
3249425,4
3251086,4
3237864,2
3239648,2
3245435,2
3233961,2
3245441,2
3229215,2
3249593,4
3239711,2
3217834,1
3234098,2
3238057,2
3243837,2
3240906,2
3238038,2
3248602,4
3249728,4
3219860,4
3238136,2
3235242,2
3244023,2
3219858,4
3246964,2
3242981,2
3229604,2
3249840,4
3248816,4
3234299,2
3245874,2
3243068,2
3248914,4
3217080,1
3243069,2
3243060,2
3241409,2
3241346,2
3243077,2
3229809,2
3243128,2
3237286,2
3244300,2
3240264,2
3238574,2
3249015,4
3231676,2
3232837,2
3249047,4
3240332,2
3227305,2
3250425,4
3247488,2
3246245,2
3241864,2
3247509,2
3226080,2
3218859,2
3249187,4
3236089,2
3218809,2
3231771,2
3250617,4
3227714,2
3237653,2
3226058,2
3250696,4
3242030,2
3237671,2
3247958,2
3245066,2
3237659,2
3217625,1
3237692,2
3236496,2
3247874,2
3224868,5
3240626,2
3234913,2
3249426,4
3248283,2
3245380,2
3232108,2
3229193,2
3252398,2
3236634,2
3239797,2
3249547,4
3231173,2
3251317,4
3222632,3
3242616,2
3235130,2
3235137,2
3228301,7
3228176,7
3249655,4
3232260,2
3220789,2
3249706,4
3232348,2
3248784,4
3229569,2
3226702,2
3249839,4
3238202,2
3246941,2
3242980,2
3249976,4
3231467,2
3249909,4
3237316,2
3240129,3
3251799,2
3246070,2
3222884,3
3229763,2
3252890,2
3240263,2
3243133,2
3225728,2
3250220,4
3240270,2
3250157,4
3250286,4
3251946,2
3246099,2
3240404,2
3249019,4
3249020,4
3250378,4
3241835,2
3246248,2
3236090,2
3224511,5
3249209,4
3249208,4
3252111,2
3253525,2
3243434,2
3246325,2
3223193,3
3242082,2
3252235,2
3237655,2
3224894,5
3247991,2
3227824,2
3223359,3
3225022,5
3236661,2
3251196,4
3229257,2
3251112,4
3252404,2
3228055,7
3240866,2
3248266,2
3251314,4
3248301,2
3243766,2
3242749,2
3236839,2
3235144,2
3236838,2
3245639,2
3220698,2
3245539,2
3254357,2
3254423,2
3252543,2
3226522,2
3234071,2
3249628,4
3234057,2
3225590,5
3246793,2
3234142,2
3234170,2
3243941,2
3252768,2
3226625,2
3238294,2
3235333,2
3238238,2
3229788,2
3241210,2
3248918,4
3244116,2
3251724,2
3248846,4
3250042,4
3235406,2
3237298,2
3252831,2
3229568,2
3238461,2
3253011,2
3251795,2
3218531,1
3250067,4
3231587,2
3247307,2
3241422,2
3254781,2
3243158,2
3251886,2
3243249,2
3231611,2
3251905,2
3241585,2
3241614,2
3251945,2
3230155,2
3249153,4
3249087,4
3252027,2
3230284,2
3247740,2
3253518,2
3252094,2
3236100,2
3230488,2
3237611,2
3236247,2
3251085,4
3253835,2
3226244,2
3234865,2
3242421,2
3233541,2
3245277,2
3232128,2
3245417,2
3255267,2
3248358,2
3236732,2
3251209,4
3249495,4
3240867,2
3245494,2
3248534,4
3233910,2
3228070,7
3248660,4
3226432,2
3249654,4
3246835,2
3242716,2
3223696,3
3249705,4
3231356,2
3241020,2
3243924,2
3245916,2
3245901,2
3249786,4
3219955,4
3243972,2
3244087,2
3249994,4
3244135,2
3252778,2
3229644,2
3252841,2
3244254,2
3246098,2
3248947,4
3231501,2
3244534,2
3246119,2
3248994,4
3244450,2
3223059,3
3254831,2
3249080,4
3253327,2
3249013,4
3246237,2
3240367,2
3221685,3
3254958,2
3253536,2
3247787,2
3241829,2
3227474,2
3244831,2
3247957,2
3239192,2
3249282,4
3256669,8
3227796,2
3243617,2
3236463,2
3237772,2
3220523,2
3237763,2
3233564,2
3254043,2
3255187,2
3251095,4
3232071,2
3255268,2
3240683,2
3237811,2
3228065,7
3249546,4
3251208,4
3251243,4
3255295,2
3240770,2
3251242,4
3255296,2
3255208,2
3220745,2
3248196,2
3255329,2
3236858,2
3242715,2
3246685,2
3251293,4
3239649,2
3248337,2
3245540,2
3249629,4
3229346,2
3245640,2
3254177,2
3255460,2
3257115,2
3226521,2
3238097,2
3248603,4
3232298,2
3255502,2
3222734,3
3228479,2
3248767,4
3248803,4
3243942,2
3255730,2
3249904,4
3247085,2
3247027,2
3241211,2
3243072,2
3235506,2
3238285,2
3254683,2
3229629,2
3245997,2
3246025,2
3253012,2
3253083,2
3253022,2
3241423,2
3247321,2
3227024,2
3241408,2
3228735,2
3250148,4
3244335,2
3244547,2
3254805,2
3247257,2
3253163,2
3253343,2
3256368,8
3249186,4
3234686,2
3257871,2
3253527,2
3249219,4
3253524,2
3250697,4
3255091,2
3250746,4
3244985,2
3244876,2
3250722,4
3243515,2
3239314,2
3245174,2
3248282,2
3246521,2
3232084,2
3245292,2
3243642,2
3243647,2
3253948,2
3233656,2
3251201,4
3248328,2
3231011,2
3233851,2
3240850,2
3248535,4
3254265,2
3254424,2
3245752,2
3228258,7
3223697,3
3229417,2
3249684,4
3242796,2
3257412,2
3238135,2
3252672,2
3252670,2
3255655,2
3251727,2
3232398,2
3249953,4
3245941,2
3240138,3
3232433,2
3251767,2
3219950,4
3232478,2
3232561,2
3248885,4
3243080,2
3255922,2
3258751,5
3258757,5
3240308,2
3255931,2
3238600,2
3257620,2
3250377,4
3253199,2
3255973,2
3249077,4
3221420,3
3257747,2
3218758,2
3221571,3
3230396,2
3254956,2
3247667,2
3250723,4
3249244,4
3253461,2
3244849,2
3224751,5
3240574,2
3256455,8
3257874,2
3253662,2
3247989,2
3230672,2
3257933,2
3242077,2
3257934,2
3258045,2
3245203,2
3227656,2
3252355,2
3223371,3
3259705,5
3233692,2
3254051,2
3253939,2
3232089,2
3220595,2
3248300,2
3229278,2
3258121,2
3225177,5
3255305,2
3245614,2
3228312,7
3245607,2
3239721,2
3219694,2
3255368,2
3257193,2
3260218,5
3258335,2
3254493,2
3234008,2
3237999,2
3260176,5
3236976,2
3248659,4
3237130,2
3257411,2
3254533,2
3257416,2
3222753,3
3245934,2
3258405,2
3234300,2
3255557,2
3251733,2
3260316,5
3229511,2
3247226,2
3245996,2
3251723,2
3248945,4
3222885,3
3232729,2
3243125,2
3257626,2
3246051,2
3220047,2
3253052,2
3251885,2
3246035,2
3252950,2
3258798,5
3254841,2
3254840,2
3218335,1
3257737,2
3257743,2
3244704,2
3247492,2
3247716,2
3260771,5
3257819,2
3225998,2
3223118,3
3231723,2
3257873,2
3234768,2
3254985,2
3253659,2
3259305,5
3230317,2
3260849,5
3255019,2
3234745,2
3220428,2
3260812,5
3244991,2
3237700,2
3258014,2
3240621,2
3259585,5
3256836,8
3243588,2
3233785,2
3259765,5
3239547,2
3255312,2
3245451,2
3222035,3
3236795,2
3245645,2
3226418,2
3243759,2
3242824,2
3258247,2
3237998,2
3257194,2
3260117,5
3243805,2
3222535,3
3249691,4
3261240,2
3254407,2
3255585,2
3260298,5
3238167,2
3254573,2
3240069,3
3248785,4
3260337,5
3255738,2
3257495,2
3260425,5
3257498,2
3255637,2
3237231,2
3255731,2
3258658,2
3261563,2
3251839,2
3221007,2
3229972,2
3229787,2
3253164,2
3254830,2
3240305,2
3233036,2
3244503,2
3240341,2
3240361,2
3256092,8
3250471,4
3259121,5
3237541,2
3229973,2
3254901,2
3250554,4
3252075,2
3220459,2
3262210,2
3256367,8
3254959,2
3237634,2
3240508,2
3253663,2
3262405,2
3226153,2
3245080,2
3239328,2
3230620,2
3255247,2
3261001,5
3261002,5
3245220,2
3230873,2
3248365,2
3236807,2
3237823,2
3242489,2
3258241,2
3262802,2
3248599,4
3228329,7
3257308,2
3236975,2
3257357,2
3223619,3
3261294,2
3222735,3
3252620,2
3244081,2
3263206,2
3260355,5
3255767,2
3249901,4
3258481,2
3229496,2
3244106,2
3225760,2
3243065,2
3261558,2
3252832,2
3244241,2
3251845,2
3254798,2
3248983,4
3260516,5
3250140,4
3258929,5
3249042,4
3255972,2
3261753,2
3256115,8
3246246,2
3259008,5
3237420,2
3241793,2
3235826,2
3250434,4
3256151,8
3240412,2
3247569,2
3240475,2
3244648,2
3227433,2
3244660,2
3244899,2
3260710,5
3240524,2
3260837,5
3262267,2
3262266,2
3257917,2
3246413,2
3262229,2
3250727,4
3226070,2
3262275,2
3230576,2
3224639,5
3247908,2
3247909,2
3242093,2
3262465,2
3217491,1
3219075,2
3260928,5
3233677,2
3240668,2
3222131,3
3255137,2
3231941,2
3251068,4
3229121,2
3246583,2
3253766,2
3243624,2
3248267,2
3219180,2
3229210,2
3255248,2
3262801,2
3243593,2
3248357,2
3258162,2
3236805,2
3254135,2
3240884,2
3236702,2
3260116,5
3254355,2
3257114,2
3259953,5
3263060,2
3258304,2
3248618,4
3249673,4
3255459,2
3261293,2
3238279,2
3257497,2
3245940,2
3257519,2
3261330,2
3238286,2
3260321,5
3258579,2
3251684,2
3261363,2
3263301,2
3263310,2
3258620,2
3254682,2
3231547,2
3263332,2
3252949,2
3255793,2
3251777,2
3261609,2
3251823,2
3248944,4
3221152,2
3247270,2
3218336,1
3261660,2
3251887,2
3248978,4
3260549,5
3261725,2
3231597,2
3261763,2
3254780,2
3247477,2
3246236,2
3244449,2
3251985,2
3264815,2
3257775,2
3253330,2
3250433,4
3244842,2
3252088,2
3218841,2
3241984,2
3256352,8
3263738,2
3256589,8
3263692,2
3247875,2
3253708,2
3242144,2
3260848,5
3224892,5
3230621,2
3245261,2
3253810,2
3260927,5
3226152,2
3262556,2
3220429,2
3243567,2
3259684,5
3249427,4
3234834,2
3265467,2
3258140,2
3251197,4
3246610,2
3251200,4
3263985,2
3263890,2
3248401,2
3262677,2
3230860,2
3220602,2
3254134,2
3265820,2
3254274,2
3261170,5
3248559,4
3219647,2
3246740,2
3257281,2
3262933,2
3248598,4
3232240,2
3266087,2
3240066,3
3257425,2
3258600,2
3257424,2
3260386,5
3260320,5
3246907,2
3255779,2
3249960,4
3254609,2
3263277,2
3263281,2
3238235,2
3255792,2
3241369,2
3221074,2
3258567,2
3250024,4
3226949,2
3261724,2
3258707,5
3250223,4
3249068,4
3220087,2
3264636,2
3260508,5
3257656,2
3247320,2
3244441,2
3264826,2
3247428,2
3261766,2
3240388,2
3237527,2
3233063,2
3264764,2
3246242,2
3256249,8
3231596,2
3241898,2
3247819,2
3262189,2
3262122,2
3264972,2
3253526,2
3250555,4
3239049,2
3239005,2
3237701,2
3265107,2
3256503,8
3253571,2
3250747,4
3262274,2
3262345,2
3262294,2
3240573,2
3266636,1
3229057,2
3242273,2
3255119,2
3223305,3
3245081,2
3260868,5
3266620,1
3263801,2
3237719,2
3266707,1
3255222,2
3243507,2
3266750,1
3258141,2
3243594,2
3225246,5
3265534,2
3248197,2
3258145,2
3261105,5
3229277,2
3229216,2
3245196,2
3248379,2
3255336,2
3262833,2
3245427,2
3226446,2
3233970,2
3246712,2
3266968,1
3245537,2
3254403,2
3254473,2
3243807,2
3266028,2
3263148,2
3245753,2
3248679,4
3234169,2
3242797,2
3245743,2
3241001,2
3232349,2
3260293,5
3228510,2
3261360,2
3260328,5
3220978,2
3258482,2
3260418,5
3254633,2
3264450,2
3240204,2
3248954,4
3255850,2
3250112,4
3264721,2
3261653,2
3253048,2
3266362,2
3256123,8
3243159,2
3266294,2
3244340,2
3241372,2
3263569,2
3254886,2
3247427,2
3263602,2
3244647,2
3235944,2
3249170,4
3266527,2
3250472,4
3260711,5
3265098,2
3253594,2
3265106,2
3256502,8
3230575,2
3262344,2
3256668,8
3263739,2
3249384,4
3247990,2
3266715,1
3257996,2
3263795,2
3230615,2
3266705,1
3223304,3
3233540,2
3233678,2
3234936,2
3266768,1
3233852,2
3263947,2
3248327,2
3248402,2
3259791,5
3243758,2
3251318,4
3232230,2
3266969,1
3257173,2
3226575,2
3260396,5
3267215,1
3260329,5
3229596,2
3254572,2
3234348,2
3264424,2
3267210,1
3263288,2
3269140,2
3248962,4
3261704,2
3261707,2
3267444,2
3264693,2
3238581,2
3267547,2
3264572,2
3247084,2
3240389,2
3266329,2
3267735,2
3267542,2
3267671,2
3263492,2
3220256,2
3267679,2
3260672,5
3246177,2
3264782,2
3234500,2
3250526,4
3250397,4
3250658,4
3260715,5
3265040,2
3236034,2
3264953,2
3264969,2
3240560,2
3255020,2
3267926,2
3247831,2
3260776,5
3218885,2
3227541,2
3246410,2
3266596,1
3246422,2
3236054,2
3253658,2
3234764,2
3250880,4
3256829,8
3244939,2
3217562,1
3268371,2
3265397,2
3242145,2
3231994,2
3268506,2
3262734,2
3256843,8
3217641,1
3263986,2
3252397,2
3265538,2
3268443,2
3248306,2
3239624,2
3258177,2
3257013,2
3269798,9
3251256,4
3249581,4
3265821,2
3249594,4
3261180,5
3255373,2
3252536,2
3266944,1
3242613,2
3252521,2
3255357,2
3268812,2
3260175,5
3264160,2
3258285,2
3268809,2
3266029,2
3242825,2
3263149,2
3261175,5
3231260,2
3252645,2
3257441,2
3232397,2
3269030,2
3248802,4
3266159,2
3261359,2
3270114,10
3245915,2
3240123,3
3260367,5
3266229,2
3248884,4
3238293,2
3263331,2
3254647,2
3254648,2
3261754,2
3264692,2
3238732,2
3231675,2
3267445,2
3269279,2
3253051,2
3224072,6
3251984,2
3264765,2
3244400,2
3264697,2
3256116,8
3234606,2
3261933,2
3267672,2
3247703,2
3261937,2
3241794,2
3265049,2
3270938,2
3230397,2
3228866,2
3267924,2
3264955,2
3265101,2
3269536,9
3270958,2
3268077,2
3236311,2
3245092,2
3233321,2
3268214,2
3269657,9
3262557,2
3246423,2
3236421,2
3269588,9
3268237,2
3258044,2
3268329,2
3229154,2
3258097,2
3223363,3
3245135,2
3261025,5
3236422,2
3248128,2
3268444,2
3258098,2
3265535,2
3263983,2
3271461,2
3252416,2
3231026,2
3269797,9
3245495,2
3254044,2
3246684,2
3268629,2
3268808,2
3258237,2
3240860,2
3265848,2
3258242,2
3235136,2
3254408,2
3260278,5
3249733,4
3264157,2
3254492,2
3234127,2
3252537,2
3252696,2
3266147,2
3254532,2
3261295,2
3260370,5
3264320,2
3254578,2
3267162,1
3241373,2
3264355,2
3271953,2
3243083,2
3243061,2
3266258,2
3260452,5
3238428,2
3264491,2
3247128,2
3269139,2
3263352,2
3257627,2
3257585,2
3266330,2
3253019,2
3258750,5
3266316,2
3255942,2
3266335,2
3249025,4
3269358,9
3266462,2
3270630,2
3264844,2
3267627,2
3249078,4
3263563,2
3272197,2
3267800,2
3269332,9
3246176,2
3230187,2
3256250,8
3237542,2
3238988,2
3238744,2
3250506,4
3254999,2
3252089,2
3247706,2
3225928,2
3247818,2
3267942,2
3267947,2
3242078,2
3270957,2
3269568,9
3269537,9
3249327,4
3236361,2
3237656,2
3268182,2
3259758,5
3272577,2
3269749,9
3242490,2
3243694,2
3234937,2
3272689,2
3236677,2
3258231,2
3254285,2
3252435,2
3233923,2
3271576,2
3237923,2
3258277,2
3243765,2
3272822,2
3257358,2
3245862,2
3263207,2
3254610,2
3270210,10
3260356,5
3267196,1
3255778,2
3271974,2
3267249,1
3266158,2
3258609,2
3269173,2
3273064,2
3241525,2
3264449,2
3251796,2
3270260,10
3254688,2
3261610,2
3267349,2
3257657,2
3261708,2
3270380,10
3257621,2
3267560,2
3272143,2
3270462,10
3261811,2
3270467,10
3221346,3
3246133,2
3269259,2
3270432,10
3270502,10
3269269,2
3221343,3
3261742,2
3257710,2
3247443,2
3267561,2
3267734,2
3272195,2
3263601,2
3270779,2
3241882,2
3270850,2
3249169,4
3270743,2
3257804,2
3261936,2
3267946,2
3264845,2
3259168,5
3249154,4
3270886,2
3264973,2
3247992,2
3260758,5
3272360,2
3231863,2
3263796,2
3272510,2
3269587,9
3242279,2
3242466,2
3266808,1
3266745,1
3259712,5
3258118,2
3243643,2
3248487,4
3246745,2
3220610,2
3263961,2
3271575,2
3257174,2
3262834,2
3228459,2
3261230,2
3246746,2
3260217,5
3271621,2
3262954,2
3268834,2
3274768,2
3272883,2
3264293,2
3260417,5
3258568,2
3271984,2
3246906,2
3258610,2
3272981,2
3263278,2
3273141,2
3274839,2
3270106,10
3260371,5
3267153,1
3266228,2
3246024,2
3249961,4
3266264,2
3272073,2
3251838,2
3264492,2
3260550,5
3266247,2
3248900,4
3274912,2
3243078,2
3255943,2
3270422,10
3258936,5
3241526,2
3257749,2
3243192,2
3272144,2
3241640,2
3264827,2
3264696,2
3240376,2
3270607,2
3263562,2
3273531,2
3267866,2
3270641,2
3262075,2
3220140,2
3264954,2
3269438,9
3241687,2
3262160,2
3267962,2
3267925,2
3266597,1
3262404,2
3270959,2
3237647,2
3272404,2
3247845,2
3271121,2
3253811,2
3274190,2
3266714,1
3233644,2
3272575,2
3268221,2
3226320,2
3217642,1
3258072,2
3272597,2
3268281,2
3225091,5
3233901,2
3256995,2
3268648,2
3262720,2
3258178,2
3271460,2
3236748,2
3274447,2
3263982,2
3257108,2
3274488,2
3272753,2
3274448,2
3257138,2
3245538,2
3255358,2
3254286,2
3220746,2
3255490,2
3272884,2
3261179,5
3243849,2
3254449,2
3271791,2
3258402,2
3225596,5
3272861,2
3219859,4
3252777,2
3243979,2
3260407,5
3248817,4
3274816,2
3275868,2
3244171,2
3274831,2
3271956,2
3271959,2
3260374,5
3273031,2
3267246,1
3266317,2
3248818,4
3255865,2
3274997,2
3261721,2
3261661,2
3254729,2
3246233,2
3270433,10
3258738,5
3273230,2
3264561,2
3240277,2
3273293,2
3275062,2
3257742,2
3275085,2
3261812,2
3253281,2
3267783,2
3266426,2
3267867,2
3275199,2
3256186,8
3275190,2
3256240,8
3273543,2
3250505,4
3267837,2
3275185,2
3266502,2
3273744,2
3273739,2
3267943,2
3254934,2
3276743,2
3253420,2
3262228,2
3265199,2
3247668,2
3253519,2
3268076,2
3270977,2
3227706,2
3268101,2
3271018,2
3260836,5
3262383,2
3273924,2
3229046,2
3271122,2
3262464,2
3242399,2
3266809,1
3254120,2
3275573,2
3258144,2
3252436,2
3229335,2
3272713,2
3239637,2
3260106,5
3271603,2
3232169,2
3263038,2
3219721,2
3261176,5
3277567,2
3249729,4
3264156,2
3225597,5
3260408,5
3266128,2
3264187,2
3272976,2
3252727,2
3254620,2
3249880,4
3266125,2
3264322,2
3220958,2
3261534,2
3274870,2
3270107,10
3267292,1
3247028,2
3266169,2
3276115,2
3276052,2
3276114,2
3235529,2
3277868,2
3274943,2
3276031,2
3235757,2
3273294,2
3217222,1
3267379,2
3231415,2
3270499,10
3277915,2
3263484,2
3275053,2
3276363,2
3241626,2
3246221,2
3276416,2
3235823,2
3237538,2
3241566,2
3246118,2
3235845,2
3273473,2
3270628,2
3269361,9
3228820,2
3266514,2
3239006,2
3263627,2
3275160,2
3275200,2
3253282,2
3262159,2
3272403,2
3247830,2
3230668,2
3230673,2
3269539,9
3272511,2
3276960,2
3275349,2
3255202,2
3276870,2
3233575,2
3249444,4
3263891,2
3246565,2
3262735,2
3255337,2
3274468,2
3246794,2
3245742,2
3238115,2
3254404,2
3228441,2
3239932,3
3277630,2
3277564,2
3263071,2
3245897,2
3237134,2
3277691,2
3272935,2
3252695,2
3246853,2
3261396,2
3272934,2
3266086,2
3275918,2
3267259,1
3257470,2
3260426,5
3274857,2
3273026,2
3266217,2
3277772,2
3273103,2
3272070,2
3277862,2
3274939,2
3247227,2
3269102,2
3273299,2
3274959,2
3270401,10
3272135,2
3260515,5
3273319,2
3250147,4
3269232,2
3240309,2
3272165,2
3274998,2
3267594,2
3257711,2
3270436,10
3275095,2
3258884,5
3276322,2
3246111,2
3251940,2
3264968,2
3256337,8
3276417,2
3278019,2
3275159,2
3278119,2
3275174,2
3278097,2
3279429,2
3273661,2
3247645,2
3270887,2
3250426,4
3244954,2
3255046,2
3242119,2
3278158,2
3279745,2
3260831,5
3276794,2
3246386,2
3278201,2
3273954,2
3236256,2
3233447,2
3277077,2
3275461,2
3272578,2
3226100,2
3278285,2
3272531,2
3256828,8
3263850,2
3255221,2
3253834,2
3266763,1
3248129,2
3277238,2
3261035,5
3277349,2
3264028,2
3280149,2
3265633,2
3268665,2
3272691,2
3275606,2
3266920,1
3271769,2
3268883,2
3232250,2
3274769,2
3245860,2
3246852,2
3269066,2
3264333,2
3266106,2
3280592,2
3260387,5
3266105,2
3269029,2
3273153,2
3277780,2
3275975,2
3273160,2
3278753,2
3269123,2
3257577,2
3278994,2
3276030,2
3250111,4
3261535,2
3278938,2
3274990,2
3277825,2
3278970,2
3269260,2
3272123,2
3247491,2
3266372,2
3277922,2
3270461,10
3234503,2
3232836,2
3275049,2
3275099,2
3278008,2
3276277,2
3241897,2
3279192,2
3263504,2
3279260,2
3266420,2
3237417,2
3272290,2
3279388,2
3278083,2
3269357,9
3278084,2
3276492,2
3259017,5
3266526,2
3270894,2
3236167,2
3266515,2
3278194,2
3281009,2
3262211,2
3231884,2
3228964,2
3240482,2
3273869,2
3259473,5
3278248,2
3273955,2
3250951,4
3279744,2
3237822,2
3271327,2
3255172,2
3265440,2
3255120,2
3281228,2
3271388,2
3271402,2
3281240,2
3271403,2
3243648,2
3272596,2
3252370,2
3248216,2
3258261,2
3263990,2
3269729,9
3222307,3
3277234,2
3277182,2
3257012,2
3236796,2
3278513,2
3252459,2
3274527,2
3246741,2
3271550,2
3272754,2
3268884,2
3275684,2
3245599,2
3228476,2
3228478,2
3267096,1
3252621,2
3255524,2
3249977,4
3277761,2
3240106,3
3267181,1
3246936,2
3270087,10
3267250,1
3280653,2
3275869,2
3255650,2
3255849,2
3279028,2
3240122,3
3267450,2
3278911,2
3241516,2
3273279,2
3273290,2
3269216,2
3251846,2
3250139,4
3260605,5
3280839,2
3235844,2
3280854,2
3270608,2
3275086,2
3257828,2
3254762,2
3275184,2
3276603,2
3282267,2
3282388,2
3282336,2
3255035,2
3279462,2
3234707,2
3276621,2
3254974,2
3281013,2
3271097,2
3279720,2
3252172,2
3278200,2
3268238,2
3265461,2
3268298,2
3258065,2
3272481,2
3277050,2
3263946,2
3243684,2
3239505,2
3236765,2
3232066,2
3266862,1
3233790,2
3245354,2
3271543,2
3277126,2
3275609,2
3278468,2
3269843,9
3243740,2
3235083,2
3223566,3
3254266,2
3239666,2
3280461,2
3243850,2
3271838,2
3280561,2
3260062,5
3251654,2
3244022,2
3261516,2
3249952,4
3267097,1
3277733,2
3281676,2
3275905,2
3270326,10
3279031,2
3276009,2
3267388,2
3277768,2
3281751,2
3277778,2
3280750,2
3274958,2
3263424,2
3266292,2
3277878,2
3277883,2
3278941,2
3255897,2
3240196,2
3276136,2
3281936,2
3253023,2
3253126,2
3280804,2
3260543,5
3258756,5
3223115,3
3257664,2
3273536,2
3282197,2
3272172,2
3270627,2
3225977,2
3270642,2
3279440,2
3282257,2
3270772,2
3282348,2
3266455,2
3257872,2
3278046,2
3282274,2
3278188,2
3250858,4
3262329,2
3269572,9
3253680,2
3250950,4
3265126,2
3259517,5
3270991,2
3266617,1
3269586,9
3224640,5
3236552,2
3248077,2
3281221,2
3269653,9
3281227,2
3282828,2
3249413,4
3232109,2
3272553,2
3272552,2
3249493,4
3268507,2
3268577,2
3255328,2
3257109,2
3223565,3
3259933,5
3272788,2
3269836,9
3261133,5
3277565,2
3275705,2
3232350,2
3280672,2
3257520,2
3275919,2
3272010,2
3281576,2
3264440,2
3264439,2
3243945,2
3240070,3
3269133,2
3258420,2
3281766,2
3278808,2
3269163,2
3281888,2
3276064,2
3222952,3
3258773,5
3267475,2
3283655,2
3266363,2
3276290,2
3280842,2
3276240,2
3273173,2
3251904,2
3283667,2
3276364,2
3283755,2
3282084,2
3267675,2
3276354,2
3280875,2
3269268,2
3279324,2
3238731,2
3282163,2
3256225,8
3272292,2
3282389,2
3273660,2
3280941,2
3254940,2
3282335,2
3283917,2
3281010,2
3281002,2
3283952,2
3278189,2
3238920,2
3246326,2
3263751,2
3263727,2
3269585,9
3248117,2
3250726,4
3278240,2
3285621,2
3248078,2
3282829,2
3227797,2
3269654,9
3256846,8
3284135,2
3281241,2
3259821,5
3251153,4
3268521,2
3271293,2
3272671,2
3253938,2
3284136,2
3282973,2
3259934,5
3266866,1
3280049,2
3284171,2
3283099,2
3278476,2
3232217,2
3246666,2
3265858,2
3274469,2
3280381,2
3268628,2
3268901,2
3257262,2
3277466,2
3260063,5
3264159,2
3245842,2
3283459,2
3220957,2
3284612,2
3278675,2
3280652,2
3248901,4
3260388,5
3235530,2
3266148,2
3240051,3
3244247,2
3266304,2
3258635,2
3221347,3
3271985,2
3270159,10
3278946,2
3272008,2
3280751,2
3280787,2
3277877,2
3261517,2
3284716,2
3274986,2
3281881,2
3280757,2
3286576,2
3276241,2
3282015,2
3275074,2
3263522,2
3258943,5
3234499,2
3275063,2
3280853,2
3241625,2
3285142,2
3243224,2
3246189,2
3277974,2
3275050,2
3282265,2
3282198,2
3285218,2
3266373,2
3285160,2
3257738,2
3285082,2
3260742,5
3275122,2
3275154,2
3278018,2
3266501,2
3237680,2
3266494,2
3272397,2
3271019,2
3237660,2
3275191,2
3259474,5
3276770,2
3241999,2
3286841,2
3259612,5
3266708,1
3269656,9
3230669,2
3279813,2
3286972,2
3231993,2
3233448,2
3233655,2
3265539,2
3251189,4
3256837,8
3245165,2
3248148,2
3252356,2
3265547,2
3251188,4
3262663,2
3269747,9
3258068,2
3283014,2
3243777,2
3284199,2
3271542,2
3252507,2
3269842,9
3266972,1
3225452,5
3275605,2
3239996,3
3261272,2
3283355,2
3248680,4
3262967,2
3254358,2
3260284,5
3268994,2
3254534,2
3281561,2
3271955,2
3286394,2
3277744,2
3287585,2
3242992,2
3281804,2
3275920,2
3279027,2
3278965,2
3280808,2
3247256,2
3276053,2
3286468,2
3276188,2
3277908,2
3276169,2
3273369,2
3276189,2
3256091,8
3281989,2
3284957,2
3279261,2
3282164,2
3264683,2
3282060,2
3285143,2
3286653,2
3273734,2
3273548,2
3241553,2
3264806,2
3272198,2
3282258,2
3285019,2
3279463,2
3240278,2
3224124,6
3279213,2
3286722,2
3286626,2
3247530,2
3244750,2
3275220,2
3249243,4
3282337,2
3275231,2
3269473,9
3286869,2
3276793,2
3270978,2
3285490,2
3286842,2
3276961,2
3277024,2
3253877,2
3271292,2
3240773,2
3266880,1
3271437,2
3253949,2
3286983,2
3259879,5
3272673,2
3266882,1
3287141,2
3287140,2
3286193,2
3258290,2
3289001,2
3265763,2
3258289,2
3254356,2
3283231,2
3255487,2
3260283,5
3280615,2
3281583,2
3284562,2
3264321,2
3289227,2
3280622,2
3278768,2
3284678,2
3271952,2
3286431,2
3286391,2
3274827,2
3274883,2
3287513,2
3274927,2
3286473,2
3260395,5
3286454,2
3286453,2
3283565,2
3267378,2
3271960,2
3248961,4
3253252,2
3275965,2
3283654,2
3272171,2
3274955,2
3270425,10
3270385,10
3289455,2
3267676,2
3287782,2
3275073,2
3278003,2
3286619,2
3284948,2
3286627,2
3272257,2
3277971,2
3267799,2
3273676,2
3285217,2
3286721,2
3241903,2
3254986,2
3272289,2
3286710,2
3273733,2
3220333,2
3234661,2
3272343,2
3285481,2
3224750,5
3267927,2
3257889,2
3271113,2
3285552,2
3282493,2
3255092,2
3286910,2
3252255,2
3269602,9
3259552,5
3282805,2
3271198,2
3287030,2
3226334,2
3261052,5
3242274,2
3285758,2
3280150,2
3266881,1
3268737,2
3268736,2
3255196,2
3278512,2
3274603,2
3288864,2
3265680,2
3281380,2
3246628,2
3260201,5
3288812,2
3258221,2
3252522,2
3275666,2
3257261,2
3280426,2
3280380,2
3289127,2
3289179,2
3254519,2
3266084,2
3289226,2
3283460,2
3274771,2
3281690,2
3289326,2
3240052,3
3271945,2
3280701,2
3275964,2
3276043,2
3281822,2
3277760,2
3278846,2
3290448,2
3287554,2
3284613,2
3278971,2
3284855,2
3281911,2
3283637,2
3283648,2
3273104,2
3250072,4
3224013,6
3282014,2
3229895,2
3260604,5
3272093,2
3272072,2
3287847,2
3244672,2
3289523,2
3276276,2
3290974,2
3287902,2
3288100,2
3283872,2
3270849,2
3291011,2
3272291,2
3260811,5
3278253,2
3260789,5
3233352,2
3253707,2
3242017,2
3273966,2
3260798,5
3223321,3
3285551,2
3260895,5
3268161,2
3229148,2
3281180,2
3269582,9
3285677,2
3288509,2
3268520,2
3258117,2
3285729,2
3282748,2
3269662,9
3249412,4
3219266,2
3288608,2
3250881,4
3259683,5
3259766,5
3271383,2
3287086,2
3284295,2
3263927,2
3288863,2
3259954,5
3277480,2
3262930,2
3229327,2
3287177,2
3277442,2
3262960,2
3266999,1
3252544,2
3283199,2
3274717,2
3283337,2
3262959,2
3286215,2
3292019,3
3243910,2
3289058,2
3268912,2
3283448,2
3274770,2
3278729,2
3289279,2
3290421,2
3273058,2
3278665,2
3278730,2
3266127,2
3281681,2
3277846,2
3269134,2
3270086,10
3289341,2
3284808,2
3284756,2
3277818,2
3271975,2
3244234,2
3289421,2
3290475,2
3289398,2
3286551,2
3289401,2
3286550,2
3284958,2
3284894,2
3277884,2
3254761,2
3283682,2
3289567,2
3287975,2
3290730,2
3279327,2
3288033,2
3289560,2
3289529,2
3279423,2
3250527,4
3290867,2
3246220,2
3285191,2
3290907,2
3269428,9
3290992,2
3290866,2
3270780,2
3278062,2
3282404,2
3246387,2
3263635,2
3283879,2
3246419,2
3237612,2
3265078,2
3259304,5
3269538,9
3269439,9
3279721,2
3283951,2
3281116,2
3263707,2
3256521,8
3256520,8
3289745,2
3237670,2
3252256,2
3217530,1
3283993,2
3256842,8
3282896,2
3288594,2
3243565,2
3258013,2
3246512,2
3259792,5
3289960,2
3271340,2
3291567,11
3283049,2
3275470,2
3265658,2
3287049,2
3291577,11
3274191,2
3254138,2
3278446,2
3284213,2
3269845,9
3281353,2
3291861,3
3290020,2
3287148,2
3239746,2
3280372,2
3272787,2
3291832,3
3260094,5
3285997,2
3249692,4
3277481,2
3272794,2
3290167,2
3271839,2
3280471,2
3274508,2
3255450,2
3260107,5
3249732,4
3252622,2
3283449,2
3283458,2
3289278,2
3290365,2
3252671,2
3292206,3
3290367,2
3289372,2
3283581,2
3287372,2
3290472,2
3287586,2
3289362,2
3292263,2
3240125,3
3293347,2
3284697,2
3277847,2
3286467,2
3284807,2
3274904,2
3290608,2
3287863,2
3267519,2
3289451,2
3263521,2
3246218,2
3292323,2
3292391,2
3217278,1
3287937,2
3287736,2
3282061,2
3273530,2
3244418,2
3237536,2
3282117,2
3289565,2
3288091,2
3293888,2
3289608,2
3293791,2
3281012,2
3294059,2
3275290,2
3281030,2
3288271,2
3260799,5
3292568,2
3246280,2
3289746,2
3294021,2
3262382,2
3289776,2
3289812,2
3232060,2
3278314,2
3255195,2
3266734,1
3253854,2
3272588,2
3266845,1
3251163,4
3275574,2
3269748,9
3287026,2
3284156,2
3274337,2
3278416,2
3261078,5
3294655,2
3284294,2
3291793,3
3291860,3
3284165,2
3285898,2
3277477,2
3286072,2
3290076,2
3248544,4
3265984,2
3258334,2
3274716,2
3287178,2
3262980,2
3293084,2
3278634,2
3249713,4
3266085,2
3238258,2
3277734,2
3284628,2
3277711,2
3273174,2
3284520,2
3275963,2
3275904,2
3295068,2
3266218,2
3287634,2
3284749,2
3292212,3
3289388,2
3293336,2
3284657,2
3292269,2
3237290,2
3289456,2
3232694,2
3273300,2
3290499,2
3289407,2
3283633,2
3293561,2
3293516,2
3290498,2
3275010,2
3292280,2
3286618,2
3290609,2
3292347,2
3287781,2
3230154,2
3289549,2
3244504,2
3289561,2
3292416,2
3279279,2
3279285,2
3289568,2
3223114,3
3282250,2
3273622,2
3254955,2
3269363,9
3295390,2
3236099,2
3290902,2
3294033,2
3228963,2
3233351,2
3260765,5
3253570,2
3294087,2
3279709,2
3282588,2
3282529,2
3286871,2
3244774,2
3266731,1
3272465,2
3294224,2
3276949,2
3280002,2
3284069,2
3225113,5
3285678,2
3277089,2
3280012,2
3288656,2
3286946,2
3288726,2
3281232,2
3271326,2
3232036,2
3277127,2
3265546,2
3285840,2
3249478,4
3283026,2
3284170,2
3269844,9
3284212,2
3291754,3
3275625,2
3234932,2
3281393,2
3294733,2
3292921,2
3283050,2
3255491,2
3252582,2
3280478,2
3294799,2
3275692,2
3262979,2
3254518,2
3287342,2
3293190,2
3278798,2
3286382,2
3286423,2
3266154,2
3293233,2
3293230,2
3293229,2
3293307,2
3273021,2
3287589,2
3278893,2
3290366,2
3280697,2
3289349,2
3295102,2
3293348,2
3280713,2
3279007,2
3289400,2
3260560,5
3284859,2
3293412,2
3277907,2
3287846,2
3289406,2
3279163,2
3280702,2
3295216,2
3280874,2
3293435,2
3290731,2
3260572,5
3280833,2
3279234,2
3295275,2
3287960,2
3296680,2
3273549,2
3270875,2
3290975,2
3285206,2
3263626,2
3263579,2
3279466,2
3236220,2
3296816,2
3269393,9
3249281,4
3245067,2
3259239,5
3262416,2
3289813,2
3291210,11
3262295,2
3292696,2
3275353,2
3253739,2
3291418,11
3225112,5
3291517,11
3286963,2
3289850,2
3245093,2
3286947,2
3294333,2
3294528,2
3294407,2
3275463,2
3286962,2
3251162,4
3272692,2
3259912,5
3285897,2
3287027,2
3283002,2
3284200,2
3295843,2
3295813,2
3294654,2
3274489,2
3297596,2
3274528,2
3234998,2
3288939,2
3294732,2
3294827,2
3275667,2
3266929,1
3258220,2
3295947,2
3238019,2
3272823,2
3264214,2
3280563,2
3228542,2
3286383,2
3296089,2
3290206,2
3284651,2
3287457,2
3296148,2
3292217,3
3292145,3
3295165,2
3283502,2
3287478,2
3269101,2
3264334,2
3295163,2
3292268,2
3290526,2
3298178,12
3281889,2
3267512,2
3274903,2
3296565,2
3277972,2
3275011,2
3296539,2
3296417,2
3276325,2
3269283,2
3226962,2
3278007,2
3228862,2
3221473,3
3279128,2
3293873,2
3289526,2
3253352,2
3289599,2
3252095,2
3269474,9
3269280,2
3280951,2
3279424,2
3289619,2
3272251,2
3288042,2
3290989,2
3255032,2
3288092,2
3291057,2
3292555,2
3292592,2
3295472,2
3292567,2
3294012,2
3298375,12
3221698,3
3286790,2
3240494,2
3298488,12
3247922,2
3288270,2
3294078,2
3275253,2
3288468,2
3273937,2
3298568,12
3250859,4
3262417,2
3265237,2
3292695,2
3284031,2
3292725,2
3271199,2
3265289,2
3272542,2
3276948,2
3295625,2
3286971,2
3288510,2
3292786,2
3295681,2
3245379,2
3229295,2
3282897,2
3258112,2
3278477,2
3261014,5
3295834,2
3295734,2
3285835,2
3258120,2
3291738,3
3292877,2
3294661,2
3252460,2
3281394,2
3294769,2
3286023,2
3266998,1
3284266,2
3292934,2
3288971,2
3248338,2
3295848,2
3283356,2
3290124,2
3263037,2
3283377,2
3277532,2
3261273,2
3295017,2
3278666,2
3271902,2
3290330,2
3280612,2
3299058,12
3297999,2
3286412,2
3296210,2
3292148,3
3232534,2
3267216,1
3281799,2
3286419,2
3284629,2
3241259,2
3298063,2
3292211,3
3296278,2
3246132,2
3286555,2
3257557,2
3263382,2
3298130,12
3258839,5
3296338,2
3296472,2
3293515,2
3269211,2
3235668,2
3292344,2
3296603,2
3280807,2
3287770,2
3263423,2
3272159,2
3254767,2
3293494,2
3293562,2
3292448,2
3280923,2
3269364,9
3233083,2
3282031,2
3275037,2
3293747,2
3272270,2
3247844,2
3286725,2
3268027,2
3292556,2
3291151,11
3293860,2
3286794,2
3294168,2
3294171,2
3265077,2
3295544,2
3285391,2
3292723,2
3292690,2
3233616,2
3298530,12
3246513,2
3282680,2
3300189,2
3297313,2
3292782,2
3300173,2
3271431,2
3288725,2
3298603,12
3279958,2
3292732,2
3277088,2
3222297,3
3295788,2
3295770,2
3298691,12
3295872,2
3277434,2
3280373,2
3241000,2
3271699,2
3290201,2
3297941,2
3267100,1
3286424,2
3281636,2
3296105,2
3273020,2
3297965,2
3297968,2
3296209,2
3258634,2
3298062,2
3286456,2
3258621,2
3278960,2
3298020,2
3257541,2
3280696,2
3279008,2
3290606,2
3290555,2
3298153,12
3274938,2
3295217,2
3299383,12
3298116,12
3266280,2
3264621,2
3260542,5
3299384,12
3287914,2
3273183,2
3256066,8
3282118,2
3298170,12
3273498,2
3284982,2
3275038,2
3292415,2
3263610,2
3249127,4
3299673,2
3251941,2
3293746,2
3270643,2
3273418,2
3299667,2
3299672,2
3282425,2
3282349,2
3247715,2
3230215,2
3260788,5
3295501,2
3291024,2
3263636,2
3299762,2
3292578,2
3278159,2
3299800,2
3268183,2
3224468,5
3298402,12
3273818,2
3291211,11
3301305,2
3265097,2
3245134,2
3281091,2
3289849,2
3298529,12
3266665,1
3291203,11
3260896,5
3288505,2
3297312,2
3298616,12
3272621,2
3297440,2
3288735,2
3300350,2
3291583,11
3285802,2
3256847,8
3297507,2
3300334,2
3285958,2
3291748,3
3287059,2
3288754,2
3284152,2
3300511,2
3295836,2
3281358,2
3278403,2
3284276,2
3238116,2
3278491,2
3287232,2
3286091,2
3298870,12
3260277,5
3272851,2
3286214,2
3277557,2
3255558,2
3275814,2
3274840,2
3263300,2
3299075,12
3295050,2
3297998,2
3300874,2
3287456,2
3299074,12
3278959,2
3300906,2
3302088,2
3295164,2
3299142,12
3248955,4
3284663,2
3299129,12
3302168,2
3302102,2
3280621,2
3283673,2
3296279,2
3296316,2
3277861,2
3301029,2
3301074,2
3287839,2
3293608,2
3290763,2
3298228,12
3296462,2
3295353,2
3264872,2
3286669,2
3296608,2
3277984,2
3273630,2
3299684,2
3295380,2
3272344,2
3288121,2
3299840,2
3301287,2
3298475,12
3262166,2
3253635,2
3269559,9
3276881,2
3299817,2
3282787,2
3291207,11
3268100,2
3294345,2
3263849,2
3289941,2
3301423,2
3292797,2
3268489,2
3265466,2
3292878,2
3297447,2
3303187,13
3298776,12
3266844,1
3271698,2
3298838,12
3293101,2
3260253,5
3289059,2
3295049,2
3295088,2
3301945,2
3281637,2
3254689,2
3296213,2
3278799,2
3284563,2
3292218,3
3299077,12
3299165,12
3272025,2
3300899,2
3293314,2
3278894,2
3302131,2
3302060,2
3301011,2
3302103,2
3302169,2
3290593,2
3300940,2
3296479,2
3292289,2
3290607,2
3286559,2
3275043,2
3295188,2
3284796,2
3286517,2
3267628,2
3270347,10
3289532,2
3293865,2
3293691,2
3269385,9
3295444,2
3290982,2
3302639,2
3299716,2
3262165,2
3223205,3
3301295,2
3270737,2
3285288,2
3286856,2
3301327,2
3289698,2
3276882,2
3285455,2
3260884,5
3292722,2
3279961,2
3294240,2
3301429,2
3266749,1
3284030,2
3234914,2
3251133,4
3288639,2
3266769,1
3300227,2
3297391,2
3272672,2
3227707,2
3289923,2
3292781,2
3262721,2
3303098,13
3295765,2
3271264,2
3303186,13
3278382,2
3301613,2
3300335,2
3303306,13
3298667,12
3286090,2
3291838,3
3256994,2
3271604,2
3292959,2
3278492,2
3301720,2
3303569,2
3304632,2
3249683,4
3289178,2
3298888,12
3283338,2
3289170,2
3300862,2
3281575,2
3261397,2
3293211,2
3283477,2
3297969,2
3303867,2
3299100,12
3287488,2
3275966,2
3305042,2
3287543,2
3302101,2
3293367,2
3301080,2
3302283,2
3228825,2
3304030,2
3293424,2
3295263,2
3259018,5
3298229,12
3283780,2
3301117,2
3229968,2
3296540,2
3299715,2
3293785,2
3262021,2
3299574,2
3285287,2
3295424,2
3278066,2
3296928,2
3270742,2
3298395,12
3296982,2
3292579,2
3301286,2
3298445,12
3285464,2
3299799,2
3286781,2
3279784,2
3245057,2
3281090,2
3269493,9
3305730,2
3298510,12
3270960,2
3265301,2
3297150,2
3226165,2
3300193,2
3300192,2
3269601,9
3278415,2
3301558,2
3263792,2
3277235,2
3304438,2
3294483,2
3275523,2
3295739,2
3297439,2
3303317,13
3255369,2
3295787,2
3288746,2
3275527,2
3265762,2
3269824,9
3292902,2
3300401,2
3284186,2
3266879,1
3225282,5
3285957,2
3303328,13
3300586,2
3298828,12
3297654,2
3303541,2
3286073,2
3252442,2
3300532,2
3266930,1
3300614,2
3294943,2
3290202,2
3275706,2
3295944,2
3293045,2
3265985,2
3277566,2
3284313,2
3303601,2
3291979,3
3275730,2
3271842,2
3295946,2
3286262,2
3284403,2
3263199,2
3297964,2
3304800,2
3306615,2
3277710,2
3296098,2
3293335,2
3302059,2
3293244,2
3287530,2
3296313,2
3296385,2
3298038,2
3300976,2
3289366,2
3304995,2
3305003,2
3292303,2
3296337,2
3260379,5
3302231,2
3296372,2
3305004,2
3249995,4
3301030,2
3287769,2
3304031,2
3306882,2
3301115,2
3304048,2
3293690,2
3277983,2
3287915,2
3287844,2
3246190,2
3305286,2
3301151,2
3249128,4
3283774,2
3280981,2
3275173,2
3307002,2
3289609,2
3282422,2
3279433,2
3282235,2
3281048,2
3304235,2
3267980,2
3279441,2
3265152,2
3262328,2
3271114,2
3294172,2
3266619,1
3268047,2
3283953,2
3302830,13
3301424,2
3281195,2
3219076,2
3242280,2
3265430,2
3278381,2
3292753,2
3304379,2
3294344,2
3281220,2
3288535,2
3269709,9
3268330,2
3222021,3
3294352,2
3295626,2
3306017,2
3269763,9
3271389,2
3306112,2
3282974,2
3222022,3
3306007,2
3294502,2
3300521,2
3291739,3
3306183,2
3307345,2
3301559,2
3291717,3
3298702,12
3272568,2
3300426,2
3297612,2
3288906,2
3297501,2
3288938,2
3258260,2
3303600,2
3287133,2
3291779,3
3220717,2
3293016,2
3228330,7
3293044,2
3290148,2
3292018,3
3293085,2
3255514,2
3257442,2
3237133,2
3287343,2
3290231,2
3290205,2
3304765,2
3301946,2
3263216,2
3231414,2
3286417,2
3283499,2
3299176,12
3298021,2
3281910,2
3304892,2
3296152,2
3305050,2
3307973,2
3293565,2
3299278,12
3292264,2
3289427,2
3289521,2
3301116,2
3280806,2
3302339,2
3302340,2
3299368,12
3293675,2
3305361,2
3298269,12
3301119,2
3299638,2
3267736,2
3279405,2
3217340,1
3295394,2
3302573,2
3308398,2
3302649,2
3276604,2
3289699,2
3286789,2
3302735,13
3302831,13
3304219,2
3268046,2
3294089,2
3308665,2
3291362,11
3302803,13
3307118,2
3292624,2
3294167,2
3307158,2
3249326,4
3240620,2
3288506,2
3297173,2
3303006,13
3285622,2
3300064,2
3303097,13
3300226,2
3261024,5
3292837,2
3304439,2
3226206,2
3259878,5
3289943,2
3304423,2
3307326,2
3294660,2
3283003,2
3239387,2
3298656,12
3303358,13
3309175,2
3238083,2
3283196,2
3295877,2
3298735,12
3292983,2
3309186,2
3295842,2
3289046,2
3289047,2
3307517,2
3307539,2
3272850,2
3304686,2
3272841,2
3303614,2
3298889,12
3304770,2
3292144,3
3306632,2
3287421,2
3292207,3
3300932,2
3309548,2
3304957,2
3260366,5
3297974,2
3270259,10
3303825,2
3290311,2
3292271,2
3306788,2
3304978,2
3303847,2
3296371,2
3279033,2
3307933,2
3305110,2
3306789,2
3284769,2
3270386,10
3284650,2
3299297,12
3287936,2
3263450,2
3296463,2
3269174,2
3305151,2
3296566,2
3302370,2
3264805,2
3304107,2
3287980,2
3309906,2
3302435,2
3266472,2
3296927,2
3302552,2
3259418,5
3307062,2
3309965,2
3283918,2
3307056,2
3294034,2
3307067,2
3307068,2
3301343,2
3299761,2
3231844,2
3295545,2
3291263,11
3272503,2
3242131,2
3302876,13
3283994,2
3263788,2
3275350,2
3307190,2
3302985,13
3308839,2
3247857,2
3282747,2
3307229,2
3254121,2
3265632,2
3274336,2
3303117,13
3306100,2
3307297,2
3297448,2
3294464,2
3307333,2
3307343,2
3309090,2
3265849,2
3300349,2
3309245,2
3309246,2
3262875,2
3283230,2
3263059,2
3260150,5
3300587,2
3225247,5
3265939,2
3309317,2
3307518,2
3309378,2
3232251,2
3310397,2
3290123,2
3295957,2
3268926,2
3280440,2
3241019,2
3289171,2
3280528,2
3228440,2
3228455,2
3278658,2
3255628,2
3263198,2
3303822,2
3304808,2
3274828,2
3267200,1
3297975,2
3278839,2
3307899,2
3310637,2
3304838,2
3309670,2
3298014,2
3303854,2
3307898,2
3307770,2
3300975,2
3302150,2
3300944,2
3289367,2
3309646,2
3284656,2
3307862,2
3289320,2
3255818,2
3263449,2
3310867,2
3303931,2
3301111,2
3309794,2
3305164,2
3309769,2
3270629,2
3290624,2
3220089,2
3309868,2
3308203,2
3308269,2
3301161,2
3299653,2
3250507,4
3299775,2
3307061,2
3244749,2
3283899,2
3269427,9
3308574,2
3282266,2
3302745,13
3304210,2
3302760,13
3301344,2
3310065,2
3311534,2
3234687,2
3305508,2
3304266,2
3308627,2
3271044,2
3252162,2
3305822,2
3300115,2
3277025,2
3302986,13
3304352,2
3308927,2
3306016,2
3305895,2
3284035,2
3303147,13
3308885,2
3307318,2
3294465,2
3309020,2
3307287,2
3278402,2
3261115,5
3272574,2
3262676,2
3306147,2
3237913,2
3297583,2
3235045,2
3284289,2
3309091,2
3269868,9
3297506,2
3304508,2
3217936,1
3283021,2
3297784,2
3303534,2
3239638,2
3300600,2
3306246,2
3295849,2
3284277,2
3309368,2
3294908,2
3226490,2
3301813,2
3307540,2
3304685,2
3309525,2
3241260,2
3240086,3
3301904,2
3287470,2
3267209,1
3304863,2
3295107,2
3310642,2
3310641,2
3309565,2
3287487,2
3307790,2
3304839,2
3299059,12
3299139,12
3312493,2
3309652,2
3266281,2
3309703,2
3307969,2
3305035,2
3292360,2
3295244,2
3303976,2
3308105,2
3292345,2
3299492,2
3308195,2
3302281,2
3254728,2
3218540,1
3299566,2
3304078,2
3306885,2
3302430,2
3299655,2
3286709,2
3312750,2
3308349,2
3295474,2
3292481,2
3273621,2
3291037,2
3308554,2
3304203,2
3311376,2
3273817,2
3282421,2
3310017,2
3291016,2
3267979,2
3309998,2
3269481,9
3307138,2
3297068,2
3265238,2
3269516,9
3265255,2
3301430,2
3311803,2
3278254,2
3307244,2
3305959,2
3297299,2
3226299,2
3276941,2
3265679,2
3289942,2
3282895,2
3245442,2
3309129,2
3295733,2
3307357,2
3266982,1
3310322,2
3303305,13
3291760,3
3295754,2
3245588,2
3307398,2
3300545,2
3306247,2
3312127,2
3288927,2
3313248,2
3310356,2
3307470,2
3262863,2
3293036,2
3310401,2
3300615,2
3294798,2
3307532,2
3293009,2
3313391,5
3294942,2
3303785,2
3309564,2
3303804,2
3296076,2
3306659,2
3309547,2
3312425,2
3280564,2
3306678,2
3293212,2
3303855,2
3292168,3
3251734,2
3310791,2
3272011,2
3304996,2
3307932,2
3307873,2
3312588,2
3312635,2
3261582,2
3307966,2
3269284,2
3308132,2
3256071,8
3279284,2
3287799,2
3309914,2
3267886,2
3302452,2
3292439,2
3298305,12
3291048,2
3278148,2
3253419,2
3302643,2
3309920,2
3263589,2
3263590,2
3314174,6
3250659,4
3282249,2
3299776,2
3267887,2
3302761,13
3293910,2
3296853,2
3263760,2
3302769,13
3288221,2
3286829,2
3308607,2
3281063,2
3312888,2
3299901,2
3298484,12
3302905,13
3279812,2
3304342,2
3276869,2
3307170,2
3286882,2
3304349,2
3224829,5
3307212,2
3282894,2
3311607,2
3295643,2
3261051,5
3304353,2
3313030,2
3301480,2
3304380,2
3245355,2
3277183,2
3309042,2
3252441,2
3300427,2
3291582,11
3306006,2
3310292,2
3313138,2
3313219,2
3295724,2
3258286,2
3312065,2
3313229,2
3292920,2
3303349,13
3293037,2
3309223,2
3309164,2
3284281,2
3298775,12
3293041,2
3294922,2
3310396,2
3301672,2
3293015,2
3272842,2
3298792,12
3290091,2
3284384,2
3281512,2
3252619,2
3312434,2
3315340,2
3313411,5
3299076,12
3286413,2
3295125,2
3302087,2
3289319,2
3276065,2
3303803,2
3275849,2
3315397,2
3298017,2
3313599,5
3279050,2
3296442,2
3313768,6
3264616,2
3312647,2
3312582,2
3303912,2
3298177,12
3258747,5
3312563,2
3263351,2
3299367,12
3315482,2
3290659,2
3308202,2
3272136,2
3315598,2
3286567,2
3303965,2
3313903,6
3315679,2
3301184,2
3309836,2
3275169,2
3282026,2
3314113,6
3309907,2
3289548,2
3301328,2
3261980,2
3307042,2
3308469,2
3308422,2
3272252,2
3293872,2
3263728,2
3306985,2
3294088,2
3224510,5
3291047,2
3296823,2
3312914,2
3270937,2
3312918,2
3282530,2
3302877,13
3315865,2
3294094,2
3291133,11
3241948,2
3272450,2
3263708,2
3297011,2
3314671,6
3263865,2
3231942,2
3301481,2
3297390,2
3298497,12
3305958,2
3310186,2
3265300,2
3281145,2
3245418,2
3294445,2
3242342,2
3307332,2
3316022,2
3240769,2
3309032,2
3311934,2
3316045,2
3314873,6
3309011,2
3313105,2
3295873,2
3303301,13
3312040,2
3313186,2
3287057,2
3307335,2
3306201,2
3312013,2
3275561,2
3300531,2
3277273,2
3309206,2
3316234,2
3314982,2
3272780,2
3315134,2
3312165,2
3290100,2
3293032,2
3280462,2
3294921,2
3310515,2
3280570,2
3315341,2
3298915,12
3313455,5
3277724,2
3310525,2
3316451,2
3307809,2
3296077,2
3315359,2
3315396,2
3254621,2
3295076,2
3313623,5
3296355,2
3287553,2
3313652,5
3313610,5
3306689,2
3304919,2
3282027,2
3299335,12
3258767,5
3273142,2
3313803,6
3313936,6
3287592,2
3306813,2
3306781,2
3315481,2
3309765,2
3275042,2
3308251,2
3298179,12
3285085,2
3306824,2
3299593,2
3299573,2
3258942,5
3306831,2
3311057,2
3237315,2
3305410,2
3311153,2
3314127,6
3296757,2
3275168,2
3292440,2
3314194,6
3314080,6
3293973,2
3291038,2
3311361,2
3276631,2
3315768,2
3296711,2
3237648,2
3296910,2
3285198,2
3288095,2
3301333,2
3314359,6
3314382,6
3305671,2
3317255,14
3311501,2
3293903,2
3296981,2
3226166,2
3266635,1
3265236,2
3301462,2
3298487,12
3242130,2
3286855,2
3307230,2
3281138,2
3311608,2
3292787,2
3314793,6
3314670,6
3307211,2
3310236,2
3282991,2
3291566,11
3309021,2
3298668,12
3295835,2
3303302,13
3307286,2
3317837,14
3307378,2
3314815,6
3316175,2
3283234,2
3316138,2
3312041,2
3303496,2
3316168,2
3314973,2
3258161,2
3315156,2
3262913,2
3301721,2
3294768,2
3316235,2
3291958,3
3307566,2
3307577,2
3278619,2
3275685,2
3294907,2
3243878,2
3303739,2
3313409,5
3277690,2
3268996,2
3300900,2
3303786,2
3287471,2
3296319,2
3304847,2
3300945,2
3312521,2
3274926,2
3301951,2
3312560,2
3310811,2
3316638,2
3292272,2
3309630,2
3301039,2
3307972,2
3316728,2
3280714,2
3295267,2
3273368,2
3298160,12
3286577,2
3298140,12
3295262,2
3306805,2
3311174,2
3287862,2
3315629,2
3302377,2
3315584,2
3309862,2
3311058,2
3302481,2
3306922,2
3296799,2
3298279,12
3309956,2
3295344,2
3311308,2
3308348,2
3315734,2
3309964,2
3307043,2
3305557,2
3304251,2
3308573,2
3312851,2
3298483,12
3253565,2
3297061,2
3294239,2
3271148,2
3260830,5
3242129,2
3297127,2
3318828,2
3272464,2
3304343,2
3311768,2
3310152,2
3277042,2
3295648,2
3266704,1
3301563,2
3242400,2
3308856,2
3310285,2
3263926,2
3295755,2
3287002,2
3288640,2
3245293,2
3319055,2
3316142,2
3316137,2
3275521,2
3307364,2
3317821,14
3254236,2
3300583,2
3284282,2
3307457,2
3307497,2
3254450,2
3288940,2
3315155,2
3243909,2
3316285,2
3284383,2
3267063,1
3286263,2
3243879,2
3293113,2
3292150,3
3309542,2
3274882,2
3280584,2
3272885,2
3319320,2
3313437,5
3318327,2
3296151,2
3296088,2
3307693,2
3313454,5
3318233,2
3300933,2
3313517,5
3304937,2
3309591,2
3307874,2
3310752,2
3244240,2
3310794,2
3315455,2
3267389,2
3301061,2
3313868,6
3305043,2
3305051,2
3304920,2
3316855,14
3315591,2
3318421,2
3301110,2
3318454,2
3302307,2
3296534,2
3285124,2
3287858,2
3316886,14
3318621,2
3319852,15
3312735,2
3318590,2
3305423,2
3262022,2
3289648,2
3218690,2
3235975,2
3285125,2
3221677,3
3311240,2
3301221,2
3301294,2
3302640,2
3314240,6
3318751,2
3317288,14
3283916,2
3292604,2
3305793,2
3308721,2
3315842,2
3222088,3
3312961,2
3311935,2
3308791,2
3310108,2
3297286,2
3320380,2
3310204,2
3318912,2
3307251,2
3284166,2
3314831,6
3231927,2
3314639,6
3316023,2
3318984,2
3232061,2
3317692,14
3223364,3
3320752,2
3285998,2
3281354,2
3318991,2
3309165,2
3313142,2
3307358,2
3312064,2
3306200,2
3300601,2
3309377,2
3312207,2
3255392,2
3307533,2
3269835,9
3278494,2
3307502,2
3307547,2
3310499,2
3318141,2
3310516,2
3287290,2
3298933,12
3315348,2
3281564,2
3267239,1
3298956,12
3313543,5
3304854,2
3296099,2
3287399,2
3306644,2
3318256,2
3274826,2
3295075,2
3300875,2
3302038,2
3312527,2
3310902,2
3312581,2
3315462,2
3312602,2
3312550,2
3298121,12
3306825,2
3303985,2
3312648,2
3316715,2
3309764,2
3301079,2
3316745,2
3290760,2
3232902,2
3276389,2
3227268,2
3318582,2
3289569,2
3292390,2
3318627,2
3234662,2
3315685,2
3312816,2
3307057,2
3257888,2
3289656,2
3289763,2
3312964,2
3286793,2
3315809,2
3282643,2
3278284,2
3320313,2
3269620,9
3314539,6
3268380,2
3237730,2
3240639,2
3292675,2
3300021,2
3316035,2
3282922,2
3319040,2
3309071,2
3317731,14
3310273,2
3313228,2
3283054,2
3245219,2
3307439,2
3312087,2
3316163,2
3275626,2
3268542,2
3240792,2
3318102,2
3313351,5
3246836,2
3309367,2
3264138,2
3265759,2
3260254,5
3313392,5
3318114,2
3278635,2
3292198,3
3307613,2
3296115,2
3277769,2
3316470,2
3310790,2
3309612,2
3319484,2
3319364,2
3310763,2
3309604,2
3307948,2
3322366,2
3310812,2
3312545,2
3228730,2
3295274,2
3319798,15
3319797,15
3296443,2
3287903,2
3318552,2
3287838,2
3319906,15
3315678,2
3309897,2
3311229,2
3321527,2
3320038,15
3318561,2
3299666,2
3304093,2
3318581,2
3312754,2
3295425,2
3285199,2
3319958,15
3314063,6
3302624,2
3283898,2
3315751,2
3312875,2
3294001,2
3314347,6
3273629,2
3295475,2
3292605,2
3294209,2
3299961,2
3310139,2
3318809,2
3263789,2
3317479,14
3308720,2
3298552,12
3285759,2
3321802,2
3315977,2
3315887,2
3295680,2
3323519,2
3315994,2
3303192,13
3314704,6
3318933,2
3316044,2
3281217,2
3313143,2
3320655,2
3303118,13
3289996,2
3308978,2
3287031,2
3309128,2
3298690,12
3307363,2
3314858,6
3313187,2
3314983,2
3272712,2
3303495,2
3313288,2
3312126,2
3294992,2
3294959,2
3295987,2
3292106,3
3318269,2
3319319,2
3321224,2
3321216,2
3315407,2
3321242,2
3304846,2
3321193,2
3304801,2
3307769,2
3300931,2
3312528,2
3309657,2
3287705,2
3322367,2
3315459,2
3305056,2
3302132,2
3322439,2
3313921,6
3316706,2
3298122,12
3302334,2
3313824,6
3289450,2
3318479,2
3316784,2
3318518,2
3306840,2
3299476,2
3319893,15
3319774,15
3319976,15
3256072,8
3315637,2
3310962,2
3296722,2
3324409,2
3266419,2
3311228,2
3293951,2
3247637,2
3299683,2
3276622,2
3314336,6
3307018,2
3318756,2
3317181,14
3312865,2
3320280,2
3288557,2
3304236,2
3317411,14
3323176,2
3317438,14
3317440,14
3307243,2
3286881,2
3278315,2
3318932,2
3289944,2
3314677,6
3308994,2
3308926,2
3304428,2
3297128,2
3321867,2
3311889,2
3318992,2
3314794,6
3323529,2
3313104,2
3321868,2
3316007,2
3309187,2
3321888,2
3313291,2
3319102,2
3317877,14
3324781,2
3300389,2
3317822,14
3303514,2
3220707,2
3313376,5
3322133,2
3307562,2
3288972,2
3300790,2
3261171,5
3307524,2
3295945,2
3309475,2
3268995,2
3315369,2
3316450,2
3318276,2
3301815,2
3315309,2
3321243,2
3321217,2
3322238,2
3303817,2
3322383,2
3277743,2
3232702,2
3324121,2
3325337,2
3319511,2
3318442,2
3302149,2
3295194,2
3325447,2
3300964,2
3321371,2
3289327,2
3321369,2
3287593,2
3302393,2
3325407,2
3318476,2
3284968,2
3287845,2
3299483,2
3286676,2
3313993,6
3313998,6
3324304,2
3318555,2
3318556,2
3319851,15
3284967,2
3278096,2
3314114,6
3309867,2
3321497,2
3324404,2
3311179,2
3294022,2
3324375,2
3321536,2
3296629,2
3320046,15
3317067,14
3292591,2
3306934,2
3312909,2
3324535,2
3314346,6
3311435,2
3324502,2
3318684,2
3306991,2
3260714,5
3315783,2
3278179,2
3227432,2
3318795,2
3324633,2
3298535,12
3324667,2
3323177,2
3317439,14
3318860,2
3253853,2
3310140,2
3310183,2
3281196,2
3305988,2
3297129,2
3301564,2
3317753,14
3235084,2
3313139,2
3219139,2
3320642,2
3224893,5
3326373,2
3255207,2
3314857,6
3300390,2
3297578,2
3318983,2
3320850,2
3284314,2
3311988,2
3322007,2
3303533,2
3324901,2
3277435,2
3271790,2
3324913,2
3303689,2
3303568,2
3322094,2
3277662,2
3277661,2
3298916,12
3229483,2
3301894,2
3313502,5
3325026,2
3299053,12
3307614,2
3316463,2
3307694,2
3303824,2
3319343,2
3325304,2
3315372,2
3322409,2
3313609,5
3278786,2
3313600,5
3316514,2
3310879,2
3316681,2
3325336,2
3321290,2
3318443,2
3319704,15
3318478,2
3312551,2
3313823,6
3318393,2
3302261,2
3321360,2
3321331,2
3315583,2
3318416,2
3292332,2
3277869,2
3299364,12
3315592,2
3321406,2
3327167,2
3325516,2
3325660,2
3318579,2
3325608,2
3317012,14
3319745,15
3318509,2
3260648,5
3311137,2
3305394,2
3324368,2
3322820,2
3327346,2
3327351,2
3279406,2
3321544,2
3318738,2
3252065,2
3278169,2
3324532,2
3308628,2
3317172,14
3312887,2
3318798,2
3288278,2
3302734,13
3324577,2
3307162,2
3300041,2
3307139,2
3272350,2
3320379,2
3324634,2
3317480,14
3245037,2
3284025,2
3298534,12
3318863,2
3279785,2
3326135,2
3311660,2
3326178,2
3317506,14
3297285,2
3310151,2
3311769,2
3300182,2
3288655,2
3281296,2
3285699,2
3327669,2
3313091,2
3271436,2
3320636,2
3321960,2
3314816,6
3300348,2
3313164,2
3310284,2
3318962,2
3323520,2
3324888,2
3257280,2
3310351,2
3300522,2
3322025,2
3319022,2
3307438,2
3318055,2
3309224,2
3294840,2
3301763,2
3268833,2
3258303,2
3278657,2
3319090,2
3297921,2
3238096,2
3301814,2
3313436,5
3319302,2
3267199,1
3326975,2
3322323,2
3322161,2
3326999,2
3321358,2
3313804,6
3322418,2
3312566,2
3303904,2
3327084,2
3318404,2
3313624,5
3298108,12
3298080,12
3303857,2
3318474,2
3318449,2
3289530,2
3234631,2
3284737,2
3309798,2
3327153,2
3319658,15
3289514,2
3327256,2
3309826,2
3319834,15
3324394,2
3309795,2
3316913,14
3301085,2
3293784,2
3298278,12
3314153,6
3299527,2
3306935,2
3293790,2
3320002,15
3320001,15
3309957,2
3294000,2
3280982,2
3320053,15
3298349,12
3302571,2
3327381,2
3324460,2
3260759,5
3307017,2
3325938,2
3327406,2
3325758,2
3327339,2
3315775,2
3279553,2
3310016,2
3312852,2
3321671,2
3327414,2
3315784,2
3249250,4
3325998,2
3317312,14
3250568,4
3311560,2
3326134,2
3321736,2
3315881,2
3279811,2
3265390,2
3263791,2
3281139,2
3266666,1
3285728,2
3281231,2
3294324,2
3318910,2
3229149,2
3320641,2
3324692,2
3240859,2
3326326,2
3317693,14
3292766,2
3291749,3
3324736,2
3320808,2
3327670,2
3283053,2
3300379,2
3226315,2
3275415,2
3324793,2
3274331,2
3287058,2
3329514,2
3323862,2
3306182,2
3298772,12
3316162,2
3327803,2
3310374,2
3322043,2
3319129,2
3289126,2
3277465,2
3240021,3
3310643,2
3312454,2
3327946,2
3313410,5
3325075,2
3316458,2
3284521,2
3325268,2
3326970,2
3326976,2
3296312,2
3324099,2
3322489,2
3307957,2
3318367,2
3322408,2
3318408,2
3319452,2
3325292,2
3324110,2
3306633,2
3324184,2
3312603,2
3324185,2
3324122,2
3328217,16
3322565,2
3325376,2
3310738,2
3318324,2
3321370,2
3328286,16
3298204,12
3328313,16
3231712,2
3328555,16
3316779,2
3310998,2
3313920,6
3325548,2
3228819,2
3302369,2
3325738,2
3328554,16
3325737,2
3322931,2
3328643,16
3224478,5
3314339,6
3320164,2
3317180,14
3305572,2
3321623,2
3252236,2
3246371,2
3310040,2
3291361,11
3329019,16
3237654,2
3329018,16
3318750,2
3318827,2
3261009,5
3300148,2
3329094,16
3313061,2
3305890,2
3280003,2
3326277,2
3308656,2
3308838,2
3237783,2
3317665,14
3281132,2
3311888,2
3291755,3
3228004,7
3295703,2
3319067,2
3316167,2
3326454,2
3219572,2
3309174,2
3303359,13
3310323,2
3329598,2
3306177,2
3327769,2
3310498,2
3298753,12
3320899,2
3324964,2
3316194,2
3316155,2
3248554,4
3330813,2
3297897,2
3327859,2
3320982,2
3231355,2
3283446,2
3326962,2
3322239,2
3321148,2
3327941,2
3286393,2
3327008,2
3307914,2
3321188,2
3322164,2
3316535,2
3315408,2
3321263,2
3306640,2
3319359,2
3321289,2
3318302,2
3315487,2
3309717,2
3319506,2
3329950,2
3328258,16
3328322,16
3328216,16
3280890,2
3283729,2
3319671,15
3301062,2
3322612,2
3298109,12
3305087,2
3316864,14
3287919,2
3330074,2
3325501,2
3283804,2
3327266,2
3327230,2
3299545,2
3322792,2
3309861,2
3324410,2
3327233,2
3231711,2
3330225,2
3279235,2
3241774,2
3328564,16
3328565,16
3318635,2
3330230,2
3325720,2
3324520,2
3296824,2
3327347,2
3312880,2
3299862,2
3315733,2
3330300,2
3318668,2
3317073,14
3282490,2
3239078,2
3285392,2
3321598,2
3330295,2
3321659,2
3330354,2
3306956,2
3331816,2
3330285,2
3302904,13
3328952,16
3317233,14
3328951,16
3261015,5
3326081,2
3304220,2
3299984,2
3314540,6
3327535,2
3321738,2
3321801,2
3310249,2
3297363,2
3300022,2
3326374,2
3326278,2
3329368,16
3324653,2
3249479,4
3318861,2
3313220,2
3327599,2
3229209,2
3288775,2
3319056,2
3327728,2
3329338,16
3324779,2
3316006,2
3295769,2
3324809,2
3307379,2
3300546,2
3291716,3
3295890,2
3312184,2
3313287,2
3297579,2
3287221,2
3319209,2
3329664,2
3326822,2
3307545,2
3295016,2
3300830,2
3326944,2
3321199,2
3326982,2
3321200,2
3328015,2
3309528,2
3331015,2
3322374,2
3332860,2
3309671,2
3321346,2
3329979,2
3329953,2
3322617,2
3331279,2
3328249,16
3281821,2
3328348,16
3321395,2
3328509,16
3330033,2
3328328,16
3324276,2
3322609,2
3330137,2
3328402,16
3328398,16
3321535,2
3234706,2
3331441,2
3315688,2
3287859,2
3296628,2
3330224,2
3220255,2
3320011,15
3324361,2
3288122,2
3321574,2
3327380,2
3312866,2
3312881,2
3308608,2
3333208,2
3275252,2
3328895,16
3253621,2
3304227,2
3324531,2
3327497,2
3315866,2
3308666,2
3315880,2
3266690,1
3305792,2
3327508,2
3318807,2
3310237,2
3314722,6
3326305,2
3297248,2
3329097,16
3318963,2
3329098,16
3242341,2
3268222,2
3333422,2
3327600,2
3239234,2
3320464,2
3321932,2
3332266,2
3326412,2
3317465,14
3240730,2
3317661,14
3291792,3
3309041,2
3314945,2
3320753,2
3319039,2
3300380,2
3307399,2
3235179,2
3316241,2
3254273,2
3313213,2
3232218,2
3330796,2
3257277,2
3255488,2
3297898,2
3280427,2
3300831,2
3322191,2
3330903,2
3312424,2
3329875,2
3318301,2
3310534,2
3309592,2
3325269,2
3332874,2
3325165,2
3334017,2
3319407,2
3331150,2
3332830,2
3255892,2
3307789,2
3302282,2
3330022,2
3334148,2
3299138,12
3331149,2
3301084,2
3330125,2
3324301,2
3328327,16
3333031,2
3315635,2
3327191,2
3312757,2
3334278,2
3333029,2
3308303,2
3328444,16
3327262,2
3327272,2
3330173,2
3327271,2
3327302,2
3322779,2
3321591,2
3311138,2
3315786,2
3320238,2
3314358,6
3292691,2
3296911,2
3327361,2
3291146,11
3272351,2
3318739,2
3333285,2
3330342,2
3329010,16
3321660,2
3329011,16
3333296,2
3305743,2
3310081,2
3311659,2
3295601,2
3333348,2
3289788,2
3327534,2
3271265,2
3332126,2
3330464,2
3323452,2
3333347,2
3317664,14
3332168,2
3231895,2
3333468,2
3313162,2
3332215,2
3304427,2
3317799,14
3311987,2
3330729,2
3333528,2
3332494,2
3329522,2
3271859,2
3316250,2
3277524,2
3323958,2
3307563,2
3238076,2
3290168,2
3309527,2
3318232,2
3325027,2
3306660,2
3303769,2
3328113,2
3315426,2
3289342,2
3335739,2
3331129,2
3292169,3
3332841,2
3331206,2
3332931,2
3301056,2
3325183,2
3318366,2
3327085,2
3329951,2
3329954,2
3322488,2
3328410,16
3303868,2
3318405,2
3319833,15
3284895,2
3334209,2
3310945,2
3324281,2
3321429,2
3334072,2
3319682,15
3283803,2
3331349,2
3327154,2
3312694,2
3333060,2
3283773,2
3330131,2
3319975,15
3333059,2
3228857,2
3320045,15
3273499,2
3317089,14
3327301,2
3333169,2
3266471,2
3308421,2
3318646,2
3333089,2
3324473,2
3333088,2
3333188,2
3324437,2
3325840,2
3324431,2
3330236,2
3243341,2
3327399,2
3321590,2
3324474,2
3318683,2
3314315,6
3334609,2
3238871,2
3330231,2
3307171,2
3320314,2
3330441,2
3333257,2
3333366,2
3307126,2
3310039,2
3327509,2
3321737,2
3334794,2
3327493,2
3334772,2
3302802,13
3330458,2
3331939,2
3323190,2
3320409,2
3305823,2
3313039,2
3311802,2
3331938,2
3326179,2
3333469,2
3321862,2
3317501,14
3303005,13
3333447,2
3307250,2
3320591,2
3332169,2
3335128,2
3333497,2
3262876,2
3294511,2
3313212,2
3306101,2
3335224,2
3317746,14
3317922,14
3335225,2
3293048,2
3319179,2
3319148,2
3240022,3
3316249,2
3318054,2
3318255,2
3330927,2
3328016,2
3298962,12
3335660,2
3298961,12
3235457,2
3333863,2
3333843,2
3318316,2
3316553,2
3330904,2
3321187,2
3325213,2
3328069,2
3298032,2
3335780,2
3303894,2
3332871,2
3325303,2
3316483,2
3331263,2
3307915,2
3329988,2
3321367,2
3315528,2
3303934,2
3263328,2
3335906,2
3302415,2
3334200,2
3321411,2
3328425,16
3283674,2
3287918,2
3305249,2
3315569,2
3309896,2
3333054,2
3279274,2
3308296,2
3282236,2
3333081,2
3331618,2
3319957,15
3317011,14
3330226,2
3333077,2
3334644,2
3331625,2
3306955,2
3315774,2
3337330,2
3324438,2
3315738,2
3330298,2
3293972,2
3318777,2
3336160,2
3336167,2
3312917,2
3302744,13
3321670,2
3334854,2
3323141,2
3334608,2
3334670,2
3320255,2
3244986,2
3297151,2
3310080,2
3318911,2
3336159,2
3317502,14
3312910,2
3308884,2
3326233,2
3306066,2
3335081,2
3335127,2
3292665,2
3336292,2
3324780,2
3271098,2
3289901,2
3335274,2
3336397,2
3324767,2
3327700,2
3330701,2
3304509,2
3330601,2
3333543,2
3317878,14
3333537,2
3262972,2
3320809,2
3332389,2
3262864,2
3313382,5
3297785,2
3333617,2
3312408,2
3320933,2
3287222,2
3325032,2
3333749,2
3331020,2
3327981,2
3325154,2
3319397,2
3335649,2
3330968,2
3319387,2
3319396,2
3322331,2
3331120,2
3329996,2
3336887,2
3296386,2
3296356,2
3335762,2
3258766,5
3310944,2
3335904,2
3301101,2
3322606,2
3316885,14
3324366,2
3244548,2
3283728,2
3264720,2
3324468,2
3335972,2
3336034,2
3322936,2
3333111,2
3330215,2
3295486,2
3330284,2
3328878,16
3337389,2
3325930,2
3298401,12
3328713,16
3304082,2
3324501,2
3317173,14
3315720,2
3330405,2
3327360,2
3327398,2
3333261,2
3239085,2
3311559,2
3339055,2
3336237,2
3326199,2
3317372,14
3331926,2
3307161,2
3333423,2
3329137,16
3315995,2
3320410,2
3272530,2
3330510,2
3333444,2
3313068,2
3330487,2
3333527,2
3316034,2
3320559,2
3313060,2
3333413,2
3274330,2
3336332,2
3338009,2
3321892,2
3335302,2
3288753,2
3314884,6
3332441,2
3297674,2
3278505,2
3332495,2
3330728,2
3318039,2
3338459,2
3338394,2
3315210,2
3324947,2
3290147,2
3312433,2
3332746,2
3330878,2
3338590,2
3332806,2
3304771,2
3310638,2
3332795,2
3322232,2
3328070,2
3338568,2
3303858,2
3338582,2
3338669,2
3316417,2
3331155,2
3328236,16
3329991,2
3322517,2
3328173,2
3334227,2
3336897,2
3287805,2
3243099,2
3263491,2
3332983,2
3325541,2
3337066,2
3330073,2
3310878,2
3330100,2
3312657,2
3302304,2
3306908,2
3332982,2
3330096,2
3337268,2
3335960,2
3338799,2
3335971,2
3337272,2
3328596,16
3338856,2
3296777,2
3338871,2
3338878,2
3256185,8
3240525,2
3336130,2
3291264,11
3331927,2
3315847,2
3337723,2
3336238,2
3318799,2
3340586,2
3324668,2
3269595,9
3295678,2
3329107,16
3329350,16
3339178,2
3265431,2
3257972,2
3329339,16
3236713,2
3305920,2
3305989,2
3330565,2
3248380,2
3274338,2
3339225,2
3324766,2
3329212,16
3339300,2
3237771,2
3339315,2
3330649,2
3326433,2
3287087,2
3339350,2
3341113,2
3303364,13
3317909,14
3341194,2
3315102,2
3263989,2
3329579,2
3329663,2
3301673,2
3310367,2
3295956,2
3321009,2
3332556,2
3327827,2
3312138,2
3297673,2
3315133,2
3323863,2
3307501,2
3248768,4
3322148,2
3322176,2
3278700,2
3324034,2
3327982,2
3336682,2
3339606,2
3325166,2
3245882,2
3335747,2
3335727,2
3338593,2
3341469,2
3330951,2
3316471,2
3331061,2
3315425,2
3331130,2
3338676,2
3331106,2
3325214,2
3328259,16
3319406,2
3328248,16
3327033,2
3290556,2
3339810,2
3336922,2
3312656,2
3247646,2
3322649,2
3328373,16
3330057,2
3334193,2
3330146,2
3287800,2
3306832,2
3284981,2
3325583,2
3325579,2
3338798,2
3335905,2
3340180,2
3257829,2
3279353,2
3338890,2
3304037,2
3333097,2
3327246,2
3337252,2
3317254,14
3338894,2
3270736,2
3327340,2
3323011,2
3327352,2
3317145,14
3323100,2
3314211,6
3336124,2
3340356,2
3337519,2
3340500,2
3315827,2
3324446,2
3291152,11
3330326,2
3317315,14
3340587,2
3336188,2
3318909,2
3244875,2
3334744,2
3337627,2
3340499,2
3334839,2
3333297,2
3333365,2
3337670,2
3330442,2
3327494,2
3340686,2
3311646,2
3317466,14
3298602,12
3340761,2
3337849,2
3339179,2
3334875,2
3311604,2
3338089,2
3289787,2
3308960,2
3330589,2
3272589,2
3340877,2
3330700,2
3323669,2
3333544,2
3316148,2
3339344,2
3339345,2
3326636,2
3307385,2
3324900,2
3322002,2
3320932,2
3333618,2
3317800,14
3341247,2
3320962,2
3330748,2
3307578,2
3332690,2
3307513,2
3245606,2
3286166,2
3342398,2
3335566,2
3226513,2
3293102,2
3249879,4
3335633,2
3341493,2
3341494,2
3341468,2
3338591,2
3332803,2
3342498,2
3341514,2
3316552,2
3319475,2
3290308,2
3335802,2
3334018,2
3289399,2
3327009,2
3306739,2
3327127,2
3329969,2
3332897,2
3283638,2
3331113,2
3287659,2
3332969,2
3295241,2
3324275,2
3315502,2
3341654,2
3338812,2
3296623,2
3322819,2
3316756,2
3327182,2
3295245,2
3335932,2
3337380,2
3341730,2
3338904,2
3337204,2
3334431,2
3324365,2
3338943,2
3241971,2
3324430,2
3328714,16
3333148,2
3337390,2
3325931,2
3297058,2
3340373,2
3308546,2
3340495,2
3291132,11
3337526,2
3308655,2
3339084,2
3295500,2
3328992,16
3242128,2
3340633,2
3339083,2
3321769,2
3339048,2
3307147,2
3343530,2
3337667,2
3334906,2
3317505,14
3326154,2
3301437,2
3298465,12
3326325,2
3271173,2
3310248,2
3329136,16
3337773,2
3315913,2
3320511,2
3342150,2
3339266,2
3317846,14
3337898,2
3321959,2
3311984,2
3280144,2
3282802,2
3307458,2
3316176,2
3323702,2
3313270,2
3252581,2
3341248,2
3300512,2
3344053,2
3294813,2
3303513,2
3339477,2
3323881,2
3307573,2
3316262,2
3342351,2
3327914,2
3249672,4
3310508,2
3324907,2
3335529,2
3294812,2
3333748,2
3342399,2
3303540,2
3341467,2
3338604,2
3332829,2
3336605,2
3342626,2
3342631,2
3302167,2
3338569,2
3342516,2
3306740,2
3338728,2
3337028,2
3336923,2
3342775,2
3342842,2
3305214,2
3316778,2
3337009,2
3338675,2
3336893,2
3341701,2
3339985,2
3333021,2
3342909,2
3342841,2
3258772,5
3342984,2
3229969,2
3330058,2
3339986,2
3246217,2
3334226,2
3342908,2
3325668,2
3324360,2
3330266,2
3325751,2
3327247,2
3330181,2
3335964,2
3315689,2
3333140,2
3340271,2
3338929,2
3315744,2
3322937,2
3328898,16
3289606,2
3330325,2
3328877,16
3333264,2
3302768,13
3302644,2
3336116,2
3296909,2
3337567,2
3265151,2
3325939,2
3341994,2
3330443,2
3308699,2
3343525,2
3260912,5
3313028,2
3321780,2
3275414,2
3343585,2
3295676,2
3337657,2
3343658,2
3324610,2
3330608,2
3315810,2
3326220,2
3321822,2
3340741,2
3336356,2
3343771,2
3336272,2
3253797,2
3337899,2
3337774,2
3340742,2
3326306,2
3326411,2
3343774,2
3271147,2
3327690,2
3343775,2
3345077,2
3321933,2
3330648,2
3319012,2
3314874,6
3338098,2
3343977,2
3330607,2
3341067,2
3342293,2
3326799,2
3344025,2
3319101,2
3329596,2
3345287,2
3316272,2
3319154,2
3323997,2
3251769,2
3335669,2
3335650,2
3339616,2
3339641,2
3313408,5
3344370,2
3329889,2
3332883,2
3329890,2
3336813,2
3344369,2
3341526,2
3332907,2
3335740,2
3342762,2
3344448,2
3338641,2
3341583,2
3334071,2
3342632,2
3332856,2
3337035,2
3244235,2
3303986,2
3341675,2
3269384,9
3344645,2
3333028,2
3316872,14
3256150,8
3333110,2
3343060,2
3321573,2
3334417,2
3270468,10
3314152,6
3340385,2
3247476,2
3260865,5
3344739,2
3343330,2
3336006,2
3340374,2
3340312,2
3343295,2
3337428,2
3337427,2
3346155,2
3337391,2
3344709,2
3336082,2
3337632,2
3337456,2
3344844,2
3321601,2
3309911,2
3314338,6
3253634,2
3298474,12
3346419,2
3330459,2
3324578,2
3346317,2
3330365,2
3269347,9
3344867,2
3341951,2
3337724,2
3337658,2
3265288,2
3269619,9
3334928,2
3308857,2
3336291,2
3329078,16
3343657,2
3340701,2
3329054,16
3302975,13
3313198,2
3323364,2
3316130,2
3310205,2
3343854,2
3342096,2
3297619,2
3339267,2
3313115,2
3342167,2
3338112,2
3343976,2
3317754,14
3339248,2
3339316,2
3333567,2
3333566,2
3344044,2
3321906,2
3327749,2
3338073,2
3306337,2
3329521,2
3342321,2
3310402,2
3319147,2
3318131,2
3232299,2
3293055,2
3245528,2
3294839,2
3322132,2
3324946,2
3307546,2
3332804,2
3345466,2
3342439,2
3338519,2
3342480,2
3339666,2
3347280,2
3339590,2
3342676,2
3344402,2
3303818,2
3341515,2
3307847,2
3318328,2
3336783,2
3345454,2
3345455,2
3342537,2
3342675,2
3347384,2
3342691,2
3342704,2
3339893,2
3334132,2
3336999,2
3347457,2
3341644,2
3327113,2
3345705,2
3342776,2
3305187,2
3337029,2
3301100,2
3330095,2
3331364,2
3337000,2
3341666,2
3344683,2
3302438,2
3345880,2
3343022,2
3276315,2
3317068,14
3315636,2
3328802,16
3313977,6
3296798,2
3346027,2
3346180,2
3344747,2
3337271,2
3340313,2
3334600,2
3330299,2
3309997,2
3347652,2
3347727,2
3317144,14
3340422,2
3314453,6
3333304,2
3330395,2
3347703,2
3339099,2
3339056,2
3302970,13
3337791,2
3321771,2
3344892,2
3343630,2
3320489,2
3334929,2
3346462,2
3346551,2
3273967,2
3318864,2
3346619,2
3317543,14
3313189,2
3330545,2
3327699,2
3342124,2
3317634,14
3340876,2
3342155,2
3343855,2
3338072,2
3277274,2
3332383,2
3342173,2
3291833,3
3332417,2
3327691,2
3292895,2
3344253,2
3348150,2
3335456,2
3312407,2
3228454,2
3338393,2
3255374,2
3321149,2
3321194,2
3341443,2
3273059,2
3284662,2
3335668,2
3347314,2
3332812,2
3324085,2
3344357,2
3313538,5
3347281,2
3328008,2
3307837,2
3335755,2
3335754,2
3331060,2
3336733,2
3347383,2
3345737,2
3328401,16
3315458,2
3332919,2
3348591,2
3312589,2
3337150,2
3302196,2
3301136,2
3343021,2
3343010,2
3344715,2
3304094,2
3340270,2
3347663,2
3321612,2
3336053,2
3299845,2
3247638,2
3296908,2
3344780,2
3340364,2
3333230,2
3333207,2
3323117,2
3314337,6
3299936,2
3308547,2
3346286,2
3320237,2
3281064,2
3346501,2
3347790,2
3241998,2
3337669,2
3337863,2
3337907,2
3343766,2
3340702,2
3321781,2
3342083,2
3342123,2
3321887,2
3347986,2
3314883,6
3320490,2
3340909,2
3343826,2
3317730,14
3284174,2
3340960,2
3338008,2
3342185,2
3338088,2
3348068,2
3317827,14
3333582,2
3333634,2
3345202,2
3348162,2
3348151,2
3338458,2
3348167,2
3323880,2
3312275,2
3322095,2
3260095,5
3300925,2
3348421,2
3342538,2
3332873,2
3348252,2
3347315,2
3330869,2
3350210,2
3330950,2
3321150,2
3321252,2
3328164,2
3336862,2
3348336,2
3336812,2
3290449,2
3344396,2
3348391,2
3338670,2
3347322,2
3347369,2
3300926,2
3307687,2
3318424,2
3303770,2
3319720,15
3296320,2
3329989,2
3347416,2
3348784,2
3338739,2
3347415,2
3332896,2
3300997,2
3290764,2
3347505,2
3296779,2
3340033,2
3345861,2
3322824,2
3347462,2
3345833,2
3340018,2
3302394,2
3338899,2
3342879,2
3322618,2
3324306,2
3330145,2
3348948,2
3346096,2
3333115,2
3343009,2
3348976,2
3337331,2
3335979,2
3337350,2
3343044,2
3273600,2
3348935,2
3276632,2
3337286,2
3333147,2
3317088,14
3340367,2
3344775,2
3302625,2
3346265,2
3340441,2
3330208,2
3349070,2
3338958,2
3291023,2
3330275,2
3349111,2
3337396,2
3333263,2
3350604,2
3347759,2
3297106,2
3338947,2
3349408,2
3331792,2
3278504,2
3298569,12
3330394,2
3350687,2
3325977,2
3350795,2
3301408,2
3346502,2
3333303,2
3347821,2
3329093,16
3229296,2
3330445,2
3346556,2
3347891,2
3315978,2
3346693,2
3346766,2
3234126,2
3347949,2
3313156,2
3343924,2
3348028,2
3343984,2
3349639,2
3339247,2
3292896,2
3342184,2
3339336,2
3333538,2
3294559,2
3327729,2
3348029,2
3342281,2
3321989,2
3339305,2
3316131,2
3326770,2
3280291,2
3347182,2
3332557,2
3350054,2
3313381,5
3271806,2
3295988,2
3345317,2
3333747,2
3260202,5
3350229,2
3344403,2
3347316,2
3338603,2
3319358,2
3348322,2
3351294,2
3348420,2
3318257,2
3335763,2
3328165,2
3328100,2
3347398,2
3348445,2
3342672,2
3316637,2
3332813,2
3329995,2
3336942,2
3347426,2
3347529,2
3342869,2
3331298,2
3331264,2
3344588,2
3347539,2
3328374,16
3345917,2
3341665,2
3318519,2
3330222,2
3344658,2
3348921,2
3338842,2
3302378,2
3305395,2
3341788,2
3351820,2
3302572,2
3302632,2
3347662,2
3344696,2
3316916,14
3337351,2
3330258,2
3333224,2
3343140,2
3350647,2
3347710,2
3352085,2
3282494,2
3340357,2
3344776,2
3340496,2
3328787,16
3346233,2
3318785,2
3343373,2
3350691,2
3321689,2
3255203,2
3330511,2
3327584,2
3337708,2
3307296,2
3324798,2
3314676,6
3347880,2
3330548,2
3339133,2
3321893,2
3342117,2
3342113,2
3301540,2
3304312,2
3323576,2
3310156,2
3342114,2
3349624,2
3313116,2
3326522,2
3311879,2
3350865,2
3326198,2
3345161,2
3323775,2
3297582,2
3329597,2
3348067,2
3323630,2
3332440,2
3333635,2
3294818,2
3345203,2
3326769,2
3348203,2
3316318,2
3258387,2
3348251,2
3297922,2
3303740,2
3278787,2
3333750,2
3315358,2
3306641,2
3344358,2
3344435,2
3345499,2
3350256,2
3307846,2
3341584,2
3351346,2
3336892,2
3322330,2
3283632,2
3347374,2
3350311,2
3316482,2
3332859,2
3351480,2
3347425,2
3348569,2
3247165,2
3309768,2
3328409,16
3338706,2
3309718,2
3347538,2
3351742,2
3351747,2
3350473,2
3341704,2
3351757,2
3315599,2
3299654,2
3342983,2
3327181,2
3351809,2
3335919,2
3351718,2
3337110,2
3302262,2
3338928,2
3351810,2
3338905,2
3340105,2
3350503,2
3347651,2
3346075,2
3340272,2
3347639,2
3349054,2
3325882,2
3334418,2
3350583,2
3279430,2
3349166,2
3340244,2
3330349,2
3347802,2
3297172,2
3249249,4
3352201,2
3289758,2
3347782,2
3349385,2
3347758,2
3311563,2
3320401,2
3340632,2
3298511,12
3339090,2
3334803,2
3256588,8
3330444,2
3346552,2
3342044,2
3344965,2
3302976,13
3342045,2
3347866,2
3347861,2
3353707,2
3289922,2
3352326,2
3352463,2
3333445,2
3348031,2
3310291,2
3327770,2
3339343,2
3332450,2
3349837,2
3342238,2
3327860,2
3353965,2
3327742,2
3342352,2
3326823,2
3255391,2
3320983,2
3289214,2
3300791,2
3347239,2
3272795,2
3309476,2
3238188,2
3338520,2
3348301,2
3339534,2
3345498,2
3348450,2
3342479,2
3351254,2
3332786,2
3325466,2
3324199,2
3276042,2
3304938,2
3319683,15
3353271,2
3351553,2
3337006,2
3351698,2
3290775,2
3348862,2
3338857,2
3353325,2
3334410,2
3335947,2
3327255,2
3340179,2
3330255,2
3354686,17
3347642,2
3348875,2
3348949,2
3353387,2
3340269,2
3338906,2
3349055,2
3306990,2
3343100,2
3296776,2
3315767,2
3350648,2
3352086,2
3324519,2
3337568,2
3324536,2
3331754,2
3344923,2
3341968,2
3344868,2
3343531,2
3347820,2
3343544,2
3291204,11
3311641,2
3269560,9
3253844,2
3326234,2
3343524,2
3258115,2
3352337,2
3353646,2
3337864,2
3346765,2
3297105,2
3320463,2
3355233,13
3353795,2
3350860,2
3346807,2
3333496,2
3291576,11
3353796,2
3317792,14
3330628,2
3332151,2
3348058,2
3348038,2
3353941,2
3349892,2
3297597,2
3341239,2
3348120,2
3300474,2
3335419,2
3351056,2
3329599,2
3348164,2
3320963,2
3345279,2
3344193,2
3258388,2
3350162,2
3342464,2
3284511,2
3350161,2
3328009,2
3338517,2
3342451,2
3356022,2
3345504,2
3351295,2
3351307,2
3341548,2
3338622,2
3297995,2
3351273,2
3348543,2
3345497,2
3325251,2
3290382,2
3351403,2
3279051,2
3345654,2
3344489,2
3338707,2
3356137,18
3342751,2
3318504,2
3347456,2
3322560,2
3351679,2
3356209,18
3325446,2
3335920,2
3354587,17
3351699,2
3345754,2
3279352,2
3353324,2
3340017,2
3353374,2
3354607,17
3282030,2
3340222,2
3356299,18
3354733,17
3325636,2
3353388,2
3330216,2
3354819,17
3346058,2
3353457,2
3336081,2
3343119,2
3321529,2
3351969,2
3337615,2
3318794,2
3334716,2
3339050,2
3350631,2
3325883,2
3352091,2
3330267,2
3344820,2
3339042,2
3331817,2
3343420,2
3347689,2
3328993,16
3356468,2
3263580,2
3343415,2
3355192,13
3355137,13
3356588,2
3344922,2
3344891,2
3353701,2
3340643,2
3260866,5
3355232,13
3311878,2
3356672,2
3335082,2
3320627,2
3341076,2
3339301,2
3301614,2
3334989,2
3348002,2
3329309,16
3294482,2
3329367,16
3346794,2
3246623,2
3306176,2
3332368,2
3332367,2
3332487,2
3313352,5
3322008,2
3344310,2
3319164,2
3326870,2
3261253,2
3323957,2
3350102,2
3352987,2
3298881,12
3350198,2
3327032,2
3280611,2
3307836,2
3328014,2
3333912,2
3344329,2
3353106,2
3347323,2
3332781,2
3332782,2
3354173,2
3339571,2
3351206,2
3351291,2
3344420,2
3344492,2
3321281,2
3345718,2
3324173,2
3356146,18
3327128,2
3302297,2
3348623,2
3350335,2
3354524,17
3232977,2
3356245,18
3353317,2
3354562,17
3318503,2
3345793,2
3348876,2
3343061,2
3354704,17
3353379,2
3341712,2
3348934,2
3287866,2
3260559,5
3348952,2
3354627,17
3343118,2
3344669,2
3338837,2
3318564,2
3357639,2
3357575,2
3350521,2
3325667,2
3344811,2
3324380,2
3350520,2
3349082,2
3354900,17
3341798,2
3353475,2
3356378,18
3354864,17
3330341,2
3346285,2
3337646,2
3334601,2
3356451,2
3347801,2
3333256,2
3314721,6
3333206,2
3340467,2
3355082,13
3346412,2
3321690,2
3318784,2
3353578,2
3350775,2
3330484,2
3347815,2
3353647,2
3342061,2
3320402,2
3248149,2
3311767,2
3349600,2
3339161,2
3324762,2
3347892,2
3320552,2
3347962,2
3350917,2
3340914,2
3356735,2
3353745,2
3355574,2
3341112,2
3346749,2
3307376,2
3320868,2
3348208,2
3297733,2
3355871,2
3345278,2
3322065,2
3306538,2
3239919,3
3309418,2
3347266,2
3356957,2
3350259,2
3357180,2
3333842,2
3358948,2
3350288,2
3322266,2
3342671,2
3351306,2
3342703,2
3342820,2
3325307,2
3345815,2
3350349,2
3350350,2
3301135,2
3357454,2
3330088,2
3354561,17
3354687,17
3340076,2
3340221,2
3348783,2
3353338,2
3351843,2
3353429,2
3357616,2
3351842,2
3327238,2
3356281,18
3324381,2
3321475,2
3354820,17
3359189,2
3359227,2
3325719,2
3334392,2
3344746,2
3353451,2
3359228,2
3336062,2
3333225,2
3356371,18
3343101,2
3347688,2
3337285,2
3308555,2
3334645,2
3323010,2
3327413,2
3352041,2
3330221,2
3339027,2
3282569,2
3346299,2
3349043,2
3349246,2
3315745,2
3325976,2
3330350,2
3317303,14
3315886,2
3337668,2
3349368,2
3343499,2
3340563,2
3356575,2
3356582,2
3320414,2
3344951,2
3340642,2
3347862,2
3353700,2
3355297,13
3347814,2
3352336,2
3358308,2
3327612,2
3334907,2
3353821,2
3345066,2
3330547,2
3343765,2
3356709,2
3314832,6
3332125,2
3350927,2
3348025,2
3324782,2
3329303,16
3306332,2
3324794,2
3355623,2
3330668,2
3322066,2
3348121,2
3339432,2
3322001,2
3300694,2
3344143,2
3355872,2
3323703,2
3347070,2
3353032,2
3359807,2
3355814,2
3327802,2
3271750,2
3345316,2
3280562,2
3347271,2
3358859,2
3344440,2
3331137,2
3354118,2
3356035,2
3357123,2
3287420,2
3358968,2
3357103,2
3316698,2
3325184,2
3360208,2
3310751,2
3335845,2
3332937,2
3354436,17
3348594,2
3353270,2
3348622,2
3342916,2
3345848,2
3353299,2
3359141,2
3353332,2
3357523,2
3354554,17
3299676,2
3344668,2
3327194,2
3322823,2
3348772,2
3359199,2
3357645,2
3360535,2
3356358,18
3344765,2
3340106,2
3351945,2
3318661,2
3357576,2
3359276,2
3352019,2
3356450,2
3350579,2
3338959,2
3324461,2
3360697,2
3349110,2
3359313,2
3343226,2
3352074,2
3347726,2
3289757,2
3359384,2
3333345,2
3330616,2
3308630,2
3358107,2
3337707,2
3265360,2
3349367,2
3352344,2
3359441,2
3329077,16
3361029,2
3295642,2
3356567,2
3359536,2
3355361,13
3339134,2
3350856,2
3284093,2
3316056,2
3353771,2
3317791,14
3346752,2
3332174,2
3358501,2
3348111,2
3341077,2
3359623,2
3288905,2
3342306,2
3326635,2
3314966,2
3307471,2
3316207,2
3324882,2
3344024,2
3344054,2
3356785,2
3356819,2
3356903,2
3339471,2
3339449,2
3255449,2
3341262,2
3309263,2
3333751,2
3348385,2
3355973,2
3358877,2
3358860,2
3344397,2
3335632,2
3338574,2
3334147,2
3321209,2
3338592,2
3339667,2
3351221,2
3344441,2
3351435,2
3341592,2
3348544,2
3338642,2
3359056,2
3347397,2
3351550,2
3344530,2
3348434,2
3339946,2
3276008,2
3356164,18
3351481,2
3328347,16
3341645,2
3337034,2
3344491,2
3338757,2
3332913,2
3350374,2
3359108,2
3344523,2
3357487,2
3327133,2
3348711,2
3342872,2
3360502,2
3331456,2
3351971,2
3360473,2
3344766,2
3354730,17
3258937,5
3275129,2
3353452,2
3302439,2
3321474,2
3356324,18
3299544,2
3313978,6
3331420,2
3351831,2
3351972,2
3360551,2
3359306,2
3356359,18
3353428,2
3333168,2
3362191,2
3336117,2
3314175,6
3352126,2
3353504,2
3323191,2
3357813,2
3327407,2
3353551,2
3353599,2
3349288,2
3359370,2
3323365,2
3356510,2
3357944,2
3352153,2
3328967,16
3308790,2
3330361,2
3360934,2
3341915,2
3344821,2
3347865,2
3332023,2
3360935,2
3353671,2
3355298,13
3260913,5
3361028,2
3356576,2
3352327,2
3356615,2
3355332,13
3362437,2
3345035,2
3341033,2
3353782,2
3346793,2
3254014,2
3359614,2
3345083,2
3239639,2
3352698,2
3326608,2
3361417,2
3295837,2
3352699,2
3345141,2
3314946,2
3356839,2
3344085,2
3356838,2
3342294,2
3351021,2
3351020,2
3361604,2
3358632,2
3326843,2
3324963,2
3362704,2
3280479,2
3243893,2
3355969,2
3319234,2
3321146,2
3347270,2
3350219,2
3336606,2
3339593,2
3356009,2
3350249,2
3358875,2
3357179,2
3359962,2
3322516,2
3302124,2
3362954,2
3342499,2
3360067,2
3307688,2
3360075,2
3353225,2
3348570,2
3321251,2
3258613,2
3325615,2
3345800,2
3360258,2
3344524,2
3361992,2
3334109,2
3353316,2
3357416,2
3363358,2
3338743,2
3357453,2
3338893,2
3360296,2
3356280,18
3360520,2
3357505,2
3296778,2
3351905,2
3363519,2
3360534,2
3359234,2
3348975,2
3360698,2
3362173,2
3337452,2
3360660,2
3344695,2
3360618,2
3360765,2
3360764,2
3265050,2
3360659,2
3349083,2
3357956,2
3360652,2
3279560,2
3357979,2
3350667,2
3343414,2
3360872,2
3350727,2
3359369,2
3346490,2
3355097,13
3350770,2
3359491,2
3353660,2
3359517,2
3341995,2
3360992,2
3349386,2
3324748,2
3359471,2
3346483,2
3329213,16
3350769,2
3288595,2
3262784,2
3340795,2
3350905,2
3361124,2
3350880,2
3346618,2
3361272,2
3330627,2
3361225,2
3359594,2
3340930,2
3353746,2
3349838,2
3359599,2
3362506,2
3330590,2
3315101,2
3361376,2
3362572,2
3361384,2
3348110,2
3353987,2
3359666,2
3330619,2
3344086,2
3361532,2
3348128,2
3348163,2
3364493,2
3350046,2
3307498,2
3361738,2
3267064,1
3295933,2
3332689,2
3293054,2
3295995,2
3326918,2
3301903,2
3350199,2
3357110,2
3358937,2
3356986,2
3321210,2
3328172,2
3339731,2
3353109,2
3362974,2
3360068,2
3364794,2
3356021,2
3361920,2
3353186,2
3353133,2
3342692,2
3364795,2
3331138,2
3351442,2
3357221,2
3348390,2
3362006,2
3347434,2
3363066,2
3354586,17
3356210,18
3341770,2
3325637,2
3354655,17
3316720,2
3357498,2
3334277,2
3360458,2
3264615,2
3359163,2
3351672,2
3337237,2
3359243,2
3363506,2
3351758,2
3351719,2
3325582,2
3301150,2
3354729,17
3351819,2
3362143,2
3354927,17
3357684,2
3340126,2
3363520,2
3346145,2
3363463,2
3346076,2
3359261,2
3359312,2
3349151,2
3363675,2
3340421,2
3362246,2
3330276,2
3340368,2
3354876,17
3349071,2
3304252,2
3350676,2
3355045,13
3360907,2
3334717,2
3362259,2
3359417,2
3291228,11
3330488,2
3355112,13
3356509,2
3365206,19
3353663,2
3360960,2
3307189,2
3336271,2
3365266,19
3363928,15
3359439,2
3301409,2
3344950,2
3359452,2
3344989,2
3353672,2
3308961,2
3350861,2
3362438,2
3337792,2
3358240,2
3291373,11
3335044,2
3352543,2
3329189,16
3353706,2
3335139,2
3350796,2
3365426,19
3349568,2
3358401,2
3312086,2
3335275,2
3356829,2
3365546,19
3361470,2
3362649,2
3350943,2
3323998,2
3354025,2
3361659,2
3317830,14
3361584,2
3365617,19
3358692,2
3264124,2
3350053,2
3361737,2
3350132,2
3355971,2
3307525,2
3353031,2
3294993,2
3309526,2
3338516,2
3359856,2
3364680,2
3351209,2
3362863,2
3361868,2
3364712,2
3336681,2
3364760,2
3358950,2
3365788,19
3298129,12
3362968,2
3341504,2
3364761,2
3348413,2
3279032,2
3363053,2
3353196,2
3362965,2
3363048,2
3342761,2
3332908,2
3356131,18
3335803,2
3315371,2
3354364,17
3316568,2
3336988,2
3348636,2
3361978,2
3362102,2
3362101,2
3356298,18
3364951,2
3348861,2
3364995,2
3328658,16
3351946,2
3333020,2
3348679,2
3360459,2
3354638,17
3344673,2
3363377,2
3363557,2
3346081,2
3357720,2
3366398,6
3333189,2
3347719,2
3366425,6
3362215,2
3357872,2
3354928,17
3366551,6
3321611,2
3347714,2
3340444,2
3357887,2
3343256,2
3317232,14
3359418,2
3310157,2
3359403,2
3362373,2
3363945,15
3352283,2
3359361,2
3363861,15
3360962,2
3360961,2
3361036,2
3292754,2
3339229,2
3347957,2
3340794,2
3365386,19
3342151,2
3289900,2
3342143,2
3361285,2
3316076,2
3362500,2
3361419,2
3336423,2
3346879,2
3293008,2
3348168,2
3317838,14
3353945,2
3367269,6
3268925,2
3347069,2
3365561,19
3361383,2
3365547,19
3344005,2
3355793,2
3348192,2
3336488,2
3358633,2
3315191,2
3359831,2
3304629,2
3287233,2
3345338,2
3251637,2
3313375,5
3358915,2
3362861,2
3351253,2
3361771,2
3348444,2
3313596,5
3348253,2
3365904,19
3332870,2
3354292,17
3354319,17
3356136,18
3361919,2
3350255,2
3312567,2
3348694,2
3256152,8
3366105,6
3347530,2
3361957,2
3366194,6
3364888,2
3300963,2
3363221,2
3363298,2
3340131,2
3308224,2
3362036,2
3362005,2
3351806,2
3351805,2
3363339,2
3337451,2
3357701,2
3360527,2
3351730,2
3366397,6
3360576,2
3330174,2
3366420,6
3353423,2
3362130,2
3366513,6
3346234,2
3362144,2
3324447,2
3343225,2
3366419,6
3327237,2
3365059,19
3360747,2
3365076,19
3315787,2
3362213,2
3312876,2
3366662,6
3360734,2
3336187,2
3296922,2
3365192,19
3363862,15
3366713,6
3363890,15
3365346,19
3349407,2
3263800,2
3368183,20
3295675,2
3349252,2
3330465,2
3343629,2
3350866,2
3363946,15
3355273,13
3345065,2
3337906,2
3291427,11
3349631,2
3329506,2
3347906,2
3321823,2
3356738,2
3358307,2
3365362,19
3347958,2
3346748,2
3313190,2
3349567,2
3345130,2
3330667,2
3332267,2
3330740,2
3368427,2
3319107,2
3365511,19
3349891,2
3355588,2
3295934,2
3312276,2
3332451,2
3312335,2
3348059,2
3355815,2
3339476,2
3364494,2
3355844,2
3367554,6
3345249,2
3359806,2
3354076,2
3367653,20
3368709,2
3351210,2
3358943,2
3367674,20
3338573,2
3357253,2
3367721,20
3339824,2
3351335,2
3364814,2
3348595,2
3304809,2
3357193,2
3357195,2
3365887,19
3342752,2
3364890,2
3366104,6
3358955,2
3359005,2
3364932,2
3272153,2
3354579,17
3338838,2
3345822,2
3342917,2
3346026,2
3337307,2
3364953,2
3302296,2
3367889,20
3351694,2
3342982,2
3363462,2
3366250,6
3346119,2
3341772,2
3315826,2
3366558,6
3357706,2
3365083,19
3354865,17
3363647,2
3352052,2
3351928,2
3366477,6
3344797,2
3343247,2
3353541,2
3368045,20
3366661,6
3368088,20
3359423,2
3363652,2
3350615,2
3366712,6
3353606,2
3365193,19
3294223,2
3358020,2
3357980,2
3366838,6
3346482,2
3366719,6
3363736,2
3356536,2
3362245,2
3368182,20
3320343,2
3363909,15
3350690,2
3262566,2
3365217,19
3368180,20
3346509,2
3358015,2
3326155,2
3363908,15
3368165,20
3344863,2
3363951,15
3347881,2
3358239,2
3365427,19
3366923,6
3342174,2
3345034,2
3368282,2
3355369,13
3353758,2
3359572,2
3364242,2
3362493,2
3345271,2
3367131,6
3367188,6
3361271,2
3368408,2
3368417,2
3368354,2
3329543,2
3332388,2
3368428,2
3365510,19
3367268,6
3353940,2
3330802,2
3342307,2
3367311,6
3344144,2
3345250,2
3356893,2
3367591,6
3342440,2
3368642,2
3368643,2
3365757,19
3351230,2
3358910,2
3350260,2
3364716,2
3367682,20
3365948,19
3364796,2
3365789,19
3330850,2
3356039,2
3358975,2
3327000,2
3361855,2
3344449,2
3353276,2
3367796,20
3351505,2
3363056,2
3363193,2
3358967,2
3357294,2
3354523,17
3338742,2
3356218,18
3363186,2
3267784,2
3334262,2
3308078,2
3315568,2
3367876,20
3364933,2
3299475,2
3370834,2
3301176,2
3299298,12
3353342,2
3363378,2
3357522,2
3367978,20
3273631,2
3360472,2
3360655,2
3357719,2
3354744,17
3363646,2
3357702,2
3359256,2
3366559,6
3369381,2
3357812,2
3369408,2
3369409,2
3366550,6
3353528,2
3337441,2
3311291,2
3366528,6
3369412,2
3366730,6
3357946,2
3369553,2
3355098,13
3307090,2
3357955,2
3356516,2
3355205,13
3356524,2
3353572,2
3279810,2
3368281,2
3359438,2
3363889,15
3352345,2
3368293,2
3346531,2
3243543,2
3363905,15
3356671,2
3366845,6
3330546,2
3343626,2
3346622,2
3370013,2
3365392,19
3338147,2
3349599,2
3359571,2
3320590,2
3346803,2
3358423,2
3346878,2
3371332,2
3370041,2
3355624,2
3353917,2
3313265,2
3341261,2
3350899,2
3367361,6
3346854,2
3339433,2
3370160,2
3352783,2
3370253,2
3335567,2
3368500,2
3371468,2
3312139,2
3347240,2
3327993,2
3348283,2
3362955,2
3365826,19
3371618,2
3364713,2
3365688,19
3347313,2
3371619,2
3357212,2
3368860,2
3368746,2
3362964,2
3367705,20
3364815,2
3324100,2
3356038,2
3367747,20
3365942,19
3365879,19
3367703,20
3351434,2
3338621,2
3299277,12
3368982,2
3371937,2
3370726,2
3331419,2
3369122,2
3338727,2
3339859,2
3357445,2
3287867,2
3347504,2
3351733,2
3369184,2
3350405,2
3369129,2
3359179,2
3350454,2
3338758,2
3363405,2
3363340,2
3353296,2
3364996,2
3362153,2
3366344,6
3360656,2
3353458,2
3370927,2
3366426,6
3353420,2
3367997,20
3360619,2
3366387,6
3354841,17
3363598,2
3360748,2
3366525,6
3370922,2
3365157,19
3352034,2
3369548,2
3269482,9
3353529,2
3353540,2
3360839,2
3360873,2
3349167,2
3362216,2
3363760,2
3363772,2
3371012,2
3371086,2
3371013,2
3371061,2
3265361,2
3365189,19
3372594,2
3365205,19
3371128,2
3362346,2
3365273,19
3349443,2
3369807,2
3337626,2
3372859,2
3366924,6
3324787,2
3371214,2
3371186,2
3372807,2
3288556,2
3358415,2
3297362,2
3368274,2
3365385,19
3369968,2
3310274,2
3355370,13
3356708,2
3358569,2
3355573,2
3371339,2
3320553,2
3320558,2
3358402,2
3361313,2
3346855,2
3371306,2
3358414,2
3261161,5
3340929,2
3346806,2
3367360,6
3368418,2
3370060,2
3364377,2
3351055,2
3342191,2
3358693,2
3365560,19
3307548,2
3291839,3
3338431,2
3338328,2
3309417,2
3370342,2
3364519,2
3336534,2
3367462,6
3365621,19
3348204,2
3370473,2
3278618,2
3342493,2
3371565,2
3362760,2
3371516,2
3362906,2
3367675,20
3350185,2
3367714,20
3345505,2
3351245,2
3370588,2
3370589,2
3373597,2
3244369,2
3368869,2
3356145,18
3360044,2
3363224,2
3373581,2
3367888,20
3370695,2
3371881,2
3373710,2
3336943,2
3319719,15
3322695,2
3348678,2
3367925,20
3328397,16
3360435,2
3369339,2
3359211,2
3370850,2
3370789,2
3372044,2
3370816,2
3363385,2
3363396,2
3363467,2
3372177,2
3369390,2
3366368,6
3368018,20
3365133,19
3366500,6
3365105,19
3356396,18
3370970,2
3330237,2
3372366,2
3370984,2
3360906,2
3372327,2
3298374,12
3301258,2
3370937,2
3368080,20
3363757,2
3362224,2
3343493,2
3343372,2
3359362,2
3372411,2
3361015,2
3353573,2
3360829,2
3333374,2
3356486,2
3356537,2
3277043,2
3372552,2
3341898,2
3344996,2
3356525,2
3305921,2
3346530,2
3346524,2
3356566,2
3347950,2
3371194,2
3321768,2
3371242,2
3362426,2
3359538,2
3340867,2
3372924,2
3347978,2
3368275,2
3306067,2
3374196,2
3324761,2
3368319,2
3345162,2
3350916,2
3359665,2
3342280,2
3362541,2
3347985,2
3355560,2
3374233,2
3313271,2
3374241,2
3367227,6
3370243,2
3352679,2
3324889,2
3367417,6
3371438,2
3353986,2
3313264,2
3371515,2
3300765,2
3358914,2
3365842,19
3348435,2
3373507,2
3367712,20
3370584,2
3351266,2
3368730,2
3361837,2
3354135,2
3370615,2
3365886,19
3373508,2
3344500,2
3370606,2
3374765,2
3321347,2
3328099,2
3370682,2
3368962,2
3371872,2
3332857,2
3361965,2
3367809,20
3342853,2
3363202,2
3369180,2
3373713,2
3363231,2
3351568,2
3373701,2
3351748,2
3370814,2
3308268,2
3370817,2
3340125,2
3373693,2
3338819,2
3369069,2
3367886,20
3337151,2
3270325,10
3346154,2
3284738,2
3367924,20
3348939,2
3356323,18
3362200,2
3373737,2
3354724,17
3370890,2
3373835,2
3373892,2
3353422,2
3354899,17
3347702,2
3371032,2
3375265,2
3362199,2
3373943,2
3355115,13
3373893,2
3336054,2
3370938,2
3357883,2
3368155,20
3375455,2
3369687,2
3268122,2
3371054,2
3368141,20
3334963,2
3372587,2
3372551,2
3369772,2
3358274,2
3359537,2
3343827,2
3368264,2
3350879,2
3358371,2
3342120,2
3340846,2
3365445,19
3349748,2
3374237,2
3349623,2
3348032,2
3370165,2
3371338,2
3330708,2
3345154,2
3365444,19
3358500,2
3345193,2
3330615,2
3318103,2
3376205,2
3303537,2
3345335,2
3351265,2
3345420,2
3371544,2
3324114,2
3358882,2
3357102,2
3350218,2
3362824,2
3362973,2
3351443,2
3371745,2
3359961,2
3354304,17
3371711,2
3360127,2
3360257,2
3359109,2
3353241,2
3369108,2
3360352,2
3359068,2
3366136,6
3345801,2
3374933,2
3357446,2
3360351,2
3373702,2
3366257,6
3370808,2
3373680,2
3370727,2
3372095,2
3333042,2
3369183,2
3372115,2
3375163,2
3373831,2
3369367,2
3351878,2
3340233,2
3325759,2
3368046,20
3373871,2
3350633,2
3349150,2
3359262,2
3356469,2
3365215,19
3370981,2
3375423,2
3362179,2
3372504,2
3375521,2
3366624,6
3370998,2
3372528,2
3375422,2
3376863,2
3355111,13
3361037,2
3374064,2
3347789,2
3372701,2
3369808,2
3332216,2
3372878,2
3374173,2
3362492,2
3339335,2
3371331,2
3374172,2
3371319,2
3374189,2
3373098,2
3364302,2
3352658,2
3353884,2
3374231,2
3371378,2
3374232,2
3362613,2
3356818,2
3371412,2
3365550,19
3367461,6
3349920,2
3373189,2
3368476,2
3342336,2
3376224,2
3364375,2
3350999,2
3264125,2
3303734,2
3377406,2
3296114,2
3370566,2
3367657,20
3365687,19
3367689,20
3322175,2
3368706,2
3370614,2
3373549,2
3376462,2
3277759,2
3353226,2
3356153,18
3361993,2
3373568,2
3363095,2
3357337,2
3370743,2
3374799,2
3374809,2
3313717,6
3377823,2
3366203,6
3316865,14
3376659,2
3371938,2
3299537,2
3374810,2
3357552,2
3356177,18
3361976,2
3354409,17
3367885,20
3324307,2
3373669,2
3367913,20
3376660,2
3362129,2
3359212,2
3376693,2
3376707,2
3367937,20
3360550,2
3376806,2
3376816,2
3366529,6
3357884,2
3375309,2
3370921,2
3370997,2
3325841,2
3368186,20
3376902,2
3346189,2
3334745,2
3318675,2
3308629,2
3375419,2
3320413,2
3349257,2
3357769,2
3375454,2
3372623,2
3355116,13
3336169,2
3369716,2
3372580,2
3366615,6
3375588,2
3315743,2
3378334,2
3359470,2
3374024,2
3368187,20
3363771,2
3375520,2
3286998,2
3346692,2
3378542,2
3372575,2
3350819,2
3366846,6
3352405,2
3259747,5
3359600,2
3340908,2
3352428,2
3369872,2
3355561,2
3375836,2
3368342,2
3362540,2
3379013,2
3377236,2
3348127,2
3324881,2
3307514,2
3364452,2
3368566,2
3373353,2
3368549,2
3368550,2
3353944,2
3362674,2
3362683,2
3319108,2
3374399,2
3362675,2
3322054,2
3312336,2
3332745,2
3365706,19
3374538,2
3376388,2
3379363,2
3360021,2
3353157,2
3361770,2
3377381,2
3364720,2
3373476,2
3363057,2
3377609,2
3365947,19
3316757,2
3376561,2
3344477,2
3361949,2
3379497,2
3367800,20
3377822,2
3371897,2
3361924,2
3367793,20
3376575,2
3371983,2
3350406,2
3377786,2
3357371,2
3354606,17
3345814,2
3373690,2
3377847,2
3374909,2
3366097,6
3373745,2
3366403,6
3354703,17
3370878,2
3372114,2
3354626,17
3360519,2
3372321,2
3376716,2
3369253,2
3368048,20
3334391,2
3373826,2
3354866,17
3362223,2
3369517,2
3343335,2
3363756,2
3379793,2
3340386,2
3372322,2
3351970,2
3373958,2
3355200,13
3379844,2
3368181,20
3379867,2
3359440,2
3352202,2
3369655,2
3365274,19
3315742,2
3346555,2
3372686,2
3308982,2
3251134,4
3344957,2
3324742,2
3329262,16
3364163,2
3353742,2
3371193,2
3353741,2
3370092,2
3347929,2
3344998,2
3377104,2
3378834,2
3374178,2
3341066,2
3309264,2
3378900,2
3352752,2
3378901,2
3336422,2
3373209,2
3361418,2
3378999,2
3364537,2
3379094,2
3332486,2
3359832,2
3351102,2
3260017,5
3291978,3
3380237,2
3345297,2
3370474,2
3358711,2
3368521,2
3367555,6
3355972,2
3278769,2
3338521,2
3367597,6
3362931,2
3370534,2
3356979,2
3376389,2
3361832,2
3368729,2
3371529,2
3362862,2
3373469,2
3367688,20
3353160,2
3373535,2
3374800,2
3332960,2
3376502,2
3336896,2
3376562,2
3348637,2
3336782,2
3331041,2
3366137,6
3370708,2
3380736,2
3344559,2
3369032,2
3348695,2
3350428,2
3350345,2
3380760,2
3345916,2
3375028,2
3379559,2
3369160,2
3376708,2
3351526,2
3357597,2
3378037,2
3376653,2
3378038,2
3373692,2
3378019,2
3370851,2
3353343,2
3354698,17
3362068,2
3356338,18
3354875,17
3341773,2
3373918,2
3378300,2
3372314,2
3357945,2
3375310,2
3360725,2
3378317,2
3376931,2
3371028,2
3375507,2
3365158,19
3375464,2
3379775,2
3369748,2
3332034,2
3379850,2
3366718,6
3333429,2
3355199,13
3371113,2
3345078,2
3381558,2
3375689,2
3361161,2
3327542,2
3294323,2
3380002,2
3352536,2
3367017,6
3378833,2
3374177,2
3339230,2
3375887,2
3375912,2
3372925,2
3362499,2
3374218,2
3368501,2
3356756,2
3373240,2
3374219,2
3364451,2
3345155,2
3373188,2
3379093,2
3356952,2
3368570,2
3292958,2
3344074,2
3338445,2
3316284,2
3374490,2
3310644,2
3376481,2
3380442,2
3380441,2
3319503,2
3377512,2
3371720,2
3339607,2
3374711,2
3382267,2
3376476,2
3365841,19
3350190,2
3363135,2
3376467,2
3376553,2
3379391,2
3332961,2
3382320,2
3284858,2
3376537,2
3316699,2
3367706,20
3359010,2
3376619,2
3377787,2
3310997,2
3358949,2
3363196,2
3367767,20
3377893,2
3377913,2
3361977,2
3376623,2
3322564,2
3379490,2
3322561,2
3374926,2
3380831,2
3375110,2
3376700,2
3379604,2
3372019,2
3360430,2
3373744,2
3380810,2
3376732,2
3343045,2
3363343,2
3373844,2
3378167,2
3376690,2
3338868,2
3380930,2
3381215,2
3375295,2
3370928,2
3370912,2
3379727,2
3373942,2
3382765,2
3369686,2
3365214,19
3358086,2
3372588,2
3356487,2
3346469,2
3337633,2
3376929,2
3365298,19
3350688,2
3368164,20
3382764,2
3344936,2
3365314,19
3349498,2
3323118,2
3377054,2
3381445,2
3375589,2
3371107,2
3371154,2
3371185,2
3365391,19
3381629,2
3355362,13
3375690,2
3344988,2
3375805,2
3377125,2
3342121,2
3377134,2
3335303,2
3329308,16
3374214,2
3378859,2
3375867,2
3374215,2
3292933,2
3382966,2
3364243,2
3352639,2
3378936,2
3275731,2
3367226,6
3382045,2
3368571,2
3365620,19
3365665,19
3350019,2
3345270,2
3347036,2
3382046,2
3312208,2
3382187,2
3382091,2
3350101,2
3295018,2
3367596,6
3312466,2
3362759,2
3382190,2
3376398,2
3382193,2
3377421,2
3344478,2
3376452,2
3377416,2
3374551,2
3374620,2
3374453,2
3370597,2
3380514,2
3353154,2
3313849,6
3383321,2
3382268,2
3373504,2
3335779,2
3382349,2
3365847,19
3365848,19
3376466,2
3374778,2
3371804,2
3373570,2
3351504,2
3379552,2
3371922,2
3371871,2
3383769,2
3376538,2
3327148,2
3367808,20
3379550,2
3322694,2
3379529,2
3376670,2
3367834,20
3378086,2
3344662,2
3376618,2
3380940,2
3383676,2
3354596,17
3372073,2
3373728,2
3364977,2
3380761,2
3354612,17
3341764,2
3383928,2
3382505,2
3366330,6
3365080,19
3382545,2
3382583,2
3376820,2
3356370,18
3369252,2
3378168,2
3312736,2
3378210,2
3381187,2
3379797,2
3381208,2
3371079,2
3350728,2
3381315,2
3379774,2
3375465,2
3355046,13
3370956,2
3368154,20
3343494,2
3384345,2
3371078,2
3384357,2
3315914,2
3384365,2
3372685,2
3365297,19
3379875,2
3379980,2
3380001,2
3379939,2
3327543,2
3347961,2
3359593,2
3384596,2
3365410,19
3379985,2
3375806,2
3375868,2
3384497,2
3378698,2
3372854,2
3364128,2
3377177,2
3373086,2
3371341,2
3371342,2
3358708,2
3367434,6
3352952,2
3373141,2
3361603,2
3371379,2
3374434,2
3336601,2
3268967,2
3319186,2
3353067,2
3370503,2
3382223,2
3376387,2
3385171,2
3277916,2
3382206,2
3358909,2
3367681,20
3354303,17
3344330,2
3376508,2
3377640,2
3383385,2
3385221,2
3380476,2
3376480,2
3330005,2
3362930,2
3370632,2
3368731,2
3353240,2
3370649,2
3307893,2
3293413,2
3383668,2
3363197,2
3329978,2
3354310,17
3382360,2
3373668,2
3373709,2
3382374,2
3360196,2
3356154,18
3369179,2
3380747,2
3379553,2
3380715,2
3383694,2
3380830,2
3362067,2
3364959,2
3373757,2
3373760,2
3378066,2
3383834,2
3377904,2
3383789,2
3367945,20
3375162,2
3382572,2
3379587,2
3375234,2
3383804,2
3346190,2
3378105,2
3379720,2
3365075,19
3381065,2
3370891,2
3381016,2
3381054,2
3384114,2
3382584,2
3382686,2
3378283,2
3382716,2
3382683,2
3356462,2
3333284,2
3378287,2
3381314,2
3371053,2
3376864,2
3365188,19
3384081,2
3362323,2
3382771,2
3385668,2
3373963,2
3382720,2
3382770,2
3375479,2
3358085,2
3363929,15
3379851,2
3344966,2
3329164,16
3336355,2
3363936,15
3379981,2
3339226,2
3371195,2
3384600,2
3359622,2
3352503,2
3329513,2
3362725,2
3361531,2
3378924,2
3383049,2
3385978,2
3361573,2
3368511,2
3377218,2
3333680,2
3356828,2
3371451,2
3349919,2
3384880,2
3384881,2
3356904,2
3342277,2
3378955,2
3309505,2
3367483,6
3386105,2
3323947,2
3361660,2
3307567,2
3385166,2
3319301,2
3332742,2
3386214,2
3356987,2
3385170,2
3367720,20
3382216,2
3379380,2
3368747,2
3348412,2
3385271,2
3383419,2
3383597,2
3344657,2
3376580,2
3379447,2
3385363,2
3367833,20
3383670,2
3385331,2
3377940,2
3376733,2
3283756,2
3383679,2
3377941,2
3383869,2
3376694,2
3370813,2
3330256,2
3356312,18
3383817,2
3366406,6
3381017,2
3385556,2
3379736,2
3372207,2
3381043,2
3373849,2
3353539,2
3365081,19
3360711,2
3385610,2
3382613,2
3363689,2
3365166,19
3382704,2
3382678,2
3350717,2
3363676,2
3379821,2
3366667,6
3330466,2
3384324,2
3385683,2
3286868,2
3379843,2
3379907,2
3387261,2
3387335,2
3366914,6
3387260,2
3365300,19
3356636,2
3356635,2
3384376,2
3378543,2
3375708,2
3356587,2
3384489,2
3385767,2
3334834,2
3385821,2
3323268,2
3382937,2
3372877,2
3385811,2
3384621,2
3356739,2
3384595,2
3385825,2
3382965,2
3381811,2
3387739,2
3375953,2
3371255,2
3373135,2
3342266,2
3350948,2
3364376,2
3385979,2
3374325,2
3374362,2
3382188,2
3387961,2
3371467,2
3382027,2
3341385,2
3326842,2
3294937,2
3371545,2
3354136,2
3379337,2
3386210,2
3383195,2
3371564,2
3287544,2
3380351,2
3385135,2
3368839,2
3379445,2
3373582,2
3354350,17
3383446,2
3373531,2
3330002,2
3354172,2
3385244,2
3371882,2
3383507,2
3338720,2
3358989,2
3351334,2
3386525,2
3330006,2
3379496,2
3380654,2
3359130,2
3330124,2
3380735,2
3383669,2
3383794,2
3370742,2
3374989,2
3383747,2
3385472,2
3373720,2
3318527,2
3352053,2
3379641,2
3383927,2
3385536,2
3344663,2
3370833,2
3382679,2
3382649,2
3386940,2
3381022,2
3382636,2
3381207,2
3360806,2
3357816,2
3373896,2
3374040,2
3372527,2
3375486,2
3375590,2
3355081,13
3388579,15
3333430,2
3382719,2
3385684,2
3374039,2
3385689,2
3321818,2
3381446,2
3291428,11
3368171,20
3295602,2
3387414,2
3382872,2
3331996,2
3385803,2
3361170,2
3349453,2
3375799,2
3377105,2
3384622,2
3384488,2
3349499,2
3361226,2
3388802,15
3387456,2
3352429,2
3378776,2
3384551,2
3377145,2
3375950,2
3364328,2
3374238,2
3375958,2
3374264,2
3373208,2
3361469,2
3384759,2
3377200,2
3341124,2
3345298,2
3388985,15
3342337,2
3387962,2
3376228,2
3348177,2
3324084,2
3338518,2
3385116,2
3382189,2
3377382,2
3358960,2
3380333,2
3364679,2
3350206,2
3385181,2
3380320,2
3386306,2
3383445,2
3367715,20
3383438,2
3356132,18
3385261,2
3372094,2
3389422,2
3380769,2
3359164,2
3382467,2
3380811,2
3375089,2
3371914,2
3383803,2
3385404,2
3379554,2
3383818,2
3302244,2
3380862,2
3366514,6
3343039,2
3381042,2
3385469,2
3370877,2
3385497,2
3365085,19
3344710,2
3375120,2
3384080,2
3385559,2
3388481,15
3386977,2
3376807,2
3350684,2
3388470,15
3388489,15
3366614,6
3379728,2
3384172,2
3373949,2
3366687,6
3381420,2
3376882,2
3387283,2
3362372,2
3340303,2
3375549,2
3379861,2
3365327,19
3384512,2
3379908,2
3377039,2
3312941,2
3366847,6
3390191,2
3369789,2
3387457,2
3377040,2
3387411,2
3382902,2
3390484,2
3377133,2
3365335,19
3346536,2
3364164,2
3384684,2
3388715,15
3388803,15
3377150,2
3323704,2
3374265,2
3387630,2
3382995,2
3373140,2
3352858,2
3338099,2
3381892,2
3370159,2
3314965,2
3336451,2
3386030,2
3374326,2
3326455,2
3387750,2
3388910,15
3382028,2
3344254,2
3377286,2
3387847,2
3368512,2
3385036,2
3319180,2
3298882,12
3374395,2
3387907,2
3321145,2
3364565,2
3348335,2
3379308,2
3370504,2
3365905,19
3374562,2
3377630,2
3379313,2
3377482,2
3357146,2
3367768,20
3377592,2
3371668,2
3386439,2
3337109,2
3380475,2
3376482,2
3344488,2
3363122,2
3389282,2
3364816,2
3377830,2
3388245,15
3369189,2
3374910,2
3383596,2
3380746,2
3367891,20
3367749,20
3385379,2
3386684,2
3364974,2
3341650,2
3363466,2
3363449,2
3359152,2
3391222,2
3383870,2
3391269,2
3376780,2
3385532,2
3330291,2
3389781,2
3366438,6
3388469,15
3385598,2
3376843,2
3378266,2
3378284,2
3388480,15
3379751,2
3388557,15
3379779,2
3387188,2
3379820,2
3379833,2
3390143,2
3359422,2
3387282,2
3391424,2
3371097,2
3391491,2
3356581,2
3391546,2
3377050,2
3390192,2
3358132,2
3369790,2
3323577,2
3390378,2
3375959,2
3327680,2
3371217,2
3387415,2
3358372,2
3384496,2
3353822,2
3381720,2
3382919,2
3344956,2
3374254,2
3381630,2
3364327,2
3365469,19
3377254,2
3382972,2
3377164,2
3387751,2
3320867,2
3385948,2
3379012,2
3387711,2
3376047,2
3347002,2
3387738,2
3380063,2
3387882,2
3365632,19
3384841,2
3271420,2
3371320,2
3362612,2
3384840,2
3390789,2
3377206,2
3316317,2
3382092,2
3383157,2
3380240,2
3368576,2
3352782,2
3386106,2
3365633,19
3367590,6
3354026,2
3339511,2
3336563,2
3354108,2
3377405,2
3380334,2
3391927,2
3388092,15
3382298,2
3377462,2
3388079,15
3364788,2
3373470,2
3388116,15
3376397,2
3373533,2
3386318,2
3385222,2
3351549,2
3383633,2
3382288,2
3386329,2
3379433,2
3385249,2
3366249,6
3383535,2
3392203,2
3383471,2
3368960,2
3391139,2
3389396,2
3386366,2
3383508,2
3389469,2
3373598,2
3388254,15
3383680,2
3359020,2
3377892,2
3354537,17
3351695,2
3382471,2
3391194,2
3379489,2
3383833,2
3338820,2
3382566,2
3386790,2
3385416,2
3385417,2
3388333,15
3375255,2
3389790,2
3391291,2
3369391,2
3389830,2
3389872,2
3381139,2
3362196,2
3382730,2
3366686,6
3391444,2
3389907,2
3373882,2
3392953,2
3372490,2
3391443,2
3382684,2
3371049,2
3368140,20
3376910,2
3391450,2
3390161,2
3390096,2
3373983,2
3281207,2
3385780,2
3315846,2
3390162,2
3379924,2
3381523,2
3372806,2
3390257,2
3385810,2
3361169,2
3385839,2
3387492,2
3334988,2
3382930,2
3375800,2
3377212,2
3359531,2
3371394,2
3382971,2
3388784,15
3378785,2
3382994,2
3364428,2
3330602,2
3391782,2
3347035,2
3383031,2
3383100,2
3367286,6
3380157,2
3391807,2
3391706,2
3381899,2
3384851,2
3362593,2
3388885,15
3393676,2
3391779,2
3386011,2
3387830,2
3336533,2
3386055,2
3350131,2
3370230,2
3362726,2
3380241,2
3315192,2
3387908,2
3348256,2
3383275,2
3361783,2
3377415,2
3380424,2
3393885,2
3364793,2
3358925,2
3389230,2
3377463,2
3370585,2
3380319,2
3377511,2
3373503,2
3360207,2
3383420,2
3361897,2
3363017,2
3368838,2
3392239,2
3386536,2
3388271,15
3382361,2
3386603,2
3392407,2
3383693,2
3391138,2
3357252,2
3385430,2
3376669,2
3385392,2
3337121,2
3386711,2
3382509,2
3362087,2
3331457,2
3388298,15
3372087,2
3386787,2
3376654,2
3389571,2
3334409,2
3386741,2
3373795,2
3357644,2
3386780,2
3391293,2
3386809,2
3340132,2
3379605,2
3394222,2
3360577,2
3388392,15
3386808,2
3372326,2
3366367,6
3376761,2
3379769,2
3394275,2
3333211,2
3378239,2
3373919,2
3379755,2
3390150,2
3360830,2
3374023,2
3372593,2
3375548,2
3390242,2
3393246,2
3382903,2
3388680,15
3391567,2
3346581,2
3372870,2
3391653,2
3390243,2
3373085,2
3340959,2
3352544,2
3383030,2
3358422,2
3387493,2
3342215,2
3391742,2
3386007,2
3390513,2
3350942,2
3343939,2
3387846,2
3379091,2
3391799,2
3380194,2
3380167,2
3359717,2
3347147,2
3382059,2
3365661,19
3344309,2
3271807,2
3319208,2
3294958,2
3361769,2
3383330,2
3351246,2
3373442,2
3393886,2
3389122,2
3296104,2
3388096,15
3388097,15
3382226,2
3376447,2
3350248,2
3374726,2
3388157,15
3300996,2
3386383,2
3392118,2
3377665,2
3371933,2
3383386,2
3383531,2
3388253,15
3388217,15
3388272,15
3382421,2
3382427,2
3362061,2
3394080,2
3386499,2
3379503,2
3385357,2
3386712,2
3385498,2
3388423,15
3348938,2
3386749,2
3382499,2
3376760,2
3391232,2
3363444,2
3392548,2
3386858,2
3394223,2
3289570,2
3386793,2
3376772,2
3391373,2
3391404,2
3365106,19
3337455,2
3391425,2
3390006,2
3392846,2
3387004,2
3370896,2
3350582,2
3378479,2
3379827,2
3375438,2
3391549,2
3382790,2
3396014,2
3394477,2
3332255,2
3346525,2
3394489,2
3371114,2
3384561,2
3391566,2
3382871,2
3355331,13
3385820,2
3374251,2
3393256,2
3388815,15
3384758,2
3365409,19
3384743,2
3327734,2
3391773,2
3355566,2
3377205,2
3345192,2
3394609,2
3332416,2
3391798,2
3387862,2
3394696,2
3377235,2
3394698,2
3379167,2
3388986,15
3374411,2
3291959,3
3367593,6
3393835,2
3393876,2
3391926,2
3394876,2
3394949,2
3392087,2
3391021,2
3393906,2
3392063,2
3383342,2
3389131,2
3303966,2
3367771,20
3367797,20
3396881,2
3395200,2
3389421,2
3388216,15
3360277,2
3385386,2
3382364,2
3391091,2
3371994,2
3382429,2
3394041,2
3389496,2
3382417,2
3299536,2
3377879,2
3391226,2
3341703,2
3395417,2
3385385,2
3392554,2
3395451,2
3388322,15
3397069,2
3394201,2
3381023,2
3359257,2
3381066,2
3363429,2
3354597,17
3395513,2
3394220,2
3366331,6
3397142,2
3394265,2
3357705,2
3370895,2
3369368,2
3376817,2
3360757,2
3368015,20
3392764,2
3382675,2
3341967,2
3337442,2
3394349,2
3392834,2
3395858,2
3350716,2
3369570,2
3375547,2
3381190,2
3393023,2
3350685,2
3375282,2
3384165,2
3395969,2
3387139,2
3346276,2
3385726,2
3372664,2
3374076,2
3375674,2
3391535,2
3397334,2
3374063,2
3396015,2
3365315,19
3372489,2
3381377,2
3366913,6
3390144,2
3384325,2
3390286,2
3385785,2
3394448,2
3393263,2
3393175,2
3393176,2
3369747,2
3365459,19
3388696,15
3394519,2
3346689,2
3377077,2
3374136,2
3394616,2
3391663,2
3382938,2
3372984,2
3362495,2
3390529,2
3381893,2
3281206,2
3383023,2
3321915,2
3388946,15
3327743,2
3394754,2
3386039,2
3383099,2
3379092,2
3393824,2
3371485,2
3393735,2
3384978,2
3377344,2
3318132,2
3374391,2
3394815,2
3281484,2
3386123,2
3385115,2
3393852,2
3390928,2
3310731,2
3374614,2
3368710,2
3388146,15
3350289,2
3354171,2
3313633,5
3395172,2
3386524,2
3377658,2
3393978,2
3371934,2
3371740,2
3389470,2
3394005,2
3380612,2
3354613,17
3344508,2
3392388,2
3379560,2
3367750,20
3366152,6
3383767,2
3388347,15
3391188,2
3394153,2
3391159,2
3398361,2
3392431,2
3373738,2
3397134,2
3398464,2
3389573,2
3395542,2
3395423,2
3388478,15
3397054,2
3397130,2
3397133,2
3395602,2
3375111,2
3369282,2
3387100,2
3394235,2
3392802,2
3308568,2
3388548,15
3373923,2
3389826,2
3395857,2
3372410,2
3331795,2
3390054,2
3385669,2
3393094,2
3372503,2
3379756,2
3388651,15
3371129,2
3395927,2
3391451,2
3394478,2
3398859,2
3384385,2
3374075,2
3358273,2
3377053,2
3369771,2
3294408,2
3294222,2
3390346,2
3399167,2
3362507,2
3380058,2
3362502,2
3393495,2
3378699,2
3390514,2
3315032,2
3375936,2
3393589,2
3380059,2
3332294,2
3397569,2
3381898,2
3352502,2
3387662,2
3358568,2
3393545,2
3394674,2
3396475,2
3388876,15
3361420,2
3370242,2
3368520,2
3376221,2
3396544,2
3277525,2
3389016,15
3344216,2
3397710,2
3335631,2
3323940,2
3350184,2
3391936,2
3394875,2
3322233,2
3385212,2
3396815,2
3394997,2
3390929,2
3386314,2
3393879,2
3398065,2
3396831,2
3399775,2
3397924,2
3386310,2
3393977,2
3394058,2
3368961,2
3383490,2
3385242,2
3395173,2
3389347,2
3398147,2
3383675,2
3388156,15
3337005,2
3369031,2
3394055,2
3394018,2
3364900,2
3376569,2
3327114,2
3388287,15
3366204,6
3399877,2
3398271,2
3287660,2
3391191,2
3395392,2
3369286,2
3378020,2
3385471,2
3398274,2
3369332,2
3395407,2
3362086,2
3389721,2
3391252,2
3397053,2
3392639,2
3397104,2
3378085,2
3392736,2
3398504,2
3369441,2
3398463,2
3378118,2
3392666,2
3379750,2
3391403,2
3392803,2
3292664,2
3391360,2
3400139,2
3397272,2
3359421,2
3382687,2
3392787,2
3388534,15
3339028,2
3352154,2
3397237,2
3334671,2
3368265,2
3371060,2
3397335,2
3394461,2
3398833,2
3395968,2
3393024,2
3362345,2
3381275,2
3379874,2
3394447,2
3288467,2
3394462,2
3400294,2
3369945,2
3394488,2
3361162,2
3381471,2
3384344,2
3394436,2
3369937,2
3377051,2
3390377,2
3384493,2
3381653,2
3399330,2
3394608,2
3400423,2
3339421,2
3391687,2
3374318,2
3371287,2
3374255,2
3394680,2
3393506,2
3387881,2
3379166,2
3396597,2
3297790,2
3399378,2
3361627,2
3361628,2
3338432,2
3393736,2
3379129,2
3385031,2
3365643,19
3319165,2
3373429,2
3345421,2
3399660,2
3383320,2
3361819,2
3391022,2
3373464,2
3312520,2
3318323,2
3388147,15
3394998,2
3395054,2
3395059,2
3398064,2
3376483,2
3385332,2
3388190,15
3397905,2
3399790,2
3389251,2
3344457,2
3347368,2
3364817,2
3398078,2
3347567,2
3351639,2
3391160,2
3398340,2
3395418,2
3376717,2
3383854,2
3394121,2
3373758,2
3375121,2
3398330,2
3378010,2
3400039,2
3400042,2
3388389,15
3392835,2
3318676,2
3375266,2
3398590,2
3394266,2
3379719,2
3397232,2
3388495,15
3376887,2
3369500,2
3386917,2
3381260,2
3387059,2
3385622,2
3388587,15
3375673,2
3390013,2
3356542,2
3355284,13
3387224,2
3394524,2
3353787,2
3390285,2
3392999,2
3398919,2
3376966,2
3374159,2
3391596,2
3368329,2
3393255,2
3384562,2
3402019,2
3382874,2
3370034,2
3274449,2
3378925,2
3345029,2
3394626,2
3400451,2
3393295,2
3380203,2
3355537,2
3387776,2
3368504,2
3381810,2
3397568,2
3376048,2
3400538,2
3402394,2
3388945,15
3387800,2
3373165,2
3368470,2
3371486,2
3399477,2
3397621,2
3396529,2
3393675,2
3358710,2
3382014,2
3380218,2
3373433,2
3402574,2
3386363,2
3382192,2
3392062,2
3385175,2
3399802,2
3385157,2
3327168,2
3383437,2
3394983,2
3389283,2
3379407,2
3398015,2
3389442,2
3385241,2
3373623,2
3373576,2
3399878,2
3339672,2
3342819,2
3386398,2
3380699,2
3386505,2
3367794,20
3386582,2
3399943,2
3401068,2
3394059,2
3398339,2
3386797,2
3394099,2
3392408,2
3383853,2
3402923,2
3398403,2
3364998,2
3398454,2
3392553,2
3385391,2
3386777,2
3372367,2
3382544,2
3376773,2
3360724,2
3369340,2
3394331,2
3379788,2
3394358,2
3401596,2
3400165,2
3388564,15
3398860,2
3385676,2
3388598,15
3391523,2
3394415,2
3397263,2
3400209,2
3398830,2
3372574,2
3375649,2
3390167,2
3388719,15
3382875,2
3391550,2
3372725,2
3399042,2
3397459,2
3390256,2
3400331,2
3399158,2
3393272,2
3397463,2
3393304,2
3275560,2
3391705,2
3370091,2
3374250,2
3368419,2
3362670,2
3393483,2
3400486,2
3388895,15
3377219,2
3393588,2
3397626,2
3394627,2
3402348,2
3391774,2
3394673,2
3362610,2
3386008,2
3397571,2
3378998,2
3383070,2
3352961,2
3393704,2
3356894,2
3386029,2
3370343,2
3374412,2
3386056,2
3283447,2
3396794,2
3379276,2
3382217,2
3402634,2
3357061,2
3354109,2
3393907,2
3402699,2
3395087,2
3397906,2
3402635,2
3390983,2
3393940,2
3373441,2
3402733,2
3402698,2
3399811,2
3386348,2
3370598,2
3402686,2
3379432,2
3399801,2
3400935,2
3380716,2
3388235,15
3389255,2
3372086,2
3401109,2
3392379,2
3401027,2
3379471,2
3397085,2
3389634,2
3404120,2
3394168,2
3402873,2
3383768,2
3372206,2
3394254,2
3402958,2
3368014,20
3380877,2
3391343,2
3404386,2
3395623,2
3391322,2
3401597,2
3397248,2
3385531,2
3375296,2
3375478,2
3401524,2
3379794,2
3403125,2
3398771,2
3349251,2
3398772,2
3381374,2
3404759,2
3347928,2
3387225,2
3390129,2
3352462,2
3376901,2
3384492,2
3404803,2
3397462,2
3381639,2
3393128,2
3388752,15
3375835,2
3399133,2
3402020,2
3393463,2
3362705,2
3375913,2
3397564,2
3400450,2
3405213,2
3358709,2
3400518,2
3391770,2
3403501,2
3388955,15
3396492,2
3384992,2
3391808,2
3400519,2
3393620,2
3402428,2
3391883,2
3389017,15
3326871,2
3379277,2
3400687,2
3402578,2
3371686,2
3377622,2
3393869,2
3362823,2
3405562,2
3382289,2
3389047,15
3403785,2
3392138,2
3371685,2
3405554,2
3396884,2
3389318,2
3396905,2
3400961,2
3385289,2
3402763,2
3388189,15
3395053,2
3386399,2
3392137,2
3379481,2
3360126,2
3398275,2
3396977,2
3405727,2
3388234,15
3395373,2
3399908,2
3380625,2
3399963,2
3405792,2
3367871,20
3401202,2
3374988,2
3373827,2
3379567,2
3395347,2
3401221,2
3394151,2
3369331,2
3388353,15
3388388,15
3363395,2
3378333,2
3380931,2
3394219,2
3394236,2
3368052,20
3397239,2
3394330,2
3391381,2
3365132,19
3368104,20
3373845,2
3397277,2
3390026,2
3375546,2
3403067,2
3400278,2
3390149,2
3379891,2
3334962,2
3363690,2
3385784,2
3337850,2
3390130,2
3368242,2
3398973,2
3404866,2
3394467,2
3362487,2
3400374,2
3406129,2
3368252,2
3369944,2
3384552,2
3404867,2
3377124,2
3377149,2
3405126,2
3365363,19
3383048,2
3364385,2
3405125,2
3349632,2
3387631,2
3386038,2
3406334,2
3405150,2
3367416,6
3373125,2
3400568,2
3391859,2
3380193,2
3394749,2
3383124,2
3339304,2
3402486,2
3390790,2
3382097,2
3394777,2
3345269,2
3405448,2
3333638,2
3405494,2
3388071,15
3386213,2
3394990,2
3393932,2
3406595,2
3339823,2
3370601,2
3403770,2
3395060,2
3396863,2
3405580,2
3398099,2
3405624,2
3364789,2
3371921,2
3401003,2
3399858,2
3405695,2
3395306,2
3377591,2
3405676,2
3396898,2
3400936,2
3401141,2
3373681,2
3401108,2
3399862,2
3395267,2
3404051,2
3399881,2
3405728,2
3385333,2
3383748,2
3392416,2
3363386,2
3401100,2
3391280,2
3366388,6
3379625,2
3404305,2
3397141,2
3402989,2
3404375,2
3330044,2
3404269,2
3400031,2
3403100,2
3386941,2
3400135,2
3372323,2
3385611,2
3404387,2
3375452,2
3397222,2
3398663,2
3404620,2
3360973,2
3385560,2
3387110,2
3384301,2
3401717,2
3398831,2
3321819,2
3384364,2
3404660,2
3398842,2
3375650,2
3404776,2
3391524,2
3406193,2
3385804,2
3391529,2
3390398,2
3393164,2
3400321,2
3375791,2
3379925,2
3400405,2
3406128,2
3394573,2
3404934,2
3372923,2
3399246,2
3405002,2
3400422,2
3396310,2
3394586,2
3364378,2
3380064,2
3406266,2
3384641,2
3406333,2
3393494,2
3390637,2
3396530,2
3405187,2
3402393,2
3400470,2
3374370,2
3388001,2
3406404,2
3396625,2
3403484,2
3393834,2
3402579,2
3393877,2
3396834,2
3403646,2
3388088,15
3399744,2
3392046,2
3402608,2
3400793,2
3406544,2
3402681,2
3397839,2
3405612,2
3397938,2
3401004,2
3405625,2
3402717,2
3406667,2
3358926,2
3402752,2
3403769,2
3382366,2
3408603,2
3369109,2
3394014,2
3403912,2
3408607,2
3408602,2
3399938,2
3399941,2
3335875,2
3406907,2
3399927,2
3407082,2
3395278,2
3389748,2
3404121,2
3404126,2
3407102,2
3375133,2
3401312,2
3400032,2
3391326,2
3404168,2
3408779,2
3401343,2
3395689,2
3395832,2
3400171,2
3403024,2
3398662,2
3340468,2
3388580,15
3382797,2
3409014,2
3356461,2
3407647,2
3400344,2
3407736,2
3379918,2
3349538,2
3394426,2
3366870,6
3396100,2
3379986,2
3387477,2
3366991,6
3400354,2
3396232,2
3402016,2
3409075,2
3404935,2
3406203,2
3364173,2
3403287,2
3385838,2
3381640,2
3374234,2
3406212,2
3397543,2
3403342,2
3393245,2
3384642,2
3405136,2
3308993,2
3406281,2
3397587,2
3396382,2
3368353,2
3399426,2
3408092,2
3409220,2
3352803,2
3394572,2
3408151,2
3368469,2
3335403,2
3351101,2
3400591,2
3281511,2
3295889,2
3374433,2
3352945,2
3405427,2
3289215,2
3391935,2
3403621,2
3402613,2
3408423,2
3397762,2
3388093,15
3406542,2
3383274,2
3409489,2
3399812,2
3399713,2
3405587,2
3399789,2
3351274,2
3402680,2
3382313,2
3402691,2
3401011,2
3366161,6
3409647,2
3409777,2
3408596,2
3408593,2
3396933,2
3402743,2
3395372,2
3392375,2
3398196,2
3408600,2
3401138,2
3398231,2
3398178,2
3394139,2
3392385,2
3394062,2
3392384,2
3379561,2
3392415,2
3372148,2
3406974,2
3402861,2
3400066,2
3402885,2
3405869,2
3388321,15
3385376,2
3398491,2
3375132,2
3410036,2
3395591,2
3363251,2
3386742,2
3397086,2
3395590,2
3407265,2
3405933,2
3375374,2
3407382,2
3410351,2
3397249,2
3398640,2
3405972,2
3400208,2
3400211,2
3401821,2
3408993,2
3387109,2
3373962,2
3390027,2
3407607,2
3409052,2
3381666,2
3407825,2
3379892,2
3377199,2
3406135,2
3403367,2
3391584,2
3409073,2
3390274,2
3400353,2
3356755,2
3409090,2
3290001,2
3409166,2
3406257,2
3375980,2
3390311,2
3397586,2
3402015,2
3409167,2
3290002,2
3374197,2
3375981,2
3376046,2
3376060,2
3372990,2
3410925,2
3405209,2
3394720,2
3383071,2
3407970,2
3400523,2
3406306,2
3402177,2
3397631,2
3399586,2
3348193,2
3390849,2
3409361,2
3367592,6
3409362,2
3329578,2
3393836,2
3405496,2
3396814,2
3379336,2
3396756,2
3406621,2
3408405,2
3382314,2
3406596,2
3397937,2
3400808,2
3360022,2
3357194,2
3379406,2
3377657,2
3406751,2
3380513,2
3402718,2
3408557,2
3408558,2
3318352,2
3408533,2
3386504,2
3383514,2
3383532,2
3408592,2
3408597,2
3392086,2
3399926,2
3382430,2
3404040,2
3408670,2
3386609,2
3386552,2
3389441,2
3399848,2
3383615,2
3409795,2
3368984,2
3357338,2
3395455,2
3408638,2
3404183,2
3376741,2
3360407,2
3407127,2
3389572,2
3410127,2
3395488,2
3408794,2
3401321,2
3407145,2
3401484,2
3381140,2
3403033,2
3408882,2
3395622,2
3410215,2
3398571,2
3395896,2
3382640,2
3369283,2
3392822,2
3405901,2
3365218,19
3401650,2
3375439,2
3408940,2
3411796,2
3373950,2
3408931,2
3400243,2
3407543,2
3392954,2
3400242,2
3330366,2
3353600,2
3376930,2
3379938,2
3400295,2
3403191,2
3397401,2
3382884,2
3409051,2
3366769,6
3388716,15
3381654,2
3410627,2
3406204,2
3383024,2
3404833,2
3384679,2
3393217,2
3412023,2
3401943,2
3333448,2
3335416,2
3388814,15
3368510,2
3406256,2
3393524,2
3405208,2
3409269,2
3411023,2
3402247,2
3341240,2
3405317,2
3403452,2
3394721,2
3411120,2
3396624,2
3397688,2
3403523,2
3391769,2
3405480,2
3399537,2
3382227,2
3399731,2
3408497,2
3389199,2
3402609,2
3403715,2
3383341,2
3412492,21
3405607,2
3403812,2
3408508,2
3412626,21
3396883,2
3412644,21
3405677,2
3405736,2
3411470,2
3399913,2
3398134,2
3402860,2
3406906,2
3339860,2
3404282,2
3412931,21
3382557,2
3405871,2
3411688,2
3411687,2
3376740,2
3413003,21
3395556,2
3400046,2
3411681,2
3388427,15
3411717,2
3391339,2
3407361,2
3344862,2
3408859,2
3407468,2
3407425,2
3385690,2
3411818,2
3392737,2
3407451,2
3384268,2
3396013,2
3393095,2
3397343,2
3353664,2
3352384,2
3388751,15
3391530,2
3409076,2
3413623,21
3411988,2
3403271,2
3398908,2
3349452,2
3407943,2
3373126,2
3412026,2
3409091,2
3320626,2
3396311,2
3381719,2
3402107,2
3394587,2
3405219,2
3378937,2
3352802,2
3373097,2
3379979,2
3297430,2
3371395,2
3342276,2
3402347,2
3405137,2
3278495,2
3381910,2
3393619,2
3403451,2
3394706,2
3402481,2
3400661,2
3412300,22
3367538,6
3380278,2
3402575,2
3411294,2
3405547,2
3406668,2
3412493,21
3411388,2
3402685,2
3402626,2
3402596,2
3409498,2
3411389,2
3412518,21
3367666,20
3412539,21
3403716,2
3402734,2
3399745,2
3376568,2
3408578,2
3409640,2
3409648,2
3405696,2
3386402,2
3412557,21
3412649,21
3380941,2
3354363,17
3333005,2
3392306,2
3407009,2
3380737,2
3408676,2
3407101,2
3398238,2
3409854,2
3395543,2
3397096,2
3408740,2
3409936,2
3398682,2
3414640,2
3414639,2
3411744,2
3394255,2
3391351,2
3403053,2
3413105,21
3403071,2
3413166,21
3379828,2
3388597,15
3363737,2
3388565,15
3404623,2
3375453,2
3409013,2
3403254,2
3400210,2
3372702,2
3391545,2
3355272,13
3365345,19
3400238,2
3413415,21
3398943,2
3401917,2
3410522,2
3388679,15
3367062,6
3410628,2
3404915,2
3391664,2
3414851,2
3404865,2
3390264,2
3413624,21
3390544,2
3404841,2
3413519,21
3412008,2
3403288,2
3403352,2
3404926,2
3407969,2
3413553,21
3390441,2
3410729,2
3412043,2
3410838,2
3400471,2
3406211,2
3405156,2
3400474,2
3358405,2
3384850,2
3329640,2
3402202,2
3387855,2
3391650,2
3403410,2
3376229,2
3394849,2
3379030,2
3315209,2
3414110,2
3403498,2
3367563,6
3323948,2
3374563,2
3414252,2
3409406,2
3403740,2
3414280,2
3405561,2
3402692,2
3399702,2
3412513,21
3411467,2
3412397,21
3409499,2
3414338,2
3409518,2
3415386,2
3412558,21
3406738,2
3362907,2
3403975,2
3412716,21
3412717,21
3386493,2
3380912,2
3408585,2
3411533,2
3385334,2
3386608,2
3394063,2
3411585,2
3389556,2
3412780,21
3412852,21
3408713,2
3408712,2
3414468,2
3401264,2
3415812,2
3388464,15
3411610,2
3407093,2
3412930,21
3388367,15
3345915,2
3407144,2
3397103,2
3414625,2
3413066,21
3405850,2
3416018,2
3414563,2
3400149,2
3416017,2
3388520,15
3407237,2
3311472,2
3405965,2
3413157,21
3413165,21
3395781,2
3414686,2
3408904,2
3370971,2
3410230,2
3375569,2
3408873,2
3369871,2
3395746,2
3411869,2
3387189,2
3398754,2
3414825,2
3314464,6
3397382,2
3400237,2
3368253,2
3381396,2
3394536,2
3388697,15
3404834,2
3353772,2
3387372,2
3390273,2
3394472,2
3400259,2
3410588,2
3388652,15
3414865,2
3397486,2
3400332,2
3409068,2
3409143,2
3359690,2
3397446,2
3394617,2
3413845,2
3373242,2
3406403,2
3399478,2
3377213,2
3414089,2
3414175,2
3408152,2
3409338,2
3354046,2
3397711,2
3368542,2
3374392,2
3358878,2
3411325,2
3403645,2
3374537,2
3403625,2
3412306,22
3386349,2
3405586,2
3411330,2
3385134,2
3358993,2
3402684,2
3385232,2
3344458,2
3409525,2
3402683,2
3412593,21
3406767,2
3401012,2
3415482,2
3374615,2
3395152,2
3368963,2
3389326,2
3415499,2
3415579,2
3415516,2
3399863,2
3411390,2
3412650,21
3408577,2
3393999,2
3411497,2
3412839,21
3411609,2
3395472,2
3417337,2
3410128,2
3354721,17
3404306,2
3404275,2
3413025,21
3413030,21
3404301,2
3411640,2
3417558,2
3395473,2
3402943,2
3410306,2
3417541,2
3417542,2
3416021,2
3403023,2
3384057,2
3413109,21
3417607,2
3411772,2
3416126,2
3397262,2
3393027,2
3407648,2
3406101,2
3382715,2
3416248,2
3318776,2
3379780,2
3411868,2
3404745,2
3416444,2
3416488,2
3323269,2
3361304,2
3377144,2
3416611,2
3400345,2
3413846,2
3390393,2
3414941,2
3401933,2
3381755,2
3388733,15
3410824,2
3397526,2
3364538,2
3397622,2
3413914,2
3412160,2
3408093,2
3381911,2
3393442,2
3362592,2
3387777,2
3391890,2
3378954,2
3396718,2
3406397,2
3417071,2
3294828,2
3386124,2
3418130,2
3389142,2
3395028,2
3408456,2
3412449,21
3414361,2
3360031,2
3310903,2
3412736,21
3408624,2
3406814,2
3412643,21
3418394,2
3401089,2
3401101,2
3398301,2
3406975,2
3408721,2
3417378,2
3417327,2
3417340,2
3415670,2
3402858,2
3318351,2
3408734,2
3418832,2
3418769,2
3401342,2
3407096,2
3418718,2
3395365,2
3401263,2
3417468,2
3404302,2
3407330,2
3397211,2
3418927,2
3414681,2
3413221,21
3386871,2
3388393,15
3416056,2
3418928,2
3403050,2
3405994,2
3403054,2
3398702,2
3388605,15
3375256,2
3410293,2
3404563,2
3408881,2
3416261,2
3414747,2
3414748,2
3390089,2
3413532,21
3401707,2
3365325,19
3353661,2
3408962,2
3410305,2
3410660,2
3417721,23
3409072,2
3391577,2
3410661,2
3404744,2
3414901,2
3406280,2
3400473,2
3378786,2
3414996,2
3408041,2
3367189,6
3400516,2
3330618,2
3370252,2
3396453,2
3408217,2
3390638,2
3415121,2
3415055,2
3402485,2
3394816,2
3371413,2
3415122,2
3382060,2
3412299,22
3361782,2
3361820,2
3418105,2
3382207,2
3409407,2
3417177,2
3406626,2
3405548,2
3418358,2
3405669,2
3418305,2
3417183,2
3408532,2
3396864,2
3408505,2
3383612,2
3383616,2
3412475,21
3411391,2
3406805,2
3418447,2
3401015,2
3417310,2
3363134,2
3418482,2
3404021,2
3406994,2
3392378,2
3402835,2
3415627,2
3415695,2
3383647,2
3382398,2
3405668,2
3411506,2
3397073,2
3394202,2
3386794,2
3404104,2
3417451,2
3398402,2
3407075,2
3415702,2
3412940,21
3420375,2
3402990,2
3398503,2
3420408,2
3411652,2
3415813,2
3407349,2
3373796,2
3407212,2
3420429,2
3410294,2
3420407,2
3417620,2
3375367,2
3401672,2
3420428,2
3417587,2
3414702,2
3408921,2
3401798,2
3398832,2
3384300,2
3337881,2
3372985,2
3413520,21
3401879,2
3419255,2
3420586,2
3411926,2
3387091,2
3394520,2
3410684,2
3391578,2
3400350,2
3385815,2
3404790,2
3406192,2
3417788,23
3413557,21
3407826,2
3396197,2
3419340,2
3393294,2
3412059,2
3408040,2
3401932,2
3417872,23
3417877,23
3399145,2
3419531,2
3410881,2
3419607,2
3413847,2
3419579,2
3397527,2
3393482,2
3393413,2
3376059,2
3380156,2
3405186,2
3420929,2
3416842,2
3352769,2
3408357,2
3394648,2
3414023,2
3403497,2
3402482,2
3408189,2
3400618,2
3350998,2
3321244,2
3412319,22
3406536,2
3385158,2
3374452,2
3365705,19
3360009,2
3415325,2
3392047,2
3414349,2
3316721,2
3411500,2
3405656,2
3418564,2
3414429,2
3405809,2
3421520,2
3414423,2
3420231,2
3397070,2
3407259,2
3411705,2
3418749,2
3415785,2
3413039,21
3411646,2
3389791,2
3418890,2
3398405,2
3380913,2
3410047,2
3411743,2
3421823,2
3407385,2
3413024,21
3416127,2
3421824,2
3386902,2
3391490,2
3417594,2
3378318,2
3398814,2
3371215,2
3398909,2
3371108,2
3408941,2
3413372,21
3404713,2
3376886,2
3404653,2
3419249,2
3413595,21
3407579,2
3420585,2
3394537,2
3407699,2
3420611,2
3403159,2
3413531,21
3419411,2
3387334,2
3409067,2
3416480,2
3359516,2
3419412,2
3391654,2
3414902,2
3385727,2
3401907,2
3326523,2
3393163,2
3410823,2
3410791,2
3416546,2
3416677,2
3409171,2
3407840,2
3400550,2
3405200,2
3414963,2
3416705,2
3405248,2
3400537,2
3413984,2
3413873,2
3396590,2
3316156,2
3413913,2
3420871,2
3387801,2
3420847,2
3412161,2
3380168,2
3396543,2
3419875,2
3332590,2
3376225,2
3409386,2
3387854,2
3324033,2
3307574,2
3420998,2
3406520,2
3418107,2
3394868,2
3411324,2
3400724,2
3415303,2
3421161,2
3411382,2
3417252,2
3363131,2
3405611,2
3385307,2
3401154,2
3385380,2
3406804,2
3408669,2
3401016,2
3399847,2
3402748,2
3415517,2
3406812,2
3411466,2
3404105,2
3411522,2
3411492,2
3421450,2
3402904,2
3395279,2
3407056,2
3397050,2
3386541,2
3386553,2
3404270,2
3410031,2
3405796,2
3414492,2
3356313,18
3421594,2
3414460,2
3411576,2
3400014,2
3421601,2
3415869,2
3391281,2
3342868,2
3417488,2
3417452,2
3417493,2
3417463,2
3405819,2
3415942,2
3407260,2
3421657,2
3401523,2
3408839,2
3417469,2
3417640,2
3413158,21
3411682,2
3417559,2
3423317,2
3385658,2
3370992,2
3423316,2
3413280,21
3416194,2
3382798,2
3401708,2
3406100,2
3416305,2
3414725,2
3414777,2
3398723,2
3413416,21
3359485,2
3390237,2
3403185,2
3420578,2
3423491,2
3422331,2
3398907,2
3413636,21
3404804,2
3375792,2
3423637,2
3375707,2
3381610,2
3412022,2
3327611,2
3385826,2
3410801,2
3420866,2
3416791,2
3405318,2
3420848,2
3419671,2
3405157,2
3352988,2
3415116,2
3394707,2
3415167,2
3345336,2
3374444,2
3310507,2
3333679,2
3418067,2
3394827,2
3418071,2
3411250,2
3420994,2
3352962,2
3409396,2
3412380,21
3417111,2
3394885,2
3415318,2
3412305,22
3409519,2
3420105,2
3406649,2
3421140,2
3382250,2
3418393,2
3371799,2
3420153,2
3412690,21
3391038,2
3418580,2
3363250,2
3423080,2
3412622,21
3412861,21
3395408,2
3376603,2
3402889,2
3421527,2
3423228,2
3421480,2
3420347,2
3409937,2
3421479,2
3391241,2
3418806,2
3411647,2
3417419,2
3421798,2
3420348,2
3402905,2
3405820,2
3398488,2
3408840,2
3395613,2
3322714,2
3418748,2
3414562,2
3401613,2
3407363,2
3424738,2
3424737,2
3382637,2
3411812,2
3405966,2
3419017,2
3416114,2
3417643,2
3407450,2
3400102,2
3406062,2
3406026,2
3416439,2
3411918,2
3394468,2
3422092,2
3404758,2
3401938,2
3401944,2
3420612,2
3423486,2
3423563,2
3398916,2
3407839,2
3413473,21
3422268,2
3410546,2
3420652,2
3407697,2
3422269,2
3414846,2
3396287,2
3414940,2
3403331,2
3423610,2
3403371,2
3399219,2
3404914,2
3423677,2
3419700,2
3420817,2
3420818,2
3403437,2
3423795,2
3415168,2
3327681,2
3410997,2
3418045,2
3409285,2
3423794,2
3391865,2
3415094,2
3412261,22
3425736,2
3382098,2
3309506,2
3414207,2
3335630,2
3373432,2
3411363,2
3415355,2
3414290,2
3348284,2
3405495,2
3421075,2
3415342,2
3406813,2
3425958,2
3411433,2
3421318,2
3424218,2
3417241,2
3420152,2
3370630,2
3414337,2
3421426,2
3424277,2
3400978,2
3403967,2
3423103,2
3420243,2
3412838,21
3417382,2
3408599,2
3394100,2
3410012,2
3377878,2
3353419,2
3408722,2
3375281,2
3411569,2
3424577,2
3388428,15
3424564,2
3417388,2
3424508,2
3424507,2
3391233,2
3391344,2
3414601,2
3423219,2
3378065,2
3426241,2
3398641,2
3421901,2
3424690,2
3423296,2
3423294,2
3408874,2
3426308,2
3426240,2
3394350,2
3414724,2
3368047,20
3413297,21
3397271,2
3424962,2
3371016,2
3425000,2
3419147,2
3392980,2
3336123,2
3408929,2
3403030,2
3384356,2
3401790,2
3423542,2
3416321,2
3407817,2
3416471,2
3419329,2
3416552,2
3398949,2
3416608,2
3411987,2
3381609,2
3422326,2
3397460,2
3422483,2
3381665,2
3412072,2
3404996,2
3422535,2
3409210,2
3414995,2
3405151,2
3399043,2
3410873,2
3405127,2
3423787,2
3416899,2
3391721,2
3412152,2
3384964,2
3405098,2
3426683,2
3423773,2
3419911,2
3402184,2
3344073,2
3409268,2
3422824,2
3423891,2
3329505,2
3400662,2
3408385,2
3393805,2
3395019,2
3412303,22
3406537,2
3405596,2
3408457,2
3386311,2
3417163,2
3418425,2
3424015,2
3417239,2
3409397,2
3412732,21
3420169,2
3412625,21
3377631,2
3404000,2
3395348,2
3380700,2
3426021,2
3427273,2
3392719,2
3410011,2
3374925,2
3427419,2
3426131,2
3410048,2
3401193,2
3417435,2
3423191,2
3424597,2
3372422,2
3426194,2
3426234,2
3426235,2
3403010,2
3417588,2
3419007,2
3427659,2
3405907,2
3389831,2
3427631,2
3382498,2
3416285,2
3424963,2
3426294,2
3414766,2
3427632,2
3426283,2
3416320,2
3398920,2
3395895,2
3419214,2
3407608,2
3423481,2
3392823,2
3407588,2
3426396,2
3401880,2
3425001,2
3422091,2
3420642,2
3425133,2
3414824,2
3404864,2
3423577,2
3404927,2
3420745,2
3423574,2
3423616,2
3416551,2
3426560,2
3412093,2
3371243,2
3362326,2
3402185,2
3410996,2
3428299,2
3413874,2
3422534,2
3404997,2
3423744,2
3403469,2
3399474,2
3411026,2
3402429,2
3426699,2
3399333,2
3419876,2
3425640,2
3428482,2
3409245,2
3415154,2
3423783,2
3399580,2
3419813,2
3409271,2
3394850,2
3418068,2
3406366,2
3422857,2
3393825,2
3408384,2
3399661,2
3417112,2
3403626,2
3367667,20
3396796,2
3403622,2
3414272,2
3428776,2
3428783,2
3376503,2
3417168,2
3420110,2
3417178,2
3420113,2
3396802,2
3402742,2
3417204,2
3425959,2
3412733,21
3426004,2
3400957,2
3382319,2
3420170,2
3427185,2
3427284,2
3418587,2
3412667,21
3411516,2
3428933,2
3404159,2
3427207,2
3335942,2
3408677,2
3417396,2
3424383,2
3424470,2
3401242,2
3427478,2
3421688,2
3421741,2
3418909,2
3401423,2
3427466,2
3416107,2
3424629,2
3423293,2
3405849,2
3388586,15
3414602,2
3429132,2
3398823,2
3411797,2
3429133,2
3421968,2
3414738,2
3398950,2
3385755,2
3385816,2
3416470,2
3425023,2
3381522,2
3429388,2
3417773,23
3423471,2
3417742,23
3423528,2
3419451,2
3397447,2
3417774,23
3412044,2
3382883,2
3393421,2
3428188,2
3423669,2
3423745,2
3426657,2
3412134,2
3399247,2
3405214,2
3416706,2
3428481,2
3405479,2
3418054,2
3419912,2
3399616,2
3364520,2
3386125,2
3389155,2
3400684,2
3425821,2
3426880,2
3426879,2
3428810,2
3422893,2
3383513,2
3411355,2
3392202,2
3422990,2
3422991,2
3411321,2
3402650,2
3418446,2
3428831,2
3333862,2
3404050,2
3427161,2
3393996,2
3396986,2
3426020,2
3420112,2
3391039,2
3415628,2
3394031,2
3396982,2
3421592,2
3418581,2
3423130,2
3411584,2
3385409,2
3424513,2
3428995,2
3427378,2
3401370,2
3415669,2
3427469,2
3410002,2
3426093,2
3418833,2
3400083,2
3426126,2
3405914,2
3407238,2
3430527,2
3424878,2
3417591,2
3413106,21
3430528,2
3411817,2
3430653,2
3376924,2
3393000,2
3429279,2
3429245,2
3417760,23
3398944,2
3420641,2
3429278,2
3420577,2
3413622,21
3419284,2
3425166,2
3400258,2
3429309,2
3406088,2
3423521,2
3423578,2
3414830,2
3401797,2
3431128,2
3416487,2
3416711,2
3387476,2
3410792,2
3428298,2
3426561,2
3429422,2
3412017,2
3419672,2
3428314,2
3412164,2
3426671,2
3425495,2
3416801,2
3419729,2
3416770,2
3406521,2
3382191,2
3411434,2
3409513,2
3412304,22
3431660,2
3425888,2
3417195,2
3397923,2
3414281,2
3420106,2
3422968,2
3428811,2
3428777,2
3427008,2
3403877,2
3409592,2
3394936,2
3427152,2
3395153,2
3415481,2
3397982,2
3431806,2
3380768,2
3430088,2
3420242,2
3426089,2
3426092,2
3397072,2
3423221,2
3418817,2
3426153,2
3426212,2
3423263,2
3378209,2
3391292,2
3403101,2
3429128,2
3432028,2
3432029,2
3398591,2
3429129,2
3416031,2
3403060,2
3410523,2
3419064,2
3423324,2
3410352,2
3320344,2
3397212,2
3426421,2
3427785,2
3429244,2
3419330,2
3426395,2
3394525,2
3429283,2
3367000,6
3422230,2
3308979,2
3399166,2
3410547,2
3429387,2
3413840,2
3419465,2
3428239,2
3429461,2
3422434,2
3413839,2
3393420,2
3414997,2
3422438,2
3410839,2
3400467,2
3393218,2
3415092,2
3416712,2
3419562,2
3405220,2
3408190,2
3416792,2
3397687,2
3419814,2
3405428,2
3416800,2
3431426,2
3373241,2
3414088,2
3431427,2
3393797,2
3411142,2
3374443,2
3429675,22
3356998,2
3431632,2
3424014,2
3397864,2
3428781,2
3426949,2
3432698,2
3431659,2
3389170,2
3426819,2
3421327,2
3427125,2
3418586,2
3431743,2
3418483,2
3426005,2
3431845,2
3398300,2
3417381,2
3427151,2
3424350,2
3430280,2
3426116,2
3398404,2
3431884,2
3401303,2
3423258,2
3427474,2
3412986,21
3430390,2
3431990,2
3430515,2
3411634,2
3427713,2
3404484,2
3400051,2
3433389,2
3433390,2
3432124,2
3419008,2
3426295,2
3385627,2
3427784,2
3401651,2
3406063,2
3427987,2
3433557,2
3392975,2
3381419,2
3391638,2
3346120,2
3422227,2
3360974,2
3398813,2
3414852,2
3426420,2
3416445,2
3430949,2
3377078,2
3416559,2
3409170,2
3410802,2
3434239,2
3409142,2
3425357,2
3426670,2
3375952,2
3428505,2
3429600,22
3400569,2
3420882,2
3425716,2
3431501,2
3431389,2
3394695,2
3434200,2
3394753,2
3429674,22
3423768,2
3429616,22
3345339,2
3336602,2
3367539,6
3399659,2
3421074,2
3432619,2
3425846,2
3409524,2
3409420,2
3426918,2
3418359,2
3432651,2
3418267,2
3411442,2
3394950,2
3429916,2
3427075,2
3420232,2
3424290,2
3394035,2
3376604,2
3421419,2
3417283,2
3412691,21
3418368,2
3414493,2
3431805,2
3397107,2
3428994,2
3432990,2
3414469,2
3368983,2
3415636,2
3424431,2
3424478,2
3421749,2
3420409,2
3434907,2
3427674,2
3423295,2
3434906,2
3433419,2
3420565,2
3413220,21
3416195,2
3413474,21
3398618,2
3432178,2
3417633,2
3403192,2
3430674,2
3433665,2
3433689,2
3429319,2
3403199,2
3420719,2
3416514,2
3391722,2
3417741,23
3434035,2
3413852,2
3433968,2
3400551,2
3409176,2
3432317,2
3412074,2
3399425,2
3396589,2
3420824,2
3422437,2
3423767,2
3422655,2
3429516,2
3411141,2
3393618,2
3426658,2
3399473,2
3405439,2
3415017,2
3417072,2
3394736,2
3384991,2
3418159,2
3434490,2
3418131,2
3431657,2
3428763,2
3386227,2
3429815,2
3402753,2
3431629,2
3432590,2
3428832,2
3406650,2
3432679,2
3414360,2
3435786,2
3431737,2
3421203,2
3434659,2
3430019,2
3427212,2
3406766,2
3430122,2
3414413,2
3424304,2
3380647,2
3328237,16
3421658,2
3435958,2
3412819,21
3411568,2
3424499,2
3423281,2
3413148,21
3411656,2
3418719,2
3434840,2
3432038,2
3434951,2
3426289,2
3436273,2
3426251,2
3403031,2
3436272,2
3417492,2
3420495,2
3420473,2
3416304,2
3403009,2
3419205,2
3375568,2
3409031,2
3359486,2
3436686,2
3432207,2
3388667,15
3426439,2
3413584,21
3411927,2
3426511,2
3417726,23
3429418,2
3432206,2
3417819,23
3428274,2
3423543,2
3419652,2
3431176,2
3417833,23
3423614,2
3425358,2
3434075,2
3412097,2
3434103,2
3412109,2
3416612,2
3414917,2
3409209,2
3429522,2
3406307,2
3423688,2
3429515,2
3431189,2
3422546,2
3434199,2
3435391,2
3431459,2
3419910,2
3402423,2
3417996,2
3391892,2
3326919,2
3414100,2
3373164,2
3426768,2
3422823,2
3408386,2
3428642,2
3434520,2
3429787,2
3414263,2
3429814,2
3432678,2
3426919,2
3435571,2
3431656,2
3417182,2
3435550,2
3432759,2
3425927,2
3399711,2
3415506,2
3418348,2
3415515,2
3394040,2
3427126,2
3421192,2
3437562,2
3426029,2
3424219,2
3427265,2
3421344,2
3406885,2
3417395,2
3427162,2
3431822,2
3385371,2
3434767,2
3428990,2
3412959,21
3423093,2
3421326,2
3434754,2
3421622,2
3421492,2
3420363,2
3424471,2
3427377,2
3363406,2
3404228,2
3400148,2
3421740,2
3391352,2
3395654,2
3420437,2
3427521,2
3436302,2
3418924,2
3437774,2
3411704,2
3433341,2
3437773,2
3424706,2
3419022,2
3398487,2
3420447,2
3411882,2
3410321,2
3429196,2
3401834,2
3403139,2
3424954,2
3436565,2
3425062,2
3420545,2
3436541,2
3433735,2
3433734,2
3437955,2
3436540,2
3436610,2
3432208,2
3362573,2
3433876,2
3416531,2
3433850,2
3433851,2
3435113,2
3413554,21
3433877,2
3428240,2
3431129,2
3423618,2
3433995,2
3399218,2
3409244,2
3429489,2
3407973,2
3420746,2
3412133,2
3436981,2
3426682,2
3423678,2
3402430,2
3420872,2
3406396,2
3426698,2
3362620,2
3410902,2
3435330,2
3422654,2
3435405,2
3411091,2
3312164,2
3382002,2
3437375,2
3432620,2
3434516,2
3418158,2
3435586,2
3396922,2
3406884,2
3437430,2
3400954,2
3435587,2
3394006,2
3434587,2
3434658,2
3404001,2
3435785,2
3435956,2
3430162,2
3423192,2
3432926,2
3430187,2
3424253,2
3433072,2
3430086,2
3435930,2
3421418,2
3414514,2
3424384,2
3417400,2
3382487,2
3438994,2
3434855,2
3385408,2
3405902,2
3439166,2
3439167,2
3433468,2
3429145,2
3437784,2
3426258,2
3414665,2
3429173,2
3407576,2
3427714,2
3420603,2
3433664,2
3417720,23
3428098,2
3427928,2
3429295,2
3430824,2
3432227,2
3432228,2
3426446,2
3432299,2
3423562,2
3423573,2
3439571,2
3419466,2
3417834,23
3426566,2
3413635,21
3430982,2
3438113,2
3422332,2
3439887,2
3439776,2
3439707,2
3413814,2
3438135,2
3429530,2
3439982,2
3435390,2
3435340,2
3435408,2
3425655,2
3429627,22
3420995,2
3440066,2
3429521,2
3434298,2
3403353,2
3438281,2
3438282,2
3420915,2
3376206,2
3420914,2
3321147,2
3425816,2
3396768,2
3403755,2
3428815,2
3426948,2
3429930,2
3438587,2
3437429,2
3429961,2
3431693,2
3428782,2
3438661,2
3421319,2
3435608,2
3440360,2
3434646,2
3438743,2
3427206,2
3425957,2
3399712,2
3409877,2
3437551,2
3423060,2
3406875,2
3431738,2
3438744,2
3424303,2
3394024,2
3423102,2
3437532,2
3430121,2
3377623,2
3438872,2
3427397,2
3431918,2
3440567,2
3424596,2
3438866,2
3395454,2
3437623,2
3440599,2
3426109,2
3429043,2
3437785,2
3433226,2
3437756,2
3337267,2
3417530,2
3439016,2
3420499,2
3397049,2
3434885,2
3398492,2
3363599,2
3384283,2
3389827,2
3423396,2
3404652,2
3405995,2
3436550,2
3437918,2
3420602,2
3426447,2
3372565,2
3397485,2
3407818,2
3425282,2
3439584,2
3399144,2
3400322,2
3399159,2
3422522,2
3438042,2
3438043,2
3439775,2
3434162,2
3434226,2
3402194,2
3441064,2
3403481,2
3437104,2
3437115,2
3420930,2
3425811,2
3403485,2
3418080,2
3419874,2
3386121,2
3423896,2
3422894,2
3440285,2
3437410,2
3432699,2
3432838,2
3438607,2
3424302,2
3432851,2
3400953,2
3428901,2
3420195,2
3424291,2
3438675,2
3392220,2
3396906,2
3424181,2
3383770,2
3417351,2
3440446,2
3421491,2
3415608,2
3423173,2
3409895,2
3424474,2
3414450,2
3411498,2
3426118,2
3424514,2
3434858,2
3424640,2
3441895,2
3427418,2
3426169,2
3441953,2
3434950,2
3436249,2
3434868,2
3424633,2
3423264,2
3427854,2
3424958,2
3426316,2
3411873,2
3440751,2
3433533,2
3423527,2
3439498,2
3439579,2
3435100,2
3440882,2
3428041,2
3440926,2
3439578,2
3433820,2
3430960,2
3342050,2
3391651,2
3438085,2
3442536,2
3411992,2
3403241,2
3410872,2
3434145,2
3423704,2
3406267,2
3432440,2
3437127,2
3419798,2
3368577,2
3442753,2
3441114,2
3327913,2
3441151,2
3416928,2
3443082,2
3412301,22
3370567,2
3408387,2
3435523,2
3434512,2
3440350,2
3400725,2
3431697,2
3429917,2
3422975,2
3434588,2
3435914,2
3441503,2
3406701,2
3437528,2
3424193,2
3424241,2
3427076,2
3424170,2
3428932,2
3424268,2
3376534,2
3434661,2
3438822,2
3441676,2
3427302,2
3427303,2
3414539,2
3418565,2
3438867,2
3433108,2
3380626,2
3431857,2
3424477,2
3424500,2
3417464,2
3441952,2
3429107,2
3443543,2
3439116,2
3439111,2
3433212,2
3424758,2
3430488,2
3440626,2
3434921,2
3427562,2
3423322,2
3432044,2
3423415,2
3424757,2
3409035,2
3397276,2
3413189,21
3434987,2
3442266,2
3433607,2
3435028,2
3414841,2
3422212,2
3435058,2
3443724,2
3430879,2
3440862,2
3427872,2
3430961,2
3437976,2
3428040,2
3400408,2
3429419,2
3438040,2
3414934,2
3428099,2
3439834,2
3426610,2
3426452,2
3375951,2
3438139,2
3410778,2
3416737,2
3437116,2
3439833,2
3439981,2
3405201,2
3429601,22
3440067,2
3425456,2
3379178,2
3437134,2
3380238,2
3434355,2
3429617,22
3321010,2
3405212,2
3373354,2
3419873,2
3412302,22
3409512,2
3417194,2
3392173,2
3417190,2
3438464,2
3429895,2
3432730,2
3421231,2
3376463,2
3441484,2
3441358,2
3431663,2
3437417,2
3441369,2
3440369,2
3412512,21
3412594,21
3440404,2
3441651,2
3441655,2
3440415,2
3437511,2
3443329,2
3437489,2
3441581,2
3424409,2
3444427,2
3441645,2
3443439,2
3440555,2
3408733,2
3434766,2
3424655,2
3444753,2
3443501,2
3426201,2
3437748,2
3441963,2
3424632,2
3440689,2
3433526,2
3433663,2
3429177,2
3371229,2
3426381,2
3420544,2
3437956,2
3440858,2
3429294,2
3423408,2
3390168,2
3407698,2
3409060,2
3430846,2
3422231,2
3360991,2
3440982,2
3393273,2
3394582,2
3438138,2
3309318,2
3432426,2
3443958,2
3412075,2
3442939,2
3422739,2
3435329,2
3422801,2
3437197,2
3429694,22
3434225,2
3317845,14
3418104,2
3411293,2
3440361,2
3438429,2
3440279,2
3393933,2
3446127,2
3441239,2
3444296,2
3443268,2
3417197,2
3441569,2
3444263,2
3434692,2
3437533,2
3429929,2
3440344,2
3443313,2
3426067,2
3437488,2
3440405,2
3404012,2
3427261,2
3431819,2
3420196,2
3441708,2
3434675,2
3444651,2
3421442,2
3412737,21
3430312,2
3424341,2
3395557,2
3434856,2
3414461,2
3437732,2
3401422,2
3399857,2
3411631,2
3441891,2
3441900,2
3427496,2
3433350,2
3420337,2
3444809,2
3426284,2
3444879,2
3434867,2
3420446,2
3445020,2
3417573,2
3440682,2
3444934,2
3440722,2
3429157,2
3420466,2
3433523,2
3414626,2
3411756,2
3430823,2
3430647,2
3440890,2
3423427,2
3440855,2
3426431,2
3432252,2
3442431,2
3440817,2
3435120,2
3442432,2
3410461,2
3435114,2
3440934,2
3438064,2
3436848,2
3431135,2
3417803,23
3420823,2
3434132,2
3400487,2
3438134,2
3396454,2
3434131,2
3443967,2
3419699,2
3435356,2
3391741,2
3441215,2
3426803,2
3442993,2
3434297,2
3441183,2
3443113,2
3418044,2
3330812,2
3408388,2
3446053,2
3435473,2
3443155,2
3444282,2
3446095,2
3437352,2
3432729,2
3435570,2
3418397,2
3424133,2
3437409,2
3396882,2
3429896,2
3443325,2
3444352,2
3441570,2
3446143,2
3434674,2
3430018,2
3441637,2
3412586,21
3435823,2
3434691,2
3444507,2
3441652,2
3431823,2
3434745,2
3447285,2
3443308,2
3431888,2
3417328,2
3443415,2
3443432,2
3431809,2
3435913,2
3423218,2
3447607,2
3431911,2
3434760,2
3444754,2
3427475,2
3418768,2
3411657,2
3433273,2
3441894,2
3433225,2
3420452,2
3441964,2
3444866,2
3433420,2
3401591,2
3419023,2
3423497,2
3426459,2
3414778,2
3423524,2
3409040,2
3437972,2
3446610,2
3443746,2
3409032,2
3416364,2
3430880,2
3446559,2
3423551,2
3388604,15
3426451,2
3411943,2
3442535,2
3410880,2
3439586,2
3435160,2
3426578,2
3426510,2
3411977,2
3416493,2
3355587,2
3446774,2
3436974,2
3423786,2
3434224,2
3437167,2
3448627,2
3445845,2
3374242,2
3445741,2
3428713,2
3443007,2
3434296,2
3440144,2
3425737,2
3428449,2
3434345,2
3428643,2
3321008,2
3425810,2
3443186,2
3420063,2
3440278,2
3438365,2
3435686,2
3435631,2
3446083,2
3448918,2
3448919,2
3448986,2
3444376,2
3417253,2
3431744,2
3437492,2
3446173,2
3441622,2
3424240,2
3426168,2
3447385,2
3437577,2
3447263,2
3447286,2
3447418,2
3380611,2
3359019,2
3433147,2
3438821,2
3444678,2
3447557,2
3440574,2
3435893,2
3386942,2
3447584,2
3444880,2
3444774,2
3444867,2
3442016,2
3433461,2
3446448,2
3444873,2
3430485,2
3443535,2
3334503,2
3440801,2
3416262,2
3425014,2
3433608,2
3446488,2
3426518,2
3448072,2
3432170,2
3446562,2
3448013,2
3439399,2
3416340,2
3427909,2
3445332,2
3432249,2
3417707,23
3432220,2
3428018,2
3419250,2
3440878,2
3397402,2
3443723,2
3431019,2
3432253,2
3409061,2
3440983,2
3426519,2
3437960,2
3446665,2
3423611,2
3446758,2
3442605,2
3438112,2
3445628,2
3448500,2
3448583,2
3429542,2
3448626,2
3438191,2
3437198,2
3432439,2
3420879,2
3420881,2
3443950,2
3416855,2
3437178,2
3435409,2
3425717,2
3440253,2
3435307,2
3419909,2
3390843,2
3415204,2
3356976,2
3411373,2
3448945,2
3441408,2
3354309,17
3432700,2
3443218,2
3432711,2
3448917,2
3434555,2
3435632,2
3412474,21
3448985,2
3443253,2
3399800,2
3437491,2
3421221,2
3360010,2
3434676,2
3403768,2
3440383,2
3412436,21
3399799,2
3444428,2
3449019,2
3444358,2
3441556,2
3441631,2
3431784,2
3447264,2
3444457,2
3449083,2
3435894,2
3443409,2
3431910,2
3441838,2
3443408,2
3429046,2
3415852,2
3424515,2
3429042,2
3437730,2
3440568,2
3437731,2
3403049,2
3447612,2
3449268,2
3447736,2
3446368,2
3441941,2
3420426,2
3441956,2
3411716,2
3442157,2
3430311,2
3423323,2
3450836,2
3430652,2
3436478,2
3427792,2
3417628,2
3429254,2
3429308,2
3426455,2
3448056,2
3435055,2
3365326,19
3414964,2
3438010,2
3442445,2
3428019,2
3438041,2
3449550,2
3423504,2
3433821,2
3443767,2
3435215,2
3449592,2
3443905,2
3394631,2
3443915,2
3417802,23
3441059,2
3445597,2
3402427,2
3436920,2
3438192,2
3445645,2
3425281,2
3426533,2
3410914,2
3422486,2
3436980,2
3446863,2
3440145,2
3446912,2
3393703,2
3449747,2
3418079,2
3408284,2
3445846,2
3445904,2
3423892,2
3422658,2
3393798,2
3447039,2
3444094,2
3446059,2
3414297,2
3431694,2
3342625,2
3448980,2
3446134,2
3396921,2
3431701,2
3443324,2
3386492,2
3403968,2
3443262,2
3417352,2
3412540,21
3389477,2
3448991,2
3438602,2
3450173,2
3441646,2
3449075,2
3398179,2
3427390,2
3404041,2
3430186,2
3427272,2
3449076,2
3432927,2
3447376,2
3447384,2
3441677,2
3421552,2
3434719,2
3431841,2
3411545,2
3433120,2
3444644,2
3348710,2
3452078,2
3443398,2
3449170,2
3444643,2
3438964,2
3444730,2
3444677,2
3450507,2
3426195,2
3437709,2
3427389,2
3431878,2
3447744,2
3447561,2
3421733,2
3417502,2
3444865,2
3444935,2
3446413,2
3446423,2
3447888,2
3423403,2
3439275,2
3433576,2
3447910,2
3445130,2
3446489,2
3405915,2
3429155,2
3385657,2
3440949,2
3394411,2
3331755,2
3417529,2
3450943,2
3397381,2
3432229,2
3437959,2
3440879,2
3399132,2
3446666,2
3427871,2
3422433,2
3419452,2
3446681,2
3390394,2
3442631,2
3439721,2
3388732,15
3435197,2
3423588,2
3436975,2
3442724,2
3448393,2
3445740,2
3411022,2
3397565,2
3434074,2
3426665,2
3445879,2
3451625,2
3452611,2
3440023,2
3449803,2
3413983,2
3423668,2
3441184,2
3446862,2
3391893,2
3443008,2
3409284,2
3390848,2
3449806,2
3442992,2
3383162,2
3390955,2
3403739,2
3449843,2
3435826,2
3444212,2
3447225,2
3418202,2
3353161,2
3441485,2
3409657,2
3451915,2
3409790,2
3420192,2
3446093,2
3443263,2
3453137,2
3446177,2
3440457,2
3449113,2
3444588,2
3421427,2
3395424,2
3451971,2
3438662,2
3453136,2
3435991,2
3438897,2
3450297,2
3453204,2
3450308,2
3449177,2
3450379,2
3450318,2
3449229,2
3453390,2
3443471,2
3434761,2
3444672,2
3453334,2
3443502,2
3420336,2
3450555,2
3452188,2
3446425,2
3450671,2
3444868,2
3429156,2
3449336,2
3447909,2
3447919,2
3443624,2
3417708,23
3425070,2
3436416,2
3434986,2
3437917,2
3400375,2
3446654,2
3445333,2
3445502,2
3442642,2
3449560,2
3449561,2
3412094,2
3335320,2
3452505,2
3406099,2
3431315,2
3454179,2
3443801,2
3420739,2
3415018,2
3452543,2
3448511,2
3417815,23
3452552,2
3454239,2
3454309,2
3439924,2
3409177,2
3440051,2
3431278,2
3440007,2
3426712,2
3436932,2
3437075,2
3425603,2
3419510,2
3444011,2
3454485,2
3438263,2
3370434,2
3412272,22
3431594,2
3422909,2
3391932,2
3434513,2
3444295,2
3437437,2
3448926,2
3429909,2
3454791,2
3431664,2
3408606,2
3450243,2
3450062,2
3438694,2
3447349,2
3412585,21
3450264,2
3412621,21
3441763,2
3449069,2
3432991,2
3447319,2
3449120,2
3423081,2
3454875,2
3447320,2
3433087,2
3441634,2
3441638,2
3444570,2
3443338,2
3451970,2
3447497,2
3424608,2
3450420,2
3443542,2
3453294,2
3446367,2
3428934,2
3449137,2
3453467,2
3455003,2
3450450,2
3427495,2
3429108,2
3391325,2
3426317,2
3430516,2
3420469,2
3347825,2
3403087,2
3453575,2
3408961,2
3439331,2
3420468,2
3429172,2
3426352,2
3403059,2
3398683,2
3448014,2
3439341,2
3384267,2
3417771,23
3443769,2
3445312,2
3428187,2
3428152,2
3429445,2
3445512,2
3455322,2
3401908,2
3454054,2
3452519,2
3415003,2
3442632,2
3429444,2
3451207,2
3439713,2
3445598,2
3408144,2
3445565,2
3442725,2
3446759,2
3443951,2
3437074,2
3454367,2
3439960,2
3382003,2
3444010,2
3440045,2
3444037,2
3411251,2
3449807,2
3419817,2
3429649,22
3448798,2
3422659,2
3434385,2
3448752,2
3426767,2
3454588,2
3454571,2
3441172,2
3440254,2
3354077,2
3426834,2
3393837,2
3446018,2
3454680,2
3425845,2
3435551,2
3448969,2
3425820,2
3423018,2
3451801,2
3440392,2
3451881,2
3429920,2
3444456,2
3450116,2
3407095,2
3405717,2
3454909,2
3454926,2
3452023,2
3438816,2
3456042,2
3437624,2
3450464,2
3439067,2
3454967,2
3453205,2
3453411,2
3437612,2
3436180,2
3444698,2
3447761,2
3436096,2
3441981,2
3429144,2
3455031,2
3455159,2
3401461,2
3400082,2
3436389,2
3427832,2
3427833,2
3443683,2
3455190,2
3423414,2
3445287,2
3435041,2
3443753,2
3433805,2
3423498,2
3440881,2
3438009,2
3451048,2
3456902,2
3455354,2
3422547,2
3449496,2
3419606,2
3353759,2
3420740,2
3436849,2
3435245,2
3457194,2
3394748,2
3455408,2
3452544,2
3448499,2
3435214,2
3425541,2
3439959,2
3445764,2
3452523,2
3434118,2
3451399,2
3405124,2
3451502,2
3429626,22
3403500,2
3451456,2
3436921,2
3400584,2
3454423,2
3454422,2
3387831,2
3428506,2
3428599,2
3339448,2
3434346,2
3438264,2
3449805,2
3412273,22
3452798,2
3452757,2
3446012,2
3438343,2
3451808,2
3452756,2
3426899,2
3448944,2
3448912,2
3454757,2
3415500,2
3451797,2
3454788,2
3418349,2
3457629,2
3454756,2
3443261,2
3444455,2
3453093,2
3453092,2
3440447,2
3437403,2
3447302,2
3451964,2
3454886,2
3435827,2
3423172,2
3435957,2
3456107,2
3454908,2
3430087,2
3427262,2
3449171,2
3449176,2
3440572,2
3457848,2
3454957,2
3444693,2
3453482,2
3449269,2
3407350,2
3420362,2
3441999,2
3436417,2
3456404,2
3439321,2
3452194,2
3439182,2
3411942,2
3452288,2
3427793,2
3453735,2
3442105,2
3456454,2
3437845,2
3453712,2
3416115,2
3424923,2
3442332,2
3430770,2
3433688,2
3448031,2
3451041,2
3452280,2
3450929,2
3450990,2
3451129,2
3454084,2
3406134,2
3446655,2
3431134,2
3439708,2
3451206,2
3445566,2
3452553,2
3439587,2
3439722,2
3445467,2
3402248,2
3448365,2
3449591,2
3439714,2
3452525,2
3341125,2
3445558,2
3452548,2
3428356,2
3419532,2
3445511,2
3458317,2
3440008,2
3441173,2
3439886,2
3416678,2
3454484,2
3451447,2
3422858,2
3454578,2
3434466,2
3454570,2
3425726,2
3426713,2
3431592,2
3414176,2
3418106,2
3386315,2
3425844,2
3457537,2
3449925,2
3395088,2
3458566,2
3446058,2
3447040,2
3446133,2
3432712,2
3448931,2
3457687,2
3453067,2
3455983,2
3443307,2
3453032,2
3446191,2
3423021,2
3457748,2
3441582,2
3415494,2
3455984,2
3454850,2
3454830,2
3456041,2
3451930,2
3457759,2
3451902,2
3431844,2
3454965,2
3457810,2
3430181,2
3450309,2
3427285,2
3454956,2
3454895,2
3449121,2
3421445,2
3426160,2
3407094,2
3443416,2
3450609,2
3453465,2
3457928,2
3453515,2
3450608,2
3455027,2
3453466,2
3421914,2
3453609,2
3452095,2
3456502,2
3434944,2
3434851,2
3456403,2
3457971,2
3414622,2
3446401,2
3450672,2
3455088,2
3452182,2
3447809,2
3452187,2
3437824,2
3458016,2
3455087,2
3458007,2
3430765,2
3433516,2
3437924,2
3452342,2
3423485,2
3449424,2
3443682,2
3439497,2
3424959,2
3423552,2
3452351,2
3445255,2
3443829,2
3452423,2
3443831,2
3449590,2
3432316,2
3377253,2
3457106,2
3454099,2
3459951,2
3452522,2
3454057,2
3458244,2
3451363,2
3457035,2
3457058,2
3457187,2
3454178,2
3460117,2
3434016,2
3429469,2
3458411,2
3422738,2
3458488,2
3441132,2
3428712,2
3457367,2
3452590,2
3428578,2
3438266,2
3458398,2
3429622,22
3457460,2
3460422,2
3438297,2
3423820,2
3458477,2
3405493,2
3423898,2
3458565,2
3438387,2
3460492,2
3446965,2
3455706,2
3451780,2
3449947,2
3441486,2
3458734,2
3441447,2
3454745,2
3440391,2
3448927,2
3455825,2
3446070,2
3431830,2
3437510,2
3451919,2
3441448,2
3456056,2
3441481,2
3415635,2
3443312,2
3460681,2
3433119,2
3454874,2
3454815,2
3454885,2
3456077,2
3427502,2
3460727,2
3450421,2
3443397,2
3456128,2
3452042,2
3450356,2
3456242,2
3437655,2
3449235,2
3457842,2
3452142,2
3439068,2
3426152,2
3450699,2
3429195,2
3444810,2
3424717,2
3457914,2
3431991,2
3452181,2
3446481,2
3430675,2
3434931,2
3440735,2
3447858,2
3452289,2
3445286,2
3432195,2
3440857,2
3459738,2
3450940,2
3451128,2
3458236,2
3436692,2
3457066,2
3458185,2
3452447,2
3391637,2
3459945,2
3456922,2
3451069,2
3459886,2
3440937,2
3458268,2
3435244,2
3460007,2
3458233,2
3394654,2
3405003,2
3436933,2
3460070,2
3461187,2
3457131,2
3461152,2
3458333,2
3438193,2
3388896,15
3417878,23
3410903,2
3449650,2
3458334,2
3445926,2
3445925,2
3448759,2
3428525,2
3443081,2
3458399,2
3461353,2
3455539,2
3460263,2
3333637,2
3460324,2
3437249,2
3448760,2
3454579,2
3428526,2
3452679,2
3425754,2
3458491,2
3440252,2
3408361,2
3438513,2
3400786,2
3449892,2
3409421,2
3451823,2
3461530,2
3451822,2
3423963,2
3422974,2
3418203,2
3451803,2
3454761,2
3405613,2
3449891,2
3386362,2
3447255,2
3444386,2
3450263,2
3451878,2
3415534,2
3449068,2
3453129,2
3460604,2
3411443,2
3441658,2
3449040,2
3424182,2
3458953,2
3457758,2
3409639,2
3450244,2
3454934,2
3450463,2
3399902,2
3459171,2
3435929,2
3438815,2
3444773,2
3438965,2
3447606,2
3435949,2
3460751,2
3427501,2
3447588,2
3440485,2
3453377,2
3454935,2
3434882,2
3449236,2
3455002,2
3460854,2
3456247,2
3334432,2
3426319,2
3427641,2
3376819,2
3437844,2
3456579,2
3446483,2
3459419,2
3459498,2
3403198,2
3448008,2
3435089,2
3448084,2
3334793,2
3446480,2
3448177,2
3446558,2
3440861,2
3448095,2
3458117,2
3459809,2
3458189,2
3411978,2
3462797,2
3458255,2
3440886,2
3388785,15
3432343,2
3456998,2
3384599,2
3429423,2
3451398,2
3432402,2
3434063,2
3441065,2
3446735,2
3439950,2
3438122,2
3434161,2
3429541,2
3405247,2
3454409,2
3458368,2
3451509,2
3415095,2
3458448,2
3449786,2
3461354,2
3460346,2
3429639,22
3457492,2
3399613,2
3426805,2
3392035,2
3460424,2
3446966,2
3350310,2
3429813,2
3449926,2
3457579,2
3409488,2
3440343,2
3438525,2
3448911,2
3457644,2
3438364,2
3461531,2
3446080,2
3424067,2
3451880,2
3460503,2
3450113,2
3421230,2
3458721,2
3448990,2
3444353,2
3455764,2
3451847,2
3448970,2
3408623,2
3446167,2
3444587,2
3447256,2
3459022,2
3386498,2
3459023,2
3452012,2
3458958,2
3437654,2
3457774,2
3447585,2
3330223,2
3461952,2
3456284,2
3440600,2
3424641,2
3433340,2
3459191,2
3439015,2
3453612,2
3456241,2
3452094,2
3460853,2
3462284,2
3455028,2
3459338,2
3459337,2
3462375,2
3423442,2
3443645,2
3460902,2
3346300,2
3452190,2
3453590,2
3424837,2
3445019,2
3406078,2
3445124,2
3458062,2
3440717,2
3455186,2
3436613,2
3430845,2
3419288,2
3453826,2
3442331,2
3449495,2
3434085,2
3462558,2
3439612,2
3449452,2
3461048,2
3425306,2
3461119,2
3449651,2
3449549,2
3464056,2
3461151,2
3460055,2
3459944,2
3457059,2
3457132,2
3431020,2
3438111,2
3457193,2
3458347,2
3449685,2
3455538,2
3460054,2
3461288,2
3442938,2
3444038,2
3435370,2
3455514,2
3464228,2
3452716,2
3429591,22
3403468,2
3461342,2
3458453,2
3446013,2
3443154,2
3457578,2
3460491,2
3409555,2
3461610,2
3461492,2
3437400,2
3453033,2
3399751,2
3461686,2
3460586,2
3457603,2
3451838,2
3420089,2
3429949,2
3451916,2
3441588,2
3455874,2
3460626,2
3460676,2
3447301,2
3461925,2
3393946,2
3454894,2
3456171,2
3456088,2
3463584,2
3463625,2
3446335,2
3456285,2
3452119,2
3463721,2
3453391,2
3462085,2
3437833,2
3463739,2
3452169,2
3408922,2
3463782,2
3424691,2
3463813,2
3410322,2
3465223,2
3440854,2
3458061,2
3453822,2
3465375,2
3455225,2
3450872,2
3411935,2
3452281,2
3452360,2
3429271,2
3461037,2
3458132,2
3459748,2
3419339,2
3465535,2
3458231,2
3433804,2
3440927,2
3458243,2
3442606,2
3458260,2
3464077,2
3439830,2
3456923,2
3465796,2
3462986,2
3464128,2
3439839,2
3457188,2
3458348,2
3461205,2
3438065,2
3461218,2
3454308,2
3465997,2
3437172,2
3443906,2
3446881,2
3455491,2
3393507,2
3457302,2
3451457,2
3463231,2
3423782,2
3461348,2
3449804,2
3423854,2
3438342,2
3425755,2
3452799,2
3461565,2
3440371,2
3451788,2
3447074,2
3461552,2
3454738,2
3417169,2
3461705,2
3455902,2
3461800,2
3461735,2
3463433,2
3446226,2
3463563,2
3461714,2
3460639,2
3449047,2
3464773,2
3460673,2
3459065,2
3457843,2
3460647,2
3461878,2
3449163,2
3459050,2
3450437,2
3400103,2
3453295,2
3457915,2
3437640,2
3433383,2
3401428,2
3453440,2
3420376,2
3463728,2
3449294,2
3457967,2
3452237,2
3420465,2
3460868,2
3439322,2
3401604,2
3397246,2
3452236,2
3446449,2
3459552,2
3450947,2
3424955,2
3439448,2
3446598,2
3453981,2
3463962,2
3443770,2
3454083,2
3445277,2
3451156,2
3466939,2
3453982,2
3452424,2
3462742,2
3417641,2
3462810,2
3462730,2
3449608,2
3457023,2
3451178,2
3438084,2
3413951,2
3425238,2
3462919,2
3461217,2
3449734,2
3462811,2
3403480,2
3375937,2
3467018,2
3446831,2
3451421,2
3439949,2
3465980,2
3465913,2
3465935,2
3437133,2
3416898,2
3452526,2
3457410,2
3449743,2
3455547,2
3452680,2
3444013,2
3457491,2
3438250,2
3460404,2
3440240,2
3461352,2
3467226,2
3400619,2
3455599,2
3339510,2
3426818,2
3420999,2
3467236,2
3461579,2
3451800,2
3449943,2
3460472,2
3464601,2
3461627,2
3460471,2
3460584,2
3451833,2
3466334,2
3448995,2
3463522,2
3385306,2
3431755,2
3466395,2
3464772,2
3411589,2
3457682,2
3440414,2
3464802,2
3463613,2
3467732,2
3464948,2
3460750,2
3456055,2
3447498,2
3453335,2
3459186,2
3453445,2
3450664,2
3460836,2
3463729,2
3453410,2
3386750,2
3462177,2
3447836,2
3440745,2
3449305,2
3407424,2
3465265,2
3465372,2
3465367,2
3463956,2
3468481,2
3440889,2
3459551,2
3450864,2
3456911,2
3461008,2
3459747,2
3410649,2
3448062,2
3462721,2
3468470,2
3468535,2
3465566,2
3464082,2
3462763,2
3459795,2
3462859,2
3454058,2
3468644,2
3434102,2
3460073,2
3462921,2
3462920,2
3432403,2
3465781,2
3449579,2
3468922,2
3446832,2
3467079,2
3379179,2
3460191,2
3466144,2
3412143,2
3428714,2
3463243,2
3457501,2
3454530,2
3454531,2
3451686,2
3464317,2
3467221,2
3396801,2
3406543,2
3449886,2
3467300,2
3463423,2
3364695,2
3469237,2
3461630,2
3451834,2
3467419,2
3463410,2
3444385,2
3424132,2
3451869,2
3455875,2
3452983,2
3466374,2
3443267,2
3466420,2
3435629,2
3460577,2
3453189,2
3463523,2
3418401,2
3469317,2
3438514,2
3461736,2
3424418,2
3467737,2
3446172,2
3453216,2
3463590,2
3460610,2
3440509,2
3464779,2
3463608,2
3464872,2
3454966,2
3464949,2
3464993,2
3459066,2
3450319,2
3437729,2
3467754,2
3453277,2
3453366,2
3456209,2
3462090,2
3469539,2
3415976,2
3462158,2
3450578,2
3453613,2
3442195,2
3440749,2
3447835,2
3462339,2
3440802,2
3445125,2
3462557,2
3456817,2
3446605,2
3461038,2
3468536,2
3451019,2
3446640,2
3466868,2
3464016,2
3365460,19
3453940,2
3464015,2
3445315,2
3448364,2
3458261,2
3465746,2
3462858,2
3451362,2
3462782,2
3368416,2
3403294,2
3434062,2
3425602,2
3462850,2
3448450,2
3455498,2
3461204,2
3448447,2
3468866,2
3443914,2
3411199,2
3454366,2
3443966,2
3468834,2
3437128,2
3470057,2
3452645,2
3451510,2
3419818,2
3457474,2
3460325,2
3469037,2
3469132,2
3355970,2
3454669,2
3411340,2
3464338,2
3435474,2
3458604,2
3455707,2
3458609,2
3469181,2
3388087,15
3458651,2
3457637,2
3452987,2
3455908,2
3460603,2
3463434,2
3453055,2
3466376,2
3467443,2
3424252,2
3455991,2
3469300,2
3461635,2
3453066,2
3470389,2
3461749,2
3449006,2
3460613,2
3463616,2
3456093,2
3470531,2
3383634,2
3452077,2
3461953,2
3456094,2
3461968,2
3463585,2
3470663,2
3466548,2
3462086,2
3466545,2
3447556,2
3447560,2
3447613,2
3460882,2
3450508,2
3463696,2
3460877,2
3439183,2
3435027,2
3444911,2
3448176,2
3447810,2
3397236,2
3403070,2
3416341,2
3442194,2
3420500,2
3455178,2
3455191,2
3469691,2
3452287,2
3443628,2
3465519,2
3468399,2
3411892,2
3439276,2
3471182,2
3452446,2
3465383,2
3448057,2
3468409,2
3407944,2
3452372,2
3459962,2
3468410,2
3449479,2
3451179,2
3432298,2
3445466,2
3468534,2
3469812,2
3422523,2
3461186,2
3468643,2
3459810,2
3462789,2
3468528,2
3468679,2
3462783,2
3471623,2
3428207,2
3420865,2
3458436,2
3451446,2
3438251,2
3463115,2
3467148,2
3471736,2
3445726,2
3465981,2
3391688,2
3342139,2
3452610,2
3467137,2
3464318,2
3452691,2
3467214,2
3441131,2
3457464,2
3470081,2
3463232,2
3470091,2
3467227,2
3470074,2
3434465,2
3463374,2
3451844,2
3458591,2
3464490,2
3454762,2
3467342,2
3458676,2
3455907,2
3397981,2
3464602,2
3458652,2
3454778,2
3452986,2
3464610,2
3466356,2
3472160,2
3466373,2
3461807,2
3466437,2
3463589,2
3441591,2
3470543,2
3467809,2
3456016,2
3466493,2
3453217,2
3444699,2
3466526,2
3394025,2
3467810,2
3467764,2
3470658,2
3440484,2
3462018,2
3447737,2
3453262,2
3460671,2
3467763,2
3466488,2
3460756,2
3456210,2
3467964,2
3463720,2
3437870,2
3470890,2
3460840,2
3469548,2
3468103,2
3385623,2
3468053,2
3462398,2
3448083,2
3468153,2
3443646,2
3466869,2
3439388,2
3460923,2
3459487,2
3461049,2
3451035,2
3446544,2
3440950,2
3461105,2
3471402,2
3469837,2
3393462,2
3419204,2
3449565,2
3465777,2
3423615,2
3467017,2
3445553,2
3458298,2
3466974,2
3434084,2
3448552,2
3471536,2
3455524,2
3458435,2
3467078,2
3464157,2
3429531,2
3434223,2
3460121,2
3442641,2
3423703,2
3455476,2
3466155,2
3458447,2
3461324,2
3469060,2
3458484,2
3469022,2
3460262,2
3417000,2
3458487,2
3426804,2
3437461,2
3451787,2
3469180,2
3463352,2
3424056,2
3457636,2
3460502,2
3461644,2
3464557,2
3472140,2
3460583,2
3463511,2
3421345,2
3458675,2
3463424,2
3431818,2
3466463,2
3430070,2
3472149,2
3472148,2
3467530,2
3467546,2
3470500,2
3469342,2
3461677,2
3371798,2
3456020,2
3470659,2
3438979,2
3421507,2
3463661,2
3450436,2
3469531,2
3431986,2
3463818,2
3463783,2
3470920,2
3460807,2
3407362,2
3449247,2
3455177,2
3455158,2
3456605,2
3436506,2
3469633,2
3462661,2
3468400,2
3464055,2
3438123,2
3462796,2
3466938,2
3458232,2
3472723,2
3468471,2
3468540,2
3454189,2
3458318,2
3472738,2
3419509,2
3471456,2
3466940,2
3456999,2
3468595,2
3467066,2
3469890,2
3454355,2
3465780,2
3464186,2
3358674,2
3472945,2
3460126,2
3472879,2
3408242,2
3470058,2
3458478,2
3468921,2
3464264,2
3472997,2
3464252,2
3470090,2
3451697,2
3469061,2
3458492,2
3458485,2
3358675,2
3354047,2
3339420,2
3475001,2
3370600,2
3472120,2
3425928,2
3454737,2
3472165,2
3473305,2
3472206,2
3464617,2
3458888,2
3467528,2
3472161,2
3466408,2
3461629,2
3472267,2
3469323,2
3456202,2
3461857,2
3447377,2
3469418,2
3449020,2
3438974,2
3472299,2
3469370,2
3467637,2
3438978,2
3472300,2
3470530,2
3453234,2
3461801,2
3467963,2
3470547,2
3470921,2
3409894,2
3465082,2
3460768,2
3472437,2
3466675,2
3459372,2
3436366,2
3462242,2
3456751,2
3435054,2
3427737,2
3420525,2
3459652,2
3468223,2
3472592,2
3391495,2
3472585,2
3469726,2
3466941,2
3461184,2
3353755,2
3475636,2
3425237,2
3428208,2
3469814,2
3469895,2
3455430,2
3454141,2
3475724,2
3412018,2
3465912,2
3385894,2
3428275,2
3429621,22
3416795,2
3468833,2
3470019,2
3454354,2
3474762,2
3434386,2
3472918,2
3471803,2
3472929,2
3452675,2
3473036,2
3474892,2
3473013,2
3469034,2
3418053,2
3457533,2
3472019,2
3472033,2
3472092,2
3469214,2
3469218,2
3454779,2
3473106,2
3470360,2
3469236,2
3470388,2
3475011,2
3470338,2
3473286,2
3466367,2
3463507,2
3463515,2
3467440,2
3464556,2
3466355,2
3395107,2
3472164,2
3461889,2
3472205,2
3475099,2
3453188,2
3466450,2
3475179,2
3467648,2
3473458,2
3470546,2
3456110,2
3427364,2
3452055,2
3453516,2
3464803,2
3472369,2
3459256,2
3427642,2
3463716,2
3473926,2
3444874,2
3471083,2
3456648,2
3476934,2
3414701,2
3456685,2
3475491,2
3472610,2
3448071,2
3471398,2
3474312,2
3471334,2
3472643,2
3468632,2
3469727,2
3475637,2
3409034,2
3469889,2
3466975,2
3475660,2
3469878,2
3454140,2
3474639,2
3460074,2
3471822,2
3471624,2
3445611,2
3472944,2
3467045,2
3461351,2
3475855,2
3383161,2
3452634,2
3449748,2
3463162,2
3470020,2
3441150,2
3472998,2
3454516,2
3460423,2
3467237,2
3438368,2
3473053,2
3421214,2
3475006,2
3424186,2
3458640,2
3473211,2
3470246,2
3466319,2
3477908,2
3472139,2
3444506,2
3469318,2
3475081,2
3448979,2
3467531,2
3435685,2
3472246,2
3476224,2
3467634,2
3470671,2
3466475,2
3473420,2
3449141,2
3470593,2
3456127,2
3460744,2
3470724,2
3473620,2
3466700,2
3456679,2
3432125,2
3385628,2
3478236,2
3455187,2
3476879,2
3463945,2
3458058,2
3449335,2
3476930,2
3463957,2
3465368,2
3472703,2
3459679,2
3454015,2
3472646,2
3469763,2
3466874,2
3471539,2
3417820,23
3478448,2
3451149,2
3471461,2
3472812,2
3468734,2
3475648,2
3466928,2
3468733,2
3429462,2
3440050,2
3474551,2
3471735,2
3469903,2
3472926,2
3457352,2
3448797,2
3471909,2
3457301,2
3472988,2
3460347,2
3445906,2
3416999,2
3431593,2
3473018,2
3425727,2
3477742,2
3470175,2
3473179,2
3441264,2
3475005,2
3478848,2
3467348,2
3467418,2
3379314,2
3472034,2
3469217,2
3477874,2
3477950,2
3461578,2
3457683,2
3464609,2
3473449,2
3460682,2
3476319,2
3464685,2
3472286,2
3439043,2
3476358,2
3430135,2
3457863,2
3438857,2
3473630,2
3433321,2
3464869,2
3415505,2
3453235,2
3462133,2
3441982,2
3456402,2
3469473,2
3472411,2
3453446,2
3472476,2
3456453,2
3462214,2
3460970,2
3436365,2
3459528,2
3437871,2
3459470,2
3478298,2
3429272,2
3465384,2
3472541,2
3423687,2
3448096,2
3451036,2
3463963,2
3453682,2
3465681,2
3461034,2
3466908,2
3466909,2
3434017,2
3448386,2
3404777,2
3474376,2
3456844,2
3459933,2
3474344,2
3458191,2
3457093,2
3475586,2
3452560,2
3468756,2
3454238,2
3429470,2
3464169,2
3459950,2
3461183,2
3449607,2
3469888,2
3448446,2
3364566,2
3412142,2
3468956,2
3452674,2
3474799,2
3463027,2
3455477,2
3473001,2
3451714,2
3425812,2
3399358,2
3464337,2
3425815,2
3474937,2
3441238,2
3478830,2
3437358,2
3408496,2
3414262,2
3458623,2
3463356,2
3438526,2
3457643,2
3473052,2
3464433,2
3480665,2
3475021,2
3409554,2
3457628,2
3464459,2
3476203,2
3473236,2
3470361,2
3449039,2
3371739,2
3479092,2
3478004,2
3454964,2
3444369,2
3473513,2
3478003,2
3447458,2
3476354,2
3472307,2
3463624,2
3475169,2
3461969,2
3476375,2
3480877,2
3389551,2
3472367,2
3476521,2
3472297,2
3475297,2
3389325,2
3473748,2
3472412,2
3466674,2
3443565,2
3458057,2
3408832,2
3466776,2
3479762,2
3475457,2
3433556,2
3471295,2
3469720,2
3481240,2
3465371,2
3478399,2
3478374,2
3472689,2
3422134,2
3472667,2
3478426,2
3466767,2
3472668,2
3466835,2
3454053,2
3459885,2
3472724,2
3471535,2
3459820,2
3464155,2
3467012,2
3475722,2
3464098,2
3461292,2
3474626,2
3478622,2
3471676,2
3434146,2
3468865,2
3480442,2
3471675,2
3474774,2
3467046,2
3467048,2
3474745,2
3478681,2
3477669,2
3384977,2
3449733,2
3478695,2
3467156,2
3463264,2
3473017,2
3402511,2
3370231,2
3429790,2
3402595,2
3466268,2
3477788,2
3452822,2
3477789,2
3447073,2
3472026,2
3472025,2
3458610,2
3480664,2
3467359,2
3480694,2
3464517,2
3461628,2
3464635,2
3481866,2
3476161,2
3458801,2
3475076,2
3444313,2
3460612,2
3472225,2
3475098,2
3476318,2
3476442,2
3443377,2
3472287,2
3473571,2
3453291,2
3387090,2
3462089,2
3447519,2
3480905,2
3469492,2
3467971,2
3442106,2
3445031,2
3460872,2
3472504,2
3407293,2
3435015,2
3456588,2
3449306,2
3439260,2
3463892,2
3465342,2
3458116,2
3474046,2
3459665,2
3460971,2
3472609,2
3465376,2
3463896,2
3465545,2
3481268,2
3468623,2
3458188,2
3432194,2
3437952,2
3459633,2
3435290,2
3442562,2
3446606,2
3471462,2
3478398,2
3472642,2
3471547,2
3475556,2
3456877,2
3464210,2
3471399,2
3442464,2
3471475,2
3457121,2
3467006,2
3474535,2
3457105,2
3423619,2
3461289,2
3442693,2
3458369,2
3481459,2
3474654,2
3454408,2
3481454,2
3481388,2
3467049,2
3468767,2
3480441,2
3462917,2
3469891,2
3478636,2
3474877,2
3477553,2
3470075,2
3454466,2
3414101,2
3463218,2
3362682,2
3472017,2
3474936,2
3408404,2
3464466,2
3473039,2
3472029,2
3452823,2
3386307,2
3466269,2
3481680,2
3478849,2
3481679,2
3461522,2
3470352,2
3464634,2
3481867,2
3475101,2
3477985,2
3476160,2
3475077,2
3424185,2
3415493,2
3466476,2
3453054,2
3475170,2
3467633,2
3470526,2
3470529,2
3483674,2
3482084,2
3473522,2
3480823,2
3459007,2
3470670,2
3473523,2
3470465,2
3463564,2
3466487,2
3482085,2
3483766,2
3452091,2
3482379,2
3464937,2
3431899,2
3457847,2
3463679,2
3457927,2
3450871,2
3481025,2
3433384,2
3478232,2
3426236,2
3357827,2
3436509,2
3476960,2
3460878,2
3459819,2
3484120,2
3460951,2
3481202,2
3475493,2
3477249,2
3449488,2
3475619,2
3468529,2
3484201,2
3455345,2
3460006,2
3478502,2
3475632,2
3481428,2
3477443,2
3457122,2
3467011,2
3483219,2
3463009,2
3451420,2
3467065,2
3475784,2
3474763,2
3475822,2
3475695,2
3449684,2
3471794,2
3402176,2
3403414,2
3472908,2
3483248,2
3475851,2
3475783,2
3399581,2
3470082,2
3480452,2
3480613,2
3463361,2
3464467,2
3480693,2
3458639,2
3473237,2
3473178,2
3454670,2
3474952,2
3461678,2
3466366,2
3480762,2
3470525,2
3480785,2
3481947,2
3482059,2
3456019,2
3418408,2
3480866,2
3481963,2
3482144,2
3480796,2
3476514,2
3417336,2
3473640,2
3485029,2
3483738,2
3470751,2
3484933,2
3473689,2
3482262,2
3472268,2
3401371,2
3473623,2
3463749,2
3465249,2
3468138,2
3433515,2
3478297,2
3468120,2
3482747,2
3482690,2
3476959,2
3463944,2
3471296,2
3466718,2
3472615,2
3484123,2
3472713,2
3469690,2
3461062,2
3479990,2
3484118,2
3459796,2
3464078,2
3431316,2
3478402,2
3484206,2
3414933,2
3465803,2
3477464,2
3484269,2
3472782,2
3478501,2
3483024,2
3484305,2
3471716,2
3472878,2
3446882,2
3454563,2
3480433,2
3480434,2
3478623,2
3478692,2
3477613,2
3484375,2
3475823,2
3461414,2
3434356,2
3469011,2
3477739,2
3477812,2
3483531,2
3472030,2
3484489,2
3379355,2
3389252,2
3463360,2
3481635,2
3470301,2
3458624,2
3483516,2
3484601,2
3432810,2
3444201,2
3481693,2
3481842,2
3464455,2
3461806,2
3480699,2
3463394,2
3449944,2
3446084,2
3473296,2
3483598,2
3472172,2
3484902,2
3483675,2
3472188,2
3480882,2
3470516,2
3484908,2
3447457,2
3470592,2
3473688,2
3486695,2
3480921,2
3446190,2
3485181,2
3457945,2
3478147,2
3485319,2
3463817,2
3476667,2
3468064,2
3468321,2
3456680,2
3468348,2
3473850,2
3479682,2
3459678,2
3469717,2
3463916,2
3459499,2
3474162,2
3431045,2
3484187,2
3464081,2
3462788,2
3436773,2
3414918,2
3457034,2
3434034,2
3480050,2
3481343,2
3477176,2
3469836,2
3449675,2
3458256,2
3481309,2
3483075,2
3474402,2
3483218,2
3425496,2
3469914,2
3417787,23
3478531,2
3487155,2
3468955,2
3484347,2
3477442,2
3483344,2
3445727,2
3402195,2
3466060,2
3468755,2
3486181,2
3455523,2
3484384,2
3471821,2
3461413,2
3487298,2
3487280,2
3364600,2
3431458,2
3440241,2
3460425,2
3385208,2
3481607,2
3486395,2
3483505,2
3484493,2
3472091,2
3460434,2
3477913,2
3466285,2
3437438,2
3487477,2
3475022,2
3483500,2
3480761,2
3457536,2
3466462,2
3483597,2
3477923,2
3486531,2
3484838,2
3486513,2
3479144,2
3481962,2
3463521,2
3467529,2
3479162,2
3451870,2
3476284,2
3486555,2
3464684,2
3460670,2
3479188,2
3470570,2
3479145,2
3452090,2
3484987,2
3469417,2
3458957,2
3456251,2
3482189,2
3421593,2
3470662,2
3456248,2
3462178,2
3463809,2
3485180,2
3436097,2
3464868,2
3482397,2
3469558,2
3472497,2
3479440,2
3420472,2
3465238,2
3450946,2
3483987,2
3486906,2
3403032,2
3456576,2
3483993,2
3469747,2
3484140,2
3462660,2
3487015,2
3487059,2
3457004,2
3487134,2
3488740,2
3484243,2
3474385,2
3488777,2
3442561,2
3449580,2
3454211,2
3462851,2
3475721,2
3474678,2
3467138,2
3487156,2
3486041,2
3471804,2
3488976,2
3487270,2
3477408,2
3458438,2
3481458,2
3455457,2
3487299,2
3428577,2
3445905,2
3480615,2
3457473,2
3464378,2
3483537,2
3486474,2
3472054,2
3475064,2
3487476,2
3476191,2
3470339,2
3480786,2
3464509,2
3474993,2
3453122,2
3470456,2
3430071,2
3484845,2
3469263,2
3466451,2
3487896,2
3484975,2
3454866,2
3483800,2
3463632,2
3482132,2
3473601,2
3411523,2
3482249,2
3469521,2
3481055,2
3488137,2
3476678,2
3470834,2
3455062,2
3462236,2
3462366,2
3475443,2
3476931,2
3465014,2
3468230,2
3472602,2
3439449,2
3459587,2
3484087,2
3479999,2
3481177,2
3449489,2
3486970,2
3472746,2
3466777,2
3458267,2
3472616,2
3477247,2
3451169,2
3489940,2
3488816,2
3475557,2
3455323,2
3481288,2
3487040,2
3435247,2
3483023,2
3471548,2
3454188,2
3480049,2
3472811,2
3481316,2
3472783,2
3486101,2
3465943,2
3464156,2
3481427,2
3464204,2
3488940,2
3461343,2
3452717,2
3469038,2
3490051,2
3468913,2
3489037,2
3489036,2
3465996,2
3428715,2
3489158,2
3474669,2
3463217,2
3464227,2
3429640,22
3486334,2
3483452,2
3487347,2
3364599,2
3472036,2
3484490,2
3457534,2
3480624,2
3463335,2
3487436,2
3396833,2
3478960,2
3420129,2
3489373,2
3418222,2
3483586,2
3479043,2
3487623,2
3479035,2
3490553,2
3425960,2
3484903,2
3473287,2
3475211,2
3467711,2
3470409,2
3472368,2
3479271,2
3486639,2
3464924,2
3472296,2
3467693,2
3463631,2
3458954,2
3490814,2
3463674,2
3482228,2
3483826,2
3459412,2
3470907,2
3473885,2
3437796,2
3485356,2
3444982,2
3485385,2
3488316,2
3363731,2
3488317,2
3452293,2
3481203,2
3445276,2
3417727,23
3469716,2
3481287,2
3487037,2
3471455,2
3484121,2
3484208,2
3485786,2
3485781,2
3465745,2
3482807,2
3485785,2
3451148,2
3455490,2
3481389,2
3490063,2
3462864,2
3484337,2
3452549,2
3490059,2
3465942,2
3439585,2
3463161,2
3477670,2
3487283,2
3475796,2
3449676,2
3486141,2
3471958,2
3478682,2
3464220,2
3483345,2
3486243,2
3483343,2
3489159,2
3486216,2
3480612,2
3475899,2
3367562,6
3486396,2
3489242,2
3480633,2
3487377,2
3478843,2
3477877,2
3476124,2
3464510,2
3490345,2
3484554,2
3477907,2
3489388,2
3460672,2
3489401,2
3483641,2
3489372,2
3429950,2
3481721,2
3473297,2
3476225,2
3481843,2
3475089,2
3489387,2
3487707,2
3486534,2
3476313,2
3460654,2
3484932,2
3470515,2
3484968,2
3483679,2
3473631,2
3487897,2
3463665,2
3489518,2
3460757,2
3487858,2
3449095,2
3486633,2
3480946,2
3475238,2
3490696,2
3481072,2
3482380,2
3483801,2
3475323,2
3408831,2
3450837,2
3489667,2
3488184,2
3460915,2
3484002,2
3447857,2
3476734,2
3452120,2
3469571,2
3465465,2
3484004,2
3475442,2
3486905,2
3462643,2
3468320,2
3489800,2
3484053,2
3479736,2
3482766,2
3487013,2
3485599,2
3453848,2
3481193,2
3452373,2
3472690,2
3481194,2
3474066,2
3492806,2
3491578,2
3482808,2
3471345,2
3489941,2
3485984,2
3465934,2
3453823,2
3480182,2
3429467,2
3491810,2
3490058,2
3485976,2
3491898,2
3474640,2
3478637,2
3480285,2
3491936,2
3458407,2
3471864,2
3486180,2
3455513,2
3467145,2
3480533,2
3469031,2
3477743,2
3422802,2
3481597,2
3483504,2
3463357,2
3489281,2
3489250,2
3486381,2
3452860,2
3477926,2
3490339,2
3489396,2
3469324,2
3470440,2
3484839,2
3493279,2
3484909,2
3492291,2
3493394,2
3493395,2
3473491,2
3482229,2
3489508,2
3483749,2
3478059,2
3464952,2
3421553,2
3486664,2
3464953,2
3430581,2
3493805,2
3489641,2
3366437,6
3489661,2
3472465,2
3473749,2
3491062,2
3492571,2
3489658,2
3420529,2
3479743,2
3489695,2
3475459,2
3485339,2
3481136,2
3474070,2
3491254,2
3475591,2
3485600,2
3478346,2
3479735,2
3466829,2
3487044,2
3471141,2
3494263,2
3471303,2
3484117,2
3478371,2
3474343,2
3482748,2
3474375,2
3469764,2
3492772,2
3491515,2
3481328,2
3487016,2
3489955,2
3475625,2
3491647,2
3449537,2
3472707,2
3492798,2
3487149,2
3425305,2
3468768,2
3477483,2
3428315,2
3486040,2
3492978,2
3468675,2
3438341,2
3488939,2
3477409,2
3486078,2
3483276,2
3491935,2
3478696,2
3477624,2
3477554,2
3491883,2
3487214,2
3466145,2
3464265,2
3406378,2
3486140,2
3471793,2
3463246,2
3486244,2
3448851,2
3489249,2
3477878,2
3489246,2
3480625,2
3493083,2
3422908,2
3484492,2
3469262,2
3489245,2
3478882,2
3469215,2
3464458,2
3475065,2
3489400,2
3438388,2
3473304,2
3493311,2
3483742,2
3484844,2
3484988,2
3479163,2
3489446,2
3493414,2
3450224,2
3493438,2
3469446,2
3489506,2
3489435,2
3490606,2
3470581,2
3487940,2
3489509,2
3469445,2
3495291,2
3462245,2
3460801,2
3446422,2
3453290,2
3460797,2
3478205,2
3459371,2
3462235,2
3433320,2
3492506,2
3494059,2
3493928,2
3491061,2
3476679,2
3439159,2
3394437,2
3492672,2
3491224,2
3494183,2
3476989,2
3484110,2
3494169,2
3463917,2
3480000,2
3465520,2
3480009,2
3495566,2
3484114,2
3487041,2
3482864,2
3477279,2
3469758,2
3491516,2
3481345,2
3491615,2
3490019,2
3490020,2
3492807,2
3482902,2
3464129,2
3481346,2
3485975,2
3487148,2
3420720,2
3488970,2
3488776,2
3483213,2
3471863,2
3489226,2
3457459,2
3487271,2
3472940,2
3494872,2
3495913,2
3474876,2
3463336,2
3493156,2
3495986,2
3493084,2
3495035,2
3487480,2
3445992,2
3481598,2
3489253,2
3472037,2
3483545,2
3486451,2
3476125,2
3492203,2
3390982,2
3472121,2
3486601,2
3481785,2
3493342,2
3479125,2
3493492,2
3486634,2
3486631,2
3496329,2
3490605,2
3482133,2
3493630,2
3430389,2
3492376,2
3492389,2
3492426,2
3478071,2
3467985,2
3478141,2
3490923,2
3475308,2
3466547,2
3492557,2
3431900,2
3470908,2
3436505,2
3493992,2
3482508,2
3465087,2
3485554,2
3495559,2
3494182,2
3474091,2
3468480,2
3465492,2
3488476,2
3488559,2
3472761,2
3489918,2
3480220,2
3457094,2
3459963,2
3482901,2
3425363,2
3469915,2
3494538,2
3474502,2
3488969,2
3481357,2
3488888,2
3492958,2
3491884,2
3492968,2
3474775,2
3495879,2
3490165,2
3481538,2
3472941,2
3487277,2
3491889,2
3454471,2
3494939,2
3423897,2
3464454,2
3486382,2
3486456,2
3490340,2
3495023,2
3481769,2
3495100,2
3495113,2
3493329,2
3480822,2
3484714,2
3441587,2
3489447,2
3490489,2
3493415,2
3482058,2
3487712,2
3493507,2
3477939,2
3476202,2
3486583,2
3496366,2
3477986,2
3482192,2
3470441,2
3492418,2
3492382,2
3485102,2
3487941,2
3495318,2
3473524,2
3463637,2
3495232,2
3482193,2
3465125,2
3492409,2
3475322,2
3493804,2
3483907,2
3471010,2
3468254,2
3484009,2
3478235,2
3496869,2
3475494,2
3491201,2
3496966,2
3481107,2
3445153,2
3474163,2
3497058,2
3497000,2
3482765,2
3415943,2
3458088,2
3495640,2
3413679,21
3482863,2
3480135,2
3497389,2
3495682,2
3484241,2
3477248,2
3422135,2
3488815,2
3484376,2
3488843,2
3498606,2
3486102,2
3494770,2
3491846,2
3490043,2
3491890,2
3498735,2
3483453,2
3475831,2
3480614,2
3374371,2
3470111,2
3461493,2
3431630,2
3489310,2
3496041,2
3495966,2
3490249,2
3492190,2
3463353,2
3495974,2
3496050,2
3495985,2
3441265,2
3497968,2
3470207,2
3486405,2
3483544,2
3464432,2
3497975,2
3486457,2
3493310,2
3480700,2
3479042,2
3496174,2
3496261,2
3486608,2
3492303,2
3489456,2
3477949,2
3496338,2
3496347,2
3492292,2
3476455,2
3493581,2
3492328,2
3477999,2
3493585,2
3486680,2
3473572,2
3462166,2
3490845,2
3479356,2
3439044,2
3491007,2
3467976,2
3495372,2
3485145,2
3498290,2
3465081,2
3459449,2
3472556,2
3430718,2
3481040,2
3459420,2
3479766,2
3494075,2
3429260,2
3452352,2
3494256,2
3494196,2
3499877,2
3495595,2
3488432,2
3486942,2
3456547,2
3468222,2
3484124,2
3498471,2
3478273,2
3484154,2
3396012,2
3480093,2
3487012,2
3481185,2
3497333,2
3485725,2
3498595,2
3468818,2
3498605,2
3497334,2
3487135,2
3481315,2
3488872,2
3490062,2
3498620,2
3491845,2
3492929,2
3487215,2
3487276,2
3495888,2
3489227,2
3475752,2
3492035,2
3498766,2
3457502,2
3472914,2
3469977,2
3493082,2
3498830,2
3457535,2
3498862,2
3484600,2
3481651,2
3496036,2
3451795,2
3498831,2
3493321,2
3490488,2
3451819,2
3498983,2
3429880,2
3486512,2
3480844,2
3487624,2
3484813,2
3495176,2
3478959,2
3492327,2
3486556,2
3487767,2
3490709,2
3500891,2
3489520,2
3499268,2
3499337,2
3482017,2
3476513,2
3487859,2
3489533,2
3483777,2
3501008,2
3472407,2
3483925,2
3498249,2
3493993,2
3489633,2
3460914,2
3499721,2
3491124,2
3499777,2
3476797,2
3474019,2
3489772,2
3472586,2
3495495,2
3459588,2
3485553,2
3439486,2
3479765,2
3494255,2
3472613,2
3488431,2
3498405,2
3501267,2
3484139,2
3465609,2
3500152,2
3471377,2
3471376,2
3495708,2
3492873,2
3486033,2
3492850,2
3484290,2
3467068,2
3483249,2
3501597,24
3464185,2
3474798,2
3486064,2
3500529,2
3483414,2
3495870,2
3489095,2
3495902,2
3490110,2
3494892,2
3484385,2
3480532,2
3471959,2
3446883,2
3432589,2
3472137,2
3501726,2
3484543,2
3445991,2
3489326,2
3431754,2
3483536,2
3489302,2
3495085,2
3475082,2
3458701,2
3486530,2
3470532,2
3473194,2
3483642,2
3499172,2
3476170,2
3496436,2
3476238,2
3496397,2
3500856,2
3495231,2
3489461,2
3493586,2
3498064,2
3485101,2
3475180,2
3461924,2
3458006,2
3499427,2
3478124,2
3470919,2
3421687,2
3423282,2
3502464,2
3496752,2
3489662,2
3485258,2
3499780,2
3491063,2
3495475,2
3414699,2
3488382,2
3457839,2
3479681,2
3499776,2
3501174,2
3501238,2
3429189,2
3491241,2
3471140,2
3485587,2
3501235,2
3491309,2
3492728,2
3488558,2
3492673,2
3480094,2
3484165,2
3472712,2
3483016,2
3494335,2
3485770,2
3487082,2
3494523,2
3498586,2
3455347,2
3501466,24
3471540,2
3495673,2
3497388,2
3490022,2
3462733,2
3484291,2
3491584,2
3480219,2
3495778,2
3454196,2
3477386,2
3494678,2
3483208,2
3501509,24
3500433,2
3501578,24
3491897,2
3492002,2
3483302,2
3495891,2
3455505,2
3469059,2
3500693,2
3487403,2
3466284,2
3498863,2
3483532,2
3472016,2
3461523,2
3490346,2
3489347,2
3481608,2
3451848,2
3489325,2
3418398,2
3496155,2
3497952,2
3489332,2
3481955,2
3487588,2
3500782,2
3478829,2
3499171,2
3463492,2
3482012,2
3495218,2
3499267,2
3498061,2
3498126,2
3477921,2
3466579,2
3481948,2
3489550,2
3489634,2
3476522,2
3498209,2
3492410,2
3486694,2
3443440,2
3478156,2
3447762,2
3483816,2
3462213,2
3479397,2
3490976,2
3488195,2
3494006,2
3476818,2
3472464,2
3424730,2
3461035,2
3499908,2
3502791,2
3451032,2
3472557,2
3474067,2
3463886,2
3501234,2
3502792,2
3484147,2
3409039,2
3504112,2
3502923,2
3379978,2
3465682,2
3495634,2
3487058,2
3495649,2
3498517,2
3486986,2
3498518,2
3484146,2
3481239,2
3501423,24
3503009,2
3484169,2
3478532,2
3474653,2
3503246,2
3472862,2
3408243,2
3477463,2
3501508,24
3489094,2
3503321,2
3492994,2
3474744,2
3487206,2
3504451,2
3487279,2
3495874,2
3483277,2
3503553,2
3486452,2
3486406,2
3481652,2
3500696,2
3489243,2
3504657,2
3496156,2
3490375,2
3489303,2
3432811,2
3501886,25
3501909,25
3501932,25
3498999,2
3502008,25
3493491,2
3481920,2
3472306,2
3496451,2
3486584,2
3461856,2
3503828,2
3484872,2
3492411,2
3499335,2
3499415,2
3489549,2
3502174,25
3495251,2
3499464,2
3502404,2
3493786,2
3493787,2
3452056,2
3483976,2
3502588,2
3491144,2
3505434,2
3421748,2
3499803,2
3471052,2
3472560,2
3472591,2
3497137,2
3494267,2
3492713,2
3475585,2
3499975,2
3484168,2
3491646,2
3454044,2
3495700,2
3488681,2
3474501,2
3495681,2
3468680,2
3482955,2
3465610,2
3504312,2
3500225,2
3487095,2
3475649,2
3492904,2
3503245,2
3481475,2
3460118,2
3503280,2
3497523,2
3503423,2
3506150,22
3478567,2
3406383,2
3483342,2
3504551,2
3434459,2
3415155,2
3484491,2
3500697,2
3500736,2
3504639,2
3500780,2
3506483,2
3467347,2
3480716,2
3500734,2
3503628,2
3492262,2
3500806,2
3500857,2
3434673,2
3498011,2
3504864,2
3502011,25
3497953,2
3506669,2
3500915,2
3496328,2
3490518,2
3505099,2
3485030,2
3495199,2
3502173,25
3487988,2
3502465,2
3488086,2
3485218,2
3505247,2
3442060,2
3487989,2
3505155,2
3499612,2
3505241,2
3498164,2
3430454,2
3483928,2
3462159,2
3504038,2
3504044,2
3495433,2
3489799,2
3423443,2
3501261,2
3495434,2
3485588,2
3505433,2
3420530,2
3479670,2
3504101,2
3481184,2
3437834,2
3456812,2
3488346,2
3479939,2
3491383,2
3485542,2
3425063,2
3505732,22
3504238,2
3494264,2
3481226,2
3421937,2
3453939,2
3501372,24
3505875,22
3503099,2
3501445,24
3501376,24
3506006,22
3484240,2
3501377,24
3506005,22
3491583,2
3491616,2
3504353,2
3475631,2
3501444,24
3458299,2
3497316,2
3490109,2
3506215,22
3500530,2
3500406,2
3506149,22
3501512,24
3486052,2
3484366,2
3492928,2
3443000,2
3463116,2
3494826,2
3494769,2
3494776,2
3477645,2
3470041,2
3503552,2
3484457,2
3484488,2
3418284,2
3501887,25
3400958,2
3394098,2
3460609,2
3496339,2
3477914,2
3495154,2
3502095,25
3496390,2
3507784,2
3504844,2
3495217,2
3476456,2
3502114,25
3443376,2
3493667,2
3499463,2
3486723,2
3505284,2
3505354,2
3481021,2
3424654,2
3460745,2
3502661,2
3479547,2
3493981,2
3494062,2
3482549,2
3504135,2
3505589,22
3505611,22
3456686,2
3499832,2
3498404,2
3484100,2
3505731,22
3491376,2
3501366,24
3495565,2
3480121,2
3390397,2
3492792,2
3505874,22
3501344,24
3498578,2
3504311,2
3471524,2
3488887,2
3494522,2
3494539,2
3507194,2
3492876,2
3486109,2
3497408,2
3481453,2
3504497,2
3495889,2
3501532,24
3509037,2
3468914,2
3501513,24
3490166,2
3495878,2
3434460,2
3509198,2
3494955,2
3495968,2
3483488,2
3500706,2
3506493,2
3487473,2
3506523,2
3481722,2
3497889,2
3497888,2
3506505,2
3504668,2
3493278,2
3496173,2
3482040,2
3499122,2
3507754,2
3495112,2
3504857,2
3498092,2
3496389,2
3504977,2
3507777,2
3509498,2
3484887,2
3500976,2
3493605,2
3505035,2
3394307,2
3464992,2
3493848,2
3482496,2
3508073,2
3505205,2
3429045,2
3495253,2
3463738,2
3501095,2
3508116,2
3494082,2
3508383,2
3479651,2
3494157,2
3499698,2
3488451,2
3473960,2
3501296,2
3485782,2
3481329,2
3456644,2
3495560,2
3495606,2
3497136,2
3505879,22
3508673,2
3497244,2
3507154,2
3492793,2
3507153,2
3501424,24
3503098,2
3495674,2
3500363,2
3507272,2
3500432,2
3491830,2
3492995,2
3481312,2
3497510,2
3494871,2
3440044,2
3501656,24
3504536,2
3494954,2
3460405,2
3457463,2
3503572,2
3487386,2
3507523,2
3477927,2
3507524,2
3500779,2
3503627,2
3484542,2
3509438,2
3501795,2
3493328,2
3435630,2
3496197,2
3486506,2
3475090,2
3500868,2
3499136,2
3498019,2
3509467,2
3493508,2
3373872,2
3482041,2
3506747,2
3466634,2
3509614,2
3498174,2
3499348,2
3502450,2
3496732,2
3460871,2
3505285,2
3498272,2
3481135,2
3492505,2
3496743,2
3505355,2
3452105,2
3494049,2
3472561,2
3496875,2
3501297,2
3497243,2
3472540,2
3505696,22
3505835,22
3489919,2
3504245,2
3509982,2
3508674,2
3504284,2
3497373,2
3490012,2
3504330,2
3500407,2
3504314,2
3510083,2
3507326,2
3506231,22
3478744,2
3497729,2
3503487,2
3509153,2
3510240,2
3512158,2
3504562,2
3512220,2
3487459,2
3504640,2
3503614,2
3499086,2
3496346,2
3475124,2
3464778,2
3504790,2
3510593,2
3500890,2
3507675,2
3500871,2
3510688,2
3492432,2
3502186,25
3502032,25
3505154,2
3473641,2
3499426,2
3507926,2
3492465,2
3457946,2
3465222,2
3508175,2
3509720,2
3511015,2
3467979,2
3486943,2
3492615,2
3486854,2
3506967,2
3450579,2
3499741,2
3502660,2
3489846,2
3484051,2
3474174,2
3497123,2
3501304,2
3491301,2
3495617,2
3508677,2
3508725,2
3507125,2
3510007,2
3504318,2
3492849,2
3497369,2
3508959,2
3472928,2
3490011,2
3484336,2
3500339,2
3486090,2
3510114,2
3510168,2
3498736,2
3497743,2
3498765,2
3506302,22
3494817,2
3491858,2
3501633,24
3492036,2
3383125,2
3454517,2
3478743,2
3498756,2
3490230,2
3480616,2
3473210,2
3490250,2
3509424,2
3507440,2
3501764,2
3512281,2
3504704,2
3504656,2
3493297,2
3500783,2
3503693,2
3503694,2
3512323,2
3493296,2
3500817,2
3507753,2
3476239,2
3472200,2
3476328,2
3409776,2
3510796,2
3489469,2
3489470,2
3510819,2
3505218,2
3506739,2
3505038,2
3511056,2
3472374,2
3489589,2
3510994,2
3424718,2
3508162,2
3456501,2
3495422,2
3502678,2
3505460,2
3489785,2
3509835,2
3471126,2
3496874,2
3514091,2
3504100,2
3501266,2
3504040,2
3511435,2
3497140,2
3511413,2
3508445,2
3512759,2
3482651,2
3508384,2
3508588,2
3479938,2
3505870,22
3463970,2
3488660,2
3508692,2
3505901,22
3495596,2
3509983,2
3507126,2
3488791,2
3511553,2
3508724,2
3484286,2
3468676,2
3491655,2
3455546,2
3504306,2
3491629,2
3503170,2
3511762,2
3469894,2
3495815,2
3507327,2
3512010,2
3509114,2
3486065,2
3512156,2
3464417,2
3504681,2
3504682,2
3501765,2
3510406,2
3487591,2
3457656,2
3503691,2
3499087,2
3503777,2
3504969,2
3507972,2
3480904,2
3502094,25
3513722,2
3503891,2
3510927,2
3506670,2
3501080,2
3512448,2
3482248,2
3512499,2
3480963,2
3466578,2
3480962,2
3495371,2
3473914,2
3508321,2
3491060,2
3509751,2
3466719,2
3472484,2
3501151,2
3473915,2
3482570,2
3504110,2
3514174,2
3507038,2
3509857,2
3515524,2
3515525,2
3509904,2
3453847,2
3484134,2
3515540,2
3514241,2
3497122,2
3495504,2
3499861,2
3497141,2
3512820,2
3511436,2
3504218,2
3495643,2
3511512,2
3501367,24
3515776,2
3485983,2
3510032,2
3510084,2
3515766,2
3478566,2
3491654,2
3488804,2
3514699,2
3501533,24
3511929,2
3511831,2
3510216,2
3515887,2
3514830,2
3495875,2
3495914,2
3514893,2
3514962,2
3475865,2
3402424,2
3475866,2
3487335,2
3480529,2
3507560,2
3498966,2
3487587,2
3506588,2
3503681,2
3473195,2
3489438,2
3510640,2
3504691,2
3507748,2
3510548,2
3512374,2
3512379,2
3438638,2
3513487,2
3493551,2
3515244,2
3472373,2
3503890,2
3507927,2
3486591,2
3508074,2
3516484,2
3506748,2
3496582,2
3486607,2
3501018,2
3498213,2
3506822,2
3511029,2
3505206,2
3475237,2
3506823,2
3455097,2
3503958,2
3486665,2
3471051,2
3496786,2
3494058,2
3514035,2
3502745,2
3508446,2
3492649,2
3498424,2
3514256,2
3486971,2
3491255,2
3511278,2
3514308,2
3498472,2
3494425,2
3494278,2
3481132,2
3512808,2
3487043,2
3504169,2
3517192,2
3497296,2
3507082,2
3504307,2
3515657,2
3511604,2
3508794,2
3515680,2
3385895,2
3492773,2
3484402,2
3509036,2
3510052,2
3515762,2
3508920,2
3492993,2
3511908,2
3486089,2
3511931,2
3491829,2
3495903,2
3504520,2
3481566,2
3498764,2
3514963,2
3423853,2
3473125,2
3507431,2
3489290,2
3517889,2
3513133,2
3501794,2
3461685,2
3510418,2
3506537,2
3507599,2
3493271,2
3512322,2
3504970,2
3502083,25
3509541,2
3512360,2
3503774,2
3509534,2
3489517,2
3509571,2
3503794,2
3512390,2
3515200,2
3516485,2
3495283,2
3493582,2
3484976,2
3513742,2
3483827,2
3515331,2
3506692,2
3486724,2
3483767,2
3438975,2
3506794,2
3515304,2
3490922,2
3512523,2
3505459,2
3499613,2
3504000,2
3455098,2
3472626,2
3515464,2
3508340,2
3504111,2
3491158,2
3504204,2
3514242,2
3495583,2
3443752,2
3517113,2
3515532,2
3511515,2
3504285,2
3476956,2
3514255,2
3507148,2
3442752,2
3515658,2
3492799,2
3413952,2
3474687,2
3505988,22
3474536,2
3491694,2
3462918,2
3498553,2
3507207,2
3480306,2
3504396,2
3518735,2
3501467,24
3518711,2
3518777,2
3514760,2
3498645,2
3510205,2
3498763,2
3501634,24
3473002,2
3483489,2
3504729,2
3464377,2
3490459,2
3463393,2
3510351,2
3517925,2
3504705,2
3515078,2
3501995,25
3502007,25
3512330,2
3510485,2
3512361,2
3499146,2
3513549,2
3510549,2
3519192,2
3495200,2
3506773,2
3510765,2
3512447,2
3496630,2
3505217,2
3508117,2
3501150,2
3512596,2
3463743,2
3468121,2
3495472,2
3485426,2
3509795,2
3512653,2
3508266,2
3504070,2
3515587,2
3515586,2
3505600,22
3508646,2
3519981,2
3511494,2
3518515,2
3497001,2
3484194,2
3497095,2
3512751,2
3517323,2
3509964,2
3508664,2
3461201,2
3518541,2
3507223,2
3510039,2
3500256,2
3508864,2
3497529,2
3517530,2
3511752,2
3488975,2
3414208,2
3518667,2
3511907,2
3512009,2
3503371,2
3472863,2
3513030,2
3518736,2
3517608,2
3503404,2
3504498,2
3466067,2
3486333,2
3500682,2
3481770,2
3487592,2
3504730,2
3504604,2
3496003,2
3504843,2
3518999,2
3517917,2
3457686,2
3512208,2
3470206,2
3411532,2
3503717,2
3518053,2
3510619,2
3486590,2
3507782,2
3518096,2
3489465,2
3506711,2
3489489,2
3509581,2
3519255,2
3483850,2
3443470,2
3440625,2
3492522,2
3475404,2
3513721,2
3515352,2
3501052,2
3519389,2
3464913,2
3492408,2
3509684,2
3466624,2
3516772,2
3498210,2
3499579,2
3460796,2
3519534,2
3512598,2
3493863,2
3482497,2
3478373,2
3446611,2
3502756,2
3504074,2
3447887,2
3519825,2
3509865,2
3505590,22
3505599,22
3512819,2
3486987,2
3507115,2
3518516,2
3509910,2
3514465,2
3501381,24
3514349,2
3469978,2
3521430,2
3500352,2
3514666,2
3517431,2
3494607,2
3477484,2
3393443,2
3509014,2
3504500,2
3521654,2
3467213,2
3496031,2
3493247,2
3506461,2
3512176,2
3512253,2
3501725,2
3520759,2
3509437,2
3489466,2
3504785,2
3517924,2
3501922,25
3521831,2
3512207,2
3492261,2
3519247,2
3518050,2
3507674,2
3513548,2
3493353,2
3515275,2
3483817,2
3498135,2
3513849,2
3522437,2
3492518,2
3467980,2
3518239,2
3486872,2
3424729,2
3521222,2
3514265,2
3463894,2
3519941,2
3479650,2
3507037,2
3468253,2
3468006,2
3507058,2
3422133,2
3472625,2
3478447,2
3500007,2
3510038,2
3445234,2
3507146,2
3507235,2
3495798,2
3488763,2
3498594,2
3480122,2
3520235,2
3511753,2
3462720,2
3512898,2
3488997,2
3520290,2
3504380,2
3521478,2
3480346,2
3511872,2
3510080,2
3480345,2
3431500,2
3514902,2
3454562,2
3518764,2
3464205,2
3478554,2
3513097,2
3520659,2
3483303,2
3503573,2
3470154,2
3518911,2
3428764,2
3497969,2
3467329,2
3504641,2
3507553,2
3503613,2
3496076,2
3512247,2
3457657,2
3506524,2
3506631,2
3516240,2
3503648,2
3509527,2
3522138,2
3515237,2
3522090,2
3506674,2
3507783,2
3506727,2
3492324,2
3519294,2
3522290,2
3501019,2
3506852,2
3522449,2
3512586,2
3485427,2
3512629,2
3515496,2
3498396,2
3515571,2
3516936,2
3518356,2
3522629,2
3518472,2
3473933,2
3524192,2
3508885,2
3524210,2
3524252,2
3505979,22
3504358,2
3504270,2
3504408,2
3475626,2
3508795,2
3494540,2
3518655,2
3524341,2
3521542,2
3477646,2
3480376,2
3480375,2
3515836,2
3495844,2
3492051,2
3494775,2
3495941,2
3495940,2
3510204,2
3509015,2
3435341,2
3475898,2
3487472,2
3494980,2
3516049,2
3524575,2
3507671,2
3496035,2
3523555,2
3518832,2
3496075,2
3501908,25
3513324,2
3524805,2
3515164,2
3517972,2
3519154,2
3500987,2
3480843,2
3501105,2
3499338,2
3522271,2
3518126,2
3516510,2
3518127,2
3508198,2
3502237,25
3492464,2
3508197,2
3522383,2
3501108,2
3496711,2
3516825,2
3466635,2
3499740,2
3512555,2
3501158,2
3509834,2
3518384,2
3474047,2
3522757,2
3521230,2
3522839,2
3522832,2
3517126,2
3509938,2
3495544,2
3504219,2
3522899,2
3504357,2
3510088,2
3405099,2
3524344,2
3517300,2
3521477,2
3518608,2
3492969,2
3484270,2
3517640,2
3523326,2
3504420,2
3481565,2
3509266,2
3509152,2
3504381,2
3524420,2
3515871,2
3517837,2
3500681,2
3509250,2
3495967,2
3495969,2
3513208,2
3496032,2
3517872,2
3481694,2
3515079,2
3515080,2
3524758,2
3521900,2
3523606,2
3497983,2
3507600,2
3496232,2
3520838,2
3515068,2
3509497,2
3441659,2
3483787,2
3507785,2
3520931,2
3515229,2
3519282,2
3520959,2
3489519,2
3499362,2
3506710,2
3519248,2
3502185,25
3504003,2
3522382,2
3519408,2
3518240,2
3501164,2
3459411,2
3483902,2
3506974,2
3525464,2
3502641,2
3488351,2
3508479,2
3498395,2
3394649,2
3514400,2
3515702,2
3422487,2
3471248,2
3417816,23
3514502,2
3501371,24
3527094,2
3525935,2
3510113,2
3527119,2
3497433,2
3520289,2
3504409,2
3491965,2
3399377,2
3506195,22
3514811,2
3514696,2
3520479,2
3518706,2
3487252,2
3509074,2
3517732,2
3518780,2
3517741,2
3514914,2
3514903,2
3524464,2
3513078,2
3471701,2
3520660,2
3510239,2
3495915,2
3521655,2
3510427,2
3521776,2
3524606,2
3524698,2
3521896,2
3515120,2
3520771,2
3489460,2
3520808,2
3484740,2
3497984,2
3522070,2
3524801,2
3490458,2
3527835,2
3510618,2
3520955,2
3499336,2
3526666,2
3490844,2
3490695,2
3430582,2
3495262,2
3519473,2
3512498,2
3523898,2
3505246,2
3526760,2
3512630,2
3518283,2
3518282,2
3508396,2
3516726,2
3526759,2
3431987,2
3491157,2
3512617,2
3471003,2
3479809,2
3456647,2
3398619,2
3507059,2
3505878,22
3460929,2
3528527,2
3511380,2
3497230,2
3528528,2
3498429,2
3502935,2
3518466,2
3480010,2
3510051,2
3518554,2
3475634,2
3494662,2
3512875,2
3521429,2
3508792,2
3527161,2
3527202,2
3497372,2
3527257,2
3506196,22
3527187,2
3501536,24
3517742,2
3515872,2
3515835,2
3511930,2
3527285,2
3529087,2
3524379,2
3524421,2
3495845,2
3529107,2
3529108,2
3521621,2
3494945,2
3521597,2
3517731,2
3397544,2
3526301,2
3437177,2
3477813,2
3527468,2
3527431,2
3523556,2
3518856,2
3521727,2
3515035,2
3477829,2
3517890,2
3527532,2
3493127,2
3464578,2
3529339,2
3501931,25
3520832,2
3509528,2
3524802,2
3527629,2
3519155,2
3524951,2
3519209,2
3515214,2
3527925,2
3506693,2
3524978,2
3518173,2
3527783,2
3515339,2
3505184,2
3453171,2
3519404,2
3526705,2
3526706,2
3519405,2
3521044,2
3503827,2
3466623,2
3519530,2
3523953,2
3529721,2
3514026,2
3498248,2
3521302,2
3509842,2
3509880,2
3508585,2
3522906,2
3496967,2
3500003,2
3494158,2
3504170,2
3521298,2
3521296,2
3517127,2
3522982,2
3505882,22
3507116,2
3521344,2
3495786,2
3514812,2
3510008,2
3521472,2
3524358,2
3494677,2
3527185,2
3529018,2
3524309,2
3518614,2
3521558,2
3490127,2
3526256,2
3512157,2
3526281,2
3501639,24
3512155,2
3449808,2
3492001,2
3484739,2
3504716,2
3520730,2
3501749,2
3506536,2
3520839,2
3440372,2
3516199,2
3526458,2
3529410,2
3512205,2
3497902,2
3530445,2
3515163,2
3483664,2
3527652,2
3527716,2
3504978,2
3523742,2
3515119,2
3529437,2
3512316,2
3524928,2
3523710,2
3529438,2
3522184,2
3483786,2
3508085,2
3529561,2
3518051,2
3467694,2
3522240,2
3529587,2
3529560,2
3530833,2
3523841,2
3519533,2
3529722,2
3518248,2
3528299,2
3522689,2
3521165,2
3525426,2
3498326,2
3518364,2
3526946,2
3519824,2
3515572,2
3526957,2
3525563,2
3514399,2
3504194,2
3525880,2
3498565,2
3512919,2
3528948,2
3524340,2
3501491,24
3530011,2
3525919,2
3503320,2
3503271,2
3508965,2
3527203,2
3528978,2
3527182,2
3521543,2
3491857,2
3492959,2
3491809,2
3520674,2
3529159,2
3494981,2
3477828,2
3506484,2
3524547,2
3483515,2
3516050,2
3529327,2
3523701,2
3520758,2
3527602,2
3515067,2
3530331,2
3498079,2
3516239,2
3510687,2
3515236,2
3510694,2
3509535,2
3503805,2
3520873,2
3524927,2
3516306,2
3518016,2
3513359,2
3513545,2
3529535,2
3510916,2
3521093,2
3520951,2
3526709,2
3526746,2
3496785,2
3501104,2
3498136,2
3518198,2
3532467,2
3484886,2
3531064,2
3526747,2
3493904,2
3529719,2
3503999,2
3506867,2
3481225,2
3485364,2
3482571,2
3508215,2
3511414,2
3515591,2
3524107,2
3515628,2
3518408,2
3531255,2
3531370,2
3528586,2
3522838,2
3509909,2
3509903,2
3508663,2
3529862,2
3525778,2
3505871,22
3517324,2
3515712,2
3524251,2
3504303,2
3521385,2
3518540,2
3523217,2
3521503,2
3532904,2
3530112,2
3527186,2
3530080,2
3530087,2
3529005,2
3521557,2
3498794,2
3531805,2
3509238,2
3510215,2
3513054,2
3529081,2
3408360,2
3483415,2
3463082,2
3504563,2
3515006,2
3532101,2
3520723,2
3521777,2
3506506,2
3529302,2
3532174,2
3527601,2
3524782,2
3523590,2
3533144,2
3533145,2
3523675,2
3489309,2
3527432,2
3513425,2
3526461,2
3510747,2
3524945,2
3512315,2
3513360,2
3517969,2
3523791,2
3532252,2
3521909,2
3489439,2
3519413,2
3510693,2
3499347,2
3512483,2
3519388,2
3532363,2
3495282,2
3525290,2
3496769,2
3505333,2
3522460,2
3501173,2
3509803,2
3516935,2
3508395,2
3522721,2
3522833,2
3502789,2
3519805,2
3525577,2
3518476,2
3468275,2
3522718,2
3534299,2
3504199,2
3518477,2
3520236,2
3527095,2
3527120,2
3517253,2
3522973,2
3508607,2
3531457,2
3455346,2
3524266,2
3511552,2
3534389,2
3489933,2
3515745,2
3526077,2
3507176,2
3495729,2
3532917,2
3531811,2
3531806,2
3529987,2
3523257,2
3532873,2
3532872,2
3507281,2
3524475,2
3520673,2
3518776,2
3415117,2
3511934,2
3489291,2
3530322,2
3520729,2
3428848,2
3500805,2
3499123,2
3535057,2
3529257,2
3532218,2
3524806,2
3532175,2
3530406,2
3522108,2
3513323,2
3503788,2
3526558,2
3533338,2
3505098,2
3532387,2
3532320,2
3535242,2
3523842,2
3518093,2
3453170,2
3486749,2
3528015,2
3495263,2
3518175,2
3529652,2
3533791,2
3407292,2
3491302,2
3515409,2
3511199,2
3492515,2
3522648,2
3526945,2
3524095,2
3509828,2
3476943,2
3531376,2
3535567,2
3534298,2
3517252,2
3505572,22
3524185,2
3468435,2
3511473,2
3522846,2
3521402,2
3531458,2
3531331,2
3528685,2
3481269,2
3531313,2
3535633,2
3520062,2
3522985,2
3518555,2
3524325,2
3515765,2
3524313,2
3523156,2
3532882,2
3507224,2
3527162,2
3525934,2
3524393,2
3514665,2
3532932,2
3514764,2
3530113,2
3529082,2
3520548,2
3518710,2
3529017,2
3517761,2
3484456,2
3523496,2
3526345,2
3517607,2
3438307,2
3500452,2
3532044,2
3532979,2
3458702,2
3524605,2
3501746,2
3526462,2
3536082,2
3500707,2
3530446,2
3526464,2
3517957,2
3529358,2
3533468,2
3527653,2
3532292,2
3536274,2
3533411,2
3520960,2
3519414,2
3533469,2
3489577,2
3466663,2
3508103,2
3533825,2
3532468,2
3521041,2
3535330,2
3524034,2
3519526,2
3529653,2
3501210,2
3462241,2
3503961,2
3516802,2
3535439,2
3518363,2
3524078,2
3514000,2
3518405,2
3515463,2
3535541,2
3517053,2
3502790,2
3469719,2
3528612,2
3535634,2
3529956,2
3524236,2
3518609,2
3522898,2
3511719,2
3529945,2
3507258,2
3515703,2
3530056,2
3535762,2
3524417,2
3535763,2
3531816,2
3530081,2
3537712,2
3518713,2
3521593,2
3526291,2
3526398,2
3520722,2
3518962,2
3493155,2
3520807,2
3513317,2
3535045,2
3536056,2
3533424,2
3513426,2
3501996,25
3515140,2
3535104,2
3525009,2
3515215,2
3536212,2
3518083,2
3518133,2
3518097,2
3526645,2
3535263,2
3536517,2
3526690,2
3519363,2
3535241,2
3518216,2
3533668,2
3523869,2
3536594,2
3483903,2
3506935,2
3522436,2
3519527,2
3533781,2
3526807,2
3532593,2
3505695,22
3465088,2
3538297,2
3465260,2
3486855,2
3501237,2
3532606,2
3521292,2
3491375,2
3534233,2
3514173,2
3497299,2
3534336,2
3527051,2
3528585,2
3525564,2
3534379,2
3488678,2
3495690,2
3508960,2
3537404,2
3520296,2
3531660,2
3525964,2
3523256,2
3412163,2
3528947,2
3534668,2
3537405,2
3457351,2
3531815,2
3534610,2
3524416,2
3507282,2
3533042,2
3529224,2
3477452,2
3530207,2
3504552,2
3512094,2
3527462,2
3534981,2
3523700,2
3493270,2
3520869,2
3518998,2
3533317,2
3532217,2
3532319,2
3523672,2
3536240,2
3533502,2
3435856,2
3519224,2
3536492,2
3536404,2
3533746,2
3527924,2
3530778,2
3536581,2
3526726,2
3522440,2
3521043,2
3516666,2
3492516,2
3519565,2
3414700,2
3501163,2
3519674,2
3492566,2
3526917,2
3532670,2
3518442,2
3537040,2
3502677,2
3532616,2
3502755,2
3518438,2
3534234,2
3524149,2
3540048,2
3519972,2
3538370,2
3517017,2
3531375,2
3540006,2
3538485,2
3538484,2
3509933,2
3532811,2
3520295,2
3524276,2
3524302,2
3506216,22
3507252,2
3537353,2
3524310,2
3515767,2
3534609,2
3528719,2
3504313,2
3540448,2
3503319,2
3524385,2
3527273,2
3497742,2
3498801,2
3496004,2
3523577,2
3518971,2
3536213,2
3536057,2
3539117,2
3539144,2
3527824,2
3537989,2
3540832,2
3513586,2
3535155,2
3498080,2
3522185,2
3530733,2
3536418,2
3535264,2
3539498,2
3499361,2
3529567,2
3538135,2
3512580,2
3536759,2
3521169,2
3521137,2
3516787,2
3522398,2
3501109,2
3538233,2
3447589,2
3522688,2
3526918,2
3541201,2
3518409,2
3531247,2
3508353,2
3535511,2
3534154,2
3509937,2
3531363,2
3540003,2
3539820,2
3537168,2
3534144,2
3484164,2
3504205,2
3538371,2
3538408,2
3453683,2
3410837,2
3540185,2
3503008,2
3512844,2
3475696,2
3521504,2
3537499,2
3523379,2
3524384,2
3534823,2
3514860,2
3527183,2
3529106,2
3509246,2
3523378,2
3541569,2
3538702,2
3533051,2
3492118,2
3535943,2
3521830,2
3535013,2
3540684,2
3524580,2
3451903,2
3510484,2
3524811,2
3534980,2
3470408,2
3529359,2
3536153,2
3539085,2
3536261,2
3484873,2
3506565,2
3513486,2
3512378,2
3539270,2
3532291,2
3539111,2
3540937,2
3515338,2
3530834,2
3533688,2
3529685,2
3496884,2
3499699,2
3489588,2
3505296,2
3518266,2
3525418,2
3521185,2
3529718,2
3541192,2
3491318,2
3537041,2
3496899,2
3517106,2
3537161,2
3498295,2
3502830,2
3534230,2
3524186,2
3518459,2
3515648,2
3539967,2
3525845,2
3541351,2
3531688,2
3491541,2
3520163,2
3541443,2
3520218,2
3520407,2
3538609,2
3530088,2
3531950,2
3514932,2
3518781,2
3535854,2
3534735,2
3538701,2
3510246,2
3535916,2
3540618,2
3441214,2
3500694,2
3437359,2
3535941,2
3500752,2
3516200,2
3463390,2
3532132,2
3543542,2
3535058,2
3539026,2
3512329,2
3542000,2
3516385,2
3541945,2
3533479,2
3533734,2
3490574,2
3532332,2
3542262,2
3530859,2
3539611,2
3518174,2
3526691,2
3485363,2
3542301,2
3524030,2
3539541,2
3539540,2
3521147,2
3475309,2
3525345,2
3519804,2
3504234,2
3488340,2
3495616,2
3539806,2
3534289,2
3531302,2
3534151,2
3537162,2
3521322,2
3472496,2
3535680,2
3537110,2
3521359,2
3544116,2
3535652,2
3517355,2
3529957,2
3540226,2
3534521,2
3494368,2
3543003,2
3532847,2
3530010,2
3468817,2
3541448,2
3537592,2
3530085,2
3503457,2
3534734,2
3538669,2
3533052,2
3521629,2
3521682,2
3509265,2
3537859,2
3532115,2
3538871,2
3523607,2
3532199,2
3524699,2
3512248,2
3529340,2
3533316,2
3503854,2
3535152,2
3522159,2
3524950,2
3532333,2
3506654,2
3513504,2
3530605,2
3503806,2
3513716,2
3532384,2
3539358,2
3545036,2
3543777,2
3543841,2
3538134,2
3513924,2
3489657,2
3538257,2
3532587,2
3535359,2
3498325,2
3508539,2
3531250,2
3535588,2
3535591,2
3529826,2
3517055,2
3544092,2
3514350,2
3525777,2
3544115,2
3537242,2
3502999,2
3481401,2
3489972,2
3500137,2
3491454,2
3527027,2
3518484,2
3534378,2
3545968,2
3526176,2
3515761,2
3537597,2
3538668,2
3544320,2
3495770,2
3518622,2
3481402,2
3524468,2
3480451,2
3501640,24
3492982,2
3524501,2
3541623,2
3530209,2
3526399,2
3535940,2
3537919,2
3535024,2
3537858,2
3543543,2
3538916,2
3515081,2
3543574,2
3532200,2
3527540,2
3544637,2
3535090,2
3544636,2
3520901,2
3475123,2
3544783,2
3535112,2
3540938,2
3530646,2
3529495,2
3533575,2
3519416,2
3530551,2
3506724,2
3522277,2
3522369,2
3528068,2
3516727,2
3485219,2
3499440,2
3521040,2
3516685,2
3529655,2
3526808,2
3534085,2
3508418,2
3522628,2
3542814,2
3431982,2
3518267,2
3542624,2
3535498,2
3544184,2
3545716,2
3542757,2
3538504,2
3531687,2
3522847,2
3521401,2
3544186,2
3538506,2
3495799,2
3540182,2
3534667,2
3510081,2
3527052,2
3532883,2
3544314,2
3531812,2
3527256,2
3544315,2
3513055,2
3543298,2
3503263,2
3543344,2
3518756,2
3518656,2
3541570,2
3524474,2
3546214,2
3514829,2
3546274,2
3500695,2
3546327,2
3524574,2
3501745,2
3521899,2
3538924,2
3543500,2
3533232,2
3515034,2
3543556,2
3506566,2
3536083,2
3539025,2
3532223,2
3527717,2
3546548,2
3542121,2
3510748,2
3515239,2
3539428,2
3532408,2
3525061,2
3505230,2
3503917,2
3547911,2
3546629,2
3502405,2
3542375,2
3506851,2
3543883,2
3545206,2
3519848,2
3460844,2
3535349,2
3515458,2
3545365,2
3541160,2
3481131,2
3528328,2
3542625,2
3539759,2
3534153,2
3548295,2
3545642,2
3520092,2
3542768,2
3517054,2
3538499,2
3538437,2
3521420,2
3541347,2
3541416,2
3537290,2
3525965,2
3529981,2
3531703,2
3540227,2
3527293,2
3547141,2
3548947,2
3532969,2
3504329,2
3514761,2
3534824,2
3548946,2
3547246,2
3468596,2
3526292,2
3526302,2
3530206,2
3500709,2
3526400,2
3517881,2
3549184,2
3547365,2
3523576,2
3540735,2
3541908,2
3513422,2
3529348,2
3520870,2
3527463,2
3527469,2
3535051,2
3530398,2
3549292,2
3532246,2
3533412,2
3543704,2
3530538,2
3526595,2
3547803,2
3523743,2
3518125,2
3529684,2
3522107,2
3513741,2
3529584,2
3528141,2
3492614,2
3514023,2
3536792,2
3470922,2
3516630,2
3515412,2
3518298,2
3542394,2
3439340,2
3548236,2
3533983,2
3528599,2
3512694,2
3514098,2
3538362,2
3544107,2
3505571,22
3546961,2
3411590,2
3539871,2
3420494,2
3535505,2
3524091,2
3546962,2
3484153,2
3548574,2
3419561,2
3548683,2
3515744,2
3532933,2
3461200,2
3543146,2
3537498,2
3548874,2
3544376,2
3543021,2
3532968,2
3540529,2
3530057,2
3537660,2
3547142,2
3532045,2
3546223,2
3544415,2
3535890,2
3541542,2
3529160,2
3537713,2
3535915,2
3500751,2
3538920,2
3544497,2
3483563,2
3549247,2
3533233,2
3546442,2
3524812,2
3543582,2
3513318,2
3547704,2
3523709,2
3546552,2
3513463,2
3522272,2
3533497,2
3550761,2
3533733,2
3549499,2
3539515,2
3535429,2
3542322,2
3541113,2
3536793,2
3532646,2
3545399,2
3526953,2
3528281,2
3535504,2
3419285,2
3551194,2
3546850,2
3534229,2
3542717,2
3544130,2
3535638,2
3537167,2
3534384,2
3527032,2
3524110,2
3532732,2
3551416,2
3525881,2
3503264,2
3541401,2
3538475,2
3548749,2
3537496,2
3537591,2
3532916,2
3540375,2
3509115,2
3537703,2
3527292,2
3550027,2
3530017,2
3494891,2
3510220,2
3549160,2
3532029,2
3540660,2
3521681,2
3448852,2
3550128,2
3510290,2
3510407,2
3546380,2
3547352,2
3498984,2
3538872,2
3523614,2
3544774,2
3535138,2
3532245,2
3520874,2
3549393,2
3530672,2
3549334,2
3543776,2
3476343,2
3550577,2
3546674,2
3530860,2
3529659,2
3505420,2
3509721,2
3541051,2
3541050,2
3505636,22
3541159,2
3549582,2
3535464,2
3522722,2
3548267,2
3542771,2
3548300,2
3507131,2
3502934,2
3541212,2
3502829,2
3552585,2
3535661,2
3535631,2
3552654,2
3537130,2
3538507,2
3461158,2
3529006,2
3465536,2
3520140,2
3545967,2
3432407,2
3529986,2
3544302,2
3540376,2
3547208,2
3529060,2
3526282,2
3551816,2
3517762,2
3438296,2
3532028,2
3478553,2
3549183,2
3527385,2
3533068,2
3551998,2
3481636,2
3538921,2
3550299,2
3518955,2
3526557,2
3550419,2
3529457,2
3543711,2
3536186,2
3529630,2
3527919,2
3538163,2
3545147,2
3550972,2
3548073,2
3525463,2
3552354,2
3535465,2
3518393,2
3416022,2
3553866,2
3483977,2
3542553,2
3502743,2
3548296,2
3542821,2
3548434,2
3501285,2
3528613,2
3551139,2
3541284,2
3537220,2
3521258,2
3546991,2
3527031,2
3542978,2
3527026,2
3531704,2
3554322,2
3517385,2
3531715,2
3548744,2
3548811,2
3501598,24
3534617,2
3492877,2
3534618,2
3530154,2
3504426,2
3538584,2
3497728,2
3537534,2
3552842,2
3551841,2
3543322,2
3551892,2
3544377,2
3552876,2
3552918,2
3527368,2
3463010,2
3538756,2
3422758,2
3503486,2
3552959,2
3527384,2
3551997,2
3470353,2
3536152,2
3520831,2
3535123,2
3543617,2
3533449,2
3547705,2
3542058,2
3546583,2
3530754,2
3533677,2
3545015,2
3546675,2
3518110,2
3529707,2
3452011,2
3469538,2
3535400,2
3553673,2
3553921,2
3533905,2
3528329,2
3553865,2
3536898,2
3551099,2
3531525,2
3535529,2
3515592,2
3501154,2
3502744,2
3551235,2
3549786,2
3505641,22
3498552,2
3552593,2
3545643,2
3549812,2
3517356,2
3511511,2
3551537,2
3535787,2
3535679,2
3534474,2
3527188,2
3538573,2
3521448,2
3551760,2
3528971,2
3518765,2
3549021,2
3510167,2
3554657,2
3534752,2
3486053,2
3543365,2
3551893,2
3546104,2
3428265,2
3521620,2
3521550,2
3552013,2
3523673,2
3552968,2
3537905,2
3555801,2
3529258,2
3554865,2
3541660,2
3532251,2
3533159,2
3540812,2
3503916,2
3529411,2
3522137,2
3544853,2
3544802,2
3547697,2
3544922,2
3512252,2
3476355,2
3547765,2
3430453,2
3502468,2
3532455,2
3550732,2
3550823,2
3529516,2
3536560,2
3528014,2
3555211,2
3502670,2
3505229,2
3549583,2
3529648,2
3541149,2
3536901,2
3542644,2
3545331,2
3535497,2
3517018,2
3542748,2
3546926,2
3545494,2
3552608,2
3508793,2
3505902,22
3538503,2
3538583,2
3549872,2
3545760,2
3541374,2
3547079,2
3532822,2
3531659,2
3523129,2
3537497,2
3540233,2
3548812,2
3552772,2
3515838,2
3555653,2
3491988,2
3551815,2
3520478,2
3543284,2
3495728,2
3484365,2
3555722,2
3537772,2
3531859,2
3540379,2
3555702,2
3526195,2
3546229,2
3552958,2
3543501,2
3553053,2
3549267,2
3517880,2
3549210,2
3524781,2
3530552,2
3493320,2
3552174,2
3553222,2
3535105,2
3533633,2
3512391,2
3540757,2
3557853,2
3542279,2
3526667,2
3541014,2
3555184,2
3518084,2
3558017,2
3545207,2
3543853,2
3538208,2
3545148,2
3452104,2
3535405,2
3542464,2
3552362,2
3501157,2
3542321,2
3550965,2
3551030,2
3522421,2
3531230,2
3538284,2
3541193,2
3528488,2
3555325,2
3553920,2
3544127,2
3558319,2
3524359,2
3529868,2
3512093,2
3530040,2
3545759,2
3557119,2
3467069,2
3548875,2
3554656,2
3506222,22
3550009,2
3429592,22
3517639,2
3543396,2
3532098,2
3526076,2
3526255,2
3546308,2
3547190,2
3555730,2
3432406,2
3517838,2
3552961,2
3518855,2
3533067,2
3533158,2
3537885,2
3550163,2
3533401,2
3535127,2
3550314,2
3553219,2
3539116,2
3536403,2
3549461,2
3540940,2
3539211,2
3555183,2
3535216,2
3545079,2
3546621,2
3541023,2
3503850,2
3549507,2
3542280,2
3481073,2
3528069,2
3533782,2
3528280,2
3539758,2
3532605,2
3552453,2
3515447,2
3549586,2
3556728,2
3556612,2
3552517,2
3552518,2
3552545,2
3556840,2
3526849,2
3546927,2
3546986,2
3539997,2
3548564,2
3541417,2
3555509,2
3428450,2
3527105,2
3521518,2
3549888,2
3555639,2
3503424,2
3501579,24
3523327,2
3547209,2
3540447,2
3546213,2
3540619,2
3551944,2
3550126,2
3550109,2
3546326,2
3557703,2
3535113,2
3521848,2
3535124,2
3497972,2
3544919,2
3552175,2
3547919,2
3512558,2
3552240,2
3518197,2
3546547,2
3545080,2
3559158,2
3535260,2
3515448,2
3516818,2
3519702,2
3520932,2
3530983,2
3550904,2
3506940,2
3549618,2
3516918,2
3498289,2
3536852,2
3500002,2
3495397,2
3537088,2
3515536,2
3525654,2
3546935,2
3552552,2
3537115,2
3558226,2
3520139,2
3549774,2
3541342,2
3549815,2
3517245,2
3552584,2
3552619,2
3558335,2
3517386,2
3528700,2
3540099,2
3548573,2
3555508,2
3537243,2
3432221,2
3559990,2
3537305,2
3537484,2
3537485,2
3554446,2
3552740,2
3557374,2
3546144,2
3543343,2
3551840,2
3549953,2
3467157,2
3554705,2
3551829,2
3555703,2
3543285,2
3537756,2
3524469,2
3532099,2
3527357,2
3558649,2
3535991,2
3547366,2
3535156,2
3538905,2
3547483,2
3538917,2
3558712,2
3558810,2
3557838,2
3560659,2
3532229,2
3527752,2
3558999,2
3520900,2
3527807,2
3556344,2
3557899,2
3546604,2
3550663,2
3560793,2
3539271,2
3547880,2
3529565,2
3519293,2
3559224,2
3532454,2
3550691,2
3543842,2
3511028,2
3562342,2
3558120,2
3558085,2
3506911,2
3555326,2
3526848,2
3522649,2
3448165,2
3512591,2
3531344,2
3549683,2
3562593,2
3515713,2
3541348,2
3562731,2
3505642,22
3520195,2
3549775,2
3560006,2
3525918,2
3538474,2
3529980,2
3544299,2
3540002,2
3488790,2
3534721,2
3497524,2
3545899,2
3555638,2
3558530,2
3549115,2
3534723,2
3561400,2
3552877,2
3531736,2
3514859,2
3544403,2
3509229,2
3466154,2
3510245,2
3484571,2
3540683,2
3535990,2
3546358,2
3555936,2
3546337,2
3544496,2
3557652,2
3560566,2
3549248,2
3558998,2
3524681,2
3533423,2
3529420,2
3537991,2
3535151,2
3547649,2
3556096,2
3542011,2
3540815,2
3519415,2
3560721,2
3557858,2
3550690,2
3544918,2
3546598,2
3563584,26
3516665,2
3538241,2
3543854,2
3556613,2
3526773,2
3518368,2
3543882,2
3548061,2
3558119,2
3560960,2
3545495,2
3560961,2
3513925,2
3549715,2
3555367,2
3529706,2
3507064,2
3520069,2
3552462,2
3549696,2
3539821,2
3562668,2
3562616,2
3511279,2
3537189,2
3507063,2
3549787,2
3558283,2
3527096,2
3535740,2
3495738,2
3558447,2
3537757,2
3544319,2
3509245,2
3537677,2
3552955,2
3529223,2
3560332,2
3550083,2
3549020,2
3446880,2
3532100,2
3560504,2
3544502,2
3563316,2
3512204,2
3560587,2
3547351,2
3554951,2
3557760,2
3537906,2
3559004,2
3550524,2
3553175,2
3552102,2
3539132,2
3540894,2
3539143,2
3469491,2
3564879,26
3560794,2
3529656,2
3561993,2
3556582,2
3565050,2
3508102,2
3558105,2
3548147,2
3528140,2
3543956,2
3548123,2
3565123,2
3528410,2
3534005,2
3562507,2
3563800,26
3549684,2
3562321,2
3555366,2
3549695,2
3551140,2
3563916,26
3508417,2
3562617,2
3438003,2
3541248,2
3538411,2
3542756,2
3552715,2
3524161,2
3550010,2
3545900,2
3545781,2
3557296,2
3521419,2
3552671,2
3563996,26
3547133,2
3542977,2
3549906,2
3554521,2
3547167,2
3558438,2
3541480,2
3561241,2
3527106,2
3555596,2
3566140,2
3547197,2
3561424,2
3495926,2
3535012,2
3527533,2
3554843,2
3555966,2
3543581,2
3554988,2
3557761,2
3539191,2
3557873,2
3523749,2
3564741,26
3533476,2
3563585,26
3559157,2
3518094,2
3536491,2
3566508,2
3559317,2
3556393,2
3558006,2
3550973,2
3556583,2
3524033,2
3521092,2
3560972,2
3538364,2
3531185,2
3553982,2
3565446,2
3481039,2
3545606,2
3562667,2
3552589,2
3435040,2
3532731,2
3557030,2
3554144,2
3556990,2
3565639,2
3552655,2
3563995,26
3548740,2
3549853,2
3537350,2
3560256,2
3566879,2
3549898,2
3555637,2
3552771,2
3552775,2
3546105,2
3566957,2
3535853,2
3558503,2
3554704,2
3506221,22
3530084,2
3557508,2
3558571,2
3557451,2
3560413,2
3563241,2
3552935,2
3558611,2
3451643,2
3560519,2
3560518,2
3560539,2
3560486,2
3566223,2
3564348,26
3555800,2
3557692,2
3563353,2
3563352,2
3549236,2
3557824,2
3535085,2
3537884,2
3561613,2
3549266,2
3563496,26
3560658,2
3566302,2
3556189,2
3516305,2
3552228,2
3547792,2
3561943,2
3557852,2
3567648,2
3550530,2
3550749,2
3547918,2
3463664,2
3567666,2
3561952,2
3559318,2
3539556,2
3502469,2
3543927,2
3525279,2
3558084,2
3559529,2
3516817,2
3528298,2
3545398,2
3553717,2
3555403,2
3539813,2
3524090,2
3532645,2
3541270,2
3563899,26
3558178,2
3436687,2
3546874,2
3559790,2
3521415,2
3544180,2
3566849,2
3558380,2
3560007,2
3554151,2
3548497,2
3564008,26
3552620,2
3534526,2
3540232,2
3554218,2
3564111,26
3564069,26
3538572,2
3477387,2
3541479,2
3555645,2
3555644,2
3566986,2
3568837,2
3551663,2
3554753,2
3438306,2
3546228,2
3561450,2
3568989,2
3568990,2
3558711,2
3550295,2
3543565,2
3527632,2
3536187,2
3569060,2
3564434,26
3555002,2
3560622,2
3544519,2
3558889,2
3542048,2
3505085,2
3567641,2
3563552,26
3549462,2
3550750,2
3549473,2
3539440,2
3536417,2
3563594,26
3530755,2
3503853,2
3552291,2
3559431,2
3563774,26
3550989,2
3533691,2
3567919,2
3551193,2
3542562,2
3524065,2
3518385,2
3546915,2
3558106,2
3555370,2
3562406,2
3556989,2
3556829,2
3535540,2
3544049,2
3539864,2
3508554,2
3439801,2
3534337,2
3538541,2
3552714,2
3562861,2
3551538,2
3545810,2
3549995,2
3532848,2
3551653,2
3566982,2
3557334,2
3514695,2
3535850,2
3568684,2
3568683,2
3563101,2
3557528,2
3544362,2
3518666,2
3566158,2
3553054,2
3560540,2
3566254,2
3543658,2
3543599,2
3566273,2
3566306,2
3569169,2
3540775,2
3529566,2
3557864,2
3555094,2
3561942,2
3566463,2
3564882,26
3563670,26
3540987,2
3546711,2
3569479,2
3546742,2
3536897,2
3562161,2
3567901,2
3513856,2
3544022,2
3570934,2
3548346,2
3569542,2
3542755,2
3452371,2
3474303,2
3561100,2
3568211,2
3546956,2
3518465,2
3558303,2
3568512,2
3562732,2
3558284,2
3546992,2
3535656,2
3569687,2
3500006,2
3540487,2
3554343,2
3569760,2
3568703,2
3527272,2
3552774,2
3555701,2
3543270,2
3558564,2
3552843,2
3541560,2
3558565,2
3558574,2
3541559,2
3527356,2
3540661,2
3563317,2
3571883,2
3524530,2
3563351,2
3567239,2
3564527,26
3518954,2
3552130,2
3567328,2
3552076,2
3523750,2
3447226,2
3569286,2
3555091,2
3535171,2
3533820,2
3569281,2
3472408,2
3533745,2
3560819,2
3525060,2
3553664,2
3538124,2
3560817,2
3539580,2
3559511,2
3525390,2
3548124,2
3543955,2
3542653,2
3569471,2
3563863,26
3570802,2
3545832,2
3508480,2
3545635,2
3558206,2
3565580,2
3555607,2
3569721,2
3566871,2
3548743,2
3568390,2
3569694,2
3568366,2
3557196,2
3561240,2
3538610,2
3564110,26
3569777,2
3521449,2
3558560,2
3555597,2
3569864,2
3563021,2
3558502,2
3558610,2
3513079,2
3561423,2
3571884,2
3571836,2
3569059,2
3543555,2
3550274,2
3566159,2
3561607,2
3546336,2
3566180,2
3513421,2
3571938,2
3543600,2
3539114,2
3558958,2
3550564,2
3530537,2
3549399,2
3527806,2
3563654,26
3539451,2
3569349,2
3545151,2
3554019,2
3519675,2
3556722,2
3542563,2
3570859,2
3543973,2
3541206,2
3508693,2
3539966,2
3546957,2
3555459,2
3569693,2
3558318,2
3557363,2
3557300,2
3549852,2
3543271,2
3555602,2
3548813,2
3562928,2
3544361,2
3564173,26
3552855,2
3558573,2
3561399,2
3554736,2
3568985,2
3554824,2
3546385,2
3571916,2
3574708,2
3541819,2
3549235,2
3549340,2
3574747,2
3556097,2
3566289,2
3527633,2
3553241,2
3572019,2
3550578,2
3566333,2
3561851,2
3555095,2
3518076,2
3526708,2
3564774,26
3560811,2
3508086,2
3539641,2
3442059,2
3508176,2
3535329,2
3506910,2
3533954,2
3525278,2
3560879,2
3562191,2
3565057,2
3546791,2
3549506,2
3563775,26
3560878,2
3572266,2
3533997,2
3528487,2
3565279,2
3566617,2
3545533,2
3569464,2
3565205,2
3569485,2
3571130,2
3539506,2
3562656,2
3524106,2
3547015,2
3509075,2
3557029,2
3558304,2
3555593,2
3526196,2
3549887,2
3574306,2
3575391,2
3558487,2
3470040,2
3555594,2
3557297,2
3555669,2
3572641,2
3563098,2
3535786,2
3554737,2
3568908,2
3574569,2
3547290,2
3533083,2
3569023,2
3546342,2
3566256,2
3557795,2
3563497,26
3499145,2
3557839,2
3556190,2
3563553,26
3569304,2
3564814,26
3565079,2
3567649,2
3529564,2
3576149,2
3570633,2
3564854,26
3529534,2
3463675,2
3539429,2
3538240,2
3572265,2
3556841,2
3568210,2
3551163,2
3569484,2
3566675,2
3561045,2
3552485,2
3571060,2
3573946,2
3563965,26
3549842,2
3561175,2
3577071,2
3575392,2
3557195,2
3574307,2
3571598,2
3568702,2
3532903,2
3554393,2
3569756,2
3554438,2
3546013,2
3572647,2
3571656,2
3560348,2
3557452,2
3561341,2
3561428,2
3555787,2
3506462,2
3535942,2
3546343,2
3530321,2
3560583,2
3547531,2
3573076,2
3553342,2
3543705,2
3557887,2
3563554,26
3540811,2
3559160,2
3576169,2
3562010,2
3533692,2
3563623,26
3553452,2
3569266,2
3559458,2
3515405,2
3541064,2
3569493,2
3570801,2
3542463,2
3559543,2
3576531,2
3495421,2
3536999,2
3552474,2
3573680,2
3558117,2
3521184,2
3519703,2
3558168,2
3566676,2
3536992,2
3572378,2
3538412,2
3561018,2
3569661,2
3552582,2
3562642,2
3565557,2
3572488,2
3557016,2
3565522,2
3575327,2
3561176,2
3574121,2
3578197,2
3569757,2
3569800,2
3555603,2
3549996,2
3548983,2
3575576,2
3575528,2
3552856,2
3535920,2
3555731,2
3572764,2
3569965,2
3546307,2
3572788,2
3569032,2
3553196,2
3552103,2
3564645,26
3539192,2
3532222,2
3578904,2
3569322,2
3577750,2
3560832,2
3567918,2
3554075,2
3556723,2
3545532,2
3576598,2
3565250,2
3482650,2
3576709,2
3561121,2
3566713,2
3573918,2
3576760,2
3571087,2
3563980,26
3571276,2
3572489,2
3557015,2
3558348,2
3522986,2
3548762,2
3562862,2
3575387,2
3569759,2
3547168,2
3571548,2
3555539,2
3564129,26
3575499,2
3575577,2
3561335,2
3577336,2
3565962,2
3569022,2
3558721,2
3558811,2
3575856,2
3543566,2
3571932,2
3574756,2
3549339,2
3556166,2
3575996,2
3580489,2
3557823,2
3533496,2
3578937,2
3578938,2
3573259,2
3578985,2
3562056,2
3503957,2
3564724,26
3560720,2
3546712,2
3577781,2
3562011,2
3577780,2
3535215,2
3570619,2
3542302,2
3565104,2
3532592,2
3563799,26
3525419,2
3572259,2
3577938,2
3511267,2
3532534,2
3562352,2
3569422,2
3535503,2
3578009,2
3502998,2
3573792,2
3561120,2
3556844,2
3537097,2
3555504,2
3576926,2
3562634,2
3561171,2
3559929,2
3576927,2
3569617,2
3569616,2
3558336,2
3551415,2
3558328,2
3566956,2
3549816,2
3491290,2
3551705,2
3575435,2
3554439,2
3571597,2
3572638,2
3560285,2
3562923,2
3529039,2
3558421,2
3561342,2
3569900,2
3581180,2
3574487,2
3451642,2
3568988,2
3555847,2
3563346,2
3560503,2
3572839,2
3567216,2
3575801,2
3574794,2
3552203,2
3561690,2
3535091,2
3550323,2
3553406,2
3537966,2
3555038,2
3574936,2
3573290,2
3526594,2
3572107,2
3578902,2
3577751,2
3576148,2
3581898,2
3552290,2
3569369,2
3562220,2
3573482,2
3579266,2
3556809,2
3570841,2
3553718,2
3542269,2
3582073,2
3549585,2
3578003,2
3506085,22
3559470,2
3579492,2
3570972,2
3579643,2
3580941,2
3582604,2
3569681,2
3574114,2
3578223,2
3566754,2
3568596,2
3568695,2
3579970,2
3564196,26
3571629,2
3558396,2
3578275,2
3564164,26
3550082,2
3571547,2
3561396,2
3514933,2
3552026,2
3546452,2
3577540,2
3571937,2
3549270,2
3571945,2
3558888,2
3571915,2
3570219,2
3550529,2
3581738,2
3576128,2
3581716,2
3579039,2
3491137,2
3569265,2
3578901,2
3536580,2
3583456,2
3567663,2
3516511,2
3569350,2
3579215,2
3576520,2
3552411,2
3488341,2
3548268,2
3577939,2
3562397,2
3545364,2
3575155,2
3582278,2
3495545,2
3555355,2
3570985,2
3571166,2
3515642,2
3566755,2
3541249,2
3564041,26
3565466,2
3562816,2
3562922,2
3512899,2
3557091,2
3581035,2
3582791,2
3575434,2
3566981,2
3547180,2
3558332,2
3583997,2
3543299,2
3566127,2
3452635,2
3583088,2
3566076,2
3574564,2
3569901,2
3554823,2
3558700,2
3560487,2
3572789,2
3569065,2
3580333,2
3517904,2
3574700,2
3581420,2
3540786,2
3535086,2
3550346,2
3559159,2
3541907,2
3583393,2
3581757,2
3577716,2
3577715,2
3574959,2
3566509,2
3529649,2
3549467,2
3557968,2
3576356,2
3528358,2
3583538,2
3570858,2
3576448,2
3584974,2
3579335,2
3546790,2
3573515,2
3568082,2
3578030,2
3558110,2
3556810,2
3531341,2
3576489,2
3569459,2
3569541,2
3583699,2
3555540,2
3528684,2
3576934,2
3580974,2
3574066,2
3531340,2
3539974,2
3554058,2
3578184,2
3555560,2
3566880,2
3557401,2
3566969,2
3574113,2
3571387,2
3564128,26
3577188,2
3583989,2
3569966,2
3564217,26
3561387,2
3461291,2
3561334,2
3581239,2
3575815,2
3581558,2
3547696,2
3566311,2
3542270,2
3547998,2
3569285,2
3570481,2
3584665,2
3570440,2
3508087,2
3560833,2
3586323,2
3518077,2
3515351,2
3576277,2
3583506,2
3553676,2
3573723,2
3576488,2
3543865,2
3583517,2
3567900,2
3559589,2
3505669,22
3573724,2
3466873,2
3512830,2
3582346,2
3513857,2
3534038,2
3499876,2
3546968,2
3568044,2
3580772,2
3586474,27
3546825,2
3568365,2
3568367,2
3569643,2
3574104,2
3555471,2
3524193,2
3580948,2
3559928,2
3554291,2
3552672,2
3585402,2
3575394,2
3583834,2
3568442,2
3575418,2
3566876,2
3571308,2
3574376,2
3583904,2
3585668,2
3585501,2
3572669,2
3583922,2
3578284,2
3582852,2
3568909,2
3565714,2
3495737,2
3568563,2
3572677,2
3581164,2
3574491,2
3553176,2
3581419,2
3564559,26
3583137,2
3553195,2
3583248,2
3575806,2
3572017,2
3577628,2
3546501,2
3563615,26
3564880,26
3581874,2
3570482,2
3586249,2
3583539,2
3563641,26
3586260,2
3586276,2
3553719,2
3565131,2
3566680,2
3553913,2
3541120,2
3542860,2
3546870,2
3576565,2
3572307,2
3562366,2
3582570,2
3563966,26
3571203,2
3569654,2
3573947,2
3562761,2
3455431,2
3557333,2
3581039,2
3582848,2
3543235,2
3565745,2
3585776,2
3530004,2
3560347,2
3566132,2
3569801,2
3547245,2
3464301,2
3554866,2
3557668,2
3574653,2
3569064,2
3555967,2
3577505,2
3555846,2
3581427,2
3546381,2
3573260,2
3460576,2
3583268,2
3564611,26
3541820,2
3581567,2
3553407,2
3555193,2
3564853,26
3573375,2
3553677,2
3576168,2
3586234,2
3539505,2
3460655,2
3541148,2
3515404,2
3569370,2
3546673,2
3486846,2
3583542,2
3587730,2
3585031,2
3576449,2
3552461,2
3576527,2
3579493,2
3565241,2
3460930,2
3580835,2
3586498,27
3582154,2
3531330,2
3559675,2
3555385,2
3555324,2
3572379,2
3588078,2
3580861,2
3555271,2
3586561,27
3562647,2
3573889,2
3575247,2
3540047,2
3505670,22
3569710,2
3582565,2
3572446,2
3582702,2
3565579,2
3586653,27
3572631,2
3571377,2
3586631,27
3582735,2
3555547,2
3560236,2
3559991,2
3588509,2
3586743,27
3574428,2
3551904,2
3503370,2
3544434,2
3574486,2
3560255,2
3568803,2
3578392,2
3572767,2
3578432,2
3563154,2
3552960,2
3583193,2
3566274,2
3572860,2
3584198,2
3577662,2
3581633,2
3580490,2
3588931,2
3580563,2
3580502,2
3584668,2
3522364,2
3569227,2
3577742,2
3587545,2
3581717,2
3570336,2
3563669,26
3560812,2
3581875,2
3564989,2
3587557,2
3566535,2
3586233,2
3558032,2
3576419,2
3570971,2
3587734,2
3579261,2
3590494,2
3569558,2
3590572,2
3579569,2
3578002,2
3583552,2
3570933,2
3587875,2
3541137,2
3568335,2
3544126,2
3579530,2
3587876,2
3551188,2
3574103,2
3477268,2
3572505,2
3566745,2
3585341,2
3579688,2
3585342,2
3568391,2
3561177,2
3580968,2
3580975,2
3568336,2
3589419,2
3589420,2
3571415,2
3575395,2
3579971,2
3591219,2
3591306,2
3582849,2
3582928,2
3578306,2
3574417,2
3577187,2
3589642,2
3560421,2
3586783,27
3551704,2
3566077,2
3568838,2
3575520,2
3575527,2
3498737,2
3534956,2
3493128,2
3574709,2
3555965,2
3558699,2
3539115,2
3583192,2
3566303,2
3577627,2
3584387,2
3570291,2
3590224,2
3573144,2
3583311,2
3590287,2
3587359,2
3548062,2
3583391,2
3545183,2
3584708,2
3560916,2
3543912,2
3590503,2
3587733,2
3570680,2
3515413,2
3570827,2
3576418,2
3552473,2
3563856,26
3526727,2
3566586,2
3565204,2
3590735,2
3572358,2
3559658,2
3589377,2
3461063,2
3582398,2
3585403,2
3520268,2
3591040,2
3571163,2
3588440,2
3572567,2
3592320,2
3588359,2
3591319,2
3583951,2
3588347,2
3568752,2
3592455,2
3583998,2
3562967,2
3591320,2
3580260,2
3591477,2
3558588,2
3574429,2
3580293,2
3572790,2
3589728,2
3574654,2
3570147,2
3574757,2
3557863,2
3563593,26
3581737,2
3550563,2
3576269,2
3591883,2
3564881,26
3593172,2
3591845,2
3583337,2
3584709,2
3574960,2
3586324,2
3587544,2
3512581,2
3572213,2
3548074,2
3589192,2
3589137,2
3525391,2
3584855,2
3592027,2
3584973,2
3575099,2
3544036,2
3579696,2
3569536,2
3579722,2
3580886,2
3548299,2
3582559,2
3541375,2
3576878,2
3578119,2
3591066,2
3571396,2
3581040,2
3499720,2
3585646,2
3592429,2
3566872,2
3579832,2
3586830,27
3580161,2
3594123,2
3594124,2
3586742,27
3540380,2
3569865,2
3566010,2
3534955,2
3578339,2
3564238,26
3538755,2
3592561,2
3592560,2
3577456,2
3463263,2
3554734,2
3570095,2
3543485,2
3592670,2
3535052,2
3535025,2
3570052,2
3575853,2
3584351,2
3567667,2
3539086,2
3581756,2
3581813,2
3566485,2
3580564,2
3586173,2
3563659,26
3591888,2
3557982,2
3593167,2
3540988,2
3586335,2
3581899,2
3579040,2
3591944,2
3576276,2
3563794,26
3576357,2
3594823,2
3593353,2
3594821,2
3516891,2
3567803,2
3561019,2
3560989,2
3590864,2
3590863,2
3579554,2
3582345,2
3559917,2
3546967,2
3573919,2
3577005,2
3588301,2
3588145,2
3583801,2
3579578,2
3592298,2
3552594,2
3564042,26
3578222,2
3481474,2
3595201,2
3543020,2
3583905,2
3583876,2
3589557,2
3540362,2
3578276,2
3566965,2
3575500,2
3555654,2
3588608,2
3591342,2
3567096,2
3583950,2
3543575,2
3575859,2
3574671,2
3583253,2
3543624,2
3546503,2
3533632,2
3557886,2
3532275,2
3552241,2
3580503,2
3583366,2
3577661,2
3593075,2
3539381,2
3581812,2
3583376,2
3573432,2
3590372,2
3538164,2
3583487,2
3573639,2
3570679,2
3552454,2
3579207,2
3587747,2
3589138,2
3583620,2
3592098,2
3575131,2
3562407,2
3585105,2
3583600,2
3585144,2
3593661,2
3595025,2
3583698,2
3566679,2
3568147,2
3570928,2
3590979,2
3579695,2
3592260,2
3579721,2
3566904,2
3554486,2
3565715,2
3586715,27
3583990,2
3594154,2
3555716,2
3586727,27
3595281,2
3591207,2
3583960,2
3532013,2
3568976,2
3467220,2
3557471,2
3566092,2
3589786,2
3585933,2
3589770,2
3588808,2
3586138,2
3546453,2
3591861,2
3543714,2
3587485,2
3594719,2
3543659,2
3593146,2
3555283,2
3591937,2
3539640,2
3470835,2
3573439,2
3570731,2
3597643,2
3594858,2
3542654,2
3583522,2
3580834,2
3592169,2
3582397,2
3575154,2
3544136,2
3590850,2
3501262,2
3579579,2
3572492,2
3563979,26
3582571,2
3588163,2
3593842,2
3595132,2
3568509,2
3582560,2
3583762,2
3588162,2
3585647,2
3571440,2
3581064,2
3572610,2
3579949,2
3596898,2
3594155,2
3589547,2
3594153,2
3578362,2
3595236,2
3561397,2
3580183,2
3549114,2
3582957,2
3589628,2
3574490,2
3586784,27
3591593,2
3514934,2
3561427,2
3597293,2
3561608,2
3574795,2
3577641,2
3574670,2
3578667,2
3576008,2
3578770,2
3537990,2
3547595,2
3538052,2
3572193,2
3591936,2
3560770,2
3545200,2
3543911,2
3590631,2
3582193,2
3590563,2
3593600,2
3472623,2
3565342,2
3586509,27
3599323,2
3597798,2
3582299,2
3588092,2
3585209,2
3579723,2
3575320,2
3588046,2
3593786,2
3580940,2
3575336,2
3586648,27
3580022,2
3582661,2
3582790,2
3550026,2
3595131,2
3566940,2
3571379,2
3599736,2
3599889,2
3572668,2
3577195,2
3598124,2
3564172,26
3581181,2
3591425,2
3527369,2
3566157,2
3473510,2
3540776,2
3540785,2
3530405,2
3598543,2
3581497,2
3584474,2
3584352,2
3532383,2
3580442,2
3578649,2
3575860,2
3592950,2
3587267,2
3583367,2
3581745,2
3569303,2
3591844,2
3598859,2
3593166,2
3485320,2
3587452,2
3590472,2
3545152,2
3586310,2
3573638,2
3562182,2
3576422,2
3514090,2
3579214,2
3572278,2
3586286,2
3589210,2
3594857,2
3599040,2
3597649,2
3579425,2
3586334,2
3586449,27
3594887,2
3522519,2
3565467,2
3594975,2
3594886,2
3583639,2
3579370,2
3592193,2
3590923,2
3559566,2
3592183,2
3561099,2
3582441,2
3595018,2
3586605,27
3586606,27
3599451,2
3579831,2
3596786,2
3588238,2
3575337,2
3471247,2
3563999,26
3592428,2
3599735,2
3568883,2
3591196,2
3595280,2
3591358,2
3596949,2
3572728,2
3594396,2
3574377,2
3595309,2
3597058,2
3588609,2
3566015,2
3555786,2
3595385,2
3575651,2
3584076,2
3567397,2
3547510,2
3567398,2
3552114,2
3567238,2
3592874,2
3580441,2
3591884,2
3581904,2
3597581,2
3593173,2
3593346,2
3583455,2
3587404,2
3594734,2
3556323,2
3567982,2
3471127,2
3572292,2
3601865,2
3597650,2
3592014,2
3596261,2
3592029,2
3580765,2
3590760,2
3466662,2
3558198,2
3488677,2
3586424,27
3557092,2
3546826,2
3585292,2
3568222,2
3557160,2
3565558,2
3468539,2
3580921,2
3593787,2
3551662,2
3571522,2
3589434,2
3596691,2
3585389,2
3586700,27
3594007,2
3599592,2
3600822,2
3535744,2
3514931,2
3581087,2
3589546,2
3582927,2
3599805,2
3581165,2
3563020,2
3568802,2
3583933,2
3592500,2
3598144,2
3586885,27
3585857,2
3595384,2
3568986,2
3580291,2
3588851,2
3560724,2
3583447,2
3586139,2
3576023,2
3584664,2
3591868,2
3598663,2
3595925,2
3580567,2
3566550,2
3530960,2
3582058,2
3598960,2
3597616,2
3597655,2
3577790,2
3582145,2
3601835,2
3592013,2
3593354,2
3587748,2
3577986,2
3593549,2
3475466,2
3576540,2
3587713,2
3569523,2
3593525,2
3565322,2
3597840,2
3588091,2
3590961,2
3579766,2
3600720,2
3566860,2
3595097,2
3596706,2
3578196,2
3574205,2
3563984,26
3566903,2
3596630,2
3596654,2
3566987,2
3571380,2
3558397,2
3592360,2
3602558,2
3588300,2
3564218,26
3600902,2
3592444,2
3589641,2
3592451,2
3552881,2
3534722,2
3599958,2
3555717,2
3547256,2
3540492,2
3558650,2
3549211,2
3575800,2
3558997,2
3543507,2
3564610,26
3578676,2
3601452,2
3570433,2
3581732,2
3597494,2
3547532,2
3597518,2
3601618,2
3596026,2
3603223,2
3573374,2
3604519,2
3567790,2
3496770,2
3593345,2
3597644,2
3597771,2
3570833,2
3578024,2
3579260,2
3601985,2
3580784,2
3589275,2
3566616,2
3599210,2
3580844,2
3582440,2
3563840,26
3592099,2
3586508,27
3585120,2
3595098,2
3588358,2
3586649,27
3596787,2
3591051,2
3596948,2
3588480,2
3591305,2
3592492,2
3595323,2
3494940,2
3603785,2
3585931,2
3569070,2
3594465,2
3585943,2
3584191,2
3581512,2
3603048,28
3574918,2
3595665,2
3601458,2
3601393,2
3601453,2
3594642,2
3594718,2
3559191,2
3570834,2
3601708,2
3587712,2
3601927,2
3603264,2
3580757,2
3581993,2
3604694,2
3601762,2
3589149,2
3601864,2
3559469,2
3582300,2
3587832,2
3546890,2
3569547,2
3572357,2
3602052,2
3602051,2
3568075,2
3579343,2
3597804,2
3515679,2
3568049,2
3590752,2
3565337,2
3603463,2
3597825,2
3599450,2
3597839,2
3589395,2
3599576,2
3605205,2
3579584,2
3588193,2
3605233,2
3572574,2
3596919,2
3602654,2
3541340,2
3578319,2
3603767,2
3583923,2
3602795,2
3599843,2
3599903,2
3603784,2
3586798,27
3596934,2
3602627,2
3602816,2
3581195,2
3475830,2
3585942,2
3571835,2
3589842,2
3583277,2
3570014,2
3578677,2
3607017,2
3584669,2
3577684,2
3601396,2
3589005,2
3564646,26
3607181,2
3597503,2
3576007,2
3597582,2
3533826,2
3607425,2
3604665,2
3599049,2
3524031,2
3568074,2
3606129,2
3582107,2
3593384,2
3573676,2
3606183,2
3607521,2
3565216,2
3592086,2
3512590,2
3555282,2
3590779,2
3606207,2
3592192,2
3597841,2
3599279,2
3587979,2
3570828,2
3600709,2
3571297,2
3600661,2
3603488,2
3588199,2
3590960,2
3574122,2
3596641,2
3602427,2
3596713,2
3593977,2
3592361,2
3605195,2
3552755,2
3545827,2
3535745,2
3557595,2
3560120,2
3588547,2
3599902,2
3602714,2
3548982,2
3605710,2
3594397,2
3577455,2
3549188,2
3564305,26
3591594,2
3600094,2
3572971,2
3600093,2
3594486,2
3571979,2
3552113,2
3597369,2
3570290,2
3578652,2
3601401,2
3569147,2
3604378,2
3590314,2
3591914,2
3587451,2
3583374,2
3580549,2
3515238,2
3591887,2
3587460,2
3594695,2
3603194,2
3586285,2
3604664,2
3607370,2
3603325,2
3608991,2
3607369,2
3522363,2
3575069,2
3589218,2
3603376,2
3576566,2
3601984,2
3597682,2
3599039,2
3590573,2
3604695,2
3586481,27
3606241,2
3583638,2
3580843,2
3541207,2
3566731,2
3589411,2
3586562,27
3599425,2
3597911,2
3588302,2
3599406,2
3603487,2
3590984,2
3585425,2
3595179,2
3605196,2
3583875,2
3544201,2
3599720,2
3599719,2
3589558,2
3603696,2
3606495,2
3586799,27
3603763,2
3592552,2
3605675,2
3566133,2
3600996,2
3586814,27
3600030,2
3609506,2
3561449,2
3564291,26
3550298,2
3570146,2
3606686,2
3569146,2
3584209,2
3564570,26
3564571,26
3578716,2
3581661,2
3573392,2
3586248,2
3578986,2
3601617,2
3606031,2
3608881,2
3604571,2
3603231,2
3529709,2
3607389,2
3600407,2
3592015,2
3598959,2
3601806,2
3601827,2
3582074,2
3610418,2
3610288,2
3559676,2
3604726,2
3593457,2
3601960,2
3516890,2
3592128,2
3579531,2
3606232,2
3606298,2
3592144,2
3594976,2
3569478,2
3551236,2
3592304,2
3600777,2
3609229,2
3483998,2
3603624,2
3609320,2
3609351,2
3566905,2
3577172,2
3552917,2
3595235,2
3602745,2
3603713,2
3592454,2
3602715,2
3585741,2
3603849,2
3578393,2
3537702,2
3552012,2
3597309,2
3609710,2
3584276,2
3575816,2
3609735,2
3609675,2
3590051,2
3577683,2
3564723,26
3607107,2
3608765,2
3611689,2
3541200,2
3572194,2
3608918,2
3572244,2
3601771,2
3587791,2
3559526,2
3603326,2
3566639,2
3601892,2
3576564,2
3597772,2
3576530,2
3575187,2
3609019,2
3603414,2
3603350,2
3607706,2
3600530,2
3557014,2
3606327,2
3599305,2
3609183,2
3592251,2
3569711,2
3588275,2
3595135,2
3605210,2
3595136,2
3595206,2
3608315,2
3605324,2
3569776,2
3600029,2
3514945,2
3600033,2
3586886,27
3552962,2
3530647,2
3523615,2
3611662,2
3587358,2
3597396,2
3595810,2
3597489,2
3597495,2
3611665,2
3598733,2
3611690,2
3611753,2
3589087,2
3503977,2
3502455,2
3587599,2
3550982,2
3608981,2
3606215,2
3607520,2
3585121,2
3562500,2
3593383,2
3613146,2
3590473,2
3589252,2
3610419,2
3613317,2
3602096,2
3560917,2
3607707,2
3606251,2
3600531,2
3578025,2
3592266,2
3592267,2
3562635,2
3612174,2
3578320,2
3595178,2
3613789,2
3605325,2
3608256,2
3571521,2
3598137,2
3609395,2
3600034,2
3521551,2
3594280,2
3592475,2
3611283,2
3592528,2
3592491,2
3554752,2
3580292,2
3581276,2
3595390,2
3612513,2
3595513,2
3602956,28
3605792,2
3567481,2
3578810,2
3584336,2
3592955,2
3578903,2
3574876,2
3588950,2
3606005,2
3594605,2
3558915,2
3606007,2
3569280,2
3609968,2
3603196,2
3584926,2
3563693,26
3594778,2
3572260,2
3562365,2
3610366,2
3562235,2
3609056,2
3610394,2
3592055,2
3602163,2
3597761,2
3534152,2
3596412,2
3611930,2
3609098,2
3610610,2
3488477,2
3607865,2
3566779,2
3595019,2
3588077,2
3597826,2
3600662,2
3605224,2
3597899,2
3608077,2
3599424,2
3572560,2
3497295,2
3564088,26
3607936,2
3612156,2
3614929,2
3578363,2
3564089,26
3610991,2
3599844,2
3595269,2
3582736,2
3612173,2
3602744,2
3558523,2
3602655,2
3585934,2
3594485,2
3606753,2
3543618,2
3552075,2
3586962,27
3590045,2
3588809,2
3604023,2
3608637,2
3591763,2
3547596,2
3566345,2
3590371,2
3600412,2
3600408,2
3493552,2
3543768,2
3584740,2
3565078,2
3614609,2
3528359,2
3577825,2
3601828,2
3613174,2
3613175,2
3551100,2
3593504,2
3613218,2
3590734,2
3606184,2
3613233,2
3614735,2
3592218,2
3594939,2
3610519,2
3586463,27
3606263,2
3603398,2
3605084,2
3563890,26
3604978,2
3613640,2
3577171,2
3608122,2
3591195,2
3606535,2
3592401,2
3596939,2
3580182,2
3615000,2
3585689,2
3611377,2
3606626,2
3602794,2
3589700,2
3550127,2
3570013,2
3598217,2
3588843,2
3570337,2
3604326,2
3521849,2
3600271,2
3607184,2
3607165,2
3591913,2
3545201,2
3610106,2
3600401,2
3583623,2
3593252,2
3604765,2
3607615,2
3600516,2
3616137,2
3617485,2
3610407,2
3616181,2
3586473,27
3602155,2
3600650,2
3500136,2
3596601,2
3609175,2
3596602,2
3597924,2
3602162,2
3578071,2
3576917,2
3569680,2
3602369,2
3610792,2
3614918,2
3616653,2
3599567,2
3582769,2
3614983,2
3609343,2
3598028,2
3599718,2
3599663,2
3615057,2
3605511,2
3589645,2
3606538,2
3616842,2
3603779,2
3578268,2
3608357,2
3606619,2
3611380,2
3547289,2
3574570,2
3592669,2
3608571,2
3589913,2
3608548,2
3592779,2
3527400,2
3602973,28
3609616,2
3594464,2
3575933,2
3601273,2
3601360,2
3593074,2
3605939,2
3569090,2
3490815,2
3618353,2
3532386,2
3570676,2
3570632,2
3604592,2
3595922,2
3597485,2
3611719,2
3593206,2
3614482,2
3558225,2
3604725,2
3538407,2
3615985,2
3559542,2
3614698,2
3583619,2
3607493,2
3610406,2
3618927,2
3603510,2
3610793,2
3577032,2
3606416,2
3577234,2
3610927,2
3588479,2
3599656,2
3605512,2
3600823,2
3608316,2
3600826,2
3615066,2
3603725,2
3598208,2
3563253,2
3617929,2
3598252,2
3592704,2
3588844,2
3618099,2
3586036,2
3595512,2
3609693,2
3617107,2
3606883,2
3586081,2
3543683,2
3581513,2
3609822,2
3615607,2
3610006,2
3617271,2
3615606,2
3590286,2
3606032,2
3607480,2
3539557,2
3610287,2
3615922,2
3614582,2
3496629,2
3587648,2
3606250,2
3566587,2
3584925,2
3611927,2
3617493,2
3616182,2
3607614,2
3614736,2
3602273,2
3592297,2
3555505,2
3589376,2
3616354,2
3620496,2
3520194,2
3571414,2
3600755,2
3616574,2
3620585,2
3594006,2
3603599,2
3528878,2
3620533,2
3591157,2
3598029,2
3619450,2
3617789,2
3603695,2
3619511,2
3602559,2
3608341,2
3591208,2
3615001,2
3605559,2
3608398,2
3597057,2
3619762,2
3603818,2
3564160,26
3615132,2
3619837,2
3577557,2
3617061,2
3612479,2
3605791,2
3534967,2
3620969,2
3510592,2
3588942,2
3573143,2
3615490,2
3600274,2
3595799,2
3591869,2
3547805,2
3535172,2
3594649,2
3596078,2
3615718,2
3604254,2
3620143,2
3590013,2
3614461,2
3612834,2
3503742,2
3611754,2
3590275,2
3569247,2
3607407,2
3604465,2
3606208,2
3576439,2
3604700,2
3553810,2
3607601,2
3606282,2
3608967,2
3614697,2
3616138,2
3593599,2
3620394,2
3592173,2
3602095,2
3622018,2
3606377,2
3559789,2
3602370,2
3591031,2
3602274,2
3597999,2
3619387,2
3597998,2
3617790,2
3600842,2
3620628,2
3558429,2
3591220,2
3595339,2
3583972,2
3588515,2
3622290,2
3609342,2
3595318,2
3605674,2
3603848,2
3612339,2
3611184,2
3603752,2
3605476,2
3575471,2
3609505,2
3619820,2
3585932,2
3595492,2
3619862,2
3617100,2
3617036,2
3595537,2
3571944,2
3563533,26
3581486,2
3580395,2
3566346,2
3587290,2
3546443,2
3620082,2
3581660,2
3577823,2
3595959,2
3621297,2
3577826,2
3567662,2
3608863,2
3603180,2
3610028,2
3608874,2
3621472,2
3583516,2
3590375,2
3599041,2
3606004,2
3606152,2
3620246,2
3623006,2
3576541,2
3621676,2
3618728,2
3589333,2
3493905,2
3600601,2
3601961,2
3614707,2
3614706,2
3596609,2
3618926,2
3592167,2
3597828,2
3616268,2
3619081,2
3620395,2
3621974,2
3605117,2
3603480,2
3616353,2
3619181,2
3599526,2
3605318,2
3605258,2
3564061,26
3603596,2
3622196,2
3605319,2
3622289,2
3597042,2
3612207,2
3599806,2
3616841,2
3581207,2
3588514,2
3617936,2
3612340,2
3598143,2
3597183,2
3600973,2
3586815,27
3557667,2
3567217,2
3619819,2
3611408,2
3572018,2
3600251,2
3617062,2
3620947,2
3597319,2
3617085,2
3601190,2
3575932,2
3600183,2
3594669,2
3622837,2
3578809,2
3576129,2
3591803,2
3621327,2
3614530,2
3591891,2
3624319,2
3549474,2
3621487,2
3610068,2
3623067,2
3621486,2
3622972,2
3617363,2
3623007,2
3611790,2
3604534,2
3585032,2
3599042,2
3586480,27
3623153,2
3529869,2
3617574,2
3616080,2
3624637,2
3607718,2
3613425,2
3616315,2
3607980,2
3597923,2
3571378,2
3622319,2
3605263,2
3589492,2
3611139,2
3582660,2
3622256,2
3625344,2
3600940,2
3586829,27
3599895,2
3615086,2
3611282,2
3582864,2
3614145,2
3527437,2
3606884,2
3503692,2
3586080,2
3603018,28
3584335,2
3586144,2
3564797,26
3621363,2
3625749,2
3574993,2
3501051,2
3620049,2
3596056,2
3622922,2
3610067,2
3611718,2
3498091,2
3598912,2
3604327,2
3614634,2
3625926,2
3560924,2
3606151,2
3600602,2
3586421,27
3618893,2
3611920,2
3621969,2
3599471,2
3508354,2
3624587,2
3611964,2
3617548,2
3596742,2
3623306,2
3616412,2
3602330,2
3624806,2
3600827,2
3619159,2
3612017,2
3609174,2
3609308,2
3606500,2
3564195,26
3612150,2
3597970,2
3582857,2
3615002,2
3626387,2
3603766,2
3615018,2
3597192,2
3609483,2
3566009,2
3600997,2
3595383,2
3623598,2
3564290,26
3625496,2
3603019,28
3622660,2
3601189,2
3577523,2
3591802,2
3581448,2
3590046,2
3570350,2
3604242,2
3573431,2
3587297,2
3621237,2
3620089,2
3600350,2
3614460,2
3624260,2
3620144,2
3593207,2
3576268,2
3545246,2
3596066,2
3611771,2
3573677,2
3616002,2
3590536,2
3611770,2
3607390,2
3533996,2
3618874,2
3617549,2
3620236,2
3627326,2
3607696,2
3617495,2
3593550,2
3592170,2
3623154,2
3613413,2
3592137,2
3617543,2
3590978,2
3609156,2
3619196,2
3595152,2
3586701,27
3582619,2
3613660,2
3585499,2
3600815,2
3602626,2
3609309,2
3603561,2
3611138,2
3619578,2
3614162,2
3611256,2
3616947,2
3608461,2
3623567,2
3611379,2
3568987,2
3512170,2
3619861,2
3619901,2
3567482,2
3605940,2
3607018,2
3614359,2
3622840,2
3617270,2
3611802,2
3606053,2
3622900,2
3628602,2
3623016,2
3593530,2
3580863,2
3627325,2
3624636,2
3625987,2
3611834,2
3620262,2
3620263,2
3607697,2
3620303,2
3623160,2
3605169,2
3606409,2
3613414,2
3626142,2
3592319,2
3628952,2
3617743,2
3596920,2
3616607,2
3608310,2
3626384,2
3557402,2
3596933,2
3626377,2
3602823,2
3585930,2
3552829,2
3549293,2
3620830,2
3625562,2
3617020,2
3628465,2
3617048,2
3612512,2
3615395,2
3610007,2
3587459,2
3563494,26
3629659,2
3626965,2
3624015,2
3628601,2
3624080,2
3627057,2
3625793,2
3628669,2
3580568,2
3604466,2
3601713,2
3560723,2
3615785,2
3625877,2
3624350,2
3572279,2
3617460,2
3610365,2
3628750,2
3620302,2
3611891,2
3604663,2
3589121,2
3575186,2
3628795,2
3599417,2
3589332,2
3617542,2
3600636,2
3578072,2
3616497,2
3588182,2
3622133,2
3605211,2
3578267,2
3622348,2
3605259,2
3605342,2
3605262,2
3583952,2
3611037,2
3615016,2
3623553,2
3595419,2
3628294,2
3591595,2
3623601,2
3612497,2
3618188,2
3612349,2
3617070,2
3603000,28
3597292,2
3612546,2
3611464,2
3611450,2
3620968,2
3602999,28
3615489,2
3615448,2
3592956,2
3625587,2
3604253,2
3624152,2
3598766,2
3621362,2
3608880,2
3588951,2
3563642,26
3631417,2
3628653,2
3629845,2
3605985,2
3627054,2
3570732,2
3548038,2
3576597,2
3628751,2
3566730,2
3610410,2
3621688,2
3601707,2
3628873,2
3614600,2
3602168,2
3566626,2
3610723,2
3555194,2
3502746,2
3582401,2
3626070,2
3503962,2
3602037,2
3592262,2
3609072,2
3607937,2
3630569,2
3623380,2
3606369,2
3622199,2
3622274,2
3622349,2
3565744,2
3588538,2
3603724,2
3589493,2
3612149,2
3608239,2
3620729,2
3598123,2
3619800,2
3558524,2
3629236,2
3611378,2
3570196,2
3560565,2
3623744,2
3623747,2
3626522,2
3589841,2
3626546,2
3628353,2
3583273,2
3615563,2
3622839,2
3628543,2
3611565,2
3618448,2
3608820,2
3543682,2
3614416,2
3620118,2
3632621,2
3620090,2
3621326,2
3623052,2
3593147,2
3566549,2
3613033,2
3604493,2
3624134,2
3631485,2
3624381,2
3627147,2
3625843,2
3596067,2
3623015,2
3543972,2
3620221,2
3583551,2
3614610,2
3625883,2
3610428,2
3620293,2
3630272,2
3610629,2
3631611,2
3618942,2
3616141,2
3623124,2
3626071,2
3621677,2
3614633,2
3592085,2
3613530,2
3630273,2
3633167,2
3625986,2
3616316,2
3603605,2
3613661,2
3594022,2
3616395,2
3614957,2
3614958,2
3616608,2
3616620,2
3620441,2
3611036,2
3623436,2
3626279,2
3603712,2
3631864,2
3614984,2
3620618,2
3626318,2
3629216,2
3619579,2
3632022,2
3622650,2
3620804,2
3589731,2
3609617,2
3615261,2
3620850,2
3634002,2
3628390,2
3625553,2
3631216,2
3631159,2
3611409,2
3590014,2
3632393,2
3619969,2
3607000,2
3631343,2
3621140,2
3597387,2
3610027,2
3608749,2
3632608,2
3620025,2
3632607,2
3631441,2
3620083,2
3608992,2
3597504,2
3565124,2
3603222,2
3627085,2
3610081,2
3547804,2
3536561,2
3624351,2
3576334,2
3613203,2
3625878,2
3614621,2
3616003,2
3601799,2
3596250,2
3621755,2
3634477,2
3579342,2
3604804,2
3597681,2
3617573,2
3631618,2
3624815,2
3585424,2
3621975,2
3610510,2
3609063,2
3609204,2
3624945,2
3590759,2
3616394,2
3609264,2
3620497,2
3610928,2
3634678,2
3609273,2
3613641,2
3625042,2
3617707,2
3610787,2
3600853,2
3610992,2
3610979,2
3568753,2
3599890,2
3507175,2
3609482,2
3628189,2
3595249,2
3626361,2
3598183,2
3608541,2
3600071,2
3510219,2
3619854,2
3534968,2
3611500,2
3603010,28
3628352,2
3553343,2
3631217,2
3594694,2
3569195,2
3631371,2
3614455,2
3577791,2
3632611,2
3618495,2
3605998,2
3603195,2
3625842,2
3634328,2
3634307,2
3611726,2
3584894,2
3627086,2
3628762,2
3582108,2
3621473,2
3631562,2
3630219,2
3631619,2
3635940,29
3590630,2
3530959,2
3529807,2
3619180,2
3633166,2
3623293,2
3609144,2
3605083,2
3616375,2
3603604,2
3619274,2
3619197,2
3596743,2
3577160,2
3576869,2
3629020,2
3609299,2
3605343,2
3609319,2
3619592,2
3562879,2
3622460,2
3625260,2
3628102,2
3611257,2
3634860,2
3623559,2
3628292,2
3626433,2
3600854,2
3554822,2
3563242,2
3589727,2
3632066,2
3620805,2
3634906,2
3609567,2
3629375,2
3617106,2
3633982,2
3547712,2
3632171,2
3615388,2
3632417,2
3624079,2
3615786,2
3584620,2
3549470,2
3624233,2
3634349,2
3625858,2
3630017,2
3511266,2
3607586,2
3634313,2
3610387,2
3628690,2
3586462,27
3597775,2
3627329,2
3630394,2
3630274,2
3623071,2
3624605,2
3628786,2
3609029,2
3633162,2
3617569,2
3594959,2
3633274,2
3610716,2
3621943,2
3506086,22
3605289,2
3636370,29
3634661,2
3623319,2
3602371,2
3599577,2
3630778,2
3634677,2
3629056,2
3509249,2
3622265,2
3622461,2
3602824,2
3608309,2
3581194,2
3634859,2
3572727,2
3589717,2
3589718,2
3622649,2
3619902,2
3609654,2
3620048,2
3634162,2
3600275,2
3637111,2
3635384,29
3624210,2
3628546,2
3635407,29
3603179,2
3629906,2
3621296,2
3629819,2
3637168,2
3606100,2
3622971,2
3587598,2
3631561,2
3625910,2
3620294,2
3556539,2
3637281,2
3617461,2
3627454,2
3626030,2
3634476,2
3623252,2
3633235,2
3617706,2
3624805,2
3636023,29
3607836,2
3613438,2
3592174,2
3600710,2
3633294,2
3624879,2
3624948,2
3597983,2
3627869,2
3628953,2
3636338,29
3603497,2
3623396,2
3631858,2
3631859,2
3639225,2
3507206,2
3606499,2
3631892,2
3554447,2
3637583,2
3629142,2
3581208,2
3622583,2
3622666,2
3632214,2
3634962,2
3626547,2
3564614,26
3561614,2
3639760,2
3595811,2
3621064,2
3600351,2
3624016,2
3622888,2
3604238,2
3631372,2
3634252,2
3541022,2
3626971,2
3596053,2
3635655,29
3611808,2
3634266,2
3573289,2
3634329,2
3614624,2
3634345,2
3617391,2
3625879,2
3638653,2
3637224,2
3630251,2
3513715,2
3589267,2
3628880,2
3638811,2
3630260,2
3620435,2
3628881,2
3619248,2
3616231,2
3636022,29
3611921,2
3631706,2
3599470,2
3636219,29
3627722,2
3616573,2
3532980,2
3637547,2
3629091,2
3585500,2
3640466,2
3614930,2
3629233,2
3631938,2
3619646,2
3611185,2
3636704,29
3629183,2
3554735,2
3639585,2
3549189,2
3574849,2
3629374,2
3609873,2
3628440,2
3639759,2
3638171,2
3637077,2
3604241,2
3626966,2
3634186,2
3600400,2
3618650,2
3635501,29
3635570,29
3526743,2
3594709,2
3634261,2
3597576,2
3635664,29
3628652,2
3623068,2
3625884,2
3609018,2
3632987,2
3609047,2
3606262,2
3641636,2
3640211,2
3627453,2
3565447,2
3616230,2
3637391,2
3623352,2
3617568,2
3639090,2
3605288,2
3636472,29
3585472,2
3612206,2
3603623,2
3625337,2
3520267,2
3629254,2
3628267,2
3642406,2
3591592,2
3635265,29
3588973,2
3637035,2
3607180,2
3637034,2
3634207,2
3641101,2
3635448,29
3601292,2
3620185,2
3624151,2
3615689,2
3553716,2
3562343,2
3632756,2
3624232,2
3642782,2
3628686,2
3615896,2
3634346,2
3641413,2
3627150,2
3602010,2
3602038,2
3642929,2
3625859,2
3607787,2
3633331,2
3634464,2
3580838,2
3607851,2
3611942,2
3636147,29
3634600,2
3623351,2
3602372,2
3633397,2
3624800,2
3623423,2
3605178,2
3636349,29
3616552,2
3631772,2
3637449,2
3636507,29
3637533,2
3627930,2
3633652,2
3612197,2
3633816,2
3571397,2
3620694,2
3608399,2
3634904,2
3606687,2
3637832,2
3581449,2
3618187,2
3629452,2
3569168,2
3623887,2
3643719,2
3622887,2
3518215,2
3622903,2
3596057,2
3627058,2
3632774,2
3639917,2
3577841,2
3586422,27
3642791,2
3569463,2
3586309,2
3628687,2
3603317,2
3625971,2
3638658,2
3548347,2
3606238,2
3637223,2
3587874,2
3565343,2
3634506,2
3635908,29
3617438,2
3640100,2
3572306,2
3636127,29
3638769,2
3638771,2
3641724,2
3626018,2
3627564,2
3637402,2
3624769,2
3631816,2
3639091,2
3627784,2
3631771,2
3607864,2
3591158,2
3636327,29
3627611,2
3625043,2
3602538,2
3616654,2
3625190,2
3598073,2
3630963,2
3645034,2
3617861,2
3603753,2
3643269,2
3628266,2
3622425,2
3619670,2
3598138,2
3589699,2
3633950,2
3631160,2
3634973,2
3632095,2
3558914,2
3634961,2
3640627,2
3625567,2
3643720,2
3635479,29
3635233,29
3640987,2
3635288,29
3629660,2
3625700,2
3642698,2
3643811,2
3518111,2
3642699,2
3643984,2
3622885,2
3644009,2
3645496,2
3629844,2
3634219,2
3624248,2
3611775,2
3618754,2
3634312,2
3642862,2
3644308,2
3637280,2
3617492,2
3607408,2
3634389,2
3628782,2
3640037,2
3632926,2
3623161,2
3628861,2
3640138,2
3637294,2
3640200,2
3638810,2
3631762,2
3630568,2
3639081,2
3630395,2
3644706,2
3631865,2
3609184,2
3633459,2
3646017,2
3633686,2
3637569,2
3630779,2
3574400,2
3636508,29
3625269,2
3639387,2
3643306,2
3639417,2
3620627,2
3616872,2
3617928,2
3625270,2
3620728,2
3626386,2
3640628,2
3611440,2
3626695,2
3612496,2
3569089,2
3628442,2
3638036,2
3615552,2
3564528,26
3635144,29
3635264,29
3601316,2
3626874,2
3623864,2
3622857,2
3597486,2
3635385,29
3634208,2
3618665,2
3634273,2
3604494,2
3628666,2
3605999,2
3556538,2
3603265,2
3640060,2
3635730,29
3632953,2
3607642,2
3637293,2
3623241,2
3617615,2
3627520,2
3643023,2
3610611,2
3637448,2
3557225,2
3633283,2
3644765,2
3623265,2
3603511,2
3623294,2
3647675,2
3613587,2
3597971,2
3629182,2
3614163,2
3611001,2
3630784,2
3603817,2
3608540,2
3634001,2
3635148,29
3606794,2
3646587,2
3589003,2
3645495,2
3538053,2
3642756,2
3610098,2
3610099,2
3617486,2
3644008,2
3648398,2
3645615,2
3645550,2
3648358,2
3615688,2
3533402,2
3624380,2
3645659,2
3634350,2
3645691,2
3641468,2
3613200,2
3566534,2
3635855,29
3626017,2
3627468,2
3611830,2
3636009,29
3617563,2
3642930,2
3641635,2
3636112,29
3640177,2
3636146,29
3588194,2
3609179,2
3637541,2
3610894,2
3619388,2
3639416,2
3648874,2
3647724,2
3589567,2
3644945,2
3629234,2
3625468,2
3646153,2
3639462,2
3619678,2
3623669,2
3591660,2
3626604,2
3614415,2
3612998,2
3639847,2
3638287,2
3615551,2
3638301,2
3611661,2
3600333,2
3632722,2
3648392,2
3538182,2
3634322,2
3631418,2
3611776,2
3615895,2
3637192,2
3642871,2
3645635,2
3647026,2
3628676,2
3648508,2
3647068,2
3645698,2
3596249,2
3610395,2
3628950,2
3634567,2
3648586,2
3643014,2
3627649,2
3627674,2
3612157,2
3647540,2
3645903,2
3623320,2
3623437,2
3633653,2
3636369,29
3625338,2
3602539,2
3644946,2
3626261,2
3642162,2
3642161,2
3647791,2
3610980,2
3628091,2
3637693,2
3628179,2
3629217,2
3631032,2
3637715,2
3637755,2
3625469,2
3574668,2
3645296,2
3634907,2
3605813,2
3639677,2
3632135,2
3632228,2
3635094,29
3632227,2
3625597,2
3609676,2
3578747,2
3606054,2
3631260,2
3651095,2
3648332,2
3648331,2
3611664,2
3642687,2
3597535,2
3632723,2
3641213,2
3606059,2
3606008,2
3641067,2
3644062,2
3611844,2
3639981,2
3641179,2
3632773,2
3649779,2
3635563,29
3649780,2
3646971,2
3625972,2
3649783,2
3642863,2
3638578,2
3640036,2
3633074,2
3635867,29
3621649,2
3630220,2
3627467,2
3617441,2
3635822,29
3642927,2
3641621,2
3599308,2
3638830,2
3640137,2
3643060,2
3650124,2
3613718,2
3644503,2
3640301,2
3638947,2
3627550,2
3619249,2
3626177,2
3645981,2
3636348,29
3623408,2
3614880,2
3626235,2
3639270,2
3651645,2
3603589,2
3631954,2
3620586,2
3633939,2
3648023,2
3636725,29
3649004,2
3632065,2
3626671,2
3648206,2
3592875,2
3598542,2
3619952,2
3641102,2
3638288,2
3643985,2
3625654,2
3651154,2
3651157,2
3639892,2
3644061,2
3638334,2
3631342,2
3584621,2
3522071,2
3584475,2
3644015,2
3645551,2
3649588,2
3641404,2
3628807,2
3634330,2
3638496,2
3651215,2
3651257,2
3645629,2
3644158,2
3627376,2
3652718,2
3649856,2
3634262,2
3630140,2
3649922,2
3644309,2
3638770,2
3633039,2
3631664,2
3635866,29
3630383,2
3624886,2
3645835,2
3643044,2
3647539,2
3548341,2
3613439,2
3636218,29
3626236,2
3645904,2
3634662,2
3648738,2
3653243,2
3630785,2
3626244,2
3619689,2
3625461,2
3642297,2
3619671,2
3612305,2
3648055,2
3611465,2
3646309,2
3635236,29
3583323,2
3637920,2
3653807,2
3566486,2
3629622,2
3635449,29
3635406,29
3527910,2
3621097,2
3652492,2
3542049,2
3641180,2
3645451,2
3646803,2
3642670,2
3639911,2
3646782,2
3615921,2
3654075,2
3632954,2
3547999,2
3647027,2
3594830,2
3652673,2
3589266,2
3652719,2
3645719,2
3614668,2
3640099,2
3633147,2
3640191,2
3641688,2
3640271,2
3650301,2
3631681,2
3645976,2
3647516,2
3645921,2
3648802,2
3531632,2
3617754,2
3636422,29
3626262,2
3642088,2
3640444,2
3642114,2
3653417,2
3622422,2
3524463,2
3627983,2
3634656,2
3639380,2
3622494,2
3616619,2
3603793,2
3645243,2
3617050,2
3625552,2
3612478,2
3628525,2
3626523,2
3592780,2
3622836,2
3635147,29
3611566,2
3628526,2
3648236,2
3646781,2
3608811,2
3642783,2
3589217,2
3640061,2
3651214,2
3644052,2
3562508,2
3644123,2
3651186,2
3617403,2
3654076,2
3631610,2
3644258,2
3569358,2
3647154,2
3638577,2
3638768,2
3638495,2
3654190,2
3537111,2
3637334,2
3634457,2
3652760,2
3651337,2
3647296,2
3650043,2
3652978,2
3604827,2
3563985,26
3623304,2
3628914,2
3623307,2
3560121,2
3631815,2
3629006,2
3648809,2
3637584,2
3633700,2
3651671,2
3648943,2
3645967,2
3637639,2
3623554,2
3629253,2
3633899,2
3623597,2
3637752,2
3577522,2
3651887,2
3608746,2
3626672,2
3618100,2
3530228,2
3619939,2
3631259,2
3632394,2
3621065,2
3640986,2
3652260,2
3640988,2
3639897,2
3611560,2
3643810,2
3624249,2
3622902,2
3648404,2
3640989,2
3655165,2
3649699,2
3631428,2
3646970,2
3627039,2
3603498,2
3646945,2
3648480,2
3634265,2
3640159,2
3583446,2
3656917,2
3633073,2
3652814,2
3637333,2
3655604,2
3613234,2
3652813,2
3650075,2
3631641,2
3644437,2
3644436,2
3654287,2
3650163,2
3641663,2
3653029,2
3640274,2
3643018,2
3591426,2
3622019,2
3644502,2
3644635,2
3650275,2
3633038,2
3623266,2
3655890,2
3641877,2
3644685,2
3644626,2
3612093,2
3636352,29
3640302,2
3653276,2
3642032,2
3606468,2
3599601,2
3640378,2
3636631,29
3631980,2
3631955,2
3643305,2
3642332,2
3616659,2
3619651,2
3645090,2
3639444,2
3650761,2
3642333,2
3642492,2
3636884,29
3642514,2
3631235,2
3640713,2
3573343,2
3656612,2
3628538,2
3529303,2
3648211,2
3611559,2
3642604,2
3648239,2
3648251,2
3653928,2
3583272,2
3642838,2
3657958,2
3641257,2
3625797,2
3632651,2
3654053,2
3651168,2
3621498,2
3628677,2
3635800,29
3656892,2
3648464,2
3647113,2
3642870,2
3635785,29
3652807,2
3647175,2
3649923,2
3599304,2
3634504,2
3642847,2
3656970,2
3650076,2
3651417,2
3648651,2
3633178,2
3647441,2
3637397,2
3621944,2
3655778,2
3626178,2
3634699,2
3638956,2
3645947,2
3640275,2
3641954,2
3639224,2
3612151,2
3653275,2
3644766,2
3657292,2
3619593,2
3631891,2
3634760,2
3643309,2
3614070,2
3647857,2
3622482,2
3629235,2
3643374,2
3594361,2
3632096,2
3646240,2
3621096,2
3575650,2
3637833,2
3636893,29
3656611,2
3622721,2
3657719,2
3652259,2
3595582,2
3609971,2
3625653,2
3629625,2
3606060,2
3576335,2
3635612,29
3646749,2
3646834,2
3653985,2
3618547,2
3651181,2
3643952,2
3645628,2
3637045,2
3649758,2
3658238,2
3628808,2
3658275,2
3654148,2
3641230,2
3659816,2
3632925,2
3656925,2
3652672,2
3655600,2
3641622,2
3658593,2
3651379,2
3655603,2
3647155,2
3654189,2
3635854,29
3635980,29
3648604,2
3614758,2
3652890,2
3633514,2
3640290,2
3639055,2
3645932,2
3644879,2
3637548,2
3629057,2
3660079,2
3625037,2
3645975,2
3645948,2
3554380,2
3589568,2
3647828,2
3639586,2
3648024,2
3625470,2
3645285,2
3606704,2
3648056,2
3628295,2
3622742,2
3632390,2
3656609,2
3636869,29
3649302,2
3652006,2
3592703,2
3631389,2
3592847,2
3588943,2
3646672,2
3648305,2
3642755,2
3529421,2
3658047,2
3635502,29
3658104,2
3646835,2
3649589,2
3631410,2
3639929,2
3653996,2
3655325,2
3635716,29
3631484,2
3654073,2
3655415,2
3651258,2
3624209,2
3644233,2
3617433,2
3656902,2
3620247,2
3627349,2
3638709,2
3569537,2
3659820,2
3659873,2
3592145,2
3640192,2
3643019,2
3641723,2
3645811,2
3657143,2
3641689,2
3658742,2
3623428,2
3647555,2
3661748,2
3595034,2
3643061,2
3651599,2
3622096,2
3654388,2
3637570,2
3633713,2
3625259,2
3661909,2
3634761,2
3642243,2
3637597,2
3640570,2
3645091,2
3651808,2
3612306,2
3633938,2
3637757,2
3586143,2
3657640,2
3591762,2
3615365,2
3594589,2
3651031,2
3569359,2
3659641,2
3654052,2
3654118,2
3640168,2
3651231,2
3624400,2
3652582,2
3638820,2
3611829,2
3534004,2
3661320,2
3659905,2
3648585,2
3631665,2
3653030,2
3538181,2
3661338,2
3651416,2
3658625,2
3651407,2
3652979,2
3658752,2
3653001,2
3641779,2
3627519,2
3647566,2
3636397,29
3653201,2
3660080,2
3640423,2
3634679,2
3642248,2
3660172,2
3628016,2
3636423,29
3646018,2
3622185,2
3642407,2
3630872,2
3651755,2
3585740,2
3659371,2
3659370,2
3573075,2
3625497,2
3657729,2
3657728,2
3567296,2
3646750,2
3635237,29
3645435,2
3655164,2
3653986,2
3651187,2
3642688,2
3645650,2
3649700,2
3651238,2
3591759,2
3662509,2
3652663,2
3546597,2
3654088,2
3635766,29
3635801,29
3662688,2
3659956,2
3645764,2
3631640,2
3613504,2
3640169,2
3627723,2
3640259,2
3633458,2
3634485,2
3613505,2
3657154,2
3662913,2
3654408,2
3656000,2
3642031,2
3651707,2
3648873,2
3612152,2
3639461,2
3647972,2
3650689,2
3664982,2
3600067,2
3632134,2
3632269,2
3625612,2
3622672,2
3583247,2
3577558,2
3552963,2
3656608,2
3665183,2
3624022,2
3581632,2
3595536,2
3648212,2
3620071,2
3656682,2
3645452,2
3652507,2
3591859,2
3652542,2
3607289,2
3543943,2
3625792,2
3610014,2
3662504,2
3665254,2
3649638,2
3600361,2
3651169,2
3652561,2
3647047,2
3658103,2
3647150,2
3634390,2
3624401,2
3638623,2
3647151,2
3662580,2
3635765,29
3634470,2
3662680,2
3659813,2
3658622,2
3652808,2
3662689,2
3608917,2
3661366,2
3643022,2
3537114,2
3654242,2
3654326,2
3657144,2
3638821,2
3616142,2
3664337,2
3659927,2
3624826,2
3658832,2
3640248,2
3658719,2
3631790,2
3661749,2
3654407,2
3660092,2
3661890,2
3661764,2
3651672,2
3622184,2
3623537,2
3639271,2
3643260,2
3651715,2
3659177,2
3649003,2
3622582,2
3660277,2
3637753,2
3619763,2
3629453,2
3628413,2
3557796,2
3617128,2
3650951,2
3620026,2
3546588,2
3660608,2
3635143,29
3638172,2
3666481,2
3635717,29
3653997,2
3646671,2
3662520,2
3662424,2
3634272,2
3632576,2
3577840,2
3660898,2
3649595,2
3665315,2
3642720,2
3665314,2
3662508,2
3648337,2
3659746,2
3662519,2
3634323,2
3639982,2
3662579,2
3656926,2
3624535,2
3661314,2
3641559,2
3664012,2
3661319,2
3623125,2
3661337,2
3647174,2
3649992,2
3659964,2
3666885,2
3640247,2
3634459,2
3609203,2
3659911,2
3640111,2
3641722,2
3664576,2
3653089,2
3655975,2
3664605,2
3654491,2
3658773,2
3656217,2
3645966,2
3644981,2
3575472,2
3591478,2
3651818,2
3664898,2
3646115,2
3628293,2
3653748,2
3666033,2
3645286,2
3642521,2
3632170,2
3648171,2
3612771,2
3646502,2
3597352,2
3656689,2
3666290,2
3662423,2
3656753,2
3656688,2
3665169,2
3659544,2
3648338,2
3660986,2
3659548,2
3635480,29
3663777,2
3608660,2
3658149,2
3620163,2
3637026,2
3659642,2
3612997,2
3666577,2
3642726,2
3618729,2
3587833,2
3657024,2
3654087,2
3666848,2
3666725,2
3659836,2
3654177,2
3661339,2
3646944,2
3655855,2
3645784,2
3666923,2
3602329,2
3668352,2
3661503,2
3648574,2
3617496,2
3667041,2
3644473,2
3664338,2
3619429,2
3636404,29
3633637,2
3664501,2
3658793,2
3651665,2
3660137,2
3650520,2
3658853,2
3644924,2
3642271,2
3659240,2
3651817,2
3667791,2
3617889,2
3652037,2
3663249,2
3653749,2
3591645,2
3648194,2
3612682,2
3605887,2
3626839,2
3667939,2
3663426,2
3591689,2
3639887,2
3655117,2
3659553,2
3657959,2
3666443,2
3665258,2
3655197,2
3668171,2
3652506,2
3631429,2
3648359,2
3669540,2
3658182,2
3659725,2
3641066,2
3652598,2
3658239,2
3641237,2
3661226,2
3656886,2
3654099,2
3656993,2
3642846,2
3664149,2
3563793,26
3628804,2
3640112,2
3666988,2
3665548,2
3628803,2
3666987,2
3658509,2
3557013,2
3650123,2
3665645,2
3667073,2
3654303,2
3657184,2
3665625,2
3648714,2
3637491,2
3658784,2
3648739,2
3664362,2
3660095,2
3667324,2
3637534,2
3647689,2
3654414,2
3653354,2
3651680,2
3640443,2
3651618,2
3654592,2
3623497,2
3640485,2
3645228,2
3622483,2
3608460,2
3623745,2
3659424,2
3639678,2
3619843,2
3651920,2
3666034,2
3662305,2
3632278,2
3646287,2
3660609,2
3634094,2
3622720,2
3632279,2
3666174,2
3601315,2
3598626,2
3665110,2
3648235,2
3639891,2
3660683,2
3655320,2
3597790,2
3648284,2
3639846,2
3631264,2
3652583,2
3668170,2
3587699,2
3655356,2
3651259,2
3631405,2
3655404,2
3659632,2
3668261,2
3645616,2
3613318,2
3669798,2
3671110,2
3627348,2
3649868,2
3662747,2
3662748,2
3666982,2
3645797,2
3587952,2
3654178,2
3633332,2
3669929,2
3669928,2
3659957,2
3667074,2
3650392,2
3671289,2
3670008,2
3667249,2
3659998,2
3667325,2
3637560,2
3593874,2
3670172,2
3637492,2
3650499,2
3670350,2
3650521,2
3650274,2
3634736,2
3634824,2
3629092,2
3647973,2
3595262,2
3574669,2
3645340,2
3670718,2
3657641,2
3660492,2
3634999,2
3666147,2
3660342,2
3671772,2
3653808,2
3658069,2
3670883,2
3659562,2
3666442,2
3648250,2
3586057,2
3660783,2
3634267,2
3672255,2
3669345,2
3654007,2
3670988,2
3609030,2
3600334,2
3654072,2
3652761,2
3648481,2
3671027,2
3637184,2
3666798,2
3645660,2
3671040,2
3663902,2
3657045,2
3669792,2
3638638,2
3607665,2
3654241,2
3668325,2
3635941,29
3665576,2
3657136,2
3654225,2
3664403,2
3664214,2
3657044,2
3665639,2
3671215,2
3671345,2
3653000,2
3664438,2
3667331,2
3664407,2
3644708,2
3633255,2
3620577,2
3629036,2
3651581,2
3655971,2
3609355,2
3670349,2
3662932,2
3651664,2
3633687,2
3665909,2
3654649,2
3657554,2
3668817,2
3671773,2
3601293,2
3673543,2
3603011,28
3669048,2
3643898,2
3670887,2
3665170,2
3622884,2
3670852,2
3659552,2
3656735,2
3666482,2
3632474,2
3662448,2
3668146,2
3573393,2
3669300,2
3663890,2
3662574,2
3641082,2
3655379,2
3620277,2
3623111,2
3662557,2
3608954,2
3662559,2
3652767,2
3666836,2
3652766,2
3672467,2
3656994,2
3656967,2
3672709,2
3672658,2
3658626,2
3628915,2
3573747,2
3672708,2
3672778,2
3582548,2
3658680,2
3640212,2
3671211,2
3640291,2
3660006,2
3537237,2
3620440,2
3610509,2
3654502,2
3668492,2
3626227,2
3656054,2
3674163,2
3660136,2
3626197,2
3657338,2
3654393,2
3668673,2
3647725,2
3648886,2
3616871,2
3629134,2
3636506,29
3659093,2
3651659,2
3642296,2
3673347,2
3651811,2
3650760,2
3662173,2
3660302,2
3600068,2
3626399,2
3656499,2
3560414,2
3623602,2
3646286,2
3619847,2
3639662,2
3660360,2
3611381,2
3625699,2
3673564,2
3673528,2
3663248,2
3671858,2
3674545,2
3628548,2
3570051,2
3671830,2
3632286,2
3631287,2
3673633,2
3669115,2
3669177,2
3652116,2
3662389,2
3655138,2
3634270,2
3658046,2
3669301,2
3607290,2
3659624,2
3671009,2
3601798,2
3652543,2
3655272,2
3656893,2
3563530,26
3595930,2
3668147,2
3642725,2
3643979,2
3666767,2
3672325,2
3662712,2
3672333,2
3669551,2
3666847,2
3665444,2
3675248,2
3634469,2
3630261,2
3652786,2
3610628,2
3671124,2
3669840,2
3656965,2
3662660,2
3654302,2
3664215,2
3633163,2
3672779,2
3667042,2
3671175,2
3600598,2
3651481,2
3668417,2
3662962,2
3650290,2
3639056,2
3664500,2
3667330,2
3674136,2
3672941,2
3667285,2
3658941,2
3654392,2
3662884,2
3629037,2
3673158,2
3673106,2
3656136,2
3661629,2
3673150,2
3665790,2
3648868,2
3648944,2
3665858,2
3591341,2
3668735,2
3670606,2
3645295,2
3676370,2
3601300,2
3662281,2
3659441,2
3625617,2
3656584,2
3638009,2
3635450,29
3549468,2
3673733,2
3659630,2
3670936,2
3673734,2
3655196,2
3653969,2
3673782,2
3669409,2
3673811,2
3674971,2
3658070,2
3655273,2
3669390,2
3651158,2
3645645,2
3672332,2
3550822,2
3587556,2
3669470,2
3611892,2
3642839,2
3656964,2
3662573,2
3609073,2
3666922,2
3662629,2
3658274,2
3675472,2
3675471,2
3669731,2
3672594,2
3671183,2
3592138,2
3655664,2
3660008,2
3636084,29
3631674,2
3674035,2
3657153,2
3659999,2
3636405,29
3677019,2
3672940,2
3658791,2
3645856,2
3675754,2
3636473,29
3662941,2
3647688,2
3648782,2
3648869,2
3609356,2
3657332,2
3670611,2
3591357,2
3651790,2
3637756,2
3646192,2
3666175,2
3673545,2
3674544,2
3662257,2
3653896,2
3676546,2
3676595,2
3625710,2
3608821,2
3669346,2
3646891,2
3672147,2
3643899,2
3668186,2
3659688,2
3613159,2
3652468,2
3656971,2
3658183,2
3638589,2
3631537,2
3678136,2
3610724,2
3652662,2
3673976,2
3676765,2
3678271,2
3665445,2
3662599,2
3661265,2
3673945,2
3678266,2
3650044,2
3666789,2
3678265,2
3675462,2
3644458,2
3619158,2
3648463,2
3658508,2
3651365,2
3597656,2
3674036,2
3664195,2
3661504,2
3675601,2
3674148,2
3672993,2
3662883,2
3623405,2
3671290,2
3634735,2
3654327,2
3662961,2
3636339,29
3673149,2
3668539,2
3654492,2
3674194,2
3660067,2
3673032,2
3641788,2
3665706,2
3677083,2
3661775,2
3625343,2
3661910,2
3646114,2
3633689,2
3663050,2
3656378,2
3650622,2
3659260,2
3551905,2
3667790,2
3660303,2
3620831,2
3634998,2
3652058,2
3676369,2
3667928,2
3595798,2
3595493,2
3649397,2
3622741,2
3671987,2
3632475,2
3650982,2
3628464,2
3625582,2
3669302,2
3677850,2
3674872,2
3658064,2
3669176,2
3624021,2
3661013,2
3662447,2
3642772,2
3659724,2
3668104,2
3673837,2
3656832,2
3653931,2
3666678,2
3668189,2
3659745,2
3658227,2
3675328,2
3654152,2
3669730,2
3654055,2
3676771,2
3676904,2
3678272,2
3672651,2
3671212,2
3637396,2
3587698,2
3664194,2
3674030,2
3672687,2
3662799,2
3659910,2
3658679,2
3605140,2
3674173,2
3648644,2
3667246,2
3678636,2
3616660,2
3670223,2
3670171,2
3677113,2
3656069,2
3658973,2
3637716,2
3605721,2
3647790,2
3656200,2
3660276,2
3625471,2
3608669,2
3633981,2
3639661,2
3674672,2
3665102,2
3679257,2
3553473,2
3652115,2
3674801,2
3659543,2
3676609,2
3666677,2
3676637,2
3680694,2
3655405,2
3660897,2
3665313,2
3671010,2
3676641,2
3666505,2
3669637,2
3678094,2
3673901,2
3676772,2
3662659,2
3652560,2
3674085,2
3679709,2
3664152,2
3672659,2
3659821,2
3650040,2
3668342,2
3678228,2
3564161,26
3645775,2
3664404,2
3658741,2
3675677,2
3555323,2
3679822,2
3679821,2
3658854,2
3674084,2
3677012,2
3677026,2
3679847,2
3631838,2
3664628,2
3671346,2
3673107,2
3671426,2
3643235,2
3675910,2
3671433,2
3678848,2
3676109,2
3659010,2
3645146,2
3659197,2
3657378,2
3659335,2
3676137,2
3676110,2
3670605,2
3677307,2
3617952,2
3623641,2
3563335,2
3620991,2
3589954,2
3659442,2
3679251,2
3632287,2
3671986,2
3660569,2
3665109,2
3629626,2
3635313,29
3628530,2
3557872,2
3669182,2
3656736,2
3674860,2
3680699,2
3679433,2
3614583,2
3677912,2
3561689,2
3643953,2
3631411,2
3677851,2
3670991,2
3669410,2
3675153,2
3658224,2
3675270,2
3679531,2
3648605,2
3658212,2
3651237,2
3679633,2
3648507,2
3655833,2
3616205,2
3681177,2
3637384,2
3681204,2
3627675,2
3563864,26
3669846,2
3671129,2
3681178,2
3664046,2
3665591,2
3678594,2
3668409,2
3668440,2
3668439,2
3654328,2
3678447,2
3658728,2
3679907,2
3671303,2
3654413,2
3671425,2
3680033,2
3679920,2
3675985,2
3660143,2
3671472,2
3665853,2
3642087,2
3664933,2
3661823,2
3681893,2
3668642,2
3670612,2
3637754,2
3654650,2
3633951,2
3636885,29
3676538,2
3670882,2
3667998,2
3683374,2
3666522,2
3677813,2
3628521,2
3651088,2
3670935,2
3677885,2
3680638,2
3680697,2
3680834,2
3676654,2
3683561,2
3679507,2
3673896,2
3670989,2
3644014,2
3666578,2
3676710,2
3563695,26
3666813,2
3651253,2
3639955,2
3673838,2
3676730,2
3678239,2
3682473,2
3676766,2
3620276,2
3682544,2
3641604,2
3675547,2
3669715,2
3675594,2
3669793,2
3682514,2
3678456,2
3674078,2
3682505,2
3674133,2
3664361,2
3667150,2
3644707,2
3682631,2
3678568,2
3665568,2
3675668,2
3667231,2
3653379,2
3663030,2
3657288,2
3658998,2
3681756,2
3670293,2
3660222,2
3667810,2
3681894,2
3566201,2
3660343,2
3640585,2
3676442,2
3680307,2
3682168,2
3646308,2
3676508,2
3600117,2
3608668,2
3656605,2
3683450,2
3666439,2
3643771,2
3672256,2
3617183,2
3683516,2
3680785,2
3679508,2
3683578,2
3662595,2
3592030,2
3663901,2
3682352,2
3593049,2
3673865,2
3638590,2
3665462,2
3669714,2
3679700,2
3647044,2
3679647,2
3669769,2
3610411,2
3649869,2
3681224,2
3624536,2
3668318,2
3679658,2
3685400,2
3675681,2
3678567,2
3655663,2
3678461,2
3682669,2
3684199,2
3670147,2
3659965,2
3662891,2
3662942,2
3673033,2
3568804,2
3674274,2
3646025,2
3661812,2
3662964,2
3659104,2
3651678,2
3671511,2
3667479,2
3676140,2
3651708,2
3664899,2
3667811,2
3676239,2
3591591,2
3653690,2
3668943,2
3683194,2
3659462,2
3666083,2
3679252,2
3683192,2
3638008,2
3656585,2
3683193,2
3667900,2
3683371,2
3683375,2
3685039,2
3605832,2
3685040,2
3604269,2
3680545,2
3652216,2
3665259,2
3675044,2
3669183,2
3598688,2
3669389,2
3673810,2
3680796,2
3662549,2
3668085,2
3651155,2
3669636,2
3664013,2
3683789,2
3679563,2
3682474,2
3686675,2
3654194,2
3681223,2
3673977,2
3685379,2
3671184,2
3655974,2
3645736,2
3671286,2
3679762,2
3683984,2
3674079,2
3628872,2
3675682,2
3671285,2
3678659,2
3586630,27
3644652,2
3684201,2
3675678,2
3676981,2
3679857,2
3679874,2
3653264,2
3648781,2
3597984,2
3684466,2
3685624,2
3667460,2
3679873,2
3668540,2
3667480,2
3671515,2
3647866,2
3668734,2
3659196,2
3676244,2
3667675,2
3654617,2
3667813,2
3685737,2
3680108,2
3662179,2
3622746,2
3670784,2
3662280,2
3685974,2
3686168,2
3654932,2
3670819,2
3608748,2
3687833,2
3656683,2
3623888,2
3595899,2
3657987,2
3648304,2
3674898,2
3687894,2
3685099,2
3666438,2
3651252,2
3651180,2
3573426,2
3655434,2
3673829,2
3671090,2
3688078,2
3676830,2
3562320,2
3682504,2
3686674,2
3672686,2
3638859,2
3679675,2
3681203,2
3672604,2
3654389,2
3624588,2
3667250,2
3687047,2
3674132,2
3648801,2
3671330,2
3682693,2
3626196,2
3681453,2
3685515,2
3674121,2
3682685,2
3687044,2
3687048,2
3636260,29
3557525,2
3671386,2
3664716,2
3662972,2
3681558,2
3681705,2
3656193,2
3679914,2
3661864,2
3678635,2
3603657,2
3677165,2
3673265,2
3671432,2
3626360,2
3605812,2
3646263,2
3671688,2
3687774,2
3688693,2
3601359,2
3667929,2
3687733,2
3676507,2
3676547,2
3683250,2
3676537,2
3687895,2
3660821,2
3685092,2
3680742,2
3680775,2
3648405,2
3663919,2
3659755,2
3680835,2
3669330,2
3679664,2
3614454,2
3666799,2
3675243,2
3675249,2
3682556,2
3620184,2
3685219,2
3656888,2
3676855,2
3686852,2
3633058,2
3659926,2
3675444,2
3684082,2
3669871,2
3657137,2
3686904,2
3635909,29
3689793,2
3679793,2
3682658,2
3685492,2
3671304,2
3674270,2
3651564,2
3688417,2
3660096,2
3653242,2
3678806,2
3658792,2
3667674,2
3670289,2
3670292,2
3688532,2
3676279,2
3646095,2
3657387,2
3566200,2
3606999,2
3662175,2
3605764,2
3640590,2
3636928,29
3680314,2
3685973,2
3686091,2
3615198,2
3646503,2
3686127,2
3662351,2
3597473,2
3675084,2
3679432,2
3655116,2
3682296,2
3676674,2
3683622,2
3652469,2
3651087,2
3683522,2
3607108,2
3685186,2
3675083,2
3675271,2
3676729,2
3678217,2
3675178,2
3680916,2
3652661,2
3651232,2
3679720,2
3671125,2
3681060,2
3659920,2
3688201,2
3657020,2
3688175,2
3688174,2
3679761,2
3681045,2
3679721,2
3686736,2
3664254,2
3684044,2
3659835,2
3676910,2
3678412,2
3685380,2
3678411,2
3691095,2
3671252,2
3645699,2
3658751,2
3689920,2
3685516,2
3660042,2
3677018,2
3682794,2
3675721,2
3670288,2
3627612,2
3673157,2
3661883,2
3657339,2
3673434,2
3651677,2
3674241,2
3690482,2
3628180,2
3659334,2
3651886,2
3620851,2
3676361,2
3564304,26
3671609,2
3687773,2
3679227,2
3665184,2
3617069,2
3564433,26
3659425,2
3671800,2
3666201,2
3683274,2
3659590,2
3672146,2
3687874,2
3685043,2
3659591,2
3687945,2
3676615,2
3670888,2
3686239,2
3660985,2
3692085,2
3669374,2
3668190,2
3679569,2
3685149,2
3666812,2
3675329,2
3655414,2
3685341,2
3692206,2
3692378,2
3659757,2
3678191,2
3669660,2
3672517,2
3692458,2
3692457,2
3679699,2
3682545,2
3685338,2
3653024,2
3685401,2
3689669,2
3654245,2
3676901,2
3688298,2
3684098,2
3689941,2
3691205,2
3685461,2
3686998,2
3689940,2
3672992,2
3689887,2
3677071,2
3679906,2
3637523,2
3690246,2
3665838,2
3688589,2
3676119,2
3646185,2
3657462,2
3662176,2
3608570,2
3667818,2
3615173,2
3680452,2
3693432,2
3693431,2
3679228,2
3671818,2
3693434,2
3693433,2
3636881,29
3676467,2
3693435,2
3672106,2
3691687,2
3656754,2
3665176,2
3689042,2
3617129,2
3666291,2
3662300,2
3673709,2
3686362,2
3651256,2
3687963,2
3685145,2
3680698,2
3685100,2
3659718,2
3662564,2
3655509,2
3587951,2
3690870,2
3635613,29
3678135,2
3671026,2
3681295,2
3676824,2
3673952,2
3567983,2
3669640,2
3691036,2
3692454,2
3666766,2
3668332,2
3676735,2
3688188,2
3627529,2
3635823,29
3666996,2
3688202,2
3692382,2
3692394,2
3669709,2
3674029,2
3681055,2
3693863,2
3634458,2
3693892,2
3674051,2
3689776,2
3679678,2
3688256,2
3685493,2
3645963,2
3670148,2
3677033,2
3657390,2
3688463,2
3681641,2
3692909,2
3688416,2
3692994,2
3690123,2
3687418,2
3667592,2
3691248,2
3671438,2
3691249,2
3620511,2
3680052,2
3691286,2
3684602,2
3663089,2
3667655,2
3647992,2
3667812,2
3673544,2
3667819,2
3637979,2
3676374,2
3660454,2
3665932,2
3682068,2
3688970,2
3690607,2
3567297,2
3686212,2
3693475,2
3693476,2
3660682,2
3685042,2
3683394,2
3685146,2
3666327,2
3691912,2
3685148,2
3687946,2
3683601,2
3652447,2
3677884,2
3685218,2
3692205,2
3644259,2
3662560,2
3659751,2
3675565,2
3671041,2
3681054,2
3678227,2
3665575,2
3624714,2
3671052,2
3678240,2
3695250,2
3695259,2
3635964,29
3689668,2
3686905,2
3695306,2
3676905,2
3693948,2
3677027,2
3685506,2
3651644,2
3685496,2
3690115,2
3662914,2
3682746,2
3667141,2
3668471,2
3682694,2
3687367,2
3661776,2
3694063,2
3688401,2
3668578,2
3690155,2
3640286,2
3684563,2
3691339,2
3682864,2
3680107,2
3680087,2
3677223,2
3671603,2
3686092,2
3680196,2
3673527,2
3693359,2
3657672,2
3696276,2
3696279,2
3666152,2
3696277,2
3696275,2
3696278,2
3634093,2
3683275,2
3676466,2
3685130,2
3642603,2
3691843,2
3686361,2
3677996,2
3685093,2
3689084,2
3625711,2
3680741,2
3682363,2
3689374,2
3693746,2
3683736,2
3660822,2
3679601,2
3676711,2
3680915,2
3685131,2
3683579,2
3658431,2
3693765,2
3658394,2
3672595,2
3662628,2
3686673,2
3695275,2
3693902,2
3692381,2
3677021,2
3685365,2
3688257,2
3693827,2
3678482,2
3693929,2
3665542,2
3681396,2
3690011,2
3691140,2
3689929,2
3689875,2
3679892,2
3692836,2
3694013,2
3694014,2
3684377,2
3651679,2
3684423,2
3682749,2
3677022,2
3682889,2
3687417,2
3687308,2
3671473,2
3687517,2
3681755,2
3697078,2
3662174,2
3663104,2
3680352,2
3671829,2
3697360,2
3697359,2
3651869,2
3655037,2
3697361,2
3697358,2
3696317,2
3671857,2
3697362,2
3674871,2
3662274,2
3693512,2
3671925,2
3685091,2
3671864,2
3683427,2
3690760,2
3669303,2
3670896,2
3656916,2
3679570,2
3682295,2
3680786,2
3649757,2
3685269,2
3685213,2
3676849,2
3685230,2
3692086,2
3679575,2
3675232,2
3676724,2
3689462,2
3679674,2
3674017,2
3695202,2
3695161,2
3676825,2
3695397,2
3695281,2
3693903,2
3688215,2
3684200,2
3668326,2
3696788,2
3693893,2
3698229,2
3679677,2
3693937,2
3692565,2
3678593,2
3638946,2
3684141,2
3696915,2
3679858,2
3696892,2
3656113,2
3653313,2
3691287,2
3670215,2
3678936,2
3640508,2
3665787,2
3678891,2
3682884,2
3697083,2
3677233,2
3671606,2
3654746,2
3697282,2
3682067,2
3572972,2
3697418,2
3699117,2
3691686,2
3660491,2
3697417,2
3699116,2
3674802,2
3671817,2
3660453,2
3699113,2
3649312,2
3679315,2
3699115,2
3699114,2
3653930,2
3643978,2
3690680,2
3699234,2
3670777,2
3676596,2
3689097,2
3689038,2
3659623,2
3696428,2
3680817,2
3690869,2
3656862,2
3680795,2
3697785,2
3696497,2
3676640,2
3675043,2
3618546,2
3692268,2
3692223,2
3695325,2
3689596,2
3693818,2
3664157,2
3696707,2
3689629,2
3698215,2
3696706,2
3695326,2
3686759,2
3661367,2
3655854,2
3698234,2
3684083,2
3668416,2
3669845,2
3636111,29
3681379,2
3698438,2
3677084,2
3675795,2
3671214,2
3661785,2
3698437,2
3677081,2
3679851,2
3685717,2
3670482,2
3665789,2
3674269,2
3690289,2
3677232,2
3659241,2
3691368,2
3676399,2
3700203,2
3700204,2
3700201,2
3700205,2
3642513,2
3589086,2
3700202,2
3634185,2
3669091,2
3665196,2
3659561,2
3691894,2
3674972,2
3699192,2
3683426,2
3666397,2
3697784,2
3700633,2
3700632,2
3688003,2
3680700,2
3685260,2
3646890,2
3683795,2
3689461,2
3696679,2
3700992,2
3700947,2
3696704,2
3695305,2
3655777,2
3676865,2
3692437,2
3628775,2
3684142,2
3693864,2
3661368,2
3691151,2
3682684,2
3692585,2
3679794,2
3690031,2
3692747,2
3679947,2
3696941,2
3692837,2
3677123,2
3684522,2
3698514,2
3681642,2
3667517,2
3675788,2
3645035,2
3673130,2
3697033,2
3685657,2
3687455,2
3681712,2
3676138,2
3653380,2
3663141,2
3679166,2
3611354,2
3677680,2
3701962,2
3670749,2
3700194,2
3701959,2
3674817,2
3701960,2
3701961,2
3614358,2
3701963,2
3700443,2
3690761,2
3697534,2
3671924,2
3653859,2
3687952,2
3686445,2
3702090,2
3649594,2
3617434,2
3685229,2
3700800,2
3692242,2
3690975,2
3669469,2
3695244,2
3669839,2
3686694,2
3673895,2
3674137,2
3672668,2
3698064,2
3702427,2
3635654,29
3684041,2
3698204,2
3699568,2
3674052,2
3688325,2
3631707,2
3702494,2
3696891,2
3702619,2
3627551,2
3657186,2
3688370,2
3698515,2
3699679,2
3674222,2
3685505,2
3675986,2
3698553,2
3691266,2
3678935,2
3684613,2
3702667,2
3658942,2
3677112,2
3698511,2
3693079,2
3670300,2
3693144,2
3699828,2
3698809,2
3679039,2
3676139,2
3665931,2
3687755,2
3648124,2
3696239,2
3676333,2
3688735,2
3660593,2
3703038,2
3670748,2
3703035,2
3651890,2
3690600,2
3673632,2
3703037,2
3703036,2
3622956,2
3653858,2
3703034,2
3703269,2
3686395,2
3696379,2
3690782,2
3687953,2
3614580,2
3693604,2
3655139,2
3683600,2
3702179,2
3688124,2
3691911,2
3677928,2
3666464,2
3686411,2
3660968,2
3686487,2
3695172,2
3700713,2
3688081,2
3676671,2
3703661,2
3686737,2
3693747,2
3676793,2
3679665,2
3696625,2
3684028,2
3695304,2
3676829,2
3699514,2
3699552,2
3682555,2
3695511,2
3691094,2
3702387,2
3693938,2
3696807,2
3692558,2
3702493,2
3645938,2
3693947,2
3688343,2
3687005,2
3668434,2
3675911,2
3695721,2
3702566,2
3702565,2
3699729,2
3678779,2
3684562,2
3697028,2
3690116,2
3677075,2
3685683,2
3674275,2
3681614,2
3695858,2
3670216,2
3701561,2
3691338,2
3665839,2
3664930,2
3679175,2
3682057,2
3603047,28
3632133,2
3677510,2
3619913,2
3677511,2
3704790,2
3704791,2
3704789,2
3683251,2
3704793,2
3704792,2
3697533,2
3652493,2
3672123,2
3699242,2
3700413,2
3696427,2
3574917,2
3679462,2
3683515,2
3690781,2
3702274,2
3628719,2
3699403,2
3679499,2
3660967,2
3685212,2
3678218,2
3673953,2
3690904,2
3693881,2
3681219,2
3695225,2
3692393,2
3683790,2
3692475,2
3689595,2
3699526,2
3685364,2
3692566,2
3699617,2
3698230,2
3692746,2
3687205,2
3661375,2
3688437,2
3673131,2
3690099,2
3673138,2
3680044,2
3646186,2
3674323,2
3680086,2
3688597,2
3651809,2
3671604,2
3705734,2
3705811,2
3683006,2
3680244,2
3696182,2
3700003,2
3685882,2
3575883,2
3705887,2
3705888,2
3705890,2
3705886,2
3702002,2
3646636,2
3608862,2
3671887,2
3705889,2
3583267,2
3608661,2
3694870,2
3677913,2
3679498,2
3687901,2
3690802,2
3690906,2
3699388,2
3697909,2
3699463,2
3699402,2
3696498,2
3662598,2
3676736,2
3641238,2
3696626,2
3696600,2
3692453,2
3696666,2
3699482,2
3699553,2
3695282,2
3661376,2
3691139,2
3682657,2
3671206,2
3668495,2
3696732,2
3702419,2
3668408,2
3689794,2
3701126,2
3691150,2
3662878,2
3664717,2
3657187,2
3673040,2
3693979,2
3702499,2
3692856,2
3701328,2
3688425,2
3679846,2
3660093,2
3685718,2
3705578,2
3685684,2
3687456,2
3673280,2
3577335,2
3671689,2
3657555,2
3707634,2
3707637,2
3705810,2
3707636,2
3707638,2
3707635,2
3697240,2
3615364,2
3670776,2
3671917,2
3700414,2
3694849,2
3673705,2
3705997,2
3702118,2
3703337,2
3703336,2
3668086,2
3702058,2
3690671,2
3696447,2
3699241,2
3663472,2
3704983,2
3680623,2
3699351,2
3649311,2
3665195,2
3589120,2
3662388,2
3705073,2
3692288,2
3693704,2
3686634,2
3693814,2
3669659,2
3703696,2
3698216,2
3702372,2
3703770,2
3703769,2
3705176,2
3696622,2
3706752,2
3691035,2
3706769,2
3706704,2
3706833,2
3708060,2
3679703,2
3676848,2
3649993,2
3689912,2
3674122,2
3693980,2
3695563,2
3694021,2
3676966,2
3633254,2
3684378,2
3684523,2
3698641,2
3702627,2
3705507,2
3682863,2
3691211,2
3645964,2
3684718,2
3681657,2
3696973,2
3695923,2
3688554,2
3634920,2
3688692,2
3701923,2
3708713,2
3704749,30
3708712,2
3708710,2
3669092,2
3708714,2
3708711,2
3702119,2
3688007,2
3706181,2
3694869,2
3702091,2
3674897,2
3666776,2
3703380,2
3686432,2
3704935,2
3689261,2
3693695,2
3705029,2
3702180,2
3685261,2
3676608,2
3699352,2
3707869,2
3699389,2
3700815,2
3706519,2
3692243,2
3597490,2
3659754,2
3693803,2
3693819,2
3669539,2
3709357,2
3695226,2
3709447,2
3681220,2
3705133,2
3696678,2
3706600,2
3705208,2
3706607,2
3698233,2
3695227,2
3669768,2
3696705,2
3684045,2
3696799,2
3709671,2
3675755,2
3699527,2
3653090,2
3695562,2
3699600,2
3691085,2
3708192,2
3708132,2
3690154,2
3689886,2
3684202,2
3631837,2
3671419,2
3682632,2
3688327,2
3701290,2
3701170,2
3708243,2
3698721,2
3695700,2
3705401,2
3696961,2
3709923,2
3701564,2
3677076,2
3698808,2
3680045,2
3677224,2
3690288,2
3688555,2
3707449,2
3670457,2
3687489,2
3694252,2
3677271,2
3688591,2
3622495,2
3617049,2
3683082,2
3697241,2
3710479,2
3710478,2
3614237,2
3710477,2
3683195,2
3706033,2
3710476,2
3710475,2
3646518,2
3706034,2
3699235,2
3709031,2
3686396,2
3699293,2
3690832,2
3699320,2
3685047,2
3692104,2
3700650,2
3689369,2
3697703,2
3705028,2
3659717,2
3696642,2
3695112,2
3685405,2
3682508,2
3695160,2
3705207,2
3676864,2
3709448,2
3635965,29
3709555,2
3690888,2
3705175,2
3682507,2
3703817,2
3689799,2
3706834,2
3708191,2
3699731,2
3678892,2
3689939,2
3664651,2
3698642,2
3687358,2
3707164,2
3696918,2
3708374,2
3690030,2
3704487,2
3695853,2
3699926,2
3688395,2
3705534,2
3634905,2
3699925,2
3701810,2
3705678,2
3700148,2
3696318,2
3694486,2
3694521,2
3699087,2
3691636,2
3699160,2
3656649,2
3694467,2
3686167,2
3679403,2
3690681,2
3709020,2
3689098,2
3696461,2
3697702,2
3706246,2
3700444,2
3697653,2
3679402,2
3679461,2
3704984,2
3690699,2
3697820,2
3686446,2
3707863,2
3661189,2
3697832,2
3693694,2
3707933,2
3697896,2
3707913,2
3706524,2
3710749,2
3696668,2
3693705,2
3695213,2
3652827,2
3673900,2
3692287,2
3693742,2
3709516,2
3681210,2
3710825,2
3712413,2
3689800,2
3681209,2
3682554,2
3690974,2
3676856,2
3705360,2
3698203,2
3708061,2
3699650,2
3710956,2
3685421,2
3711031,2
3691083,2
3711043,2
3708190,2
3704046,2
3679934,2
3645980,2
3684441,2
3699713,2
3664469,2
3679971,2
3704354,2
3711184,2
3637559,2
3702653,2
3676190,2
3705577,2
3705451,2
3704486,2
3707245,2
3711252,2
3685736,2
3710181,2
3665854,2
3684835,2
3708449,2
3693176,2
3671541,2
3589771,2
3657463,2
3690608,2
3666200,2
3666153,2
3679256,2
3707662,2
3704785,30
3713426,2
3700289,2
3689139,2
3680554,2
3710604,2
3713531,2
3707815,2
3702023,2
3620990,2
3704934,2
3639898,2
3680782,2
3703489,2
3693603,2
3706411,2
3696414,2
3713582,2
3679599,2
3685243,2
3694895,2
3712209,2
3695214,2
3689290,2
3685354,2
3712414,2
3673943,2
3712234,2
3709517,2
3688236,2
3702353,2
3712371,2
3705243,2
3709597,2
3709727,2
3710943,2
3709596,2
3689913,2
3699649,2
3696869,2
3688241,2
3692910,2
3687017,2
3703934,2
3698591,2
3701342,2
3684428,2
3691206,2
3709922,2
3687107,2
3704178,2
3702618,2
3704316,2
3687386,2
3710080,2
3691274,2
3701538,2
3687516,2
3708448,2
3696960,2
3701700,2
3696197,2
3707541,2
3677579,2
3682167,2
3713331,2
3667940,2
3693578,2
3699202,2
3696378,2
3673706,2
3591758,2
3710598,2
3679316,2
3708963,2
3713362,2
3683286,2
3693489,2
3639689,2
3702158,2
3708971,2
3694896,2
3687938,2
3708980,2
3709019,2
3711946,2
3704970,2
3703396,2
3704964,2
3706285,2
3690909,2
3703395,2
3707853,2
3706462,2
3712359,2
3712320,2
3710742,2
3710796,2
3698063,2
3710916,2
3713796,2
3703693,2
3679711,2
3705132,2
3699534,2
3705244,2
3706705,2
3705223,2
3701068,2
3699613,2
3706770,2
3712575,2
3704045,2
3699618,2
3715569,2
3656112,2
3705325,2
3699728,2
3701329,2
3713875,2
3711044,2
3705377,2
3705445,2
3712839,2
3695693,2
3712840,2
3617753,2
3715833,2
3701619,2
3685709,2
3668942,2
3710409,2
3688828,2
3680243,2
3696198,2
3699068,2
3697343,2
3693533,2
3635665,29
3714620,2
3710603,2
3676636,2
3693541,2
3600637,2
3707814,2
3703301,2
3688006,2
3710657,2
3699373,2
3710778,2
3696553,2
3702214,2
3651094,2
3710743,2
3686709,2
3713624,2
3608982,2
3702394,2
3713764,2
3679602,2
3695398,2
3666995,2
3689954,2
3700816,2
3708131,2
3705222,2
3711107,2
3705324,2
3715441,2
3685507,2
3673041,2
3685462,2
3695816,2
3709855,2
3681599,2
3693914,2
3705400,2
3687359,2
3695692,2
3698722,2
3699899,2
3708415,2
3682865,2
3694251,2
3671605,2
3671613,2
3694402,2
3691449,2
3697281,2
3699124,2
3694589,2
3660880,2
3713470,2
3676505,2
3632650,2
3702080,2
3711878,2
3682334,2
3689140,2
3662311,2
3710597,2
3700623,2
3709152,2
3699444,2
3714914,2
3715040,2
3710702,2
3699443,2
3587675,2
3716485,2
3713654,2
3712078,2
3702275,2
3709356,2
3702393,2
3693880,2
3712245,2
3715121,2
3686758,2
3695245,2
3715202,2
3703935,2
3701138,2
3659834,2
3702519,2
3711100,2
3690098,2
3711110,2
3696926,2
3704373,2
3693145,2
3711343,2
3677306,2
3671863,2
3632151,2
3717210,2
3705809,2
3711461,2
3708721,2
3713292,2
3701970,2
3691846,2
3716255,2
3628529,2
3702159,2
3719110,2
3695113,2
3704980,2
3700651,2
3699481,2
3678093,2
3700622,2
3679648,2
3706520,2
3716486,2
3683796,2
3678192,2
3690935,2
3702373,2
3696733,2
3701137,2
3709642,2
3706879,2
3702512,2
3705288,2
3668444,2
3715411,2
3706950,2
3701159,2
3715532,2
3699825,2
3707296,2
3704335,2
3694231,2
3714001,2
3704305,2
3691438,2
3690247,2
3701811,2
3680145,2
3679176,2
3716048,2
3684845,2
3710361,2
3719846,2
3691637,2
3713279,2
3707566,2
3676481,2
3662258,2
3720050,2
3700228,2
3645436,2
3710658,2
3716257,2
3710629,2
3717524,2
3627038,2
3709016,2
3656885,2
3699357,2
3716447,2
3703405,2
3705117,2
3672344,2
3692136,2
3719293,2
3710802,2
3713655,2
3709393,2
3699513,2
3715111,2
3709392,2
3710899,2
3716620,2
3712370,2
3672673,2
3716731,2
3696822,2
3716743,2
3707033,2
3708209,2
3699698,2
3715531,2
3674162,2
3705363,2
3701575,2
3701265,2
3708193,2
3696867,2
3701535,2
3677013,2
3705474,2
3674324,2
3688533,2
3714033,2
3714032,2
3704396,2
3718648,2
3679167,2
3702722,2
3705538,2
3653688,2
3646193,2
3690499,2
3598253,2
3713260,2
3708513,2
3693511,2
3721783,2
3611499,2
3687937,2
3597404,2
3708879,2
3721878,2
3699159,2
3704956,2
3699191,2
3708924,2
3669373,2
3710797,2
3705074,2
3719266,2
3703752,2
3709455,2
3659817,2
3692526,2
3707916,2
3712250,2
3719376,2
3713759,2
3710920,2
3688189,2
3715110,2
3711035,2
3716616,2
3705313,2
3718172,2
3716651,2
3701291,2
3722345,2
3718270,2
3709765,2
3716744,2
3679913,2
3712576,2
3701182,2
3699745,2
3716682,2
3715424,2
3698394,2
3696914,2
3711141,2
3691230,2
3719581,2
3722391,2
3708299,2
3660200,2
3711251,2
3714049,2
3675944,2
3705475,2
3705453,2
3716854,2
3682910,2
3714129,2
3714096,2
3694249,2
3705656,2
3702939,2
3687778,2
3721699,2
3718868,2
3653691,2
3705742,2
3699073,2
3697242,2
3704827,30
3710563,2
3648259,2
3680486,2
3626838,2
3700330,2
3716258,2
3711801,2
3713511,2
3659631,2
3710701,2
3595898,2
3705064,2
3720545,2
3708004,2
3705139,2
3696623,2
3716446,2
3719280,2
3707934,2
3696552,2
3713662,2
3685332,2
3665552,2
3706608,2
3716604,2
3722195,2
3718037,2
3658590,2
3716603,2
3709772,2
3699545,2
3720961,2
3718032,2
3593873,2
3710917,2
3708150,2
3722252,2
3703963,2
3687204,2
3716652,2
3723778,2
3718328,2
3716639,2
3718217,2
3711111,2
3719527,2
3716711,2
3711061,2
3716730,2
3722344,2
3711089,2
3712719,2
3722390,2
3722395,2
3682747,2
3685661,2
3688328,2
3704278,2
3692801,2
3702652,2
3678847,2
3722474,2
3708403,2
3722512,2
3707450,2
3724338,2
3688585,2
3682017,2
3693318,2
3700002,2
3724571,2
3724570,2
3689037,2
3707741,2
3717346,2
3624111,2
3716290,2
3723169,2
3703300,2
3697704,2
3707831,2
3699292,2
3714690,2
3709015,2
3688077,2
3677806,2
3706286,2
3661014,2
3722129,2
3724937,2
3708005,2
3696701,2
3699511,2
3725012,2
3710921,2
3725084,2
3709722,2
3702513,2
3715340,2
3701067,2
3708081,2
3687006,2
3718216,2
3709721,2
3696700,2
3719566,2
3708080,2
3711032,2
3705373,2
3713971,2
3709676,2
3708258,2
3694100,2
3722475,2
3722515,2
3699938,2
3704439,2
3712979,2
3696974,2
3724307,2
3713036,2
3713123,2
3687556,2
3697082,2
3676334,2
3703025,2
3622747,2
3721715,2
3718944,2
3716146,2
3722715,2
3705998,2
3673565,2
3696312,2
3677514,2
3689041,2
3600118,2
3720286,2
3697705,2
3714691,2
3717580,2
3711800,2
3724830,2
3711903,2
3707908,2
3707965,2
3719316,2
3705098,2
3699364,2
3706436,2
3707994,2
3692448,2
3726468,2
3724918,2
3713675,2
3706610,2
3712277,2
3706679,2
3698253,2
3725083,2
3708076,2
3693828,2
3716683,2
3721039,2
3692535,2
3715341,2
3724106,2
3681704,2
3603588,2
3682866,2
3699732,2
3709944,2
3698781,2
3716874,2
3725354,2
3718644,2
3702635,2
3719622,2
3711171,2
3715901,2
3673435,2
3708404,2
3696048,2
3707519,2
3645147,2
3688829,2
3660576,2
3714348,2
3714347,2
3663521,2
3659511,2
3660810,2
3720258,2
3713476,2
3727630,2
3724762,2
3660782,2
3709046,2
3721996,2
3677929,2
3716401,2
3727750,2
3697829,2
3693666,2
3714915,2
3712020,2
3720761,2
3717766,2
3722128,2
3715120,2
3725021,2
3688248,2
3706609,2
3725055,2
3725063,2
3716579,2
3691086,2
3685355,2
3710992,2
3727848,2
3712374,2
3692377,2
3726678,2
3725140,2
3709750,2
3710997,2
3701392,2
3708298,2
3705388,2
3715504,2
3713970,2
3725311,2
3705511,2
3696934,2
3705454,2
3690114,2
3715889,2
3711295,2
3705508,2
3714097,2
3718659,2
3722672,2
3691677,2
3718927,2
3716209,2
3687779,2
3667945,2
3693490,2
3719094,2
3723073,2
3703268,2
3724729,2
3693542,2
3720546,2
3726108,2
3721995,2
3686264,2
3675231,2
3728873,2
3696643,2
3692135,2
3727749,2
3600362,2
3719315,2
3662825,2
3723515,2
3713665,2
3719397,2
3712358,2
3709554,2
3725056,2
3727824,2
3725101,2
3715223,2
3710957,2
3725062,2
3725167,2
3716648,2
3725094,2
3722251,2
3703962,2
3708091,2
3726682,2
3723850,2
3709945,2
3723907,2
3723908,2
3715800,2
3709903,2
3705457,2
3722399,2
3725299,2
3729885,2
3714012,2
3711232,2
3699897,2
3716853,2
3711233,2
3693288,2
3658999,2
3728263,2
3631033,2
3724489,2
3694403,2
3620904,2
3721732,2
3676391,2
3682133,2
3711460,2
3690748,2
3708880,2
3694600,2
3697431,2
3689201,2
3700445,2
3702059,2
3687962,2
3725950,2
3683521,2
3723182,2
3719192,2
3700893,2
3709329,2
3724934,2
3724933,2
3683845,2
3729223,2
3693815,2
3710779,2
3712523,2
3729301,2
3713833,2
3718173,2
3699533,2
3726663,2
3725139,2
3702366,2
3722315,2
3725137,2
3681378,2
3711090,2
3688305,2
3718337,2
3708236,2
3723996,2
3726786,2
3719515,2
3726785,2
3698590,2
3729894,2
3712855,2
3710079,2
3687331,2
3714004,2
3729990,2
3707445,2
3727191,2
3713035,2
3717005,2
3674393,2
3708416,2
3659287,2
3623746,2
3722625,2
3660395,2
3693452,2
3671916,2
3723074,2
3710564,2
3713505,2
3726107,2
3728929,2
3715029,2
3723386,2
3731820,2
3720664,2
3730524,2
3730606,2
3722108,2
3730627,2
3716564,2
3724923,2
3699699,2
3702420,2
3717983,2
3702367,2
3707995,2
3716619,2
3696808,2
3652967,2
3732185,2
3715401,2
3730748,2
3729348,2
3726664,2
3725054,2
3729453,2
3725136,2
3725163,2
3718391,2
3730827,2
3730826,2
3725162,2
3705446,2
3699755,2
3729756,2
3715704,2
3688424,2
3701343,2
3695832,2
3724068,2
3704355,2
3718660,2
3718673,2
3708364,2
3707461,2
3710120,2
3721629,2
3707518,2
3728262,2
3716952,2
3682954,2
3705703,2
3694466,2
3728365,2
3674600,2
3719996,2
3677368,2
3730202,2
3680485,2
3731282,2
3713361,2
3694601,2
3717347,2
3693532,2
3731524,2
3719064,2
3727600,2
3731627,2
3721877,2
3697855,2
3713515,2
3694957,2
3731725,2
3726161,2
3730441,2
3707917,2
3727741,2
3703490,2
3719267,2
3719358,2
3702215,2
3730672,2
3706443,2
3733504,2
3730658,2
3732184,2
3709440,2
3719339,2
3726554,2
3719359,2
3703751,2
3713797,2
3716638,2
3725022,2
3688216,2
3729454,2
3730698,2
3726671,2
3696798,2
3723779,2
3710982,2
3721107,2
3723901,2
3727994,2
3715410,2
3722335,2
3723945,2
3723946,2
3710115,2
3733725,2
3728105,2
3725355,2
3712742,2
3698630,2
3712916,2
3702636,2
3710032,2
3714145,2
3704303,2
3733823,2
3705456,2
3724306,2
3693334,2
3731156,2
3731155,2
3727411,2
3711568,2
3686128,2
3734165,2
3654931,2
3700345,2
3721911,2
3731523,2
3711902,2
3680419,2
3727599,2
3719109,2
3721910,2
3711955,2
3693743,2
3686189,2
3728928,2
3692103,2
3716370,2
3730445,2
3726113,2
3712079,2
3724924,2
3723516,2
3733402,2
3720616,2
3723493,2
3722032,2
3719279,2
3708031,2
3730605,2
3733461,2
3726391,2
3734807,2
3733453,2
3720788,2
3733554,2
3713676,2
3705333,2
3726659,2
3733517,2
3715201,2
3729302,2
3733518,2
3705334,2
3706555,2
3735179,2
3725156,2
3721026,2
3735278,2
3732439,2
3733645,2
3733619,2
3711093,2
3718448,2
3722373,2
3721311,2
3729730,2
3704304,2
3724069,2
3724145,2
3724146,2
3727159,2
3715900,2
3731029,2
3722513,2
3711242,2
3735631,2
3718647,2
3699881,2
3608342,2
3711293,2
3722564,2
3707520,2
3704713,30
3704720,30
3705741,2
3735851,2
3733093,2
3704704,30
3727449,2
3724605,2
3735919,2
3722918,2
3722808,2
3711671,2
3704826,30
3722917,2
3713427,2
3680315,2
3696324,2
3702074,2
3725867,2
3713330,2
3605888,2
3734272,2
3734271,2
3688734,2
3706180,2
3734331,2
3730409,2
3713514,2
3657986,2
3731751,2
3695080,2
3731750,2
3702168,2
3733403,2
3618755,2
3709328,2
3732083,2
3732024,2
3732023,2
3701097,2
3665551,2
3718246,2
3735085,2
3719516,2
3726660,2
3722298,2
3732410,2
3723879,2
3711071,2
3705378,2
3735244,2
3724005,2
3726818,2
3736528,2
3730900,2
3695831,2
3724175,2
3733716,2
3730964,2
3727113,2
3719703,2
3728142,2
3712743,2
3735630,2
3736696,2
3642113,2
3731016,2
3728229,2
3732866,2
3714134,2
3724415,2
3643308,2
3671608,2
3696157,2
3724524,2
3718867,2
3735863,2
3719965,2
3670687,2
3727407,2
3721700,2
3733045,2
3737085,2
3713300,2
3691676,2
3670897,2
3731507,2
3720285,2
3735988,2
3736025,2
3717581,2
3704853,30
3726114,2
3700346,2
3710628,2
3730444,2
3734570,2
3717525,2
3700712,2
3730440,2
3736144,2
3713545,2
3697854,2
3710782,2
3692099,2
3736254,2
3707912,2
3715030,2
3685333,2
3733500,2
3729349,2
3710900,2
3708032,2
3715346,2
3698126,2
3722337,2
3718082,2
3735084,2
3713874,2
3711034,2
3715457,2
3715610,2
3648858,2
3728104,2
3735270,2
3730899,2
3722385,2
3704223,2
3732854,2
3724164,2
3705595,2
3615083,2
3707446,2
3727218,2
3698860,2
3711351,2
3696242,2
3718988,2
3707544,2
3666326,2
3737154,2
3704810,30
3700246,2
3737052,2
3727443,2
3734141,2
3708930,2
3728742,2
3734387,2
3737132,2
3680420,2
3716186,2
3700338,2
3708929,2
3716235,2
3737241,2
3699074,2
3716271,2
3710634,2
3737254,2
3713510,2
3674789,2
3719123,2
3700518,2
3702167,2
3738954,2
3709153,2
3731778,2
3734770,2
3712138,2
3719318,2
3715138,2
3723583,2
3733505,2
3710824,2
3733479,2
3720826,2
3701181,2
3729237,2
3713755,2
3675564,2
3735018,2
3736376,2
3730773,2
3735228,2
3718304,2
3715570,2
3727995,2
3726829,2
3735178,2
3725223,2
3716712,2
3725273,2
3730884,2
3728109,2
3701576,2
3738193,2
3724202,2
3680034,2
3719639,2
3687362,2
3727240,2
3692993,2
3728228,2
3736700,2
3713010,2
3714081,2
3722622,2
3705596,2
3710467,2
3717039,2
3717006,2
3719819,2
3714275,2
3734042,2
3717078,2
3662284,2
3737074,2
3713353,2
3739880,2
3721895,2
3733072,2
3702151,2
3723163,2
3717616,2
3713504,2
3727629,2
3724730,2
3716236,2
3725847,2
3738916,2
3740305,2
3730410,2
3697818,2
3726150,2
3719331,2
3700621,2
3736145,2
3738966,2
3621756,2
3719294,2
3714844,2
3713697,2
3707957,2
3710801,2
3718031,2
3733462,2
3730686,2
3727911,2
3739170,2
3708075,2
3733478,2
3730631,2
3739171,2
3713763,2
3739188,2
3702556,2
3736435,2
3738049,2
3735111,2
3727948,2
3738164,2
3715442,2
3724163,2
3733723,2
3724061,2
3739409,2
3676128,2
3732861,2
3739563,2
3727239,2
3710288,2
3738698,2
3735864,2
3718928,2
3720125,2
3727442,2
3691593,2
3727514,2
3670818,2
3667983,2
3724660,2
3716277,2
3694564,2
3703154,2
3663471,2
3737051,2
3734332,2
3731628,2
3740018,2
3734571,2
3738985,2
3723168,2
3736098,2
3741839,2
3740155,2
3728874,2
3734725,2
3737461,2
3734771,2
3740306,2
3737462,2
3723494,2
3724914,2
3740490,2
3734697,2
3737619,2
3741947,2
3706523,2
3722109,2
3716551,2
3734897,2
3740532,2
3734896,2
3717788,2
3720540,2
3729292,2
3736276,2
3722135,2
3715028,2
3729374,2
3732336,2
3726553,2
3739287,2
3732298,2
3718295,2
3733643,2
3736524,2
3708208,2
3732411,2
3725272,2
3698546,2
3725222,2
3721370,2
3739513,2
3741287,2
3656053,2
3738412,2
3719845,2
3741521,2
3724582,2
3705672,2
3687900,2
3703024,2
3727378,2
3612681,2
3716198,2
3740019,2
3725866,2
3736097,2
3724737,2
3689202,2
3724763,2
3738955,2
3714711,2
3740168,2
3741838,2
3728889,2
3714745,2
3741794,2
3734377,2
3738984,2
3739026,2
3710726,2
3736109,2
3737580,2
3719246,2
3736295,2
3710765,2
3741912,2
3740632,2
3715079,2
3725045,2
3716552,2
3742015,2
3727935,2
3742031,2
3735017,2
3733555,2
3726467,2
3740772,2
3730744,2
3740871,2
3735067,2
3723880,2
3738123,2
3721108,2
3716802,2
3728062,2
3689930,2
3741145,2
3718388,2
3721324,2
3647867,2
3724310,2
3705510,2
3733763,2
3725266,2
3677270,2
3721542,2
3739522,2
3694230,2
3710173,2
3671711,2
3667901,2
3717107,2
3682018,2
3727377,2
3706049,2
3707540,2
3713304,2
3742782,2
3703063,2
3680531,2
3716283,2
3708964,2
3716195,2
3728602,2
3676390,2
3724606,2
3738826,2
3742922,2
3725768,2
3740067,2
3740143,2
3734378,2
3740091,2
3690599,2
3736076,2
3733231,2
3730449,2
3744649,2
3716295,2
3714710,2
3737579,2
3743075,2
3743141,2
3727740,2
3660879,2
3734822,2
3736209,2
3694860,2
3680880,2
3734885,2
3743373,2
3743321,2
3720827,2
3725060,2
3708126,2
3743581,2
3742030,2
3743500,2
3730743,2
3740872,2
3722306,2
3732438,2
3737984,2
3726438,2
3738022,2
3665549,2
3723993,2
3726817,2
3721101,2
3741092,2
3727923,2
3742176,2
3745028,2
3741091,2
3740924,2
3730847,2
3742264,2
3715689,2
3741146,2
3729755,2
3712933,2
3623642,2
3741562,2
3696156,2
3734002,2
3742686,2
3730246,2
3737046,2
3741612,2
3714274,2
3737133,2
3734228,2
3721822,2
3739889,2
3702001,2
3736077,2
3720449,2
3738951,2
3745829,2
3733232,2
3744664,2
3740154,2
3717633,2
3712321,2
3714845,2
3731726,2
3717765,2
3743372,2
3737586,2
3740491,2
3729036,2
3617471,2
3727874,2
3744841,2
3743426,2
3743386,2
3732274,2
3702426,2
3730657,2
3718247,2
3729224,2
3739228,2
3732387,2
3723830,2
3730846,2
3709902,2
3742297,2
3738425,2
3714010,2
3715663,2
3739514,2
3736672,2
3741384,2
3738530,2
3738539,2
3719820,2
3676459,2
3666332,2
3694289,2
3744438,2
3727374,2
3747286,2
3727455,2
3745494,2
3690500,2
3739887,2
3745522,2
3734166,2
3733094,2
3744503,2
3744435,2
3716291,2
3728706,2
3737083,2
3736968,2
3704750,30
3728693,2
3747383,2
3697432,2
3740052,2
3726030,2
3734388,2
3737253,2
3747467,2
3747546,2
3736160,2
3746052,2
3703676,2
3713570,2
3722031,2
3742034,2
3740613,2
3744840,2
3743427,2
3747724,2
3734906,2
3709675,2
3718067,2
3733468,2
3735277,2
3726795,2
3722307,2
3732484,2
3738050,2
3732313,2
3745049,2
3738117,2
3735248,2
3724016,2
3726873,2
3726830,2
3735314,2
3732709,2
3722396,2
3745199,2
3725213,2
3736623,2
3732686,2
3739438,2
3732678,2
3711241,2
3745198,2
3730004,2
3736744,2
3721541,2
3731017,2
3745237,2
3741383,2
3722623,2
3741555,2
3665933,2
3744342,2
3724564,2
3742608,2
3713278,2
3747249,2
3716194,2
3694487,2
3717219,2
3708913,2
3737155,2
3656807,2
3745645,2
3741697,2
3694520,2
3683395,2
3716243,2
3738856,2
3742730,2
3744597,2
3727563,2
3747471,2
3748663,2
3736110,2
3720516,2
3742921,2
3747468,2
3736114,2
3741876,2
3745837,2
3745968,2
3740359,2
3730533,2
3741898,2
3747472,2
3695083,2
3744713,2
3747585,2
3741899,2
3746085,2
3716615,2
3746043,2
3728964,2
3720573,2
3736275,2
3727801,2
3747584,2
3743328,2
3649857,2
3734806,2
3747621,2
3746313,2
3722038,2
3736255,2
3727802,2
3715039,2
3736369,2
3710972,2
3735042,2
3729479,2
3738018,2
3669828,2
3725059,2
3717996,2
3736521,2
3725214,2
3732685,2
3746965,2
3729991,2
3741297,2
3739489,2
3732567,2
3729931,2
3739410,2
3745193,2
3710174,2
3738524,2
3748072,2
3728178,2
3749782,2
3693177,2
3728143,2
3739552,2
3688596,2
3728268,2
3748070,2
3721648,2
3748152,2
3665950,2
3714621,2
3714271,2
3728456,2
3721709,2
3707654,2
3724661,2
3747358,2
3747323,2
3750174,2
3736042,2
3738857,2
3717617,2
3738923,2
3703406,2
3748664,2
3738922,2
3714547,2
3743076,2
3748866,2
3729027,2
3743232,2
3734944,2
3748865,2
3750451,2
3714744,2
3749056,2
3739227,2
3736407,2
3750561,2
3744870,2
3740746,2
3732051,2
3726696,2
3744914,2
3740771,2
3739345,2
3738192,2
3733726,2
3710991,2
3704500,2
3705415,2
3711183,2
3722405,2
3728110,2
3731022,2
3731028,2
3749869,2
3749716,2
3727152,2
3725428,2
3745294,2
3670664,2
3660396,2
3742687,2
3704719,30
3745347,2
3685831,2
3744436,2
3624227,2
3745599,2
3747324,2
3680639,2
3745615,2
3744498,2
3731379,2
3731508,2
3747404,2
3741744,2
3741799,2
3716369,2
3631434,2
3691893,2
3719131,2
3741875,2
3698058,2
3747561,2
3747572,2
3750462,2
3726068,2
3743445,2
3750469,2
3699569,2
3740712,2
3749055,2
3722086,2
3730636,2
3747709,2
3733454,2
3750558,2
3740614,2
3711077,2
3742005,2
3725100,2
3735313,2
3732492,2
3746499,2
3747831,2
3740923,2
3746602,2
3732337,2
3743781,2
3746558,2
3752387,2
3740994,2
3729706,2
3712952,2
3750828,2
3726802,2
3742265,2
3746729,2
3747971,2
3746736,2
3752443,2
3732705,2
3664983,2
3730945,2
3744029,2
3724201,2
3733875,2
3736695,2
3736730,2
3749719,2
3741363,2
3676316,2
3750884,2
3733925,2
3732708,2
3742376,2
3741364,2
3739553,2
3750954,2
3712953,2
3732973,2
3750039,2
3731185,2
3733969,2
3738725,2
3728457,2
3750131,2
3741765,2
3745806,2
3662550,2
3745879,2
3699363,2
3693673,2
3750309,2
3753192,2
3722068,2
3736210,2
3751661,2
3746084,2
3719235,2
3734824,2
3705191,2
3742026,2
3740631,2
3700946,2
3737693,2
3719271,2
3753340,2
3725185,2
3727910,2
3726433,2
3742192,2
3740898,2
3752178,2
3723960,2
3729707,2
3749437,2
3736523,2
3732491,2
3747841,2
3753605,2
3745135,2
3715759,2
3725310,2
3743926,2
3753629,2
3753664,2
3715834,2
3749851,2
3741288,2
3738364,2
3724337,2
3736699,2
3745236,2
3742418,2
3738564,2
3645242,2
3727408,2
3676506,2
3693333,2
3739869,2
3744607,2
3700337,2
3653970,2
3702022,2
3652205,2
3740053,2
3738917,2
3750308,2
3743199,2
3719245,2
3713569,2
3726067,2
3751660,2
3722037,2
3734724,2
3716470,2
3624458,2
3736258,2
3741911,2
3730523,2
3750470,2
3737585,2
3712208,2
3727847,2
3725011,2
3750543,2
3739125,2
3749177,2
3753341,2
3725168,2
3750497,2
3732275,2
3746348,2
3749178,2
3708092,2
3740931,2
3753464,2
3738021,2
3719582,2
3749274,2
3738118,2
3747834,2
3746601,2
3715664,2
3728061,2
3749550,2
3750840,2
3745113,2
3714135,2
3750841,2
3749781,2
3721518,2
3741323,2
3738365,2
3753786,2
3656556,2
3742579,2
3682134,2
3750083,2
3747359,2
3752956,2
3721708,2
3750154,2
3730322,2
3744570,2
3716228,2
3740043,2
3745730,2
3753065,2
3724722,2
3738910,2
3720539,2
3707740,2
3710468,2
3750349,2
3741779,2
3741755,2
3754443,2
3730534,2
3736115,2
3743181,2
3740486,2
3734696,2
3743182,2
3741858,2
3740642,2
3729073,2
3750430,2
3747651,2
3723474,2
3742064,2
3719375,2
3743499,2
3750498,2
3729352,2
3754880,2
3682540,2
3737923,2
3746649,2
3747779,2
3742187,2
3755001,2
3749468,2
3740932,2
3713756,2
3734933,2
3736445,2
3718038,2
3755119,2
3745067,2
3741068,2
3704372,2
3721371,2
3716778,2
3755296,2
3716803,2
3729895,2
3755295,2
3753569,2
3708365,2
3745109,2
3749703,2
3735525,2
3755458,2
3750851,2
3730908,2
3623365,2
3747953,2
3744217,2
3736753,2
3750987,2
3753724,2
3755572,2
3742426,2
3749870,2
3633688,2
3727290,2
3755575,2
3735613,2
3752790,2
3654620,2
3646156,2
3755672,2
3742580,2
3731226,2
3738746,2
3739888,2
3727448,2
3735850,2
3731273,2
3745570,2
3736014,2
3737073,2
3748596,2
3688790,2
3730339,2
3747341,2
3709047,2
3750360,2
3730422,2
3736090,2
3723439,2
3745830,2
3751450,2
3754444,2
3745878,2
3741769,2
3743048,2
3750397,2
3743142,2
3741864,2
3756012,2
3717650,2
3757401,2
3744712,2
3727719,2
3756110,2
3723349,2
3757444,2
3756115,2
3734729,2
3726390,2
3754743,2
3748939,2
3736296,2
3754775,2
3753375,2
3733501,2
3740711,2
3726432,2
3739197,2
3732312,2
3711076,2
3749275,2
3746455,2
3746650,2
3743782,2
3736529,2
3739276,2
3723959,2
3747840,2
3726695,2
3755120,2
3737974,2
3757926,2
3749525,2
3747928,2
3752460,2
3745136,2
3752618,2
3755337,2
3756463,2
3713929,2
3756482,2
3725269,2
3736673,2
3718793,2
3750909,2
3755648,2
3739610,2
3738726,2
3725689,2
3741574,2
3727382,2
3753919,2
3745296,2
3719997,2
3714308,2
3750153,2
3751154,2
3745581,2
3756793,2
3736858,2
3687756,2
3750094,2
3750202,2
3742732,2
3738911,2
3754196,2
3747340,2
3751514,2
3740288,2
3747493,2
3750372,2
3704852,30
3740255,2
3751678,2
3751515,2
3746053,2
3757445,2
3757321,2
3750435,2
3757400,2
3743332,2
3726149,2
3746024,2
3750461,2
3737764,2
3713726,2
3759012,2
3736367,2
3744889,2
3705116,2
3749161,2
3717930,2
3742063,2
3753361,2
3695276,2
3746550,2
3736368,2
3729288,2
3749086,2
3695201,2
3744916,2
3752179,2
3759218,2
3747710,2
3753511,2
3735269,2
3749388,2
3746536,2
3732386,2
3749540,2
3740995,2
3756368,2
3755222,2
3735518,2
3752444,2
3725268,2
3727190,2
3711216,2
3747952,2
3738529,2
3759394,2
3733926,2
3750902,2
3753810,2
3755615,2
3713206,2
3741517,2
3705677,2
3758584,2
3755767,2
3728357,2
3696240,2
3755768,2
3710502,2
3636892,29
3632150,2
3705947,2
3696243,2
3758692,2
3744504,2
3740128,2
3751519,2
3723113,2
3744663,2
3744598,2
3758853,2
3733260,2
3694716,2
3756045,2
3719236,2
3757415,2
3750450,2
3754577,2
3743371,2
3747562,2
3736259,2
3747725,2
3739153,2
3752030,2
3711007,2
3720789,2
3749438,2
3736375,2
3729670,2
3740951,2
3719593,2
3740841,2
3730909,2
3739397,2
3747866,2
3744030,2
3747929,2
3747970,2
3752459,2
3736615,2
3749702,2
3758392,2
3753729,2
3714042,2
3733833,2
3758422,2
3736729,2
3749883,2
3722624,2
3677465,2
3753900,2
3731272,2
3728358,2
3759657,2
3758583,2
3750043,2
3750046,2
3737086,2
3756986,2
3740169,2
3753066,2
3674790,2
3744499,2
3748542,2
3759952,2
3753006,2
3717541,2
3722903,2
3754312,2
3755874,2
3746023,2
3729074,2
3739036,2
3704965,2
3760092,2
3747545,2
3756046,2
3717753,2
3707958,2
3743448,2
3724919,2
3751968,2
3735020,2
3737694,2
3760590,2
3735041,2
3760552,2
3740641,2
3757938,2
3746606,2
3760780,2
3744915,2
3753444,2
3759180,2
3746707,2
3745150,2
3738373,2
3762100,2
3724229,2
3750852,2
3730958,2
3753630,2
3704173,2
3746872,2
3752411,2
3736752,2
3690483,2
3688588,2
3745346,2
3752892,2
3748371,2
3700193,2
3742671,2
3759667,2
3748370,2
3754195,2
3753007,2
3713411,2
3734227,2
3708792,2
3758825,2
3741768,2
3738952,2
3758797,2
3744656,2
3761675,2
3757151,2
3761679,2
3762942,2
3741857,2
3753242,2
3730421,2
3717632,2
3672468,2
3741946,2
3739152,2
3753427,2
3760418,2
3749085,2
3763300,2
3760473,2
3760479,2
3756173,2
3713725,2
3747717,2
3754841,2
3761972,2
3763452,2
3729399,2
3760641,2
3744945,2
3759193,2
3747865,2
3708254,2
3729400,2
3749496,2
3733599,2
3762101,2
3730774,2
3721102,2
3745065,2
3746498,2
3757925,2
3718305,2
3699827,2
3729689,2
3748000,2
3741255,2
3755338,2
3758253,2
3738273,2
3738430,2
3752621,2
3736659,2
3746907,2
3623560,2
3739481,2
3742239,2
3753721,2
3729867,2
3753812,2
3733980,2
3714397,2
3714333,2
3714334,2
3736859,2
3748343,2
3738775,2
3762469,2
3762468,2
3761446,2
3735920,2
3704784,30
3742693,2
3762735,2
3676460,2
3748577,2
3687834,2
3762745,2
3755873,2
3719027,2
3751449,2
3764550,2
3692100,2
3757361,2
3757320,2
3690749,2
3753232,2
3757414,2
3738967,2
3740254,2
3736233,2
3761830,2
3753287,2
3761811,2
3734907,2
3734728,2
3761863,2
3750445,2
3744792,2
3737620,2
3736343,2
3760551,2
3715609,2
3742027,2
3750573,2
3763486,2
3730676,2
3708257,2
3763574,2
3740745,2
3763609,2
3746508,2
3746548,2
3757899,2
3763610,2
3746708,2
3759154,2
3759159,2
3764912,2
3736561,2
3735459,2
3723902,2
3735229,2
3749457,2
3740842,2
3763906,2
3712778,2
3738256,2
3711215,2
3714009,2
3732946,2
3705671,2
3693376,2
3765249,2
3752852,2
3716193,2
3733981,2
3736013,2
3761461,2
3753920,2
3737101,2
3745557,2
3699123,2
3764259,2
3696325,2
3750128,2
3750130,2
3736026,2
3750175,2
3764403,2
3747285,2
3750274,2
3742800,2
3738827,2
3737242,2
3760016,2
3764467,2
3758826,2
3632612,2
3729088,2
3724733,2
3744571,2
3760128,2
3762859,2
3764589,2
3731819,2
3761678,2
3637130,2
3750444,2
3741865,2
3753191,2
3757346,2
3739037,2
3743329,2
3757506,2
3756125,2
3754576,2
3747622,2
3766061,2
3735096,2
3737763,2
3668351,2
3757685,2
3761918,2
3750596,2
3734932,2
3750646,2
3762003,2
3678776,2
3692754,2
3740897,2
3759118,2
3761977,2
3750667,2
3758019,2
3755183,2
3736624,2
3763808,2
3753595,2
3753670,2
3755258,2
3742240,2
3758137,2
3718465,2
3764961,2
3735245,2
3753571,2
3750874,2
3753606,2
3746908,2
3725470,2
3759519,2
3731314,2
3738747,2
3731245,2
3751258,2
3748342,2
3741696,2
3758641,2
3733261,2
3764404,2
3751518,2
3683113,2
3767282,2
3767286,2
3719130,2
3750314,2
3635571,29
3765821,2
3757347,2
3744650,2
3744694,2
3758841,2
3727759,2
3764631,2
3744768,2
3754692,2
3756099,2
3753208,2
3765996,2
3730677,2
3658213,2
3759066,2
3751989,2
3735019,2
3733532,2
3747778,2
3753360,2
3757811,2
3766349,2
3729291,2
3746605,2
3764809,2
3766456,2
3756329,2
3745064,2
3764911,2
3766356,2
3759192,2
3758058,2
3764992,2
3699714,2
3739480,2
3752465,2
3752416,2
3745151,2
3739396,2
3765065,2
3765023,2
3739521,2
3733869,2
3758284,2
3762247,2
3749884,2
3748110,2
3762320,2
3727108,2
3762342,2
3739617,2
3733044,2
3762385,2
3765248,2
3765254,2
3761462,2
3750047,2
3722904,2
3764350,2
3739886,2
3758597,2
3765454,2
3764417,2
3700245,2
3750150,2
3716187,2
3756977,2
3682362,2
3760017,2
3764466,2
3755932,2
3762804,2
3758800,2
3758847,2
3767373,2
3762817,2
3743047,2
3753243,2
3768593,2
3768723,2
3734479,2
3757638,2
3757684,2
3725004,2
3749191,2
3760467,2
3725005,2
3746329,2
3686853,2
3753376,2
3750542,2
3763301,2
3754927,2
3757787,2
3755221,2
3746549,2
3743927,2
3769419,2
3764899,2
3729868,2
3766592,2
3764991,2
3738165,2
3733644,2
3767807,2
3769482,2
3759393,2
3763827,2
3752494,2
3756525,2
3758252,2
3753742,2
3769697,2
3753714,2
3759291,2
3702704,2
3755457,2
3646155,2
3721333,2
3753769,2
3750887,2
3753713,2
3702779,2
3764151,2
3755673,2
3738651,2
3751145,2
3759670,2
3758640,2
3764258,2
3768205,2
3767131,2
3740042,2
3765455,2
3748553,2
3767202,2
3703155,2
3753064,2
3765629,2
3747382,2
3751477,2
3740066,2
3750313,2
3765630,2
3761629,2
3753182,2
3754311,2
3757080,2
3711879,2
3750357,2
3756060,2
3728741,2
3737206,2
3751693,2
3733337,2
3753220,2
3749012,2
3750348,2
3746314,2
3765928,2
3761810,2
3761854,2
3767498,2
3754733,2
3756080,2
3751920,2
3763359,2
3766130,2
3711008,2
3754744,2
3637193,2
3769024,2
3744814,2
3757788,2
3769101,2
3743444,2
3757937,2
3767702,2
3737983,2
3754840,2
3754928,2
3760916,2
3766534,2
3770581,2
3764841,2
3747832,2
3762121,2
3762171,2
3728117,2
3760992,2
3729896,2
3739488,2
3748073,2
3750932,2
3745194,2
3761199,2
3753682,2
3770794,2
3758473,2
3753811,2
3761376,2
3668816,2
3654745,2
3724488,2
3742733,2
3725469,2
3747268,2
3745582,2
3767144,2
3750149,2
3737021,2
3756792,2
3754109,2
3758766,2
3750192,2
3762805,2
3758767,2
3758796,2
3750224,2
3744639,2
3757108,2
3713572,2
3741928,2
3743219,2
3742035,2
3747704,2
3758977,2
3757512,2
3699416,2
3770448,2
3756172,2
3763451,2
3739235,2
3761991,2
3753430,2
3769264,2
3718083,2
3753402,2
3759155,2
3756328,2
3764900,2
3757812,2
3749456,2
3766422,2
3770599,2
3704028,2
3769442,2
3756407,2
3769515,2
3759310,2
3758345,2
3762223,2
3744174,2
3758519,2
3732781,2
3737020,2
3756671,2
3677681,2
3765502,2
3747250,2
3717540,2
3753076,2
3745600,2
3764472,2
3764471,2
3730457,2
3763087,2
3767416,2
3757456,2
3729321,2
3756123,2
3771573,2
3764632,2
3727758,2
3769055,2
3757710,2
3764696,2
3713758,2
3709672,2
3767597,2
3759011,2
3771839,2
3767593,2
3705190,2
3733412,2
3756320,2
3755027,2
3760783,2
3761973,2
3769243,2
3756319,2
3763656,2
3739437,2
3770605,2
3769418,2
3773392,2
3767859,2
3743976,2
3772327,2
3764997,2
3763905,2
3769514,2
3770726,2
3770727,2
3761274,2
3753723,2
3753728,2
3701761,2
3749852,2
3749997,2
3651921,2
3645341,2
3770851,2
3759612,2
3718936,2
3724563,2
3680451,2
3771082,2
3737084,2
3699101,2
3764351,2
3772875,2
3751259,2
3762746,2
3771356,2
3755993,2
3772958,2
3726082,2
3719132,2
3757360,2
3760067,2
3739027,2
3765889,2
3717787,2
3760140,2
3764733,2
3720617,2
3766062,2
3754649,2
3760514,2
3743387,2
3769019,2
3759188,2
3773301,2
3767643,2
3695260,2
3774783,2
3766348,2
3767632,2
3767676,2
3755042,2
3758024,2
3753501,2
3760744,2
3772205,2
3764960,2
3757887,2
3750696,2
3746737,2
3753683,2
3755513,2
3767883,2
3747999,2
3767892,2
3741324,2
3759347,2
3756464,2
3772468,2
3762260,2
3767947,2
3770772,2
3761275,2
3775377,2
3753800,2
3773677,2
3758441,2
3772722,2
3738523,2
3767130,2
3767103,2
3761415,2
3765194,2
3775599,2
3767058,2
3762415,2
3773930,2
3748331,2
3744439,2
3751292,2
3758580,2
3773956,2
3714398,2
3745521,2
3748426,2
3771202,2
3740026,2
3690878,2
3739998,2
3771201,2
3745805,2
3736102,2
3758787,2
3770183,2
3758772,2
3758788,2
3770212,2
3761646,2
3766013,2
3770165,2
3761674,2
3760093,2
3724876,2
3717853,2
3775993,2
3759013,2
3774488,2
3757667,2
3770350,2
3757617,2
3760581,2
3766131,2
3764734,2
3769054,2
3747718,2
3763378,2
3770447,2
3669827,2
3755000,2
3775008,2
3773316,2
3761992,2
3759217,2
3775085,2
3756367,2
3766466,2
3775109,2
3775049,2
3762051,2
3752388,2
3775151,2
3750827,2
3758177,2
3776347,2
3752617,2
3758162,2
3759292,2
3759356,2
3766752,2
3775378,2
3761151,2
3735612,2
3750953,2
3651891,2
3765165,2
3768275,2
3770013,2
3769918,2
3748330,2
3762494,2
3768423,2
3772967,2
3725951,2
3716227,2
3767285,2
3770108,2
3759953,2
3713410,2
3758776,2
3689083,2
3710723,2
3768594,2
3723114,2
3763088,2
3756011,2
3761645,2
3750373,2
3774487,2
3775932,2
3730530,2
3761702,2
3766173,2
3753221,2
3776023,2
3771926,2
3767491,2
3760419,2
3773287,2
3763259,2
3739124,2
3760591,2
3767560,2
3760640,2
3769149,2
3756244,2
3766337,2
3749162,2
3760745,2
3756333,2
3764893,2
3760930,2
3760867,2
3776238,2
3767825,2
3728116,2
3770606,2
3764998,2
3772335,2
3770676,2
3773555,2
3776370,2
3772336,2
3759399,2
3730944,2
3735559,2
3750863,2
3749603,2
3750883,2
3763903,2
3772552,2
3769819,2
3750988,2
3765255,2
3724490,2
3744382,2
3674671,2
3762414,2
3736997,2
3745554,2
3776698,2
3776703,2
3770044,2
3776798,2
3742783,2
3772905,2
3767283,2
3778652,2
3772957,2
3713469,2
3771497,2
3734823,2
3774516,2
3760304,2
3774353,2
3757457,2
3760305,2
3727823,2
3757511,2
3751921,2
3757488,2
3759105,2
3769120,2
3774726,2
3774725,2
3777575,2
3743628,2
3774784,2
3774794,2
3766450,2
3777781,2
3777810,2
3760866,2
3770457,2
3777772,2
3770498,2
3774889,2
3775072,2
3705414,2
3753558,2
3779094,2
3758136,2
3772328,2
3776331,2
3767855,2
3779194,2
3762025,2
3770774,2
3767893,2
3770793,2
3776418,2
3762259,2
3758512,2
3759398,2
3756567,2
3750865,2
3755647,2
3696061,2
3773738,2
3759561,2
3765164,2
3758576,2
3778442,2
3742583,2
3761445,2
3775618,2
3669075,2
3667984,2
3734142,2
3764315,2
3761474,2
3756985,2
3762585,2
3767143,2
3745731,2
3738934,2
3770113,2
3765698,2
3770109,2
3740090,2
3770112,2
3771376,2
3760066,2
3770211,2
3762958,2
3774352,2
3747494,2
3761707,2
3756100,2
3763334,2
3778846,2
3746330,2
3771707,2
3760129,2
3746071,2
3753368,2
3780207,2
3778919,2
3753319,2
3736404,2
3758941,2
3732299,2
3753426,2
3776092,2
3770458,2
3757879,2
3710981,2
3773391,2
3729353,2
3773352,2
3780634,2
3769265,2
3767770,2
3745110,2
3760993,2
3759183,2
3759286,2
3776269,2
3756403,2
3753500,2
3758010,2
3770627,2
3776346,2
3773590,2
3778215,2
3775315,2
3770696,2
3776393,2
3770739,2
3778177,2
3776369,2
3770709,2
3733764,2
3753665,2
3735561,2
3761282,2
3691389,2
3759536,2
3734029,2
3759671,2
3756861,2
3758577,2
3768101,2
3741554,2
3752996,2
3731313,2
3739999,2
3750107,2
3778651,2
3781430,2
3767230,2
3762943,2
3765900,2
3778688,2
3761804,2
3771723,2
3770349,2
3780208,2
3777391,2
3778815,2
3756140,2
3757489,2
3758978,2
3761862,2
3767559,2
3780283,2
3770402,2
3747715,2
3720848,2
3756243,2
3778944,2
3780633,2
3770549,2
3778970,2
3759152,2
3777868,2
3766336,2
3753594,2
3763807,2
3781998,2
3775316,2
3762122,2
3756492,2
3770738,2
3781054,2
3758421,2
3772544,2
3769640,2
3749770,2
3761198,2
3745187,2
3671607,2
3739881,2
3782366,2
3776699,2
3778526,2
3782586,2
3775714,2
3765377,2
3727513,2
3776864,2
3767201,2
3773947,2
3765549,2
3771249,2
3776950,2
3730333,2
3781431,2
3762826,2
3777089,2
3724789,2
3777115,2
3750225,2
3778638,2
3762816,2
3758799,2
3778707,2
3782898,2
3764551,2
3755994,2
3765899,2
3771616,2
3782907,2
3775971,2
3719319,2
3758906,2
3766169,2
3773200,2
3783126,2
3773278,2
3773288,2
3774734,2
3777536,2
3762002,2
3772103,2
3760582,2
3766455,2
3766331,2
3776170,2
3760931,2
3770631,2
3777661,2
3773396,2
3780599,2
3777897,2
3766510,2
3766533,2
3772204,2
3779157,2
3755243,2
3781952,2
3769483,2
3773381,2
3767826,2
3778178,2
3725337,2
3776338,2
3750864,2
3753669,2
3749443,2
3753741,2
3676317,2
3755616,2
3768100,2
3683007,2
3693453,2
3764314,2
3758596,2
3759606,2
3666146,2
3739812,2
3745748,2
3736081,2
3758773,2
3768462,2
3733073,2
3781500,2
3744655,2
3778689,2
3771463,2
3782933,2
3782934,2
3766017,2
3653927,2
3764697,2
3761907,2
3756148,2
3756126,2
3746126,2
3750489,2
3778899,2
3778898,2
3774793,2
3759158,2
3784623,2
3783307,2
3684027,2
3780401,2
3766509,2
3759104,2
3703860,2
3772230,2
3733666,2
3776204,2
3763731,2
3776268,2
3776205,2
3763732,2
3777802,2
3743696,2
3766465,2
3767856,2
3780958,2
3775177,2
3762157,2
3762158,2
3744173,2
3762170,2
3724176,2
3770784,2
3783840,2
3749604,2
3772543,2
3763904,2
3773591,2
3759344,2
3776355,2
3783841,2
3781194,2
3773656,2
3680144,2
3682058,2
3778462,2
3727383,2
3782348,2
3775617,2
3779516,2
3781376,2
3784229,2
3731380,2
3767199,2
3784293,2
3758702,2
3778657,2
3771437,2
3750396,2
3782897,2
3785667,2
3781638,2
3784414,2
3760251,2
3783022,2
3774515,2
3754341,2
3750358,2
3778808,2
3761831,2
3771838,2
3729087,2
3767642,2
3739277,2
3766330,2
3777556,2
3777627,2
3777628,2
3783306,2
3777576,2
3783424,2
3767631,2
3744917,2
3767672,2
3766523,2
3781838,2
3776203,2
3781839,2
3763655,2
3784731,2
3779086,2
3784792,2
3760762,2
3784713,2
3780822,2
3784763,2
3755188,2
3767882,2
3784895,2
3776325,2
3780761,2
3759357,2
3741298,2
3778170,2
3684513,2
3769636,2
3767948,2
3752819,2
3781091,2
3772721,2
3691450,2
3755674,2
3779356,2
3750114,2
3669076,2
3731494,2
3684844,2
3751193,2
3771014,2
3768204,2
3771026,2
3740071,2
3779747,2
3717754,2
3779746,2
3765697,2
3767215,2
3740070,2
3784322,2
3778627,2
3672192,2
3778730,2
3765890,2
3765923,2
3784454,2
3736337,2
3693667,2
3765863,2
3763485,2
3770326,2
3780241,2
3775972,2
3754648,2
3778897,2
3736318,2
3771722,2
3703861,2
3769100,2
3787440,2
3784732,2
3767703,2
3752053,2
3783411,2
3781787,2
3786254,2
3756402,2
3728100,2
3787505,2
3746509,2
3779167,2
3778032,2
3787646,2
3784791,2
3786572,2
3770630,2
3767843,2
3779154,2
3733824,2
3776326,2
3750966,2
3778159,2
3775456,2
3769818,2
3770849,2
3748153,2
3752893,2
3785073,2
3781244,2
3756978,2
3771089,2
3775663,2
3770087,2
3782313,2
3782646,2
3758717,2
3765504,2
3787095,2
3744590,2
3787149,2
3785536,2
3697833,2
3781499,2
3770164,2
3773171,2
3781622,2
3784512,2
3781680,2
3773138,2
3766016,2
3777558,2
3780145,2
3788843,2
3777557,2
3756149,2
3770403,2
3764865,2
3783372,2
3781844,2
3766136,2
3784689,2
3787512,2
3758009,2
3780712,2
3787532,2
3770488,2
3786270,2
3787504,2
3766386,2
3744928,2
3770598,2
3780855,2
3776179,2
3784714,2
3789268,2
3770541,2
3769242,2
3789158,2
3746551,2
3784740,2
3789332,2
3753568,2
3779168,2
3787597,2
3782049,2
3762224,2
3766852,2
3782123,2
3776394,2
3762341,2
3753739,2
3765081,2
3765114,2
3776597,2
3782303,2
3759708,2
3787056,2
3789868,2
3776752,2
3781332,2
3770014,2
3787069,2
3781463,2
3781462,2
3788185,2
3784199,2
3774084,2
3771414,2
3771357,2
3750212,2
3757107,2
3777090,2
3697819,2
3771424,2
3773032,2
3788518,2
3778779,2
3784423,2
3787287,2
3757639,2
3744591,2
3785920,2
3719270,2
3778901,2
3788849,2
3781688,2
3781669,2
3774653,2
3777499,2
3648240,2
3766170,2
3773228,2
3784637,2
3780457,2
3774807,2
3783410,2
3789029,2
3790289,2
3776206,2
3777771,2
3757838,2
3783486,2
3773395,2
3767765,2
3773380,2
3696870,2
3779091,2
3790425,2
3780711,2
3787616,2
3775122,2
3733656,2
3775108,2
3764972,2
3776312,2
3790482,2
3790536,2
3782057,2
3787781,2
3730005,2
3786732,2
3759487,2
3762319,2
3762367,2
3786900,2
3779355,2
3694288,2
3750017,2
3782304,2
3778461,2
3790922,2
3772817,2
3759709,2
3781438,2
3776806,2
3757150,2
3768355,2
3767229,2
3762757,2
3716300,2
3778593,2
3772933,2
3776964,2
3781612,2
3767441,2
3757079,2
3765995,2
3777165,2
3736082,2
3760478,2
3768732,2
3760492,2
3783125,2
3773201,2
3777392,2
3760472,2
3778934,2
3781724,2
3781791,2
3786100,2
3755026,2
3783425,2
3776248,2
3781843,2
3767673,2
3790406,2
3772135,2
3745015,2
3790424,2
3791948,2
3784764,2
3770580,2
3775073,2
3792102,2
3790407,2
3733655,2
3792159,2
3764943,2
3789335,2
3756493,2
3779220,2
3762111,2
3781967,2
3784896,2
3781036,2
3786721,2
3769850,2
3773523,2
3787743,2
3778284,2
3733832,2
3750965,2
3770852,2
3785074,2
3747198,2
3759562,2
3782365,2
3748285,2
3789809,2
3765344,2
3762586,2
3769917,2
3784230,2
3776863,2
3754110,2
3744398,2
3770043,2
3787094,2
3784207,2
3792726,2
3755981,2
3776906,2
3771438,2
3775679,2
3789925,2
3757186,2
3761552,2
3782671,2
3741795,2
3776961,2
3778637,2
3768422,2
3753233,2
3782866,2
3790035,2
3758890,2
3777164,2
3742004,2
3782998,2
3782997,2
3731731,2
3768786,2
3788765,2
3758942,2
3774460,2
3663776,2
3732052,2
3778918,2
3712524,2
3790254,2
3780402,2
3785954,2
3757711,2
3781790,2
3786188,2
3787490,2
3771927,2
3757730,2
3781870,2
3764837,2
3790369,2
3766524,2
3777809,2
3791914,2
3792054,2
3782013,2
3786340,2
3758107,2
3793252,2
3786590,2
3764958,2
3761049,2
3781871,2
3753586,2
3765021,2
3784825,2
3793366,2
3792149,2
3776330,2
3781085,2
3712966,2
3763854,2
3786589,2
3772429,2
3782099,2
3765017,2
3781112,2
3787782,2
3742417,2
3671710,2
3704724,30
3745335,2
3730201,2
3792654,2
3748329,2
3750093,2
3781280,2
3781381,2
3750201,2
3784206,2
3782587,2
3788186,2
3787150,2
3755933,2
3791071,2
3767255,2
3788249,2
3784264,2
3663497,2
3771377,2
3790034,2
3782908,2
3788392,2
3787197,2
3778778,2
3790136,2
3788568,2
3767360,2
3768909,2
3781626,2
3771464,2
3781577,2
3675445,2
3763098,2
3790132,2
3788890,2
3791602,2
3791544,2
3770259,2
3752054,2
3769045,2
3791681,2
3776091,2
3766357,2
3787456,2
3723849,2
3787511,2
3786255,2
3762133,2
3780620,2
3757880,2
3779100,2
3777898,2
3773300,2
3790400,2
3793206,2
3787581,2
3767785,2
3794827,2
3781999,2
3783706,2
3749605,2
3789311,2
3789393,2
3786485,2
3760921,2
3733729,2
3793354,2
3784741,2
3783759,2
3790574,2
3790575,2
3782056,2
3782098,2
3775521,2
3770850,2
3727289,2
3676189,2
3724525,2
3748216,2
3771015,2
3768308,2
3759607,2
3793792,2
3663498,2
3680544,2
3792733,2
3736135,2
3745624,2
3794066,2
3795726,2
3795645,2
3785666,2
3784334,2
3780144,2
3767361,2
3758842,2
3794268,2
3736136,2
3768654,2
3755982,2
3746070,2
3795825,2
3781727,2
3785919,2
3780318,2
3792988,2
3777537,2
3795990,2
3784595,2
3790306,2
3787557,2
3787531,2
3784655,2
3764825,2
3776105,2
3790351,2
3779099,2
3766243,2
3792000,2
3758031,2
3786406,2
3757900,2
3790379,2
3762110,2
3789175,2
3787656,2
3767760,2
3769451,2
3781987,2
3793352,2
3793328,2
3793402,2
3783785,2
3743881,2
3783795,2
3793355,2
3761056,2
3766855,2
3779259,2
3772551,2
3783988,2
3778285,2
3756582,2
3761416,2
3784163,2
3786899,2
3793625,2
3738650,2
3759632,2
3779550,2
3786960,2
3779517,2
3759631,2
3793737,2
3793711,2
3795573,2
3788084,2
3775598,2
3788083,2
3793701,2
3770089,2
3776753,2
3707832,2
3765550,2
3770010,2
3770053,2
3793823,2
3795586,2
3754342,2
3712035,2
3791075,2
3774200,2
3730456,2
3782670,2
3781439,2
3764576,2
3795725,2
3743200,2
3791199,2
3778686,2
3796824,2
3795680,2
3710577,2
3772997,2
3797272,2
3795824,2
3795889,2
3767538,2
3794533,2
3774654,2
3740487,2
3783053,2
3767497,2
3770363,2
3786099,2
3756270,2
3788850,2
3794583,2
3787453,2
3757666,2
3738017,2
3796023,2
3787524,2
3792103,2
3739196,2
3787447,2
3790361,2
3797694,2
3794862,2
3770567,2
3794949,2
3796137,2
3780504,2
3786634,2
3792055,2
3770548,2
3778154,2
3783705,2
3787651,2
3783878,2
3778031,2
3786615,2
3786706,2
3782113,2
3784961,2
3778324,2
3778386,2
3772467,2
3764203,2
3789719,2
3770848,2
3750006,2
3779583,2
3671612,2
3755671,2
3778443,2
3795533,2
3770011,2
3793626,2
3771027,2
3795532,2
3795583,2
3745549,2
3772818,2
3776790,2
3759867,2
3788250,2
3740027,2
3756973,2
3776799,2
3789924,2
3796766,2
3795619,2
3757187,2
3796962,2
3794065,2
3792883,2
3795777,2
3775828,2
3788492,2
3775931,2
3783161,2
3787283,2
3794267,2
3778945,2
3757837,2
3747716,2
3766387,2
3743629,2
3726681,2
3779024,2
3754965,2
3791937,2
3780598,2
3766449,2
3775152,2
3699744,2
3764836,2
3797693,2
3778158,2
3773342,2
3794826,2
3763573,2
3796147,2
3772432,2
3765113,2
3796240,2
3775178,2
3799042,2
3781037,2
3738372,2
3783794,2
3783879,2
3776503,2
3753813,2
3784067,2
3793712,2
3796403,2
3781333,2
3771083,2
3739868,2
3790923,2
3784253,2
3784292,2
3782472,2
3791070,2
3777108,2
3762827,2
3765441,2
3785494,2
3719093,2
3799821,2
3794188,2
3762959,2
3759065,2
3781701,2
3775984,2
3794523,2
3769018,2
3797556,2
3794702,2
3772102,2
3774818,2
3777662,2
3759179,2
3800452,2
3769351,2
3794937,2
3753559,2
3789354,2
3793205,2
3772134,2
3790399,2
3796200,2
3793311,2
3784836,2
3799043,2
3770740,2
3745161,2
3780959,2
3790594,2
3790504,2
3786616,2
3798127,2
3783894,2
3773655,2
3758450,2
3800980,2
3755576,2
3750038,2
3772733,2
3759518,2
3773737,2
3787988,2
3782347,2
3792663,2
3799503,2
3768354,2
3798410,2
3788233,2
3721784,2
3764418,2
3781520,2
3775839,2
3773031,2
3774201,2
3780051,2
3799820,2
3788548,2
3799868,2
3787258,2
3796975,2
3797037,2
3767417,2
3792987,2
3787286,2
3800095,2
3781723,2
3780242,2
3746127,2
3780146,2
3750597,2
3784510,2
3781681,2
3773298,2
3774680,2
3791682,2
3780547,2
3793169,2
3779023,2
3798862,2
3791664,2
3721044,2
3790378,2
3784638,2
3800449,2
3784748,2
3781851,2
3796119,2
3782004,2
3783539,2
3800574,2
3800582,2
3790350,2
3783760,2
3797891,2
3782092,2
3786407,2
3798029,2
3801948,2
3787718,2
3797977,2
3784928,2
3786571,2
3793349,2
3798028,2
3776431,2
3789720,2
3759762,2
3802070,2
3790793,2
3798285,2
3789778,2
3793775,2
3801157,2
3793799,2
3770103,2
3801297,2
3801288,2
3772936,2
3801298,2
3776982,2
3799636,2
3775827,2
3782647,2
3788623,2
3797036,2
3778633,2
3763097,2
3764663,2
3795778,2
3778902,2
3788595,2
3775994,2
3765884,2
3797274,2
3797273,2
3794252,2
3790157,2
3800232,2
3742131,2
3797330,2
3787404,2
3779029,2
3795991,2
3798799,2
3797607,2
3764801,2
3787502,2
3764895,2
3746537,2
3791985,2
3791796,2
3798868,2
3796024,2
3787637,2
3760779,2
3801778,2
3798959,2
3800581,2
3780619,2
3795012,2
3780821,2
3798958,2
3786584,2
3794988,2
3798990,2
3786486,2
3749549,2
3776311,2
3798939,2
3772428,2
3793372,2
3766579,2
3772407,2
3787709,2
3776337,2
3799075,2
3782014,2
3790571,2
3797956,2
3787749,2
3795078,2
3793472,2
3786714,2
3718866,2
3795383,2
3785093,2
3759658,2
3782314,2
3759589,2
3781246,2
3727410,2
3771088,2
3799344,2
3788165,2
3761660,2
3791125,2
3801289,2
3787057,2
3792764,2
3802484,2
3798404,2
3792874,2
3804171,2
3785288,2
3798468,2
3731469,2
3795681,2
3773134,2
3802687,2
3788302,2
3798539,2
3756059,2
3744695,2
3777419,2
3791517,2
3753295,2
3795817,2
3791384,2
3800233,2
3788844,2
3798802,2
3793031,2
3771728,2
3777266,2
3784643,2
3791819,2
3793106,2
3804486,2
3778971,2
3784589,2
3791938,2
3804609,2
3790463,2
3784622,2
3780579,2
3796088,2
3801801,2
3801835,2
3804695,2
3770714,2
3767761,2
3787679,2
3803475,2
3764942,2
3790551,2
3787763,2
3799076,2
3779285,2
3789574,2
3786633,2
3786705,2
3799134,2
3803739,2
3801009,2
3758474,2
3803917,2
3803918,2
3781287,2
3776791,2
3775664,2
3789813,2
3781337,2
3795584,2
3789810,2
3804053,2
3798405,2
3799725,2
3795578,2
3802456,2
3741756,2
3776891,2
3791252,2
3788303,2
3802455,2
3784282,2
3801327,2
3788514,2
3771530,2
3794100,2
3791198,2
3778674,2
3795833,2
3783021,2
3758907,2
3797265,2
3784438,2
3801603,2
3787265,2
3768908,2
3793061,2
3786000,2
3698125,2
3802996,2
3776006,2
3787448,2
3791913,2
3804487,2
3797471,2
3789066,2
3797540,2
3789233,2
3796095,2
3801836,2
3793213,2
3767552,2
3797692,2
3800617,2
3797757,2
3789312,2
3796199,2
3780762,2
3804657,2
3784799,2
3799069,2
3795114,2
3779189,2
3799068,2
3804798,2
3770708,2
3797957,2
3787784,2
3800979,2
3790636,2
3772732,2
3790688,2
3785220,2
3781217,2
3771146,2
3751194,2
3798426,2
3765195,2
3742692,2
3765440,2
3795653,2
3792877,2
3798484,2
3792813,2
3798556,2
3802686,2
3799867,2
3788513,2
3778814,2
3804350,2
3785493,2
3790133,2
3794180,2
3804357,2
3804358,2
3800094,2
3798704,2
3791603,2
3798734,2
3777522,2
3756124,2
3791543,2
3805887,2
3795961,2
3787429,2
3807377,2
3783373,2
3797579,2
3764731,2
3807378,2
3793194,2
3794795,2
3794686,2
3797587,2
3794664,2
3796138,2
3770697,2
3772064,2
3789197,2
3796195,2
3796096,2
3789052,2
3806235,2
3803571,2
3800636,2
3786430,2
3789232,2
3756524,2
3803476,2
3770566,2
3807541,2
3804716,2
3804691,2
3793444,2
3801966,2
3792331,2
3781083,2
3795300,2
3786885,2
3767059,2
3779357,2
3776907,2
3796767,2
3784413,2
3805425,2
3795646,2
3804227,2
3807060,2
3789979,2
3804228,2
3775889,2
3797072,2
3804340,2
3788517,2
3767508,2
3800065,2
3761805,2
3794332,2
3785645,2
3770184,2
3795788,2
3793030,2
3789065,2
3807374,2
3794582,2
3806022,2
3804492,2
3804525,2
3774731,2
3760585,2
3794701,2
3804561,2
3759095,2
3797588,2
3798831,2
3804556,2
3798952,2
3786307,2
3804554,2
3796070,2
3796118,2
3789157,2
3780610,2
3800853,2
3807553,2
3804713,2
3801935,2
3801922,2
3806477,2
3783540,2
3807546,2
3776419,2
3801018,2
3801921,2
3781090,2
3792330,2
3793445,2
3773522,2
3718937,2
3776523,2
3779675,2
3792644,2
3776724,2
3806850,2
3799502,2
3802331,2
3789814,2
3772906,2
3781382,2
3808192,2
3764423,2
3771340,2
3778594,2
3799860,2
3788491,2
3739024,2
3771341,2
3794305,2
3788673,2
3798733,2
3810057,2
3771680,2
3771679,2
3807221,2
3801565,2
3808806,2
3805914,2
3800308,2
3803165,2
3790377,2
3773317,2
3804622,2
3801687,2
3796087,2
3797608,2
3803419,2
3759207,2
3787650,2
3804655,2
3797796,2
3750910,2
3796184,2
3804712,2
3806412,2
3804724,2
3804647,2
3806476,2
3787636,2
3784914,2
3799124,2
3790595,2
3795176,2
3793367,2
3804821,2
3764202,2
3750888,2
3732945,2
3776506,2
3781243,2
3804913,2
3696160,2
3806781,2
3784068,2
3744383,2
3798286,2
3779606,2
3799381,2
3801158,2
3793824,2
3808036,2
3791161,2
3808035,2
3805278,2
3801328,2
3791074,2
3798365,2
3808193,2
3798483,2
3776793,2
3770151,2
3764577,2
3774033,2
3798557,2
3811250,2
3767305,2
3722018,2
3773002,2
3808494,2
3754525,2
3710578,2
3774431,2
3771813,2
3807222,2
3784513,2
3807290,2
3784644,2
3808727,2
3805910,2
3808807,2
3793110,2
3794553,2
3803066,2
3790402,2
3810207,2
3791856,2
3798800,2
3801602,2
3801701,2
3786147,2
3807375,2
3804560,2
3797734,2
3806100,2
3809091,2
3798924,2
3794948,2
3810340,2
3797555,2
3800618,2
3804605,2
3790368,2
3801812,2
3797797,2
3809055,2
3807458,2
3792150,2
3809221,2
3804737,2
3778155,2
3781946,2
3761030,2
3752151,2
3799029,2
3732780,2
3806651,2
3795175,2
3807680,2
3798201,2
3801997,2
3779297,2
3787981,2
3779409,2
3785289,2
3789777,2
3781354,2
3795494,2
3767098,2
3762742,2
3812678,2
3802495,2
3793918,2
3796825,2
3785464,2
3799766,2
3778632,2
3790146,2
3802632,2
3802728,2
3791536,2
3809994,2
3778847,2
3811458,2
3788672,2
3812889,2
3805898,2
3810086,2
3801645,2
3803052,2
3778809,2
3803065,2
3804524,2
3811786,2
3759208,2
3790339,2
3809020,2
3809064,2
3806234,2
3789196,2
3793258,2
3795110,2
3806378,2
3803582,2
3807540,2
3793257,2
3801886,2
3806270,2
3807492,2
3792136,2
3809233,2
3786707,2
3812192,2
3796239,2
3804800,2
3796377,2
3779290,2
3803916,2
3758511,2
3792551,2
3810642,2
3793700,2
3793522,2
3812475,2
3813586,2
3792655,2
3804042,2
3793708,2
3744483,2
3759763,2
3792699,2
3799409,2
3775715,2
3802332,2
3809811,2
3790015,2
3748554,2
3787196,2
3809953,2
3760452,2
3804351,2
3777420,2
3791430,2
3812890,2
3795813,2
3798730,2
3776064,2
3808661,2
3810248,2
3811796,2
3804621,2
3803317,2
3790418,2
3813151,2
3806331,2
3810414,2
3814822,2
3786371,2
3807524,2
3806449,2
3795148,2
3787744,2
3802016,2
3799165,2
3799195,2
3741516,2
3781318,2
3806865,2
3756892,2
3787982,2
3806944,2
3782459,2
3795553,2
3805352,2
3799579,2
3682351,2
3805520,2
3807071,2
3808248,2
3766174,2
3683623,2
3808530,2
3773172,2
3797140,2
3773109,2
3788622,2
3781656,2
3808529,2
3790247,2
3781689,2
3805897,2
3778894,2
3807380,2
3810224,2
3807337,2
3815926,2
3803420,2
3775084,2
3807414,2
3810214,2
3809128,2
3815998,2
3809065,2
3762071,2
3814816,2
3804654,2
3801802,2
3752310,2
3799058,2
3806587,2
3813252,2
3782003,2
3804779,2
3803716,2
3739537,2
3810479,2
3775520,2
3688791,2
3813458,2
3691706,2
3795427,2
3798364,2
3804912,2
3807950,2
3789869,2
3798309,2
3799382,2
3805160,2
3795579,2
3798467,2
3705948,2
3772998,2
3794101,2
3801389,2
3779978,2
3784363,2
3798496,2
3690879,2
3784321,2
3795812,2
3810085,2
3760493,2
3776007,2
3813014,2
3802978,2
3814426,2
3798776,2
3772065,2
3811787,2
3724991,2
3811797,2
3817309,2
3790253,2
3808951,2
3784808,2
3797695,2
3809141,2
3814815,2
3792032,2
3804658,2
3809232,2
3810275,2
3810415,2
3795077,2
3766785,2
3804767,2
3786583,2
3803583,2
3801913,2
3803775,2
3804801,2
3801040,2
3807721,2
3775511,2
3818111,2
3799316,2
3775615,2
3782200,2
3756974,2
3761475,2
3781355,2
3788234,2
3795554,2
3808249,2
3813856,2
3802582,2
3818271,2
3818282,2
3793917,2
3818345,2
3802643,2
3784371,2
3801436,2
3807008,2
3802993,2
3816995,2
3805737,2
3794251,2
3802826,2
3774638,2
3793027,2
3771812,2
3794543,2
3795973,2
3794552,2
3768787,2
3784605,2
3817293,2
3790305,2
3773353,2
3817308,2
3766038,2
3815898,2
3806099,2
3810213,2
3817503,2
3806213,2
3813125,2
3770489,2
3812038,2
3813150,2
3813253,2
3811872,2
3807523,2
3795115,2
3811988,2
3812154,2
3818783,2
3735560,2
3813233,2
3809268,2
3798126,2
3792550,2
3779271,2
3815133,2
3745160,2
3815266,2
3778387,2
3782101,2
3815206,2
3789721,2
3789806,2
3742731,2
3782473,2
3819164,2
3801175,2
3752853,2
3815402,2
3810765,2
3812651,2
3767374,2
3724721,2
3809838,2
3798425,2
3809812,2
3791102,2
3807003,2
3813849,2
3799637,2
3804151,2
3788257,2
3785513,2
3813965,2
3802483,2
3770090,2
3814051,2
3809980,2
3818417,2
3810003,2
3788766,2
3801566,2
3795868,2
3765862,2
3787386,2
3794480,2
3800573,2
3810206,2
3813091,2
3813090,2
3801709,2
3801702,2
3818736,2
3797625,2
3813133,2
3818784,2
3799028,2
3806271,2
3798897,2
3736616,2
3812081,2
3815999,2
3814997,2
3811918,2
3810391,2
3812205,2
3800810,2
3803634,2
3803740,2
3795299,2
3790635,2
3796378,2
3816118,2
3797872,2
3818953,2
3818960,2
3807873,2
3792552,2
3798278,2
3807949,2
3787872,2
3804007,2
3790893,2
3795585,2
3798403,2
3808181,2
3801367,2
3770152,2
3778685,2
3812633,2
3750311,2
3802581,2
3814052,2
3813923,2
3809962,2
3693674,2
3814171,2
3795816,2
3787306,2
3804348,2
3814335,2
3695303,2
3787257,2
3788635,2
3783416,2
3804553,2
3804341,2
3758923,2
3793149,2
3818552,2
3815741,2
3805909,2
3794685,2
3774844,2
3813046,2
3814527,2
3820134,2
3787680,2
3813106,2
3803279,2
3810242,2
3808872,2
3744761,2
3793212,2
3724992,2
3813044,2
3801789,2
3810341,2
3813172,2
3797682,2
3809142,2
3810328,2
3792035,2
3806411,2
3818735,2
3816028,2
3821698,2
3818813,2
3801936,2
3806563,2
3813297,2
3810392,2
3820809,2
3818954,2
3809269,2
3806650,2
3783897,2
3820718,2
3795384,2
3784929,2
3807720,2
3776505,2
3748298,2
3798272,2
3781247,2
3716049,2
3806886,2
3809743,2
3819165,2
3798347,2
3812510,2
3781288,2
3815398,2
3816419,2
3808083,2
3821081,2
3759866,2
3813966,2
3767329,2
3821202,2
3821201,2
3809898,2
3788567,2
3819620,2
3821229,2
3821228,2
3804240,2
3788547,2
3783054,2
3791289,2
3797067,2
3809979,2
3785955,2
3790076,2
3821329,2
3817074,2
3815690,2
3807187,2
3814334,2
3812924,2
3788889,2
3815805,2
3795936,2
3787441,2
3804552,2
3781786,2
3741258,2
3811914,2
3810305,2
3793195,2
3813124,2
3807465,2
3807457,2
3794996,2
3814850,2
3804676,2
3807545,2
3807552,2
3803635,2
3792345,2
3810395,2
3821730,2
3814998,2
3806564,2
3817828,2
3817827,2
3815184,2
3821759,2
3789327,2
3802053,2
3751123,2
3801176,2
3818112,2
3786961,2
3790794,2
3823830,2
3808084,2
3822089,2
3822128,2
3805467,2
3798497,2
3798542,2
3797029,2
3794181,2
3791429,2
3808493,2
3746198,2
3761853,2
3803123,2
3810058,2
3800429,2
3812967,2
3790340,2
3722297,2
3754734,2
3812992,2
3820209,2
3803316,2
3817340,2
3795926,2
3804606,2
3804541,2
3817496,2
3813081,2
3793253,2
3809180,2
3812010,2
3810298,2
3811915,2
3769637,2
3821617,2
3821613,2
3821692,2
3779270,2
3816142,2
3799059,2
3804768,2
3799191,2
3818825,2
3824611,2
3816143,2
3818812,2
3815226,2
3795111,2
3817975,2
3801908,2
3821813,2
3820810,2
3781084,2
3820699,2
3812337,2
3796339,2
3795093,2
3823680,2
3823679,2
3792549,2
3784938,2
3815279,2
3790687,2
3803992,2
3785094,2
3804954,2
3798273,2
3784252,2
3815407,2
3750084,2
3805078,2
3822090,2
3815434,2
3776792,2
3806887,2
3798502,2
3825177,2
3819403,2
3793800,2
3798395,2
3792812,2
3808317,2
3765503,2
3777107,2
3792765,2
3821213,2
3802729,2
3774430,2
3824152,2
3818416,2
3818528,2
3821330,2
3794524,2
3807291,2
3781819,2
3814481,2
3787503,2
3818611,2
3810175,2
3813013,2
3791947,2
3818682,2
3818656,2
3822967,2
3823074,2
3786189,2
3817479,2
3810343,2
3801790,2
3821563,2
3826061,2
3821630,2
3824418,2
3820362,2
3823233,2
3818816,2
3817639,2
3810329,2
3804780,2
3809326,2
3799197,2
3813226,2
3821693,2
3810470,2
3803776,2
3799196,2
3810532,2
3801949,2
3812372,2
3793491,2
3810576,2
3818970,2
3819100,2
3821871,2
3770945,2
3819101,2
3813531,2
3813532,2
3823828,2
3823827,2
3779408,2
3769982,2
3824910,2
3810859,2
3804052,2
3804172,2
3798430,2
3802631,2
3812689,2
3795759,2
3809839,2
3805321,2
3808402,2
3805521,2
3824106,2
3797066,2
3808518,2
3793053,2
3824235,2
3812946,2
3710724,2
3808684,2
3800430,2
3793111,2
3820112,2
3793054,2
3811675,2
3822909,2
3812956,2
3810243,2
3793034,2
3821501,2
3761908,2
3800453,2
3791733,2
3798898,2
3794866,2
3825949,2
3815927,2
3821497,2
3813161,2
3817582,2
3825948,2
3804677,2
3800623,2
3796069,2
3800595,2
3812037,2
3796111,2
3780578,2
3814968,2
3812206,2
3800554,2
3826295,2
3804788,2
3827394,2
3812153,2
3759453,2
3793329,2
3775455,2
3798162,2
3814967,2
3826428,2
3812200,2
3781113,2
3772740,2
3803919,2
3826562,2
3793524,2
3798294,2
3818080,2
3826689,2
3816408,2
3750106,2
3816420,2
3805161,2
3807007,2
3805426,2
3791130,2
3802263,2
3767306,2
3826796,2
3828059,2
3791255,2
3816910,2
3814081,2
3798541,2
3757111,2
3825435,2
3824209,2
3794534,2
3825712,2
3804479,2
3794808,2
3793148,2
3806267,2
3813080,2
3797683,2
3804540,2
3801779,2
3824393,2
3823146,2
3828898,2
3820445,2
3803370,2
3823234,2
3828844,2
3809066,2
3828869,2
3790290,2
3824441,2
3824555,2
3790429,2
3792001,2
3818826,2
3814849,2
3807679,2
3800854,2
3813352,2
3816188,2
3731036,2
3818097,2
3744397,2
3816247,2
3826597,2
3793738,2
3762384,2
3804955,2
3786939,2
3805079,2
3812582,2
3795495,2
3815433,2
3813553,2
3792734,2
3774099,2
3806943,2
3774271,2
3819376,2
3822268,2
3781377,2
3771423,2
3785535,2
3828044,2
3826865,2
3812767,2
3811157,2
3812708,2
3811166,2
3818393,2
3810002,2
3816982,2
3807055,2
3797028,2
3802533,2
3816983,2
3824148,2
3816977,2
3800077,2
3810078,2
3802827,2
3822689,2
3807279,2
3829869,2
3818617,2
3798797,2
3780288,2
3828662,2
3825756,2
3790273,2
3798759,2
3821481,2
3791575,2
3824231,2
3776104,2
3813111,2
3794863,2
3828959,2
3798830,2
3809122,2
3828848,2
3812009,2
3820254,2
3828849,2
3828845,2
3828791,2
3817583,2
3804649,2
3818780,2
3797580,2
3817672,2
3810441,2
3830194,2
3821761,2
3830193,2
3826383,2
3827367,2
3827401,2
3813365,2
3821729,2
3821674,2
3807610,2
3818945,2
3827444,2
3773631,2
3804993,2
3827551,2
3818096,2
3810651,2
3769983,2
3798337,2
3829535,2
3827746,2
3792700,2
3813601,2
3816471,2
3816563,2
3805271,2
3827897,2
3802264,2
3805298,2
3799586,2
3767328,2
3813922,2
3829743,2
3812768,2
3812757,2
3784467,2
3821290,2
3761708,2
3781627,2
3829868,2
3802984,2
3810165,2
3822888,2
3828635,2
3822940,2
3831439,2
3820187,2
3831669,2
3821502,2
3828857,2
3824419,2
3818683,2
3800651,2
3807452,2
3769223,2
3830058,2
3794809,2
3813110,2
3818883,2
3814821,2
3823344,2
3831816,2
3824504,2
3809127,2
3783417,2
3830169,2
3830235,2
3810361,2
3821753,2
3824605,2
3810527,2
3807631,2
3824649,2
3809352,2
3827386,2
3817976,2
3813353,2
3815227,2
3793521,2
3830355,2
3799315,2
3829454,2
3826590,2
3823861,2
3793776,2
3810855,2
3809744,2
3792662,2
3801182,2
3805270,2
3704809,30
3761488,2
3821108,2
3812636,2
3826774,2
3828043,2
3826871,2
3805606,2
3824065,2
3726081,2
3802997,2
3812865,2
3824137,2
3812843,2
3798707,2
3790274,2
3824208,2
3819935,2
3777523,2
3724738,2
3774843,2
3821496,2
3766127,2
3831473,2
3785931,2
3831541,2
3831570,2
3807464,2
3824442,2
3812993,2
3831571,2
3823244,2
3798951,2
3828943,2
3828944,2
3820495,2
3829043,2
3832978,2
3820531,2
3826299,2
3824547,2
3826340,2
3817859,2
3810469,2
3827455,2
3804845,2
3823659,2
3776504,2
3807741,2
3727375,2
3748427,2
3815331,2
3767097,2
3793523,2
3820925,2
3806860,2
3786938,2
3773929,2
3778489,2
3802372,2
3830888,2
3825163,2
3825162,2
3823929,2
3798501,2
3805322,2
3822269,2
3794021,2
3825176,2
3828011,2
3805401,2
3827898,2
3830877,2
3819475,2
3830889,2
3788634,2
3787282,2
3829739,2
3819963,2
3808517,2
3831270,2
3828514,2
3811648,2
3828549,2
3774637,2
3812945,2
3822863,2
3827149,2
3831540,2
3828634,2
3825755,2
3823011,2
3825979,2
3809067,2
3823145,2
3823023,2
3815956,2
3813255,2
3823255,2
3810433,2
3832967,2
3825976,2
3831815,2
3832966,2
3826292,2
3830234,2
3817673,2
3800809,2
3824610,2
3820744,2
3800740,2
3817896,2
3823587,2
3798044,2
3796482,2
3821856,2
3830354,2
3751124,2
3806780,2
3829401,2
3827707,2
3798336,2
3701983,2
3810858,2
3794060,2
3833724,2
3801334,2
3792740,2
3807004,2
3830876,2
3797139,2
3829742,2
3824037,2
3806999,2
3804362,2
3815731,2
3821404,2
3792887,2
3824234,2
3800486,2
3831440,2
3808961,2
3771943,2
3753587,2
3835802,2
3835805,2
3833016,2
3830069,2
3831762,2
3812082,2
3762273,2
3833000,2
3830168,2
3810478,2
3827363,2
3835919,2
3835924,2
3826410,2
3809605,2
3826341,2
3834934,2
3829221,2
3812199,2
3826278,2
3820743,2
3833103,2
3823660,2
3827505,2
3824694,2
3809351,2
3820708,2
3823695,2
3801097,2
3807751,2
3830438,2
3832246,2
3832372,2
3810766,2
3827706,2
3807872,2
3822301,2
3833346,2
3819375,2
3826685,2
3799642,2
3744760,2
3835351,2
3830710,2
3730371,2
3826896,2
3815661,2
3815606,2
3776981,2
3807158,2
3814163,2
3804250,2
3814170,2
3831202,2
3831269,2
3804322,2
3805748,2
3834110,2
3819860,2
3825675,2
3835604,2
3823086,2
3814464,2
3827082,2
3824230,2
3829922,2
3781776,2
3834292,2
3820269,2
3808726,2
3794995,2
3832894,2
3782005,2
3807451,2
3809085,2
3766593,2
3795011,2
3832977,2
3807491,2
3831763,2
3824449,2
3796177,2
3834648,2
3829047,2
3824524,2
3823243,2
3832035,2
3801039,2
3809447,2
3833164,2
3798105,2
3823588,2
3821787,2
3826460,2
3835925,2
3798396,2
3830526,2
3836060,2
3795424,2
3796483,2
3821872,2
3781338,2
3810641,2
3775614,2
3833347,2
3835185,2
3808081,2
3832420,2
3832424,2
3813848,2
3830748,2
3802534,2
3805479,2
3799945,2
3826814,2
3768274,2
3790016,2
3804043,2
3778709,2
3828016,2
3818342,2
3833796,2
3829728,2
3712139,2
3768637,2
3799946,2
3831223,2
3815689,2
3811473,2
3775983,2
3801592,2
3834134,2
3798705,2
3834464,2
3823045,2
3825827,2
3834372,2
3831692,2
3815946,2
3778049,2
3757888,2
3827336,2
3831777,2
3787764,2
3834647,2
3804755,2
3824475,2
3823623,2
3801998,2
3824606,2
3804754,2
3833163,2
3818850,2
3832019,2
3826429,2
3834964,2
3837767,2
3810526,2
3830352,2
3836050,2
3833211,2
3824726,2
3810794,2
3801183,2
3833427,2
3830583,2
3821156,2
3768309,2
3792736,2
3833706,2
3811143,2
3821109,2
3798409,2
3816976,2
3812690,2
3813944,2
3774679,2
3822490,2
3822555,2
3829633,2
3838285,2
3822556,2
3814082,2
3836708,2
3720747,2
3756271,2
3839763,2
3815798,2
3818529,2
3808436,2
3818562,2
3834195,2
3828569,2
3720748,2
3830047,2
3767654,2
3823018,2
3807269,2
3827212,2
3820113,2
3813045,2
3830013,2
3826031,2
3827222,2
3800596,2
3838584,2
3828863,2
3813173,2
3828868,2
3806514,2
3826298,2
3835876,2
3823491,2
3818849,2
3821616,2
3837630,2
3826060,2
3792344,2
3790618,2
3820872,2
3821814,2
3833210,2
3832245,2
3802055,2
3785221,2
3839062,2
3820962,2
3826690,2
3836323,2
3823862,2
3822129,2
3827927,2
3805345,2
3821107,2
3774032,2
3816917,2
3824033,2
3792878,2
3798538,2
3833931,2
3815615,2
3835510,2
3767507,2
3822625,2
3825713,2
3805788,2
3780317,2
3814463,2
3825624,2
3835666,2
3841206,2
3828663,2
3837159,2
3827083,2
3822875,2
3831691,2
3820208,2
3826030,2
3830051,2
3835842,2
3818834,2
3817638,2
3840305,2
3824396,2
3833007,2
3828856,2
3837499,2
3814829,2
3841528,2
3813247,2
3829120,2
3827385,2
3832050,2
3826291,2
3812167,2
3815207,2
3827456,2
3837866,2
3815267,2
3773676,2
3830439,2
3837956,2
3838943,2
3810654,2
3823736,2
3821991,2
3819208,2
3840803,2
3836324,2
3815332,2
3807000,2
3824909,2
3829632,2
3822214,2
3832423,2
3816330,2
3788166,2
3739023,2
3839278,2
3810934,2
3842205,2
3770362,2
3809897,2
3792990,2
3828222,2
3807225,2
3838378,2
3812955,2
3819861,2
3842753,2
3797329,2
3818652,2
3838547,2
3801708,2
3812966,2
3838578,2
3832893,2
3841474,2
3838643,2
3837498,2
3841520,2
3827400,2
3807577,2
3824503,2
3841472,2
3827337,2
3837572,2
3787717,2
3809163,2
3833111,2
3841521,2
3799032,2
3826261,2
3818781,2
3827479,2
3804861,2
3820698,2
3820871,2
3809604,2
3823696,2
3741533,2
3819275,2
3825065,2
3812635,2
3838049,2
3843666,2
3792774,2
3821061,2
3815408,2
3826672,2
3839345,2
3826815,2
3773957,2
3835319,2
3807054,2
3839346,2
3799809,2
3828060,2
3829738,2
3808316,2
3821171,2
3821281,2
3828196,2
3839585,2
3814162,2
3831194,2
3798708,2
3837001,2
3842818,2
3831347,2
3838429,2
3795962,2
3841317,2
3769222,2
3801688,2
3841325,2
3820446,2
3844201,2
3834614,2
3841475,2
3835746,2
3843104,2
3821769,2
3818788,2
3835875,2
3806465,2
3840306,2
3824523,2
3806464,2
3797976,2
3837573,2
3824516,2
3793379,2
3844434,2
3821770,2
3721649,2
3841679,2
3843482,2
3843627,2
3843628,2
3843624,2
3841860,2
3776725,2
3840802,2
3820900,2
3803991,2
3829499,2
3838028,2
3830719,2
3813857,2
3813760,2
3838187,2
3811103,2
3774270,2
3843800,2
3832530,2
3842236,2
3816562,2
3845236,2
3810047,2
3835431,2
3834036,2
3816994,2
3841228,2
3808459,2
3828503,2
3831268,2
3807338,2
3834404,2
3820275,2
3814781,2
3828860,2
3823052,2
3813136,2
3814782,2
3831786,2
3838589,2
3823024,2
3830107,2
3818741,2
3844258,2
3770499,2
3811919,2
3843101,2
3838657,2
3820532,2
3833091,2
3826411,2
3824556,2
3832034,2
3826271,2
3838769,2
3813298,2
3844502,2
3812373,2
3840718,2
3815185,2
3809636,2
3843560,2
3823737,2
3833472,2
3830592,2
3830603,2
3778490,2
3818270,2
3841861,2
3826661,2
3821155,2
3739857,2
3829534,2
3836281,2
3812632,2
3815478,2
3815487,2
3833723,2
3830749,2
3839250,2
3828195,2
3824036,2
3833787,2
3825436,2
3825695,2
3831084,2
3822448,2
3841083,2
3785989,2
3834133,2
3807164,2
3819962,2
3798760,2
3842467,2
3804321,2
3810071,2
3846864,2
3842472,2
3828694,2
3837158,2
3820097,2
3811457,2
3769350,2
3811439,2
3823063,2
3841324,2
3839985,2
3831693,2
3818655,2
3818612,2
3832868,2
3844187,2
3834405,2
3843066,2
3837475,2
3844192,2
3835771,2
3847069,2
3844259,2
3830014,2
3833001,2
3821673,2
3814834,2
3837585,2
3846075,2
3845981,2
3844374,2
3817690,2
3813254,2
3833092,2
3846047,2
3821699,2
3838718,2
3823385,2
3833181,2
3838777,2
3840569,2
3837812,2
3843548,2
3837747,2
3844481,2
3832210,2
3799267,2
3837957,2
3795477,2
3847483,2
3841834,2
3820963,2
3844699,2
3820930,2
3819276,2
3815401,2
3818127,2
3819271,2
3825222,2
3835332,2
3811156,2
3826775,2
3833797,2
3844993,2
3844992,2
3825370,2
3792645,2
3847790,2
3821080,2
3839423,2
3832623,2
3846659,2
3846660,2
3824066,2
3826827,2
3824105,2
3808460,2
3828550,2
3835637,2
3834470,2
3846953,2
3835730,2
3842874,2
3845719,2
3844198,2
3827191,2
3781775,2
3804692,2
3835745,2
3845989,2
3838607,2
3824515,2
3848765,2
3845913,2
3807472,2
3831734,2
3838658,2
3831776,2
3777867,2
3844273,2
3844329,2
3846155,2
3846159,2
3846123,2
3844378,2
3826436,2
3844433,2
3837743,2
3834925,2
3830353,2
3798239,2
3776596,2
3835111,2
3816248,2
3847422,2
3767151,2
3816355,2
3799542,2
3822117,2
3795574,2
3847606,2
3847792,2
3847799,2
3829561,2
3805478,2
3847791,2
3839301,2
3804209,2
3835328,2
3808403,2
3826928,2
3821289,2
3848062,2
3848198,2
3834064,2
3832722,2
3848155,2
3845217,2
3841198,2
3820012,2
3842688,2
3819972,2
3835608,2
3835677,2
3835605,2
3767786,2
3787387,2
3848615,2
3843024,2
3828899,2
3831735,2
3834651,2
3841411,2
3834615,2
3834652,2
3844289,2
3849945,2
3845962,2
3841412,2
3823269,2
3845912,2
3824496,2
3823256,2
3821629,2
3823624,2
3844315,2
3844316,2
3833077,2
3829036,2
3823386,2
3831857,2
3718674,2
3833110,2
3833081,2
3837787,2
3847191,2
3833082,2
3827443,2
3829262,2
3846292,2
3827501,2
3843561,2
3838942,2
3847668,2
3798348,2
3833518,2
3822247,2
3808082,2
3849498,2
3826864,2
3829770,2
3839428,2
3845118,2
3824147,2
3809961,2
3842586,2
3848072,2
3832644,2
3805888,2
3848113,2
3828582,2
3819976,2
3848114,2
3804251,2
3832737,2
3843969,2
3848373,2
3818513,2
3846892,2
3848374,2
3818662,2
3828536,2
3810070,2
3848522,2
3804478,2
3847070,2
3825980,2
3845714,2
3830106,2
3832920,2
3843137,2
3826260,2
3851589,2
3849924,2
3820496,2
3849940,2
3849946,2
3847123,2
3806266,2
3844288,2
3831788,2
3851829,2
3843408,2
3850125,2
3810380,2
3837668,2
3735540,2
3838735,2
3840721,2
3835124,2
3805059,2
3827647,2
3835181,2
3823831,2
3827738,2
3843667,2
3841835,2
3838123,2
3852215,2
3847793,2
3843698,2
3847798,2
3781414,2
3840946,2
3850700,2
3841019,2
3830948,2
3821153,2
3798499,2
3824049,2
3829715,2
3835475,2
3831072,2
3831096,2
3848025,2
3812858,2
3832671,2
3835511,2
3838331,2
3764662,2
3846723,2
3839733,2
3846865,2
3836832,2
3839860,2
3819767,2
3848246,2
3852512,2
3839859,2
3841255,2
3824206,2
3835650,2
3848614,2
3841278,2
3834381,2
3845720,2
3829044,2
3851481,2
3787491,2
3825694,2
3824372,2
3843065,2
3847124,2
3809090,2
3847083,2
3843136,2
3838741,2
3846156,2
3838719,2
3803833,2
3851918,2
3849020,2
3850063,2
3834924,2
3843481,2
3838761,2
3833078,2
3823512,2
3836005,2
3826437,2
3799194,2
3807750,2
3840722,2
3824707,2
3846415,2
3829402,2
3806864,2
3821985,2
3840806,2
3822300,2
3846540,2
3841951,2
3841001,2
3847669,2
3841054,2
3839375,2
3847886,2
3785514,2
3852451,2
3848137,2
3836707,2
3848026,2
3816955,2
3836984,2
3852447,2
3824207,2
3848176,2
3852507,2
3852513,2
3841188,2
3841226,2
3821402,2
3852549,2
3852574,2
3814482,2
3831514,2
3851341,2
3814528,2
3835622,2
3845809,2
3835665,2
3815947,2
3849865,2
3843042,2
3835716,2
3852740,31
3848684,2
3847059,2
3851590,2
3848585,2
3847141,2
3838644,2
3851650,2
3827277,2
3848852,2
3851699,2
3831787,2
3843105,2
3841508,2
3810381,2
3833054,2
3826382,2
3852937,31
3827474,2
3849213,2
3837865,2
3840732,2
3850268,2
3838021,2
3821990,2
3849306,2
3849307,2
3833473,2
3832378,2
3835350,2
3818198,2
3830949,2
3839197,2
3820998,2
3830778,2
3835329,2
3838250,2
3804208,2
3853463,2
3842235,2
3850701,2
3845186,2
3818341,2
3836598,2
3853712,2
3801372,2
3841100,2
3824100,2
3753207,2
3792926,2
3824259,2
3835418,2
3844103,2
3821425,2
3841199,2
3839828,2
3835621,2
3828711,2
3849864,2
3784511,2
3838473,2
3823075,2
3806330,2
3832996,2
3847138,2
3852806,31
3852741,31
3844193,2
3843025,2
3838709,2
3855728,2
3833015,2
3830261,2
3848834,2
3820571,2
3841503,2
3843359,2
3827395,2
3833096,2
3840478,2
3837845,2
3849151,2
3837744,2
3843358,2
3846124,2
3851919,2
3849152,2
3826376,2
3847284,2
3854803,2
3849214,2
3827504,2
3844511,2
3798238,2
3840740,2
3843583,2
3781417,2
3812466,2
3836059,2
3846455,2
3835161,2
3846450,2
3799578,2
3854961,2
3827608,2
3844716,2
3853221,31
3853227,31
3855024,2
3850452,2
3781388,2
3843650,2
3842066,2
3852216,2
3855092,2
3844907,2
3823973,2
3827977,2
3821154,2
3823850,2
3815651,2
3807213,2
3814139,2
3852337,2
3839488,2
3826870,2
3835419,2
3794377,2
3805981,2
3822799,2
3818551,2
3842561,2
3824258,2
3802983,2
3854128,2
3834220,2
3848488,2
3854127,2
3852598,2
3825819,2
3814738,2
3855530,2
3851493,2
3838606,2
3804705,2
3852709,31
3851525,2
3835902,2
3845988,2
3803174,2
3854447,2
3841547,2
3843356,2
3827362,2
3844431,2
3854680,2
3855688,2
3857463,2
3833102,2
3854699,2
3846222,2
3820901,2
3855867,2
3829453,2
3847607,2
3839063,2
3849387,2
3812537,2
3835290,2
3844906,2
3835318,2
3823928,2
3856427,2
3838125,2
3822058,2
3839302,2
3839451,2
3798629,2
3785796,2
3811249,2
3850947,2
3853724,2
3852446,2
3826914,2
3853805,2
3834085,2
3853846,2
3836861,2
3838357,2
3856813,2
3828521,2
3819960,2
3842819,2
3838419,2
3855497,2
3842869,2
3851480,2
3849837,2
3841277,2
3855581,2
3852759,31
3852730,31
3847084,2
3857240,2
3830163,2
3854402,2
3837474,2
3854484,2
3846074,2
3846029,2
3830162,2
3846002,2
3844391,2
3834735,2
3848898,2
3815995,2
3804704,2
3832012,2
3849075,2
3847336,2
3850176,2
3832209,2
3857725,2
3857727,2
3815399,2
3826561,2
3798293,2
3832393,2
3838903,2
3847460,2
3855059,2
3841959,2
3812583,2
3855005,2
3857896,2
3832361,2
3805402,2
3853522,2
3839196,2
3810945,2
3810946,2
3855093,2
3856349,2
3840947,2
3846569,2
3834018,2
3847984,2
3818390,2
3849608,2
3815425,2
3853879,2
3855337,2
3851053,2
3831195,2
3848154,2
3824118,2
3849755,2
3819975,2
3831463,2
3844055,2
3834065,2
3852599,2
3841307,2
3845480,2
3812852,2
3847020,2
3825991,2
3859955,2
3847060,2
3835715,2
3855503,2
3854336,2
3859954,2
3851524,2
3847066,2
3857151,2
3745131,2
3832913,2
3834469,2
3857241,2
3849812,2
3844306,2
3852736,31
3849939,2
3844200,2
3851755,2
3854460,2
3850016,2
3848941,2
3854588,2
3848940,2
3846028,2
3840570,2
3860244,2
3846046,2
3829263,2
3837584,2
3849108,2
3854934,2
3853222,31
3846416,2
3826671,2
3830527,2
3835184,2
3846451,2
3844717,2
3827739,2
3856235,2
3841958,2
3855074,2
3860759,2
3824034,2
3842360,2
3856466,2
3849522,2
3824083,2
3816954,2
3844060,2
3853845,2
3841154,2
3832624,2
3771729,2
3842587,2
3812851,2
3849754,2
3798796,2
3811440,2
3859810,2
3855502,2
3840001,2
3848487,2
3852746,31
3861231,2
3849923,2
3857128,2
3841484,2
3860133,2
3847096,2
3852745,31
3861306,2
3851799,2
3851700,2
3855607,2
3861398,2
3858562,2
3796113,2
3834937,2
3843265,2
3860245,2
3844438,2
3854681,2
3860534,2
3847232,2
3857596,2
3826500,2
3837893,2
3861570,2
3861569,2
3858896,2
3776702,2
3858832,2
3861885,2
3860746,2
3819429,2
3824101,2
3839417,2
3860757,2
3836622,2
3847983,2
3856426,2
3836495,2
3838286,2
3835474,2
3860929,2
3822676,2
3819961,2
3853971,2
3860948,2
3845573,2
3862510,2
3844054,2
3852615,2
3859772,2
3829907,2
3851360,2
3862592,2
3848696,2
3830071,2
3821527,2
3860001,2
3848521,2
3773413,2
3854290,2
3838579,2
3851600,2
3849021,2
3857389,2
3840218,2
3857388,2
3861402,2
3850064,2
3841529,2
3838734,2
3826270,2
3854732,2
3854698,2
3846223,2
3841672,2
3826473,2
3827609,2
3837894,2
3854935,2
3830584,2
3826686,2
3819207,2
3861623,2
3806849,2
3857893,2
3861745,2
3843699,2
3853191,31
3849337,2
3855004,2
3861886,2
3859150,2
3833545,2
3845149,2
3863748,2
3860930,2
3846719,2
3852363,2
3842318,2
3853940,2
3833900,2
3858239,2
3848213,2
3855367,2
3860997,2
3863918,2
3842582,2
3831537,2
3834463,2
3855444,2
3859809,2
3855498,2
3842875,2
3847024,2
3861181,2
3864061,2
3851492,2
3858409,2
3861254,2
3857192,2
3830068,2
3851555,2
3861295,2
3857237,2
3834539,2
3858459,2
3830029,2
3861255,2
3863116,2
3863079,2
3858466,2
3844379,2
3851601,2
3864154,2
3851614,2
3820709,2
3864230,2
3857500,2
3829282,2
3853013,31
3861487,2
3837846,2
3851920,2
3857709,2
3854886,2
3854825,2
3832292,2
3860563,2
3864466,2
3838015,2
3838016,2
3826662,2
3809855,2
3855060,2
3858831,2
3863467,2
3860745,2
3830530,2
3838048,2
3847585,2
3857837,2
3843625,2
3840896,2
3823974,2
3860775,2
3839251,2
3832529,2
3813811,2
3846562,2
3762858,2
3830874,2
3852309,2
3852369,2
3858087,2
3836781,2
3853887,2
3831222,2
3819981,2
3822818,2
3850980,2
3852457,2
3846844,2
3853955,2
3858224,2
3848245,2
3846806,2
3865425,2
3808952,2
3842836,2
3861135,2
3858302,2
3862597,2
3865426,2
3781818,2
3803148,2
3865611,2
3849842,2
3851276,2
3851528,2
3851476,2
3858377,2
3837304,2
3834632,2
3847137,2
3858458,2
3847097,2
3864187,2
3864188,2
3863083,2
3863082,2
3837449,2
3846003,2
3860320,2
3860299,2
3858563,2
3857464,2
3864226,2
3858555,2
3864265,2
3833182,2
3851830,2
3809612,2
3840719,2
3857726,2
3826563,2
3860567,2
3819186,2
3857765,2
3861624,2
3857838,2
3810793,2
3860756,2
3856240,2
3841950,2
3806861,2
3850625,2
3811070,2
3857988,2
3862296,2
3860836,2
3863717,2
3863689,2
3804328,2
3853523,2
3842206,2
3810048,2
3794093,2
3831178,2
3834084,2
3856812,2
3805911,2
3848432,2
3855443,2
3852548,2
3787455,2
3825732,2
3859705,2
3827127,2
3854054,2
3830017,2
3828692,2
3829926,2
3825820,2
3846947,2
3855513,2
3865603,2
3800487,2
3864065,2
3852729,31
3861259,2
3861219,2
3862979,2
3862980,2
3858523,2
3847229,2
3838760,2
3847190,2
3857586,2
3837631,2
3841548,2
3866143,2
3857578,2
3864325,2
3864326,2
3840343,2
3840561,2
3866142,2
3844482,2
3835073,2
3813651,2
3804992,2
3866288,2
3806995,2
3861815,2
3858895,2
3843801,2
3781317,2
3849358,2
3839586,2
3866443,2
3828010,2
3855176,2
3762970,2
3847887,2
3818394,2
3859338,2
3824048,2
3831085,2
3860947,2
3862154,2
3838228,2
3860937,2
3834019,2
3838430,2
3852540,2
3852575,2
3853830,2
3834238,2
3832747,2
3854019,2
3858223,2
3855448,2
3851268,2
3846868,2
3854070,2
3868279,2
3856740,2
3858370,2
3844104,2
3849852,2
3865660,2
3861127,2
3824371,2
3849843,2
3814686,2
3855592,2
3818835,2
3848853,2
3860000,2
3852805,31
3868584,2
3864086,2
3857348,2
3851837,2
3851786,2
3855670,2
3849991,2
3848999,2
3867072,2
3844371,2
3867117,2
3866104,2
3849109,2
3847283,2
3850177,2
3857595,2
3855839,2
3840667,2
3844509,2
3864386,2
3864387,2
3867257,2
3866285,2
3866355,2
3832401,2
3849471,2
3850395,2
3859083,2
3866408,2
3859149,2
3846613,2
3850695,2
3863690,2
3853582,2
3845216,2
3756114,2
3856527,2
3861023,2
3863749,2
3849672,2
3858216,2
3859412,2
3868217,2
3859764,2
3868228,2
3862511,2
3848408,2
3869669,2
3866904,2
3840495,2
3866866,2
3851556,2
3854335,2
3861307,2
3847065,2
3864062,2
3831686,2
3855644,2
3854611,2
3860132,2
3849958,2
3855710,2
3858591,2
3840543,2
3854608,2
3850149,2
3857432,2
3837786,2
3852920,31
3866105,2
3867148,2
3853014,31
3855838,2
3832242,2
3833485,2
3835078,2
3812474,2
3860675,2
3815424,2
3844808,2
3867541,2
3864702,2
3844809,2
3866407,2
3835324,2
3818599,2
3843845,2
3857906,2
3870669,2
3853552,2
3842317,2
3849521,2
3811067,2
3835336,2
3826927,2
3870919,2
3869617,2
3848214,2
3869618,2
3853970,2
3822874,2
3869635,2
3868258,2
3866797,2
3866812,2
3819916,2
3851477,2
3866884,2
3858376,2
3869668,2
3865668,2
3871355,2
3861232,2
3849957,2
3831668,2
3869755,2
3865610,2
3864085,2
3858467,2
3868740,2
3862892,2
3862960,2
3855669,2
3858524,2
3869937,2
3860306,2
3847230,2
3793492,2
3849074,2
3854755,2
3860393,2
3854824,2
3850126,2
3854896,2
3849357,2
3866334,2
3863466,2
3866354,2
3838027,2
3802371,2
3861874,2
3860681,2
3821079,2
3869209,2
3825337,2
3852310,2
3843893,2
3829625,2
3859354,2
3865037,2
3830875,2
3827976,2
3841014,2
3870768,2
3819404,2
3842583,2
3805749,2
3842473,2
3870894,2
3865213,2
3860986,2
3854191,2
3851182,2
3821436,2
3866795,2
3858303,2
3829925,2
3856840,2
3841286,2
3856841,2
3859813,2
3861234,2
3860057,2
3843055,2
3861218,2
3871307,2
3871379,2
3847046,2
3849919,2
3862832,2
3848685,2
3852758,31
3857290,2
3868649,2
3871607,2
3843222,2
3858535,2
3861326,2
3840379,2
3867078,2
3864231,2
3869904,2
3867070,2
3855825,2
3861401,2
3871561,2
3871688,2
3861405,2
3854772,2
3864308,2
3864344,2
3871687,2
3857549,2
3857585,2
3832371,2
3855937,2
3859084,2
3867477,2
3867476,2
3830591,2
3860760,2
3861873,2
3792603,2
3866382,2
3864559,2
3819430,2
3819272,2
3833426,2
3866501,2
3832645,2
3842115,2
3872158,2
3839320,2
3830956,2
3850991,2
3853840,2
3853860,2
3855258,2
3856642,2
3851203,2
3868399,2
3872416,2
3830018,2
3868302,2
3857203,2
3838377,2
3830046,2
3856946,2
3841316,2
3861279,2
3868583,2
3874218,2
3868650,2
3864114,2
3847021,2
3832957,2
3855606,2
3866990,2
3857641,2
3849992,2
3867071,2
3851806,2
3852936,31
3872650,2
3857645,2
3869948,2
3836036,2
3851754,2
3860415,2
3840646,2
3847339,2
3826377,2
3850192,2
3744338,2
3836049,2
3840733,2
3747199,2
3827646,2
3843582,2
3838039,2
3838858,2
3854962,2
3835112,2
3835241,2
3821062,2
3872100,2
3826740,2
3857965,2
3811104,2
3801368,2
3873386,2
3860829,2
3835325,2
3862224,2
3856467,2
3848197,2
3850786,2
3822449,2
3828535,2
3865279,2
3861017,2
3872413,2
3834239,2
3857150,2
3838528,2
3865544,2
3866836,2
3861207,2
3866877,2
3749495,2
3875443,2
3860088,2
3861265,2
3874251,2
3832898,2
3852685,31
3858439,2
3864104,2
3871448,2
3841423,2
3869789,2
3854468,2
3860151,2
3855687,2
3860274,2
3852919,31
3872739,2
3861443,2
3857543,2
3840544,2
3841678,2
3870042,2
3861486,2
3846367,2
3866226,2
3850396,2
3781323,2
3861816,2
3807902,2
3833504,2
3873094,2
3767380,2
3840902,2
3861718,2
3857894,2
3846513,2
3801201,2
3836282,2
3864809,2
3857989,2
3873356,2
3859201,2
3853532,2
3848071,2
3863754,2
3836521,2
3849619,2
3842560,2
3825223,2
3852508,2
3785962,2
3832677,2
3831203,2
3856947,2
3831097,2
3870920,2
3863787,2
3855313,2
3876814,2
3871049,2
3830038,2
3869719,2
3868303,2
3862800,2
3866825,2
3837352,2
3809084,2
3869788,2
3874108,2
3862833,2
3865602,2
3871340,2
3865669,2
3875511,2
3874365,2
3877236,2
3861399,2
3874357,2
3868797,2
3877237,2
3860275,2
3874524,2
3864227,2
3761375,2
3860414,2
3866151,2
3829220,2
3778325,2
3840720,2
3832293,2
3835075,2
3850193,2
3875765,2
3751245,2
3874871,2
3867485,2
3841793,2
3849435,2
3799268,2
3852327,2
3855156,2
3861018,2
3838243,2
3858200,2
3868304,2
3861126,2
3840197,2
3865543,2
3871046,2
3868311,2
3838399,2
3869651,2
3851269,2
3852652,31
3875329,2
3875349,2
3859765,2
3862801,2
3865433,2
3842657,2
3876923,2
3878182,32
3866885,2
3871341,2
3872597,2
3875486,2
3855580,2
3864045,2
3874217,2
3841485,2
3872596,2
3869800,2
3857204,2
3877211,2
3871435,2
3844390,2
3843357,2
3850019,2
3865892,32
3875565,2
3846116,2
3827492,2
3877510,2
3823717,2
3844512,2
3857766,2
3787987,2
3866335,2
3860676,2
3853228,31
3864488,2
3850733,2
3870431,2
3838101,2
3852375,2
3876421,2
3812680,2
3879164,2
3869420,2
3845267,2
3824082,2
3822998,2
3854018,2
3845187,2
3866728,2
3818663,2
3866798,2
3858346,2
3874015,2
3861208,2
3876922,2
3855561,2
3872529,2
3878251,32
3849838,2
3874112,2
3858354,2
3864064,2
3843056,2
3877017,2
3858355,2
3851361,2
3878283,32
3858473,2
3872663,2
3871412,2
3861444,2
3827223,2
3869787,2
3865676,2
3865920,32
3867047,2
3874394,2
3871700,2
3862893,2
3877311,2
3847259,2
3861366,2
3872793,2
3878415,2
3874516,2
3878422,2
3847233,2
3863322,2
3877491,2
3866227,2
3857708,2
3878531,2
3833484,2
3880464,2
3840904,2
3853275,31
3877670,2
3877669,2
3860715,2
3849458,2
3855177,2
3856368,2
3873468,2
3856351,2
3876320,2
3879163,2
3869472,2
3840998,2
3860830,2
3870680,2
3875177,2
3866707,2
3877967,2
3822798,2
3746347,2
3863905,2
3842624,2
3866727,2
3858217,2
3878063,2
3873832,2
3873833,2
3861197,2
3862598,2
3865533,2
3868343,2
3844061,2
3875350,2
3837349,2
3871311,2
3869652,2
3878252,32
3877049,2
3877037,2
3867003,2
3828942,2
3878271,32
3851753,2
3875526,2
3865919,32
3850018,2
3877312,2
3881158,2
3874523,2
3860436,2
3835953,2
3874515,2
3869925,2
3867098,2
3864467,2
3875766,2
3857761,2
3873132,2
3873117,2
3852238,2
3832400,2
3874904,2
3832362,2
3856263,2
3832421,2
3849472,2
3856477,2
3865230,2
3882038,2
3860998,2
3839762,2
3870793,2
3848061,2
3873880,2
3788716,2
3873710,2
3880970,2
3875296,2
3858440,2
3827213,2
3848566,2
3881028,2
3866909,2
3882584,2
3881055,2
3881070,2
3864155,2
3869720,2
3868586,2
3851713,2
3874138,2
3860089,2
3879860,2
3881061,2
3874198,2
3828768,2
3864152,2
3874282,2
3860056,2
3854485,2
3867033,2
3860150,2
3869947,2
3875553,2
3858647,2
3870007,2
3869013,2
3871898,2
3827500,2
3806688,2
3869027,2
3849228,2
3866150,2
3854892,2
3864508,2
3812490,2
3869210,2
3866370,2
3793671,2
3867285,2
3860724,2
3849497,2
3838218,2
3863723,2
3882049,2
3863876,2
3825457,2
3858135,2
3858047,2
3846954,2
3831348,2
3849751,2
3868209,2
3868314,2
3820274,2
3868344,2
3809993,2
3865661,2
3872530,2
3879669,2
3874173,2
3883873,2
3881062,2
3862747,2
3861294,2
3840120,2
3881054,2
3881163,2
3871354,2
3854607,2
3875489,2
3881182,2
3854461,2
3862931,2
3877210,2
3865908,32
3881207,2
3865946,32
3871699,2
3869869,2
3878435,2
3866113,2
3866112,2
3864309,2
3871743,2
3868878,2
3868880,2
3867206,2
3858547,2
3870026,2
3861476,2
3840496,2
3884159,2
3880386,2
3802054,2
3855866,2
3854947,2
3875695,2
3867561,2
3883387,2
3880485,2
3859005,2
3881784,2
3858019,2
3869237,2
3836599,2
3884608,2
3884607,2
3867773,2
3870545,2
3849447,2
3852370,2
3836496,2
3869473,2
3877966,2
3812859,2
3846834,2
3832678,2
3878064,2
3834371,2
3868259,2
3873908,2
3872502,2
3873984,2
3871378,2
3878201,32
3881023,2
3866867,2
3881022,2
3866853,2
3827230,2
3869786,2
3879830,2
3877080,2
3841422,2
3838562,2
3862930,2
3883955,2
3848843,2
3871608,2
3881183,2
3875554,2
3875485,2
3884036,2
3864266,2
3869860,2
3863199,2
3884093,2
3878436,2
3857475,2
3867149,2
3864280,2
3867205,2
3853192,31
3864489,2
3872991,2
3874837,2
3849389,2
3874872,2
3866383,2
3863538,2
3849488,2
3880676,2
3884480,2
3833517,2
3853583,2
3865056,2
3821282,2
3859337,2
3875040,2
3853533,2
3842359,2
3882234,2
3848329,2
3882324,2
3865272,2
3844111,2
3879583,2
3866910,2
3886660,2
3879859,2
3861260,2
3871507,2
3851591,2
3880125,2
3852826,31
3886841,2
3860437,2
3886869,2
3869967,2
3885887,2
3884094,2
3872781,2
3883110,2
3868929,2
3878463,2
3884138,2
3885977,2
3881309,2
3868879,2
3847338,2
3832251,2
3881543,2
3880453,2
3860725,2
3866284,2
3835100,2
3864705,2
3758765,2
3881783,2
3859010,2
3887505,2
3843749,2
3860774,2
3882013,2
3843848,2
3869421,2
3866459,2
3876347,2
3849551,2
3887690,2
3884978,2
3855312,2
3873779,2
3821424,2
3865534,2
3882370,2
3882530,2
3872503,2
3869744,2
3882461,2
3869754,2
3860078,2
3885414,2
3856960,2
3881010,2
3885464,2
3879832,2
3877066,2
3866878,2
3879831,2
3881175,2
3886724,2
3857091,2
3874252,2
3868739,2
3885748,2
3860253,2
3875609,2
3886842,2
3874281,2
3884037,2
3867116,2
3877396,2
3848998,2
3883172,2
3885886,2
3875620,2
3885993,2
3849122,2
3781415,2
3875838,2
3870281,2
3880486,2
3887131,2
3886140,2
3872080,2
3806933,2
3873045,2
3874810,2
3860714,2
3877726,2
3874797,2
3877836,2
3858018,2
3887300,2
3761579,2
3866500,2
3818530,2
3877798,2
3873357,2
3804150,2
3784377,2
3846614,2
3887664,2
3868068,2
3838217,2
3853886,2
3879528,2
3873678,2
3869556,2
3879494,2
3859594,2
3768733,2
3873902,2
3865394,2
3886659,2
3888108,2
3838583,2
3883881,2
3886723,2
3879829,2
3883872,2
3889467,2
3882741,2
3865691,2
3874197,2
3878282,32
3885994,2
3878457,2
3869956,2
3870006,2
3881431,2
3887132,2
3884226,2
3870432,2
3861746,2
3846561,2
3844633,2
3877727,2
3889057,2
3863656,2
3874976,2
3870380,2
3889112,2
3876371,2
3869414,2
3880755,2
3876418,2
3855264,2
3828583,2
3858240,2
3882287,2
3882286,2
3873663,2
3847047,2
3866720,2
3886628,2
3861246,2
3889362,2
3885533,2
3889530,2
3874174,2
3865724,2
3881126,2
3868585,2
3883984,2
3882956,2
3878421,2
3882996,2
3891581,2
3857548,2
3877504,2
3874796,2
3772764,2
3887299,2
3877694,2
3836439,2
3856332,2
3890083,2
3858055,2
3886333,2
3863639,2
3881896,2
3873485,2
3889116,2
3876370,2
3859258,2
3859219,2
3845447,2
3862241,2
3878010,2
3866709,2
3862467,2
3875176,2
3888109,2
3886578,2
3795946,2
3865383,2
3885325,2
3866967,2
3889401,2
3857129,2
3830052,2
3889521,2
3851615,2
3886725,2
3872664,2
3867077,2
3872772,2
3874474,2
3886888,2
3874617,2
3881308,2
3875529,2
3888764,2
3880384,2
3877389,2
3871794,2
3871899,2
3852973,31
3843547,2
3844510,2
3872857,2
3867284,2
3801335,2
3838894,2
3767104,2
3864558,2
3888899,2
3887184,2
3866371,2
3877764,2
3857897,2
3821172,2
3799543,2
3869234,2
3891835,2
3887431,2
3822225,2
3860894,2
3862212,2
3839986,2
3893406,2
3855384,2
3860976,2
3852452,2
3873903,2
3869672,2
3882325,2
3879622,2
3845544,2
3876678,2
3889363,2
3863973,2
3893759,2
3863996,2
3855355,2
3879675,2
3890987,2
3874111,2
3828693,2
3886598,2
3861269,2
3888251,2
3882696,2
3882902,2
3893955,2
3885480,2
3879863,2
3877139,2
3877036,2
3877276,2
3871508,2
3867042,2
3875621,2
3875601,2
3868944,2
3885861,2
3888581,2
3868796,2
3860564,2
3841805,2
3872858,2
3857905,2
3880458,2
3869236,2
3842116,2
3887506,2
3857815,2
3873177,2
3881865,2
3886240,2
3853494,2
3849550,2
3891958,2
3884789,2
3812677,2
3870681,2
3838186,2
3879319,2
3850967,2
3868400,2
3855377,2
3886456,2
3890774,2
3859691,2
3869697,2
3825336,2
3886597,2
3890891,2
3880886,2
3893651,2
3890932,2
3885463,2
3879999,2
3886722,2
3879880,2
3893954,2
3881159,2
3889602,2
3889609,2
3840562,2
3889670,2
3884013,2
3868928,2
3889613,2
3894307,2
3878464,2
3891339,2
3886862,2
3885978,2
3892536,2
3802071,2
3843715,2
3835074,2
3888900,2
3887197,2
3830768,2
3889903,2
3887045,2
3877823,2
3887198,2
3894646,2
3815477,2
3866444,2
3872163,2
3890084,2
3878949,2
3887432,2
3890302,2
3876216,2
3839386,2
3891957,2
3853507,2
3872244,2
3882115,2
3866588,2
3893435,2
3893436,2
3879320,2
3850948,2
3771942,2
3884932,2
3880861,2
3890596,2
3868141,2
3876677,2
3876861,2
3835598,2
3852515,2
3863917,2
3886644,2
3881009,2
3848409,2
3885331,2
3878202,32
3865382,2
3892182,2
3883860,2
3891094,2
3889497,2
3877016,2
3876963,2
3881130,2
3893962,2
3892370,2
3891122,2
3764800,2
3889664,2
3860319,2
3884012,2
3883882,2
3892421,2
3888693,2
3882997,2
3883111,2
3891338,2
3864343,2
3866359,2
3887046,2
3881516,2
3884421,2
3895604,2
3874888,2
3864706,2
3891749,2
3894586,2
3897398,2
3889961,2
3891806,2
3812615,2
3897434,2
3856476,2
3849487,2
3891851,2
3874961,2
3863641,2
3877917,2
3876158,2
3850992,2
3877922,2
3822318,2
3895993,2
3866650,2
3859349,2
3855304,2
3873881,2
3871005,2
3892109,2
3880887,2
3773110,2
3852518,2
3869569,2
3865563,2
3866708,2
3854069,2
3869588,2
3855512,2
3892209,2
3869601,2
3875363,2
3889520,2
3872590,2
3854469,2
3879716,2
3878272,32
3874299,2
3892377,2
3895096,2
3895136,2
3871310,2
3895230,2
3882923,2
3872581,2
3865945,32
3867046,2
3895297,2
3898083,2
3880108,2
3874501,2
3827493,2
3894449,2
3790686,2
3756844,2
3854891,2
3873044,2
3870069,2
3864640,2
3872990,2
3869153,2
3863537,2
3866390,2
3877741,2
3891852,2
3876159,2
3806934,2
3874949,2
3864930,2
3898857,2
3898887,2
3872152,2
3892015,2
3883619,2
3897689,2
3882114,2
3872390,2
3870893,2
3896137,2
3890616,2
3863823,2
3855493,2
3872245,2
3858201,2
3880860,2
3800076,2
3897746,2
3875341,2
3890890,2
3879582,2
3868278,2
3897803,2
3875398,2
3897915,2
3895001,2
3865434,2
3875516,2
3885624,2
3883861,2
3882695,2
3885658,2
3885534,2
3893963,2
3889636,2
3896972,2
3898154,2
3885749,2
3896998,2
3894244,2
3861391,2
3877553,2
3867041,2
3880193,2
3874687,2
3869957,2
3898372,2
3849264,2
3898495,2
3900139,2
3847423,2
3864641,2
3883521,2
3886311,2
3881996,2
3881903,2
3897558,2
3883466,2
3862304,2
3877975,2
3898948,2
3865271,2
3873481,2
3890609,2
3878015,2
3873856,2
3868216,2
3875364,2
3886695,2
3852735,31
3880931,2
3895127,2
3878156,32
3879722,2
3885479,2
3889498,2
3877048,2
3875391,2
3895173,2
3893925,2
3881088,2
3874356,2
3888423,2
3872678,2
3886814,2
3874469,2
3895229,2
3895206,2
3889707,2
3899881,2
3869042,2
3877492,2
3891582,2
3858694,2
3832241,2
3855938,2
3894460,2
3875791,2
3841804,2
3891748,2
3894577,2
3900274,2
3895788,2
3894674,2
3890162,2
3870668,2
3898783,2
3845036,2
3890385,2
3875118,2
3868131,2
3804327,2
3897690,2
3873664,2
3834221,2
3899272,2
3880843,2
3894986,2
3872493,2
3848383,2
3829906,2
3900764,2
3883888,2
3902405,2
3900810,2
3872591,2
3879976,2
3861266,2
3874502,2
3902517,2
3874364,2
3899801,2
3851714,2
3865907,32
3898044,2
3875442,2
3898128,2
3898174,2
3885840,2
3898175,2
3866099,2
3868923,2
3874724,2
3880385,2
3875696,2
3886031,2
3826596,2
3836040,2
3900131,2
3861641,2
3869101,2
3884225,2
3901256,2
3895562,2
3873133,2
3894647,2
3859040,2
3866460,2
3873176,2
3830957,2
3861035,2
3875161,2
3872216,2
3863755,2
3846869,2
3867875,2
3867970,2
3890615,2
3869597,2
3852514,2
3900566,26
3824255,2
3874016,2
3883757,2
3887900,2
3894987,2
3878031,2
3897786,2
3902141,2
3883922,2
3899521,2
3854401,2
3893942,2
3899562,2
3895126,2
3902499,2
3864142,2
3864141,2
3894176,2
3877117,2
3900807,2
3895192,2
3889652,2
3900906,2
3868755,2
3898072,2
3875512,2
3880192,2
3880124,2
3889721,2
3895342,2
3883033,2
3889635,2
3888754,2
3886972,2
3877509,2
3836006,2
3860568,2
3858693,2
3895484,2
3872859,2
3880465,2
3900138,2
3883271,2
3898371,2
3901267,2
3894587,2
3870424,2
3877763,2
3863657,2
3875887,2
3862027,2
3897430,2
3875955,2
3859039,2
3898729,2
3853723,2
3847894,2
3883561,2
3889137,2
3897673,2
3876422,2
3897674,2
3878032,2
3896378,2
3901937,30
3879364,2
3873709,2
3892110,2
3828522,2
3872415,2
3900594,26
3804443,2
3871306,2
3889423,2
3887964,2
3903436,2
3868204,2
3896474,2
3883703,2
3896404,2
3895000,2
3899451,2
3886674,2
3879881,2
3890835,2
3902311,2
3881014,2
3881098,2
3898087,2
3885661,2
3874336,2
3897868,2
3865847,32
3885700,2
3886772,2
3881162,2
3905393,2
3885615,2
3889614,2
3883012,2
3886861,2
3892484,2
3901056,2
3892514,2
3889774,2
3894312,2
3886009,2
3886022,2
3901057,2
3877503,2
3840617,2
3861717,2
3895485,2
3905826,2
3864509,2
3877742,2
3835182,2
3883311,2
3904198,2
3881574,2
3874903,2
3848047,2
3839319,2
3883525,2
3887569,2
3812681,2
3856643,2
3898858,2
3900466,26
3906099,2
3882071,2
3868063,2
3897666,2
3900539,26
3873973,2
3896422,2
3896405,2
3894911,2
3897747,2
3892187,2
3896475,2
3883770,2
3876932,2
3900674,2
3903474,2
3876771,2
3880992,2
3900765,2
3891105,2
3891193,2
3876798,2
3885657,2
3906406,2
3886773,2
3899629,2
3886789,2
3898082,2
3885855,2
3898129,2
3902529,2
3900032,2
3905614,2
3891540,2
3889671,2
3902694,2
3898155,2
3885841,2
3888727,2
3877554,2
3889775,2
3878532,2
3874809,2
3832392,2
3849338,2
3878684,2
3877679,2
3897435,2
3906824,2
3897429,2
3883360,2
3830779,2
3907071,2
3891737,2
3873095,2
3904298,2
3862305,2
3862223,2
3853553,2
3849446,2
3894744,2
3893334,2
3869402,2
3838297,2
3898917,2
3896385,2
3903384,2
3897808,2
3879551,2
3892188,2
3902243,2
3897916,2
3881127,2
3867969,2
3904927,2
3900760,2
3880969,2
3893943,2
3889469,2
3883921,2
3897960,2
3858472,2
3892312,2
3905230,2
3905241,2
3897961,2
3857349,2
3903697,2
3894422,2
3877354,2
3881187,2
3903700,2
3897215,2
3888630,2
3892485,2
3882957,2
3906638,2
3900996,2
3885846,2
3905718,2
3905721,2
3903852,2
3847560,2
3902921,2
3897322,2
3850269,2
3873116,2
3894530,2
3892959,2
3891738,2
3872021,2
3870280,2
3898496,2
3906952,2
3908628,2
3799343,2
3891683,2
3892979,2
3884420,2
3906953,2
3889056,2
3892958,2
3866422,2
3836440,2
3907288,2
3840903,2
3845237,2
3901824,30
3875041,2
3896138,2
3875160,2
3883520,2
3845446,2
3861180,2
3884977,2
3883700,2
3897773,2
3897714,2
3880799,2
3885163,2
3892124,2
3896423,2
3904926,2
3900595,26
3906204,2
3877974,2
3887965,2
3906297,2
3886587,2
3897847,2
3893652,2
3848565,2
3890986,2
3907882,2
3907909,2
3873909,2
3893760,2
3882531,2
3872646,2
3891095,2
3898043,2
3899646,2
3888422,2
3898006,2
3892369,2
3898007,2
3892313,2
3882782,2
3883993,2
3892513,2
3905571,2
3857724,2
3869026,2
3905717,2
3871897,2
3894394,2
3895307,2
3903788,2
3903837,2
3837748,2
3860596,2
3883310,2
3901266,2
3908654,2
3902986,2
3898451,2
3900209,2
3903986,2
3884523,2
3904171,2
3867560,2
3897491,2
3905976,2
3855263,2
3907287,2
3881904,2
3869375,2
3875027,2
3908933,2
3877942,2
3846712,2
3877824,2
3857966,2
3894853,2
3868203,2
3879365,2
3906157,2
3869602,2
3876801,2
3892126,2
3902124,2
3896433,2
3902242,2
3899297,2
3910570,2
3897846,2
3868470,2
3907745,2
3897792,2
3882462,2
3893863,2
3902301,2
3878181,32
3875392,2
3889402,2
3889466,2
3899550,2
3878229,32
3874107,2
3903699,2
3909301,2
3860280,2
3902520,2
3898086,2
3905488,2
3908470,2
3894264,2
3885856,2
3888646,2
3885888,2
3905698,2
3881350,2
3886023,2
3889902,2
3883283,2
3891805,2
3861642,2
3908627,2
3897334,2
3897339,2
3869224,2
3894582,2
3871949,2
3909847,2
3897399,2
3847502,2
3894578,2
3890124,2
3876101,2
3887369,2
3872162,2
3859463,2
3898817,2
3910108,2
3838859,2
3906043,2
3893162,2
3900477,26
3897645,2
3846711,2
3908921,2
3904549,2
3894864,2
3886588,2
3871089,2
3907806,2
3905070,2
3894979,2
3877118,2
3879721,2
3813134,2
3909204,2
3896749,2
3888204,2
3885324,2
3912087,2
3876772,2
3886755,2
3895135,2
3899706,2
3895112,2
3875297,2
3911030,2
3911031,2
3908067,2
3900808,2
3881206,2
3905260,2
3910976,2
3908378,2
3906612,2
3884097,2
3892537,2
3888694,2
3895330,2
3839044,2
3905821,2
3892729,2
3911512,2
3877606,2
3890344,2
3909846,2
3867540,2
3912898,2
3870381,2
3859464,2
3877941,2
3899075,2
3908859,2
3845051,2
3904572,2
3875012,2
3910254,2
3913201,2
3879321,2
3896377,2
3853831,2
3907744,2
3907883,2
3910555,2
3885063,2
3893805,2
3899520,2
3910659,2
3903634,2
3899563,2
3886675,2
3897869,2
3905147,2
3814685,2
3900761,2
3896820,2
3883985,2
3879748,2
3908133,2
3909403,2
3895312,2
3889663,2
3905489,2
3909370,2
3875564,2
3894448,2
3850190,2
3905720,2
3894461,2
3908653,2
3895563,2
3911507,2
3855023,2
3850451,2
3904172,2
3877837,2
3850732,2
3869233,2
3910097,2
3887570,2
3890546,2
3912914,2
3858101,2
3859355,2
3908860,2
3887663,2
3908934,2
3818391,2
3900502,26
3863817,2
3856369,2
3886454,2
3899199,2
3910556,2
3909124,2
3899298,2
3897794,2
3838566,2
3892127,2
3909097,2
3841319,2
3885252,2
3913599,2
3904900,2
3914813,2
3913470,2
3909263,2
3909262,2
3912164,2
3878226,32
3913846,2
3908068,2
3903603,2
3906549,2
3905394,2
3892366,2
3913816,2
3900811,2
3908250,2
3891175,2
3895238,2
3882901,2
3911227,2
3888763,2
3874686,2
3896999,2
3894405,2
3902908,2
3818079,2
3785191,2
3905825,2
3912581,2
3857778,2
3909785,2
3897333,2
3915333,2
3909902,2
3884479,2
3907072,2
3914416,2
3912814,2
3855157,2
3869290,2
3910109,2
3863576,2
3910255,2
3915811,2
3906062,2
3897667,2
3897619,2
3900497,26
3882229,2
3899279,2
3872412,2
3914812,2
3890820,2
3911975,2
3881069,2
3895097,2
3893806,2
3912046,2
3889529,2
3910777,2
3913646,2
3829191,2
3913562,2
3912086,2
3899614,2
3912080,2
3910977,2
3881087,2
3909228,2
3897980,2
3906440,2
3877353,2
3903696,2
3902519,2
3908284,2
3903789,2
3903666,2
3905583,2
3900987,2
3872845,2
3864359,2
3909585,2
3897382,2
3875888,2
3866360,2
3917208,2
3887183,2
3889063,2
3897383,2
3842154,2
3839422,2
3866505,2
3907264,2
3898816,2
3915692,2
3906061,2
3895897,2
3852496,2
3889115,2
3866695,2
3914561,2
3894924,2
3906111,2
3859692,2
3890933,2
3880795,2
3880930,2
3904901,2
3914734,2
3883785,2
3900717,2
3911976,2
3891104,2
3912063,2
3916439,2
3883830,2
3896821,2
3916740,2
3885737,2
3903744,2
3898073,2
3915062,2
3900971,2
3896989,2
3872679,2
3897214,2
3894177,2
3886813,2
3903846,2
3909604,2
3847453,2
3891841,2
3908695,2
3883205,2
3914334,2
3912603,2
3881826,2
3893005,2
3886245,2
3905934,2
3893141,2
3869299,2
3883627,2
3915866,2
3808685,2
3897620,2
3866671,2
3893202,2
3877969,2
3909022,2
3911866,2
3907807,2
3855303,2
3909125,2
3911914,2
3916238,2
3902300,2
3900694,2
3909213,2
3885330,2
3902364,2
3916440,2
3903545,2
3912113,2
3913812,2
3905240,2
3903546,2
3903745,2
3903658,2
3917880,2
3911016,2
3909390,2
3908264,2
3857644,2
3894263,2
3849227,2
3902931,2
3826741,2
3867247,2
3847452,2
3875995,2
3895469,2
3909719,2
3915332,2
3919934,2
3918317,2
3918358,2
3900217,2
3909843,2
3911591,2
3864931,2
3894675,2
3853462,2
3896100,2
3920251,2
3908951,2
3901866,30
3908935,2
3858100,2
3892084,2
3908936,2
3906112,2
3883600,2
3903377,2
3896346,2
3894980,2
3916236,2
3877067,2
3900700,2
3911950,2
3920493,2
3916332,2
3912062,2
3913522,2
3874337,2
3909212,2
3906423,2
3916303,2
3891192,2
3906452,2
3914871,2
3913647,2
3905231,2
3902500,2
3911021,2
3871572,2
3906593,2
3900988,2
3896988,2
3917994,2
3886885,2
3917993,2
3805024,2
3919864,2
3843673,2
3849390,2
3914333,2
3902985,2
3918357,2
3898593,2
3857922,2
3886354,2
3917276,2
3869298,2
3883526,2
3863722,2
3918672,2
3917277,2
3838296,2
3907265,2
3881995,2
3921614,2
3915849,2
3884956,2
3913200,2
3828186,2
3879008,2
3875172,2
3921774,2
3871088,2
3882554,2
3890725,2
3917664,2
3896520,2
3916355,2
3916302,2
3920362,2
3920487,2
3920492,2
3910667,2
3893733,2
3914916,2
3902306,2
3888450,2
3912079,2
3912189,2
3913831,2
3895074,2
3906497,2
3889603,2
3913813,2
3909240,2
3790430,2
3857347,2
3916682,2
3898094,2
3906548,2
3908277,2
3916656,2
3912147,2
3919675,2
3889676,2
3899753,2
3903687,2
3900920,2
3900995,2
3912279,2
3881209,2
3906647,2
3886925,2
3889722,2
3915081,2
3792542,2
3911335,2
3919674,2
3863323,2
3905584,2
3870041,2
3878570,2
3883206,2
3906792,2
3892658,2
3909689,2
3898294,2
3901257,2
3912517,2
3877715,2
3912747,2
3918193,2
3918194,2
3884436,2
3891682,2
3908741,2
3860565,2
3920004,2
3890100,2
3915490,2
3915491,2
3791288,2
3869350,2
3893004,2
3905977,2
3921240,2
3784370,2
3895755,2
3886436,2
3912882,2
3898788,2
3907314,2
3913001,2
3920259,2
3870794,2
3917410,2
3918730,2
3900521,26
3910434,2
3906098,2
3845266,2
3904629,2
3897844,2
3907734,2
3873972,2
3889332,2
3900673,2
3919068,2
3907710,2
3920427,2
3917620,2
3920428,2
3920396,2
3916356,2
3892378,2
3885253,2
3917681,2
3881032,2
3905123,2
3906271,2
3882475,2
3920555,2
3920485,2
3915004,2
3903667,2
3912146,2
3911064,2
3917871,2
3880038,2
3919640,2
3906587,2
3900905,2
3911334,2
3906684,2
3860566,2
3869194,2
3894583,2
3846539,2
3912580,2
3857781,2
3922702,2
3918127,2
3844798,2
3918168,2
3875956,2
3876100,2
3897353,2
3876217,2
3904431,2
3924053,2
3901751,30
3896042,2
3911720,2
3920201,2
3917492,2
3920237,2
3907733,2
3909176,2
3900682,2
3907908,2
3919034,2
3917644,2
3920484,2
3914870,2
3896768,2
3896769,2
3910815,2
3922296,2
3920652,2
3895360,2
3909336,2
3919575,2
3911302,2
3922457,2
3911303,2
3892560,2
3911341,2
3900033,2
3889675,2
3911340,2
3923592,2
3886971,2
3912363,2
3898342,2
3923761,2
3923774,2
3793791,2
3900142,2
3878569,2
3903985,2
3900218,2
3917207,2
3907019,2
3850626,2
3911592,2
3907138,2
3925732,2
3912768,2
3889145,2
3904326,2
3922978,2
3892043,2
3924322,2
3901873,30
3861105,2
3904831,2
3897871,2
3910444,2
3923215,2
3924688,2
3917645,2
3868469,2
3921919,2
3905360,2
3910704,2
3883769,2
3880109,2
3866864,2
3924810,2
3916522,2
3914954,2
3923404,2
3926188,2
3917814,2
3919625,2
3923442,2
3912165,2
3908249,2
3888522,2
3908424,2
3919721,2
3908438,2
3917926,2
3908469,2
3905572,2
3877565,2
3912330,2
3850191,2
3911435,2
3900141,2
3890099,2
3886244,2
3912626,2
3922744,2
3922743,2
3905820,2
3920937,2
3862211,2
3835242,2
3822319,2
3900205,2
3924136,2
3900338,2
3896043,2
3880653,2
3918600,2
3895949,2
3863816,2
3927288,2
3861036,2
3919108,2
3900578,26
3831179,2
3914865,2
3878225,32
3902142,2
3906357,2
3909154,2
3919174,2
3924830,2
3916317,2
3924771,2
3927530,2
3811873,2
3883789,2
3874137,2
3906459,2
3869522,2
3924907,2
3926106,2
3864105,2
3925200,2
3909404,2
3923458,2
3928012,2
3911278,2
3909374,2
3905518,2
3902907,2
3909509,2
3911499,2
3922786,2
3923840,2
3917116,2
3924141,2
3918601,2
3926975,2
3901842,30
3904542,2
3910224,2
3867900,2
3910402,2
3908952,2
3926022,2
3910451,2
3900747,2
3911921,2
3926053,2
3920397,2
3927672,2
3923223,2
3902177,2
3924911,2
3872389,2
3906360,2
3912010,2
3923222,2
3902518,2
3924948,2
3914866,2
3912160,2
3914976,2
3914985,2
3927942,2
3914069,2
3923393,2
3912188,2
3926329,2
3929077,2
3906594,2
3928232,2
3871900,2
3802136,2
3922692,2
3887110,2
3925572,2
3929451,2
3824793,2
3922787,2
3898728,2
3912746,2
3801200,2
3928507,2
3914517,2
3928506,2
3915691,2
3917286,2
3896181,2
3917411,2
3915915,2
3898789,2
3918750,2
3924492,2
3908964,2
3907407,2
3904550,2
3890817,2
3923324,2
3927677,2
3923323,2
3926107,2
3914922,2
3926189,2
3883930,2
3909233,2
3926303,2
3848911,2
3928011,2
3916521,2
3905451,2
3910834,2
3911112,2
3884077,2
3908263,2
3928156,2
3923511,2
3923547,2
3920688,2
3925222,2
3917044,2
3912329,2
3894393,2
3923529,2
3902697,2
3928231,2
3923631,2
3919926,2
3857779,2
3929512,2
3890161,2
3922882,2
3921181,2
3918318,2
3929742,2
3931347,2
3911766,2
3921295,2
3922904,2
3838263,2
3906090,2
3895898,2
3798498,2
3903276,2
3886332,2
3917512,2
3898888,2
3923110,2
3906187,2
3910403,2
3900567,26
3868229,2
3882214,2
3907827,2
3930360,2
3916316,2
3919209,2
3893551,2
3930361,2
3909234,2
3893740,2
3930450,2
3831472,2
3916237,2
3923270,2
3883790,2
3915048,2
3926095,2
3930803,2
3920651,2
3908226,2
3926305,2
3930796,2
3916880,2
3914068,2
3930868,2
3886928,2
3894455,2
3850322,2
3900132,2
3905719,2
3911468,2
3888978,2
3901193,2
3898452,2
3917115,2
3929511,2
3928434,2
3890303,2
3883467,2
3922945,2
3900517,26
3838262,2
3907251,2
3923167,2
3863974,2
3917526,2
3931535,2
3928723,2
3906188,2
3926023,2
3927256,2
3906321,2
3899313,2
3920363,2
3924896,2
3914809,2
3922079,2
3904813,2
3928888,2
3897695,2
3909249,2
3927678,2
3920564,2
3914875,2
3923275,2
3912047,2
3920551,2
3909241,2
3908390,2
3917830,2
3925086,2
3916683,2
3923392,2
3931849,2
3916692,2
3917776,2
3926293,2
3913817,2
3931919,2
3909416,2
3900951,2
3923581,2
3914029,2
3923593,2
3914145,2
3923615,2
3889984,2
3926633,2
3933996,2
3909978,2
3799587,2
3890315,2
3802512,2
3924005,2
3894743,2
3890314,2
3929783,2
3857975,2
3898842,2
3887412,2
3884902,2
3914594,2
3880721,2
3904433,2
3884797,2
3878009,2
3908885,2
3924493,2
3910476,2
3916342,2
3907484,2
3900543,26
3914830,2
3924563,2
3911949,2
3930264,2
3930289,2
3922024,2
3933258,2
3931716,2
3930516,2
3906496,2
3934535,2
3926190,2
3926094,2
3925201,2
3869696,2
3931862,2
3919703,2
3886758,2
3908010,2
3911065,2
3920571,2
3925177,2
3923548,2
3929078,2
3919565,2
3917881,2
3916881,2
3914096,2
3928129,2
3917043,2
3908548,2
3816329,2
3860682,2
3928430,2
3823851,2
3905853,2
3922780,2
3934053,2
3933995,2
3835077,2
3872022,2
3926776,2
3795787,2
3894668,2
3935277,2
3934115,2
3890384,2
3805297,2
3932555,2
3932618,2
3922977,2
3915946,2
3911861,2
3931429,2
3910280,2
3932876,2
3935552,2
3914635,2
3899168,2
3879747,2
3834422,2
3919107,2
3928900,2
3856741,2
3869634,2
3886577,2
3933257,2
3934479,2
3921977,2
3899450,2
3931736,2
3899537,2
3905146,2
3905261,2
3916655,2
3913614,2
3914975,2
3916703,2
3927965,2
3915061,2
3895361,2
3928220,2
3923578,2
3915077,2
3908437,2
3912300,2
3928108,2
3917024,2
3906685,2
3884160,2
3902922,2
3903861,2
3880452,2
3925573,2
3903970,2
3923818,2
3936871,2
3925659,2
3920010,2
3920938,2
3856331,2
3897352,2
3903132,2
3920099,2
3921416,2
3909937,2
3931311,2
3921538,2
3849459,2
3927021,2
3912891,2
3893201,2
3893273,2
3922975,2
3925885,2
3855378,2
3915947,2
3900501,26
3897719,2
3935674,2
3916024,2
3901906,30
3923086,2
3876777,2
3924486,2
3910468,2
3906205,2
3899200,2
3927540,2
3903437,2
3909091,2
3917778,2
3937356,2
3917827,2
3894073,2
3906450,2
3916665,2
3933533,2
3934633,2
3934634,2
3913830,2
3922458,2
3923484,2
3829923,2
3936488,2
3931874,2
3926378,2
3909389,2
3926379,2
3919700,2
3908564,2
3915202,2
3926592,2
3905862,2
3909784,2
3887109,2
3919972,2
3890293,2
3935276,2
3918515,2
3828221,2
3912954,2
3922946,2
3798628,2
3901843,30
3874999,2
3931437,2
3890595,2
3894910,2
3932879,2
3923082,2
3897644,2
3880796,2
3892125,2
3897791,2
3924811,2
3924953,2
3911922,2
3895111,2
3919035,2
3936140,2
3923330,2
3934541,2
3913787,2
3928950,2
3934636,2
3914953,2
3920618,2
3917793,2
3919576,2
3923523,2
3936262,2
3911017,2
3908285,2
3927793,2
3936649,2
3917025,2
3923535,2
3902874,2
3835076,2
3892657,2
3844634,2
3909638,2
3925561,2
3866316,2
3922779,2
3935174,2
3870441,2
3903131,2
3907313,2
3939753,2
3901577,30
3886082,2
3845052,2
3852495,2
3921566,2
3914530,2
3906156,2
3938504,2
3934404,2
3910443,2
3903475,2
3866824,2
3906251,2
3896432,2
3924487,2
3928833,2
3937269,2
3938827,2
3928899,2
3920554,2
3937327,2
3928903,2
3928904,2
3917777,2
3927625,2
3927779,2
3907826,2
3937362,2
3910835,2
3934561,2
3923259,2
3940199,2
3927966,2
3861247,2
3917815,2
3913780,2
3906434,2
3889608,2
3926304,2
3931856,2
3912268,2
3930802,2
3919566,2
3930918,2
3917872,2
3911279,2
3923616,2
3909490,2
3933892,2
3912498,2
3935026,2
3886213,2
3874885,2
3920011,2
3875000,2
3936872,2
3940792,2
3938238,2
3890345,2
3928643,2
3937000,2
3936947,2
3915848,2
3931438,2
3937129,2
3924561,2
3921639,2
3913162,2
3873708,2
3937139,2
3924562,2
3935845,2
3913250,2
3940000,2
3930303,2
3910461,2
3911929,2
3941758,2
3941661,2
3934546,2
3879674,2
3937313,2
3941759,2
3922025,2
3922058,2
3923335,2
3931683,2
3924908,2
3860079,2
3927943,2
3936364,2
3931857,2
3930797,2
3922501,2
3942168,2
3930917,2
3933836,2
3909489,2
3855826,2
3895468,2
3878758,2
3912499,2
3909842,2
3905852,2
3934120,2
3856350,2
3940930,2
3935303,2
3900337,2
3889028,2
3889094,2
3939846,2
3838227,2
3924195,2
3914593,2
3893405,2
3898782,2
3932824,2
3896279,2
3893333,2
3931493,2
3894878,2
3887901,2
3908920,2
3942821,2
3942820,2
3932945,2
3934446,2
3935823,2
3911900,2
3919173,2
3910389,2
3934434,2
3906261,2
3924947,2
3941644,2
3921976,2
3924895,2
3931717,2
3916255,2
3931534,2
3937326,2
3930517,2
3940160,2
3927714,2
3940174,2
3927780,2
3939124,2
3937398,2
3924874,2
3943036,2
3917743,2
3936369,2
3943115,2
3941891,2
3923524,2
3917765,2
3925085,2
3936306,2
3928052,2
3931918,2
3940313,2
3939409,2
3928157,2
3936650,2
3934776,2
3899880,2
3813602,2
3902909,2
3867772,2
3928433,2
3922802,2
3904283,2
3926634,2
3938034,2
3939752,2
3940908,2
3926819,2
3888977,2
3889009,2
3912899,2
3943908,2
3920238,2
3943977,2
3918671,2
3904685,2
3899251,2
3938503,2
3853859,2
3815605,2
3941476,2
3933110,2
3937268,2
3944262,2
3921598,2
3924770,2
3913533,2
3916624,2
3937325,2
3934545,2
3941660,2
3906217,2
3928949,2
3923443,2
3934631,2
3939141,2
3939080,2
3881208,2
3927946,2
3933624,2
3914891,2
3937488,2
3931930,2
3942148,2
3939334,2
3896973,2
3939333,2
3931984,2
3931920,2
3926441,2
3905615,2
3942269,2
3912365,2
3933891,2
3921103,2
3884263,2
3919971,2
3878757,2
3904134,2
3943655,2
3928500,2
3859593,2
3913059,2
3873413,2
3932586,2
3824119,2
3911765,2
3845519,2
3904432,2
3908807,2
3932601,2
3944107,2
3920250,2
3812923,2
3904830,2
3944200,2
3911862,2
3942957,2
3942958,2
3944280,2
3903455,2
3938561,2
3934445,2
3944284,2
3944431,2
3923329,2
3903421,2
3931636,2
3924731,2
3883812,2
3941645,2
3899800,2
3934630,2
3941749,2
3941915,2
3945920,33
3929032,2
3941914,2
3936279,2
3943103,2
3933726,2
3912125,2
3926425,2
3933623,2
3940345,2
3945053,2
3931979,2
3940396,2
3922502,2
3933574,2
3894072,2
3926362,2
3923557,2
3917045,2
3915203,2
3939527,2
3917153,2
3946397,33
3925658,2
3945264,2
3923937,2
3940929,2
3924142,2
3946807,33
3925793,2
3910326,2
3946865,33
3943978,2
3913163,2
3942782,2
3930263,2
3918870,2
3914810,2
3934563,2
3910666,2
3941745,2
3933323,2
3944361,2
3924831,2
3945738,2
3937314,2
3895051,2
3916235,2
3934576,2
3909160,2
3895311,2
3939142,2
3947544,2
3931684,2
3930687,2
3943112,2
3943102,2
3931848,2
3941991,2
3929159,2
3947793,2
3922297,2
3931921,2
3909417,2
3945052,2
3936593,2
3919887,2
3928429,2
3886141,2
3877675,2
3922703,2
3878683,2
3928427,2
3926591,2
3925531,2
3900208,2
3918126,2
3892978,2
3923791,2
3945323,2
3920095,2
3903123,2
3877678,2
3912760,2
3942567,2
3925794,2
3939845,2
3946816,33
3939870,2
3934272,2
3923081,2
3906218,2
3939948,2
3875260,2
3834037,2
3893568,2
3848048,2
3920476,2
3910778,2
3939159,2
3919522,2
3923437,2
3937481,2
3922390,2
3936426,2
3925336,2
3947762,2
3931969,2
3944991,2
3901058,2
3932372,2
3945386,2
3917353,2
3927020,2
3891834,2
3943864,2
3931427,2
3935610,2
3846651,2
3924383,2
3910472,2
3945674,2
3947017,33
3947203,33
3933109,2
3940087,2
3918989,2
3913615,2
3948567,2
3944516,2
3943013,2
3945831,33
3945839,33
3925247,2
3899536,2
3944682,2
3936370,2
3939058,2
3899551,2
3908379,2
3939059,2
3936427,2
3928049,2
3939271,2
3931952,2
3947679,2
3917783,2
3916907,2
3923469,2
3929181,2
3933729,2
3936620,2
3946018,33
3946020,33
3947967,2
3942517,2
3907137,2
3937853,2
3886249,2
3932371,2
3940907,2
3886341,2
3915867,2
3930017,2
3873865,2
3918749,2
3930302,2
3942727,2
3938409,2
3948448,2
3917513,2
3927634,2
3945769,2
3913521,2
3947146,33
3941744,2
3940113,2
3928895,2
3912009,2
3948566,2
3930449,2
3934637,2
3951507,2
3933131,2
3936136,2
3945863,33
3931954,2
3928964,2
3941706,2
3898093,2
3950430,2
3948724,2
3948762,2
3939208,2
3948836,2
3948835,2
3926383,2
3939517,2
3923468,2
3940397,2
3942268,2
3923621,2
3874889,2
3886250,2
3932126,2
3943603,2
3912656,2
3888922,2
3866292,2
3943669,2
3904197,2
3940791,2
3938083,2
3927044,2
3951085,2
3949611,2
3951084,2
3949561,2
3934186,2
3931513,2
3921672,2
3921613,2
3903275,2
3935875,2
3910338,2
3814737,2
3947138,33
3947016,33
3937343,2
3914880,2
3951352,2
3934518,2
3928954,2
3936141,2
3892420,2
3906320,2
3940173,2
3944581,2
3945864,33
3930616,2
3941874,2
3944707,2
3951470,2
3951474,2
3937489,2
3937363,2
3931873,2
3944740,2
3943116,2
3922338,2
3931744,2
3942149,2
3948767,2
3936348,2
3947672,2
3947678,2
3888495,2
3937585,2
3936349,2
3934803,2
3939460,2
3854895,2
3939526,2
3920900,2
3919935,2
3953585,2
3949197,2
3912397,2
3937918,2
3949236,2
3900239,2
3935401,2
3873482,2
3939842,2
3903177,2
3932823,2
3910281,2
3867778,2
3943937,2
3901803,30
3954002,2
3901825,30
3934336,2
3934185,2
3944281,2
3920277,2
3934308,2
3899280,2
3935824,2
3945726,2
3948513,2
3938578,2
3934433,2
3882235,2
3844197,2
3948543,2
3951353,2
3922004,2
3930617,2
3954208,2
3902447,2
3923356,2
3925030,2
3923436,2
3923276,2
3936307,2
3951506,2
3911020,2
3923355,2
3933532,2
3906441,2
3954401,2
3950544,2
3930705,2
3946021,33
3939178,2
3934723,2
3929160,2
3937651,2
3937591,2
3922631,2
3903862,2
3923775,2
3931148,2
3948059,2
3933930,2
3939672,2
3942527,2
3954780,2
3935175,2
3923885,2
3845087,2
3889960,2
3897492,2
3955008,2
3937001,2
3893132,2
3942611,2
3918608,2
3949562,2
3886353,2
3922974,2
3857976,2
3924371,2
3949614,2
3917354,2
3942771,2
3954001,2
3951172,2
3915831,2
3948449,2
3942772,2
3944084,2
3838249,2
3924538,2
3941309,2
3954022,2
3944209,2
3955493,2
3924689,2
3911915,2
3923192,2
3914890,2
3934560,2
3949987,2
3944435,2
3913567,2
3927671,2
3909098,2
3889487,2
3916339,2
3954260,2
3927701,2
3923307,2
3911982,2
3944582,2
3937428,2
3950385,2
3940246,2
3945921,33
3928053,2
3939306,2
3951558,2
3945982,33
3936619,2
3946069,33
3936594,2
3919704,2
3906637,2
3909686,2
3914234,2
3923630,2
3933958,2
3912396,2
3911434,2
3926595,2
3920003,2
3946293,33
3923992,2
3911511,2
3923886,2
3911508,2
3911467,2
3940863,2
3822246,2
3938218,2
3927045,2
3931383,2
3883474,2
3955161,2
3949764,2
3938270,2
3917525,2
3911843,2
3900522,26
3924372,2
3944022,2
3938579,2
3910639,2
3934352,2
3911842,2
3886437,2
3951300,2
3955551,2
3873687,2
3944467,2
3938844,2
3878230,32
3944708,2
3921955,2
3956991,2
3948597,2
3954259,2
3938857,2
3913594,2
3955904,2
3926214,2
3945979,33
3948682,2
3940285,2
3945945,33
3956111,2
3888645,2
3940454,2
3953465,2
3840344,2
3947873,2
3953461,2
3954517,2
3933837,2
3948894,2
3951639,2
3901055,2
3948912,2
3918009,2
3942429,2
3909511,2
3929452,2
3953586,2
3909639,2
3957642,2
3937955,2
3940906,2
3950954,2
3940638,2
3953743,2
3956598,2
3946669,33
3911817,2
3958008,2
3956714,2
3841013,2
3911703,2
3948250,2
3935564,2
3934337,2
3952473,2
3941314,2
3955494,2
3948550,2
3884925,2
3935751,2
3903383,2
3933229,2
3938627,2
3944263,2
3948512,2
3944201,2
3945727,2
3933244,2
3922019,2
3956963,2
3940116,2
3954238,2
3954242,2
3930470,2
3958608,2
3944739,2
3934506,2
3953090,2
3948641,2
3954207,2
3945783,2
3914915,2
3950292,2
3953159,2
3956200,2
3942041,2
3942042,2
3943256,2
3905599,2
3919641,2
3946086,33
3956192,2
3946062,33
3931951,2
3937658,2
3940336,2
3953433,2
3932037,2
3894429,2
3870095,2
3919875,2
3917126,2
3956466,2
3877714,2
3906793,2
3934121,2
3900238,2
3957693,2
3936850,2
3921104,2
3957643,2
3949177,2
3939683,2
3958007,2
3945399,2
3901576,30
3856748,2
3954021,2
3942762,2
3949842,2
3956792,2
3955373,2
3913419,2
3917447,2
3900538,26
3937089,2
3904571,2
3952683,2
3958288,2
3918869,2
3942781,2
3904689,2
3906262,2
3956936,2
3955604,2
3911890,2
3940100,2
3959781,2
3940115,2
3928894,2
3940200,2
3937357,2
3953042,2
3957084,2
3941748,2
3924730,2
3937324,2
3954221,2
3910658,2
3934603,2
3954295,2
3959965,2
3951561,2
3951534,2
3947761,2
3942002,2
3954400,2
3956012,2
3959133,2
3909229,2
3950642,2
3957299,2
3947822,2
3953544,2
3953545,2
3957334,2
3872844,2
3903819,2
3942340,2
3925619,2
3946172,33
3959319,2
3949130,2
3956507,2
3914396,2
3933929,2
3956506,2
3954855,2
3928454,2
3937852,2
3925736,2
3891798,2
3913058,2
3932619,2
3953945,2
3866672,2
3939954,2
3944108,2
3897718,2
3947250,33
3947251,33
3895072,2
3937223,2
3952604,2
3881825,2
3952909,2
3952856,2
3959782,2
3957085,2
3951398,2
3905276,2
3944432,2
3923341,2
3933316,2
3954276,2
3958713,2
3954361,2
3955905,2
3950030,2
3931772,2
3940314,2
3954296,2
3944802,2
3937574,2
3961649,2
3954237,2
3945934,33
3945018,2
3945978,33
3937486,2
3950498,2
3961919,2
3950660,2
3944954,2
3953464,2
3953460,2
3956242,2
3908547,2
3926442,2
3946116,33
3946117,33
3909510,2
3832305,2
3931149,2
3943411,2
3911500,2
3889008,2
3846454,2
3948010,2
3949027,2
3938278,2
3922881,2
3900316,2
3938219,2
3951025,2
3943795,2
3877931,2
3912769,2
3882050,2
3960905,2
3915810,2
3935760,2
3958404,2
3961039,2
3938602,2
3956818,2
3959777,2
3951299,2
3948544,2
3945739,2
3945753,2
3940159,2
3947264,33
3961494,2
3962776,2
3923459,2
3943014,2
3945849,33
3948598,2
3937312,2
3954342,2
3962832,2
3956000,2
3950429,2
3950386,2
3956241,2
3937601,2
3909584,2
3912516,2
3936767,2
3871956,2
3939622,2
3945318,2
3945385,2
3960492,2
3922865,2
3928426,2
3924115,2
3939862,2
3912761,2
3938239,2
3830769,2
3906272,2
3963918,2
3934225,2
3956793,2
3928802,2
3935846,2
3920260,2
3927257,2
3944362,2
3863822,2
3964030,2
3941515,2
3900544,26
3904812,2
3919069,2
3944208,2
3952765,2
3947241,33
3955593,2
3961355,2
3954179,2
3962658,2
3959851,2
3959852,2
3955838,2
3948723,2
3958616,2
3947509,2
3964369,2
3955837,2
3955919,2
3959947,2
3948687,2
3936137,2
3902446,2
3958835,2
3943208,2
3944783,2
3950455,2
3944917,2
3956125,2
3943113,2
3953306,2
3937569,2
3951562,2
3961918,2
3956156,2
3934774,2
3931970,2
3926444,2
3963089,2
3957445,2
3939648,2
3883284,2
3907018,2
3965009,2
3912602,2
3901548,30
3959482,2
3934114,2
3953884,2
3942566,2
3944021,2
3958217,2
3958095,2
3920200,2
3952603,2
3956885,2
3927531,2
3961110,2
3964029,2
3911928,2
3939947,2
3962570,2
3952855,2
3954018,2
3964154,2
3959763,2
3933228,2
3927529,2
3930630,2
3944655,2
3961354,2
3939081,2
3923260,2
3959938,2
3957049,2
3945848,33
3958680,2
3962782,2
3948763,2
3961663,2
3886754,2
3957164,2
3958962,2
3962866,2
3944916,2
3943257,2
3947838,2
3951610,2
3939207,2
3964662,2
3942291,2
3948766,2
3959127,2
3962970,2
3950659,2
3937657,2
3877566,2
3939535,2
3870070,2
3832464,2
3945285,2
3935025,2
3939621,2
3924054,2
3912881,2
3900498,26
3897432,2
3952160,2
3965147,2
3958002,2
3945428,2
3918693,2
3831073,2
3953807,2
3949615,2
3943790,2
3952417,2
3944292,2
3938628,2
3952684,2
3959795,2
3951323,2
3918999,2
3966903,2
3940003,2
3958442,2
3944466,2
3926040,2
3881033,2
3954283,2
3955545,2
3965525,2
3941479,2
3964223,2
3958573,2
3913547,2
3954220,2
3955878,2
3903633,2
3882555,2
3931992,2
3954343,2
3950641,2
3936667,2
3945019,2
3951577,2
3965700,2
3951594,2
3965701,2
3956084,2
3942055,2
3954416,2
3931973,2
3908423,2
3945094,2
3833209,2
3957357,2
3965904,2
3959255,2
3949178,2
3931163,2
3946396,33
3936857,2
3943410,2
3953787,2
3828185,2
3943654,2
3959481,2
3957741,2
3957797,2
3939805,2
3943938,2
3955082,2
3859443,2
3956684,2
3959685,2
3966543,2
3956753,2
3966488,2
3932688,2
3940002,2
3962554,2
3904688,2
3932689,2
3919076,2
3966782,2
3932832,2
3956962,2
3961269,2
3964153,2
3968259,2
3942889,2
3961502,2
3965502,2
3932990,2
3962635,2
3962657,2
3962793,2
3954243,2
3965503,2
3954277,2
3940268,2
3958859,2
3939177,2
3922339,2
3960050,2
3929031,2
3951578,2
3960081,2
3967438,2
3964685,2
3968466,2
3953305,2
3960152,2
3947792,2
3967585,2
3940425,2
3937568,2
3957300,2
3960124,2
3908675,2
3967731,2
3843651,2
3933942,2
3925497,2
3959254,2
3957418,2
3953707,2
3965008,2
3953744,2
3949235,2
3949333,2
3956568,2
3956599,2
3949367,2
3915505,2
3952161,2
3835289,2
3966320,2
3924135,2
3939869,2
3862394,2
3956827,2
3859444,2
3965230,2
3887689,2
3966845,2
3947222,33
3956927,2
3955546,2
3966950,2
3959776,2
3965347,2
3933106,2
3958543,2
3967151,2
3965484,2
3930471,2
3959903,2
3948688,2
3955895,2
3965584,2
3962781,2
3962863,2
3967439,2
3962865,2
3962831,2
3951489,2
3965780,2
3951631,2
3957249,2
3959132,2
3917042,2
3932125,2
3866287,2
3931193,2
3943478,2
3948980,2
3917125,2
3824794,2
3839045,2
3970605,2
3830788,2
3830789,2
3931244,2
3963528,2
3943865,2
3918514,2
3956569,2
3936974,2
3970799,2
3920176,2
3915745,2
3906091,2
3886309,2
3961149,2
3941308,2
3937130,2
3923123,2
3897713,2
3969537,2
3944416,2
3969699,2
3962597,2
3832723,2
3969738,2
3968312,2
3961401,2
3962636,2
3930431,2
3959937,2
3959794,2
3952830,2
3921920,2
3917597,2
3959886,2
3962677,2
3971205,2
3968383,2
3961518,2
3957013,2
3878155,32
3961650,2
3964464,2
3951475,2
3956001,2
3959934,2
3956031,2
3968368,2
3944803,2
3937480,2
3957181,2
3967309,2
3941990,2
3962926,2
3958838,2
3937587,2
3954284,2
3968505,2
3948793,2
3946068,33
3933725,2
3954475,2
3967591,2
3936701,2
3962054,2
3957428,2
3949108,2
3844799,2
3968769,2
3953763,2
3836039,2
3968968,2
3939625,2
3971975,2
3956707,2
3956685,2
3946866,33
3938165,2
3958001,2
3972093,2
3944083,2
3958094,2
3924525,2
3959573,2
3915945,2
3970918,2
3938502,2
3956814,2
3961104,2
3956798,2
3841155,2
3966649,2
3949843,2
3944291,2
3972448,2
3965297,2
3959762,2
3969737,2
3971047,2
3957003,2
3899697,2
3971097,2
3942890,2
3971096,2
3961467,2
3955722,2
3971204,2
3958609,2
3961495,2
3964193,2
3972867,2
3955877,2
3972854,2
3880076,2
3917682,2
3957202,2
3965605,2
3972977,2
3965677,2
3970103,2
3965676,2
3957155,2
3956191,2
3960080,2
3954435,2
3967590,2
3951533,2
3970237,2
3951649,2
3973207,2
3970399,2
3960126,2
3967613,2
3957278,2
3942169,2
3936700,2
3880387,2
3968726,2
3922803,2
3924006,2
3970573,2
3957757,2
3923991,2
3945431,2
3935111,2
3911581,2
3956705,2
3935379,2
3957836,2
3937965,2
3901615,30
3952463,2
3955329,2
3945430,2
3916197,2
3959557,2
3926920,2
3968029,2
3952578,2
3966650,2
3969548,2
3938460,2
3866589,2
3956819,2
3966838,2
3959748,2
3944417,2
3961358,2
3948590,2
3967052,2
3967053,2
3969700,2
3957021,2
3972617,2
3967184,2
3879527,2
3961466,2
3965483,2
3964463,2
3952908,2
3947779,2
3952934,2
3936379,2
3972890,2
3948794,2
3838676,2
3941971,2
3970260,2
3968533,2
3954360,2
3968523,2
3957335,2
3920770,2
3886083,2
3970550,2
3928309,2
3960394,2
3926596,2
3962243,2
3960567,2
3945256,2
3970738,2
3943602,2
3969076,2
3962408,2
3894852,2
3973637,2
3972258,2
3972181,2
3960906,2
3911704,2
3928673,2
3963727,2
3963726,2
3937120,2
3963821,2
3921597,2
3935611,2
3930018,2
3893864,2
3944405,2
3961468,2
3958617,2
3972710,2
3933105,2
3945838,33
3954268,2
3958582,2
3956990,2
3972753,2
3969988,2
3965657,2
3953016,2
3971233,2
3952857,2
3968384,2
3971276,2
3919603,2
3974220,2
3962960,2
3943209,2
3964663,2
3973290,2
3967684,2
3967487,2
3948893,2
3976145,2
3866293,2
3949067,2
3973400,2
3956385,2
3967782,2
3974375,2
3923819,2
3932139,2
3949198,2
3956526,2
3954735,2
3926679,2
3957694,2
3875801,2
3936973,2
3907541,2
3969434,2
3924524,2
3915916,2
3969435,2
3921565,2
3899160,2
3944422,2
3961184,2
3942769,2
3966902,2
3955372,2
3956928,2
3959637,2
3928876,2
3972548,2
3971069,2
3955605,2
3950161,2
3969908,2
3958593,2
3919604,2
3964194,2
3934617,2
3957087,2
3975637,2
3967310,2
3917784,2
3955918,2
3964427,2
3974077,2
3972963,2
3967259,2
3967260,2
3947545,2
3934722,2
3959172,2
3959126,2
3967584,2
3968639,2
3953554,2
3963150,2
3962109,2
3949109,2
3953659,2
3871950,2
3953619,2
3973401,2
3967853,2
3968854,2
3940593,2
3957558,2
3843674,2
3950905,2
3969169,2
3924116,2
3911641,2
3953830,2
3938100,2
3949376,2
3974746,2
3869325,2
3892007,2
3886340,2
3846650,2
3972180,2
3945582,2
3939953,2
3949645,2
3977706,2
3955073,2
3972298,2
3934384,2
3916198,2
3932944,2
3906214,2
3932831,2
3978355,2
3926039,2
3942991,2
3954156,2
3911983,2
3969907,2
3957163,2
3964384,2
3978510,2
3970203,2
3964460,2
3956199,2
3940286,2
3970332,2
3961966,2
3973300,2
3976147,2
3977184,2
3978964,2
3917152,2
3925629,2
3974537,2
3949066,2
3936830,2
3953708,2
3956538,2
3971854,2
3953762,2
3957796,2
3969086,2
3969278,2
3971969,2
3931348,2
3943668,2
3966721,2
3966722,2
3956828,2
3973740,2
3969423,2
3942740,2
3977963,2
3975132,2
3842153,2
3969549,2
3914735,2
3965373,2
3848370,2
3910471,2
3942845,2
3941480,2
3972702,2
3937252,2
3953061,2
3965526,2
3964385,2
3978322,2
3964254,2
3975636,2
3978511,2
3968311,2
3972616,2
3962734,2
3961813,2
3965604,2
3974076,2
3957156,2
3956124,2
3860252,2
3979793,2
3943009,2
3971379,2
3970467,2
3840805,2
3977227,2
3963149,2
3957559,2
3935302,2
3938271,2
3959344,2
3963500,2
3960626,2
3969341,2
3935553,2
3975026,2
3901750,30
3965229,2
3970927,2
3925854,2
3911762,2
3958274,2
3976561,2
3969723,2
3975131,2
3976538,2
3965290,2
3947139,33
3952935,2
3904676,2
3962596,2
3958287,2
3972709,2
3973952,2
3967157,2
3976775,31
3978298,2
3978255,2
3973953,2
3967042,2
3931745,2
3916741,2
3972919,2
3954286,2
3965541,2
3976901,2
3973044,2
3958860,2
3978667,2
3978611,2
3968462,2
3962956,2
3947823,2
3970236,2
3965659,2
3956307,2
3967573,2
3964862,2
3889813,2
3973367,2
3857782,2
3905786,2
3962181,2
3957557,2
3960347,2
3981929,2
3943751,2
3847503,2
3946292,33
3957742,2
3841053,2
3949553,2
3915900,2
3873453,2
3973638,2
3908808,2
3938467,2
3971970,2
3966331,2
3906052,2
3982094,2
3942644,2
3941155,2
3976507,2
3977927,2
3962407,2
3980639,2
3897561,2
3955160,2
3956764,2
3961136,2
3862297,2
3941455,2
3980791,2
3928912,2
3910569,2
3971046,2
3941717,2
3968172,2
3935784,2
3941707,2
3975467,2
3971146,2
3981101,2
3971086,2
3961503,2
3978299,2
3972752,2
3973997,2
3886735,2
3981229,2
3959944,2
3968391,2
3972795,2
3971234,2
3965660,2
3974071,2
3964428,2
3971275,2
3978610,2
3950499,2
3976981,2
3978775,2
3974219,2
3954404,2
3979869,2
3974202,2
3977090,2
3970556,2
3949011,2
3943445,2
3960353,2
3965905,2
3959298,2
3966087,2
3976302,2
3968967,2
3965042,2
3915504,2
3942643,2
3949350,2
3874962,2
3948307,2
3946631,33
3869351,2
3872419,2
3960772,2
3968037,2
3976446,2
3941475,2
3982150,2
3893300,2
3965371,2
3961017,2
3982227,2
3978131,2
3979434,2
3955430,2
3963996,2
3962553,2
3972475,2
3961402,2
3957002,2
3976774,31
3951425,2
3961268,2
3855737,2
3969854,2
3968423,2
3965613,2
3944656,2
3957116,2
3972866,2
3947673,2
3943074,2
3974112,2
3961407,2
3954285,2
3979662,2
3979730,2
3965658,2
3970202,2
3978666,2
3972840,2
3932038,2
3968568,2
3970261,2
3968534,2
3974171,2
3976003,2
3962971,2
3974265,2
3979912,2
3980001,2
3981828,2
3960352,2
3968786,2
3968873,2
3984769,2
3925630,2
3957601,2
3981979,2
3969085,2
3970689,2
3983268,2
3979256,2
3980558,2
3955339,2
3982191,2
3849436,2
3914518,2
3928685,2
3963919,2
3985120,2
3982226,2
3982192,2
3921745,2
3982219,2
3962569,2
3942770,2
3978078,2
3961111,2
3980972,2
3945675,2
3906252,2
3934475,2
3969987,2
3949824,2
3975460,2
3985210,2
3978356,2
3968296,2
3975537,2
3975589,2
3975774,2
3930688,2
3978444,2
3958961,2
3962775,2
3978532,2
3984172,2
3954375,2
3971249,2
3971322,2
3961664,2
3971323,2
3929209,2
3976985,2
3951638,2
3962838,2
3928953,2
3976004,2
3960125,2
3967636,2
3881349,2
3984639,2
3963107,2
3939626,2
3981807,2
3960384,2
3967789,2
3957678,2
3984737,2
3985794,2
3943479,2
3846584,2
3952141,2
3965067,2
3949554,2
3892046,2
3980599,2
3983304,2
3910225,2
3984910,2
3938466,2
3966555,2
3938425,2
3966556,2
3929741,2
3920177,2
3941456,2
3985008,2
3966487,2
3973778,2
3969520,2
3961150,2
3978130,2
3952450,2
3971032,2
3965451,2
3983917,2
3981102,2
3980973,2
3975322,2
3985160,2
3971033,2
3946955,33
3975342,2
3978254,2
3976767,31
3944665,2
3954185,2
3964269,2
3962727,2
3975459,2
3978491,2
3985324,2
3965652,2
3979673,2
3941946,2
3984220,2
3985404,2
3965585,2
3976906,2
3985354,2
3982661,2
3974160,2
3970110,2
3974251,2
3967683,2
3959271,2
3982721,2
3970606,2
3985793,2
3931243,2
3987596,2
3921126,2
3925615,2
3985875,2
3966030,2
3966230,2
3949255,2
3910337,2
3901614,30
3893128,2
3937121,2
3959767,2
3986266,2
3987801,2
3982095,2
3980638,2
3983446,2
3984976,2
3980649,2
3966783,2
3933315,2
3963979,2
3961275,2
3986720,2
3948536,2
3967043,2
3975468,2
3983853,2
3986756,2
3982411,2
3924459,2
3975391,2
3986721,2
3962839,2
3967187,2
3978443,2
3988111,2
3984221,2
3972891,2
3986962,2
3984193,2
3984229,2
3988215,2
3961814,2
3987156,2
3964661,2
3970408,2
3987157,2
3982648,2
3982637,2
3962955,2
3978870,2
3960139,2
3987428,2
3957419,2
3959345,2
3923740,2
3874916,2
3977111,2
3988648,2
3964988,2
3981829,2
3976308,2
3959411,2
3984768,2
3948060,2
3928499,2
3977369,2
3966332,2
3948153,2
3974857,2
3976445,2
3983394,2
3976508,2
3984975,2
3945427,2
3986324,2
3955403,2
3977928,2
3965384,2
3974996,2
3966544,2
3980790,2
3965438,2
3983852,2
3975311,2
3981043,2
3989415,2
3958355,2
3988020,2
3959818,2
3981263,2
3965355,2
3986757,2
3971085,2
3930465,2
3940272,2
3967152,2
3985299,2
3984027,2
3984171,2
3985343,2
3985360,2
3972855,2
3973066,2
3989814,2
3964368,2
3985377,2
3953017,2
3987094,2
3970312,2
3981460,2
3967434,2
3964459,2
3957117,2
3976902,2
3981406,2
3960085,2
3988247,2
3973295,2
3973057,2
3987233,2
3958774,2
3978961,2
3971526,2
3936849,2
3976307,2
3956386,2
3977254,2
3984683,2
3964906,2
3957600,2
3984676,2
3970667,2
3981894,2
3904133,2
3979179,2
3923976,2
3980293,2
3988689,2
3985876,2
3983303,2
3967980,2
3969139,2
3963527,2
3980551,2
3977852,2
3980550,2
3979331,2
3982135,2
3989093,2
3987847,2
3963491,2
3956838,2
3953982,2
3980854,2
3956935,2
3983612,2
3959655,2
3982198,2
3983736,2
3945643,2
3982389,2
3988074,2
3986737,2
3911867,2
3973998,2
3989566,2
3962823,2
3951444,2
3972912,2
3978392,2
3975564,2
3987098,2
3962769,2
3964408,2
3962772,2
3953160,2
3976895,2
3967493,2
3971339,2
3976028,2
3970346,2
3974178,2
3988248,2
3972964,2
3967435,2
3977158,2
3987475,2
3980098,2
3962182,2
3988484,2
3984684,2
3987595,2
3980055,2
3977252,2
3965046,2
3991676,2
3973530,2
3914470,2
3983165,2
3969141,2
3952322,2
3987729,2
3968853,2
3855322,2
3929840,2
3987846,2
3961038,2
3980648,2
3924458,2
3990635,2
3935719,2
3976511,2
3977883,2
3859202,2
3976601,2
3987939,2
3979433,2
3954037,2
3987969,2
3989484,2
3935939,2
3978103,2
3979544,2
3981042,2
3968258,2
3968223,2
3957039,2
3967031,2
3989678,2
3965646,2
3984228,2
3975688,2
3989737,2
3986976,2
3978490,2
3971220,2
3991055,2
3988214,2
3981378,2
3985460,2
3976027,2
3991104,2
3985523,2
3960153,2
3974177,2
3916906,2
3863575,2
3973366,2
3957356,2
3960491,2
3923790,2
3987527,2
3990406,2
3974651,2
3969140,2
3990378,2
3988902,2
3967976,2
3953752,2
3987705,2
3993357,2
3962392,2
3877930,2
3972153,2
3944189,2
3978086,2
3956763,2
3956847,2
3975192,2
3987935,2
3986530,2
3982231,2
3992161,2
3954017,2
3924912,2
3959807,2
3982410,2
3965586,2
3986816,2
3965431,2
3974000,2
3984146,2
3989820,2
3974066,2
3962792,2
3968467,2
3975773,2
3948665,2
3970161,2
3902474,2
3991046,2
3992832,33
3940247,2
3979794,2
3973045,2
3981379,2
3967484,2
3991020,2
3990157,2
3964684,2
3992975,33
3984383,2
3985492,2
3987291,2
3974194,2
3979897,2
3991205,2
3951650,2
3970400,2
3926443,2
3973289,2
3961967,2
3973375,2
3909605,2
3979002,2
3953696,2
3967783,2
3993189,2
3963108,2
3872011,2
3960303,2
3987528,2
3967790,2
3974676,2
3960385,2
3962229,2
3910096,2
3897480,2
3983338,2
3990736,2
3982151,2
3895946,2
3913546,2
3992191,2
3987940,2
3947147,33
3978096,2
3986648,2
3866423,2
3968184,2
3969681,2
3873536,2
3955592,2
3990944,2
3973979,2
3951426,2
3988157,2
3962729,2
3965614,2
3995592,2
3988158,2
3986999,2
3945133,2
3984382,2
3990998,2
3988207,2
3991017,2
3992852,33
3985411,2
3985378,2
3991087,2
3991054,2
3989993,2
3967572,2
3982647,2
3967612,2
3994022,2
3968569,2
3995904,2
3977159,2
3914233,2
3974464,2
3940478,2
3855924,2
3963119,2
3984736,2
3928455,2
3887269,2
3996123,2
3893129,2
3874950,2
3865024,2
3971833,2
3856518,2
3990581,2
3972094,2
3973645,2
3986323,2
3911891,2
3982176,2
3990671,2
3974997,2
3986529,2
3966729,2
3992169,2
3856749,2
3989483,2
3989425,2
3986500,2
3972474,2
3906213,2
3939999,2
3986736,2
3976752,31
3981261,2
3978391,2
3976702,31
3995398,2
3965437,2
3982355,2
3886734,2
3984043,2
3995467,2
3961879,2
3965642,2
3989815,2
3991047,2
3968541,2
3996702,2
3976875,2
3995746,2
3971391,2
3984466,2
3976991,2
3991089,2
3992851,33
3970333,2
3977072,2
3960055,2
3978869,2
3984550,2
3974174,2
3985522,2
3977052,2
3981726,2
3960180,2
3984705,2
3993117,2
3974538,2
3977375,2
3962253,2
3980128,2
3877847,2
3974677,2
3993288,2
3925642,2
3997200,2
3970798,2
3959556,2
3986067,2
3973531,2
3987737,2
3951160,2
3955338,2
3949825,2
3944156,2
3996467,2
3987988,2
3958216,2
3941522,2
3990859,2
3983912,2
3993671,2
3984028,2
3990846,2
3990934,2
3978533,2
3978274,2
3976907,2
3989736,2
3967188,2
3979729,2
3983983,2
3996706,2
3987077,2
3981555,2
3995468,2
3989957,2
3995747,2
3998547,2
3991086,2
3991090,2
3993978,2
3993967,2
3982649,2
3995760,2
3982684,2
3992974,33
3946031,33
3987318,2
3973296,2
3974154,2
3978960,2
3954474,2
3940477,2
3970574,2
3959299,2
3994157,2
3898295,2
3962074,2
3979062,2
3982892,2
3979071,2
3974624,2
3997199,2
3980315,2
3970733,2
3949382,2
3890123,2
3965041,2
3983352,2
3966319,2
3963460,2
3983487,2
3932867,2
3993464,2
3956837,2
3938461,2
3954036,2
3975191,2
3992017,2
3944155,2
3965338,2
3976766,31
3999301,2
3985128,2
3986636,2
3973947,2
3989567,2
3999329,2
3958350,2
3982422,2
3975588,2
3978345,2
3979672,2
3985295,2
3988112,2
3987000,2
3998185,2
3984035,2
3979758,2
3979663,2
3996614,2
3992637,2
3995720,2
3996774,2
3967492,2
3971338,2
3973299,2
3982638,2
3962959,2
3978786,2
3959063,2
3995858,2
3995820,2
3984674,2
3926921,2
3988647,2
3984704,2
3982924,2
3970557,2
3991486,2
3990379,2
3987566,2
3924037,2
3998992,2
3967981,2
3946403,33
3880720,2
3856324,2
3973739,2
3965134,2
3906030,2
3993482,2
3937098,2
3931355,2
3961469,2
3983600,2
3969521,2
4000537,2
3993499,2
3986635,2
3985127,2
3949815,2
3948528,2
3969724,2
3982330,2
3973906,2
3956971,2
3947194,33
3909076,2
3984036,2
3982469,2
3989621,2
3992402,2
3986866,2
3986961,2
3990997,2
3966971,2
3981260,2
3996681,2
3985468,2
3991111,2
3992848,33
3972978,2
3996792,2
3999614,2
3951455,2
3960098,2
3985516,2
3999661,2
3971669,2
3963090,2
3980314,2
3999867,2
3999819,2
4001685,2
3970703,2
3970732,2
3867484,2
3936751,2
3990428,2
3968874,2
3991740,2
4000120,2
3942516,2
3990582,2
3983445,2
3952321,2
3912715,2
3997522,2
3983321,2
3955117,2
3963820,2
3976539,2
3941491,2
3978087,2
3973798,2
3995014,2
3985105,2
3978467,2
3999300,2
3992513,2
3992380,2
3992579,2
3983984,2
3916569,2
3985279,2
3957040,2
3973056,2
3999465,2
3986975,2
3998382,2
3991007,2
3985410,2
3995612,2
3991110,2
3998518,2
3968542,2
4001466,2
4002412,2
3992831,33
3991117,2
3976146,2
3985491,2
3991288,2
3979072,2
3978963,2
3991419,2
3991297,2
3993188,2
3997061,2
3925620,2
3946566,33
3983118,2
3980278,2
4002712,2
3979061,2
4002958,2
4000268,2
3970739,2
3991858,2
3990551,2
3976557,2
3979275,2
3997599,2
3952262,2
3992060,2
3938517,2
3949644,2
3977884,2
4000768,2
3976602,2
3989414,2
3973907,2
3987970,2
3868132,2
3998060,2
3990903,2
3989679,2
3989698,2
4000937,2
3972776,2
3985249,2
3984292,2
4002274,2
3999419,2
3996613,2
3973946,2
3995665,2
3999443,2
3990032,2
4002398,2
3991119,2
3965705,2
3970407,2
3999610,2
4002413,2
3995857,2
4002516,2
3994023,2
3939536,2
3967685,2
3908694,2
3965148,2
3872276,2
3952042,2
3983267,2
3994158,2
3967933,2
3981893,2
3971832,2
4003061,2
3998985,2
3988750,2
3987676,2
3982019,2
3956683,2
3960771,2
3956940,2
3989175,2
3968158,2
3908884,2
3976510,2
3884796,2
4003445,2
3995013,2
4000769,2
3969596,2
3996370,2
3988077,2
3990772,2
4002199,2
3976751,31
3992552,2
4002163,2
3995282,2
3969853,2
3995492,2
3880043,2
3972991,2
3981262,2
3985365,2
3986923,2
3989699,2
4001020,2
3993780,2
3976874,2
3974057,2
3984244,2
4002306,2
3992847,33
4004073,2
3960112,2
3999586,2
4002517,2
3978774,2
3867248,2
3979003,2
3928347,2
3999811,2
3999692,2
3987532,2
3894669,2
3991454,2
3966243,2
4005691,30
3942428,2
3945324,2
3993481,2
3989176,2
3976556,2
3958120,2
3990634,2
3965356,2
3997877,2
3992236,2
3989154,2
3965374,2
3977962,2
3868142,2
3993586,2
4003446,2
4002109,2
3993587,2
4003493,2
3975509,2
3945642,2
4002023,2
3985211,2
3983735,2
3971122,2
3973994,2
4002162,2
3990902,2
3992638,2
3945953,33
4006645,2
4005084,30
3995493,2
4003953,2
3982576,2
4005085,30
3984245,2
3999498,2
3972841,2
3975854,2
3973208,2
4001317,2
3947742,2
3993805,2
3991103,2
3972920,2
3988229,2
3967355,2
3998633,2
3979896,2
3999609,2
3998724,2
3995815,2
3903838,2
3990161,2
3999687,2
3995905,2
3957349,2
3994293,2
3967774,2
3991487,2
3994294,2
3963581,2
3940864,2
3950906,2
3987728,2
3932766,2
3973810,2
3991924,2
3994934,2
4006039,30
3995008,2
3951133,2
3962488,2
3985110,2
3990672,2
3997826,2
3958335,2
3958354,2
3999180,2
3961274,2
3974001,2
3999420,2
3990957,2
4002198,2
3996477,2
3976745,31
4006582,2
3990945,2
3989821,2
3968294,2
4007884,2
4002283,2
3999505,2
4002279,2
3993781,2
4006723,2
3978346,2
3995520,2
3999529,2
3986924,2
4001128,2
3984293,2
3982567,2
3991075,2
3993979,2
3995885,2
3998538,2
3936752,2
3954560,2
4007238,2
4004403,2
3960346,2
3980099,2
3897557,2
3928570,2
4004508,2
3883447,2
3993340,2
3984760,2
3974870,2
3870442,2
3983150,2
3993354,2
4003059,2
3983141,2
4003062,2
3984898,2
3974856,2
4006040,30
3997827,2
3973681,2
3986459,2
4009031,2
3910460,2
3997764,2
3990735,2
3973685,2
3975456,2
4009113,2
4009208,2
3928834,2
4009295,2
3981056,2
3894925,2
4002190,2
3998153,2
3992629,2
3965587,2
4002134,2
4009521,2
3995446,2
3995481,2
3968607,2
4002389,2
3999464,2
3992811,33
3985469,2
4002355,2
4006883,2
3965542,2
3989992,2
3992878,33
4007978,2
3995781,2
4007049,2
3998632,2
3965641,2
4001552,2
3915536,2
3920899,2
3920908,2
3970564,2
3982742,2
3988751,2
3973460,2
3991418,2
3991320,2
3907284,2
3991298,2
4001763,2
3973459,2
3991446,2
3962391,2
3962183,2
4004655,2
3990550,2
4005760,30
3997521,2
3918435,2
4007500,2
4003236,2
3970917,2
4006067,30
3923122,2
3994928,2
4010392,2
3995007,2
3997747,2
4003420,2
4007696,2
3872418,2
3923015,2
3987989,2
3989620,2
3999330,2
3951329,2
4000842,2
3990864,2
4002110,2
3900516,26
3996607,2
4009526,2
4004986,30
4009359,2
3996606,2
3999538,2
3982489,2
4006746,2
4004074,2
4009759,2
3982540,2
3998563,2
3982566,2
4004363,2
3874917,2
3999868,2
3909690,2
3993118,2
4005692,30
4008438,2
4002678,2
3993309,2
4010115,2
3959229,2
3994427,2
3998951,2
3979264,2
3987653,2
3953751,2
3986097,2
4004707,2
3987821,2
3987719,2
3983601,2
3986377,2
3982218,2
4006268,30
3987924,2
3914562,2
4008961,2
4003300,2
3983769,2
4002150,2
3998030,2
3978275,2
4007695,2
4009373,2
3938560,2
4001044,2
4000990,2
4006767,2
4005034,30
3992478,2
3990858,2
3999461,2
3982539,2
3982480,2
3990158,2
3998401,2
3996680,2
3998517,2
4001060,2
4007966,2
3998350,2
4004036,2
4010803,2
3971468,2
3912364,2
3991218,2
3987442,2
3982911,2
3973473,2
3956752,2
3983151,2
4000100,2
3960777,2
3959435,2
3979047,2
3897610,2
3940905,2
3873452,2
4007501,2
3884524,2
3982174,2
4003277,2
3982243,2
3983614,2
3987934,2
3962573,2
4011991,2
3998144,2
3976744,31
3998031,2
4006459,2
4007828,2
3999354,2
4001021,2
3998141,2
3986865,2
3968369,2
3998520,2
3975777,2
4006789,2
4012503,2
4010751,2
3996711,2
4012502,2
4006940,2
3968556,2
3996629,2
3996701,2
4001401,2
3987097,2
3999616,2
3974266,2
4002470,2
4004231,2
4001400,2
3880077,2
3978965,2
3875800,2
3963459,2
4011048,2
4004557,2
4010116,2
4011338,2
3965906,2
3998871,2
3993310,2
4008437,2
3962154,2
3874884,2
3979286,2
4010211,2
3936948,2
3977705,2
3991788,2
3877846,2
3981978,2
3980358,2
3895992,2
3977646,2
3983289,2
4000267,2
3994737,2
3997668,2
3999235,2
3907739,2
3873677,2
4014849,2
3975341,2
3956704,2
3985254,2
4012080,2
4013403,2
3986707,2
3979564,2
3972449,2
3973797,2
4009419,2
4015029,2
3995399,2
4005103,30
3993836,2
4006714,2
3977071,2
3996695,2
3996696,2
4007992,2
3988392,2
3960140,2
3996791,2
3998523,2
4002551,2
3948913,2
3984677,2
3995974,2
3957446,2
3991461,2
3987531,2
4011199,2
3998984,2
4002957,2
3979104,2
3935380,2
3940949,2
4013046,2
3984909,2
3884933,2
4008785,2
4004706,2
3987753,2
3973693,2
4014419,2
3973622,2
4015923,2
4007553,2
3996371,2
3980709,2
4010391,2
4013254,2
3993500,2
3959636,2
4014609,2
4002002,2
3986605,2
4011992,2
3982297,2
3989438,2
4007744,2
3896182,2
4012081,2
4001051,2
4003807,2
3975510,2
3999355,2
4015030,2
4016264,2
3995132,2
4001052,2
3993745,2
4012393,2
3998381,2
4002354,2
3998184,2
3995593,2
4015492,2
3987105,2
3996710,2
3998693,2
3901048,2
4001377,2
3992915,33
4005293,30
3948009,2
3903939,2
4004370,2
3967686,2
4013995,2
3914471,2
4010185,2
3997062,2
4011512,2
4010274,2
3987786,2
3986068,2
4011477,2
3973646,2
3991741,2
3982173,2
4013130,2
3987704,2
4007569,2
3945584,2
4007660,2
4017339,34
3989424,2
4016105,2
3952464,2
3999179,2
3988069,2
4004888,2
3967140,2
4007773,2
4005008,30
4017835,34
3992859,33
3982468,2
3991070,2
4006730,2
3991023,2
3987222,2
3988208,2
3999539,2
4015347,2
4001133,2
4013610,2
4007938,2
3999615,2
4016449,2
3991071,2
3995782,2
4009847,2
3999635,2
4008101,2
4016511,2
4010028,2
3993196,2
3991319,2
3999978,2
3976215,2
3942493,2
4012931,2
3998866,2
3974623,2
3994405,2
3942585,2
4010183,2
3996102,2
4005759,30
3984853,2
4004717,2
3907149,2
4017260,34
3996217,2
4008891,2
3887895,2
4000536,2
3977851,2
4017312,34
4017395,34
3972259,2
4013204,2
4002024,2
3901802,30
4014608,2
3979545,2
4003419,2
4009304,2
4017486,34
4013242,2
4007618,2
4007720,2
3990717,2
4013364,2
4014881,2
4004893,2
3990790,2
3999444,2
3968295,2
4005014,30
3993740,2
3976755,31
4006747,2
3998402,2
4005104,30
4009563,2
4004042,2
3995577,2
3991091,2
3979757,2
4010828,2
3905277,2
4015340,2
3995721,2
3996773,2
3951593,2
4016510,2
4008182,2
4011127,2
3996012,2
4008181,2
4007174,2
3995973,2
4011200,2
3967836,2
3998764,2
3999714,2
3996077,2
4015742,2
3880533,2
3963120,2
4005797,30
4014239,2
4018604,2
4011478,2
4018691,2
3998950,2
3979237,2
3979278,2
3949278,2
4006020,30
4015924,2
4013122,2
4013173,2
3994933,2
4020280,2
3985034,2
3985161,2
4007641,2
3928803,2
4017426,34
4002073,2
3979456,2
3885110,2
3995345,2
4000708,2
4009114,2
4002133,2
4005013,30
4016186,2
4016166,2
4016201,2
3993701,2
4009395,2
3985344,2
4015059,2
4013404,2
4010612,2
4009296,2
4013498,2
4000991,2
4013497,2
3972658,2
3987270,2
4019165,2
3992580,2
4013619,2
3975546,2
4019136,2
3992826,33
4013620,2
4015294,2
4010744,2
4002397,2
4012634,2
4019263,2
4009745,2
4015301,2
4008083,2
3998712,2
3942290,2
3908622,2
3991287,2
3982949,2
4010210,2
4021349,2
4008382,2
3887270,2
3901551,30
3994429,2
4011318,2
4017026,34
3987720,2
4017025,34
3961105,2
3997624,2
3973725,2
4018760,2
3880534,2
4018815,2
3993461,2
4011780,2
4013129,2
4006230,30
3982232,2
4020340,2
4002189,2
3989525,2
3990839,2
4005000,30
3983922,2
4020628,2
3988096,2
3976756,31
3982344,2
3972605,2
4003800,2
3992403,2
4016265,2
3990956,2
4002305,2
4004037,2
4004178,2
4013582,2
3999528,2
4019248,2
4013566,2
4010829,2
4007984,2
3998519,2
4015302,2
3993838,2
3995631,2
4001318,2
4012686,2
4008015,2
3985530,2
4010935,2
4018410,34
3987427,2
3990250,2
3994040,2
3994267,2
4022214,2
4008252,2
3996078,2
3925641,2
4004485,2
4007290,2
3943714,2
4019710,2
4015735,2
4005583,30
3956690,2
4019806,2
4021486,2
3928346,2
3980359,2
3921417,2
4017088,34
4010275,2
3946670,33
3988901,2
3895945,2
3986458,2
4001956,2
4020213,2
3987752,2
4016020,2
3988021,2
3975565,2
3983724,2
3982296,2
3979455,2
4007772,2
4002136,2
3996620,2
4020520,2
4020588,2
3993674,2
4021894,2
4001174,2
4021990,2
3962728,2
3988097,2
4022009,2
4017982,34
4018238,34
4022115,2
3999689,2
3988327,2
3999589,2
3996786,2
4009814,2
4001503,2
3978959,2
3982720,2
4008251,2
4021343,2
4016680,2
3991677,2
3968011,2
4000254,2
3967837,2
3996015,2
3946402,33
3998928,2
3961046,2
3907150,2
3948373,2
4022979,2
3997862,2
3993702,2
3961183,2
3999426,2
3987987,2
4009374,2
4017787,34
3967030,2
3973995,2
4012142,2
3981459,2
4015150,2
4001059,2
4006581,2
4006731,2
4013532,2
4007976,2
4008082,2
3984491,2
4004408,2
3996011,2
3980054,2
3993131,2
4004525,2
4022522,2
4004407,2
3960472,2
3960471,2
4015757,2
3943874,2
3987692,2
4019876,2
4000005,2
4003117,2
4018728,2
3997545,2
3997748,2
3983723,2
3993478,2
4017396,34
3972030,2
4021715,2
4007622,2
3990845,2
4014773,2
3992396,2
4014801,2
3892083,2
3988004,2
3992387,2
4003737,2
4017782,34
4005001,30
4016311,2
4024822,2
4019125,2
4023778,2
4022088,2
4007979,2
4015380,2
3947906,2
3996822,2
4002471,2
4002498,2
3911394,2
3998765,2
3995941,2
4022428,2
3991447,2
4007320,2
4002711,2
4025087,2
4024163,2
4024181,2
3993343,2
4024203,2
3953829,2
4025395,2
4003035,2
4003036,2
3931354,2
4017162,34
3979185,2
3987785,2
3994911,2
4024465,2
4008960,2
4003494,2
3997878,2
4008890,2
4018900,2
3989588,2
3917619,2
4024555,2
4024571,2
4007694,2
4017662,34
3989589,2
3961047,2
4019047,2
3941523,2
4001127,2
3999425,2
4015083,2
4009613,2
4017781,34
3999432,2
4007883,2
4024823,2
4016399,2
4009612,2
4009746,2
4016303,2
4015461,2
4019305,2
3995906,2
3933886,2
3920842,2
3988726,2
3911642,2
3937773,2
4025445,2
3984889,2
3981928,2
3956589,2
3980324,2
4001982,2
3928602,2
4004658,2
4020079,2
3935366,2
3889144,2
4003276,2
4013056,2
4007640,2
4025831,2
3985032,2
3986647,2
3961227,2
4024592,2
3971039,2
3970911,2
4008977,2
3972743,2
3982366,2
4017485,34
4016178,2
4009303,2
3955398,2
4017795,34
3986611,2
3995169,2
4020708,2
4002122,2
4017789,34
4016318,2
4024780,2
4019115,2
4023753,2
4012319,2
4029265,2
4012469,2
4016418,2
4029344,2
4029345,2
4026624,2
4013531,2
4024935,2
4005233,30
4023888,2
4018208,34
4013642,2
4021068,2
4012685,2
4015379,2
4027721,2
4009813,2
4023979,2
3970313,2
4018353,34
4025009,2
4007180,2
3990325,2
3996003,2
3999812,2
3897338,2
3998991,2
4020011,2
4025529,2
3979184,2
3994428,2
3930432,2
3890610,2
4005965,30
3910475,2
3970827,2
3990644,2
4014418,2
4004744,2
3980855,2
3997630,2
4024460,2
3986606,2
3986376,2
4030044,2
4028695,2
4028694,2
3999234,2
3987925,2
4001959,2
4001928,2
3976562,2
3956786,2
4023169,2
4014701,2
4006231,30
4026128,2
4000843,2
3971123,2
4023487,2
4020559,2
4020589,2
4029151,2
3993672,2
4020855,2
4023833,2
4009530,2
4013583,2
4007982,2
4023737,2
3990971,2
4021045,2
4016422,2
4009674,2
4010776,2
3979739,2
4021041,2
4015451,2
4015452,2
4005276,30
3994430,2
4012913,2
3977370,2
4022521,2
4015770,2
3974774,2
4025396,2
3993276,2
3932140,2
4010231,2
3984847,2
4031207,2
3894872,2
4018813,2
4021553,2
4018816,2
4018901,2
4030045,2
3989229,2
4013214,2
3920278,2
4031390,2
4028591,2
3989092,2
4013255,2
4021820,2
4031515,2
3999284,2
4031716,2
4007749,2
3918990,2
4002149,2
3979427,2
4007770,2
4029102,2
4009537,2
4026421,2
4020629,2
4019164,2
3995562,2
4007967,2
4032132,2
4032227,2
4019210,2
4020868,2
4029361,2
4006818,2
4010873,2
4009760,2
4022087,2
4030508,2
4023854,2
4030584,2
4030615,2
4030585,2
3998560,2
4008107,2
3999969,2
3920903,2
4032587,2
4004486,2
4005620,30
4007239,2
4027009,2
4012950,2
4008636,2
4024230,2
3962254,2
4024340,2
3986350,2
4028394,2
4030009,2
4022985,2
4024513,2
4011779,2
4018682,2
4030008,2
4021638,2
4025848,2
4022980,2
4022986,2
3993642,2
4007522,2
3997625,2
4031541,2
4001930,2
4013203,2
4014700,2
4023168,2
4016177,2
4031657,2
3945646,2
4007792,2
4023378,2
3995131,2
4000936,2
4026170,2
4009426,2
4002275,2
3993783,2
4019046,2
4023564,2
4010750,2
4018173,34
4030397,2
4018068,34
4013525,2
4020869,2
4030392,2
4030462,2
4030461,2
4016421,2
4032100,2
4015060,2
4013626,2
4030529,2
4005214,30
4022074,2
3998539,2
3999662,2
4013600,2
4019326,2
3998682,2
4032407,2
3907034,2
4012843,2
4012842,2
4016618,2
4013994,2
4002988,2
3979048,2
3974773,2
4011132,2
3981980,2
4024187,2
3983285,2
4016990,34
3909979,2
4014013,2
4029952,2
3969168,2
4024304,2
4021485,2
4001845,2
4032911,2
3996346,2
4031438,2
3935603,2
4024461,2
3984959,2
4018873,2
4022925,2
4021732,2
4004825,2
4025849,2
4021637,2
4017754,34
3969682,2
4006566,2
3972299,2
4000727,2
4001998,2
3914831,2
3990716,2
4014850,2
4006519,2
4026209,2
4021891,2
4031874,2
4031897,2
4012392,2
4031852,2
4029155,2
4026420,2
3992645,2
4029152,2
4020809,2
4015293,2
4024860,2
4015307,2
4034892,2
4029287,2
4015348,2
3960099,2
4023777,2
4023738,2
4022010,2
4016419,2
4009787,2
4005265,30
4004159,2
4010934,2
4025088,2
4012945,2
4018597,2
3997330,2
4015758,2
4029852,2
4024339,2
3988792,2
4022838,2
3987738,2
3899161,2
4018692,2
3935783,2
3987820,2
4034160,2
3977951,2
3994820,2
4017413,34
3935720,2
4017311,34
4020279,2
3970910,2
4008990,2
4011938,2
4010452,2
4006103,30
4014774,2
4035876,2
4016197,2
3996523,2
4031715,2
4011909,2
4035921,2
3948495,2
4021890,2
3963978,2
4034733,2
4034732,2
4020532,2
4034872,2
4013416,2
4019135,2
4017963,34
4019189,2
4023589,2
4013599,2
3995642,2
4032337,2
4019293,2
4013567,2
4032398,2
3985405,2
3999585,2
4035147,2
4015597,2
4033357,2
4023978,2
4018411,34
4035371,2
4001667,2
4035386,2
4033690,2
3991329,2
4024180,2
4011165,2
3999820,2
4001689,2
3933970,2
4005632,30
4018695,2
4005798,30
4021527,2
3924038,2
4018681,2
4024305,2
3998971,2
4017161,34
4001955,2
4028518,2
4032879,2
4031328,2
4031393,2
4034152,2
4020080,2
4034282,2
4011655,2
4035833,2
4034449,2
4028753,2
4028830,2
3996468,2
3951328,2
4004887,2
4011980,2
3982423,2
4030319,2
4017788,34
4018997,2
4014898,2
4031853,2
4034671,2
4026261,2
4027534,2
4017794,34
4024663,2
4019151,2
4010637,2
4010777,2
4029169,2
3989914,2
4034764,2
4019174,2
4009529,2
4023602,2
4034984,2
4006788,2
4023789,2
4023798,2
4030493,2
4021060,2
4018317,34
4024058,2
4021310,2
4033595,2
4001635,2
3904325,2
4001668,2
4010050,2
4019684,2
3977253,2
3998872,2
4005863,30
4036889,2
4032722,2
4028519,2
3984852,2
4011979,2
3978079,2
4034321,2
4021827,2
4013346,2
4014802,2
4035832,2
4020531,2
4027323,2
4007623,2
4031929,2
4034814,2
4024704,2
3992190,2
4029144,2
4024725,2
4034983,2
4029286,2
4012468,2
4021044,2
4026533,2
4012277,2
4023884,2
4019262,2
4036177,2
4019349,2
4015588,2
4021267,2
4036473,2
4021350,2
3988727,2
3979180,2
4024162,2
4012932,2
4035493,2
4017037,34
4024315,2
4019995,2
4031118,2
4014238,2
3966244,2
4015891,2
3996103,2
3974745,2
4007554,2
3997546,2
3983290,2
4038506,2
4035707,2
4006147,30
3997781,2
4037187,2
4034450,2
4026129,2
4007743,2
4030211,2
4020212,2
4021756,2
3965328,2
4021864,2
3990838,2
4018998,2
4021786,2
4026127,2
4012027,2
4009396,2
4027545,2
4020644,2
4026532,2
4027535,2
4034803,2
4029101,2
3988167,2
4019175,2
4032165,2
4026452,2
4010802,2
4035118,2
4036118,2
4037793,2
4032228,2
4035285,2
4016517,2
4040937,2
4021191,2
4018237,34
4038133,2
4002538,2
3984642,2
4039175,2
4024177,2
3956465,2
4012949,2
4005515,30
3983260,2
4001762,2
4015845,2
4035590,2
4021526,2
3962230,2
4038444,2
4021624,2
3972029,2
4041301,2
4018761,2
4031377,2
3986349,2
3969075,2
4027201,2
4020319,2
4034263,2
4028754,2
4040046,2
4035802,2
4023397,2
4012028,2
4036002,2
4011910,2
4021856,2
4009360,2
4027586,2
4027546,2
4022112,2
4040562,2
4034891,2
4033274,2
4022111,2
4015493,2
4005234,30
4022091,2
4036228,2
4032267,2
4037977,2
3998546,2
4023909,2
4023887,2
4002497,2
4030612,2
4026857,2
4027921,2
3906825,2
4010027,2
4004467,2
4039174,2
4039395,2
4028042,2
3912655,2
3941154,2
4014169,2
4042420,2
4010194,2
3911582,2
3973682,2
4037072,2
4041308,2
4027242,2
4031493,2
4028484,2
4041307,2
4034382,2
4011758,2
3990649,2
4037008,2
4020392,2
4037186,2
4038663,2
4034381,2
4001929,2
3983164,2
4009207,2
4038763,2
4024680,2
4040233,2
4024679,2
4027376,2
4040341,2
3992237,2
4040415,2
4031658,2
3999294,2
4041639,2
4041684,2
4019116,2
4037792,2
4031898,2
3935938,2
4038879,2
4029156,2
4033273,2
4034798,2
4032101,2
4027621,2
4020981,2
4030410,2
4020854,2
4019306,2
4030491,2
4037785,2
4029371,2
4027685,2
4040748,2
4038970,2
4035106,2
4032289,2
4012318,2
4035136,2
4030528,2
4021067,2
4026714,2
3971359,2
3994268,2
4007291,2
4041959,2
4026955,2
3995956,2
4024178,2
4038252,2
4010015,2
4035436,2
3952041,2
3903124,2
3994406,2
4036645,2
4030916,2
4042421,2
4042407,2
4036796,2
4041282,2
4000335,2
3991789,2
4044169,2
4010319,2
3990650,2
4017348,34
4037009,2
4034271,2
4035855,2
4024612,2
4009090,2
3958572,2
4003570,2
4035922,2
4021828,2
4033074,2
4030344,2
4009446,2
4038792,2
4029143,2
4034670,2
4034797,2
4038835,2
4019028,2
4040628,2
4040575,2
4004925,2
4020972,2
4041681,2
4044597,2
4032164,2
4038971,2
4036209,2
4035135,2
4032412,2
4041915,2
4005294,30
4038213,2
3987429,2
3959473,2
4041053,2
3991253,2
4039202,2
4038269,2
4041054,2
3974823,2
3983339,2
4041200,2
4038390,2
3987565,2
4025491,2
4035591,2
4041232,2
4044093,2
4038442,2
4002987,2
4044066,2
4013243,2
4031516,2
4001884,2
4028407,2
4004745,2
4037045,2
4032906,2
4034159,2
4018889,2
4041440,2
4034283,2
3996406,2
4030201,2
4023039,2
4040006,2
4044380,2
4040117,2
4038709,2
4019055,2
4038834,2
4006766,2
4034765,2
4044596,2
4000974,2
4046343,2
4022008,2
4022038,2
4044650,2
4033358,2
4032406,2
4021235,2
4029625,2
4033428,2
4043718,2
4046593,2
3967773,2
4044940,2
4015743,2
4035585,2
4001846,2
3979238,2
4038450,2
4015882,2
3977645,2
4030064,2
4029986,2
4027154,2
4031354,2
3993606,2
3968278,2
4022926,2
4028590,2
4038664,2
3981039,2
4040005,2
4020425,2
4040266,2
4017680,34
4038693,2
4024554,2
4023471,2
4046036,2
4036003,2
4034782,2
4044492,2
4044497,2
4046270,2
4044498,2
4035991,2
4029360,2
4047333,2
4024781,2
4046213,2
4041723,2
4036132,2
4034933,2
4029370,2
4027748,2
4032288,2
4027703,2
4019348,2
4008123,2
4043717,2
4046594,2
3943444,2
4019369,2
4002539,2
3970704,2
4033821,2
4027079,2
4011511,2
4044939,2
3921125,2
4028313,2
4039416,2
4038449,2
4035586,2
4022839,2
4024318,2
4046970,2
4000336,2
4006102,30
4010406,2
3981038,2
4048390,2
3949986,2
4014706,2
4048501,2
4027474,2
4004761,2
4034320,2
4041561,2
4038813,2
3969830,2
4023495,2
4003838,2
4033075,2
4033170,2
4013483,2
4047334,2
4023446,2
4010706,2
4049007,2
4046344,2
4038824,2
4009788,2
4043545,2
3992810,33
4033230,2
4029524,2
4021192,2
3998723,2
4041018,2
4029760,2
3908561,2
4021272,2
3954561,2
3997034,2
4021302,2
3993195,2
4026954,2
4001653,2
3960216,2
4036474,2
4015700,2
4044959,2
3966029,2
4021298,2
4038361,2
3993397,2
4044114,2
3994736,2
4046969,2
4035745,2
4027262,2
4035776,2
4013363,2
4027261,2
3990643,2
4021698,2
4047034,2
3986612,2
3937178,2
4035777,2
4020391,2
4045747,2
4020339,2
4017591,34
4040204,2
4040045,2
4030139,2
4044293,2
3997763,2
4038733,2
4004913,2
4028752,2
4048625,2
4045952,2
4040435,2
4023472,2
4036013,2
3992397,2
4023401,2
4043120,2
4032143,2
4027439,2
4046214,2
4038814,2
4038853,2
4044475,2
4046073,2
4049008,2
4036055,2
4037784,2
4019124,2
4030318,2
4036176,2
4013496,2
4038966,2
4040627,2
4049161,2
4008124,2
4036133,2
4032294,2
4035148,2
4033342,2
4046430,2
4030472,2
4036230,2
4038049,2
3971459,2
4016643,2
4016617,2
3984742,2
4016752,2
4008509,2
4049555,2
4009988,2
4019685,2
4007422,2
4028314,2
4042406,2
4048085,2
3985931,2
4015846,2
4014104,2
4015899,2
4041264,2
4019877,2
3928571,2
4032912,2
4041348,2
4013250,2
3987800,2
4034092,2
4045522,2
4035708,2
4041441,2
4045636,2
4042720,2
4051361,2
4051241,2
4051240,2
3941492,2
4032941,2
4049914,2
4031531,2
4051314,2
4023368,2
4000975,2
4028829,2
4048614,2
4042994,2
4035877,2
4044440,2
4030240,2
3985253,2
4045998,2
4043121,2
4023588,2
4048998,2
4030321,2
4044506,2
4049075,2
4038878,2
4027702,2
4041751,2
4037878,2
4041819,2
4034936,2
4046429,2
4020990,2
4035117,2
4030535,2
3947968,2
4044651,2
4025008,2
3984643,2
4041019,2
4042062,2
4046643,2
4027963,2
4032586,2
3957765,2
3973474,2
4026964,2
4035367,2
4004466,2
4049554,2
3934224,2
4032608,2
3943715,2
4038376,2
4050787,2
4016989,34
4028312,2
4045261,2
4005914,30
4049696,2
4017038,34
3923056,2
4019982,2
4048183,2
4038507,2
4031437,2
3986375,2
4007617,2
4030150,2
4021720,2
4037044,2
4004892,2
4032983,2
4048389,2
4026003,2
3996386,2
4035803,2
4009145,2
4048538,2
4031494,2
4028746,2
4037255,2
3927624,2
3993623,2
4048588,2
4016180,2
3992039,2
4021893,2
3923271,2
4035892,2
3969829,2
3945645,2
4036090,2
4029109,2
4040342,2
4051804,2
4038852,2
4044553,2
4035069,2
4036089,2
4053059,2
4043394,2
4039042,2
4010799,2
4041762,2
4044622,2
4038042,2
4016508,2
4023855,2
4033430,2
4019368,2
3994110,2
4044788,2
4011319,2
4027970,2
3937964,2
4033580,2
4029807,2
4050625,2
4053465,2
4050641,2
4047886,2
4033691,2
4017087,34
4053710,2
4020010,2
4053699,2
3933969,2
4039753,2
4051073,2
4000253,2
4027243,2
4052604,2
4041302,2
4048140,2
4053864,2
4046986,2
4053975,2
4021699,2
3973671,2
4010407,2
4031569,2
4018879,2
4008984,2
4051427,2
4051445,2
3992220,2
4041509,2
4044356,2
4006420,2
4006514,2
3968173,2
4045951,2
4034815,2
3975547,2
4035933,2
4054410,2
4010638,2
3996345,2
4023754,2
4041752,2
4050108,2
4051841,2
4044507,2
4040673,2
4037926,2
4051842,2
4032399,2
4002431,2
4035286,2
4027870,2
4035366,2
4043806,2
3982950,2
4044960,2
4032550,2
4052323,2
4000101,2
4049517,2
4028078,2
4022427,2
4052415,2
4018605,2
4025510,2
4038409,2
4048013,2
4010175,2
4045370,2
3949377,2
4021609,2
4034151,2
4007516,2
4034126,2
4047033,2
4042611,2
4014213,2
3993462,2
4008985,2
4005913,30
3912915,2
4018812,2
4021623,2
4044250,2
3962678,2
3987953,2
4042993,2
4052762,2
4044363,2
4028747,2
4041548,2
4054387,2
4051570,2
4040188,2
4040189,2
4051468,2
4051572,2
4051707,2
4024803,2
4055736,2
4051708,2
4051723,2
3996619,2
4029264,2
4020707,2
4046394,2
4043518,2
4054863,2
4049162,2
4024966,2
4038050,2
4044634,2
4043643,2
4043766,2
4004362,2
4019469,2
4050551,2
4019807,2
4053447,2
4055274,2
3979105,2
3988658,2
4042052,2
4053541,2
4052400,2
3999970,2
3917287,2
3915830,2
4021548,2
4041204,2
4005890,30
4035577,2
4034093,2
4029951,2
4053974,2
4038451,2
3997329,2
4044115,2
4055427,2
4054034,2
4029987,2
4055533,2
4025878,2
4023400,2
4016165,2
4051571,2
4005033,30
4044392,2
4037678,2
4043400,2
3982575,2
4052964,2
4037978,2
4030510,2
4033333,2
4044607,2
4039051,2
4041820,2
4036208,2
4049393,2
4050552,2
4018430,34
4041023,2
4039415,2
4019650,2
4052417,2
4046699,2
4053504,2
4053516,2
4056375,2
4004371,2
3984938,2
3988657,2
4042335,2
4056635,2
4042461,2
4056600,2
4045166,2
3993344,2
4056525,2
3984834,2
4052592,2
3958073,2
4044174,2
4021716,2
4004654,2
3988987,2
4031329,2
4004823,2
4035731,2
3955328,2
4042870,2
4054409,2
4049960,2
4041546,2
4038764,2
4047297,2
4023494,2
4052970,2
4049029,2
4033269,2
4054862,2
4037688,2
4050195,2
4049185,2
4038965,2
4033307,2
4050256,2
4058788,2
3920753,2
4052113,2
4046582,2
4026899,2
4050359,2
4056076,2
4027971,2
4035497,2
3997156,2
4049550,2
4019683,2
4052329,2
4012944,2
4056481,2
4024274,2
4049695,2
4025698,2
4027202,2
4020191,2
4015900,2
4059511,2
4038532,2
4052594,2
4046956,2
4032873,2
4031540,2
4037188,2
3993607,2
4044393,2
4023262,2
4057260,2
4034528,2
4055725,2
4052825,2
4055699,2
4054518,2
4040416,2
4033231,2
4037562,2
4052958,2
4041661,2
4054527,2
4055720,2
4041638,2
4037687,2
4022007,2
4007964,2
4054715,2
4021991,2
4026453,2
4043399,2
4051753,2
4055871,2
4049076,2
4040622,2
4041906,2
4044593,2
4055035,2
4024949,2
4049361,2
4052005,2
4052219,2
4052220,2
4027922,2
4035414,2
4055166,2
4030856,2
3978962,2
4055078,2
4060813,2
4042029,2
4011265,2
4016999,34
4025405,2
4053630,2
3974927,2
4036625,2
4053863,2
4056574,2
4022632,2
3925731,2
4055260,2
4038443,2
4034022,2
4055381,2
4038445,2
4041378,2
4039752,2
4051122,2
4058282,2
4054115,2
4056818,2
4052603,2
4054033,2
4034270,2
4056819,2
4055534,2
4056946,2
4034527,2
3997631,2
4051435,2
4035917,2
3958351,2
4048613,2
4038605,2
4048502,2
4057198,2
4057268,2
4047232,2
4061312,2
4051580,2
4037563,2
4051724,2
3985350,2
4038902,2
4023369,2
4043542,2
4040563,2
4034883,2
4051994,2
4040749,2
4037925,2
4052030,2
4043678,2
4036262,2
4033431,2
4053142,2
3999754,2
4046642,2
4001654,2
4058931,2
4021297,2
4024188,2
4024231,2
4027993,2
3991254,2
4042028,2
4014153,2
4026943,2
4038251,2
4019795,2
3977326,2
4059224,2
4019370,2
4032721,2
4035428,2
4050786,2
4029925,2
4046842,2
4013172,2
4044151,2
4025530,2
4041199,2
4058264,2
4054071,2
4052593,2
4042460,2
4041263,2
4034412,2
4061130,2
4031376,2
3971976,2
4044195,2
4030193,2
4062618,2
4038668,2
4046989,2
4032940,2
4054168,2
3941716,2
4045925,2
3927543,2
4015134,2
4061445,2
4041683,2
4052949,2
4051803,2
4055872,2
4053064,2
4030492,2
4055926,2
4049060,2
4049200,2
3999688,2
4013742,2
3999693,2
4055079,2
4047815,2
3919874,2
4039388,2
3936831,2
4014012,2
4008367,2
4038375,2
4044067,2
4058096,2
4053720,2
4059375,2
4035496,2
4053698,2
4062252,2
3960778,2
4056560,2
4046818,2
4027274,2
4052630,2
4048191,2
4046957,2
4063955,2
4035847,2
4044249,2
4062494,2
4030160,2
4044173,2
4051268,2
4012073,2
4051360,2
4030231,2
3987858,2
4054386,2
4055663,2
4012008,2
4038779,2
4052918,2
4044493,2
4060162,2
4046074,2
4046259,2
4058579,2
4044532,2
4044533,2
4049147,2
4063137,2
4054941,2
4052004,2
4037745,2
4063314,2
4049148,2
4053071,2
4040712,2
4063496,2
4055925,2
4060676,2
4053141,2
4058726,2
4054974,2
4052137,2
4024059,2
4040946,2
4025074,2
4032562,2
4064633,2
4012956,2
4030857,2
4019455,2
4014102,2
4063743,2
4053446,2
3958181,2
4049591,2
4052509,2
4005631,30
4056482,2
4049590,2
4028315,2
4036795,2
4058208,2
4048014,2
4059533,2
4037037,2
4037001,2
4045489,2
4006146,30
4038533,2
4009146,2
4034411,2
4003247,2
4035872,2
4049891,2
4031753,2
4044351,2
4041610,2
4057131,2
4033057,2
4049963,2
4057199,2
4062820,2
4036014,2
4049961,2
4044350,2
4021761,2
4046185,2
4061440,2
4047298,2
4050204,2
4047372,2
4060326,2
4054587,2
4046186,2
4061366,2
4017983,34
4055840,2
4054586,2
3995539,2
4024938,2
4060327,2
4041761,2
4041740,2
4064304,2
4058735,2
4010723,2
4047432,2
4044564,2
4063485,2
4061580,2
4043765,2
4053125,2
4063559,2
4011160,2
4039402,2
4046700,2
4063639,2
4029870,2
4044914,2
4011166,2
4031104,2
4010164,2
4036624,2
4066528,2
4021540,2
3998867,2
4036804,2
4064950,2
4025490,2
4060934,2
3956813,2
4062135,2
4033742,2
4039824,2
4056767,2
4059512,2
4061024,2
4058296,2
4032878,2
4062438,2
4018727,2
4048385,2
3987691,2
4042794,2
4044194,2
3958441,2
4046031,2
4034559,2
4028867,2
4066864,2
4013484,2
4059958,2
4035897,2
4026120,2
4027501,2
4051695,2
3992630,2
4058575,2
4065885,2
4061385,2
4052957,2
4041720,2
4058593,2
4060374,2
4066013,2
4041721,2
4036054,2
4057652,2
4033343,2
4009562,2
4049219,2
4067235,35
4061641,2
4061642,2
4026847,2
4012957,2
3971469,2
4050484,2
4043869,2
4015699,2
4066527,2
4059158,2
4033820,2
4053721,2
4047885,2
4021330,2
4045260,2
4063903,2
4062198,2
4060939,2
4061086,2
4015914,2
4063904,2
4051187,2
4052559,2
3926974,2
4056768,2
4066764,2
4063966,2
4038631,2
4062383,2
4052690,2
4052631,2
4057132,2
4062753,2
4057124,2
4062686,2
4038772,2
4062819,2
4021785,2
4009445,2
4061376,2
4038774,2
4060161,2
4048864,2
4058545,2
4058576,2
4061377,2
4038793,2
4057505,2
4044633,2
4051963,2
4044592,2
4058789,2
4061603,2
4041910,2
4060575,2
4067234,35
4041916,2
4026898,2
4014103,2
4060828,2
4063617,2
4022587,2
4043947,2
4067653,2
4066607,2
3969342,2
4066620,2
4035494,2
4021447,2
4055405,2
4066728,2
4054020,2
4055404,2
4031392,2
4063954,2
4056877,2
4034354,2
4054298,2
4047192,2
4021819,2
4045665,2
4020320,2
4052763,2
4017663,34
4068655,2
4040436,2
4060271,2
4041662,2
4068720,2
4057177,2
4038901,2
4067110,35
4067088,35
4064303,2
4061549,2
4033226,2
4067111,35
4057572,2
4066070,2
4054813,2
4064335,2
4066318,2
4053072,2
4069076,2
4061636,2
4027775,2
4053482,2
4053503,2
4055188,2
4066554,2
4036577,2
4046648,2
4039387,2
4036578,2
3943750,2
4067654,2
4066575,2
4046800,2
4069475,2
4060938,2
4056575,2
4059492,2
4059562,2
4062253,2
4068054,2
4062359,2
4059617,2
4068130,2
4058281,2
4056985,2
4030155,2
3930416,2
4049832,2
4059957,2
4057286,2
4048600,2
4045764,2
4062964,2
4071490,2
4069885,2
4067065,35
4057396,2
4071573,2
4065953,2
4061401,2
4068807,2
4053055,2
4053058,2
4066165,2
4063294,2
4070011,2
4058777,2
4054772,2
4044655,2
4055036,2
4041713,2
4057900,2
4061524,2
4027869,2
4027992,2
4033667,2
4069234,2
4035427,2
3996178,2
3998970,2
4015892,2
4005584,30
4067851,2
4069442,2
4053874,2
4061016,2
4025444,2
4008805,2
4054051,2
4064970,2
4052560,2
4018734,2
4059517,2
4056832,2
4020240,2
4051123,2
4046987,2
3990637,2
4049806,2
4062567,2
4049818,2
4063936,2
4036901,2
4007719,2
4061159,2
4002001,2
4043049,2
4051444,2
4066884,2
4066945,2
4068500,2
4043161,2
4017834,34
4054260,2
4069886,2
4020370,2
4050006,2
4023347,2
4072647,32
4057397,2
4054519,2
4051788,2
4064174,2
4068587,2
4069791,2
4071571,2
4062944,2
4055829,2
4054812,2
4061497,2
4065886,2
4041680,2
4060375,2
4030490,2
4054714,2
4051948,2
4049348,2
4060544,2
4071698,2
4047496,2
3949014,2
4052328,2
4002550,2
4050448,2
4063814,2
3934369,2
3991923,2
4063809,2
4053631,2
4063808,2
4031103,2
4018735,2
4035687,2
4065191,2
4073646,2
4059518,2
4073746,2
4069660,2
4030190,2
4071010,2
4064001,2
4054143,2
4071072,2
4044439,2
4020369,2
4030230,2
4051623,2
4066963,2
4046023,2
4004835,2
4054459,2
4068656,2
4062999,2
4061525,2
4044623,2
4040713,2
4027620,2
4061602,2
4064374,2
4050237,2
4044611,2
4060588,2
4057814,2
4038009,2
4033429,2
3995940,2
4064646,2
4019468,2
4070217,2
4061784,2
4061851,2
4038268,2
4052414,2
4030828,2
4031053,2
4055339,2
4010165,2
4073317,2
3946271,33
3983286,2
4024314,2
4069359,2
4069399,2
4066606,2
4017189,34
4036784,2
4054012,2
4073645,2
4055428,2
4048346,2
4070940,2
4056945,2
4054114,2
4075164,2
4065425,2
4059563,2
4051250,2
4071094,2
4028868,2
4059669,2
4063962,2
4051267,2
4061129,2
4049862,2
4021739,2
4037160,2
4011937,2
4047193,2
3948496,2
4061271,2
4055662,2
4069792,2
4002096,2
4054522,2
4062965,2
4074234,2
4050156,2
4071556,2
4064276,2
4066014,2
4058649,2
4019027,2
4067187,35
4071699,2
4066164,2
4052114,2
4053157,2
4053097,2
4050168,2
4058778,2
4040844,2
4044729,2
4056035,2
4072015,2
4035353,2
4050546,2
4032498,2
4061774,2
4055259,2
4061860,2
4039330,2
4073148,2
4070476,2
4075021,2
3998929,2
4044908,2
4064844,2
3938412,2
4069474,2
4052447,2
4066692,2
4046822,2
4072237,2
4031260,2
4069499,2
4056636,2
4008804,2
4068053,2
4041467,2
4035688,2
4069577,2
3980700,2
4061117,2
4075184,2
4061209,2
4071168,2
4072470,2
4066883,2
4074069,2
4048579,2
4055547,2
4054526,2
4075358,2
4057266,2
4071391,2
4068440,2
4075416,2
4066970,2
4069854,2
4074331,2
4074330,2
4074338,2
4038686,2
4069853,2
4067168,35
4065966,2
4050193,2
4074469,2
4067155,35
4051995,2
4072772,32
4057895,2
4026689,2
3977091,2
4056026,2
3956408,2
4052260,2
4029773,2
4045167,2
4076137,2
4063638,2
3945257,2
4069409,2
4062199,2
4036644,2
4056339,2
4035513,2
4073389,2
4063935,2
4065192,2
4062439,2
4032874,2
4072372,2
4072373,2
4075216,2
4037388,2
4073878,2
4054259,2
4066779,2
4030158,2
4051428,2
4004826,2
4059874,2
4054163,2
4062756,2
4076808,2
4033069,2
3999283,2
4074058,2
4074280,2
4077109,2
4055719,2
4034884,2
3979428,2
4050196,2
4049031,2
4067142,35
4065965,2
4074496,2
4065958,2
4041722,2
4064383,2
4054880,2
4067204,35
4057899,2
4022196,2
4038212,2
4077620,2
3999977,2
4075830,2
3997033,2
4029844,2
4036591,2
4017000,34
4011159,2
4079167,2
3959474,2
4052508,2
4069508,2
4028485,2
4041396,2
4062685,2
4065366,2
4064023,2
4058346,2
4073946,2
4016302,2
4071408,2
4045926,2
4074236,2
4068352,2
4040449,2
4066964,2
4060062,2
4064326,2
4055856,2
4071557,2
4054769,2
4064175,2
4074523,2
4068932,2
4068794,2
4061496,2
4072827,32
4032204,2
4066091,2
4050254,2
4072828,32
4066238,2
4063375,2
4061508,2
3977092,2
4063589,2
4078641,2
4058028,2
4046672,2
4058869,2
3983117,2
4063633,2
3943875,2
4078972,2
4064887,2
4073369,2
4056306,2
4069400,2
4073390,2
4069511,2
4014154,2
4052428,2
4069443,2
3946632,33
4051212,2
4041377,2
4022848,2
4008976,2
4068188,2
4073768,2
4049807,2
4062503,2
4017590,34
4052787,2
4078176,2
4061270,2
4057267,2
3942978,2
4067130,35
4074281,2
4064275,2
4050090,2
4063105,2
4067154,35
4057504,2
4052950,2
4074430,2
4071570,2
4063313,2
3939160,2
4072771,32
4074658,2
4069987,2
4075591,2
4078462,2
4058809,2
4081282,2
4061579,2
4047497,2
4046581,2
4080345,2
4057896,2
4078564,2
4021344,2
3984833,2
4067424,2
4069326,2
4061991,2
4067787,2
4078979,2
4056580,2
4073236,2
4066621,2
4028409,2
3985932,2
4031355,2
4068187,2
4073774,2
4048382,2
4070922,2
4041510,2
4078148,2
4059734,2
4069661,2
4080839,2
4062705,2
4016228,2
4076735,2
4068592,2
3983770,2
4051390,2
4078180,2
4061381,2
4079736,2
3968277,2
4054377,2
4050052,2
4052917,2
4024572,2
4081092,2
4074167,2
4002079,2
4061386,2
4078328,2
4065954,2
4055784,2
4061444,2
4082822,2
4082897,2
4065957,2
4049030,2
4064373,2
4070080,2
4074568,2
4061544,2
3996673,2
4070033,2
4081292,2
4060589,2
4030611,2
3999715,2
4056034,2
4009989,2
4049551,2
4066487,2
4069358,2
4029924,2
4052429,2
3998898,2
4052474,2
4070700,2
4056561,2
4056730,2
4062257,2
4056616,2
4042721,2
4035848,2
4073879,2
4049892,2
4041503,2
4045746,2
4079598,2
4071199,2
4051579,2
4083786,2
4078219,2
4074166,2
4038694,2
4075409,2
4061313,2
4075384,2
4081043,2
4075408,2
4026260,2
4040574,2
4067086,35
4068738,2
4051489,2
4064336,2
4050053,2
4074431,2
4063104,2
4078327,2
4071572,2
4074466,2
4084043,2
4081232,2
4043541,2
4083998,2
4083033,2
4077477,2
4081265,2
4067233,35
4075674,2
4067196,35
4058027,2
4050545,2
4064753,2
4061657,2
4038281,2
4081827,2
4063832,2
4072260,2
4052354,2
4016703,2
4079215,2
3980325,2
4052543,2
4066693,2
4056599,2
4067850,2
4077854,2
4052542,2
4076519,2
4054093,2
4063961,2
4030140,2
4056840,2
4079579,2
4082345,2
4017535,34
4021718,2
4076736,2
4078149,2
4043136,2
4068353,2
4057285,2
4071200,2
4071507,2
4065870,2
4066977,2
4063136,2
4054610,2
4047404,2
4069979,2
4036045,2
4072724,32
4043517,2
4072723,32
4078449,2
4072847,32
4075724,2
4057828,2
3996914,2
4074841,2
4052261,2
4042061,2
4067485,2
4084421,2
4035437,2
4077773,2
4014212,2
4061833,2
4038259,2
4077802,2
4069325,2
4047816,2
4077818,2
4059491,2
4059313,2
4072261,2
4046924,2
4058174,2
4035636,2
4073592,2
4082051,2
4068129,2
4069498,2
4045529,2
4076656,2
3983791,2
4078121,2
4020030,2
4051273,2
4072469,2
4035871,2
4069694,2
4079791,2
4051315,2
4044266,2
4072473,2
3972659,2
4083821,2
4081007,2
4081091,2
4037466,2
4074269,2
4075414,2
3948572,2
4062945,2
4085565,2
4074468,2
4077225,2
4077371,2
4064239,2
4051700,2
4068737,2
4075615,2
4084061,2
4080223,2
4078406,2
4085852,2
4058810,2
4077413,2
4054768,2
4061509,2
4071959,2
4072836,32
4018334,34
4050407,2
4081379,2
4067400,2
4077723,2
4056340,2
4031054,2
4063753,2
4029851,2
4066570,2
4076180,2
4027080,2
4072240,2
4076260,2
4079214,2
4062504,2
4073775,2
4069578,2
4084806,2
4075109,2
4082076,2
4065375,2
4086347,2
3993479,2
4078065,2
4044267,2
4083651,2
4044155,2
4085037,2
4054070,2
4070933,2
4079490,2
3948571,2
4083713,2
4076706,2
4069695,2
4083752,2
4065430,2
4079586,2
4087975,2
4049964,2
4079881,2
4075359,2
4054283,2
4063000,2
4062988,2
4079897,2
4063023,2
4067061,35
4046024,2
4075415,2
4085606,2
4041496,2
4085566,2
4069978,2
4074471,2
4088460,2
4072747,32
4058727,2
4082975,2
4085777,2
4074339,2
4086888,2
4049392,2
4085917,2
4085851,2
4049349,2
4078463,2
4057753,2
4026856,2
4060692,2
4050449,2
4074840,2
4060788,2
4060787,2
4052322,2
4072055,2
4077722,2
4030829,2
4061012,2
4055468,2
4062134,2
4041231,2
4063877,2
4058298,2
4058232,2
4080723,2
4073591,2
4051186,2
4083652,2
4087771,2
4078069,2
4052694,2
4020299,2
4037087,2
4087941,2
4071093,2
4083731,2
4024703,2
4023565,2
4087974,2
4052848,2
4065744,2
4086722,2
4066989,2
4017890,34
4061382,2
4024613,2
4061410,2
4085389,2
4083820,2
4082712,2
4078242,2
4086723,2
4051585,2
4081106,2
4079887,2
4081204,2
4086862,2
4077220,2
4082896,2
4081316,2
4057815,2
4063497,2
4049360,2
4090007,2
4072054,2
4088895,2
4060821,2
4087153,2
4060822,2
4089002,2
4064923,2
4089049,2
4044012,2
4083438,2
4072238,2
4059406,2
4086272,2
4072167,2
4075040,2
4081945,2
4032691,2
4080657,2
4070657,2
4090527,2
4067781,2
4087746,2
4076522,2
4048381,2
4058263,2
4065397,2
4079369,2
4065209,2
4073947,2
4090716,2
3992221,2
4042795,2
4044355,2
4037465,2
4088140,2
4081044,2
4090969,2
4076849,2
4077110,2
4088261,2
4071390,2
4055685,2
4030396,2
4072718,32
4074502,2
4072646,32
4080111,2
4089681,2
4089621,2
4082976,2
4089654,2
4074501,2
4072796,32
4080290,2
4075622,2
4084105,2
4066239,2
4052218,2
4043767,2
4013743,2
4066379,2
4067401,2
4060745,2
4066366,2
4059106,2
4021446,2
4074881,2
4042212,2
4004402,2
4067717,2
4052448,2
4055275,2
4090223,2
4041238,2
4015734,2
4078852,2
4081905,2
4055382,2
4076261,2
4089183,2
4078973,2
4067914,2
4077963,2
4089178,2
4055395,2
4090655,2
3968263,2
4085201,2
4068421,2
4085238,2
4076623,2
4066765,2
4055575,2
4089329,2
4086490,2
4088074,2
4037503,2
4057123,2
4071105,2
4079666,2
4077125,2
4088262,2
4071277,2
4030157,2
4088200,2
4065865,2
4091111,2
4082711,2
4079886,2
4067085,35
4089553,2
4089549,2
4081233,2
4092458,2
4088536,2
4078420,2
4086871,2
4088491,2
4081291,2
4084044,2
4089655,2
4066055,2
4071942,2
4089774,2
4085900,2
4074659,2
4072786,32
4044656,2
4001658,2
4010051,2
3963068,2
4077772,2
4067486,2
4032594,2
4083421,2
4029759,2
4044116,2
4086119,2
4069412,2
4052416,2
4067768,2
3957764,2
4078997,2
4046821,2
3999037,2
4063831,2
4092009,2
4063801,2
4075039,2
4077890,2
4079368,2
4059620,2
4048184,2
4067786,2
4079282,2
4055555,2
4078045,2
4072522,2
4082166,2
4069762,2
4085087,2
4068441,2
4069724,2
4093659,2
4044381,2
4068420,2
4012007,2
4082585,2
4045997,2
4088135,2
4092322,2
4077025,2
4038862,2
4078220,2
4088300,2
4061367,2
4091112,2
4077219,2
4081174,2
4075499,2
4078300,2
4078400,2
4085605,2
4088535,2
4094211,2
4092489,2
4077412,2
4075619,2
4082885,2
4081280,2
4074250,2
4068878,2
4084062,2
4083205,2
4080346,2
4069075,2
4091589,2
4035354,2
4061694,2
4089917,2
4088894,2
4075831,2
4081596,2
3996122,2
4047975,2
4086310,2
4053873,2
4086300,2
4086301,2
4073475,2
4093070,2
4065040,2
4081777,2
4093233,2
4089187,2
4087658,2
4028408,2
4093216,2
4093346,2
4063967,2
4089247,2
4073769,2
4089299,2
3996411,2
4080894,2
4041502,2
4076807,2
4083725,2
3997937,2
4082446,2
4093626,2
4093579,2
4089352,2
4082346,2
4052824,2
4093797,2
4077024,2
4090947,2
4079651,2
4054611,2
4085388,2
4033059,2
4072719,32
4091361,2
4053034,2
4094239,2
4092459,2
4068717,2
4028988,2
4067232,35
4086816,2
4089614,2
4083984,2
4058744,2
4067143,35
4086861,2
4094205,2
4094206,2
4095311,2
4084133,2
4089692,2
4081266,2
4043552,2
4081169,2
4074587,2
4063516,2
4077601,2
4075925,2
4070438,2
4038408,2
4045115,2
4066536,2
4089107,2
4091917,2
4003060,2
4087509,2
4093217,2
4086274,2
3956708,2
4093160,2
4038362,2
4086332,2
4092071,2
4096306,2
4094914,2
4082052,2
4077992,2
4052710,2
4061085,2
4083677,2
4078044,2
4079578,2
4087906,2
4095021,2
4088008,2
4085200,2
4088141,2
4028987,2
4065745,2
4090968,2
4079650,2
4034619,2
4043350,2
4052711,2
4074470,2
4095196,2
4083949,2
4072744,32
4088589,2
4071489,2
4081173,2
4097000,2
4092498,2
4010742,2
4085776,2
4089722,2
4084083,2
4077370,2
4097305,2
4091588,2
4050360,2
4064647,2
4081380,2
4074833,2
4077619,2
4072014,2
4066435,2
3954734,2
4062111,2
3990603,2
4013057,2
4081904,2
4089108,2
4072320,2
4081971,2
4041203,2
4096059,2
4063878,2
4069531,2
4096174,2
4079329,2
4096058,2
4087657,2
4073604,2
4068019,2
4086409,2
4073763,2
4092042,2
4089328,2
3999184,2
4079283,2
4079587,2
4037161,2
4060057,2
4027385,2
4089347,2
4006273,30
4085392,2
4095124,2
4095083,2
4081016,2
4067118,35
4082704,2
4096907,2
4048933,2
4092375,2
4094128,2
4088685,2
4078392,2
4078407,2
4092504,2
4075590,2
4082884,2
4094240,2
4096966,2
4091576,2
4088518,2
4094256,2
4084129,2
4082954,2
4083211,2
4054773,2
4086019,2
4083224,2
3970662,2
4086118,2
4066468,2
4041120,2
4081826,2
4041121,2
4067608,2
4050613,2
4078978,2
4095838,2
4053711,2
4097525,2
4047992,2
4081972,2
4067980,2
4015857,2
3960215,2
4093232,2
4076518,2
4093170,2
4090606,2
4089193,2
4055554,2
4051140,2
4093345,2
4092070,2
4090654,2
4093565,2
4003505,2
4080892,2
4095123,2
4068793,2
4094027,2
3985278,2
4078393,2
4095212,2
4074467,2
4055859,2
4098050,2
4095227,2
4046393,2
4095266,2
4078345,2
4098178,2
4089610,2
4084082,2
4085701,2
4083973,2
4092611,2
4083225,2
4026849,2
4092731,2
4098450,2
4088907,2
4069207,2
4075988,2
4087253,2
4064888,2
4095837,2
4053732,2
4058094,2
4055187,2
4090182,2
4091974,2
4050950,2
4067979,2
4096080,2
3962489,2
4096330,2
4099069,2
4089276,2
4066924,2
4069600,2
4085150,2
4076556,2
4018880,2
4068372,2
4095044,2
4100735,2
4089462,2
4100690,2
4076657,2
4051624,2
4068323,2
4071419,2
4096738,2
4088405,2
4085700,2
4092462,2
4043393,2
4097036,2
4078453,2
4067224,35
4088560,2
4054403,2
4070032,2
4081248,2
4100084,2
4097304,2
4100146,2
4060691,2
4066533,2
4063560,2
4063634,2
4101412,2
4066537,2
4096115,2
4087280,2
4086309,2
4091945,2
4001883,2
3969536,2
4092041,2
4100483,2
4089219,2
4051141,2
4082276,2
4036946,2
4087892,2
4092081,2
4038742,2
4056979,2
4031568,2
4086568,2
4054124,2
4089378,2
4097915,2
4099437,2
4092274,2
4076886,2
4099374,2
4079880,2
4072461,2
4081188,2
4078301,2
4075417,2
4102338,2
4085625,2
4092323,2
4089552,2
4095197,2
4094127,2
4082793,2
4098056,2
4057367,2
4097045,2
4089691,2
4084132,2
4083019,2
4088740,2
4094504,2
4075725,2
4081279,2
4055167,2
4016727,2
4094568,2
4086081,2
4044789,2
4043807,2
4101413,2
4063672,2
4096081,2
4063715,2
4081776,2
4065014,2
4081918,2
4079166,2
4036895,2
4072319,2
4069532,2
4087574,2
4000389,2
4083732,2
4065537,2
4054092,2
4100605,2
4099129,2
4083646,2
4097796,2
4052887,2
4099311,2
4099246,2
4048386,2
4065394,2
4047063,2
4068373,2
4052733,2
4074249,2
4099597,2
4102293,2
4093852,2
4100734,2
4103609,2
4103610,2
4085538,2
4097965,2
4081170,2
4095174,2
4044552,2
4078241,2
4061397,2
4077198,2
4066969,2
4086813,2
4098085,2
4103665,2
4097085,2
4078346,2
4099844,2
4102588,2
4100900,2
4094212,2
4083972,2
4098135,2
4086775,2
4083210,2
4081317,2
4101096,2
4104052,2
4063679,2
4084500,2
4073212,2
4090323,2
4073428,2
4059470,2
4062262,2
4091946,2
4000443,2
4091973,2
4049863,2
4098924,2
4103290,2
4100604,2
4083645,2
4079328,2
4079422,2
4077982,2
4066812,2
4048626,2
3979403,2
4090807,2
4099375,2
4055548,2
4103503,2
4089377,2
4079723,2
4091107,2
4077048,2
4077254,2
4089481,2
4105242,2
4088404,2
4085506,2
4098055,2
4095267,2
4086855,2
4094052,2
4058592,2
4095310,2
4099872,2
4072925,32
4050445,2
4077748,2
4063675,2
4053469,2
4095996,2
4059314,2
4098733,2
4097627,2
4093284,2
4069411,2
4101925,2
4031391,2
4066681,2
4098963,2
4085036,2
4086491,2
4104770,2
4085206,2
4070934,2
4104866,2
4083714,2
4089463,2
4054523,2
4082445,2
4074217,2
4085421,2
4093833,2
4095128,2
4057261,2
4103654,2
4061396,2
4096967,2
4105369,2
4105368,2
4096882,2
4092463,2
4099827,2
4103808,2
4099998,2
4088769,2
4103846,2
4094365,2
4095419,2
4095416,2
4080417,2
4026848,2
4044907,2
4070371,2
4073213,2
4066532,2
4103037,2
4092866,2
4101272,2
4095865,2
4092982,2
4094810,2
4072266,2
4093071,2
4045371,2
4054013,2
4090607,2
4000442,2
4087745,2
4077972,2
4106191,2
3965329,2
4104865,2
4107753,36
3968297,2
4106273,2
4107754,36
4078014,2
4097964,2
4082559,2
4056878,2
4079898,2
4096674,2
4068879,2
4093994,2
4007914,2
4108125,36
4095173,2
4105478,2
4094051,2
4094255,2
4067203,35
4094351,2
4099999,2
4097001,2
4078450,2
4086889,2
4085899,2
4095415,2
4083243,2
4101204,2
4106715,36
4050614,2
4098451,2
4095693,2
4086080,2
4095618,2
4070475,2
4080658,2
4106922,36
4080539,2
4053877,2
3994718,2
4095997,2
4084665,2
4106137,2
4049735,2
4041275,2
4073745,2
4099122,2
4086567,2
3974708,2
4087915,2
4076653,2
4099288,2
4074049,2
4088134,2
4078179,2
4105080,2
4105201,2
4030302,2
4096737,2
4095000,2
4082584,2
4088329,2
4089682,2
4092434,2
4085687,2
4095218,2
4069912,2
4062943,2
4106538,36
4098086,2
4083020,2
4109359,36
4095342,2
4100898,2
4083983,2
4100072,2
4095341,2
4089767,2
4105660,2
4108471,36
4108470,36
4053361,2
4066364,2
4104026,2
4101443,2
4078853,2
4043771,2
4066576,2
4097557,2
4058093,2
4108750,36
3988397,2
4104298,2
4076308,2
4097626,2
4053468,2
4077676,2
4094809,2
4064951,2
4091923,2
4108864,36
4084878,2
4097654,2
4052788,2
4044094,2
4099071,2
4082183,2
4092048,2
4106138,2
4070939,2
4104789,2
4054154,2
4031600,2
4090873,2
4096447,2
4085262,2
4105195,2
4096569,2
4103502,2
4103618,2
4110829,2
4067087,35
4091125,2
4089637,2
4089548,2
4099958,2
4108339,36
4095321,2
4089775,2
4097084,2
4092584,2
4101017,2
4109480,36
4103809,2
4108338,36
4089776,2
4078563,2
4088906,2
4053272,2
4063643,2
4101205,2
4067607,2
4103944,2
4103052,2
4077855,2
4076012,2
4109737,2
4089045,2
4103134,2
4095866,2
4086271,2
4097628,2
4103200,2
4065124,2
4094817,2
4089204,2
4033801,2
4062360,2
4086333,2
4075163,2
4107280,36
4098961,2
4005516,30
4077993,2
4049819,2
4048537,2
4107590,36
4098930,2
4076580,2
4027386,2
4093583,2
4081070,2
4111892,2
4088164,2
4097899,2
4105079,2
4112003,2
4072748,32
4054402,2
4051586,2
4095296,2
4089620,2
4111053,2
4108126,36
4099873,2
4096946,2
4092437,2
4086830,2
4102600,2
4075663,2
4099881,2
4083034,2
4109413,36
4089721,2
4097151,2
4077458,2
4094505,2
3982891,2
4097396,2
4073168,2
4057980,2
4080467,2
4027020,2
4098327,2
4066436,2
3980129,2
3997155,2
4072139,2
4073678,2
4035514,2
4072382,2
4080540,2
4079025,2
4091967,2
4111688,2
4083531,2
4091985,2
4076491,2
4106090,2
4107515,36
4098876,2
4100519,2
4056980,2
4061011,2
4111731,2
4089277,2
4107589,36
4092163,2
4085263,2
4063977,2
4027352,2
4092273,2
4113496,2
4083793,2
4074235,2
4102536,2
4096947,2
4112145,2
4106509,36
4108165,36
4099843,2
4109360,36
4111154,2
4099938,2
4112262,2
4111333,2
4108415,36
4105618,2
4103847,2
4100073,2
4106714,36
4081468,2
4081597,2
4086074,2
4081573,2
4035385,2
4106923,36
4077817,2
4060854,2
4024382,2
4112621,2
4036803,2
4101586,2
4078865,2
4112769,2
4093173,2
4093240,2
4063716,2
4077889,2
4096114,2
4031420,2
4114554,2
4097752,2
4110295,2
4063824,2
4093283,2
4085086,2
4097945,2
4079543,2
4085189,2
4114706,2
4048599,2
4109064,36
4111891,2
4096448,2
4103483,2
4086562,2
4096568,2
4071420,2
4092329,2
4107977,36
4088499,2
4102595,2
4097114,2
4096883,2
4092433,2
4103801,2
4099804,2
4091360,2
4082815,2
4086981,2
4109418,36
4100996,2
4094431,2
4092513,2
4095447,2
4095446,2
4092585,2
4111315,2
4092775,2
4052237,2
4098426,2
4109656,2
4109657,2
4063678,2
4109781,2
4059157,2
4047976,2
4076136,2
4108758,36
4024383,2
3977376,2
4104358,2
4089126,2
4012986,2
4114398,2
4094804,2
4114463,2
4090526,2
4098962,2
4073677,2
4107514,36
4096175,2
4089255,2
4083663,2
4071009,2
4107466,36
4058194,2
4093538,2
4106242,2
4096626,2
4110464,2
4106283,2
4093580,2
4096533,2
4096627,2
4103520,2
4106243,2
4083728,2
4090872,2
4110701,2
4066865,2
4048749,2
4065820,2
4084072,2
4074192,2
4112144,2
4098131,2
4093853,2
4100890,2
4113725,2
4096906,2
4022016,2
4097037,2
4077255,2
4100931,2
4097044,2
4106555,36
4099880,2
4098114,2
4089471,2
4108244,36
4103884,2
4101018,2
4081276,2
4089636,2
4092576,2
4077596,2
4070087,2
4043770,2
4058003,2
4038248,2
4084526,2
3984791,2
4114297,2
4101434,2
4100161,2
4097579,2
4100394,2
4108670,36
4111590,2
4072133,2
4047991,2
4112770,2
4108755,36
4100325,2
4106000,2
4112830,2
3994431,2
4111684,2
4112829,2
4094805,2
4106051,2
4090551,2
4035635,2
4094874,2
4108886,36
3983613,2
4092132,2
4065657,2
4075456,2
4093798,2
4052691,2
4062740,2
4096559,2
4106329,2
4091020,2
4099432,2
4091090,2
4117607,2
4030202,2
4117683,2
4038743,2
4106512,36
4113860,2
4117769,2
4116777,2
4099871,2
4106537,36
4102781,2
4113825,2
4116780,2
4094430,2
4103829,2
4077667,2
4095555,2
4090003,2
4072926,32
4015883,2
4055141,2
4080616,2
4075022,2
4010130,2
4114369,2
4098697,2
4090550,2
4077971,2
4101644,2
4111711,2
4001688,2
4104599,2
4082075,2
4113085,2
4106140,2
3983353,2
4114523,2
4059616,2
4083787,2
4100788,2
4093658,2
4038687,2
4117546,2
4049884,2
4054404,2
4093969,2
4080112,2
4119263,2
4099438,2
4085537,2
4064113,2
4106443,2
4110970,2
4105394,2
4116623,2
4105537,2
4108228,36
4109322,36
4109376,36
4105659,2
4103838,2
4047534,2
4010936,2
4087264,2
4114246,2
4092776,2
4118162,2
4109736,2
4028043,2
4107093,36
4090002,2
4089184,2
4032762,2
4062256,2
4063642,2
4089179,2
4118431,2
4118562,2
4083530,2
3977273,2
4093169,2
4117312,2
4118680,2
4103367,2
4108903,36
4120289,2
4076668,2
4116127,2
4117478,2
4083823,2
4097944,2
4109197,36
4086695,2
4103539,2
4095182,2
4113641,2
4119101,2
4102499,2
4117636,2
4107932,36
4107976,36
4051927,2
4109412,36
3998464,2
4108245,36
4105523,2
4101022,2
4084006,2
4095420,2
4094547,2
4092749,2
4098427,2
4089916,2
4114240,2
4046819,2
4084525,2
4117088,2
4104140,2
4036900,2
4111554,2
4118254,2
4005619,30
4015720,2
4063752,2
4118550,2
4104359,2
4112838,2
4108865,36
4112831,2
4121475,2
4101916,2
3993465,2
4104790,2
4056789,2
4096482,2
4118944,2
4119027,2
4076862,2
4078120,2
4093537,2
4088009,2
4103462,2
4095073,2
4103617,2
4116260,2
4041609,2
4102296,2
4066990,2
4112004,2
4085207,2
4098130,2
4096841,2
4093872,2
4108169,36
4106508,36
4111161,2
4098179,2
4109456,36
4099828,2
4086870,2
4091577,2
4109481,36
4084181,2
4100227,2
4098328,2
4089905,2
4050444,2
4118163,2
4092772,2
4111460,2
4094548,2
4115344,2
4057979,2
4109780,2
4108759,36
4101365,2
4121275,2
4108669,36
4106001,2
4118475,2
4092983,2
4091911,2
4042318,2
3995988,2
4118411,2
4118426,2
4118412,2
4049831,2
4118478,2
4104606,2
4103300,2
4096307,2
4118741,2
4117333,2
4051213,2
4106141,2
4099130,2
4076669,2
4076557,2
4076887,2
4096481,2
4103514,2
4097916,2
4110702,2
4120387,2
4112078,2
4088299,2
4017701,34
4107943,36
4110958,2
4095291,2
4113841,2
4057651,2
4109417,36
4098219,2
4072846,32
4115041,2
3998463,2
4120964,2
4119876,2
4119892,2
4119903,2
4042211,2
4117087,2
4101504,2
4114392,2
4081469,2
4123846,2
4123982,2
4103133,2
4108749,36
4119968,2
4089238,2
4073554,2
4100484,2
4117255,2
4120079,2
4112874,2
4101531,2
4107279,36
4075110,2
4106248,2
4078154,2
4123049,2
4102064,2
4100787,2
4079599,2
4089353,2
4121991,2
4079896,2
4123182,2
4120434,2
4102257,2
4083909,2
4099632,2
4105241,2
4123282,2
4100930,2
4108094,36
4116400,2
4123357,2
4105524,2
4113861,2
4096837,2
4082823,2
4116889,2
4113900,2
4114962,2
4112194,2
4122520,2
4115077,2
4094452,2
4022193,2
3999685,2
4070216,2
4097334,2
4090006,2
4091733,2
4075922,2
4058930,2
3994109,2
4095686,2
4125548,2
4034023,2
4101587,2
4115547,2
4089044,2
4117196,2
4112426,2
4095887,2
4100379,2
4115586,2
4065015,2
4124227,2
4107262,36
4104488,2
4073474,2
4111671,2
4041466,2
4114623,2
4104489,2
4076473,2
4045424,2
4103299,2
4100479,2
4120201,2
4110145,2
4120202,2
4096410,2
4099287,2
4117501,2
4055576,2
4120282,2
4123079,2
4104794,2
4118981,2
4110675,2
4055668,2
4119148,2
4123281,2
4097883,2
4126091,2
4103584,2
4117682,2
4110949,2
4113642,2
4086829,2
4075393,2
4092438,2
4120567,2
4105477,2
4109323,36
4122519,2
4114952,2
4099957,2
4122380,2
4114157,2
4050626,2
4087281,2
4103943,2
4073103,2
4100315,2
4115343,2
4078864,2
4015721,2
4125606,2
4124087,2
4125573,2
4122899,2
4115713,2
3994719,2
4073370,2
4080579,2
4111712,2
4068022,2
4094820,2
4108942,36
4080947,2
4000522,2
4109106,36
4083664,2
3992038,2
4125928,2
4104751,2
3992162,2
4121738,2
4123251,2
4112079,2
4089503,2
4114829,2
4064240,2
4127766,2
4116656,2
4057446,2
4110945,2
4110830,2
4116665,2
4115070,2
4112230,2
4106556,36
4119701,2
4112214,2
4104027,2
4083434,2
4108636,36
4050468,2
4108613,36
4028143,2
4111461,2
4128338,2
4058071,2
3985772,2
4117158,2
4128447,2
4052401,2
4027019,2
4104435,2
4120080,2
4114464,2
4098841,2
4098923,2
4111687,2
4100556,2
4097716,2
4093533,2
4094938,2
4104793,2
4113206,2
4116088,2
4125927,2
4117560,2
4127638,2
4057447,2
4106371,2
4083792,2
4093764,2
4119262,2
4108168,36
4103590,2
4113868,2
4112213,2
4113826,2
4115079,2
4068856,2
4100816,2
4098134,2
4094352,2
4129051,2
4114951,2
4117893,2
4116950,2
4115080,2
4067538,2
4117042,2
4077677,2
4092923,2
4069233,2
4050483,2
3993130,2
4041950,2
4087387,2
4107094,36
4055142,2
4129615,2
4072231,2
4128455,2
4098820,2
4114543,2
4122954,2
4111754,2
3993483,2
4124459,2
4080838,2
4088079,2
4044292,2
3993624,2
4096383,2
4100815,2
4120288,2
4096558,2
4121886,2
4097882,2
4113497,2
4113415,2
4110546,2
4124768,2
4120454,2
4124767,2
4130374,37
4092301,2
4105200,2
4121992,2
4123218,2
4122039,2
4107811,36
4083862,2
4066946,2
4114830,2
4128899,2
4127767,2
4100906,2
4113877,2
4103786,2
4111017,2
4110946,2
4122379,2
4116719,2
4123450,2
4117809,2
4120735,2
4115110,2
4115071,2
4115076,2
4115111,2
4088664,2
4016704,2
4032497,2
4122637,2
4117020,2
4060746,2
4114211,2
4105961,2
4087460,2
4126894,38
4089040,2
4128454,2
4107397,36
4124086,2
4121297,2
4112863,2
4078013,2
4131507,37
4120312,2
4090757,2
4090748,2
4114655,2
4111978,2
4076611,2
4061158,2
4121830,2
4088165,2
4126090,2
4123197,2
4110828,2
4100897,2
4127857,2
4116702,2
4120555,2
4105194,2
4102575,2
4105326,2
4116811,2
4109249,36
4058639,2
4041560,2
4130710,37
4098231,2
4108229,36
4123422,2
4114963,2
4126198,2
4116664,2
4100912,2
4126297,2
4103837,2
4126285,2
4129129,2
4130943,37
4112266,2
4126349,2
4101095,2
4083255,2
4063588,2
4109637,2
4128337,2
4118153,2
4131094,37
4125605,2
4058070,2
4118253,2
4031117,2
4115546,2
4087607,2
4086196,2
4058136,2
4125709,2
4114477,2
4129766,2
4118479,2
4129880,2
4124342,2
4103368,2
4113207,2
4089472,2
4133114,2
4116399,2
4130387,37
4103563,2
4128913,2
4126120,2
4102795,2
4133454,2
4131868,37
4119610,2
4068857,2
4112256,2
4125268,2
4131861,37
4120671,2
4111304,2
4100145,2
4133877,2
4106859,36
4132142,37
4118252,2
4122740,2
4041949,2
4063802,2
4121276,2
4117187,2
4129580,2
4104360,2
4132384,2
4131267,37
4134049,2
4125708,2
4097580,2
4055394,2
4084833,2
4079024,2
4122981,2
4111644,2
4078049,2
4106181,2
4125840,2
4082257,2
4106216,2
4089458,2
4131567,37
4130126,2
4106215,2
4088222,2
4119026,2
4123217,2
4130375,37
4131639,37
4106372,2
4093733,2
4086694,2
4102576,2
4133113,2
4093684,2
4110969,2
4120453,2
4130579,37
4100905,2
4119374,2
4103540,2
4119576,2
4128956,2
4100889,2
4106490,36
4119592,2
4127888,2
4133568,2
4103653,2
4119527,2
4131867,37
4117899,2
4134642,2
4130918,37
4125283,2
4117884,2
4102782,2
4109455,36
4129086,2
4131971,37
4111153,2
4120734,2
4098190,2
4094503,2
4063577,2
4133869,2
4123549,2
4120920,2
4112581,2
3998861,2
4117142,2
3998862,2
4123830,2
4126718,38
3996177,2
4069273,2
4126782,38
4041281,2
4083676,2
4111755,2
4086428,2
4109128,36
4131443,37
4107542,36
4035896,2
4100859,2
4103426,2
4099070,2
4123078,2
4120265,2
4117466,2
4119102,2
4117644,2
4065656,2
4119032,2
4130380,37
4124845,2
4110548,2
4124935,2
4112050,2
4136109,2
4105325,2
4045817,2
4116563,2
4086809,2
4122206,2
4133569,2
4123358,2
4127861,2
4109271,36
4122207,2
4069828,2
4126157,2
4106513,36
4131879,37
4130761,37
4117885,2
4133589,2
4130919,37
4120589,2
4119609,2
4055947,2
4122428,2
4131878,37
4133647,2
4119591,2
4011047,2
4116971,2
4133858,2
4088881,2
4093136,2
4112582,2
4105863,2
4129517,2
4119893,2
4100314,2
4042608,2
4056027,2
4100343,2
4135187,2
4100480,2
4135179,2
4114397,2
4135309,2
4134202,2
4094873,2
4118561,2
4098929,2
4114535,2
4116224,2
4100645,2
4021910,2
4102065,2
4116128,2
4135849,2
4135863,2
4125961,2
4052886,2
4097999,2
4092381,2
4114771,2
4091082,2
4124892,2
4117701,2
4106403,2
4131675,37
4127639,2
4106381,2
4123334,2
4102587,2
4102722,2
4136371,2
4120590,2
4122413,2
4117924,2
4088498,2
4137507,2
4111316,2
4126278,2
4117898,2
4120749,2
4131977,37
4071960,2
4136638,2
4120847,2
4091857,2
4105904,2
4118111,2
4084383,2
4122705,2
4111544,2
4114424,2
4126723,38
4135325,2
4120107,2
4120074,2
4079489,2
4134201,2
4073473,2
4137031,39
4113084,2
4087905,2
4059735,2
4127336,38
4114555,2
4089237,2
4000523,2
4116075,2
4124573,2
4124644,2
4137162,39
4117545,2
4114624,2
4133110,2
4134325,2
4116271,2
4106284,2
4086507,2
4131625,37
4131659,37
4116305,2
4128914,2
4108346,36
4127800,2
4139053,2
4117706,2
4100913,2
4117831,2
4137433,39
4133649,2
4122427,2
4131794,37
4137530,2
4130883,37
4134675,2
4130791,37
4126248,2
4126352,2
4136522,2
4112263,2
4116888,2
4084182,2
4044913,2
4067471,2
4115351,2
4114239,2
4122608,2
4092938,2
4137793,2
4045103,2
4090322,2
4010318,2
4118425,2
4078996,2
4086291,2
4118408,2
4124027,2
4135326,2
4117311,2
4124026,2
4095952,2
4125697,2
4129765,2
4097655,2
4138273,2
4104598,2
4111820,2
4100555,2
4139881,2
4049734,2
4107829,36
4103365,2
4116225,2
4137230,39
4130472,37
4131676,37
4135982,2
4109105,36
4094028,2
4136220,2
4137359,39
4139043,2
4138921,2
4092382,2
4119543,2
4117748,2
4123451,2
4133641,2
4136201,2
4120566,2
4139231,2
4088559,2
4137529,2
4128022,2
4070088,2
4131970,37
4069169,2
4089817,2
4122609,2
4077668,2
4112549,2
4123908,2
4111375,2
4056305,2
4117019,2
4075008,2
4094654,2
4111390,2
4091924,2
4027010,2
4072138,2
4127087,38
4108806,36
4126970,38
4129881,2
4110144,2
4117326,2
4100524,2
4093566,2
4082184,2
4110337,2
4111908,2
4105044,2
4106338,2
4138768,2
4134455,2
4138947,2
4126121,2
4130381,37
4106395,2
4015135,2
4117700,2
4128973,2
4117727,2
4105361,2
4140164,2
4126063,2
4131782,37
4097998,2
4122290,2
4137418,39
4110924,2
4140225,2
4137436,39
4133453,2
4099725,2
4134695,2
4085812,2
4126213,2
4131835,37
4085918,2
4112306,2
4122638,2
4115162,2
4098355,2
4067472,2
4123715,2
4109793,2
4092748,2
4109692,2
4137951,2
4123907,2
4136853,39
4041024,2
4094840,2
4140968,2
4097740,2
4139850,2
4142693,2
4126931,38
4124306,2
4122872,2
4114475,2
4082143,2
4134242,2
4127242,38
4135716,2
4097844,2
4121569,2
4139903,2
4072267,2
4075263,2
4113271,2
4140042,2
4004912,2
4114656,2
4103330,2
4121829,2
4121849,2
4110465,2
4109151,36
4107398,36
4135864,2
4117487,2
4038708,2
4120507,2
4137268,39
4137234,39
4123098,2
4105101,2
4085422,2
4113614,2
4131640,37
4091083,2
4127700,2
4137308,39
4136216,2
4143102,2
4123250,2
4117830,2
4137514,2
4133590,2
4123423,2
4116751,2
4122445,2
4123478,2
4129052,2
4075679,2
4123548,2
4126355,2
4133857,2
4137752,2
4142352,40
4137751,2
4142379,40
4001627,2
4123779,2
4065041,2
4135049,2
4134056,2
4132501,2
4135188,2
4114370,2
4140904,2
4131327,37
4059284,2
4117256,2
4120114,2
4144077,2
4139904,2
4137130,39
4121476,2
4032761,2
4127433,38
4137129,39
4137139,39
4083702,2
4101937,2
4134456,2
4131626,37
4123242,2
4085686,2
4109152,36
4137229,39
4135981,2
4073857,2
4133438,2
4143030,2
4099975,2
4110655,2
4131686,37
4143023,2
4117732,2
4138943,2
4140226,2
4105385,2
4117731,2
4140311,2
4109440,36
4120577,2
4109314,36
4125029,2
4130711,37
4057096,2
4123303,2
4131902,37
4115155,2
4095554,2
4139564,2
4117157,2
4083433,2
4142377,40
4131224,37
4067537,2
4136852,39
4122871,2
4123778,2
4126711,38
4145383,2
4126817,38
4139690,2
4084384,2
4141070,2
4135419,2
4100399,2
4098996,2
4142592,2
4118679,2
4139865,2
4059463,2
4083703,2
4073856,2
4124346,2
4116191,2
4132975,2
4139969,2
4137084,39
4066729,2
4110637,2
4132992,2
4127621,2
4145679,2
4131575,37
4142974,2
4144537,2
4131660,37
4140146,2
4123333,2
4114772,2
4142949,2
4142999,2
4138942,2
4130746,37
4128863,2
4133582,2
4140280,2
4137515,2
4125284,2
4140362,2
4117944,2
4106858,36
4114313,2
4059283,2
4107050,36
4080543,2
4146359,2
4145325,2
4121156,2
4011280,2
4145308,2
4135180,2
4093534,2
4142593,2
4076181,2
4126895,38
4090806,2
4117327,2
4126930,38
4146800,2
4128575,2
4076612,2
4127243,38
4111829,2
4137135,39
4109121,36
4145613,2
4091108,2
4118943,2
4139997,2
4110638,2
4135993,2
4112061,2
4144341,2
4128858,2
4061208,2
4142978,2
4122038,2
4128880,2
4142975,2
4138950,2
4147487,2
4130580,37
4103730,2
4137417,39
4092374,2
4139230,2
4095150,2
4137518,2
4145042,2
4131862,37
4136622,2
4134676,2
4126348,2
4071961,2
4088880,2
4112305,2
4143269,2
4131997,37
4005416,30
4129318,2
4123714,2
4119924,2
4136714,2
4107165,36
4111594,2
4135050,2
4145292,2
4123957,2
4118460,2
4124000,2
4092111,2
4138289,2
4097739,2
4042317,2
4039643,2
4146748,2
4115676,2
4124317,2
4134135,2
4056839,2
4107479,36
4141387,2
4141386,2
4115882,2
4144226,2
4110711,2
4123145,2
4137261,39
4148498,2
4138640,2
4142917,2
4130127,2
4106396,2
4137394,39
4138951,2
4133437,2
4143036,2
4126277,2
4128961,2
4147496,2
4124869,2
4131718,37
4136072,2
4116657,2
4124868,2
4130866,37
4137440,39
4137407,39
4137539,2
4137545,2
4137517,2
4134663,2
4136423,2
4136427,2
4133813,2
4131976,37
4061834,2
4087174,2
4131088,37
4122727,2
4112425,2
4131191,37
4090067,2
4149232,2
4148134,2
4010129,2
4123983,2
4145363,2
4016200,2
4089041,2
4138328,2
4134134,2
4065398,2
4138199,2
4103329,2
4110154,2
4106167,2
4124278,2
4106047,2
4143936,2
4129866,2
4092010,2
4119141,2
4104909,2
4117411,2
4140002,2
4148463,2
4128723,2
4111977,2
4128722,2
4150018,2
4145680,2
4102337,2
4147390,2
4147300,2
4131614,37
4083861,2
4150315,2
4116720,2
4150314,2
4133361,2
4117707,2
4112199,2
4063384,2
4119219,2
4136571,2
4140391,2
4142241,40
4033656,2
4131087,37
4129325,2
4112550,2
4114192,2
4081453,2
4133995,2
4142400,40
4129317,2
4149227,2
4095694,2
4145309,2
4136842,39
4111498,2
4108647,36
4119969,2
4098560,2
4089050,2
4142460,40
4117188,2
4115352,2
4134057,2
4121298,2
4103291,2
4094819,2
4041239,2
4151029,2
4128539,2
4131407,37
4115939,2
4134195,2
4127094,38
4146749,2
4148356,2
4139919,2
4138400,2
4090439,2
4131545,37
4117484,2
4125898,2
4137138,39
4117543,2
4131568,37
4141701,2
4142909,2
4106380,2
4145762,2
4123181,2
4141675,2
4055686,2
4123244,2
4137401,39
4137402,39
4127860,2
4147401,2
4131596,37
4150369,2
4139042,2
4145867,2
4141877,2
4141896,2
4133434,2
4127963,2
4140292,2
4136521,2
4134643,2
4109358,36
4137561,2
4061430,2
4136500,2
4146028,2
4151688,2
4032607,2
4091763,2
4128363,2
4123702,2
4129518,2
4146266,2
4139565,2
4131257,37
4149220,2
4140842,2
4121224,2
4136916,39
4104503,2
4148226,2
4143719,2
4124212,2
4111692,2
4124289,2
4148286,2
4091866,2
4136903,39
4148238,2
4104582,2
4145588,2
4020300,2
4134243,2
4138529,2
4148495,2
4144448,2
4096838,2
4150207,2
4099724,2
4141700,2
4153082,2
4142950,2
4131783,37
4150384,2
4153162,2
4153274,2
4136422,2
4145987,2
4116564,2
4128023,2
4140394,2
4130938,37
4142091,2
4148849,2
4119799,2
4139583,2
4126595,38
4117134,2
4098487,2
4150900,2
4089007,2
4111574,2
4152175,2
4146378,2
4140921,2
4150990,2
4136993,39
4135418,2
4146839,2
4148285,2
4148357,2
4127008,38
4152518,2
4151107,2
4095953,2
4148381,2
4137092,39
4127308,38
4127335,38
4154070,2
4144287,2
4138639,2
4151336,2
4114818,2
4152988,2
4147397,2
4144663,2
4153083,2
4137357,39
4142998,2
4145900,2
4153094,2
4119542,2
4133360,2
4145898,2
4145868,2
4133480,2
4126156,2
4116770,2
4150368,2
4142053,2
4142028,2
4153273,2
4144884,2
4150385,2
4142049,2
4126266,2
4140379,2
4148792,2
4092560,2
4139304,2
4102721,2
4129130,2
4083242,2
4120846,2
4097333,2
4122627,2
4128303,2
4077801,2
4146265,2
4120075,2
4066569,2
4145367,2
4134146,2
4115603,2
4151047,2
4145460,2
4138288,2
4145578,2
4134145,2
4094915,2
4018696,2
4064086,2
4146985,2
4146928,2
4132578,2
4111830,2
4131533,37
4152743,2
4025697,2
4131508,37
4075225,2
4076652,2
4138681,2
4029110,2
4145776,2
4128862,2
4147389,2
4151492,2
4111018,2
4110891,2
4151498,2
4127761,2
4150367,2
4150561,2
4139128,2
4153246,2
4085455,2
4153323,2
4153324,2
4154511,2
4139520,2
4143357,2
4075009,2
4153690,2
4142380,40
4133975,2
4140891,2
4152100,2
4072168,2
4011281,2
4125721,2
4132583,2
4128538,2
4139866,2
4152555,2
4141229,2
4051206,2
4151168,2
4151178,2
4137097,39
4141539,2
4144342,2
4111778,2
4117479,2
4145699,2
4082800,2
4044612,2
4154220,2
4150155,2
4156963,2
4142977,2
4136370,2
4137434,39
4111088,2
4153056,2
4156014,2
4125020,2
4148673,2
4151657,2
4133529,2
4139211,2
4142280,40
4123546,2
4064632,2
4145222,2
4139634,2
4137765,2
4120921,2
4153703,2
4129232,2
4149233,2
4153787,2
4131107,37
4115433,2
4022633,2
4153812,2
4073476,2
4059189,2
4115496,2
4135476,2
4052595,2
4156706,2
4125720,2
4120124,2
4129809,2
4149836,2
4138530,2
4151196,2
4156843,2
4136012,2
4149837,2
4114705,2
4089560,2
4156941,2
4072474,2
4150216,2
4150221,2
4126089,2
4075383,2
4122005,2
4151470,2
4120433,2
4123198,2
4145899,2
4137451,39
4145850,2
4141876,2
4151555,2
4143108,2
4133377,2
4156064,2
4156017,2
4143109,2
4139052,2
4148835,2
4137563,2
4142043,2
4136570,2
4137544,2
4137506,2
4147757,2
4114037,2
4129266,2
4021303,2
4126494,38
4118076,2
4156495,2
4136843,39
4146358,2
4148112,2
4145362,2
4139744,2
4152176,2
4125524,2
4126789,38
4127025,38
4143668,2
4145464,2
4156642,2
4145368,2
4155220,2
4156707,2
4152288,2
4085239,2
4153900,2
4134346,2
4144269,2
4156842,2
4148464,2
4045818,2
4135757,2
4145763,2
4105214,2
4078153,2
4130335,37
4076863,2
4130386,37
4141540,2
4069808,2
4155812,2
4143037,2
4133318,2
4147586,2
4156008,2
4144502,2
4155946,2
4134574,2
4134647,2
4147756,2
4136296,2
4118112,2
4131244,37
4123604,2
4081946,2
4153882,2
4117387,2
4141146,2
4141147,2
4160720,2
4113121,2
4093386,2
4107496,36
4146848,2
4128611,2
4156827,2
4138682,2
4120356,2
4140038,2
4133205,2
4145632,2
4051207,2
4142772,2
4147216,2
4132993,2
4137202,39
4127578,2
4134490,2
4154175,2
4147484,2
4141723,2
4120528,2
4133319,2
4144650,2
4159771,2
4158646,2
4145813,2
4159848,2
4141747,2
4150278,2
4142948,2
4140165,2
4153057,2
4153030,2
4143054,2
4156007,2
4130623,37
4157090,2
4145849,2
4137406,39
4133828,2
4156186,2
4139442,2
4126356,2
4146081,2
4073169,2
4080615,2
4018429,34
4077733,2
4146384,2
4152200,2
4131183,37
4106089,2
4159437,2
4134090,2
4148237,2
4139811,2
4112999,2
4145326,2
4151077,2
4111691,2
4149436,2
4152414,2
4114493,2
4131411,37
4123048,2
4162474,2
4113427,2
4142773,2
4110547,2
4125917,2
4117374,2
4120374,2
4139996,2
4144351,2
4162522,2
4141530,2
4154106,2
4161351,2
4117734,2
4150019,2
4150102,2
4144284,2
4158647,2
4138946,2
4157091,2
4151416,2
4136217,2
4157186,2
4144885,2
4129105,2
4134696,2
4148793,2
4136637,2
4150657,2
4140361,2
4156185,2
4133676,2
4143208,2
4160106,2
4126507,38
4139635,2
4133996,2
4143419,2
4159274,2
4140802,2
4140803,2
4084340,2
4111497,2
4140843,2
4124307,2
4126816,38
4143669,2
4152331,2
4159407,2
4151079,2
4152432,2
4156736,2
4149598,2
4162371,2
4127177,38
4134345,2
4131453,37
4149789,2
4142795,2
4034618,2
4120311,2
4104776,2
4162521,2
4151179,2
4152858,2
4159774,2
4140041,2
4162658,2
4137340,39
4161360,2
4151379,2
4164194,2
4150236,2
4162629,2
4148619,2
4154260,2
4138852,2
4157068,2
4126080,2
4136303,2
4142240,40
4069208,2
4146082,2
4133868,2
4131996,37
4081433,2
4126488,38
4150816,2
4136694,2
4044775,2
4152183,2
4162206,2
4150868,2
4104321,2
4064971,2
4143932,2
4139670,2
4156595,2
4073595,2
4075989,2
4140965,2
4108805,36
4141013,2
4143972,2
4152398,2
4144193,2
4156820,2
4163818,2
4142692,2
4159674,2
4161087,2
4124316,2
4127309,38
4113270,2
4162614,2
4116272,2
4152844,2
4143014,2
4148597,2
4153095,2
4144536,2
4159834,2
4164318,2
4148620,2
4145775,2
4055722,2
4164307,2
4155841,2
4151403,2
4150101,2
4158632,2
4152987,2
4150253,2
4153015,2
4148845,2
4145978,2
4137599,2
4114156,2
4131016,37
4159250,2
4129233,2
4161984,2
4090020,2
4035509,2
4111589,2
4163519,2
4117396,2
4087608,2
4138198,2
4162201,2
4036894,2
4152353,2
4117165,2
4157931,2
4129652,2
4124345,2
4157976,2
4163641,2
4110424,2
4159577,2
4151134,2
4134324,2
4145589,2
4159675,2
4151242,2
4162456,2
4162451,2
4107497,36
4080982,2
4097753,2
4162509,2
4164059,2
4152807,2
4144501,2
4102084,2
4148546,2
4124518,2
4120373,2
4089298,2
4132962,2
4120527,2
4140150,2
4165537,2
4159989,2
4147655,2
4164617,2
4150661,2
4159026,2
4144837,2
4151735,2
4111380,2
4063815,2
4143387,2
4151916,2
4114296,2
4151911,2
4103997,2
4162158,2
4153791,2
4093159,2
4080792,2
4153885,2
4155149,2
4155219,2
4104775,2
4128506,2
4153909,2
4166498,2
4158153,2
4162338,2
4160922,2
4156735,2
4163817,2
4147000,2
4155481,2
4100621,2
4078066,2
4148486,2
4156962,2
4110656,2
4144515,2
4140147,2
4090932,2
4162598,2
4153163,2
4166976,2
4167117,2
4133376,2
4140179,2
4141755,2
4158706,2
4136013,2
4165538,2
4145889,2
4136056,2
4142044,2
4147497,2
4159952,2
4137360,39
4159998,2
4147483,2
4142021,2
4157160,2
4159025,2
4159147,2
4145946,2
4137621,2
4119798,2
4122689,2
4163158,2
4143504,2
4165892,2
4123605,2
4143505,2
4145221,2
4129449,2
4168917,2
4031261,2
4152042,2
4133989,2
4167830,2
4125696,2
4138272,2
4128610,2
4168033,2
4154071,2
4158389,2
4169592,2
4163910,2
4131695,37
4116306,2
4148496,2
4152857,2
4157086,2
4154221,2
4150366,2
4158633,2
4165496,2
4137288,39
4148848,2
4154447,2
4128974,2
4150468,2
4156109,2
4157159,2
4156139,2
4159967,2
4146039,2
4151658,2
4162796,2
4139129,2
4154479,2
4061695,2
4168521,2
4157422,2
4160112,2
4120965,2
4154693,2
4151923,2
4154771,2
4135016,2
4148133,2
4146604,2
4114462,2
4073318,2
4124001,2
4129579,2
4152346,2
4165022,2
4162260,2
4151112,2
4129867,2
4169329,2
4114662,2
4044281,2
4163683,2
4131442,37
4169427,2
4093627,2
4169426,2
4137161,39
4159658,2
4097968,2
4144140,2
4169591,2
4151307,2
4169708,2
4170948,2
4111909,2
4120388,2
4137287,39
4152744,2
4151306,2
4130334,37
4110425,2
4155599,2
4074022,2
4159849,2
4088201,2
4151491,2
4139210,2
4145846,2
4145934,2
4170259,2
4170104,2
4151471,2
4156128,2
4156063,2
4160078,2
4134772,2
4150547,2
4156366,2
4103785,2
4139305,2
4154512,2
4046647,2
4032561,2
4168522,2
4148980,2
4092865,2
4094773,2
4129450,2
4156494,2
4160445,2
4168682,2
4153689,2
4146313,2
4157552,2
4170474,2
4139613,2
4131190,37
4159358,2
4087056,2
4141012,2
4142597,2
4117201,2
4031129,2
4152582,2
4170806,2
4169368,2
4168046,2
4168092,2
4095043,2
4162510,2
4104994,2
4158233,2
4137356,39
4139992,2
4123243,2
4148528,2
4113726,2
4148545,2
4169872,2
4112029,2
4165561,2
4167215,2
4145847,2
4137441,39
4153031,2
4150548,2
4162760,2
4157166,2
4143031,2
4156148,2
4143175,2
4154444,2
4162765,2
4133642,2
4170168,2
4171226,2
4122500,2
4170167,2
4084339,2
4129267,2
4126489,38
4125572,2
4145120,2
4151845,2
4148985,2
4145119,2
4133878,2
4164818,2
4160396,2
4170473,2
4162112,2
4135310,2
4151924,2
4157553,2
4166171,2
4031130,2
4162259,2
4151030,2
4145285,2
4143931,2
4046925,2
4156823,2
4101926,2
4117412,2
4125897,2
4128683,2
4037036,2
4146893,2
4144076,2
4168040,2
4165259,2
4144288,2
4172229,2
4117397,2
4163927,2
4165366,2
4091025,2
4149975,2
4093385,2
4158378,2
4156902,2
4145602,2
4172475,2
4173821,2
4145735,2
4162615,2
4171021,2
4100523,2
4169928,2
4164139,2
4173940,2
4155890,2
4167118,2
4133648,2
4036096,2
4123139,2
4162645,2
4164363,2
4173985,2
4159045,2
4159990,2
4167433,2
4173120,2
4156263,2
4167380,2
4128214,2
4170390,2
4128362,2
4137622,2
4160395,2
4168786,2
4143718,2
4166072,2
4133966,2
4166157,2
4124079,2
4156643,2
4045114,2
4035578,2
4167870,2
4171992,2
4169328,2
4114804,2
4174932,2
4130011,2
4168045,2
4151147,2
4131574,37
4172374,2
4137222,39
4158544,2
4173744,2
4165361,2
4170947,2
4148596,2
4135850,2
4167063,2
4150283,2
4155970,2
4157067,2
4165497,2
4166987,2
4159940,2
4161547,2
4147398,2
4171212,2
4145988,2
4161821,2
4159941,2
4142969,2
4174089,2
4084128,2
4139469,2
4114193,2
4115185,2
4149093,2
4123703,2
4160446,2
4146385,2
4160721,2
4152319,2
4072383,2
4165110,2
4166479,2
4162412,2
4144168,2
4169369,2
4146847,2
4166534,2
4169303,2
4139880,2
4172230,2
4156828,2
4144402,2
4164024,2
4162529,2
4175360,2
4118938,2
4154178,2
4172501,2
4145794,2
4153188,2
4145814,2
4176783,2
4162685,2
4140358,2
4173000,2
4153193,2
4159930,2
4150646,2
4159959,2
4123547,2
4137562,2
4164684,2
4173150,2
4143174,2
4153523,2
4150744,2
4165891,2
4164888,2
4160596,2
4142383,40
4112877,2
4177384,2
4156596,2
4173526,2
4139920,2
4165062,2
4159516,2
4166574,2
4159594,2
4166480,2
4143994,2
4172294,2
4125916,2
4178136,2
4155811,2
4155590,2
4168164,2
4173752,2
4175441,2
4166926,2
4137341,39
4162657,2
4176700,2
4169929,2
4143034,2
4164652,2
4173001,2
4176841,2
4106552,36
4131965,37
4173201,2
4151689,2
4154716,2
4151822,2
4142376,40
4126483,38
4151910,2
4164907,2
4156577,2
4153781,2
4164984,2
4159336,2
4112622,2
4103040,2
4159341,2
4171903,2
4167831,2
4162288,2
4159423,2
4140969,2
4126790,38
4165023,2
4115677,2
4170676,2
4152517,2
4174854,2
4167888,2
4169158,2
4174855,2
4104583,2
4117334,2
4149597,2
4099245,2
4172293,2
4164060,2
4135507,2
4041598,2
4175171,2
4175252,2
4144352,2
4136071,2
4138790,2
4113370,2
4161289,2
4148611,2
4117728,2
4170988,2
4167009,2
4178380,2
4155778,2
4161661,2
4162599,2
4171084,2
4171053,2
4158828,2
4144788,2
4151380,2
4173961,2
4151497,2
4173076,2
4176870,2
4168453,2
4117945,2
4126212,2
4136426,2
4091734,2
4116972,2
4081434,2
4064752,2
4143418,2
4168651,2
4152099,2
4139601,2
4126793,38
4039203,2
4153805,2
4139954,2
4097468,2
4117095,2
4136994,39
4157648,2
4167998,2
4114548,2
4041276,2
4169126,2
4115678,2
4166156,2
4098732,2
4090438,2
4169216,2
4141071,2
4176321,2
4169231,2
4179178,2
4166573,2
4106064,2
4102292,2
4180651,2
4135620,2
4141239,2
4113120,2
4125737,2
4154107,2
4172422,2
4135761,2
4173753,2
4165247,2
4180931,2
4163916,2
4158439,2
4165360,2
4166917,2
4171020,2
4176695,2
4141722,2
4164362,2
4175440,2
4178370,2
4167076,2
4176769,2
4171126,2
4179522,2
4162688,2
4133471,2
4133528,2
4178657,2
4105384,2
4145890,2
4164536,2
4145793,2
4173202,2
4143270,2
4097399,2
4179772,2
4159273,2
4160360,2
4134877,2
4179969,2
4138087,2
4111670,2
4148090,2
4176214,2
4145382,2
4168916,2
4180377,2
4177520,2
4167886,2
4162339,2
4073401,2
4131410,37
4165111,2
4181997,2
4177681,2
4047075,2
4175130,2
4174948,2
4142598,2
4152618,2
4178006,2
4175129,2
4147038,2
4158216,2
4173743,2
4168123,2
4123273,2
4159886,2
4145633,2
4178155,2
4176596,2
4165442,2
4173881,2
4157085,2
4182281,2
4114805,2
4175626,2
4169889,2
4172798,2
4179566,2
4141746,2
4159885,2
4171202,2
4159997,2
4164559,2
4170181,2
4145041,2
4136539,2
4129326,2
4104053,2
4162993,2
4160193,2
4181662,2
4153593,2
4101181,2
4122628,2
4164903,2
4140815,2
4164887,2
4115497,2
4174412,2
4154715,2
4165005,2
4176215,2
4181816,2
4166148,2
4097488,2
4171778,2
4150991,2
4167803,2
4077983,2
4142575,2
4183136,2
4156646,2
4166657,2
4165240,2
4182028,2
4142733,2
4172248,2
4175079,2
4180708,2
4158086,2
4183480,2
4121737,2
4162473,2
4168096,2
4178005,2
4177928,2
4127282,38
4138594,2
4172375,2
4178135,2
4142912,2
4176702,2
4169871,2
4176656,2
4181040,2
4159910,2
4169905,2
4167000,2
4171125,2
4162797,2
4144932,2
4109272,36
4157165,2
4170016,2
4170254,2
4148703,2
4168377,2
4160110,2
4164594,2
4173204,2
4174317,2
4111645,2
4164908,2
4160463,2
4174404,2
4181826,2
4180170,2
4160581,2
4044900,2
4158099,2
4153702,2
4171976,2
4076523,2
4143875,2
4180381,2
4095967,2
4174933,2
4143993,2
4144055,2
4162399,2
4156774,2
4179244,2
4168034,2
4177809,2
4168015,2
4131690,37
4172213,2
4149840,2
4172557,2
4177929,2
4156870,2
4047011,2
4179462,2
4171085,2
4167001,2
4161340,2
4172642,2
4166975,2
4169621,2
4183807,2
4153084,2
4153144,2
4169890,2
4169711,2
4154212,2
4182306,2
4173822,2
4161350,2
4183994,2
4128953,2
4162759,2
4150494,2
4123189,2
4172641,2
4158769,2
4170255,2
4144933,2
4161662,2
4164469,2
4181416,2
4176869,2
4175956,2
4140430,2
4136632,2
4153571,2
4153572,2
4161983,2
4111389,2
4142294,40
4181727,2
4184474,2
4174294,2
4126746,38
4173260,2
4149265,2
4149445,2
4168883,2
4181827,2
4124075,2
4185975,2
4151048,2
4140862,2
4126508,38
4177782,2
4177726,2
4169232,2
4141238,2
4159595,2
4148382,2
4165334,2
4172300,2
4180868,2
4151321,2
4179417,2
4182270,2
4123146,2
4172502,2
4170989,2
4178379,2
4169951,2
4147217,2
4161617,2
4166916,2
4150493,2
4172799,2
4142918,2
4156013,2
4174028,2
4171227,2
4162723,2
4170017,2
4145022,2
4154478,2
4179742,2
4164639,2
4133677,2
4174262,2
4185472,2
4139669,2
4133990,2
4154622,2
4170447,2
4184520,2
4176103,2
4184625,2
4123845,2
4173454,2
4180282,2
4152330,2
4180267,2
4167947,2
4171835,2
4160782,2
4156821,2
4183403,2
4155281,2
4167911,2
4167995,2
4172247,2
4115940,2
4168113,2
4155201,2
4180834,2
4144367,2
4180867,2
4183612,2
4185027,2
4150026,2
4187879,2
4168191,2
4179461,2
4179375,2
4185181,2
4173963,2
4144686,2
4173984,2
4170048,2
4178541,2
4185193,2
4143135,2
4176825,2
4170103,2
4146027,2
4136631,2
4167579,2
4142351,40
4146314,2
4148904,2
4174405,2
4173303,2
4053464,2
4174447,2
4184544,2
4173330,2
4160457,2
4184721,2
4089003,2
4181886,2
4170686,2
4185934,2
4184726,2
4155150,2
4143876,2
4110304,2
4159576,2
4166497,2
4180378,2
4166658,2
4155202,2
4156838,2
4145646,2
4162582,2
4172299,2
4172347,2
4180932,2
4180888,2
4126046,2
4181027,2
4172500,2
4162630,2
4182208,2
4176642,2
4161492,2
4167008,2
4182272,2
4173880,2
4126202,2
4158557,2
4187978,2
4181158,2
4175437,2
4185203,2
4139306,2
4176760,2
4187010,37
4169950,2
4185273,2
4182459,2
4171249,2
4153452,2
4174090,2
4170306,2
4144787,2
4150658,2
4153524,2
4157503,2
4086073,2
4165852,2
4184624,2
4173355,2
4137950,2
4173253,2
4114247,2
4092939,2
4149264,2
4185675,2
4125759,2
4152201,2
4122850,2
4188848,2
4162202,2
4181941,2
4157649,2
4181931,2
4146665,2
4061023,2
4125879,2
4094772,2
4168016,2
4186075,2
4187669,2
4128634,2
4189041,2
4152413,2
4168041,2
4189260,2
4182160,2
4184997,2
4165409,2
4127322,38
4151241,2
4166881,2
4138789,2
4155935,2
4161491,2
4175247,2
4165333,2
4159688,2
4176717,2
4179537,2
4162741,2
4190868,2
4164442,2
4156038,2
4176885,2
4178501,2
4185274,2
4160105,2
4187245,2
4118104,2
4142407,40
4094580,2
4188439,2
4185795,2
4180012,2
4173318,2
4190244,2
4129275,2
4134878,2
4139582,2
4188849,2
4183282,2
4189042,2
4187649,2
4172214,2
4147055,2
4165170,2
4112862,2
4186357,35
4172620,2
4176562,2
4164025,2
4168223,2
4140105,2
4161288,2
4178280,2
4186754,35
4187943,2
4161341,2
4147456,2
4162740,2
4176759,2
4182346,2
4170258,2
4190789,2
4185233,2
4130778,37
4176716,2
4142050,2
4157178,2
4159966,2
4173960,2
4178502,2
4171165,2
4184206,2
4178660,2
4189907,2
4171211,2
4156441,2
4174478,2
4153743,2
4138329,2
4135015,2
4190155,2
4053271,2
4125579,2
4184545,2
4109792,2
4091968,2
4142424,40
4180308,2
4183135,2
4159450,2
4163568,2
4190437,2
4190436,2
4159436,2
4163640,2
4182038,2
4135812,2
4187701,2
4117369,2
4142908,2
4176483,2
4187802,2
4141754,2
4140023,2
4144306,2
4193506,2
4192272,2
4169512,2
4156942,2
4181157,2
4187878,2
4187891,2
4187939,2
4190783,2
4175621,2
4182380,2
4159960,2
4186600,35
4190819,2
4158707,2
4185194,2
4187990,2
4157177,2
4175792,2
4181523,2
4164653,2
4181480,2
4192814,2
4176842,2
4066367,2
4176138,2
4191285,2
4181726,2
4188438,2
4160540,2
4152041,2
4188626,2
4153811,2
4182929,2
4190352,2
4132423,2
4180382,2
4191614,2
4187638,2
4130128,2
4187522,2
4180461,2
4136998,39
4194759,2
4179261,2
4161223,2
4165218,2
4192126,2
4090747,2
4186556,35
4166946,2
4178438,2
4185026,2
4188055,2
4189514,2
4186723,35
4185173,2
4185160,2
4192471,2
4140274,2
4173964,2
4171231,2
4161596,2
4190869,2
4176817,2
4190879,2
4178602,2
4184346,2
4181417,2
4188054,2
4175883,2
4164620,2
4195677,2
4159148,2
4133829,2
4159134,2
4060855,2
4136653,2
4119875,2
4059469,2
4140553,2
4118077,2
4142334,40
4180149,2
4181851,2
4089904,2
4191475,2
4056382,2
4186096,2
4056717,2
4170594,2
4056615,2
4191615,2
4181951,2
4148429,2
4190485,2
4160996,2
4196177,2
4191860,2
4194749,2
4151322,2
4184946,2
4123097,2
4190591,2
4183533,2
4183613,2
4113426,2
4172476,2
4186557,35
4131689,37
4165223,2
4164319,2
4150206,2
4178226,2
4185065,2
4174070,2
4192351,2
4171183,2
4187991,2
4189662,2
4186803,35
4181366,2
4193677,2
4140275,2
4170083,2
4154407,2
4176824,2
4162687,2
4140429,2
4156365,2
4148883,2
4192935,2
4174293,2
4174232,2
4165858,2
4146321,2
4171442,2
4187350,2
4164869,2
4164868,2
4195844,2
4181839,2
4146664,2
4157656,2
4193065,2
4195979,2
4146538,2
4127086,38
4166170,2
4053515,2
4194445,2
4191644,2
4197155,2
4146501,2
4166410,2
4196017,2
4165224,2
4197273,2
4146927,2
4191846,2
4186389,35
4161005,2
4059464,2
4186398,35
4146972,2
4186601,35
4181101,2
4173775,2
4195238,2
4195079,2
4159782,2
4195128,2
4195257,2
4193595,2
4195256,2
4185159,2
4159851,2
4175620,2
4173020,2
4174048,2
4174118,2
4187060,37
4184387,2
4172915,2
4193725,2
4181531,2
4176864,2
4151734,2
4117202,2
4184502,2
4184633,2
4173327,2
4062110,2
4154708,2
4187438,2
4148225,2
4194220,2
4195872,2
4166153,2
4187585,2
4160764,2
4188784,2
4180276,2
4194488,2
4151078,2
4137982,2
4160765,2
4146379,2
4167822,2
4153705,2
4190365,2
4167937,2
4167936,2
4144029,2
4144305,2
4166533,2
4170945,2
4120196,2
4163909,2
4186417,35
4169490,2
4197762,2
4144141,2
4186676,35
4179411,2
4195103,2
4197912,2
4181192,2
4197761,2
4185077,2
4195237,2
4175608,2
4186654,35
4170961,2
4189607,2
4186802,35
4180843,2
4196387,2
4199260,2
4175627,2
4189672,2
4189606,2
4165408,2
4169954,2
4186722,35
4189794,2
4184193,2
4142066,2
4193726,2
4161644,2
4196538,2
4155969,2
4171217,2
4184345,2
4195690,2
4100296,2
4181673,2
4156427,2
4199505,2
4187349,2
4191095,2
4185471,2
4195772,2
4152059,2
4198737,2
4141228,2
4159251,2
4190353,2
4181957,2
4199971,2
4170685,2
4139743,2
4143971,2
4181996,2
4186356,35
4183631,2
4199008,2
4193428,2
4200480,2
4197713,2
4180949,2
4175172,2
4168122,2
4200602,2
4190732,2
4190659,2
4189315,2
4199180,2
4197990,2
4161293,2
4182320,2
4162674,2
4187003,37
4200917,2
4187002,37
4184182,2
4193680,2
4158768,2
4170084,2
4171184,2
4184282,2
4192691,2
4156132,2
4188207,2
4133808,2
4195570,2
4191020,2
4198489,2
4151693,2
4148905,2
4163069,2
4173302,2
4195799,2
4196793,2
4192996,2
4174479,2
4198521,2
4195868,2
4110060,2
4177364,2
4111543,2
4184652,2
4191595,2
4160921,2
4135377,2
4061783,2
4168003,2
4190388,2
4196016,2
4194478,2
4187586,2
4191869,2
4112839,2
4198893,2
4191829,2
4177783,2
4179260,2
4142732,2
4177727,2
4189251,2
4193310,2
4189314,2
4190559,2
4172346,2
4169537,2
4107828,36
4192125,2
4192000,2
4187854,2
4183630,2
4175246,2
4197911,2
4176641,2
4183769,2
4193583,2
4178425,2
4179521,2
4179424,2
4178369,2
4174041,2
4198196,2
4190855,2
4145945,2
4196519,2
4187018,37
4174040,2
4178672,2
4167482,2
4145033,2
4164817,2
4188307,2
4193995,2
4176102,2
4185676,2
4188564,2
4187417,2
4197156,2
4195899,2
4146500,2
4201550,2
4195937,2
4160462,2
4170677,2
4144054,2
4066661,2
4190371,2
4187693,2
4200156,2
4183349,2
4176450,2
4182096,2
4156856,2
4201794,2
4190638,2
4201793,2
4187809,2
4087916,2
4173792,2
4183577,2
4186608,35
4201926,2
4190754,2
4179436,2
4189515,2
4196288,2
4171109,2
4154259,2
4195127,2
4192212,2
4162689,2
4187979,2
4181020,2
4200847,2
4184094,2
4199179,2
4173927,2
4176703,2
4171248,2
4202066,2
4181530,2
4202137,2
4129106,2
4128354,2
4129286,2
4167612,2
4168785,2
4187361,2
4095619,2
4188393,2
4204175,2
4173331,2
4143493,2
4199904,2
4163569,2
4176238,2
4180164,2
4142617,2
4201549,2
4173453,2
4139851,2
4200027,2
4190417,2
4203038,2
4196059,2
4201713,2
4192077,2
4114494,2
4197526,2
4162592,2
4183477,2
4197792,2
4197688,2
4190658,2
4187892,2
4186409,35
4175557,2
4198110,2
4165415,2
4190854,2
4198111,2
4198097,2
4196345,2
4171232,2
4199323,2
4182491,2
4178727,2
4185257,2
4167493,2
4177157,2
4148071,2
4204211,2
4173384,2
4091858,2
4190276,2
4091762,2
4166212,2
4193024,2
4171993,2
4187537,2
4167847,2
4178966,2
4181936,2
4202916,2
4128505,2
4183247,2
4201675,2
4167991,2
4163928,2
4084879,2
4172098,2
4204643,2
4203343,2
4186369,35
4204647,2
4189191,2
4159659,2
4201884,2
4201925,2
4204719,2
4200720,2
4195245,2
4189661,2
4200916,2
4203791,2
4200856,2
4192560,2
4182376,2
4202065,2
4089543,2
4188092,2
4176816,2
4179663,2
4173199,2
4189908,2
4185355,2
4191226,2
4069168,2
4171443,2
4195773,2
4204212,2
4190090,2
4165851,2
4202446,2
4179970,2
4176137,2
4198585,2
4173445,2
4194196,2
4139602,2
4196976,2
4174446,2
4124040,2
4181769,2
4202824,2
4207223,2
4184835,2
4180519,2
4171779,2
4182039,2
4073553,2
4203093,2
4203136,2
4203084,2
4117559,2
4204630,2
4155448,2
4175089,2
4187752,2
4187810,2
4204646,2
4197736,2
4192239,2
4200846,2
4190656,2
4186431,35
4185122,2
4203612,2
4195104,2
4178279,2
4188004,2
4206700,2
4174054,2
4195540,2
4188051,2
4122414,2
4174199,2
4150752,2
4131017,37
4125549,2
4206988,2
4202331,2
4192902,2
4193957,2
4156399,2
4187289,2
4195800,2
4204278,2
4173407,2
4163542,2
4190427,2
4200026,2
4180289,2
4071033,2
4201608,2
4180572,2
4128625,2
4070921,2
4172202,2
4194758,2
4200576,2
4206155,2
4203294,2
4184998,2
4203416,2
4169511,2
4195184,2
4176655,2
4202150,2
4196525,2
4182345,2
4207774,2
4185232,2
4196485,2
4150743,2
4100894,2
4160111,2
4204147,2
4191225,2
4207973,2
4209754,2
4187360,2
4190235,2
4173326,2
4208169,2
4191096,2
4202492,2
4199822,2
4208262,2
4168797,2
4207168,2
4208261,2
4201565,2
4180277,2
4139894,2
4194487,2
4114461,2
4201712,2
4155003,2
4159451,2
4200106,2
4152684,2
4192082,2
4133023,2
4194677,2
4114423,2
4203417,2
4187780,2
4185055,2
4203365,2
4127283,38
4190666,2
4207665,2
4206530,2
4162752,2
4199246,2
4179567,2
4192470,2
4148672,2
4182379,2
4195569,2
4173200,2
4201295,2
4164751,2
4150662,2
4191014,2
4184527,2
4204215,2
4204214,2
4193958,2
4173319,2
4149062,2
4185688,2
4205230,2
4204369,2
4121220,2
4190251,2
4191574,2
4185687,2
4205576,2
4163484,2
4199962,2
4180246,2
4208626,2
4152683,2
4204642,2
4207351,2
4175189,2
4161096,2
4156871,2
4148376,2
4186410,35
4201904,2
4172329,2
4186702,35
4211823,2
4195080,2
4193643,2
4209213,2
4192240,2
4198183,2
4189671,2
4207660,2
4192815,2
4182520,2
4207773,2
4174024,2
4206733,2
4203892,2
4140279,2
4203954,2
4198525,2
4184526,2
4081572,2
4143358,2
4073149,2
4174460,2
4198699,2
4190243,2
4195978,2
4132383,2
4143935,2
4186015,2
4187644,2
4137247,39
4179177,2
4168097,2
4138813,2
4189261,2
4158152,2
4183704,2
4163810,2
4203348,2
4210272,2
4211822,2
4203366,2
4203375,2
4187924,2
4210271,2
4193485,2
4211816,2
4186675,35
4169760,2
4209214,2
4175268,2
4166880,2
4206490,2
4186695,35
4197989,2
4212150,2
4169955,2
4193584,2
4210482,2
4182282,2
4193678,2
4190715,2
4209384,2
4212273,2
4201031,2
4196566,2
4178665,2
4178673,2
4190952,2
4186985,37
4198524,2
4199437,2
4156371,2
4202543,2
4191252,2
4208168,2
4187419,2
4177383,2
4210912,2
4191474,2
4198728,2
4190538,2
4152248,2
4107415,36
4167996,2
4183576,2
4158390,2
4200575,2
4138699,2
4194815,2
4089459,2
4204743,2
4176537,2
4173909,2
4193507,2
4186755,35
4204766,2
4200857,2
4183850,2
4136200,2
4153145,2
4207664,2
4193705,2
4189779,2
4172812,2
4206608,2
4198165,2
4171160,2
4202172,2
4212149,2
4200975,2
4198229,2
4210572,2
4199396,2
4202149,2
4201226,2
4210571,2
4182511,2
4187253,2
4202263,2
4176116,2
4184475,2
4191268,2
4204176,2
4196794,2
4153594,2
4140922,2
4207081,2
4201491,2
4185646,2
4188565,2
4188825,2
4137120,39
4173444,2
4167804,2
4174413,2
4076490,2
4200107,2
4196201,2
4182267,2
4215870,2
4187781,2
4166945,2
4151233,2
4187853,2
4195001,2
4211994,2
4197791,2
4185204,2
4200706,2
4209092,2
4193599,2
4190714,2
4204912,2
4195185,2
4200721,2
4188080,2
4206361,2
4201022,2
4184093,2
4202138,2
4196486,2
4181295,2
4199294,2
4174055,2
4156131,2
4196590,2
4187059,37
4196472,2
4202153,2
4213418,2
4190914,2
4210633,2
4137766,2
4070232,2
4179821,2
4206997,2
4184634,2
4208068,2
4202491,2
4171496,2
4205557,2
4212738,2
4140432,2
4142632,2
4205556,2
4129926,2
4204392,2
4190430,2
4212821,2
4180650,2
4193312,2
4211392,2
4152583,2
4152431,2
4073558,2
4186241,2
4161039,2
4206156,2
4212975,2
4208951,2
4142814,2
4211817,2
4200601,2
4190667,2
4217413,2
4205930,2
4199110,2
4214674,2
4214673,2
4183993,2
4178225,2
4212163,2
4203893,2
4186653,35
4203613,2
4206607,2
4197960,2
4207659,2
4195354,2
4172826,2
4137284,39
4193755,2
4182490,2
4204875,2
4198164,2
4210540,2
4216105,2
4209385,2
4214950,2
4202225,2
4215228,2
4198488,2
4195691,2
4153621,2
4190089,2
4216421,2
4202445,2
4185645,2
4182996,2
4196915,2
4074882,2
4194444,2
4193023,2
4207156,2
4142576,2
4200158,2
4205845,2
4203092,2
4204500,2
4128690,2
4189103,2
4218612,2
4155380,2
4184926,2
4184936,2
4215855,2
4184947,2
4214646,2
4214553,2
4217397,2
4204718,2
4215974,2
4215921,2
4212002,2
4217596,2
4178726,2
4148475,2
4196473,2
4214936,2
4200773,2
4206529,2
4210547,2
4193644,2
4217953,2
4193697,2
4203792,2
4153353,2
4154435,2
4193675,2
4184277,2
4199307,2
4202261,2
4171325,2
4199436,2
4190162,2
4150753,2
4218218,2
4193018,2
4178994,2
4208343,2
4076101,2
4149393,2
4176164,2
4073557,2
4209999,2
4190484,2
4207385,2
4189206,2
4187935,2
4177808,2
4214473,2
4214536,2
4177980,2
4211742,2
4214537,2
4166805,2
4196314,2
4190637,2
4168190,2
4211743,2
4200772,2
4217595,2
4203235,2
4201885,2
4209084,2
4214811,2
4218823,2
4179347,2
4200908,2
4203500,2
4187934,2
4200907,2
4181191,2
4175520,2
4214937,2
4207710,2
4214966,2
4216127,2
4220875,2
4189957,2
4173149,2
4174461,2
4198653,2
4159452,2
4176224,2
4142459,40
4197029,2
4211186,2
4180183,2
4163357,2
4187637,2
4201646,2
4199972,2
4219725,2
4203158,2
4207350,2
4204590,2
4194916,2
4218613,2
4156762,2
4198979,2
4195070,2
4218719,2
4121570,2
4220313,2
4145577,2
4217487,2
4204744,2
4211995,2
4203549,2
4213239,2
4187958,2
4214697,2
4176584,2
4200884,2
4221627,2
4204916,2
4213300,2
4206489,2
4217825,2
4207636,2
4217729,2
4193704,2
4181121,2
4202162,2
4188214,2
4207777,2
4133485,2
4198197,2
4216257,2
4187252,2
4190062,2
4181661,2
4193913,2
4174257,2
4201333,2
4199662,2
4205307,2
4154950,2
4219476,2
4198621,2
4212822,2
4207321,2
4185976,2
4126999,38
4201676,2
4218526,2
4219814,2
4204501,2
4221400,2
4163915,2
4189102,2
4207459,2
4208952,2
4204763,2
4218718,2
4214810,2
4203501,2
4187011,37
4217762,2
4200911,2
4221684,2
4186818,35
4202101,2
4214951,2
4139373,2
4198198,2
4202161,2
4219065,2
4145038,2
4218086,2
4191028,2
4179743,2
4163113,2
4176163,2
4108635,36
4205090,2
4215358,2
4173292,2
4207139,2
4122690,2
4176225,2
4202544,2
4222258,2
4150815,2
4145286,2
4195867,2
4190389,2
4119902,2
4199821,2
4171780,2
4158111,2
4193300,2
4211389,2
4208685,2
4189125,2
4135715,2
4187844,2
4221378,2
4224236,2
4222961,2
4186368,35
4207458,2
4210162,2
4187668,2
4184133,2
4224235,2
4189061,2
4209071,2
4149756,2
4218642,2
4221470,2
4196289,2
4197964,2
4197633,2
4192122,2
4172517,2
4221601,2
4221602,2
4217792,2
4218848,2
4217547,2
4203764,2
4190777,2
4209085,2
4209158,2
4167042,2
4198182,2
4204848,2
4223455,2
4198230,2
4216058,2
4207786,2
4207827,2
4193693,2
4202264,2
4213299,2
4207828,2
4201167,2
4193819,2
4173093,2
4216370,2
4212627,2
4184598,2
4199661,2
4149392,2
4168810,2
4171871,2
4202766,2
4177363,2
4209998,2
4087386,2
4221155,2
4208423,2
4219668,2
4225263,2
4218400,2
4146575,2
4131245,37
4146971,2
4204525,2
4167885,2
4185953,2
4202963,2
4147037,2
4218643,2
4185121,2
4206109,2
4146840,2
4208822,2
4221437,2
4214552,2
4218650,2
4175257,2
4215920,2
4223129,2
4217546,2
4193473,2
4223165,2
4204765,2
4224383,2
4214895,2
4206404,2
4221560,2
4213240,2
4226152,2
4193605,2
4181124,2
4206678,2
4190913,2
4175884,2
4201046,2
4203955,2
4188243,2
4210911,2
4193042,2
4190063,2
4208067,2
4177156,2
4209858,2
4207103,2
4226676,2
4206996,2
4225054,2
4208157,2
4180169,2
4197272,2
4225073,2
4126710,38
4198719,2
4133022,2
4219538,2
4208625,2
4219726,2
4210023,2
4171872,2
4224086,2
4211304,2
4180733,2
4161038,2
4199070,2
4153881,2
4080983,2
4221438,2
4225661,2
4182198,2
4176583,2
4204631,2
4201882,2
4194959,2
4214747,2
4185064,2
4197630,2
4213193,2
4220576,2
4202016,2
4207701,2
4221612,2
4216091,2
4199259,2
4226337,2
4221678,2
4223338,2
4218849,2
4226409,2
4156330,2
4213392,2
4227443,2
4207815,2
4213435,2
4146024,2
4170389,2
4209749,2
4087265,2
4184525,2
4202428,2
4219215,2
4210999,2
4181649,2
4220993,2
4210980,2
4179000,2
4179930,2
4114391,2
4227893,2
4213641,2
4202815,2
4198584,2
4198689,2
4212768,2
4207179,2
4155004,2
4213954,2
4224018,2
4165171,2
4184748,2
4226873,2
4209986,2
4200231,2
4215635,2
4208582,2
4221379,2
4219965,2
4189636,2
4227063,2
4215789,2
4186430,35
4192211,2
4172532,2
4210326,2
4215926,2
4224382,2
4223130,2
4221542,2
4185076,2
4195153,2
4220462,2
4203855,2
4220592,2
4216095,2
4210559,2
4229179,2
4226279,2
4212274,2
4196565,2
4195228,2
4191029,2
4219074,2
4159257,2
4208053,2
4191421,2
4193041,2
4211250,2
4213862,2
4212642,2
4181815,2
4208214,2
4225008,2
4227843,2
4198677,2
4199947,2
4219437,2
4195900,2
4212737,2
4188683,2
4177513,2
4159342,2
4180184,2
4149446,2
4155381,2
4194678,2
4222822,2
4183350,2
4191847,2
4206134,2
4197886,2
4200443,2
4140032,2
4173832,2
4201773,2
4215970,2
4213120,2
4225884,2
4148451,2
4192230,2
4182305,2
4217663,2
4187925,2
4218824,2
4200707,2
4195161,2
4210488,2
4217717,2
4230138,2
4196451,2
4190880,2
4226320,2
4204127,2
4216183,2
4216190,2
4215243,2
4182519,2
4117135,2
4229388,2
4092730,2
4205254,2
4224808,2
4209750,2
4219201,2
4210891,2
4229519,2
4227946,2
4205308,2
4197030,2
4221200,2
4229572,2
4162111,2
4215500,2
4229607,2
4218341,2
4213953,2
4228091,2
4229663,2
4229606,2
4205577,2
4169215,2
4210137,2
4212814,2
4222813,2
4211711,2
4183772,2
4211752,2
4117556,2
4165253,2
4203245,2
4173771,2
4172420,2
4186707,35
4196176,2
4187801,2
4165260,2
4218648,2
4189629,2
4220340,2
4183745,2
4192229,2
4197873,2
4230069,2
4227226,2
4230044,2
4200850,2
4230177,2
4230222,2
4207816,2
4209456,2
4226410,2
4204049,2
4216435,2
4212553,2
4212599,2
4216375,2
4177172,2
4191468,2
4225053,2
4182832,2
4184704,2
4195843,2
4204324,2
4212765,2
4186074,2
4229647,2
4166073,2
4228109,2
4230809,2
4207268,2
4095966,2
4226862,2
4205760,2
4125758,2
4180302,2
4214334,2
4161086,2
4222686,2
4197557,2
4227026,2
4151169,2
4162469,2
4232857,2
4220341,2
4203616,2
4207490,2
4199241,2
4227281,2
4226044,2
4172689,2
4218923,2
4226233,2
4223339,2
4220591,2
4229034,2
4230221,2
4200947,2
4220874,2
4223666,2
4218977,2
4181602,2
4218036,2
4213391,2
4233217,2
4190112,2
4207082,2
4131115,37
4170480,2
4097469,2
4212643,2
4230647,2
4191420,2
4232381,2
4199753,2
4216795,2
4223989,2
4228090,2
4135120,2
4193276,2
4200155,2
4232480,2
4201566,2
4198892,2
4208483,2
4232499,2
4104502,2
4200157,2
4225417,2
4200338,2
4193406,2
4214425,2
4225464,2
4180866,2
4175114,2
4213121,2
4229894,2
4224272,2
4174994,2
4227187,2
4221534,2
4232832,2
4232805,2
4223128,2
4204792,2
4231657,2
4234556,2
4153085,2
4230139,2
4228970,2
4228969,2
4159756,2
4217962,2
4226338,2
4224654,2
4220689,2
4220690,2
4227444,2
4201417,2
4219214,2
4209764,2
4191251,2
4216434,2
4233507,2
4202519,2
4233400,2
4230657,2
4222246,2
4184725,2
4229657,2
4202962,2
4171977,2
4214139,2
4192083,2
4177775,2
4199007,2
4210287,2
4163543,2
4200337,2
4165079,2
4227045,2
4184720,2
4211580,2
4227110,2
4218651,2
4213047,2
4190703,2
4208863,2
4097900,2
4225945,2
4213194,2
4202000,2
4217467,2
4215973,2
4218840,2
4217664,2
4213256,2
4204773,2
4213255,2
4202116,2
4209457,2
4207759,2
4206677,2
4217952,2
4215177,2
4179662,2
4216157,2
4202253,2
4223720,2
4098486,2
4202520,2
4097526,2
4230555,2
4233519,2
4185954,2
4229427,2
4227728,2
4181746,2
4236339,2
4207032,2
4199903,2
4160995,2
4229662,2
4225418,2
4233958,2
4186136,2
4197235,2
4224189,2
4228560,2
4194776,2
4215741,2
4229902,2
4235576,2
4104995,2
4228791,2
4209070,2
4221541,2
4201950,2
4223058,2
4235577,2
4217398,2
4230043,2
4210375,2
4206395,2
4237306,2
4232858,2
4217718,2
4231662,2
4207711,2
4232932,2
4216120,2
4234715,2
4220638,2
4220784,2
4199285,2
4210548,2
4217988,2
4216258,2
4237754,2
4201296,2
4224822,2
4198563,2
4180011,2
4181648,2
4173385,2
4173259,2
4218273,2
4218274,2
4190250,2
4181945,2
4201558,2
4187700,2
4222330,2
4163648,2
4135760,2
4233957,2
4204393,2
4218462,2
4210138,2
4203085,2
4180245,2
4187643,2
4187650,2
4218461,2
4204589,2
4164019,2
4231127,2
4207386,2
4211581,2
4224256,2
4236934,2
4232764,2
4231530,2
4189172,2
4196315,2
4222914,2
4218829,2
4223002,2
4220145,2
4217482,2
4186388,35
4232729,2
4220234,2
4200643,2
4226075,2
4226076,2
4223291,2
4168286,2
4235839,2
4218841,2
4218914,2
4220549,2
4185263,2
4136279,2
4237519,2
4189628,2
4230073,2
4196518,2
4216094,2
4174071,2
4230312,2
4220711,2
4179771,2
4216376,2
4216452,2
4205216,2
4215418,2
4178995,2
4235189,2
4094581,2
4209854,2
4226730,2
4193017,2
4106065,2
4100342,2
4143782,2
4233623,2
4218398,2
4191783,2
4180573,2
4222573,2
4218525,2
4228108,2
4182197,2
4193313,2
4225465,2
4232667,2
4227038,2
4208916,2
4183404,2
4175080,2
4225660,2
4208686,2
4227037,2
4215863,2
4200756,2
4227167,2
4201833,2
4220291,2
4232777,2
4204762,2
4190614,2
4203376,2
4227166,2
4229973,2
4231709,2
4198289,2
4224515,2
4224456,2
4226269,2
4217826,2
4212196,2
4216126,2
4238703,2
4238700,2
4175923,2
4115186,2
4223737,2
4193994,2
4218229,2
4101833,2
4238959,2
4238871,2
4199794,2
4239243,2
4236340,2
4211104,2
4211187,2
4226768,2
4232380,2
4218470,2
4230898,2
4222379,2
4198818,2
4224027,2
4212767,2
4226855,2
4236622,2
4228352,2
4219813,2
4217328,2
4222764,2
4211439,2
4194804,2
4129853,2
4227048,2
4231168,2
4241018,2
4190615,2
4205950,2
4239788,2
4223164,2
4193514,2
4175289,2
4228682,2
4230025,2
4179437,2
4220461,2
4206394,2
4217893,2
4223370,2
4224600,2
4218924,2
4234809,2
4207785,2
4210495,2
4160058,2
4234716,2
4174061,2
4229453,2
4165857,2
4219110,2
4226593,2
4212569,2
4235115,2
4202330,2
4184558,2
4194168,2
4240667,2
4224785,2
4236070,2
4199504,2
4230529,2
4216587,2
4198802,2
4239162,2
4232466,2
4235227,2
4193068,2
4186128,2
4153910,2
4207157,2
4097556,2
4239549,2
4235432,2
4199999,2
4234096,2
4202917,2
4239603,2
4217251,2
4220055,2
4194803,2
4159789,2
4229901,2
4239789,2
4236981,2
4215927,2
4227069,2
4220144,2
4211753,2
4173793,2
4241241,41
4241242,41
4193474,2
4224411,2
4232931,2
4223369,2
4190935,2
4215096,2
4235836,2
4202015,2
4199242,2
4216104,2
4215311,2
4233178,2
4171497,2
4226646,2
4215430,2
4227628,2
4226659,2
4201490,2
4140431,2
4219475,2
4229513,2
4233508,2
4233520,2
4235311,2
4216722,2
4211388,2
4233864,2
4242296,2
4103408,2
4239572,2
4193275,2
4236804,2
4232634,2
4099681,2
4215828,2
4214823,2
4232776,2
4221475,2
4227186,2
4242671,2
4203530,2
4239951,2
4192257,2
4232784,2
4164052,2
4227227,2
4225956,2
4206506,2
4213309,2
4238538,2
4244109,2
4232968,2
4220803,2
4173025,2
4224464,2
4232095,2
4162905,2
4226270,2
4207033,2
4196728,2
4213597,2
4125481,2
4196829,2
4227624,2
4238960,2
4204277,2
4230596,2
4230750,2
4222329,2
4229612,2
4110061,2
4211251,2
4239244,2
4166255,2
4229656,2
4104141,2
4208576,2
4214165,2
4228261,2
4218449,2
4235388,2
4200306,2
4181915,2
4238232,2
4212951,2
4243983,2
4243982,2
4238397,2
4206108,2
4244080,2
4244108,2
4240147,2
4223331,2
4240244,2
4197959,2
4235676,2
4216040,2
4229212,2
4229035,2
4223538,2
4232025,2
4218896,2
4202262,2
4188244,2
4187264,2
4196830,2
4212628,2
4227776,2
4205231,2
4244772,2
4230597,2
4233244,2
4198690,2
4227894,2
4244771,2
4237979,2
4218412,2
4180518,2
4242135,2
4244973,2
4226886,2
4230749,2
4235267,2
4214333,2
4172099,2
4216796,2
4188946,2
4201557,2
4168004,2
4162470,2
4235346,2
4245201,2
4214356,2
4169157,2
4215739,2
4162444,2
4215854,2
4232712,2
4214698,2
4210231,2
4224273,2
4216076,2
4228551,2
4221594,2
4222821,2
4245513,2
4227184,2
4217414,2
4241240,41
4225801,2
4220312,2
4238539,2
4237343,2
4200691,2
4230079,2
4237395,2
4240220,2
4247030,2
4232026,2
4223464,2
4188166,2
4221867,2
4171420,2
4233179,2
4236013,2
4243457,2
4230622,2
4208054,2
4230554,2
4236287,2
4228089,2
4232419,2
4223791,2
4208213,2
4246410,2
4244819,2
4230656,2
4207322,2
4193067,2
4225264,2
4243686,2
4235228,2
4240980,2
4235330,2
4158110,2
4106168,2
4204526,2
4246665,2
4229731,2
4246664,2
4243929,2
4201785,2
4215816,2
4231385,2
4110692,2
4226043,2
4200690,2
4234336,2
4216059,2
4221654,2
4229027,2
4231825,2
4237614,2
4218085,2
4223656,2
4215244,2
4221866,2
4232178,2
4142408,40
4229403,2
4226658,2
4249206,2
4208178,2
4205493,2
4204374,2
4229582,2
4222247,2
4210979,2
4209987,2
4247710,2
4214146,2
4245040,2
4218553,2
4240984,2
4231128,2
4172165,2
4241071,2
4215742,2
4241072,2
4213048,2
4225662,2
4209045,2
4215969,2
4203401,2
4235614,2
4232705,2
4209107,2
4204774,2
4239921,2
4180869,2
4246934,2
4235600,2
4235685,2
4195355,2
4227420,2
4234814,2
4237774,2
4223465,2
4181367,2
4240387,2
4243236,2
4237755,2
4229347,2
4187265,2
4223836,2
4233370,2
4229543,2
4215357,2
4230621,2
4239036,2
4250535,42
4237980,2
4216694,2
4219651,2
4235339,2
4148096,2
4207224,2
4242230,2
4235389,2
4238270,2
4225676,2
4250918,2
4239676,2
4237053,2
4227139,2
4228783,2
4181120,2
4210256,2
4251263,2
4195160,2
4218770,2
4231708,2
4251314,2
4175609,2
4232824,2
4200851,2
4246965,2
4182517,2
4227414,2
4209651,2
4220637,2
4223665,2
4185386,2
4218219,2
4221050,2
4210874,2
4232206,2
4251937,2
4232429,2
4112998,2
4117141,2
4109693,2
4205483,2
4229756,2
4222814,2
4248066,2
4241019,2
4252230,2
4203157,2
4203236,2
4196058,2
4229817,2
4207358,2
4232785,2
4245539,2
4245540,2
4220348,2
4248457,2
4195000,2
4224448,2
4235835,2
4246006,2
4245823,2
4213310,2
4216097,2
4251715,2
4234970,2
4235780,2
4249819,2
4220718,2
4181603,2
4233095,2
4234919,2
4238704,2
4223587,2
4235884,2
4243516,2
4206989,2
4221937,2
4252862,2
4171777,2
4249142,2
4237932,2
4226729,2
4247432,2
4249194,2
4215362,2
4194327,2
4119930,2
4233698,2
4126747,38
4244806,2
4243691,2
4213870,2
4243701,2
4219438,2
4242006,2
4252137,2
4226826,2
4235285,2
4202765,2
4236862,2
4248206,2
4228681,2
4248235,2
4191816,2
4168091,2
4229878,2
4234411,2
4244014,2
4224257,2
4239878,2
4213109,2
4252485,2
4241229,41
4248311,2
4248383,2
4252486,2
4254098,2
4156905,2
4244081,2
4241277,41
4238485,2
4232969,2
4254202,2
4231968,2
4221683,2
4230241,2
4230210,2
4216204,2
4251765,2
4198580,2
4191030,2
4170510,2
4244540,2
4213524,2
4244728,2
4251998,2
4235145,2
4251999,2
4249198,2
4162289,2
4236288,2
4118399,2
4191673,2
4226861,2
4117166,2
4230888,2
4232467,2
4229757,2
4235331,2
4235286,2
4225250,2
4249539,2
4242473,2
4206059,2
4165252,2
4225569,2
4253694,2
4197575,2
4251030,2
4232762,2
4223003,2
4175337,2
4234026,2
4230002,2
4244064,2
4244135,2
4201883,2
4239897,2
4231663,2
4193515,2
4207822,2
4218898,2
4243060,2
4254201,2
4254266,2
4234622,2
4248809,2
4234813,2
4238681,2
4243217,2
4249899,2
4224581,2
4241461,41
4240563,2
4249965,2
4238878,2
4243526,2
4238872,2
4188308,2
4240747,2
4249195,2
4247506,2
4239330,2
4239329,2
4174949,2
4247711,2
4225074,2
4254998,2
4224190,2
4239492,2
4222871,2
4215767,2
4247933,2
4214460,2
4245258,2
4256463,2
4252254,2
4182047,2
4236855,2
4250945,2
4243865,2
4169538,2
4246784,2
4200757,2
4228804,2
4123138,2
4256826,2
4245840,2
4241295,41
4234480,2
4231577,2
4230013,2
4190776,2
4218869,2
4238660,2
4212162,2
4237532,2
4238507,2
4241425,41
4172825,2
4231815,2
4237518,2
4230150,2
4235779,2
4249898,2
4241447,41
4246194,2
4230314,2
4224666,2
4224667,2
4148022,2
4244371,2
4173285,2
4218228,2
4230428,2
4238877,2
4255722,2
4230654,2
4221134,2
4128345,2
4122728,2
4224019,2
4235295,2
4249330,2
4227852,2
4247772,2
4249294,2
4242236,2
4232567,2
4239468,2
4208577,2
4124429,2
4225478,2
4219779,2
4256462,2
4184937,2
4243928,2
4256566,2
4210255,2
4256863,2
4237229,2
4239920,2
4248310,2
4237348,2
4246960,2
4227238,2
4240219,2
4255271,2
4226234,2
4240184,2
4255423,2
4249798,2
4245841,2
4216077,2
4240229,2
4234810,2
4233057,2
4243325,2
4243265,2
4204096,2
4167580,2
4215361,2
4246273,2
4224923,2
4182712,2
4124076,2
4241977,2
4198738,2
4222357,2
4121223,2
4253199,2
4256133,2
4253520,2
4239601,2
4120125,2
4224199,2
4225443,2
4239550,2
4249501,2
4256486,2
4197574,2
4239892,2
4250917,2
4241140,2
4232761,2
4235539,2
4199175,2
4251205,2
4221493,2
4256864,2
4231448,2
4259625,2
4253986,2
4217568,2
4244085,2
4258151,2
4244091,2
4192652,2
4227415,2
4232895,2
4245822,2
4223344,2
4237455,2
4224509,2
4237613,2
4203763,2
4260116,2
4209636,2
4213598,2
4254677,2
4250411,42
4223839,2
4133974,2
4247431,2
4137091,39
4239044,2
4208821,2
4226779,2
4205496,2
4247704,2
4162159,2
4243700,2
4124430,2
4231167,2
4181937,2
4260579,43
4121219,2
4212950,2
4130143,2
4238358,2
4236805,2
4235601,2
4226997,2
4241115,2
4221492,2
4239778,2
4210286,2
4260854,43
4175308,2
4225943,2
4120195,2
4244084,2
4249669,2
4209261,2
4258088,2
4237305,2
4259840,2
4192651,2
4237218,2
4214822,2
4218866,2
4226097,2
4243324,2
4240545,2
4229510,2
4235039,2
4131093,37
4254740,2
4225007,2
4243644,2
4184559,2
4244655,2
4239101,2
4230600,2
4145459,2
4240842,2
4173527,2
4242212,2
4242213,2
4247764,2
4247765,2
4235433,2
4239654,2
4241106,2
4228403,2
4239673,2
4242231,2
4262088,43
4231225,2
4262156,43
4245459,2
4241260,41
4237203,2
4259637,2
4256847,2
4248449,2
4217584,2
4231772,2
4244213,2
4196450,2
4235778,2
4224514,2
4243221,2
4240243,2
4241407,41
4260086,2
4197963,2
4246079,2
4241528,41
4249030,2
4219111,2
4252906,2
4194219,2
4263147,2
4219537,2
4237939,2
4184594,2
4190113,2
4207167,2
4258888,2
4260421,2
4244972,2
4254882,2
4218448,2
4259025,2
4143492,2
4215501,2
4247731,2
4239441,2
4240997,2
4246615,2
4263343,2
4184747,2
4256313,2
4242396,2
4255031,2
4186127,2
4138591,2
4249506,2
4234027,2
4259254,2
4239602,2
4255174,2
4250880,2
4231318,2
4243890,2
4250815,2
4239879,2
4262157,43
4260718,43
4245623,2
4262495,2
4255229,2
4238508,2
4259753,2
4224447,2
4234555,2
4259760,2
4245739,2
4226280,2
4235822,2
4217791,2
4257227,2
4254419,2
4218870,2
4129274,2
4171421,2
4251896,2
4232352,2
4162994,2
4261296,43
4205217,2
4220992,2
4227623,2
4263114,2
4226778,2
4212663,2
4236176,2
4247507,2
4246464,2
4230877,2
4229646,2
4247781,2
4261709,43
4232458,2
4242474,2
4243822,2
4249398,2
4232633,2
4259234,2
4257985,2
4255137,2
4204670,2
4245420,2
4246811,2
4265106,2
4244092,2
4199120,2
4259474,2
4231447,2
4263668,2
4244074,2
4231474,2
4251264,2
4240336,2
4234601,2
4262524,2
4202102,2
4221628,2
4241366,41
4226120,2
4226281,2
4223738,2
4255721,2
4261360,43
4244506,2
4233371,2
4228006,2
4237931,2
4251904,2
4249146,2
4224937,2
4250322,42
4249207,2
4240804,2
4246465,2
4243549,2
4173594,2
4236595,2
4232459,2
4263538,2
4236757,2
4256628,2
4253713,2
4266412,2
4263573,2
4256694,2
4264976,2
4256565,2
4251206,2
4223145,2
4252452,2
4238446,2
4248382,2
4217597,2
4248566,2
4254097,2
4265240,2
4260989,43
4256825,2
4258224,2
4231946,2
4249818,2
4254469,2
4240422,2
4220749,2
4230263,2
4240579,2
4201342,2
4241606,41
4236014,2
4193914,2
4254784,2
4266945,2
4255951,2
4210892,2
4212568,2
4227616,2
4226675,2
4246397,2
4218272,2
4236069,2
4263146,2
4230878,2
4229454,2
4244818,2
4243690,2
4230810,2
4224028,2
4256232,2
4232671,2
4242294,2
4234095,2
4200319,2
4253544,2
4229879,2
4242329,2
4255227,2
4245514,2
4238380,2
4253985,2
4260876,43
4255270,2
4221613,2
4260987,43
4245624,2
4251603,2
4254023,2
4255393,2
4249769,2
4212292,2
4233051,2
4243220,2
4265641,2
4260004,2
4243517,2
4235968,2
4132424,2
4128304,2
4246294,2
4183192,2
4198562,2
4261394,43
4185532,2
4246433,2
4260431,2
4264560,2
4264559,2
4242239,2
4247656,2
4258951,2
4250806,2
4239672,2
4233759,2
4267628,2
4245393,2
4250944,2
4263484,2
4241121,2
4252345,2
4225671,2
4248285,2
4251041,2
4257942,2
4255230,2
4248400,2
4256651,2
4263667,2
4266526,2
4260816,43
4231503,2
4245707,2
4240238,2
4265337,2
4246935,2
4246961,2
4228940,2
4258265,2
4199299,2
4217583,2
4210489,2
4234981,2
4234923,2
4188208,2
4212552,2
4173203,2
4243477,2
4212662,2
4246295,2
4224821,2
4268725,2
4221162,2
4216586,2
4254831,2
4254892,2
4264370,2
4268903,2
4129810,2
4229834,2
4161292,2
4270370,2
4233991,2
4266203,2
4225534,2
4257797,2
4177732,2
4238152,2
4267723,2
4269097,2
4242434,2
4253922,2
4252403,2
4260815,43
4255166,2
4245796,2
4256745,2
4267973,2
4256848,2
4259684,2
4269372,2
4209098,2
4259577,2
4230149,2
4254265,2
4258218,2
4258266,2
4226107,2
4204874,2
4251577,2
4271208,2
4257276,2
4241464,41
4254454,2
4223838,2
4232217,2
4219200,2
4269790,2
4243525,2
4227775,2
4249145,2
4254727,2
4254741,2
4269789,2
4219422,2
4264379,2
4222687,2
4242023,2
4253222,2
4256168,2
4266085,2
4270045,2
4243687,2
4242022,2
4247499,2
4254887,2
4244721,2
4205484,2
4242405,2
4239469,2
4266174,2
4239677,2
4190426,2
4235426,2
4257941,2
4225669,2
4200126,2
4270535,2
4250935,2
4257932,2
4251313,2
4260853,43
4244070,2
4267987,2
4245580,2
4248263,2
4267988,2
4240018,2
4231463,2
4232730,2
4256828,2
4206505,2
4248538,2
4270877,2
4232894,2
4204934,2
4204933,2
4272168,2
4260938,43
4259886,2
4224553,2
4272260,2
4235777,2
4219075,2
4272332,2
4136654,2
4243467,2
4249141,2
4251926,2
4224908,2
4267013,2
4252932,2
4264499,2
4233642,2
4267233,2
4239502,2
4260340,2
4226721,2
4271698,2
4272928,2
4202861,2
4263354,2
4264602,2
4242139,2
4243823,2
4263479,2
4226958,2
4271862,2
4196121,2
4198851,2
4256652,2
4241081,2
4264958,2
4260810,43
4252253,2
4227062,2
4267843,2
4241135,2
4239655,2
4252344,2
4242678,2
4260811,43
4259582,2
4260905,43
4273637,2
4262494,2
4269314,2
4269283,2
4223330,2
4255276,2
4273754,2
4268109,2
4272141,2
4256875,2
4258219,2
4260005,2
4221653,2
4274026,2
4226516,2
4234920,2
4262929,2
4217963,2
4190161,2
4243509,2
4269663,2
4260227,2
4251897,2
4251906,2
4264262,2
4152098,2
4272879,2
4239102,2
4211305,2
4257677,2
4266143,2
4261710,43
4254891,2
4266171,2
4261775,43
4247697,2
4170807,2
4172164,2
4223990,2
4271699,2
4256277,2
4264579,2
4257834,2
4270284,2
4181950,2
4273181,2
4233775,2
4243848,2
4271856,2
4273160,2
4177733,2
4270556,2
4262314,2
4235511,2
4239600,2
4257912,2
4137119,39
4245460,2
4251128,2
4265031,2
4259473,2
4245557,2
4273533,2
4269282,2
4223095,2
4260937,43
4260884,43
4272145,2
4241276,41
4239950,2
4217642,2
4268049,2
4226098,2
4172518,2
4258157,2
4248628,2
4257112,2
4235823,2
4263750,2
4218899,2
4254122,2
4275078,2
4251622,2
4254537,2
4257247,2
4251814,2
4226463,2
4243407,2
4184461,2
4223805,2
4152080,2
4263123,2
4257493,2
4275427,2
4240679,2
4271594,2
4267039,2
4240781,2
4240760,2
4240965,2
4148070,2
4264380,2
4268771,2
4272878,2
4258693,2
4260420,2
4268877,2
4258972,2
4146605,2
4249231,2
4258887,2
4244947,2
4240923,2
4220002,2
4207344,2
4253543,2
4270555,2
4274721,2
4259253,2
4269098,2
4246725,2
4208432,2
4225670,2
4256564,2
4276219,2
4237274,2
4270715,2
4262428,2
4237044,2
4218743,2
4273753,2
4230070,2
4260990,43
4254395,2
4243116,2
4258319,2
4271216,2
4276846,2
4260117,2
4271205,2
4235885,2
4263895,2
4244539,2
4261525,43
4250248,42
4269957,2
4140814,2
4229583,2
4226788,2
4181852,2
4259102,2
4252255,2
4263412,2
4276232,2
4241216,41
4213062,2
4253706,2
4225757,2
4260802,43
4236933,2
4269247,2
4266527,2
4224291,2
4238369,2
4274926,2
4270905,2
4272302,2
4254380,2
4277906,2
4258296,2
4260132,2
4248834,2
4207821,2
4243409,2
4221914,2
4243408,2
4249029,2
4136695,2
4258481,2
4272502,2
4229389,2
4258503,2
4269958,2
4235040,2
4277191,2
4265954,2
4275428,2
4201416,2
4243504,2
4268856,2
4135119,2
4236756,2
4256276,2
4243891,2
4264738,2
4263411,2
4235347,2
4275954,2
4240935,2
4236840,2
4263415,2
4266339,2
4246614,2
4273294,2
4246726,2
4229895,2
4274748,2
4274747,2
4270678,2
4251047,2
4244073,2
4259626,2
4277696,2
4255360,2
4269259,2
4229178,2
4262566,2
4273697,2
4266538,2
4249780,2
4276696,2
4255361,2
4279631,2
4254472,2
4257226,2
4263864,2
4268545,2
4265642,2
4252684,2
4232112,2
4240564,2
4272483,2
4274349,2
4269646,2
4268800,2
4271500,2
4265969,2
4236175,2
4261524,43
4274393,2
4211105,2
4238228,2
4235363,2
4171836,2
4253519,2
4263352,2
4173593,2
4248067,2
4275848,2
4263386,2
4261950,43
4238269,2
4236839,2
4280321,2
4277550,2
4245601,2
4273323,2
4255151,2
4215815,2
4273282,2
4248346,2
4260714,43
4279086,2
4263623,2
4225944,2
4226184,2
4274927,2
4200942,2
4279246,2
4248296,2
4238445,2
4273766,2
4251578,2
4244200,2
4277840,2
4262759,2
4258254,2
4234602,2
4252604,2
4276889,2
4252558,2
4265582,2
4237450,2
4206904,2
4260133,2
4251764,2
4277959,2
4274266,2
4268687,2
4265908,2
4251903,2
4280991,2
4264165,2
4279961,2
4249230,2
4277204,2
4277201,2
4275739,2
4230692,2
4247744,2
4254785,2
4275742,2
4242136,2
4146894,2
4219780,2
4243849,2
4180307,2
4259103,2
4252395,2
4273295,2
4252153,2
4274761,2
4262141,43
4267706,2
4144403,2
4197874,2
4244069,2
4272142,2
4280540,2
4280474,2
4276421,2
4276565,2
4266566,2
4265383,2
4266677,2
4254121,2
4251540,2
4244279,2
4229004,2
4277839,2
4248627,2
4247043,2
4191018,2
4265790,2
4252727,2
4265865,2
4265850,2
4274329,2
4184655,2
4267012,2
4160464,2
4237959,2
4243479,2
4268766,2
4268772,2
4264108,2
4281103,2
4250261,42
4246411,2
4257791,2
4215636,2
4283051,2
4275856,2
4254905,2
4229677,2
4249505,2
4279090,2
4239779,2
4265018,2
4228790,2
4232685,2
4273870,2
4205949,2
4273759,2
4260875,43
4262674,2
4258190,2
4273871,2
4271178,2
4203960,2
4271321,2
4251539,2
4247145,2
4154473,2
4262952,2
4182516,2
4269664,2
4177035,2
4239043,2
4269717,2
4268733,2
4266108,2
4251938,2
4268734,2
4281102,2
4254798,2
4194195,2
4253181,2
4274467,2
4277338,2
4275523,2
4277316,2
4272974,2
4267429,2
4229718,2
4256312,2
4238156,2
4275981,2
4244805,2
4275847,2
4235427,2
4258950,2
4142815,2
4266356,2
4256693,2
4249455,2
4273643,2
4262332,2
4276520,2
4267974,2
4282014,44
4255207,2
4240305,2
4223282,2
4276384,2
4282013,44
4270878,2
4282337,44
4283379,2
4255458,2
4258113,2
4233058,2
4210483,2
4252645,2
4259845,2
4273914,2
4282555,44
4277038,2
4279707,2
4264028,2
4268686,2
4283810,2
4252931,2
4280992,2
4191469,2
4255805,2
4244656,2
4277248,2
4212730,2
4264369,2
4239035,2
4243643,2
4266066,2
4284156,2
4275736,2
4230897,2
4268970,2
4182006,2
4283077,2
4275918,2
4262395,2
4260725,43
4262089,43
4277687,2
4255164,2
4260733,43
4249491,2
4276422,2
4231394,2
4283314,2
4265338,2
4283268,2
4183767,2
4248242,2
4282238,44
4257069,2
4268108,2
4280709,2
4229003,2
4248810,2
4263770,2
4257177,2
4263867,2
4243115,2
4282488,44
4229348,2
4263868,2
4246195,2
4279885,2
4224696,2
4247418,2
4171650,2
4241605,41
4207974,2
4271461,2
4212600,2
4278253,2
4230429,2
4277249,2
4277229,2
4156442,2
4278254,2
4253198,2
4216721,2
4249327,2
4286870,2
4282916,2
4254883,2
4224936,2
4268945,2
4230887,2
4243831,2
4246586,2
4281404,44
4280244,2
4252252,2
4260690,43
4283128,2
4257753,2
4283076,2
4253714,2
4280322,2
4276242,2
4283184,2
4272083,2
4265105,2
4237054,2
4260972,43
4241217,41
4286124,2
4266562,2
4227138,2
4242745,2
4279579,2
4151415,2
4251148,2
4254418,2
4287971,2
4212429,2
4168505,2
4248933,2
4230528,2
4263124,2
4242114,2
4272844,2
4261496,43
4285689,2
4277337,2
4244807,2
4274418,2
4258824,2
4242295,2
4254780,2
4244946,2
4255046,2
4196031,2
4256233,2
4269022,2
4254888,2
4266142,2
4149755,2
4288704,2
4269042,2
4276233,2
4212990,2
4276296,2
4253914,2
4265239,2
4250854,2
4253705,2
4287536,2
4265013,2
4234137,2
4273487,2
4288978,2
4282239,44
4256827,2
4265436,2
4270804,2
4252542,2
4274960,2
4234806,2
4269362,2
4263761,2
4199328,2
4276721,2
4285305,2
4226121,2
4254351,2
4163070,2
4219128,2
4251927,2
4283723,2
4272614,2
4283811,2
4264169,2
4271563,2
4286752,2
4247657,2
4289604,2
4285605,2
4288537,2
4268848,2
4216442,2
4264580,2
4289725,2
4222358,2
4243721,2
4247705,2
4275897,2
4285811,2
4277479,2
4281674,44
4165080,2
4287441,2
4288705,2
4283193,2
4251147,2
4270623,2
4262368,2
4276378,2
4280565,2
4273652,2
4279216,2
4276496,2
4258052,2
4271038,2
4269445,2
4261005,43
4218123,2
4248575,2
4214967,2
4277982,2
4263889,2
4280708,2
4213434,2
4265789,2
4271352,2
4271093,2
4165697,2
4232294,2
4279875,2
4238828,2
4237894,2
4271501,2
4192962,2
4243550,2
4229447,2
4249293,2
4256066,2
4205531,2
4249329,2
4264261,2
4268944,2
4275990,2
4211691,2
4272929,2
4277414,2
4197885,2
4228260,2
4183768,2
4239571,2
4280306,2
4269146,2
4207357,2
4274807,2
4266411,2
4267890,2
4260756,43
4267998,2
4284728,2
4260980,43
4286081,2
4193579,2
4281801,44
4263624,2
4279323,2
4276665,2
4249915,2
4275052,2
4258334,2
4286285,2
4258308,2
4249931,2
4237526,2
4275284,2
4286412,2
4257483,2
4265878,2
4264156,2
4265953,2
4286709,2
4267280,2
4282865,2
4152287,2
4257615,2
4261621,43
4274510,2
4233607,2
4291307,2
4223974,2
4272845,2
4233774,2
4291394,2
4266173,2
4235266,2
4152081,2
4290002,2
4281653,44
4158001,2
4277563,2
4262067,43
4276114,2
4276113,2
4271992,2
4270371,2
4270571,2
4232833,2
4256820,2
4235752,2
4286080,2
4276301,2
4274806,2
4280517,2
4276519,2
4273539,2
4274985,2
4254303,2
4258145,2
4276970,2
4271215,2
4251532,2
4271177,2
4231947,2
4252646,2
4154434,2
4216443,2
4279876,2
4283794,2
4238827,2
4272615,2
4255859,2
4292135,2
4229360,2
4278300,2
4209812,2
4223882,2
4271564,2
4255844,2
4288378,2
4289677,2
4267136,2
4275645,2
4294073,2
4246398,2
4257624,2
4288538,2
4236820,2
4263344,2
4153845,2
4274700,2
4285850,2
4276218,2
4288799,2
4290242,2
4276295,2
4224292,2
4196393,2
4291714,2
4267986,2
4262331,2
4248297,2
4267997,2
4260973,43
4272169,2
4276602,2
4288925,2
4283454,2
4262533,2
4248539,2
4247042,2
4282462,44
4234805,2
4259839,2
4280736,2
4288016,2
4275149,2
4249914,2
4217907,2
4255394,2
4254547,2
4243466,2
4292136,2
4237938,2
4238935,2
4282769,2
4277077,2
4223801,2
4269721,2
4272647,2
4267135,2
4271675,2
4235116,2
4264155,2
4246432,2
4272646,2
4294072,2
4266065,2
4256265,2
4267430,2
4261776,43
4251042,2
4160597,2
4277449,2
4229758,2
4273159,2
4276165,2
4258907,2
4253776,2
4281699,44
4263485,2
4232763,2
4267837,2
4225562,2
4267985,2
4248284,2
4277656,2
4241236,41
4276379,2
4274865,2
4245797,2
4265332,2
4246987,2
4275018,2
4286361,2
4227421,2
4261023,43
4286298,2
4279716,2
4185262,2
4293657,2
4257310,2
4252700,2
4206699,2
4268621,2
4160481,2
4263163,2
4252863,2
4275296,2
4286760,2
4218340,2
4291315,2
4291308,2
4292500,2
4295341,2
4294251,2
4226996,2
4260538,43
4159517,2
4257678,2
4275976,2
4285823,2
4266278,2
4294312,2
4291530,2
4294328,2
4287535,2
4294338,2
4277543,2
4273314,2
4271962,2
4248359,2
4284637,2
4295864,2
4250879,2
4253921,2
4274866,2
4186129,2
4228550,2
4284953,2
4275005,2
4291701,2
4296309,2
4248480,2
4291957,2
4272331,2
4283382,2
4283488,2
4260979,43
4296601,2
4271142,2
4280672,2
4258239,2
4271427,2
4294917,2
4294875,2
4291199,2
4272826,2
4263162,2
4285595,2
4286761,2
4274434,2
4247547,2
4283838,2
4285604,2
4294112,2
4295180,2
4292499,2
4282931,2
4295304,2
4222464,2
4247730,2
4295342,2
4289847,2
4270285,2
4203041,2
4254926,2
4268959,2
4280245,2
4270552,2
4275953,2
4267844,2
4287073,2
4271831,2
4284376,2
4271883,2
4287547,2
4297253,2
4281700,44
4277502,2
4273408,2
4294481,2
4290354,2
4277695,2
4281783,44
4248614,2
4269260,2
4252453,2
4286153,2
4273698,2
4242618,2
4274867,2
4297353,2
4262532,2
4234479,2
4297364,2
4291771,2
4283383,2
4291854,2
4245910,2
4288018,2
4299281,2
4277908,2
4271353,2
4248833,2
4240546,2
4289291,2
4280843,2
4286406,2
4282729,2
4278248,2
4193983,2
4297748,2
4167846,2
4293997,2
4289635,2
4279979,2
4236594,2
4289678,2
4295303,2
4286954,2
4270392,2
4246505,2
4281654,44
4277544,2
4288698,2
4291595,2
4298605,2
4234068,2
4273528,2
4284650,2
4228805,2
4293181,2
4274811,2
4272057,2
4287554,2
4276436,2
4238396,2
4297352,2
4282154,44
4276495,2
4296306,2
4271037,2
4280700,2
4285142,2
4282525,44
4299280,2
4285167,2
4231765,2
4297474,2
4280844,2
4288261,2
4267100,2
4225081,2
4272557,2
4255860,2
4266006,2
4292277,2
4242007,2
4289603,2
4271674,2
4219421,2
4275732,2
4282882,2
4291425,2
4299791,2
4289848,2
4274744,2
4267724,2
4211692,2
4253767,2
4280283,2
4287406,2
4238381,2
4271963,2
4298725,2
4287553,2
4290241,2
4267800,2
4273534,2
4300067,2
4279111,2
4262363,2
4287548,2
4287789,2
4287636,2
4286103,2
4283394,2
4290342,2
4274965,2
4242679,2
4269336,2
4290341,2
4296310,2
4282461,44
4296419,2
4201949,2
4297502,2
4288095,2
4275177,2
4289129,2
4279658,2
4297536,2
4212514,2
4265879,2
4229426,2
4294918,2
4289292,2
4288412,2
4296876,2
4285626,2
4240761,2
4292419,2
4296991,2
4275855,2
4275737,2
4257792,2
4253693,2
4256746,2
4297120,2
4273176,2
4277448,2
4274765,2
4228493,2
4274810,2
4300059,2
4280385,2
4254032,2
4258012,2
4266480,2
4262659,2
4282121,44
4276458,2
4283393,2
4277843,2
4263796,2
4294622,2
4269514,2
4280699,2
4280667,2
4299294,2
4275066,2
4302079,2
4263863,2
4254538,2
4267212,2
4164902,2
4230655,2
4277203,2
4265968,2
4233679,2
4235312,2
4294064,2
4294117,2
4302505,2
4243720,2
4299730,2
4270132,2
4270131,2
4267281,2
4274358,2
4296990,2
4291316,2
4289930,2
4270135,2
4271776,2
4285755,2
4288607,2
4297119,2
4285912,2
4297024,2
4254999,2
4283129,2
4162418,2
4267705,2
4276437,2
4279087,2
4302972,2
4257984,2
4265250,2
4218769,2
4283436,2
4290703,2
4269377,2
4272283,2
4265437,2
4283472,2
4274171,2
4299295,2
4205024,2
4269564,2
4237659,2
4286407,2
4279888,2
4282744,2
4292268,2
4275600,2
4243628,2
4282768,2
4246351,2
4303659,2
4272918,2
4300973,2
4187523,2
4295598,2
4305430,45
4302596,2
4232538,2
4163733,2
4288628,2
4304015,2
4299914,2
4239591,2
4281784,44
4297069,2
4275975,2
4281529,44
4280221,2
4258997,2
4277551,2
4163732,2
4292971,2
4304344,2
4294376,2
4280323,2
4304359,2
4282000,44
4265249,2
4273548,2
4300167,2
4269337,2
4290355,2
4283342,2
4283471,2
4275017,2
4263837,2
4258152,2
4290704,2
4268422,2
4283610,2
4269645,2
4279887,2
4296841,2
4229448,2
4263301,2
4289540,2
4289541,2
4267191,2
4302518,2
4282932,2
4277324,2
4292358,2
4291349,2
4271622,2
4305336,45
4290001,2
4302597,2
4282936,2
4281869,44
4284484,2
4288610,2
4280196,2
4301301,2
4238301,2
4264791,2
4298420,2
4302834,2
4300060,2
4225800,2
4304343,2
4295922,2
4301627,2
4238407,2
4258156,2
4300166,2
4305746,45
4252539,2
4307335,2
4291751,2
4307376,2
4231764,2
4300262,2
4296370,2
4265629,2
4251531,2
4307562,2
4288141,2
4286222,2
4284968,2
4257246,2
4291942,2
4221033,2
4279884,2
4250422,42
4303441,2
4293935,2
4295160,2
4286575,2
4302519,2
4243478,2
4303660,2
4258998,2
4306440,2
4267627,2
4232498,2
4279978,2
4214138,2
4285757,2
4269021,2
4226927,2
4167992,2
4301424,2
4267838,2
4248450,2
4183746,2
4286113,2
4298989,2
4276527,2
4301673,2
4305837,45
4293271,2
4165416,2
4298988,2
4288990,2
4286258,2
4238683,2
4261052,43
4291916,2
4272282,2
4299312,2
4269487,2
4296537,2
4217995,2
4215317,2
4271426,2
4207926,2
4283807,2
4288381,2
4294940,2
4288260,2
4278247,2
4288413,2
4296896,2
4164993,2
4260275,2
4294079,2
4308166,2
4284261,2
4281015,2
4303675,2
4250247,42
4272849,2
4263351,2
4278687,2
4285836,2
4280301,2
4308241,2
4299872,2
4291504,2
4291505,2
4306872,2
4255121,2
4296046,2
4172499,2
4269113,2
4296045,2
4288932,2
4310193,2
4307448,2
4301672,2
4282155,44
4286152,2
4304829,2
4287790,2
4300295,2
4287780,2
4291877,2
4302105,2
4310515,2
4282397,44
4260210,2
4276971,2
4288140,2
4300451,2
4293972,2
4285508,2
4296724,2
4283851,2
4291153,2
4182831,2
4292122,2
4291154,2
4268876,2
4308199,2
4288494,2
4281403,44
4166007,2
4308312,2
4289929,2
4264702,2
4299934,2
4280263,2
4301423,2
4281588,44
4306906,2
4302837,2
4270622,2
4308431,2
4260691,43
4291700,2
4295923,2
4298856,2
4269248,2
4272063,2
4258096,2
4298857,2
4168285,2
4262525,2
4290594,2
4289051,2
4276760,2
4305958,45
4291978,2
4269565,2
4290935,2
4283532,2
4258333,2
4291064,2
4272589,2
4258692,2
4296836,2
4308082,2
4286953,2
4236177,2
4306644,2
4297023,2
4308257,2
4298275,2
4306916,2
4229520,2
4288673,2
4300016,2
4299988,2
4300017,2
4301533,2
4285999,2
4293286,2
4272082,2
4297411,2
4282386,44
4276546,2
4285081,2
4303137,2
4279394,2
4265909,2
4283790,2
4309002,2
4289290,2
4269722,2
4283789,2
4310801,2
4310770,2
4272590,2
4292527,2
4232353,2
4221154,2
4281451,44
4286884,2
4299639,2
4305504,45
4234084,2
4292848,2
4302791,2
4305562,45
4178198,2
4292830,2
4290120,2
4298670,2
4291632,2
4234430,2
4256567,2
4301686,2
4291631,2
4172531,2
4314143,2
4200320,2
4305838,45
4263747,2
4293656,2
4297535,2
4282554,44
4296602,2
4252543,2
4277958,2
4266678,2
4269718,2
4235967,2
4308872,2
4221002,2
4306184,2
4289542,2
4281073,2
4311821,2
4311844,2
4246355,2
4182007,2
4288493,2
4275601,2
4299640,2
4308081,2
4277418,2
4227068,2
4282883,2
4277431,2
4306645,2
4275790,2
4301067,2
4309418,2
4308240,2
4271863,2
4264701,2
4312500,2
4269181,2
4297151,2
4280212,2
4311111,2
4261965,43
4298449,2
4280237,2
4267733,2
4274745,2
4249661,2
4252203,2
4229972,2
4298652,2
4300022,2
4312804,2
4303008,2
4282120,44
4308430,2
4241324,41
4172421,2
4310192,2
4296147,2
4291787,2
4286259,2
4307729,2
4303183,2
4300374,2
4308831,2
4290782,2
4286360,2
4292006,2
4257415,2
4212291,2
4296714,2
4209727,2
4305167,45
4314488,2
4283736,2
4309068,2
4310794,2
4314610,2
4310800,2
4286924,2
4313739,2
4296952,2
4268902,2
4289758,2
4302601,2
4303916,2
4177774,2
4280307,2
4316768,2
4306915,2
4288609,2
4294345,2
4307037,2
4312806,2
4312706,2
4266277,2
4316900,2
4294464,2
4297276,2
4287661,2
4302955,2
4310010,2
4286177,2
4283205,2
4302901,2
4288892,2
4283274,2
4300192,2
4302954,2
4300261,2
4300206,2
4234621,2
4296351,2
4301989,2
4303123,2
4296502,2
4316214,2
4316132,2
4297544,2
4245738,2
4291962,2
4296678,2
4310762,2
4250062,2
4243629,2
4288321,2
4229359,2
4264166,2
4268726,2
4219376,2
4292357,2
4305294,45
4285646,2
4256169,2
4309511,2
4308198,2
4317825,2
4291348,2
4240914,2
4274578,2
4294313,2
4312499,2
4308285,2
4316738,2
4316754,2
4277501,2
4308346,2
4305641,45
4300021,2
4307149,2
4260755,43
4300066,2
4227189,2
4312873,2
4308500,2
4302866,2
4272042,2
4290370,2
4316974,2
4276431,2
4310395,2
4288962,2
4287960,2
4256952,2
4310514,2
4304911,2
4263061,2
4258450,2
4300502,2
4300519,2
4311723,2
4289289,2
4263115,2
4305239,45
4303411,2
4193066,2
4177232,2
4299653,2
4247546,2
4281074,2
4288510,2
4278488,2
4319382,2
4247822,2
4317810,2
4190372,2
4284180,2
4292778,2
4313819,2
4275789,2
4272919,2
4303915,2
4298669,2
4260707,43
4280213,2
4284727,2
4293094,2
4290369,2
4280506,2
4297285,2
4280465,2
4316996,2
4273651,2
4270920,2
4304706,2
4277725,2
4286175,2
4290568,2
4298939,2
4279622,2
4276761,2
4274021,2
4293685,2
4304864,2
4304906,2
4294729,2
4249964,2
4260211,2
4219129,2
4224695,2
4307905,2
4288341,2
4294939,2
4308038,2
4313597,2
4281016,2
4274443,2
4284099,2
4308265,2
4277308,2
4264601,2
4184703,2
4294147,2
4177231,2
4285758,2
4306828,2
4301083,2
4257889,2
4316614,2
4183191,2
4298686,2
4285913,2
4295971,2
4286000,2
4319642,2
4301534,2
4316841,2
4290517,2
4273644,2
4321251,2
4290442,2
4301748,2
4312705,2
4321169,2
4307301,2
4300150,2
4290700,2
4285048,2
4266579,2
4291958,2
4289050,2
4303197,2
4311590,2
4319031,2
4285509,2
4319082,2
4246236,2
4272848,2
4306215,2
4295112,2
4246354,2
4291407,2
4299632,2
4294065,2
4320434,2
4319304,2
4211231,2
4300972,2
4261638,43
4299790,2
4284157,2
4297003,2
4224833,2
4320761,2
4303929,2
4289949,2
4316604,2
4311013,2
4301066,2
4281530,44
4308351,2
4274577,2
4264866,2
4315470,2
4257754,2
4306969,2
4294381,2
4318380,2
4308464,2
4305640,45
4304490,2
4296319,2
4293347,2
4312874,2
4311331,2
4257916,2
4293141,2
4300191,2
4297392,2
4269363,2
4282520,44
4285080,2
4217906,2
4282312,44
4290787,2
4293664,2
4291851,2
4299318,2
4305945,45
4263881,2
4273828,2
4288254,2
4288094,2
4296580,2
4293937,2
4296877,2
4285690,2
4272601,2
4303442,2
4280037,2
4292231,2
4285671,2
4300822,2
4322155,2
4225180,2
4316593,2
4298349,2
4310983,2
4288629,2
4309709,2
4295865,2
4285975,2
4316876,2
4266227,2
4291752,2
4318381,2
4266550,2
4269376,2
4290681,2
4305745,45
4193523,2
4290569,2
4294653,2
4280505,2
4318762,2
4313243,2
4315934,2
4317124,2
4257309,2
4193692,2
4291786,2
4303180,2
4299424,2
4293851,2
4209726,2
4283692,2
4216708,2
4306186,2
4324811,2
4308070,2
4275283,2
4320351,2
4265866,2
4291112,2
4297743,2
4297925,2
4320352,2
4250410,42
4182920,2
4305295,45
4294108,2
4261620,43
4315017,2
4316605,2
4323518,2
4257608,2
4254781,2
4311058,2
4294109,2
4302714,2
4184595,2
4264667,2
4323582,2
4311144,2
4182919,2
4189124,2
4307128,2
4253460,2
4294329,2
4314042,2
4315471,2
4312559,2
4322465,2
4316794,2
4308501,2
4301687,2
4288926,2
4287651,2
4291679,2
4316973,2
4314097,2
4277872,2
4289009,2
4321379,2
4319739,2
4302048,2
4305853,45
4303031,2
4288003,2
4288017,2
4319008,2
4232177,2
4291963,2
4303303,2
4235086,2
4306185,2
4300528,2
4277190,2
4268790,2
4283892,2
4236178,2
4286871,2
4286753,2
4299676,2
4323136,2
4278459,2
4185531,2
4305364,45
4326102,2
4299774,2
4305341,45
4298350,2
4270046,2
4257809,2
4299841,2
4225561,2
4294385,2
4290119,2
4324032,2
4310030,2
4308573,2
4324008,2
4321466,2
4282499,44
4290533,2
4263769,2
4300226,2
4275110,2
4272242,2
4200948,2
4283465,2
4311589,2
4299317,2
4313186,2
4285594,2
4310827,2
4288342,2
4293956,2
4296840,2
4308167,2
4305283,45
4303930,2
4288606,2
4296895,2
4280264,2
4305409,45
4253223,2
4288672,2
4273182,2
4325082,2
4234083,2
4291288,2
4275733,2
4327911,2
4280238,2
4316889,2
4286061,2
4310082,2
4301747,2
4304562,2
4293147,2
4293142,2
4327019,2
4318662,2
4303091,2
4282487,44
4301858,2
4322687,2
4310590,2
4291894,2
4277939,2
4294808,2
4319032,2
4308792,2
4296713,2
4320112,2
4308935,2
4246302,2
4309038,2
4298008,2
4324888,2
4326196,2
4295355,2
4310954,2
4277362,2
4323565,2
4329211,46
4319381,2
4308319,2
4292847,2
4302833,2
4325150,2
4287652,2
4286102,2
4314043,2
4300149,2
4316746,2
4303035,2
4314144,2
4190843,2
4279217,2
4301990,2
4322688,2
4266598,2
4317149,2
4319964,2
4303136,2
4305957,45
4313352,2
4293765,2
4202285,2
4302343,2
4269675,2
4330333,47
4328619,46
4320177,2
4289726,2
4322064,2
4309456,2
4281095,2
4305337,45
4316452,2
4289757,2
4298009,2
4326252,2
4323517,2
4330685,47
4305420,45
4277478,2
4305561,45
4308258,2
4329062,46
4271775,2
4304073,2
4302733,2
4316651,2
4329210,46
4311116,2
4299913,2
4318070,2
4322391,2
4302799,2
4328080,48
4322392,2
4330900,47
4291678,2
4301559,2
4291738,2
4329698,47
4307377,2
4325332,2
4325406,2
4308636,2
4321360,2
4307324,2
4300227,2
4325470,2
4280585,2
4325540,2
4315912,2
4262928,2
4300384,2
4313242,2
4305916,45
4319991,2
4310828,2
4321917,2
4250406,42
4321980,2
4199646,2
4325944,2
4299489,2
4319307,2
4295139,2
4277200,2
4323397,2
4274468,2
4327697,2
4198777,2
4272827,2
4326195,2
4329021,46
4283062,2
4249301,2
4326185,2
4305507,45
4330684,47
4247696,2
4191674,2
4319468,2
4273283,2
4325148,2
4277564,2
4326567,2
4301580,2
4332307,2
4326731,2
4318161,2
4321196,2
4296156,2
4329791,47
4326896,2
4303007,2
4309989,2
4304527,2
4321457,2
4272263,2
4331003,47
4294539,2
4332862,2
4303149,2
4305955,45
4319841,2
4316090,2
4316089,2
4310625,2
4318940,2
4290894,2
4317127,2
4303406,2
4333185,2
4191267,2
4306405,2
4308934,2
4325792,2
4282743,2
4223837,2
4309153,2
4311762,2
4299590,2
4294078,2
4303676,2
4311957,2
4284262,2
4291408,2
4247860,2
4256629,2
4302724,2
4285851,2
4332044,2
4316626,2
4331956,2
4264668,2
4306605,2
4307041,2
4328053,48
4318147,2
4274764,2
4323746,2
4295785,2
4326713,2
4281861,44
4330872,47
4325333,2
4324145,2
4301857,2
4302973,2
4321368,2
4324007,2
4297328,2
4324396,2
4319840,2
4315913,2
4290788,2
4324382,2
4321754,2
4327209,2
4331197,47
4276872,2
4313075,2
4314386,2
4299433,2
4310475,2
4313413,2
4325616,2
4320178,2
4320091,2
4307906,2
4325925,2
4299601,2
4333184,2
4333227,2
4321946,2
4213869,2
4331615,2
4316459,2
4328714,46
4310880,2
4281108,2
4267034,2
4316615,2
4331741,2
4312168,2
4298417,2
4299824,2
4331955,2
4266966,2
4320813,2
4290076,2
4306895,2
4329327,46
4246587,2
4246641,2
4264883,2
4323940,2
4311216,2
4308596,2
4318454,2
4286041,2
4301501,2
4279011,2
4309988,2
4316877,2
4333787,2
4227183,2
4335569,2
4276865,2
4329943,47
4298927,2
4304680,2
4335446,2
4325539,2
4266549,2
4333982,2
4310600,2
4333032,2
4293804,2
4313422,2
4254670,2
4320029,2
4321918,2
4302344,2
4233245,2
4300518,2
4324810,2
4288424,2
4293955,2
4283793,2
4331531,2
4324931,2
4323396,2
4322092,2
4331605,2
4316451,2
4313794,2
4261737,43
4297004,2
4317826,2
4322154,2
4327826,2
4305423,45
4319399,2
4331964,2
4326373,2
4281862,44
4323775,2
4262066,43
4312560,2
4311281,2
4329366,46
4321012,2
4297327,2
4333798,2
4310171,2
4242736,2
4308572,2
4335359,2
4321442,2
4325457,2
4280633,2
4327205,2
4324154,2
4333914,2
4307728,2
4300334,2
4311565,2
4316264,2
4282420,44
4333983,2
4269493,2
4311512,2
4288015,2
4285288,2
4317218,2
4294809,2
4288305,2
4294876,2
4336947,2
4330332,47
4321927,2
4302326,2
4320090,2
4305206,45
4327557,2
4314609,2
4299654,2
4336087,2
4306402,2
4313738,2
4334507,2
4282803,2
4233608,2
4322161,2
4323386,2
4196030,2
4333326,2
4294250,2
4326101,2
4235188,2
4331963,2
4208416,2
4322162,2
4297093,2
4291606,2
4332229,2
4326714,2
4323896,2
4310011,2
4336475,2
4319582,2
4312805,2
4324052,2
4300171,2
4318407,2
4290347,2
4314076,2
4266599,2
4328381,48
4335511,2
4311474,2
4318643,2
4311459,2
4314216,2
4335568,2
4310224,2
4305915,45
4338455,2
4330323,47
4308843,2
4317219,2
4264170,2
4338852,2
4277230,2
4227909,2
4299768,2
4327587,2
4325791,2
4286708,2
4299660,2
4312072,2
4323529,2
4325081,2
4309348,2
4336192,2
4292777,2
4323658,2
4326362,2
4320885,2
4260655,43
4284375,2
4315260,2
4316733,2
4265032,2
4337920,2
4336487,2
4301502,2
4305779,45
4310031,2
4318495,2
4302926,2
4314199,2
4327010,2
4273829,2
4286228,2
4314217,2
4331002,47
4300241,2
4237527,2
4268333,2
4275178,2
4317126,2
4318961,2
4331250,47
4296692,2
4313514,2
4300483,2
4311763,2
4317468,2
4327621,2
4292168,2
4327721,2
4198850,2
4254906,2
4316382,2
4333361,2
4313617,2
4277323,2
4263242,2
4334604,2
4310984,2
4334786,2
4331720,2
4330559,47
4322231,2
4333466,2
4337448,2
4330643,47
4327821,2
4278686,2
4298260,2
4255030,2
4332175,2
4308463,2
4336378,2
4271936,2
4339210,2
4238408,2
4321011,2
4325242,2
4240964,2
4315460,2
4339355,2
4305817,45
4335358,2
4304729,2
4328197,48
4294710,2
4318753,2
4321592,2
4338454,2
4205023,2
4307667,2
4285057,2
4307689,2
4285451,2
4279891,2
4309037,2
4296821,2
4297742,2
4319285,2
4291253,2
4320244,2
4324889,2
4305291,45
4313710,2
4309169,2
4326184,2
4329024,46
4292472,2
4341853,2
4329023,46
4292772,2
4305365,45
4340403,2
4333509,2
4305503,45
4309419,2
4329139,46
4326406,2
4333635,2
4302715,2
4335046,2
4283052,2
4308556,2
4316743,2
4328198,48
4314206,2
4324381,2
4321424,2
4276700,2
4336715,2
4287603,2
4308702,2
4204671,2
4333917,2
4310422,2
4265331,2
4300385,2
4316131,2
4227637,2
4252758,2
4334204,2
4296722,2
4320120,2
4205155,2
4308873,2
4292121,2
4303633,2
4336193,2
4288699,2
4327803,2
4309358,2
4330557,47
4327825,2
4340247,2
4247745,2
4330642,47
4320725,2
4343156,2
4263355,2
4268811,2
4342077,2
4304162,2
4337819,2
4340581,2
4339196,2
4235510,2
4273638,2
4337921,2
4298604,2
4339356,2
4306970,2
4291770,2
4326693,2
4315461,2
4321199,2
4329645,47
4294468,2
4337938,2
4312803,2
4337939,2
4311418,2
4311430,2
4308545,2
4312656,2
4322670,2
4329901,47
4343996,2
4325471,2
4313459,2
4283464,2
4325561,2
4291065,2
4314517,2
4296677,2
4319115,2
4338791,2
4334205,2
4309301,2
4322994,2
4342666,2
4325949,2
4323058,2
4339963,2
4296822,2
4334380,2
4309168,2
4333351,2
4299787,2
4343140,2
4322330,2
4299858,2
4323566,2
4337612,2
4323647,2
4294387,2
4316795,2
4330768,47
4316792,2
4224200,2
4340590,2
4322382,2
4335184,2
4311217,2
4300024,2
4342035,2
4325266,2
4322447,2
4285884,2
4333686,2
4319662,2
4335047,2
4328081,48
4329689,47
4318644,2
4303048,2
4319760,2
4288004,2
4333918,2
4332732,2
4322774,2
4299434,2
4331147,47
4288029,2
4299490,2
4338804,2
4296723,2
4268791,2
4298278,2
4333360,2
4344637,2
4200142,2
4333531,2
4318146,2
4207345,2
4344653,2
4274419,2
4292528,2
4200127,2
4295597,2
4331742,2
4264737,2
4322365,2
4214268,2
4320744,2
4344825,2
4337814,2
4322302,2
4273175,2
4332485,2
4271873,2
4209097,2
4344988,2
4315659,2
4336566,2
4346663,2
4343995,2
4344012,2
4301991,2
4344049,2
4332754,2
4335734,2
4319965,2
4339553,2
4324452,2
4321715,2
4319947,2
4316215,2
4255499,2
4294770,2
4299591,2
4300561,2
4333171,2
4302325,2
4319103,2
4338853,2
4327588,2
4337023,2
4316321,2
4310955,2
4292207,2
4327753,2
4308129,2
4326293,2
4236519,2
4312456,2
4316621,2
4326313,2
4214115,2
4334822,2
4211594,2
4284483,2
4333530,2
4319710,2
4346473,2
4298701,2
4340970,2
4346544,2
4297363,2
4290532,2
4339448,2
4342213,2
4328270,48
4322656,2
4317089,2
4317010,2
4339549,2
4303036,2
4297391,2
4226183,2
4268332,2
4311443,2
4346924,2
4321433,2
4307551,2
4310478,2
4324276,2
4335745,2
4306044,45
4274172,2
4316265,2
4260233,2
4227627,2
4275295,2
4282802,2
4311722,2
4336973,2
4212668,2
4323184,2
4336242,2
4292989,2
4260708,43
4211230,2
4344652,2
4281545,44
4344824,2
4347549,2
4330861,47
4287442,2
4335183,2
4323939,2
4321200,2
4345040,2
4333780,2
4296120,2
4296305,2
4345029,2
4319851,2
4329790,47
4344987,2
4261022,43
4324619,2
4276699,2
4344274,2
4294711,2
4344221,2
4304924,2
4313496,2
4268620,2
4345369,2
4252759,2
4335941,2
4348322,2
4338892,2
4311790,2
4347240,2
4310881,2
4314715,2
4336094,2
4277430,2
4294148,2
4312073,2
4294339,2
4249291,2
4333454,2
4346031,2
4345978,2
4313709,2
4341871,2
4316762,2
4348860,2
4341991,2
4333522,2
4335004,2
4225533,2
4301302,2
4343514,2
4316835,2
4322383,2
4346472,2
4344917,2
4325243,2
4319641,2
4332306,2
4340839,2
4305658,45
4346404,2
4326694,2
4322489,2
4322471,2
4338204,2
4325361,2
4325371,2
4332753,2
4324033,2
4346662,2
4349580,2
4349606,2
4336716,2
4349615,2
4342415,2
4332751,2
4299387,2
4280632,2
4300562,2
4261297,43
4327553,2
4337234,2
4348269,2
4350067,2
4342785,2
4323223,2
4324841,2
4336221,2
4286911,2
4340004,2
4308188,2
4329127,46
4292678,2
4350289,2
4333455,2
4308311,2
4336474,2
4318203,2
4351819,2
4337820,2
4343606,2
4326559,2
4314013,2
4308544,2
4344918,2
4329810,47
4315660,2
4326901,2
4338205,2
4330899,47
4266396,2
4324222,2
4339548,2
4332785,2
4328347,48
4335584,2
4331101,47
4332620,2
4324234,2
4321367,2
4330020,47
4335938,2
4348075,2
4334074,2
4317090,2
4328346,48
4304730,2
4272357,2
4254676,2
4272482,2
4328703,46
4306187,2
4325674,2
4337022,2
4352787,2
4300605,2
4345448,2
4306300,2
4342644,2
4310821,2
4224668,2
4316444,2
4320512,2
4351386,2
4337267,2
4294253,2
4344655,2
4322196,2
4295388,2
4341854,2
4351556,2
4344656,2
4322329,2
4351569,2
4326405,2
4336333,2
4280278,2
4239493,2
4316842,2
4335005,2
4304163,2
4336579,2
4322492,2
4353406,2
4330913,47
4336542,2
4353405,2
4338464,2
4303047,2
4329839,47
4336736,2
4260087,2
4332591,2
4353566,2
4353662,2
4335891,2
4336888,2
4245993,2
4322836,2
4314466,2
4348212,2
4327552,2
4333170,2
4337007,2
4344352,2
4351106,2
4297749,2
4324968,2
4244370,2
4347469,2
4216707,2
4319418,2
4322230,2
4347466,2
4325075,2
4341794,2
4347468,2
4301369,2
4308366,2
4351818,2
4353219,2
4318160,2
4337764,2
4353268,2
4239894,2
4316737,2
4267889,2
4271880,2
4316806,2
4344924,2
4332228,2
4298926,2
4296008,2
4312831,2
4346458,2
4351997,2
4342214,2
4350585,2
4324015,2
4316888,2
4335203,2
4345049,2
4333849,2
4353501,2
4352276,2
4347945,2
4318763,2
4214886,2
4341117,2
4338671,2
4308619,2
4258238,2
4299077,2
4333035,2
4313495,2
4317236,2
4338792,2
4351085,2
4336972,2
4325924,2
4295161,2
4260234,2
4335939,2
4313598,2
4350068,2
4303412,2
4331614,2
4352942,2
4339061,2
4330418,47
4354333,2
4350228,2
4323583,2
4320723,2
4309542,2
4302581,2
4346138,2
4344710,2
4291393,2
4336204,2
4337813,2
4342058,2
4312563,2
4336403,2
4214355,2
4325151,2
4256372,2
4314096,2
4323699,2
4281673,44
4322305,2
4323700,2
4340912,2
4352057,2
4354797,2
4344949,2
4338169,2
4344984,2
4325370,2
4350547,2
4352056,2
4354934,2
4352008,2
4326674,2
4322575,2
4339523,2
4335474,2
4324223,2
4304681,2
4345156,2
4338362,2
4332861,2
4303184,2
4296588,2
4212155,2
4324611,2
4320028,2
4355560,2
4345370,2
4341609,2
4342880,2
4335982,2
4311820,2
4314687,2
4222191,2
4323362,2
4260392,2
4341909,2
4345893,2
4350326,2
4320897,2
4354353,2
4345886,2
4333426,2
4355858,2
4357216,2
4332063,2
4355930,2
4323646,2
4337613,2
4304072,2
4356022,2
4256817,2
4351934,2
4354633,2
4231816,2
4351944,2
4342059,2
4352145,2
4350540,2
4290356,2
4350539,2
4336596,2
4324199,2
4333779,2
4336595,2
4330982,47
4328324,48
4332752,2
4334038,2
4338572,2
4321593,2
4273767,2
4223719,2
4331262,47
4350959,2
4356650,2
4348270,2
4288379,2
4328702,46
4336151,2
4316405,2
4342935,2
4339062,2
4329061,46
4216453,2
4345942,2
4339052,2
4271884,2
4289979,2
4333336,2
4348983,2
4288689,2
4340496,2
4313901,2
4232756,2
4301082,2
4354588,2
4353212,2
4354634,2
4347661,2
4264792,2
4319555,2
4340760,2
4318514,2
4298938,2
4298702,2
4342122,2
4357748,2
4321090,2
4287604,2
4327288,2
4358163,2
4280584,2
4330167,47
4335784,2
4347964,2
4331198,47
4335661,2
4339670,2
4317148,2
4335921,2
4330231,47
4331261,47
4319096,2
4282728,2
4350901,2
4314518,2
4345477,2
4275738,2
4351105,2
4302449,2
4333228,2
4334506,2
4222190,2
4325953,2
4320724,2
4354352,2
4358666,2
4339103,2
4344711,2
4344731,2
4319452,2
4344965,2
4335102,2
4329664,47
4293209,2
4356183,2
4290893,2
4311417,2
4350584,2
4354998,2
4296119,2
4327020,2
4353541,2
4359137,2
4355074,2
4335447,2
4358038,2
4342433,2
4313187,2
4350872,2
4338592,2
4353659,2
4241463,41
4345375,2
4341627,2
4353836,2
4335994,2
4336946,2
4334409,2
4344513,2
4310913,2
4359684,2
4221201,2
4330570,47
4326183,2
4327752,2
4281128,2
4246237,2
4346125,2
4318071,2
4354379,2
4341795,2
4224076,2
4323567,2
4345977,2
4336243,2
4360298,2
4236755,2
4353220,2
4311342,2
4361733,2
4351943,2
4308581,2
4358965,2
4261040,43
4353353,2
4353344,2
4346761,2
4361780,2
4290741,2
4321704,2
4347072,2
4294654,2
4338560,2
4334032,2
4349738,2
4302080,2
4350890,2
4324506,2
4304905,2
4328648,46
4327631,2
4328620,46
4328647,46
4325875,2
4338891,2
4342930,2
4310895,2
4274444,2
4216369,2
4280043,2
4256264,2
4351744,2
4288690,2
4341863,2
4343291,2
4339212,2
4260713,43
4314005,2
4320762,2
4360284,2
4349025,2
4337763,2
4288786,2
4312455,2
4356045,2
4356127,2
4351998,2
4347748,2
4316775,2
4319688,2
4324395,2
4329777,47
4360739,2
4329776,47
4336711,2
4349844,2
4335878,2
4328380,48
4331175,47
4335763,2
4349840,2
4335920,2
4346982,2
4224950,2
4319081,2
4334237,2
4352821,2
4257623,2
4356707,2
4362317,2
4351177,2
4240782,2
4314963,2
4326243,2
4351387,2
4361456,2
4341856,2
4337506,2
4262090,43
4319537,2
4360168,2
4256487,2
4318111,2
4360167,2
4337710,2
4318348,2
4228404,2
4349026,2
4349155,2
4336488,2
4364556,2
4302800,2
4328054,48
4352144,2
4343513,2
4360474,2
4356182,2
4363218,2
4298685,2
4332786,2
4328245,48
4343990,2
4335555,2
4356344,2
4345023,2
4326924,2
4316165,2
4322865,2
4335942,2
4362233,2
4348323,2
4352833,2
4309414,2
4342936,2
4306406,2
4357112,2
4344679,2
4336302,2
4319286,2
4265926,2
4350288,2
4355859,2
4344762,2
4347467,2
4330759,47
4297172,2
4269114,2
4328095,48
4316620,2
4360297,2
4332005,2
4332114,2
4346251,2
4318110,2
4346545,2
4322533,2
4358964,2
4359000,2
4359001,2
4358935,2
4343607,2
4339400,2
4335103,2
4363273,2
4364619,2
4350598,2
4361781,2
4331095,47
4342265,2
4361924,2
4332647,2
4348001,2
4338591,2
4362115,2
4335983,2
4358402,2
4341565,2
4356651,2
4362179,2
4225181,2
4334183,2
4365197,2
4309349,2
4361318,2
4319308,2
4326186,2
4310944,2
4351365,2
4365493,2
4354110,2
4355823,2
4365394,2
4358712,2
4341864,2
4337449,2
4359685,2
4288612,2
4292679,2
4357372,2
4347571,2
4227027,2
4287635,2
4326936,2
4333661,2
4336580,2
4364536,2
4333706,2
4346459,2
4363272,2
4336610,2
4356178,2
4360534,2
4341093,2
4319766,2
4326993,2
4325362,2
4352277,2
4338387,2
4338712,2
4348026,2
4328333,48
4339577,2
4328246,48
4348003,2
4344275,2
4325627,2
4342427,2
4335940,2
4355561,2
4358377,2
4355652,2
4362316,2
4309415,2
4292208,2
4351185,2
4358673,2
4355745,2
4365494,2
4365468,2
4313877,2
4345885,2
4351574,2
4304113,2
4346020,2
4355884,2
4320886,2
4367135,2
4327804,2
4347635,2
4357362,2
4323745,2
4281806,44
4242509,2
4360317,2
4252229,2
4367238,2
4346398,2
4364465,2
4318202,2
4324046,2
4358957,2
4353251,2
4264959,2
4297171,2
4367370,2
4360375,2
4350566,2
4368849,2
4278994,2
4349446,2
4353418,2
4315570,2
4356251,2
4293208,2
4353521,2
4360977,2
4347906,2
4356506,2
4364913,2
4334050,2
4362089,2
4331333,47
4233216,2
4362114,2
4356719,2
4334236,2
4358472,2
4365108,2
4356706,2
4342786,2
4365073,2
4309457,2
4359612,2
4345614,2
4328874,46
4338949,2
4342968,2
4351364,2
4315000,2
4323137,2
4237893,2
4341805,2
4344636,2
4341814,2
4350325,2
4362846,2
4364326,2
4362838,2
4323530,2
4333521,2
4301370,2
4331928,2
4312442,2
4334845,2
4364459,2
4357361,2
4351745,2
4367327,2
4274733,2
4358934,2
4360301,2
4370096,2
4347722,2
4367369,2
4356141,2
4232686,2
4343823,2
4358989,2
4367460,2
4359023,2
4357779,2
4346696,2
4333899,2
4324370,2
4307688,2
4342294,2
4361923,2
4344078,2
4308741,2
4311570,2
4353625,2
4369489,2
4293886,2
4322837,2
4243406,2
4344354,2
4326046,2
4337199,2
4300503,2
4352916,2
4350902,2
4362178,2
4370662,2
4306301,2
4348295,2
4353835,2
4236263,2
4344680,2
4302448,2
4230395,2
4312169,2
4334432,2
4367059,2
4261949,43
4236264,2
4324883,2
4352941,2
4354440,2
4357132,2
4343135,2
4302759,2
4309510,2
4357458,2
4368644,2
4315381,2
4356044,2
4314104,2
4367364,2
4353250,2
4357747,2
4356187,2
4371749,2
4352519,2
4360963,2
4366451,2
4358117,2
4359257,2
4353661,2
4344220,2
4348054,2
4367651,2
4341401,2
4355545,2
4338707,2
4244161,2
4336059,2
4341621,2
4362126,2
4300482,2
4356684,2
4337233,2
4345538,2
4361251,2
4370674,2
4337006,2
4232425,2
4356685,2
4227947,2
4316594,2
4340082,2
4372687,49
4368276,2
4294118,2
4324932,2
4362630,2
4355885,2
4312431,2
4317839,2
4367070,2
4348781,2
4371172,2
4323436,2
4369971,2
4365838,2
4350310,2
4367211,2
4369976,2
4364458,2
4367264,2
4363111,2
4352007,2
4278870,2
4342047,2
4322409,2
4368913,2
4367326,2
4344925,2
4358958,2
4361817,2
4315801,2
4370261,2
4356188,2
4314170,2
4305897,45
4336587,2
4325391,2
4321475,2
4287972,2
4348002,2
4347905,2
4360964,2
4321703,2
4373292,2
4341373,2
4324682,2
4361028,2
4369490,2
4370508,2
4283611,2
4372381,49
4230313,2
4372382,49
4341550,2
4341610,2
4334075,2
4288382,2
4364053,2
4309067,2
4310943,2
4347295,2
4370735,2
4361317,2
4340003,2
4358672,2
4325954,2
4239893,2
4327857,2
4336222,2
4368255,2
4369830,2
4372688,49
4367150,2
4369998,2
4347550,2
4364365,2
4331927,2
4334883,2
4371373,2
4306829,2
4371437,2
4342123,2
4342004,2
4292829,2
4371675,2
4335172,2
4339322,2
4364555,2
4339295,2
4354881,2
4343822,2
4335554,2
4350690,2
4371750,2
4352207,2
4328191,48
4326987,2
4333833,2
4338561,2
4353548,2
4369297,2
4352380,2
4352668,2
4341432,2
4361969,2
4350891,2
4364907,2
4310591,2
4348076,2
4320259,2
4369629,2
4351086,2
4232341,2
4362460,2
4330571,47
4328715,46
4344512,2
4261610,43
4281109,2
4344632,2
4239133,2
4348782,2
4358749,2
4334821,2
4361457,2
4367134,2
4365569,2
4364361,2
4344730,2
4374070,2
4346101,2
4327910,2
4266338,2
4344936,2
4231656,2
4367360,2
4367361,2
4344867,2
4357557,2
4372949,2
4371635,2
4307040,2
4280526,2
4328190,48
4319604,2
4346391,2
4358999,2
4336703,2
4346858,2
4359117,2
4317123,2
4327206,2
4338533,2
4361016,2
4341372,2
4325651,2
4316286,2
4335995,2
4370715,2
4338830,2
4237973,2
4373511,2
4375310,2
4342643,2
4367948,2
4375311,2
4296953,2
4278299,2
4354362,2
4329165,46
4302580,2
4366020,2
4320898,2
4356088,2
4294482,2
4346019,2
4357371,2
4297209,2
4377306,2
4275004,2
4364635,2
4346415,2
4372953,2
4312655,2
4351927,2
4375782,2
4300108,2
4344079,2
4338368,2
4349623,2
4363793,2
4341400,2
4329775,47
4364877,2
4348041,2
4363794,2
4322662,2
4324505,2
4325650,2
4367804,2
4291198,2
4243494,2
4352869,2
4345471,2
4353786,2
4356709,2
4355611,2
4341628,2
4376571,2
4343186,2
4311956,2
4376867,2
4358658,2
4326374,2
4371370,2
4297070,2
4332174,2
4319453,2
4378489,2
4358779,2
4377024,2
4336442,2
4364325,2
4343446,2
4371496,2
4370050,2
4354798,2
4349321,2
4364537,2
4297239,2
4363219,2
4332514,2
4281804,44
4349579,2
4368933,2
4339526,2
4338248,2
4324361,2
4352520,2
4308679,2
4342266,2
4360948,2
4374930,2
4358069,2
4364784,2
4330094,47
4364876,2
4356426,2
4328382,48
4314487,2
4313515,2
4327674,2
4373512,2
4316383,2
4327703,2
4293998,2
4322197,2
4370866,2
4337553,2
4297150,2
4359932,2
4347634,2
4351573,2
4243918,2
4325174,2
4372906,2
4356074,2
4378490,2
4367239,2
4371576,2
4349238,2
4318368,2
4353330,2
4313902,2
4280270,2
4351933,2
4360740,2
4374620,2
4325337,2
4378705,2
4346981,2
4380448,2
4372050,49
4347965,2
4349614,2
4380719,2
4359268,2
4364908,2
4356505,2
4345306,2
4243458,2
4366768,2
4305205,45
4367947,2
4370706,2
4370823,2
4333352,2
4375394,2
4354124,2
4359655,2
4246448,2
4323363,2
4372591,49
4353057,2
4372695,49
4375462,2
4337552,2
4296962,2
4357056,2
4256373,2
4320814,2
4361557,2
4375559,2
4375629,2
4374008,2
4381197,2
4360061,2
4371490,2
4340254,2
4376940,2
4365907,2
4348984,2
4344815,2
4346282,2
4361664,2
4377241,2
4347662,2
4378589,2
4374504,2
4380059,2
4297238,2
4380109,2
4380139,2
4319663,2
4370123,2
4357670,2
4308658,2
4349454,2
4241323,41
4377622,2
4377623,2
4349447,2
4336702,2
4369096,2
4352175,2
4355390,2
4321767,2
4360922,2
4340967,2
4376105,2
4370507,2
4317235,2
4347239,2
4344402,2
4372472,49
4372478,49
4370705,2
4375264,2
4266005,2
4372480,49
4337121,2
4337030,2
4359654,2
4364148,2
4264500,2
4354245,2
4240668,2
4352983,2
4305426,45
4338965,2
4348695,2
4368183,2
4369831,2
4371171,2
4300990,2
4333223,2
4337581,2
4348668,2
4337580,2
4367060,2
4369892,2
4364403,2
4332115,2
4371244,2
4379850,2
4365788,2
4374206,2
4367156,2
4346216,2
4346403,2
4369999,2
4371436,2
4315254,2
4366061,2
4372950,2
4366041,2
4349496,2
4356087,2
4354991,2
4361891,2
4267400,2
4377377,2
4370230,2
4299000,2
4338367,2
4318661,2
4375889,2
4370333,2
4297558,2
4361061,2
4361090,2
4277873,2
4258482,2
4369660,2
4341622,2
4369565,2
4365109,2
4366844,2
4260430,2
4238936,2
4334433,2
4368230,2
4382125,2
4367071,2
4333552,2
4346032,2
4364360,2
4371374,2
4367234,2
4357262,2
4357669,2
4280279,2
4344851,2
4360148,2
4370095,2
4380058,2
4377202,2
4380031,2
4374303,2
4357608,2
4378583,2
4371636,2
4367363,2
4375781,2
4336712,2
4365975,2
4359074,2
4333819,2
4352043,2
4369264,2
4342293,2
4369356,2
4374929,2
4342432,2
4359187,2
4335750,2
4362107,2
4342520,2
4336150,2
4261393,43
4338966,2
4351255,2
4319303,2
4365309,2
4365181,2
4369889,2
4382317,2
4372694,49
4369846,2
4370791,2
4289980,2
4354246,2
4339994,2
4375560,2
4376817,2
4301057,2
4377025,2
4382539,2
4334846,2
4375658,2
4360283,2
4357431,2
4382662,2
4336361,2
4371491,2
4360318,2
4367235,2
4371564,2
4333786,2
4371575,2
4341076,2
4281805,44
4385697,2
4248481,2
4383141,2
4369041,2
4383252,2
4364824,2
4377725,2
4360864,2
4324612,2
4381670,2
4367572,2
4356427,2
4353680,2
4330322,47
4333031,2
4310479,2
4317299,2
4296736,2
4350022,2
4352822,2
4350039,2
4358571,2
4376436,2
4376578,2
4345619,2
4333312,2
4329102,46
4384991,2
4311881,2
4323063,2
4337404,2
4368256,2
4385077,2
4365467,2
4358684,2
4379878,2
4362947,2
4382567,2
4357176,2
4360060,2
4319538,2
4379851,2
4364464,2
4360302,2
4364438,2
4301628,2
4302725,2
4307154,2
4358956,2
4344866,2
4371800,2
4363284,2
4245618,2
4378613,2
4361881,2
4326907,2
4361880,2
4375852,2
4349607,2
4325488,2
4374910,2
4362003,2
4350873,2
4285452,2
4341549,2
4344423,2
4367773,2
4362368,2
4379142,2
4370716,2
4249302,2
4367029,2
4383856,2
4295362,2
4381092,2
4332015,2
4386717,2
4339102,2
4362839,2
4374205,2
4354531,2
4339321,2
4332006,2
4360248,2
4379841,2
4382828,2
4386898,2
4386963,2
4343531,2
4382896,2
4369298,2
4384232,2
4361854,2
4342175,2
4358065,2
4383142,2
4364755,2
4293264,2
4362002,2
4359136,2
4367714,2
4363679,2
4313460,2
4324715,2
4345307,2
4258401,2
4352753,2
4383629,2
4356708,2
4341715,2
4292167,2
4305408,45
4329022,46
4368182,2
4308189,2
4383859,2
4383995,2
4336342,2
4383993,2
4386757,2
4299859,2
4382589,2
4346137,2
4384047,2
4330907,47
4358780,2
4382590,2
4291531,2
4386817,2
4294386,2
4304246,2
4382568,2
4386884,2
4318367,2
4384156,2
4366034,2
4321089,2
4380284,2
4380160,2
4355073,2
4322655,2
4352174,2
4358118,2
4370231,2
4252557,2
4388818,2
4372044,49
4369357,2
4283364,2
4356428,2
4386181,2
4376065,2
4378867,2
4369538,2
4373329,2
4366476,2
4369430,2
4363962,2
4372439,49
4339012,2
4387536,2
4352890,2
4296919,2
4376570,2
4373876,2
4354111,2
4382188,2
4250323,42
4250349,42
4370859,2
4340448,2
4362807,2
4390704,2
4382309,2
4383858,2
4247859,2
4369963,2
4322185,2
4379781,2
4386816,2
4385500,2
4357556,2
4361558,2
4319605,2
4315259,2
4391358,2
4355087,2
4356288,2
4254304,2
4375928,2
4391713,2
4370355,2
4384533,2
4330374,47
4314714,2
4365148,2
4353914,2
4366845,2
4362209,2
4364092,2
4250348,42
4337367,2
4323307,2
4376784,2
4375342,2
4387880,2
4376783,2
4379640,2
4365393,2
4379718,2
4387950,2
4343185,2
4329128,46
4253777,2
4390929,2
4392392,2
4367276,2
4378507,2
4368912,2
4385650,2
4330769,47
4344852,2
4377305,2
4374723,2
4357949,2
4333913,2
4380435,2
4297403,2
4349597,2
4383244,2
4383362,2
4336695,2
4376015,2
4358170,2
4367652,2
4375107,2
4377966,2
4362088,2
4372473,49
4354202,2
4289513,2
4367731,2
4373497,2
4342665,2
4305238,45
4362208,2
4370762,2
4372511,49
4379143,2
4317469,2
4375463,2
4376752,2
4305419,45
4358665,2
4359784,2
4393528,2
4372731,49
4381135,2
4390903,2
4388193,2
4375601,2
4308446,2
4325111,2
4326566,2
4374111,2
4328092,48
4392420,2
4356037,2
4365837,2
4371369,2
4386883,2
4330862,47
4391175,2
4385649,2
4361758,2
4371563,2
4375809,2
4391306,2
4384233,2
4293686,2
4371725,2
4324429,2
4343832,2
4391606,2
4391607,2
4361017,2
4366463,2
4343949,2
4358070,2
4304637,2
4324249,2
4377850,2
4394711,2
4305091,45
4373398,2
4381790,2
4353785,2
4356718,2
4384755,2
4381812,2
4392111,2
4378063,2
4389258,2
4323100,2
4394884,2
4324967,2
4364091,2
4367967,2
4364147,2
4368116,2
4338940,2
4387728,2
4348500,2
4365310,2
4265963,2
4339013,2
4250407,42
4373978,2
4371243,2
4393529,2
4344633,2
4383879,2
4353058,2
4390795,2
4392421,2
4358823,2
4391105,2
4357432,2
4385506,2
4357493,2
4385644,2
4368823,2
4386920,2
4365908,2
4377242,2
4258051,2
4356272,2
4333809,2
4384193,2
4364668,2
4339440,2
4343836,2
4369113,2
4353386,2
4361789,2
4380519,2
4370267,2
4349703,2
4372049,49
4362015,2
4375075,2
4265630,2
4378875,2
4375185,2
4349841,2
4383518,2
4394710,2
4308025,2
4316287,2
4381789,2
4378064,2
4285554,2
4383684,2
4384756,2
4380978,2
4390382,2
4334249,2
4392248,2
4368115,2
4261495,43
4376629,2
4305619,45
4317589,2
4333246,2
4351480,2
4378358,2
4396211,2
4329140,46
4369888,2
4396584,2
4384058,2
4351910,2
4384167,2
4349409,2
4349436,2
4374686,2
4389814,2
4389813,2
4364669,2
4350641,2
4294646,2
4383191,2
4262483,2
4358110,2
4367445,2
4286229,2
4285424,2
4384552,2
4277171,2
4397632,2
4389257,2
4379080,2
4394859,2
4390383,2
4266971,2
4355651,2
4334182,2
4268777,2
4370822,2
4396106,2
4373766,2
4341870,2
4393467,2
4264217,2
4285553,2
4396265,2
4366998,2
4385076,2
4357113,2
4341813,2
4385201,2
4325110,2
4256632,2
4385321,2
4263478,2
4390850,2
4329101,46
4375653,2
4390849,2
4382498,2
4381258,2
4395246,2
4378599,2
4319777,2
4385412,2
4389744,2
4385632,2
4385698,2
4398169,2
4367390,2
4396955,2
4361872,2
4326906,2
4356209,2
4391588,2
4395533,2
4397032,2
4385842,2
4383192,2
4370356,2
4372226,49
4338706,2
4363825,2
4397502,2
4373327,2
4283533,2
4325673,2
4397700,2
4395983,2
4394858,2
4378098,2
4379034,2
4264053,2
4352915,2
4393127,2
4390453,2
4257492,2
4365072,2
4355674,2
4301178,2
4383773,2
4372512,49
4341729,2
4389455,2
4325005,2
4314964,2
4390718,2
4392198,2
4382318,2
4390717,2
4383891,2
4399141,2
4261738,43
4342929,2
4264865,2
4369962,2
4396585,2
4361665,2
4357407,2
4351928,2
4386855,2
4392378,2
4399383,2
4371676,2
4379795,2
4308445,2
4361813,2
4395345,2
4346191,2
4383000,2
4399698,2
4368824,2
4399697,2
4394146,2
4384196,2
4385783,2
4349455,2
4371847,2
4349437,2
4381471,2
4324317,2
4381594,2
4388706,2
4314006,2
4329878,47
4383348,2
4319884,2
4366724,2
4374909,2
4376013,2
4397593,2
4391984,2
4367772,2
4375273,2
4376339,2
4353853,2
4389454,2
4380934,2
4338805,2
4383628,2
4308318,2
4379260,2
4387727,2
4399050,2
4376860,2
4297924,2
4368260,2
4390796,2
4315034,2
4378359,2
4316563,2
4357206,2
4374204,2
4393638,2
4357207,2
4311012,2
4389599,2
4399382,2
4372911,2
4399324,2
4378453,2
4281807,44
4340606,2
4395346,2
4395315,2
4367265,2
4370109,2
4363173,2
4386919,2
4367309,2
4375794,2
4384143,2
4364656,2
4398228,2
4345288,2
4358066,2
4401236,2
4363695,2
4353585,2
4360921,2
4364794,2
4348220,2
4394845,2
4375245,2
4397671,2
4398628,2
4397711,2
4358497,2
4342838,2
4369630,2
4328683,46
4352834,2
4373481,2
4387881,2
4397851,2
4397820,2
4348483,2
4393505,2
4396343,2
4399145,2
4372748,49
4392321,2
4376866,2
4365723,2
4365589,2
4400785,2
4392393,2
4385390,2
4390956,2
4396712,2
4402396,2
4367391,2
4388430,2
4378565,2
4377358,2
4394140,2
4394147,2
4382895,2
4380458,2
4341200,2
4371975,49
4398454,2
4395615,2
4371974,49
4401254,2
4380552,2
4391866,2
4353708,2
4380766,2
4387320,2
4380811,2
4339790,2
4350021,2
4362232,2
4350960,2
4303302,2
4381811,2
4370746,2
4401624,2
4380977,2
4384955,2
4400575,2
4399020,2
4383812,2
4320433,2
4370867,2
4374112,2
4375439,2
4403528,2
4295554,2
4396248,2
4351535,2
4361533,2
4390965,2
4402251,2
4375595,2
4355994,2
4367157,2
4336301,2
4357408,2
4378480,2
4383992,2
4386923,2
4356036,2
4386922,2
4255152,2
4403732,2
4375778,2
4400985,2
4372984,2
4344950,2
4383010,2
4296350,2
4332731,2
4383203,2
4375929,2
4404004,2
4361855,2
4370334,2
4401233,2
4386145,2
4376099,2
4380602,2
4353586,2
4376103,2
4376102,2
4397540,2
4375184,2
4397483,2
4387336,2
4370512,2
4353760,2
4372481,49
4403198,2
4379021,2
4373399,2
4361282,2
4404511,2
4401681,2
4400494,2
4401623,2
4375343,2
4403404,2
4393148,2
4327620,2
4398877,2
4403377,2
4385011,2
4261507,43
4323279,2
4340495,2
4393438,2
4393399,2
4343155,2
4385200,2
4356933,2
4403540,2
4354201,2
4372737,49
4388110,2
4388109,2
4386767,2
4300023,2
4357492,2
4363257,2
4388429,2
4384093,2
4357459,2
4366019,2
4357514,2
4403826,2
4402388,2
4402581,2
4366060,2
4304569,2
4391716,2
4349622,2
4398278,2
4328410,48
4259977,2
4349630,2
4381593,2
4373265,2
4377724,2
4404034,2
4397539,2
4372085,49
4366452,2
4381721,2
4383702,2
4387339,2
4264218,2
4375274,2
4387722,2
4379238,2
4296918,2
4375400,2
4400595,2
4399021,2
4386667,2
4281514,44
4396472,2
4299773,2
4389509,2
4341944,2
4260783,43
4395157,2
4364508,2
4381196,2
4404992,2
4402190,2
4392457,2
4392358,2
4355995,2
4266337,2
4395247,2
4405201,2
4351657,2
4381265,2
4353269,2
4403832,2
4385729,2
4335419,2
4396907,2
4403831,2
4401087,2
4361890,2
4353420,2
4386146,2
4373264,2
4319040,2
4405778,2
4350784,2
4387321,2
4377965,2
4405823,2
4369501,2
4375090,2
4384518,2
4319188,2
4319187,2
4395991,2
4384740,2
4309359,2
4406159,2
4372583,49
4400574,2
4406172,2
4390617,2
4348501,2
4403361,2
4320359,2
4264664,2
4400570,2
4403417,2
4397991,2
4334624,2
4395108,2
4382310,2
4371383,2
4404850,2
4373997,2
4406386,2
4406411,2
4326312,2
4350309,2
4340402,2
4391104,2
4333313,2
4402254,2
4392456,2
4382422,2
4361680,2
4407937,2
4395314,2
4354542,2
4353352,2
4396713,2
4398227,2
4386962,2
4395410,2
4392713,2
4394392,2
4364789,2
4333508,2
4384305,2
4382981,2
4367446,2
4373164,2
4282055,44
4372106,49
4329902,47
4350038,2
4333244,2
4373416,2
4400417,2
4369661,2
4373765,2
4327673,2
4348511,2
4407304,2
4264663,2
4269676,2
4369707,2
4261611,43
4355770,2
4396247,2
4403371,2
4370745,2
4328892,46
4330419,47
4340094,2
4401930,2
4399140,2
4384992,2
4383890,2
4386685,2
4320696,2
4390703,2
4354543,2
4395130,2
4362626,2
4393504,2
4365804,2
4395113,2
4379796,2
4364354,2
4381257,2
4384111,2
4290003,2
4338078,2
4407899,2
4393940,2
4396783,2
4389727,2
4388351,2
4389728,2
4380019,2
4406550,2
4363433,2
4346200,2
4408499,2
4353681,2
4387251,2
4395555,2
4408610,2
4383386,2
4363804,2
4391780,2
4408925,2
4272558,2
4408956,2
4400485,2
4323321,2
4406272,2
4409101,2
4386569,2
4404507,2
4401718,2
4406323,2
4323308,2
4355612,2
4352891,2
4359706,2
4383940,2
4407637,2
4302602,2
4409124,2
4356023,2
4375668,2
4389510,2
4379621,2
4409190,2
4357515,2
4403639,2
4409290,2
4407804,2
4391035,2
4409267,2
4368645,2
4390991,2
4377265,2
4410805,2
4357508,2
4377266,2
4406543,2
4403836,2
4371732,2
4375888,2
4385730,2
4355088,2
4401253,2
4307886,2
4383363,2
4376039,2
4387281,2
4378826,2
4380434,2
4296693,2
4394831,2
4389293,2
4389292,2
4326045,2
4395932,2
4277363,2
4399040,2
4409022,2
4387535,2
4324840,2
4390528,2
4406258,2
4407495,2
4376751,2
4397830,2
4393509,2
4390930,2
4376760,2
4369893,2
4411975,2
4362596,2
4395129,2
4390904,2
4336343,2
4403572,2
4344624,2
4273209,2
4364450,2
4409230,2
4388151,2
4388374,2
4379782,2
4381241,2
4318384,2
4400965,2
4322470,2
4392544,2
4356140,2
4402450,2
4374461,2
4396958,2
4395366,2
4380161,2
4363756,2
4380247,2
4339559,2
4373161,2
4338297,2
4328355,48
4392860,2
4296816,2
4403197,2
4395728,2
4334248,2
4373417,2
4407205,2
4271595,2
4410014,2
4275644,2
4410169,2
4351186,2
4337405,2
4410170,2
4364355,2
4390658,2
4358750,2
4395088,2
4343134,2
4406313,2
4396395,2
4401949,2
4386682,2
4311263,2
4403541,2
4392357,2
4409167,2
4403565,2
4357217,2
4404946,2
4413504,2
4412147,2
4384001,2
4382725,2
4371726,2
4366033,2
4406566,2
4292988,2
4382999,2
4349751,2
4399799,2
4336565,2
4413887,2
4318369,2
4375792,2
4374766,2
4401200,2
4387161,2
4374503,2
4366477,2
4408498,2
4389972,2
4356343,2
4378881,2
4356405,2
4391619,2
4372084,49
4395648,2
4408611,2
4387279,2
4319039,2
4306214,2
4394885,2
4395925,2
4380879,2
4341578,2
4406138,2
4394907,2
4383632,2
4400499,2
4397821,2
4409017,2
4379239,2
4333427,2
4384956,2
4398903,2
4409123,2
4271649,2
4382114,2
4372621,49
4407636,2
4411997,2
4375582,2
4278993,2
4375438,2
4410598,2
4393639,2
4409291,2
4410582,2
4375662,2
4289950,2
4407900,2
4410644,2
4400865,2
4400866,2
4378462,2
4396720,2
4412118,2
4403731,2
4341960,2
4406542,2
4400984,2
4382691,2
4398193,2
4370246,2
4366136,2
4401053,2
4395378,2
4397031,2
4398183,2
4380246,2
4406760,2
4406764,2
4388974,2
4406765,2
4377851,2
4405629,2
4389045,2
4405867,2
4368936,2
4405938,2
4404084,2
4339493,2
4387333,2
4412727,2
4403206,2
4370673,2
4412906,2
4408989,2
4362629,2
4383651,2
4414641,2
4403418,2
4340081,2
4368275,2
4325950,2
4338941,2
4333465,2
4322139,2
4381093,2
4399323,2
4339195,2
4402191,2
4399510,2
4405007,2
4414865,2
4402216,2
4409268,2
4378556,2
4410721,2
4410804,2
4370122,2
4394298,2
4384258,2
4297475,2
4391717,2
4364698,2
4380457,2
4397204,2
4383243,2
4363694,2
4358222,2
4391774,2
4373143,2
4404206,2
4383645,2
4379261,2
4395990,2
4394958,2
4400533,2
4398912,2
4414717,2
4373875,2
4401793,2
4414748,2
4414712,2
4410202,2
4345539,2
4409148,2
4404816,2
4395114,2
4416137,2
4376759,2
4359959,2
4409336,2
4364449,2
4405073,2
4357509,2
4403810,2
4328091,48
4416620,2
4416696,2
4391305,2
4408144,2
4375866,2
4398237,2
4370205,2
4397324,2
4402933,2
4381505,2
4373307,2
4408600,2
4359225,2
4395556,2
4411563,2
4277076,2
4384551,2
4373379,2
4401386,2
4277170,2
4348294,2
4410058,2
4404510,2
4410057,2
4403337,2
4390454,2
4400596,2
4406163,2
4317588,2
4400658,2
4361250,2
4407510,2
4415885,2
4415989,2
4400664,2
4390657,2
4409147,2
4414747,2
4410499,2
4417573,2
4409166,2
4414727,2
4299954,2
4413231,2
4400759,2
4400786,2
4358822,2
4347578,2
4358855,2
4280195,2
4381324,2
4401066,2
4382982,2
4384194,2
4394357,2
4408188,2
4388457,2
4368932,2
4388747,2
4412432,2
4369252,2
4394640,2
4411498,2
4387272,2
4391865,2
4356456,2
4331174,47
4395819,2
4344353,2
4415428,2
4378012,2
4314465,2
4373378,2
4340255,2
4376579,2
4401682,2
4418408,2
4353939,2
4407305,2
4392155,2
4400592,2
4415837,2
4414671,2
4400663,2
4415890,2
4390618,2
4417506,2
4417540,2
4415891,2
4367149,2
4348738,2
4410498,2
4348814,2
4415884,2
4413197,2
4333423,2
4396367,2
4392458,2
4364315,2
4400817,2
4405025,2
4396621,2
4396719,2
4374275,2
4413623,2
4381344,2
4409433,2
4398168,2
4371731,2
4415039,2
4383251,2
4420749,2
4405628,2
4390032,2
4376079,2
4394649,2
4377960,2
4373328,2
4387337,2
4409802,2
4415429,2
4404304,2
4378935,2
4366769,2
4418728,2
4421292,2
4397850,2
4362595,2
4399051,2
4411905,2
4278535,2
4393508,2
4281832,44
4420335,2
4400818,2
4403571,2
4389598,2
4414828,2
4404945,2
4416435,2
4365976,2
4409383,2
4417820,2
4413598,2
4419278,2
4385967,2
4384273,2
4400998,2
4345037,2
4402580,2
4380062,2
4352188,2
4373163,2
4353355,2
4397053,2
4374781,2
4401081,2
4391676,2
4293148,2
4394493,2
4405630,2
4399958,2
4405822,2
4387207,2
4391844,2
4398403,2
4347944,2
4356643,2
4409803,2
4412728,2
4379033,2
4404207,2
4420150,2
4352788,2
4345476,2
4306439,2
4407494,2
4396139,2
4376437,2
4408990,2
4414655,2
4406324,2
4417505,2
4359785,2
4421561,2
4400512,2
4365182,2
4299661,2
4421560,2
4316650,2
4401794,2
4410476,2
4353122,2
4402045,2
4305383,45
4417631,2
4416313,2
4396714,2
4386768,2
4409231,2
4413507,2
4374350,2
4396908,2
4410722,2
4402395,2
4416337,2
4375652,2
4419279,2
4389837,2
4423456,2
4353308,2
4394141,2
4416573,2
4385505,2
4409574,2
4350565,2
4393941,2
4384259,2
4353329,2
4401148,2
4367375,2
4325462,2
4412443,2
4358171,2
4383204,2
4417194,2
4392714,2
4378936,2
4355673,2
4400446,2
4423940,2
4394862,2
4407267,2
4420198,2
4334379,2
4407226,2
4420199,2
4373482,2
4369708,2
4410209,2
4414672,2
4346126,2
4424191,2
4410304,2
4279962,2
4299949,2
4312564,2
4420364,2
4404849,2
4421594,2
4386718,2
4351570,2
4419007,2
4424626,2
4409260,2
4417690,2
4424591,2
4424627,2
4357451,2
4393875,2
4417767,2
4412146,2
4315253,2
4354611,2
4417768,2
4419123,2
4391176,2
4371799,2
4414968,2
4366354,2
4366353,2
4405372,2
4388819,2
4420721,2
4401023,2
4384201,2
4416862,2
4388746,2
4388458,2
4397085,2
4392861,2
4395657,2
4401166,2
4397354,2
4387273,2
4411499,2
4391779,2
4418198,2
4364912,2
4376100,2
4422860,2
4380812,2
4367968,2
4387632,2
4378099,2
4372479,49
4396212,2
4424380,2
4367024,2
4372590,49
4420270,2
4358471,2
4396251,2
4341728,2
4323224,2
4378265,2
4368259,2
4372747,49
4407663,2
4294137,2
4285810,2
4413438,2
4426052,2
4426098,2
4417709,2
4424716,2
4424717,2
4410787,2
4402038,2
4346102,2
4391040,2
4372872,2
4378564,2
4384112,2
4330906,47
4290389,2
4398313,2
4423490,2
4295954,2
4409589,2
4378818,2
4287959,2
4409644,2
4385978,2
4405866,2
4411406,2
4406861,2
4418197,2
4411562,2
4401340,2
4395823,2
4421115,2
4397633,2
4375263,2
4364165,2
4409850,2
4406158,2
4422907,2
4394835,2
4420151,2
4424141,2
4420237,2
4424140,2
4410188,2
4418729,2
4427073,2
4411809,2
4352953,2
4347294,2
4341945,2
4376696,2
4396394,2
4403608,2
4417667,2
4365789,2
4402172,2
4360193,2
4400834,2
4414829,2
4426120,2
4405008,2
4384002,2
4410882,2
4426178,2
4386928,2
4426257,2
4416695,2
4415073,2
4401167,2
4378711,2
4385977,2
4412311,2
4397171,2
4378729,2
4395633,2
4406847,2
4395598,2
4395738,2
4417311,2
4398680,2
4404328,2
4393213,2
4400511,2
4362683,2
4413055,2
4421391,2
4376941,2
4421458,2
4424190,2
4392277,2
4421588,2
4423057,2
4420242,2
4336060,2
4415987,2
4421493,2
4420377,2
4289636,2
4410375,2
4410326,2
4427358,2
4426008,2
4322186,2
4406410,2
4389553,2
4409191,2
4427357,2
4385320,2
4396473,2
4403670,2
4355929,2
4421765,2
4392455,2
4301700,2
4372730,49
4417710,2
4373969,2
4416438,2
4363256,2
4402375,2
4400833,2
4427771,2
4406612,2
4426364,2
4344011,2
4420720,2
4401052,2
4288891,2
4389883,2
4417948,2
4389865,2
4409494,2
4415221,2
4405627,2
4376106,2
4387278,2
4367513,2
4418073,2
4388953,2
4425418,2
4373144,2
4378840,2
4362014,2
4408698,2
4389148,2
4288306,2
4387338,2
4345308,2
4362127,2
4294943,2
4428568,2
4421457,2
4420224,2
4424127,2
4423058,2
4420236,2
4428665,2
4424223,2
4412977,2
4362806,2
4424162,2
4379641,2
4407511,2
4429897,2
4410150,2
4345620,2
4395107,2
4295363,2
4347581,2
4324047,2
4382540,2
4398136,2
4386866,2
4382692,2
4417698,2
4400807,2
4412210,2
4409434,2
4283506,2
4384239,2
4420748,2
4364754,2
4300205,2
4397230,2
4388952,2
4406838,2
4403970,2
4330373,47
4429506,2
4348182,2
4412647,2
4395824,2
4378013,2
4292623,2
4282864,2
4411808,2
4404605,2
4420241,2
4320695,2
4425904,2
4429758,2
4431476,2
4332016,2
4418734,2
4431550,2
4396252,2
4413439,2
4426051,2
4421631,2
4428930,2
4430365,2
4400855,2
4429014,2
4341075,2
4422173,2
4378461,2
4339374,2
4427850,2
4284973,2
4380020,2
4353421,2
4412341,2
4370024,2
4409573,2
4409524,2
4391564,2
4416863,2
4418012,2
4432038,2
4414178,2
4346993,2
4392753,2
4401232,2
4400231,2
4296587,2
4376040,2
4348211,2
4348181,2
4409782,2
4367805,2
4421009,2
4336088,2
4292278,2
4387340,2
4415645,2
4418469,2
4333255,2
4431505,2
4424228,2
4404615,2
4394836,2
4395158,2
4337507,2
4427326,2
4414823,2
4396806,2
4371410,2
4403723,2
4431750,2
4396620,2
4392377,2
4390955,2
4410760,2
4413637,2
4416327,2
4384182,2
4423345,2
4424786,2
4385596,2
4417819,2
4427726,2
4399692,2
4412289,2
4433615,2
4399867,2
4399809,2
4388488,2
4406647,2
4405663,2
4409540,2
4385932,2
4303090,2
4358073,2
4404056,2
4374537,2
4408462,2
4403974,2
4403156,2
4412506,2
4348040,2
4376118,2
4404149,2
4296817,2
4414475,2
4410187,2
4428692,2
4406173,2
4431500,2
4333256,2
4432629,2
4351178,2
4390527,2
4428723,2
4428722,2
4323280,2
4308130,2
4430157,2
4430156,2
4417574,2
4421570,2
4409016,2
4432762,2
4316753,2
4423189,2
4424492,2
4424381,2
4344816,2
4409218,2
4410581,2
4384142,2
4405040,2
4381276,2
4378455,2
4406664,2
4415013,2
4431800,2
4409335,2
4402477,2
4413508,2
4406581,2
4353522,2
4391148,2
4301633,2
4335370,2
4385597,2
4312864,2
4399999,2
4417999,2
4408463,2
4397464,2
4408779,2
4347013,2
4406910,2
4411515,2
4401339,2
4420881,2
4414219,2
4314570,2
4412648,2
4425755,2
4403336,2
4411821,2
4396044,2
4435423,2
4432568,2
4294254,2
4429874,2
4327899,2
4383799,2
4413205,2
4407526,2
4417566,2
4361534,2
4379372,2
4312430,2
4398082,2
4423339,2
4406534,2
4410692,2
4436141,2
4400808,2
4391431,2
4375777,2
4424983,2
4433442,2
4385897,2
4400999,2
4426404,2
4433687,2
4385968,2
4412407,2
4394419,2
4339578,2
4412588,2
4408734,2
4429427,2
4436925,2
4423991,2
4342879,2
4370858,2
4353759,2
4386531,2
4425833,2
4432630,2
4358685,2
4396105,2
4425972,2
4382187,2
4339006,2
4424281,2
4420308,2
4421682,2
4429873,2
4432684,2
4397862,2
4434300,2
4413146,2
4372584,49
4431637,2
4337268,2
4413276,2
4411996,2
4395126,2
4404815,2
4391063,2
4436005,2
4424787,2
4436142,2
4437467,2
4426202,2
4406483,2
4360517,2
4343835,2
4399543,2
4406665,2
4430648,2
4434676,2
4433503,2
4416698,2
4391618,2
4423510,2
4378612,2
4328271,48
4406846,2
4386199,2
4412573,2
4339555,2
4405886,2
4384605,2
4408898,2
4321945,2
4425733,2
4395800,2
4408897,2
4422908,2
4406016,2
4361230,2
4431475,2
4428585,2
4394863,2
4431460,2
4435424,2
4334410,2
4432702,2
4338948,2
4427144,2
4429977,2
4334623,2
4421589,2
4435559,2
4302766,2
4381002,2
4438384,2
4406273,2
4414788,2
4428851,2
4396346,2
4427200,2
4388165,2
4430145,2
4304080,2
4422024,2
4410550,2
4421802,2
4413364,2
4295479,2
4302734,2
4350548,2
4406591,2
4422023,2
4405301,2
4416382,2
4433441,2
4402449,2
4412288,2
4431982,2
4434852,2
4416780,2
4333920,2
4302916,2
4417939,2
4419895,2
4415293,2
4389973,2
4414122,2
4419974,2
4414477,2
4417300,2
4415465,2
4436952,2
4370949,2
4415684,2
4429721,2
4424126,2
4425843,2
4407386,2
4425834,2
4424163,2
4404327,2
4431551,2
4404592,2
4435501,2
4424222,2
4420309,2
4432605,2
4392249,2
4438339,2
4438352,2
4342837,2
4383798,2
4314928,2
4425998,2
4399041,2
4411856,2
4362625,2
4414730,2
4412023,2
4427199,2
4423236,2
4362948,2
4414762,2
4428896,2
4416263,2
4440116,2
4440117,2
4291424,2
4419008,2
4430377,2
4427683,2
4364151,2
4413665,2
4308678,2
4439045,2
4333636,2
4439046,2
4408143,2
4308620,2
4416694,2
4297559,2
4370145,2
4333919,2
4326925,2
4397229,2
4423597,2
4355235,2
4346859,2
4387160,2
4417123,2
4436862,2
4408601,2
4429428,2
4379081,2
4395727,2
4380878,2
4440821,2
4426702,2
4428521,2
4439742,2
4408919,2
4389323,2
4436976,2
4403360,2
4438178,2
4383669,2
4438315,2
4429884,2
4420334,2
4381962,2
4305427,45
4427143,2
4439956,2
4414754,2
4410477,2
4424493,2
4431661,2
4441373,2
4433095,2
4427508,2
4420393,2
4422002,2
4413571,2
4406513,2
4420668,2
4414962,2
4384166,2
4389850,2
4347733,2
4434700,2
4377354,2
4434803,2
4439192,2
4412342,2
4398238,2
4423524,2
4419503,2
4430813,2
4408524,2
4394543,2
4420975,2
4305971,45
4363803,2
4395737,2
4400518,2
4311805,2
4431411,2
4415635,2
4364150,2
4364072,2
4422909,2
4370736,2
4404303,2
4428664,2
4320260,2
4397728,2
4394842,2
4348510,2
4431480,2
4367880,2
4440865,2
4431479,2
4413277,2
4417425,2
4417539,2
4383743,2
4404704,2
4410149,2
4426048,2
4396326,2
4411928,2
4430016,2
4427242,2
4416180,2
4430095,2
4442904,2
4413305,2
4370023,2
4385499,2
4406402,2
4434576,2
4417691,2
4422001,2
4372905,2
4406592,2
4402413,2
4430701,2
4399838,2
4305778,45
4443197,2
4397269,2
4304570,2
4409498,2
4402898,2
4383289,2
4400078,2
4437655,2
4434829,2
4404033,2
4405497,2
4401237,2
4395599,2
4436825,2
4428187,2
4364697,2
4394752,2
4345258,2
4305970,45
4330230,47
4418214,2
4299600,2
4394890,2
4421106,2
4420076,2
4406017,2
4441085,2
4437122,2
4303634,2
4438314,2
4439905,2
4441161,2
4400760,2
4431586,2
4420355,2
4401950,2
4424295,2
4431587,2
4319400,2
4311028,2
4329292,46
4375428,2
4382519,2
4421898,2
4379879,2
4403607,2
4395125,2
4433094,2
4388017,2
4420574,2
4426119,2
4419109,2
4434611,2
4416434,2
4332456,2
4434612,2
4443169,2
4329877,47
4436275,2
4419527,2
4443198,2
4425097,2
4434830,2
4444930,2
4430925,2
4405933,2
4432115,2
4445072,2
4428485,2
4426562,2
4422764,2
4411554,2
4406933,2
4336889,2
4425687,2
4409968,2
4362369,2
4415565,2
4320360,2
4373498,2
4393214,2
4406137,2
4445488,2
4438222,2
4403372,2
4420271,2
4341716,2
4442724,2
4434396,2
4400733,2
4445602,2
4427134,2
4423188,2
4371138,2
4400732,2
4421803,2
4428891,2
4428892,2
4430378,2
4405050,2
4444373,2
4409207,2
4405164,2
4337917,2
4426097,2
4434588,2
4441716,2
4438853,2
4410643,2
4356124,2
4444663,2
4405366,2
4427727,2
4405300,2
4430859,2
4397148,2
4443184,2
4425168,2
4412185,2
4433688,2
4423553,2
4415294,2
4433848,2
4414123,2
4445071,2
4439429,2
4414371,2
4420948,2
4431128,2
4398455,2
4363871,2
4415464,2
4439741,2
4441042,2
4395933,2
4432594,2
4441086,2
4442642,2
4424310,2
4300823,2
4429885,2
4441162,2
4438383,2
4445619,2
4439938,2
4443956,2
4378343,2
4435542,2
4447064,2
4374276,2
4409206,2
4445715,2
4427507,2
4416179,2
4416312,2
4399170,2
4414849,2
4408094,2
4434589,2
4440209,2
4405043,2
4441807,2
4316932,2
4425072,2
4434680,2
4400947,2
4402897,2
4440325,2
4436412,2
4419975,2
4425181,2
4394542,2
4415309,2
4415308,2
4400270,2
4390081,2
4400311,2
4435012,2
4417047,2
4373282,2
4383713,2
4420056,2
4394832,2
4428600,2
4316445,2
4431465,2
4440914,2
4412911,2
4383742,2
4410122,2
4378266,2
4400591,2
4403458,2
4437123,2
4407387,2
4392154,2
4386686,2
4418527,2
4441351,2
4417570,2
4441394,2
4428912,2
4332043,2
4375594,2
4428852,2
4447130,2
4419207,2
4421897,2
4435736,2
4412048,2
4444444,2
4442988,2
4426072,2
4427851,2
4436210,2
4424844,2
4400856,2
4445830,2
4424976,2
4421890,2
4415038,2
4336404,2
4416697,2
4409425,2
4385555,2
4440316,2
4406648,2
4439243,2
4429188,2
4395483,2
4395456,2
4418101,2
4428226,2
4432114,2
4408511,2
4405895,2
4426542,2
4436769,2
4420057,2
4409781,2
4434123,2
4428569,2
4443686,2
4379047,2
4435369,2
4342967,2
4308026,2
4414763,2
4445641,2
4445706,2
4403529,2
4440156,2
4444369,2
4441390,2
4390992,2
4438803,2
4357057,2
4412150,2
4368401,2
4397084,2
4430733,2
4412184,2
4439023,2
4426289,2
4447743,2
4425401,2
4433857,2
4433864,2
4446226,2
4434895,2
4440513,2
4426520,2
4335877,2
4418407,2
4412905,2
4392115,2
4434217,2
4398913,2
4424094,2
4441001,2
4337122,2
4445487,2
4434218,2
4404252,2
4415690,2
4442698,2
4428806,2
4442713,2
4448367,2
4446830,2
4445642,2
4449600,2
4413463,2
4435724,2
4386806,2
4419124,2
4404987,2
4419110,2
4444244,2
4435932,2
4436026,2
4388515,2
4440254,2
4450195,2
4439130,2
4423552,2
4450313,2
4419502,2
4394492,2
4355291,2
4434799,2
4423541,2
4408699,2
4426543,2
4431193,2
4429378,2
4411514,2
4423711,2
4345259,2
4358223,2
4348273,2
4389251,2
4414478,2
4397729,2
4439721,2
4387721,2
4435278,2
4443674,2
4432606,2
4426882,2
4445570,2
4431464,2
4443815,2
4446748,2
4437214,2
4448366,2
4421607,2
4309300,2
4393393,2
4429976,2
4323387,2
4432567,2
4382140,2
4432701,2
4445784,2
4342078,2
4357139,2
4389620,2
4424600,2
4416326,2
4427682,2
4414969,2
4423457,2
4448647,2
4439038,2
4392516,2
4428897,2
4438792,2
4399800,2
4420660,2
4444664,2
4447436,2
4423418,2
4377355,2
4430814,2
4451667,2
4434837,2
4439293,2
4317154,2
4434927,2
4344935,2
4420852,2
4434961,2
4387154,2
4406839,2
4440603,2
4397675,2
4439722,2
4320113,2
4428522,2
4439713,2
4414519,2
4440822,2
4426839,2
4453887,2
4446487,2
4398629,2
4381961,2
4414654,2
4452377,2
4430164,2
4441286,2
4425997,2
4428929,2
4402046,2
4421852,2
4427253,2
4427541,2
4412049,2
4451420,2
4440267,2
4447266,2
4427560,2
4416336,2
4417870,2
4406514,2
4392543,2
4439129,2
4391565,2
4380130,2
4426306,2
4445952,2
4349408,2
4436547,2
4332658,2
4321666,2
4437660,2
4433751,2
4445098,2
4383387,2
4379030,2
4418390,2
4409023,2
4420193,2
4411866,2
4314569,2
4417364,2
4365198,2
4455074,2
4452095,2
4441106,2
4424143,2
4429896,2
4435450,2
4413133,2
4392179,2
4401717,2
4446669,2
4338766,2
4425952,2
4320455,2
4442869,2
4427325,2
4368125,2
4428804,2
4441287,2
4314999,2
4449771,2
4409100,2
4435933,2
4426179,2
4322408,2
4438924,2
4442987,2
4454297,2
4346201,2
4448762,2
4443130,2
4447435,2
4441720,2
4431869,2
4447742,2
4448794,2
4437582,2
4416855,2
4429180,2
4437492,2
4340631,2
4389838,2
4454480,2
4425028,2
4433752,2
4446232,2
4445174,2
4425478,2
4395799,2
4359613,2
4443585,2
4423941,2
4439738,2
4453874,2
4443589,2
4380933,2
4322002,2
4443814,2
4403317,2
4440964,2
4455126,2
4425953,2
4438217,2
4427241,2
4442781,2
4453988,2
4441105,2
4442725,2
4439973,2
4414716,2
4430144,2
4445601,2
4448443,2
4445745,2
4445720,2
4430165,2
4451297,2
4452746,2
4426107,2
4430366,2
4410597,2
4442900,2
4457069,2
4454296,2
4412149,2
4410883,2
4399373,2
4454321,2
4450314,2
4451547,2
4429036,2
4440292,2
4436209,2
4447515,2
4408454,2
4388487,2
4428040,2
4453288,2
4405367,2
4389884,2
4430799,2
4423540,2
4454532,2
4428017,2
4440503,2
4451666,2
4440502,2
4454531,2
4423724,2
4428225,2
4443398,2
4376012,2
4434926,2
4440573,2
4360931,2
4442610,2
4429666,2
4387631,2
4383873,2
4431461,2
4386586,2
4408957,2
4422906,2
4387753,2
4389464,2
4443838,2
4427167,2
4441002,2
4423076,2
4441274,2
4418526,2
4453960,2
4449550,2
4404616,2
4435573,2
4455125,2
4441130,2
4430139,2
4418869,2
4389465,2
4313878,2
4441372,2
4452747,2
4435769,2
4443017,2
4428809,2
4458297,2
4451432,2
4447316,2
4429013,2
4430288,2
4454352,2
4419685,2
4425075,2
4324318,2
4453293,2
4453251,2
4423477,2
4447632,2
4391955,2
4415240,2
4405779,2
4357916,2
4319883,2
4374984,2
4453626,2
4425491,2
4408525,2
4406860,2
4459203,2
4383349,2
4383668,2
4382113,2
4319259,2
4400534,2
4439863,2
4375581,2
4457808,2
4457937,2
4448459,2
4459639,2
4327858,2
4457964,2
4442780,2
4449660,2
4389605,2
4433146,2
4416138,2
4458327,2
4448646,2
4413417,2
4421856,2
4403818,2
4326988,2
4445828,2
4457041,2
4406567,2
4402173,2
4416383,2
4423394,2
4409289,2
4454281,2
4459961,2
4458601,2
4450227,2
4410815,2
4458795,2
4420659,2
4458869,2
4415103,2
4426307,2
4420731,2
4401201,2
4441992,2
4457218,2
4454479,2
4419672,2
4408173,2
4429278,2
4447762,2
4460237,2
4447878,2
4353540,2
4393034,2
4434105,2
4401544,2
4457596,2
4434106,2
4323057,2
4440710,2
4421212,2
4448273,2
4459491,2
4448329,2
4456737,2
4407008,2
4452085,2
4434322,2
4455129,2
4452376,2
4449507,2
4369906,2
4423184,2
4443955,2
4456760,2
4440097,2
4440131,2
4437170,2
4449770,2
4357177,2
4365744,2
4426049,2
4452659,2
4367023,2
4428991,2
4382520,2
4458259,2
4413386,2
4428902,2
4440028,2
4450072,2
4441405,2
4445742,2
4461299,2
4457068,2
4458510,2
4444443,2
4423424,2
4436054,2
4437361,2
4374462,2
4448730,2
4441843,2
4374645,2
4447425,2
4448694,2
4457219,2
4333797,2
4391589,2
4420755,2
4447811,2
4448932,2
4425419,2
4425490,2
4392754,2
4447882,2
4430981,2
4447881,2
4415347,2
4435013,2
4436824,2
4453634,2
4449001,2
4425479,2
4439684,2
4361281,2
4406059,2
4436926,2
4446414,2
4440663,2
4446352,2
4460518,2
4445414,2
4462344,2
4442692,2
4392178,2
4446532,2
4448299,2
4452096,2
4454893,2
4394889,2
4452251,2
4462391,2
4375246,2
4437057,2
4451187,2
4458120,2
4401943,2
4405044,2
4426073,2
4444245,2
4435400,2
4417742,2
4435737,2
4382497,2
4434453,2
4365722,2
4434452,2
4443060,2
4454246,2
4456992,2
4450137,2
4455696,2
4426287,2
4454315,2
4440293,2
4450339,2
4458617,2
4458689,2
4408189,2
4434626,2
4425071,2
4458816,2
4461653,2
4462912,2
4447650,2
4444527,2
4425076,2
4448917,2
4459202,2
4449020,2
4398458,2
4414518,2
4443617,2
4462345,2
4320243,2
4457809,2
4344471,2
4403318,2
4429742,2
4438338,2
4445620,2
4456875,2
4328891,46
4449599,2
4396140,2
4445736,2
4462587,2
4365745,2
4430138,2
4452693,2
4448641,2
4458511,2
4439021,2
4448693,2
4459962,2
4437703,2
4457160,2
4460094,2
4451548,2
4430734,2
4430924,2
4425131,2
4417002,2
4453252,2
4428150,2
4434795,2
4428137,2
4426350,2
4426438,2
4414370,2
4439428,2
4450713,2
4456425,2
4429373,2
4389147,2
4426634,2
4446279,2
4418506,2
4456731,2
4382323,2
4322864,2
4459607,2
4443963,2
4463774,2
4362688,2
4334785,2
4410334,2
4461160,2
4449933,2
4397972,2
4447014,2
4427324,2
4427565,2
4449932,2
4447152,2
4445716,2
4431701,2
4389619,2
4378452,2
4441531,2
4431841,2
4440208,2
4348696,2
4384181,2
4364483,2
4450208,2
4430320,2
4405498,2
4445052,2
4433847,2
4454612,2
4422765,2
4439726,2
4442525,2
4432400,2
4463342,2
4445412,2
4434211,2
4452086,2
4437962,2
4446353,2
4460502,2
4451072,2
4446531,2
4432358,2
4452130,2
4463534,2
4453886,2
4387726,2
4331604,2
4465262,2
4442712,2
4376628,2
4465364,2
4458245,2
4459804,40
4462523,2
4434397,2
4459755,40
4463878,2
4438579,2
4440088,2
4368784,2
4447225,2
4466844,2
4384050,2
4454268,2
4461428,2
4462843,2
4434526,2
4391309,2
4426288,2
4417920,2
4447633,2
4445974,2
4372051,49
4461694,2
4446110,2
4411493,2
4408662,2
4380553,2
4434859,2
4463073,2
4422617,2
4457434,2
4425321,2
4449031,2
4339535,2
4372387,49
4331364,47
4459489,2
4429505,2
4431304,2
4451073,2
4408863,2
4395820,2
4338780,2
4465170,2
4425754,2
4446446,2
4425844,2
4454004,2
4423185,2
4462448,2
4441199,2
4457884,2
4423077,2
4413304,2
4420268,2
4451258,2
4417632,2
4442933,2
4395166,2
4455449,2
4451343,2
4427084,2
4418870,2
4449760,2
4449982,2
4465507,2
4432981,2
4441275,2
4448521,2
4457040,2
4420629,2
4430394,2
4464074,2
4449976,2
4441808,2
4441704,2
4422283,2
4450073,2
4415072,2
4426290,2
4444845,2
4465652,2
4462981,2
4464497,2
4437553,2
4444834,2
4461697,2
4446085,2
4446145,2
4426545,2
4459194,2
4429289,2
4431094,2
4434083,2
4446270,2
4434085,2
4434084,2
4421010,2
4452129,2
4400495,2
4323101,2
4456634,2
4456638,2
4465221,2
4457834,2
4459492,2
4421125,2
4425851,2
4448328,2
4370948,2
4395087,2
4465261,2
4411887,2
4417571,2
4455336,2
4395165,2
4469503,2
4466699,2
4458260,2
4466841,2
4458302,2
4440255,2
4468341,2
4450083,2
4462834,2
4466998,2
4413624,2
4413664,2
4415066,2
4454320,2
4430601,2
4444917,2
4462842,2
4405049,2
4465651,2
4465687,2
4434649,2
4453287,2
4426344,2
4468569,2
4426403,2
4468572,2
4408663,2
4426592,2
4451795,2
4448994,2
4405953,2
4468882,2
4348219,2
4456615,2
4463411,2
4468993,2
4438131,2
4407022,2
4443620,2
4337200,2
4458004,2
4459608,2
4442699,2
4469324,2
4462524,2
4443859,2
4435829,2
4440037,2
4469517,2
4462590,2
4463859,2
4440013,2
4463773,2
4468160,2
4459770,40
4468159,2
4470957,2
4449761,2
4428913,2
4444184,2
4454267,2
4464264,2
4451389,2
4454197,2
4466845,2
4456991,2
4469871,2
4417871,2
4451513,2
4462782,2
4464349,2
4388018,2
4415153,2
4441844,2
4423460,2
4434577,2
4417919,2
4398460,2
4458815,2
4454353,2
4436411,2
4417949,2
4468571,2
4468630,2
4432131,2
4328409,48
4412587,2
4456348,2
4363826,2
4448995,2
4436635,2
4439714,2
4398608,2
4434147,2
4468846,2
4454711,2
4446486,2
4439687,2
4431499,2
4462334,2
4456732,2
4413054,2
4330871,47
4455335,2
4439955,2
4435560,2
4462515,2
4410333,2
4456787,2
4469422,2
4413230,2
4460818,2
4445569,2
4469608,2
4463963,2
4462586,2
4461159,2
4442847,2
4437332,2
4370046,2
4413604,2
4450082,2
4455877,2
4436053,2
4471256,2
4440266,2
4448683,2
4462840,2
4462839,2
4384216,2
4458742,2
4444842,2
4446068,2
4439447,2
4468570,2
4401107,2
4473003,2
4330093,47
4459059,2
4380718,2
4447997,2
4463072,2
4443397,2
4426561,2
4437702,2
4453644,2
4434148,2
4428502,2
4334421,2
4440963,2
4334254,2
4389322,2
4467899,2
4468942,2
4463418,2
4429630,2
4431303,2
4469146,2
4471884,2
4470835,2
4412976,2
4451188,2
4418749,2
4424282,2
4413365,2
4458003,2
4473709,2
4451298,2
4359955,2
4393398,2
4459771,40
4468194,2
4463877,2
4462589,2
4418980,2
4410495,2
4459805,40
4463962,2
4388166,2
4449981,2
4430393,2
4441705,2
4472713,2
4468361,2
4464386,2
4450194,2
4458688,2
4472823,2
4472874,2
4450272,2
4462900,2
4471257,2
4458752,2
4432095,2
4458870,2
4342274,2
4363112,2
4460093,2
4439191,2
4439446,2
4432039,2
4473002,2
4417070,2
4341094,2
4426430,2
4471390,2
4440429,2
4386182,2
4436548,2
4446201,2
4451748,2
4378913,2
4426521,2
4468675,2
4403081,2
4463089,2
4413963,2
4437754,2
4450890,2
4394687,2
4389230,2
4471624,2
4446278,2
4459480,2
4443590,2
4456637,2
4448274,2
4435438,2
4453815,2
4435370,2
4403405,2
4455073,2
4463524,2
4452252,2
4453989,2
4459640,2
4435803,2
4459754,40
4473750,2
4401944,2
4473843,2
4462545,2
4372752,49
4473828,2
4452737,2
4473819,2
4386854,2
4448520,2
4438974,2
4458335,2
4472483,2
4454245,2
4466795,2
4426139,2
4329840,47
4468342,2
4455754,2
4468373,2
4412312,2
4474137,2
4464409,2
4443118,2
4458999,2
4471323,2
4462955,2
4448931,2
4419665,2
4459058,2
4405664,2
4460231,2
4419524,2
4473225,2
4463117,2
4448023,2
4439596,2
4473240,2
4457480,2
4390077,2
4417195,2
4405896,2
4424142,2
4469072,2
4470768,2
4456768,2
4469147,2
4474736,2
4470793,2
4428584,2
4459623,2
4456736,2
4456742,2
4415636,2
4463653,2
4435725,2
4474871,2
4410325,2
4456856,2
4417567,2
4472124,2
4435608,2
4445719,2
4468157,2
4475036,2
4440027,2
4448513,2
4444410,2
4465588,2
4441806,2
4475469,2
4462736,2
4475308,2
4447131,2
4466948,2
4458751,2
4464410,2
4428188,2
4474085,2
4471253,2
4476892,2
4454409,2
4446084,2
4465693,2
4440428,2
4434699,2
4456045,2
4450273,2
4420639,2
4429221,2
4474210,2
4446164,2
4364800,2
4450563,2
4461955,2
4474315,2
4451785,2
4468629,2
4352595,2
4389049,2
4408455,2
4432094,2
4450712,2
4449032,2
4463142,2
4463172,2
4418112,2
4454857,2
4477411,2
4467936,2
4468994,2
4358572,2
4393019,2
4454988,2
4421211,2
4469302,2
4476477,2
4453959,2
4435437,2
4453944,2
4473708,2
4438302,2
4439965,2
4469323,2
4459642,2
4454003,2
4452456,2
4477793,2
4472125,2
4442766,2
4437209,2
4413204,2
4449661,2
4472259,2
4461252,2
4455448,2
4413462,2
4472426,2
4471129,2
4472466,2
4441520,2
4462692,2
4443187,2
4464291,2
4475366,2
4450277,2
4473989,2
4416779,2
4471252,2
4472875,2
4422352,2
4471324,2
4419528,2
4451782,2
4462907,2
4465797,2
4440403,2
4454598,2
4342275,2
4470446,2
4468676,2
4476088,2
4471478,2
4476165,2
4431127,2
4434894,2
4470551,2
4406909,2
4404148,2
4470690,2
4459479,2
4479227,2
4462299,2
4406086,2
4479205,2
4459624,2
4463410,2
4462392,2
4344424,2
4457904,2
4472056,2
4472065,2
4459648,2
4445705,2
4397869,2
4477664,2
4476614,2
4462514,2
4453998,2
4473730,2
4458328,2
4476795,2
4473915,2
4464058,2
4447134,2
4475488,2
4475309,2
4459924,2
4450071,2
4408510,2
4472719,2
4435990,2
4465579,2
4430530,2
4420640,2
4474038,2
4464350,2
4427770,2
4462835,2
4436176,2
4476963,2
4461634,2
4460092,2
4474047,2
4434802,2
4465726,2
4476975,2
4447489,2
4471360,2
4475827,2
4424961,2
4346994,2
4406729,2
4434833,2
4434868,2
4479836,2
4478895,2
4478948,2
4474271,2
4375964,2
4395654,2
4418111,2
4465913,2
4389046,2
4418389,2
4370757,2
4468845,2
4439725,2
4398609,2
4449189,2
4443709,2
4443675,2
4462335,2
4477463,2
4465217,2
4442612,2
4358477,2
4462305,2
4455130,2
4479367,2
4472186,2
4477807,2
4445694,2
4444185,2
4435768,2
4424601,2
4434567,2
4459823,40
4444370,2
4444306,2
4409539,2
4349495,2
4479671,2
4475427,2
4362689,2
4472822,2
4481203,2
4468362,2
4478512,2
4476992,2
4456021,2
4339397,2
4477087,2
4475896,2
4475963,2
4474335,2
4479970,2
4459195,2
4405986,2
4467846,2
4425686,2
4467845,2
4471856,2
4456788,2
4340093,2
4400486,2
4415564,2
4459545,2
4456855,2
4482105,2
4480420,2
4476473,2
4452255,2
4348737,2
4424534,2
4440948,2
4444088,2
4443860,2
4473717,2
4458105,2
4445637,2
4469607,2
4476675,2
4461184,2
4451433,2
4476754,2
4447015,2
4448572,2
4452884,2
4465457,2
4434563,2
4471213,2
4471228,2
4444652,2
4430800,2
4451563,2
4471214,2
4478511,2
4468514,2
4481346,2
4426431,2
4481351,2
4475826,2
4479835,2
4436668,2
4461954,2
4459174,2
4430980,2
4341215,2
4476134,2
4481782,2
4426593,2
4477183,2
4465882,2
4380687,2
4450847,2
4449007,2
4481921,2
4463141,2
4381722,2
4432257,2
4470689,2
4462254,2
4463249,2
4482042,2
4479191,2
4460680,2
4467913,2
4425732,2
4408864,2
4468836,2
4439862,2
4449508,2
4454894,2
4483204,2
4457835,2
4460693,2
4470792,2
4451158,2
4480609,2
4466673,2
4474944,2
4476644,2
4437171,2
4365588,2
4470958,2
4427275,2
4476674,2
4478214,2
4482398,2
4379968,2
4426258,2
4413698,2
4437481,2
4436155,2
4436304,2
4454329,2
4394110,2
4456048,2
4481432,2
4471222,2
4476993,2
4364790,2
4464714,2
4431301,2
4451749,2
4413928,2
4454671,2
4450721,2
4481783,2
4474392,2
4420903,2
4463173,2
4442569,2
4467912,2
4415689,2
4460393,2
4410013,2
4467898,2
4439789,2
4348482,2
4429665,2
4467911,2
4477689,2
4470769,2
4476543,2
4460679,2
4469123,2
4456754,2
4477828,2
4444057,2
4404606,2
4390966,2
4476643,2
4466627,2
4424362,2
4475112,2
4473907,2
4449720,2
4449800,2
4479531,2
4415960,2
4462629,2
4469672,2
4371411,2
4465470,2
4430243,2
4340591,2
4392515,2
4439292,2
4474046,2
4481312,2
4429160,2
4465686,2
4484186,2
4460003,2
4481345,2
4461688,2
4343123,2
4364509,2
4442307,2
4473000,2
4406802,2
4417998,2
4437563,2
4482714,2
4484346,2
4447877,2
4477142,2
4426414,2
4433643,2
4459208,2
4420994,2
4468561,2
4467681,2
4477236,2
4454672,2
4404055,2
4462202,2
4474518,2
4440915,2
4484843,2
4453804,2
4469014,2
4484842,2
4456753,2
4457731,2
4446502,2
4435449,2
4484953,2
4479226,2
4473650,2
4435691,2
4480552,2
4455391,2
4485059,2
4470949,2
4434566,2
4465508,2
4414741,2
4447232,2
4448564,2
4476755,2
4350443,2
4349482,2
4461685,2
4474084,2
4470033,2
4454428,2
4481431,2
4461693,2
4453620,2
4468634,2
4477086,2
4451784,2
4456182,2
4459175,2
4474270,2
4476166,2
4457286,2
4476142,2
4451900,2
4442432,2
4391954,2
4390042,2
4390041,2
4453749,2
4439686,2
4484783,2
4465046,2
4476302,2
4481986,2
4476384,2
4476385,2
4387751,2
4420394,2
4457982,2
4462422,2
4432574,2
4462423,2
4434321,2
4459544,2
4470856,2
4407662,2
4483475,2
4347423,2
4478038,2
4452585,2
4456974,2
4454198,2
4479628,2
4466712,2
4434562,2
4464283,2
4415990,2
4453067,2
4481026,2
4472553,2
4471190,2
4434583,2
4428992,2
4462730,2
4479670,2
4424790,2
4478293,2
4462737,2
4475658,2
4482576,2
4475785,2
4427902,2
4402424,2
4354612,2
4478547,2
4461581,2
4384200,2
4450414,2
4482536,2
4444902,2
4360813,2
4484347,2
4460091,2
4449078,2
4374937,2
4476131,2
4484596,2
4487380,2
4468697,2
4457597,2
4462244,2
4462255,2
4484860,2
4420194,2
4477736,2
4480562,2
4456862,2
4463700,2
4430028,2
4441269,2
4472055,2
4473761,2
4348813,2
4474966,2
4486392,2
4463991,2
4462658,2
4472515,2
4414740,2
4465471,2
4481008,2
4451555,2
4474037,2
4467074,2
4468513,2
4465700,2
4481076,2
4475691,2
4482535,2
4475692,2
4487041,2
4448721,2
4465694,2
4394111,2
4458785,2
4458903,2
4482644,2
4479860,2
4482718,2
4457263,2
4441893,2
4456333,2
4485630,2
4459320,2
4473381,2
4479115,2
4479982,2
4484736,2
4479116,2
4448103,2
4443586,2
4443475,2
4421105,2
4483036,2
4406085,2
4413060,2
4459484,2
4482033,2
4454987,2
4486105,2
4477605,2
4441129,2
4488935,2
4452457,2
4463636,2
4471855,2
4486146,2
4472156,2
4483398,2
4469504,2
4457065,2
4462576,2
4448514,2
4442868,2
4479520,2
4473780,2
4464073,2
4440132,2
4450013,2
4448722,2
4481009,2
4457175,2
4464385,2
4487034,2
4475889,2
4486995,2
4409499,2
4456047,2
4488279,2
4459034,2
4444942,2
4431022,2
4446144,2
4445298,2
4461899,2
4387335,2
4478830,2
4440604,2
4460296,2
4431302,2
4439685,2
4387334,2
4417214,2
4454712,2
4465080,2
4483037,2
4459454,2
4488725,2
4457730,2
4481963,2
4453805,2
4482032,2
4456667,2
4356742,2
4465212,2
4488848,2
4399144,2
4463865,2
4438530,2
4483643,2
4466498,2
4489250,2
4475190,2
4487919,2
4348823,2
4480892,2
4472244,2
4490840,50
4472465,2
4482386,2
4410759,2
4452692,2
4455631,2
4469718,2
4464241,2
4475575,2
4472750,2
4423534,2
4443119,2
4475769,2
4445051,2
4491018,50
4475770,2
4460251,2
4468633,2
4467057,2
4463043,2
4450846,2
4437766,2
4476130,2
4459233,2
4389050,2
4454821,2
4487584,2
4484784,2
4476371,2
4473524,2
4473494,2
4487714,2
4476362,2
4493303,2
4448284,2
4436975,2
4485934,2
4470857,2
4469071,2
4480322,2
4473703,2
4453905,2
4480421,2
4459621,2
4455253,2
4417449,2
4424311,2
4449412,2
4484997,2
4460865,2
4410121,2
4480616,2
4445638,2
4453976,2
4418750,2
4359958,2
4435802,2
4448563,2
4492145,2
4466962,2
4476800,2
4483871,2
4479627,2
4489501,50
4464284,2
4455753,2
4491022,50
4472687,2
4469902,2
4475589,2
4370171,2
4487033,2
4465750,2
4487042,2
4475897,2
4488189,2
4489870,50
4486996,2
4479833,2
4476089,2
4488280,2
4473001,2
4458948,2
4448838,2
4356455,2
4482785,2
4369263,2
4492962,2
4403030,2
4434903,2
4428336,2
4421126,2
4474416,2
4480165,2
4398828,2
4459501,2
4484907,2
4425825,2
4483156,2
4460503,2
4485933,2
4470861,2
4462382,2
4472004,2
4486147,2
4456861,2
4476416,2
4465267,2
4482208,2
4483539,2
4462628,2
4468273,2
4449801,2
4454186,2
4475191,2
4444487,2
4402097,2
4420637,2
4492209,2
4410814,2
4493686,2
4472598,2
4466928,2
4475590,2
4469717,2
4476874,2
4491017,50
4492589,2
4475576,2
4448780,2
4492567,2
4472745,2
4436510,2
4468479,2
4460170,2
4493859,2
4457318,2
4481293,2
4482717,2
4462755,2
4475964,2
4488401,2
4412486,2
4493121,2
4491245,2
4453739,2
4454822,2
4428503,2
4463194,2
4439843,2
4485761,2
4467990,2
4493345,2
4483272,2
4491751,2
4477616,2
4463428,2
4449594,2
4496195,51
4488936,2
4441023,2
4494449,2
4474870,2
4494594,2
4477617,2
4441268,2
4473704,2
4449714,2
4461105,2
4459768,40
4487905,2
4451342,2
4494799,2
4459806,40
4382661,2
4494960,2
4473853,2
4388350,2
4420511,2
4407559,2
4488000,2
4437378,2
4469805,2
4472425,2
4489377,2
4449721,2
4496514,51
4437383,2
4483858,2
4441880,2
4475740,2
4482577,2
4426463,2
4496609,2
4457285,2
4475487,2
4444841,2
4495473,2
4437753,2
4474128,2
4409603,2
4475739,2
4367512,2
4459101,2
4431008,2
4490041,50
4490163,50
4355236,2
4423741,2
4484619,2
4395532,2
4370513,2
4395982,2
4468870,2
4494349,2
4476518,2
4483009,2
4494359,2
4390440,2
4474480,2
4453821,2
4484895,2
4493226,2
4421116,2
4497306,2
4497241,2
4479292,2
4479263,2
4462447,2
4462381,2
4453904,2
4476469,2
4480538,2
4443964,2
4454052,2
4486401,2
4489141,2
4482304,2
4465456,2
4489076,2
4473842,2
4482339,2
4492042,2
4431778,2
4466969,2
4411886,2
4495123,2
4493685,2
4441719,2
4461546,2
4485213,2
4447135,2
4468302,2
4493732,2
4476952,2
4459925,2
4458741,2
4478413,2
4478608,2
4478607,2
4496632,2
4356198,2
4495480,2
4493857,2
4451554,2
4477007,2
4434858,2
4495460,2
4482786,2
4475864,2
4487200,2
4437654,2
4496837,2
4485629,2
4467680,2
4475918,2
4484636,2
4491291,2
4465883,2
4404147,2
4465213,2
4496141,51
4498908,2
4474590,2
4438216,2
4491752,2
4483380,2
4468047,2
4489075,2
4497449,2
4469457,2
4472313,2
4468128,2
4473829,2
4493470,2
4497714,2
4490815,50
4462731,2
4468480,2
4447267,2
4448684,2
4490975,50
4482484,2
4495491,2
4464493,2
4492689,2
4412408,2
4456046,2
4495474,2
4443183,2
4442058,2
4496779,2
4361759,2
4461898,2
4487404,2
4492779,2
4425226,2
4456389,2
4453633,2
4464700,2
4391843,2
4498794,2
4484707,2
4460218,2
4495913,51
4491290,2
4442526,2
4432256,2
4473495,2
4482887,2
4467862,2
4474517,2
4481985,2
4484859,2
4480241,2
4487710,2
4498932,2
4497253,2
4497205,2
4497307,2
4479325,2
4497344,2
4498990,2
4497600,2
4490679,50
4431622,2
4486304,2
4472187,2
4496299,51
4446771,2
4497507,2
4494697,2
4483761,2
4497655,2
4452742,2
4492013,2
4483807,2
4481039,2
4478412,2
4462717,2
4479498,2
4484014,2
4499358,2
4490959,50
4471233,2
4458574,2
4444846,2
4495479,2
4495232,2
4423508,2
4489561,50
4458708,2
4439022,2
4498257,2
4495542,2
4501168,2
4471229,2
4411125,2
4491246,2
4451796,2
4475847,2
4460230,2
4468719,2
4468696,2
4498458,2
4477084,2
4499724,2
4477141,2
4494121,2
4476300,2
4448143,2
4449151,2
4479287,2
4493244,2
4432573,2
4456759,2
4462203,2
4494191,2
4398747,2
4484792,2
4498959,2
4432593,2
4498958,2
4490602,50
4463860,2
4472314,2
4500375,2
4501950,2
4500461,2
4479475,2
4472157,2
4489255,2
4500462,2
4454020,2
4466949,2
4449635,2
4449880,2
4486526,2
4499293,2
4469785,2
4414713,2
4485217,2
4489557,50
4426201,2
4422282,2
4486939,2
4499539,2
4500966,2
4486914,2
4448781,2
4479866,2
4498296,2
4489819,50
4460135,2
4493888,2
4481352,2
4498233,2
4487250,2
4353558,2
4499667,2
4417046,2
4456136,2
4496899,2
4464494,2
4423742,2
4478981,2
4451899,2
4463088,2
4501454,2
4488439,2
4405987,2
4448102,2
4365023,2
4491416,2
4467856,2
4474423,2
4493227,2
4442693,2
4446415,2
4439842,2
4485926,2
4468929,2
4497242,2
4501784,2
4486073,2
4501822,2
4496112,51
4441165,2
4501842,2
4479204,2
4421571,2
4359707,2
4438309,2
4402007,2
4469182,2
4489108,2
4501987,2
4503227,2
4462611,2
4461142,2
4487918,2
4367144,2
4472410,2
4497713,2
4465376,2
4493646,2
4472375,2
4377137,2
4481038,2
4482483,2
4483760,2
4499372,2
4490996,50
4486961,2
4471353,2
4501169,2
4450575,2
4478594,2
4496745,2
4487124,2
4415241,2
4498322,2
4502394,2
4447998,2
4433660,2
4457481,2
4504247,52
4428486,2
4370511,2
4494098,2
4477235,2
4442433,2
4359258,2
4423817,2
4473486,2
4474625,2
4442568,2
4471754,2
4487711,2
4498994,2
4494348,2
4494442,2
4479262,2
4491662,2
4421186,2
4491848,2
4502872,2
4477759,2
4488847,2
4480539,2
4494595,2
4458104,2
4482242,2
4489142,2
4476600,2
4452414,2
4430319,2
4418979,2
4501972,2
4387725,2
4494961,2
4461333,2
4483705,2
4490808,50
4402526,2
4437438,2
4499340,2
4503740,2
4466997,2
4471191,2
4505031,2
4468421,2
4458796,2
4488190,2
4491091,50
4496646,2
4498295,2
4485437,2
4487228,2
4502395,2
4488365,2
4454536,2
4474342,2
4470264,2
4460295,2
4490216,50
4498597,2
4501357,2
4476073,2
4471477,2
4453643,2
4449079,2
4356287,2
4468869,2
4474624,2
4505584,2
4468933,2
4498933,2
4496196,51
4501841,2
4484906,2
4483271,2
4487775,2
4483203,2
4473716,2
4484996,2
4490597,50
4497523,2
4469518,2
4469458,2
4472376,2
4493429,2
4490878,50
4503220,2
4493553,2
4490748,50
4493567,2
4506249,2
4482336,2
4504901,2
4504844,2
4504900,2
4480988,2
4504951,2
4482335,2
4496467,51
4504952,2
4499349,2
4483806,2
4434627,2
4499348,2
4500951,2
4481027,2
4502239,2
4496610,2
4491021,50
4465701,2
4498234,2
4499474,2
4461528,2
4370206,2
4489871,50
4502344,2
4487227,2
4460188,2
4494049,2
4448997,2
4496778,2
4457317,2
4496898,2
4476026,2
4465877,2
4487568,2
4442765,2
4491570,2
4486104,2
4467937,2
4437210,2
4504670,52
4483169,2
4477735,2
4484880,2
4494358,2
4473649,2
4411867,2
4483476,2
4505944,2
4485084,2
4480617,2
4494682,2
4479349,2
4440089,2
4497654,2
4505943,2
4414753,2
4496300,51
4483301,2
4473760,2
4372622,49
4452658,2
4434525,2
4506184,2
4426140,2
4504843,2
4492210,2
4485271,2
4490877,50
4480943,2
4478292,2
4448640,2
4502265,2
4506643,2
4481300,2
4485348,2
4502244,2
4402527,2
4500967,2
4489621,50
4506699,2
4499480,2
4474209,2
4506697,2
4374830,2
4496717,2
4490040,50
4451849,2
4484532,2
4477168,2
4369309,2
4487409,2
4418213,2
4468652,2
4476141,2
4423725,2
4490342,50
4477169,2
4476299,2
4415580,2
4443623,2
4504552,52
4504521,52
4483129,2
4501793,2
4469013,2
4508502,2
4507452,2
4508571,2
4482096,2
4504671,52
4474895,2
4411991,2
4410494,2
4432761,2
4507591,2
4462595,2
4507592,2
4473820,2
4504828,2
4497601,2
4507629,2
4479437,2
4465227,2
4441231,2
4507628,2
4469655,2
4506129,2
4502019,2
4459801,40
4407974,2
4401108,2
4480989,2
4488080,2
4495233,2
4431934,2
4473914,2
4460017,2
4496477,51
4502266,2
4462716,2
4500950,2
4495358,2
4505180,2
4485400,2
4503897,2
4397069,2
4503871,2
4493860,2
4462982,2
4474127,2
4493889,2
4495461,2
4503998,2
4484221,2
4506883,2
4506882,2
4487436,2
4419577,2
4509950,53
4435399,2
4504577,52
4487691,2
4493245,2
4421291,2
4496128,51
4493344,2
4482106,2
4502873,2
4363978,2
4507482,2
4465220,2
4496208,51
4477690,2
4438529,2
4482243,2
4486137,2
4376332,2
4472262,2
4374203,2
4499219,2
4494913,2
4507682,2
4480563,2
4501986,2
4442944,2
4502036,2
4507601,2
4504856,2
4510532,53
4509011,2
4495034,2
4510644,53
4493635,2
4493702,2
4472744,2
4485410,2
4492568,2
4503927,2
4503860,2
4471128,2
4461703,2
4505153,2
4498258,2
4447812,2
4442025,2
4478555,2
4485534,2
4470155,2
4457261,2
4487410,2
4507141,2
4363516,2
4485585,2
4456159,2
4510025,53
4418164,2
4487627,2
4436953,2
4424095,2
4409797,2
4508340,2
4432359,2
4494192,2
4482888,2
4491415,2
4437973,2
4504508,52
4496142,51
4483008,2
4374069,2
4452415,2
4508570,2
4401929,2
4483391,2
4410201,2
4491847,2
4510326,53
4467986,2
4475057,2
4480561,2
4492012,2
4376861,2
4508848,2
4479539,2
4466711,2
4493469,2
4441230,2
4437333,2
4509192,2
4497837,2
4487992,2
4433504,2
4506696,2
4481301,2
4454410,2
4464365,2
4377337,2
4418165,2
4510840,53
4482623,2
4503962,2
4466970,2
4502343,2
4438973,2
4481473,2
4494028,2
4498687,2
4425098,2
4450720,2
4389978,2
4508165,2
4456135,2
4493081,2
4429629,2
4468835,2
4508234,2
4480240,2
4486085,2
4497206,2
4487715,2
4502805,2
4463343,2
4511491,2
4505857,2
4490601,50
4475080,2
4508760,2
4440023,2
4511741,2
4458246,2
4431621,2
4476613,2
4466700,2
4503228,2
4502056,2
4506173,2
4497898,2
4511836,2
4461136,2
4489536,50
4489393,2
4413615,2
4437360,2
4507797,2
4509145,2
4498073,2
4457176,2
4424843,2
4444707,2
4513519,2
4441805,2
4503872,2
4510802,53
4444901,2
4509835,53
4508060,2
4484386,2
4508098,2
4507015,2
4490062,50
4513804,2
4502449,2
4478947,2
4512702,2
4507058,2
4512836,2
4485652,2
4504304,52
4513879,2
4483176,2
4501718,2
4514089,2
4510236,53
4508523,2
4512963,2
4439737,2
4510237,53
4482097,2
4452279,2
4441166,2
4505820,2
4452584,2
4507643,2
4490680,50
4509071,2
4460866,2
4511837,2
4468046,2
4506185,2
4482389,2
4452736,2
4447065,2
4490809,50
4499332,2
4507749,2
4443058,2
4496532,51
4420730,2
4489394,2
4492390,2
4486635,2
4492389,2
4426308,2
4496531,51
4461527,2
4507808,2
4512275,2
4499479,2
4489820,50
4492855,2
4513662,2
4485436,2
4478690,2
4512622,2
4417940,2
4501190,2
4498321,2
4444931,2
4508099,2
4479927,2
4507073,2
4504303,52
4493056,2
4510024,53
4481920,2
4498743,2
4491323,2
4415318,2
4460392,2
4482915,2
4443554,2
4373420,2
4484952,2
4505632,2
4513008,2
4498943,2
4485951,2
4425857,2
4500007,2
4479288,2
4514146,2
4416050,2
4506021,2
4504782,2
4461141,2
4508827,2
4510449,53
4511787,2
4479530,2
4454228,2
4479476,2
4497857,2
4485120,2
4489535,50
4502132,2
4458786,2
4482420,2
4483964,2
4440315,2
4482399,2
4513556,2
4510664,53
4461545,2
4490997,50
4512431,2
4482486,2
4384272,2
4509463,53
4500932,2
4472900,2
4510841,53
4516435,2
4513661,2
4482643,2
4479796,2
4429161,2
4510835,53
4465847,2
4450574,2
4515374,2
4448998,2
4420904,2
4501356,2
4499668,2
4498686,2
4468718,2
4507035,2
4504246,52
4494027,2
4372161,49
4445087,2
4375240,2
4375239,2
4481970,2
4504507,52
4471885,2
4486058,2
4505812,2
4511399,2
4449549,2
4511621,2
4501839,2
4457981,2
4494654,2
4474967,2
4517311,2
4449684,2
4491927,2
4485098,2
4487928,2
4509010,2
4516123,2
4446930,2
4489249,2
4479499,2
4516088,2
4495122,2
4377136,2
4517603,2
4493678,2
4517768,2
4505030,2
4489562,50
4489652,50
4470046,2
4507903,2
4500933,2
4474028,2
4479798,2
4450552,2
4515147,2
4441879,2
4495563,2
4499524,2
4370146,2
4479971,2
4476025,2
4516561,2
4508126,2
4516593,2
4509949,53
4507264,2
4473523,2
4513955,2
4505556,2
4498856,2
4491569,2
4498909,2
4414501,2
4449150,2
4501803,2
4480474,2
4473731,2
4486298,2
4508826,2
4513232,2
4476544,2
4497598,2
4468197,2
4501975,2
4511821,2
4470962,2
4511740,2
4513284,2
4463866,2
4513288,2
4486409,2
4504914,2
4502075,2
4516166,2
4445735,2
4455892,2
4514850,2
4502136,2
4516178,2
4503580,2
4514896,2
4512154,2
4483965,2
4478411,2
4509430,53
4459045,2
4443126,2
4507902,2
4484481,2
4509425,53
4483951,2
4496508,51
4517969,2
4515155,2
4510803,53
4515156,2
4509599,53
4503952,2
4519256,2
4513636,2
4499485,2
4513619,2
4484187,2
4493018,2
4510902,53
4484468,2
4491298,2
4515650,2
4484737,2
4484766,2
4507358,2
4487719,2
4501715,2
4484825,2
4490620,50
4499137,2
4520090,2
4446931,2
4511725,2
4510443,53
4486072,2
4509116,2
4517493,2
4509117,2
4487929,2
4475195,2
4510604,53
4514851,2
4513387,2
4510579,53
4506250,2
4384215,2
4510667,53
4476799,2
4485378,2
4515148,2
4517833,2
4516363,2
4498140,2
4485362,2
4491102,50
4502234,2
4478548,2
4519236,2
4486962,2
4516424,2
4458904,2
4485613,2
4461702,2
4495564,2
4474159,2
4516586,2
4501470,2
4485661,2
4515649,2
4498795,2
4457569,2
4404197,2
4383644,2
4407021,2
4487657,2
4456633,2
4485869,2
4514256,2
4498993,2
4427168,2
4449188,2
4494683,2
4520028,2
4518793,2
4494655,2
4486408,2
4513289,2
4478073,2
4455408,2
4518929,2
4504827,2
4461183,2
4470151,2
4517593,2
4519038,2
4488001,2
4507815,2
4489256,2
4520529,2
4507807,2
4499264,2
4510684,53
4481145,2
4503793,2
4481272,2
4520663,2
4451564,2
4472901,2
4502287,2
4496633,2
4411002,2
4485401,2
4506623,2
4456160,2
4510908,53
4519399,2
4508061,2
4479886,2
4515568,2
4510907,53
4485601,2
4502456,2
4504387,52
4479996,2
4481891,2
4451781,2
4500008,2
4481971,2
4513009,2
4488668,2
4507293,2
4515824,2
4479326,2
4520087,2
4428599,2
4462429,2
4452256,2
4497375,2
4477760,2
4507600,2
4483704,2
4496352,51
4416049,2
4510444,53
4385635,2
4514775,2
4518942,2
4507750,2
4462657,2
4499331,2
4516255,2
4378690,2
4421857,2
4498072,2
4521887,2
4485311,2
4378691,2
4498393,2
4487212,2
4500923,2
4523525,2
4512296,2
4520817,2
4397353,2
4523622,2
4509424,53
4380321,2
4388707,2
4447426,2
4502450,2
4523910,2
4496656,2
4504439,52
4522284,2
4494122,2
4411555,2
4505339,2
4499709,2
4474415,2
4512962,2
4516783,2
4497121,2
4457560,2
4437044,2
4466259,2
4501751,2
4490582,50
4415988,2
4496092,51
4500129,2
4503276,2
4508759,2
4490619,50
4511684,2
4486238,2
4473852,2
4513247,2
4427254,2
4503446,2
4514620,2
4520265,2
4497844,2
4503591,2
4381304,2
4499285,2
4386805,2
4513518,2
4500754,2
4492579,2
4484084,2
4506698,2
4520804,2
4478689,2
4520779,2
4516467,2
4518106,2
4381303,2
4509834,53
4391903,2
4515634,2
4505176,2
4505247,2
4465912,2
4463023,2
4488413,2
4474336,2
4456660,2
4502617,2
4457561,2
4417365,2
4518636,2
4498857,2
4414453,2
4448283,2
4457938,2
4456616,2
4477558,2
4505819,2
4496127,51
4518758,2
4522666,2
4487718,2
4480553,2
4494343,2
4502951,2
4480475,2
4496222,51
4490583,50
4516026,2
4518828,2
4494589,2
4520169,2
4483619,2
4409967,2
4520168,2
4521797,2
4475085,2
4510605,53
4521748,2
4464292,2
4457146,2
4469850,2
4509243,2
4479538,2
4496480,51
4458575,2
4409533,2
4462754,2
4472623,2
4490966,50
4409602,2
4526458,2
4522059,2
4505181,2
4461654,2
4507981,2
4477108,2
4495541,2
4519347,2
4505190,2
4463024,2
4501469,2
4522279,2
4516621,2
4521228,2
4507131,2
4491256,2
4485584,2
4516696,2
4394686,2
4474391,2
4446165,2
4504460,52
4477464,2
4491360,2
4488835,2
4494450,2
4527026,2
4467857,2
4494269,2
4499047,2
4457885,2
4500208,2
4508470,2
4488916,2
4508651,2
4511563,2
4507502,2
4458195,2
4506054,2
4458196,2
4494798,2
4520172,2
4522947,2
4520264,2
4499232,2
4516090,2
4516087,2
4524578,2
4504927,2
4408023,2
4411994,2
4514897,2
4476689,2
4385411,2
4502055,2
4521780,2
4509141,2
4517862,2
4459899,2
4503616,2
4493733,2
4447233,2
4504977,2
4526270,2
4383005,2
4526324,2
4517879,2
4512432,2
4497977,2
4519192,2
4393848,2
4464366,2
4526305,2
4520792,2
4502400,2
4524815,2
4474160,2
4518135,2
4518162,2
4499538,2
4502243,2
4516488,2
4392802,2
4474316,2
4488323,2
4397054,2
4502399,2
4526837,2
4526847,2
4448967,2
4501583,2
4513880,2
4495892,51
4522285,2
4524182,2
4519658,54
4504550,52
4511408,2
4512952,2
4516784,2
4487658,2
4505766,2
4513033,2
4511330,2
4514240,2
4525619,2
4487854,2
4524502,2
4514540,2
4441350,2
4500755,2
4527442,2
4486391,2
4527511,2
4507814,2
4506642,2
4475657,2
4520544,2
4458616,2
4527537,2
4499265,2
4527615,2
4523346,2
4515252,2
4501114,2
4518117,2
4518097,2
4447651,2
4436714,2
4523648,2
4474306,2
4516530,2
4527806,2
4516562,2
4523969,2
4507074,2
4501612,2
4493104,2
4492989,2
4512822,2
4476301,2
4451977,2
4474945,2
4527031,2
4524231,2
4483170,2
4513926,2
4494302,2
4463187,2
4505736,2
4527135,2
4524270,2
4508469,2
4528354,2
4516998,2
4497337,2
4484894,2
4425850,2
4451259,2
4482268,2
4522745,2
4496178,51
4463635,2
4482303,2
4497599,2
4528822,2
4492169,2
4468127,2
4527433,2
4511820,2
4501951,2
4497792,2
4510645,53
4503445,2
4517489,2
4524680,2
4468393,2
4493701,2
4503999,2
4530334,2
4520618,2
4520803,2
4496647,2
4520735,2
4499488,2
4522040,2
4520873,2
4513678,2
4493858,2
4519346,2
4478896,2
4470154,2
4505361,2
4494021,2
4487381,2
4505360,2
4504520,52
4501641,2
4468932,2
4497376,2
4497122,2
4463186,2
4504619,52
4524388,2
4505765,2
4524385,2
4527268,2
4503075,2
4463897,2
4504618,52
4388152,2
4514701,2
4489428,2
4463990,2
4516167,2
4395287,2
4528978,2
4521992,2
4516308,2
4489694,50
4530335,2
4489543,50
4514978,2
4524821,2
4527706,2
4505154,2
4459100,2
4515340,2
4512471,2
4487199,2
4532174,2
4478444,2
4473392,2
4479984,2
4418011,2
4501629,2
4485612,2
4426546,2
4524183,2
4525131,2
4453873,2
4498812,2
4481962,2
4414454,2
4501712,2
4457568,2
4491522,2
4482092,2
4508652,2
4531126,2
4513020,2
4529948,2
4517030,2
4511490,2
4511465,2
4513196,2
4421608,2
4475084,2
4516042,2
4501982,2
4518926,2
4470948,2
4473995,2
4513380,2
4405717,2
4504913,2
4510580,53
4526271,2
4529014,2
4514952,2
4489544,50
4496513,51
4500922,2
4501071,2
4524867,2
4431009,2
4518096,2
4461235,2
4530566,2
4503953,2
4518234,2
4502271,2
4522139,2
4516504,2
4475988,2
4529502,2
4526824,2
4518235,2
4454602,2
4501630,2
4490393,50
4434124,2
4451978,2
4494246,2
4517029,2
4491661,2
4502800,2
4531040,2
4521480,2
4531056,2
4486059,2
4531125,2
4465228,2
4527228,2
4508811,2
4469408,2
4442848,2
4507688,2
4404683,2
4462612,2
4521744,2
4520530,2
4524667,2
4528786,2
4503443,2
4469903,2
4517880,2
4495002,2
4514939,2
4531831,2
4512228,2
4510749,53
4510683,53
4496668,2
4533312,2
4521991,2
4527705,2
4516503,2
4518083,2
4515339,2
4533341,2
4535041,2
4529501,2
4499594,2
4395482,2
4501239,2
4468653,2
4523954,2
4505286,2
4512821,2
4516620,2
4527866,2
4484691,2
4526846,2
4446231,2
4521350,2
4488464,2
4501611,2
4451848,2
4522328,2
4529862,2
4512953,2
4515844,2
4449715,2
4397676,2
4397710,2
4446447,2
4474615,2
4528079,2
4504532,52
4387752,2
4527109,2
4446831,2
4488836,2
4518757,2
4449685,2
4505951,2
4507589,2
4517470,2
4459767,40
4528721,2
4523184,2
4506289,2
4534338,2
4468193,2
4506224,2
4455502,2
4513381,2
4531577,2
4514689,2
4520543,2
4517755,2
4516256,2
4471164,2
4495247,2
4499341,2
4421853,2
4516362,2
4517996,2
4516309,2
4491048,50
4529231,2
4444742,2
4496669,2
4523566,2
4468422,2
4518090,2
4532041,2
4518118,2
4530465,2
4522110,2
4465727,2
4516529,2
4530565,2
4493105,2
4491322,2
4428249,2
4474343,2
4533473,2
4523985,2
4516695,2
4527942,2
4479985,2
4499710,2
4442476,2
4484765,2
4527948,2
4513925,2
4481997,2
4518635,2
4479192,2
4519646,54
4515761,2
4512959,2
4476478,2
4519639,54
4490540,50
4460817,2
4511564,2
4459586,2
4518928,2
4472003,2
4525804,2
4463439,2
4508693,2
4508837,2
4534099,2
4508766,2
4438179,2
4508785,2
4511793,2
4531557,2
4500374,2
4466674,2
4534241,2
4518872,2
4483540,2
4486303,2
4497674,2
4521789,2
4518920,2
4497773,2
4528785,2
4468274,2
4497845,2
4528722,2
4523347,2
4479658,2
4430702,2
4517861,2
4523458,2
4534595,2
4534594,2
4533286,2
4519191,2
4519257,2
4532122,2
4520887,2
4513577,2
4534963,2
4536144,55
4523766,2
4524868,2
4534964,2
4506994,2
4401181,2
4535121,2
4485583,2
4515570,2
4527863,2
4527943,2
4530696,2
4423647,2
4527963,2
4535501,2
4501752,2
4505592,2
4477410,2
4527103,2
4521558,2
4518739,2
4516951,2
4497450,2
4456891,2
4477794,2
4488915,2
4513124,2
4497336,2
4494642,2
4520173,2
4506022,2
4500314,2
4513283,2
4513271,2
4403457,2
4524577,2
4535855,2
4538626,2
4521730,2
4494912,2
4507798,2
4534487,2
4537326,55
4520484,2
4533087,2
4517704,2
4507829,2
4523459,2
4450312,2
4537502,55
4420628,2
4533240,2
4534971,2
4522035,2
4495373,2
4447490,2
4536143,55
4489898,50
4526714,2
4512596,2
4530622,2
4512597,2
4521254,2
4463151,2
4522280,2
4493180,2
4536371,55
4505403,2
4417215,2
4401481,2
4504494,52
4459543,2
4516997,2
4522572,2
4403205,2
4502950,2
4471920,2
4528363,2
4496221,51
4520189,2
4508820,2
4499139,2
4403817,2
4441391,2
4522957,2
4517516,2
4518927,2
4518897,2
4538694,2
4452743,2
4537391,55
4472506,2
4503898,2
4478556,2
4524664,2
4507881,2
4503792,2
4470265,2
4523643,2
4526506,2
4529230,2
4530488,2
4523654,2
4536178,55
4538981,2
4526589,2
4530651,2
4539159,2
4479893,2
4498742,2
4504438,52
4510201,53
4524271,2
4493263,2
4496076,51
4513021,2
4522573,2
4539598,2
4531166,2
4463419,2
4524501,2
4505952,2
4483175,2
4538547,2
4539788,2
4497772,2
4500430,2
4528617,2
4469331,2
4520269,2
4522907,2
4489107,2
4530159,2
4523157,2
4459800,40
4533155,2
4516188,2
4521858,2
4403724,2
4472409,2
4538730,2
4489558,50
4489386,2
4516205,2
4507719,2
4541620,56
4510668,53
4402798,2
4530368,2
4472624,2
4523767,2
4523911,2
4529480,2
4491044,50
4536243,55
4501217,2
4535045,2
4491232,2
4496838,2
4474307,2
4536218,55
4536258,55
4507034,2
4504343,52
4538102,55
4516557,2
4529547,2
4529548,2
4508164,2
4484433,2
4538121,55
4532448,2
4539134,2
4523970,2
4518446,2
4513835,2
4524054,2
4499708,2
4473487,2
4488594,2
4536525,55
4511338,2
4507453,2
4528209,2
4527116,2
4515845,2
4533740,2
4465218,2
4533755,2
4477557,2
4511337,2
4488970,2
4532866,2
4541381,2
4479407,2
4510307,53
4538568,2
4537053,55
4538560,2
4540001,2
4519981,2
4534339,2
4521669,2
4524582,2
4489653,50
4539994,2
4495033,2
4538695,2
4487904,2
4510463,53
4509144,2
4485272,2
4486940,2
4485119,2
4528906,2
4538827,2
4537472,55
4527553,2
4530413,2
4503531,2
4527437,2
4443168,2
4512258,2
4531933,2
4517997,2
4509462,53
4529240,2
4526492,2
4491081,50
4541789,56
4481589,2
4530685,2
4543592,56
4507140,2
4527871,2
4398902,2
4490385,50
4423956,2
4532693,2
4505631,2
4533998,2
4488992,2
4527102,2
4516952,2
4524353,2
4531041,2
4508591,2
4533873,2
4471753,2
4522746,2
4503222,2
4491731,2
4507590,2
4516041,2
4506053,2
4507569,2
4542624,56
4535750,2
4473781,2
4520091,2
4516177,2
4539993,2
4535827,2
4541470,2
4521790,2
4527443,2
4541474,2
4497856,2
4543001,56
4531699,2
4541621,56
4516187,2
4517764,2
4537399,55
4542915,56
4481160,2
4544417,56
4521896,2
4464153,2
4538826,2
4513557,2
4520818,2
4538984,2
4501081,2
4518147,2
4533345,2
4522056,2
4541790,56
4538982,2
4406613,2
4473224,2
4458947,2
4539160,2
4456022,2
4515429,2
4510954,53
4519437,2
4409532,2
4542062,56
4505555,2
4429879,2
4490394,50
4476417,2
4525423,2
4541165,2
4539468,2
4527187,2
4512998,2
4493428,2
4496217,51
4510212,53
4488734,2
4516886,2
4511608,2
4533999,2
4542530,56
4539946,2
4535754,2
4544287,56
4542876,56
4542877,56
4544316,56
4535973,2
4541463,2
4544286,56
4538731,2
4517790,2
4520483,2
4509238,2
4544376,56
4475194,2
4506130,2
4403638,2
4535934,2
4544377,56
4499438,2
4470032,2
4444488,2
4531932,2
4462901,2
4544513,56
4544548,56
4541764,56
4530621,2
4518091,2
4527797,2
4540751,2
4509827,53
4539015,2
4506993,2
4521349,2
4543618,56
4523986,2
4492988,2
4516700,2
4526974,2
4487489,2
4417299,2
4468881,2
4425761,2
4536757,55
4510327,53
4499188,2
4496209,51
4541270,2
4511579,2
4499136,2
4454035,2
4487877,2
4502037,2
4525722,2
4508794,2
4517312,2
4534441,2
4542529,56
4513197,2
4409217,2
4510376,53
4534440,2
4540067,2
4530160,2
4530194,2
4544275,56
4516163,2
4545740,2
4523245,2
4514690,2
4423294,2
4527533,2
4541556,56
4490967,50
4534644,2
4481204,2
4544430,56
4541624,56
4522041,2
4536001,2
4524764,2
4518006,2
4529158,2
4523632,2
4532178,2
4532123,2
4533340,2
4526715,2
4397369,2
4538965,2
4512701,2
4417003,2
4512662,2
4508101,2
4488364,2
4529785,2
4543677,56
4525083,2
4504407,52
4501604,2
4513882,2
4541079,2
4505542,2
4525463,2
4527136,2
4525432,2
4490608,50
4514107,2
4482041,2
4536780,55
4505858,2
4494643,2
4430027,2
4491740,2
4541473,2
4547041,2
4548419,2
4496339,51
4520268,2
4531347,2
4483620,2
4538746,2
4545768,2
4542966,56
4548560,2
4533154,2
4533160,2
4482419,2
4534801,2
4502183,2
4524751,2
4543187,56
4524820,2
4514819,2
4526384,2
4505177,2
4526325,2
4547357,2
4546253,2
4536160,55
4498158,2
4481527,2
4526549,2
4491288,2
4502184,2
4544639,56
4433616,2
4536146,55
4536242,55
4532185,2
4540512,2
4532186,2
4425400,2
4510945,53
4476323,2
4483128,2
4463525,2
4404196,2
4493195,2
4497103,2
4473657,2
4488667,2
4505583,2
4544046,56
4545176,2
4486297,2
4504709,52
4514255,2
4508786,2
4504651,52
4524437,2
4524534,2
4469496,2
4549826,2
4508793,2
4541464,2
4540066,2
4531556,2
4547175,2
4525957,2
4466935,2
4545741,2
4537246,55
4500697,2
4548559,2
4493636,2
4537237,55
4513386,2
4506435,2
4533116,2
4509239,2
4522078,2
4478410,2
4538872,2
4523522,2
4534879,2
4543469,56
4499473,2
4543421,56
4502270,2
4543544,56
4523655,2
4547433,2
4416693,2
4491076,50
4506992,2
4493069,2
4496004,51
4542063,56
4530937,2
4528080,2
4498895,2
4546798,2
4519738,54
4524434,2
4508836,2
4521668,2
4539800,2
4545412,2
4548308,2
4542735,56
4527388,2
4508859,2
4548414,2
4525773,2
4544220,56
4527512,2
4410691,2
4531700,2
4537471,55
4516206,2
4507982,2
4465695,2
4543468,56
4454328,2
4461677,2
4492580,2
4547432,2
4423525,2
4522111,2
4502514,2
4505395,2
4454537,2
4543739,56
4409664,2
4527872,2
4538249,2
4533647,2
4494272,2
4528254,2
4528315,2
4538356,2
4528355,2
4539597,2
4508590,2
4510375,53
4545324,2
4548144,2
4500315,2
4552700,2
4551190,2
4531371,2
4538567,2
4510464,53
4511622,2
4539906,2
4551189,2
4534240,2
4548282,2
4538758,2
4466628,2
4541477,2
4539945,2
4454227,2
4541462,2
4413616,2
4533088,2
4551504,2
4409424,2
4550093,2
4548658,2
4510836,53
4529201,2
4523382,2
4530487,2
4512295,2
4513576,2
4546112,2
4505338,2
4540494,2
4487249,2
4523953,2
4505246,2
4551968,2
4522219,2
4513836,2
4527853,2
4465922,2
4547558,2
4522171,2
4535430,2
4536306,55
4516697,2
4501714,2
4504549,52
4486136,2
4510208,53
4552472,2
4539684,2
4528314,2
4530957,2
4531312,2
4494696,2
4546901,2
4414864,2
4461300,2
4471096,2
4552701,2
4547168,2
4544414,56
4524681,2
4554187,2
4540191,2
4541662,56
4512290,2
4550254,2
4517895,2
4522033,2
4539063,2
4526588,2
4533313,2
4540811,2
4537925,55
4526493,2
4540812,2
4525030,2
4474737,2
4501640,2
4491359,2
4494303,2
4514088,2
4530861,2
4497104,2
4527106,2
4552406,2
4521481,2
4514106,2
4494542,2
4541201,2
4528454,2
4533966,2
4545192,2
4541255,2
4525369,2
4533967,2
4501711,2
4545260,2
4518738,2
4510476,53
4487883,2
4541330,2
4549827,2
4503444,2
4520254,2
4522958,2
4485083,2
4551273,2
4507683,2
4537052,55
4549900,2
4547111,2
4545791,2
4520369,2
4510626,53
4537398,55
4537238,55
4472516,2
4469804,2
4523453,2
4529192,2
4413603,2
4492610,2
4519261,2
4529383,2
4409580,2
4544560,56
4501067,2
4510903,53
4515571,2
4464713,2
4501391,2
4481588,2
4537802,55
4553189,2
4530650,2
4508130,2
4543558,56
4530697,2
4419578,2
4532591,2
4549255,2
4446046,2
4444833,2
4536370,55
4524157,2
4525129,2
4532679,2
4519685,54
4538399,2
4547702,2
4538396,2
4513067,2
4437974,2
4518857,2
4494571,2
4551135,2
4542736,56
4518904,2
4525675,2
4530125,2
4490596,50
4544254,56
4552714,2
4538640,2
4535657,2
4549901,2
4531578,2
4524535,2
4551274,2
4547176,2
4520261,2
4537424,55
4506357,2
4548657,2
4490971,50
4499588,2
4538901,2
4537803,55
4495492,2
4553050,2
4518447,2
4546302,2
4518163,2
4501066,2
4554858,2
4543465,56
4488402,2
4541858,56
4553096,2
4540752,2
4536308,55
4532443,2
4515633,2
4508129,2
4501466,2
4417310,2
4538254,2
4556134,2
4420223,2
4541131,2
4513032,2
4499048,2
4549657,2
4550821,2
4498999,2
4522676,2
4535464,2
4497261,2
4525620,2
4538540,2
4538539,2
4420510,2
4553833,2
4549862,2
4556762,2
4527532,2
4496351,51
4540111,2
4533115,2
4531560,2
4517490,2
4540190,2
4554071,2
4520431,2
4537255,55
4548420,2
4517515,2
4545796,2
4547200,2
4545745,2
4495059,2
4551503,2
4534444,2
4557055,2
4524673,2
4489427,2
4510687,53
4541610,56
4544465,56
4420572,2
4520617,2
4544547,56
4548977,2
4550255,2
4558654,2
4419890,2
4544638,56
4530467,2
4535130,2
4470047,2
4470150,2
4553145,2
4499595,2
4553144,2
4527865,2
4557762,2
4516592,2
4478762,2
4547550,2
4540986,2
4513803,2
4533577,2
4538312,2
4547703,2
4546806,2
4519647,54
4494245,2
4541078,2
4535502,2
4525198,2
4427085,2
4546862,2
4500213,2
4556449,2
4486324,2
4470834,2
4550882,2
4460796,2
4553926,2
4547055,2
4558303,2
4554073,2
4539898,2
4538663,2
4511786,2
4547185,2
4550086,2
4459932,2
4548601,2
4514730,2
4509242,2
4552838,2
4528933,2
4557148,2
4551665,2
4515251,2
4517834,2
4551839,2
4554577,2
4557284,2
4558659,2
4499439,2
4533239,2
4526459,2
4510833,53
4530464,2
4546252,2
4535042,2
4555860,2
4557708,2
4543570,56
4550282,2
4558780,2
4485586,2
4550318,2
4558844,2
4557937,2
4556012,2
4536327,55
4552350,2
4502616,2
4555167,2
4519659,54
4421185,2
4556174,2
4556300,2
4498940,2
4528154,2
4525422,2
4533825,2
4544031,56
4522667,2
4527210,2
4521559,2
4527209,2
4498991,2
4535694,2
4480560,2
4424363,2
4474894,2
4556450,2
4527270,2
4522948,2
4521745,2
4538599,2
4559724,2
4556809,2
4535762,2
4502140,2
4554019,2
4528836,2
4542906,56
4554186,2
4516162,2
4558404,2
4485280,2
4551568,2
4520368,2
4530342,2
4561379,2
4557056,2
4531856,2
4510688,53
4547368,2
4536024,2
4534669,2
4561465,2
4561460,2
4540493,2
4541763,56
4554774,2
4527720,2
4553051,2
4470540,2
4498385,2
4532291,2
4541795,56
4558771,2
4558741,2
4487211,2
4544706,56
4547557,2
4538118,55
4554773,2
4476298,2
4558845,2
4539144,2
4547516,2
4547549,2
4535120,2
4470341,2
4544769,56
4543824,56
4502732,2
4505591,2
4539279,2
4418507,2
4546810,2
4529904,2
4522668,2
4553604,2
4555311,2
4553800,2
4474890,2
4541254,2
4474891,2
4532901,2
4484973,2
4498987,2
4556831,2
4538627,2
4520505,2
4547069,2
4562581,2
4450014,2
4552789,2
4558354,2
4544276,56
4556928,2
4547159,2
4531672,2
4559762,2
4547130,2
4559818,2
4546158,2
4545795,2
4551408,2
4548600,2
4524668,2
4496655,2
4530382,2
4436449,2
4530468,2
4533246,2
4536102,55
4554556,2
4558692,2
4529382,2
4431023,2
4540511,2
4550258,2
4460238,2
4470539,2
4527896,2
4549008,2
4485600,2
4553184,2
4539014,2
4557764,2
4549266,2
4557707,2
4501455,2
4558882,2
4478982,2
4538253,2
4525199,2
4559059,2
4504666,52
4562003,2
4522669,2
4532697,2
4528362,2
4550919,2
4548248,2
4538521,2
4538559,2
4542496,56
4553835,2
4535749,2
4561118,2
4549800,2
4528564,2
4521596,2
4528780,2
4556799,2
4548307,2
4542797,56
4552680,2
4554070,2
4552715,2
4556786,2
4454021,2
4559819,2
4542928,56
4536023,2
4548738,2
4540110,2
4545808,2
4564122,2
4559974,2
4519250,2
4478219,2
4558653,2
4523567,2
4561444,2
4564324,2
4549075,2
4544597,56
4501080,2
4539020,2
4560358,2
4551813,2
4563261,2
4541857,56
4503963,2
4540651,2
4532292,2
4536240,55
4564432,2
4543766,56
4533453,2
4521229,2
4550384,2
4543696,56
4560689,2
4561663,2
4530690,2
4504406,52
4546626,2
4561733,2
4535465,2
4556175,2
4539379,2
4546805,2
4519696,54
4556420,2
4501838,2
4525676,2
4525681,2
4564999,2
4549784,2
4561079,2
4440058,2
4541382,2
4514239,2
4559528,2
4421392,2
4504710,52
4558302,2
4558270,2
4559586,2
4511494,2
4440204,2
4555503,2
4488969,2
4538600,2
4553963,2
4553962,2
4559685,2
4559763,2
4499286,2
4547201,2
4562523,2
4554083,2
4524656,2
4559975,2
4521803,2
4554082,2
4561282,2
4475428,2
4547169,2
4537575,55
4521937,2
4437581,2
4558528,2
4541663,56
4559978,2
4540307,2
4562902,2
4547395,2
4509598,53
4551887,2
4563260,2
4551830,2
4550283,2
4501390,2
4554879,2
4533454,2
4556044,2
4493055,2
4527880,2
4477070,2
4558788,2
4509729,53
4513881,2
4560936,2
4530786,2
4545191,2
4429743,2
4545308,2
4541269,2
4513168,2
4469183,2
4528519,2
4513248,2
4484974,2
4547070,2
4556707,2
4559410,2
4493608,2
4536980,55
4526040,2
4564027,2
4535828,2
4556761,2
4547056,2
4433240,2
4559678,2
4548295,2
4514462,2
4545504,2
4554020,2
4520200,2
4540232,2
4496446,51
4564002,2
4521796,2
4564003,2
4543002,56
4529013,2
4430519,2
4562648,2
4561407,2
4513514,2
4562903,2
4547248,2
4453130,2
4516314,2
4547358,2
4557283,2
4481526,2
4495470,2
4529241,2
4536058,2
4563076,2
4555885,2
4563077,2
4508076,2
4515373,2
4565944,2
4566074,2
4470270,2
4543464,56
4543186,56
4563184,2
4507263,2
4547566,2
4504016,2
4516640,2
4429222,2
4525084,2
4525130,2
4487435,2
4549302,2
4431194,2
4456666,2
4538271,2
4553309,2
4550699,2
4565087,2
4563816,2
4425723,2
4432683,2
4476599,2
4565082,2
4534098,2
4563952,2
4566690,2
4527389,2
4566730,2
4542561,56
4566735,2
4508821,2
4539799,2
4435828,2
4559585,2
4568132,2
4558319,2
4553927,2
4568133,2
4556785,2
4542907,56
4552772,2
4547173,2
4528698,2
4448460,2
4568287,2
4566964,2
4551445,2
4566963,2
4566984,2
4555718,2
4521839,2
4554346,2
4530360,2
4544530,56
4567022,2
4460107,2
4456390,2
4532040,2
4567155,2
4558770,2
4442036,2
4560372,2
4554857,2
4551814,2
4563308,2
4564401,2
4543699,56
4563387,2
4543809,56
4512835,2
4543808,56
4566428,2
4558050,2
4555168,2
4529874,2
4532678,2
4546792,2
4531150,2
4559199,2
4544998,2
4458049,2
4546863,2
4549744,2
4514416,2
4562281,2
4508765,2
4510448,53
4475157,2
4497508,2
4556832,2
4556833,2
4475081,2
4553971,2
4537256,55
4469421,2
4562531,2
4549933,2
4556800,2
4534450,2
4565392,2
4552773,2
4566907,2
4545790,2
4541478,2
4562530,2
4564098,2
4554347,2
4545721,2
4551664,2
4475470,2
4561385,2
4506434,2
4433239,2
4498392,2
4554688,2
4519251,2
4502286,2
4563313,2
4475987,2
4499776,2
4539135,2
4561664,2
4453748,2
4538137,55
4538138,55
4490217,50
4515569,2
4524025,2
4543825,56
4530684,2
4541992,56
4510089,53
4480042,2
4459483,2
4530785,2
4566533,2
4438301,2
4556403,2
4559233,2
4518822,2
4552613,2
4567845,2
4544125,56
4538508,2
4545307,2
4569555,2
4567979,2
4514417,2
4545383,2
4569610,2
4566822,2
4568042,2
4541461,2
4552707,2
4565520,2
4444109,2
4533056,2
4566862,2
4526041,2
4564123,2
4524763,2
4528905,2
4564099,2
4461678,2
4436675,2
4537576,55
4549018,2
4565900,2
4541794,56
4558789,2
4527805,2
4557644,2
4487321,2
4570159,2
4556013,2
4571966,2
4563449,2
4566400,2
4510209,53
4507359,2
4507294,2
4539378,2
4493264,2
4560886,2
4533728,2
4480164,2
4445407,2
4560885,2
4496093,51
4430228,2
4544123,56
4567681,2
4529903,2
4550822,2
4548281,2
4538537,2
4514333,2
4531165,2
4519982,2
4531428,2
4566734,2
4548269,2
4524438,2
4570938,2
4568288,2
4565338,2
4533057,2
4571126,2
4517594,2
4516252,2
4564026,2
4566955,2
4545797,2
4559787,2
4492152,2
4536000,2
4551416,2
4557242,2
4568433,2
4566906,2
4564148,2
4512257,2
4523631,2
4509195,2
4538819,2
4562812,2
4532067,2
4520592,2
4568736,2
4557643,2
4510858,53
4548976,2
4571774,2
4549321,2
4546513,2
4546512,2
4553183,2
4541860,56
4544768,56
4571972,2
4467774,2
4445411,2
4538252,2
4513066,2
4552417,2
4546743,2
4501719,2
4531017,2
4536582,55
4525462,2
4572140,2
4451424,2
4535619,2
4570557,2
4555268,2
4572310,2
4572311,2
4569521,2
4548270,2
4521886,2
4528708,2
4528725,2
4539905,2
4521731,2
4518873,2
4559803,2
4438852,2
4445746,2
4498157,2
4572630,2
4568496,2
4537437,55
4537325,55
4535972,2
4540368,2
4529191,2
4514953,2
4521804,2
4531869,2
4563025,2
4504331,52
4568737,2
4533287,2
4546111,2
4568738,2
4567236,2
4530412,2
4555882,2
4567151,2
4543738,56
4551829,2
4538117,55
4550226,2
4522170,2
4543396,56
4550385,2
4557801,2
4570317,2
4533576,2
4573128,2
4558051,2
4542273,56
4572141,2
4559060,2
4546921,2
4550773,2
4503221,2
4527160,2
4560965,2
4563853,2
4529953,2
4541249,2
4501971,2
4570732,2
4573656,2
4548296,2
4562193,2
4552646,2
4554059,2
4545477,2
4572431,2
4509091,2
4565178,2
4538662,2
4514619,2
4565376,2
4545794,2
4552839,2
4566904,2
4571125,2
4569679,2
4571038,2
4555606,2
4518921,2
4538820,2
4572634,2
4557190,2
4551600,2
4536003,2
4542914,56
4574285,2
4546157,2
4568735,2
4516466,2
4567133,2
4516536,2
4544705,56
4561594,2
4533450,2
4546475,2
4567156,2
4560333,2
4557777,2
4536194,55
4555960,2
4549303,2
4468462,2
4540873,2
4493120,2
4445297,2
4560833,2
4556257,2
4566492,2
4547669,2
4556256,2
4567564,2
4528269,2
4555267,2
4570490,2
4553624,2
4536758,55
4531149,2
4556419,2
4544179,56
4541471,2
4530223,2
4572432,2
4556834,2
4551045,2
4566823,2
4551136,2
4566808,2
4572405,2
4556962,2
4558349,2
4572572,2
4524651,2
4572530,2
4569752,2
4545719,2
4575445,2
4551650,2
4506602,2
4563073,2
4564323,2
4519138,2
4520591,2
4571401,2
4510857,53
4526548,2
4551793,2
4550263,2
4550094,2
4577361,2
4549267,2
4564459,2
4563388,2
4567152,2
4555883,2
4561595,2
4567223,2
4558731,2
4442037,2
4538110,55
4445099,2
4540987,2
4566401,2
4557894,2
4539239,2
4563646,2
4550581,2
4508537,2
4564639,2
4556506,2
4570244,2
4577759,2
4566532,2
4548106,2
4560966,2
4552473,2
4576195,2
4542495,56
4575122,2
4500212,2
4578027,2
4545476,2
4552681,2
4567939,2
4570889,2
4558320,2
4549743,2
4507570,2
4573822,2
4565514,2
4518898,2
4549934,2
4547152,2
4572429,2
4502076,2
4564015,2
4561249,2
4509140,2
4568304,2
4551468,2
4509480,53
4564203,2
4576858,2
4520664,2
4555728,2
4548737,2
4551511,2
4527616,2
4561281,2
4564242,2
4575477,2
4561378,2
4575451,2
4445973,2
4575454,2
4578305,2
4478593,2
4568600,2
4549254,2
4533449,2
4569968,2
4456181,2
4485458,2
4577362,2
4550317,2
4510946,53
4569158,2
4563455,2
4557751,2
4508044,2
4573008,2
4467884,2
4485762,2
4572112,2
4576037,2
4496075,51
4542274,56
4576153,2
4539659,2
4532875,2
4572430,2
4555512,2
4500209,2
4545413,2
4548413,2
4572404,2
4578166,2
4569651,2
4578120,2
4576674,2
4509090,2
4538745,2
4555719,2
4517469,2
4534802,2
4499359,2
4575467,2
4472751,2
4574064,2
4544512,56
4551846,2
4574284,2
4484220,2
4509600,53
4571344,2
4554557,2
4472718,2
4533361,2
4490937,50
4550274,2
4566087,2
4575633,2
4575632,2
4546303,2
4534998,2
4570056,2
4564423,2
4560690,2
4563450,2
4557800,2
4526884,2
4573009,2
4473393,2
4519638,54
4536440,55
4536547,55
4570245,2
4578830,2
4562130,2
4525410,2
4575997,2
4553710,2
4549677,2
4548014,2
4462306,2
4563815,2
4513111,2
4524423,2
4494541,2
4579021,2
4573545,2
4572345,2
4538536,2
4566747,2
4535763,2
4525916,2
4578085,2
4539716,2
4570718,2
4573804,2
4443015,2
4517494,2
4568388,2
4554072,2
4558405,2
4559713,2
4482387,2
4568285,2
4509433,53
4561300,2
4503741,2
4551599,2
4579803,2
4541609,56
4575453,2
4548853,2
4569897,2
4561394,2
4575439,2
4543543,56
4538966,2
4572791,2
4566086,2
4549068,2
4439621,2
4574541,2
4574675,2
4491080,50
4580380,2
4578589,2
4442477,2
4536386,55
4580539,2
4567392,2
4504493,52
4529889,2
4578893,2
4527107,2
4578829,2
4576196,2
4576036,2
4575021,2
4573384,2
4476303,2
4559253,2
4548022,2
4569459,2
4575090,2
4550959,2
4545189,2
4558220,2
4549783,2
4545323,2
4559476,2
4569546,2
4542654,56
4576539,2
4570937,2
4569650,2
4576700,2
4580957,2
4520506,2
4569605,2
4520460,2
4576722,2
4571037,2
4579785,2
4571322,2
4535933,2
4574024,2
4579781,2
4558599,2
4550119,2
4579780,2
4579802,2
4577028,2
4568540,2
4567058,2
4544593,56
4505136,2
4569896,2
4526304,2
4577181,2
4537988,55
4577307,2
4560334,2
4527895,2
4478866,2
4574687,2
4460108,2
4569145,2
4563320,2
4572951,2
4549415,2
4542027,56
4454858,2
4529860,2
4548016,2
4508608,2
4536476,55
4570262,2
4581714,2
4580594,2
4556321,2
4555328,2
4562163,2
4560845,2
4583527,2
4556402,2
4580716,2
4538400,2
4548013,2
4525805,2
4565191,2
4522908,2
4553834,2
4538645,2
4563937,2
4572410,2
4568103,2
4565377,2
4561174,2
4564035,2
4576721,2
4545720,2
4562649,2
4579689,2
4569751,2
4582316,2
4551467,2
4561255,2
4579768,2
4579784,2
4555859,2
4544431,56
4558730,2
4572707,2
4520773,2
4551886,2
4558779,2
4575566,2
4516280,2
4577358,2
4581357,2
4555886,2
4492690,2
4563333,2
4537926,55
4572860,2
4567259,2
4543891,56
4569058,2
4502447,2
4538122,55
4533523,2
4584242,2
4558907,2
4556084,2
4581512,2
4543900,56
4563721,2
4547959,2
4536475,55
4578894,2
4524257,2
4576192,2
4560910,2
4502767,2
4520027,2
4565000,2
4449593,2
4583526,2
4580780,2
4496447,51
4531179,2
4518856,2
4562559,2
4538644,2
4582278,2
4559800,2
4559804,2
4564034,2
4509064,2
4576538,2
4580958,2
4579526,2
4565339,2
4544315,56
4454053,2
4565519,2
4578202,2
4561277,2
4476875,2
4531857,2
4559979,2
4568510,2
4547268,2
4575452,2
4512155,2
4568623,2
4532177,2
4581109,2
4522138,2
4566075,2
4581233,2
4564456,2
4527854,2
4537987,55
4443316,2
4567294,2
4577632,2
4443317,2
4569159,2
4572950,2
4570194,2
4574788,2
4552349,2
4575837,2
4584464,2
4583374,2
4535613,2
4527117,2
4576040,2
4446503,2
4580614,2
4562026,2
4442545,2
4538507,2
4462546,2
4545259,2
4518713,2
4573544,2
4531429,2
4527271,2
4580779,2
4575207,2
4527464,2
4579461,2
4553964,2
4578167,2
4449881,2
4492170,2
4564020,2
4535929,2
4585169,2
4571085,2
4578104,2
4566935,2
4545881,2
4583834,2
4479406,2
4453975,2
4540306,2
4585406,2
4548748,2
4585405,2
4583833,2
4537501,55
4524730,2
4502238,2
4472706,2
4551794,2
4581128,2
4522036,2
4585475,2
4571541,2
4450493,2
4585588,2
4550204,2
4575567,2
4578494,2
4584083,2
4564392,2
4575539,2
4543561,56
4572865,2
4564472,2
4570022,2
4580188,2
4577467,2
4580258,2
4526885,2
4584236,2
4569069,2
4519260,2
4557942,2
4471552,2
4476324,2
4459502,2
4552407,2
4570318,2
4583375,2
4583473,2
4583381,2
4442544,2
4584487,2
4545190,2
4578861,2
4566530,2
4567727,2
4521452,2
4586322,2
4563953,2
4561006,2
4584752,2
4563907,2
4439904,2
4555570,2
4581935,2
4503074,2
4558269,2
4566703,2
4579247,2
4566834,2
4582069,2
4575194,2
4567978,2
4559725,2
4556837,2
4551309,2
4568180,2
4582263,2
4586603,2
4579482,2
4572529,2
4545871,2
4528835,2
4561301,2
4571277,2
4586650,2
4506622,2
4568465,2
4582638,2
4498050,2
4537527,55
4581165,2
4574229,2
4561503,2
4458600,2
4585746,2
4551702,2
4567237,2
4585869,2
4566354,2
4536241,55
4583055,2
4564438,2
4574686,2
4535274,2
4558816,2
4549318,2
4494100,2
4570300,2
4530862,2
4578705,2
4532698,2
4576068,2
4527110,2
4529949,2
4581706,2
4516885,2
4451423,2
4576154,2
4586417,2
4573385,2
4546797,2
4544172,56
4535614,2
4551046,2
4516089,2
4563879,2
4586516,2
4564016,2
4582279,2
4578025,2
4550003,2
4549913,2
4586624,2
4495246,2
4516222,2
4585204,2
4581115,2
4552909,2
4562885,2
4457107,2
4522018,2
4583947,2
4564243,2
4588226,2
4565784,2
4551651,2
4567134,2
4578377,2
4558658,2
4517769,2
4554576,2
4517765,2
4582990,2
4515578,2
4554936,2
4567385,2
4558762,2
4585948,2
4509826,53
4453625,2
4530759,2
4586209,2
4584380,2
4576024,2
4578797,2
4446504,2
4586273,2
4586321,2
4455254,2
4576161,2
4589138,2
4505735,2
4573363,2
4586304,2
4581934,2
4562153,2
4572260,2
4548040,2
4513167,2
4454179,2
4583584,2
4487808,2
4589257,2
4465375,2
4587877,2
4570810,2
4572543,2
4570831,2
4568175,2
4554161,2
4579751,2
4588069,2
4562554,2
4531673,2
4588080,2
4575446,2
4571402,2
4507882,2
4485457,2
4583936,2
4443188,2
4450136,2
4572763,2
4571583,2
4566122,2
4550139,2
4534880,2
4568914,2
4509868,53
4588682,2
4552188,2
4571971,2
4589784,2
4570189,2
4518322,2
4546595,2
4560744,2
4552246,2
4577633,2
4502410,2
4577728,2
4577727,2
4584389,2
4589053,2
4445406,2
4566529,2
4573243,2
4590233,2
4578782,2
4480325,2
4563800,2
4515762,2
4583472,2
4589123,2
4477452,2
4582126,2
4580795,2
4510475,53
4551157,2
4531323,2
4589388,2
4555504,2
4538605,2
4448571,2
4587966,2
4566837,2
4556961,2
4590744,2
4510665,53
4578147,2
4588101,2
4579638,2
4489823,50
4588134,2
4449894,2
4588225,2
4582518,2
4571325,2
4526385,2
4578328,2
4492816,2
4547458,2
4572071,2
4587071,2
4574789,2
4553175,2
4564548,2
4581511,2
4555236,2
4577770,2
4505811,2
4592957,2
4581707,2
4542087,56
4530958,2
4550774,2
4525433,2
4471883,2
4564870,2
4589106,2
4575123,2
4589155,2
4542653,56
4562221,2
4572303,2
4566752,2
4520188,2
4578001,2
4531684,2
4455409,2
4576673,2
4524729,2
4565480,2
4590912,2
4503501,2
4586604,2
4537438,55
4562884,2
4449895,2
4586653,2
4489502,50
4586784,2
4537881,55
4581105,2
4568686,2
4583925,2
4591285,2
4589672,2
4580015,2
4501115,2
4578471,2
4560411,2
4582994,2
4577553,2
4588579,2
4454511,2
4539105,2
4563253,2
4561572,2
4583039,2
4589818,2
4592609,2
4592624,2
4585943,2
4505394,2
4504332,52
4502409,2
4581386,2
4587072,2
4541991,56
4594606,57
4589027,2
4592892,2
4494273,2
4591867,2
4589054,2
4594644,57
4539278,2
4578911,2
4519697,54
4592956,2
4525464,2
4535544,2
4586272,2
4584390,2
4583382,2
4513112,2
4589091,2
4556462,2
4558128,2
4556612,2
4591960,2
4555329,2
4560911,2
4589137,2
4584753,2
4576484,2
4569658,2
4515868,2
4544219,56
4594985,2
4593410,58
4510658,53
4592140,2
4572500,2
4562729,2
4559926,2
4572589,2
4557149,2
4593656,58
4573945,2
4568497,2
4568286,2
4488182,2
4561445,2
4593993,58
4546013,2
4565737,2
4561395,2
4574228,2
4450276,2
4512623,2
4592512,2
4572790,2
4549009,2
4586876,2
4588510,2
4578493,2
4561508,2
4580128,2
4591350,2
4582950,2
4533524,2
4583054,2
4589823,2
4543890,56
4571775,2
4516537,2
4532592,2
4488465,2
4481838,2
4587114,2
4536439,55
4575836,2
4548015,2
4574886,2
4491326,2
4467876,2
4456661,2
4594643,57
4577934,2
4531302,2
4574985,2
4532703,2
4574994,2
4573242,2
4562027,2
4558075,2
4529954,2
4595883,2
4570558,2
4570731,2
4573512,2
4527186,2
4558292,2
4576366,2
4544171,56
4558353,2
4586544,2
4565393,2
4565214,2
4573805,2
4569606,2
4555370,2
4587682,2
4583658,2
4592139,2
4531303,2
4583775,2
4579525,2
4580976,2
4580975,2
4520430,2
4589471,2
4595139,2
4593769,58
4581046,2
4547184,2
4595091,2
4593849,58
4593917,58
4569843,2
4531868,2
4520778,2
4591022,2
4595196,2
4589650,2
4581129,2
4595279,2
4586823,2
4589671,2
4543557,56
4574326,2
4577306,2
4595315,2
4575640,2
4484085,2
4550205,2
4588575,2
4557765,2
4510116,53
4558740,2
4597129,2
4570108,2
4570109,2
4585949,2
4591525,2
4591644,2
4575709,2
4597195,2
4563343,2
4567278,2
4587011,2
4532410,2
4591538,2
4498949,2
4566523,2
4564845,2
4578798,2
4589107,2
4590191,2
4553709,2
4592926,2
4560947,2
4548039,2
4555287,2
4483302,2
4556726,2
4550958,2
4525368,2
4595943,2
4556489,2
4592021,2
4597683,2
4457963,2
4536981,55
4575233,2
4596200,2
4578002,2
4578062,2
4556810,2
4563880,2
4482269,2
4578066,2
4548604,2
4508536,2
4551446,2
4586662,2
4585476,2
4506603,2
4545744,2
4541625,56
4478903,2
4554517,2
4493761,2
4510657,53
4575538,2
4479005,2
4544529,56
4598258,2
4538101,55
4578470,2
4468562,2
4597130,2
4577180,2
4588501,2
4597113,2
4589822,2
4564457,2
4532336,2
4563597,2
4479006,2
4566355,2
4510088,53
4484824,2
4552435,2
4586208,2
4552418,2
4563663,2
4575996,2
4595772,2
4576293,2
4593091,2
4508339,2
4593092,2
4587582,2
4508735,2
4590308,2
4569460,2
4580796,2
4579283,2
4567895,2
4582127,2
4589284,2
4539897,2
4599041,2
4568102,2
4593447,58
4589432,2
4589387,2
4557191,2
4555569,2
4596528,2
4558529,2
4556985,2
4572631,2
4562721,2
4597967,2
4537860,55
4582517,2
4595208,2
4557145,2
4517896,2
4466796,2
4586750,2
4481271,2
4575641,2
4583946,2
4574443,2
4550085,2
4569967,2
4588654,2
4599871,2
4552950,2
4460136,2
4585745,2
4584086,2
4569057,2
4571866,2
4583164,2
4585870,2
4588655,2
4581356,2
4566253,2
4555143,2
4467910,2
4594605,57
4576025,2
4578912,2
4570263,2
4584583,2
4566505,2
4531300,2
4590159,2
4595848,2
4597475,2
4550918,2
4562152,2
4535618,2
4590299,2
4537184,55
4552614,2
4556418,2
4582051,2
4583583,2
4514818,2
4499187,2
4553972,2
4528518,2
4566793,2
4568160,2
4572469,2
4578115,2
4579549,2
4585178,2
4559860,2
4560108,2
4562522,2
4587965,2
4588102,2
4597968,2
4464154,2
4577029,2
4582593,2
4523649,2
4575504,2
4454187,2
4598075,2
4579736,2
4482487,2
4584085,2
4553170,2
4568877,2
4599922,2
4591510,2
4598296,2
4587075,2
4513851,2
4575781,2
4586012,2
4588907,2
4556085,2
4598495,2
4563664,2
4576041,2
4577758,2
4597563,2
4555164,2
4486084,2
4535658,2
4534427,2
4570887,2
4587570,2
4469495,2
4597760,2
4597695,2
4597752,2
4575259,2
4599163,2
4597787,2
4588050,2
4585119,2
4578177,2
4593730,58
4570890,2
4600837,2
4565513,2
4569844,2
4600810,2
4589504,2
4599487,2
4567021,2
4546016,2
4592390,2
4549019,2
4578412,2
4561461,2
4555857,2
4600970,2
4529411,2
4574556,2
4552000,2
4580187,2
4574565,2
4563489,2
4578590,2
4594396,57
4547623,2
4564640,2
4584297,2
4587115,2
4563722,2
4521451,2
4600349,2
4592893,2
4598756,2
4553799,2
4600475,2
4575193,2
4597761,2
4583571,2
4558192,2
4473751,2
4600571,2
4555513,2
4578086,2
4600618,2
4593419,58
4592155,2
4590659,2
4593446,58
4593560,58
4589425,2
4566954,2
4583869,2
4528821,2
4579735,2
4497771,2
4585260,2
4567097,2
4585275,2
4552977,2
4599526,2
4599643,2
4565736,2
4568387,2
4586689,2
4577085,2
4583972,2
4599604,2
4532060,2
4600967,2
4510007,53
4585753,2
4591225,2
4555961,2
4600971,2
4584057,2
4584082,2
4598155,2
4602674,2
4598206,2
4592608,2
4564471,2
4558704,2
4527862,2
4598260,2
4592646,2
4595468,2
4572000,2
4572054,2
4595533,2
4589927,2
4564565,2
4561734,2
4512960,2
4527032,2
4597408,2
4601233,2
4583326,2
4465045,2
4525411,2
4584417,2
4566600,2
4550700,2
4598713,2
4584775,2
4584582,2
4595944,2
4569522,2
4600501,2
4573638,2
4573639,2
4516126,2
4599042,2
4531370,2
4524540,2
4569638,2
4600695,2
4562813,2
4579635,2
4603483,2
4603488,2
4600694,2
4579437,2
4597832,2
4602154,2
4593535,58
4605044,2
4589469,2
4579688,2
4583935,2
4585587,2
4548585,2
4569862,2
4584056,2
4602430,2
4558693,2
4598163,2
4577456,2
4588590,2
4502284,2
4551885,2
4603878,2
4598189,2
4598232,2
4592620,2
4600104,2
4586976,2
4571943,2
4571886,2
4588876,2
4578649,2
4601124,2
4586117,2
4538335,2
4604091,2
4604066,2
4583327,2
4574993,2
4604272,2
4556123,2
4604273,2
4547840,2
4601476,2
4578862,2
4567728,2
4573105,2
4581958,2
4462349,2
4510192,53
4583569,2
4542551,56
4589251,2
4569428,2
4515931,2
4598848,2
4561103,2
4598847,2
4597684,2
4548247,2
4585007,2
4604637,2
4601858,2
4569672,2
4556613,2
4586517,2
4468156,2
4599162,2
4527159,2
4578178,2
4597788,2
4578203,2
4596529,2
4586545,2
4595138,2
4589466,2
4605090,2
4598026,2
4554476,2
4592405,2
4591103,2
4597947,2
4598093,2
4602514,2
4501218,2
4594014,58
4586877,2
4598094,2
4564424,2
4563252,2
4575710,2
4564549,2
4606764,2
4606804,2
4592699,2
4605923,59
4513850,2
4566356,2
4601232,2
4584486,2
4597407,2
4594683,57
4594682,57
4528268,2
4586338,2
4584723,2
4592927,2
4519684,54
4572227,2
4584778,2
4527060,2
4600525,2
4583533,2
4604591,2
4604636,2
4606231,59
4545644,2
4600583,2
4601952,2
4604924,2
4603516,2
4576479,2
4582262,2
4604923,2
4589433,2
4579436,2
4579582,2
4596525,2
4578116,2
4562728,2
4574041,2
4590911,2
4547249,2
4589424,2
4569678,2
4521857,2
4552908,2
4582595,2
4592294,2
4608104,2
4547394,2
4599685,2
4575505,2
4595280,2
4605296,59
4565936,2
4504017,2
4571321,2
4546451,2
4479861,2
4577449,2
4605692,59
4523940,2
4601088,2
4606831,2
4606765,2
4601095,2
4600046,2
4557915,2
4595532,2
4595454,2
4585954,2
4571954,2
4566283,2
4581468,2
4522354,2
4544973,2
4595637,2
4535543,2
4542070,56
4587292,2
4474589,2
4587537,2
4600474,2
4606105,59
4548021,2
4577901,2
4467985,2
4539685,2
4609019,2
4549795,2
4600532,2
4600589,2
4569576,2
4604526,2
4587654,2
4598997,2
4567938,2
4473900,2
4559925,2
4586547,2
4559817,2
4579460,2
4582339,2
4583776,2
4585274,2
4572573,2
4609261,2
4562720,2
4479657,2
4467159,2
4608192,2
4578416,2
4608172,2
4605263,59
4593850,58
4598091,2
4601067,2
4563342,2
4585908,2
4474309,2
4589798,2
4564431,2
4564437,2
4605774,59
4582991,2
4552245,2
4524258,2
4536644,55
4550580,2
4574958,2
4598630,2
4595771,2
4598494,2
4597552,2
4608909,2
4581821,2
4511683,2
4607395,2
4592012,2
4544180,56
4551101,2
4607535,2
4587878,2
4570865,2
4586546,2
4531346,2
4572544,2
4604730,2
4610477,2
4594948,2
4570888,2
4600738,2
4592295,2
4590738,2
4604929,2
4573912,2
4586652,2
4478037,2
4475846,2
4592272,2
4600729,2
4579883,2
4607936,2
4590966,2
4569861,2
4589465,2
4609304,2
4579769,2
4498051,2
4605233,59
4576921,2
4600924,2
4605389,59
4562958,2
4608173,2
4595221,2
4601027,2
4603759,2
4598126,2
4606593,2
4601066,2
4597196,2
4597011,2
4598257,2
4575648,2
4553171,2
4555144,2
4539104,2
4595366,2
4611311,2
4549442,2
4609666,2
4530689,2
4471529,2
4560674,2
4476363,2
4538270,2
4595642,2
4573458,2
4594661,57
4467885,2
4573117,2
4610073,2
4590298,2
4591976,2
4594845,2
4494572,2
4589250,2
4607396,2
4601924,2
4537107,55
4597709,2
4566809,2
4593409,58
4473899,2
4601936,2
4606314,59
4576556,2
4606343,59
4612059,2
4548719,2
4589532,2
4595042,2
4612071,2
4609256,2
4606466,2
4605082,2
4605083,2
4599451,2
4573911,2
4610948,2
4596807,2
4538902,2
4582639,2
4530369,2
4581104,2
4553069,2
4600925,2
4568622,2
4561466,2
4598182,2
4581164,2
4605388,59
4611069,2
4588381,2
4540652,2
4563185,2
4564339,2
4609527,2
4598183,2
4567224,2
4605665,59
4591497,2
4609667,2
4566254,2
4573058,2
4556122,2
4573183,2
4604090,2
4546791,2
4532694,2
4597447,2
4606945,2
4601400,2
4546868,2
4600350,2
4606003,59
4607134,2
4592022,2
4589199,2
4548107,2
4607351,2
4514539,2
4610376,2
4606261,59
4584722,2
4593326,58
4511792,2
4542560,56
4603484,2
4607656,2
4573985,2
4582309,2
4576557,2
4592215,2
4579358,2
4580937,2
4568181,2
4603570,2
4574021,2
4581002,2
4609239,2
4568541,2
4565585,2
4602286,2
4581116,2
4592186,2
4593534,58
4598040,2
4612171,2
4610830,2
4588576,2
4595222,2
4612227,2
4577201,2
4550257,2
4609513,2
4585776,2
4600968,2
4612355,2
4605527,59
4601074,2
4520886,2
4585907,2
4560357,2
4597219,2
4612405,2
4478865,2
4549414,2
4571947,2
4538109,55
4597436,2
4612627,2
4604057,2
4607101,2
4591966,2
4594712,57
4609893,2
4598596,2
4610074,2
4592982,2
4594660,57
4598825,2
4600531,2
4536781,55
4593297,58
4578024,2
4587583,2
4582022,2
4538563,2
4600605,2
4610377,2
4589285,2
4559786,2
4569595,2
4610465,2
4583771,2
4614811,2
4607745,2
4602153,2
4601977,2
4551409,2
4564128,2
4595092,2
4600867,2
4603653,2
4612228,2
4564393,2
4578304,2
4603788,2
4606647,2
4564402,2
4600103,2
4598188,2
4606737,2
4580337,2
4592653,2
4535275,2
4581385,2
4581234,2
4540967,2
4529764,2
4538255,2
4614407,2
4560834,2
4608762,2
4600302,2
4595672,2
4610125,2
4563645,2
4536546,55
4612825,2
4595849,2
4586366,2
4562131,2
4562353,2
4576374,2
4586382,2
4562298,2
4590676,2
4594844,2
4584809,2
4600604,2
4503502,2
4610318,2
4600606,2
4594960,2
4589198,2
4562299,2
4550883,2
4551158,2
4597779,2
4606313,59
4551613,2
4586515,2
4568303,2
4610521,2
4609238,2
4614840,2
4614889,2
4602172,2
4564218,2
4550060,2
4557471,2
4530361,2
4597948,2
4606465,2
4548929,2
4600895,2
4613917,2
4608472,2
4599923,2
4504386,52
4588875,2
4580257,2
4609703,2
4603973,2
4578661,2
4539271,2
4605944,59
4592736,2
4611624,2
4546745,2
4607100,2
4594651,57
4587283,2
4487585,2
4595636,2
4615669,2
4615544,2
4556376,2
4596021,2
4546884,2
4549722,2
4572305,2
4609089,2
4610319,2
4600582,2
4613035,2
4583568,2
4604778,2
4545643,2
4569643,2
4600739,2
4613346,2
4524541,2
4614770,2
4556927,2
4582317,2
4616184,2
4576670,2
4612058,2
4535930,2
4600715,2
4562560,2
4589441,2
4592308,2
4550129,2
4591065,2
4603682,2
4599452,2
4558600,2
4534706,2
4544559,56
4471528,2
4478763,2
4616601,2
4608355,2
4568847,2
4613855,2
4577450,2
4550225,2
4582918,2
4601028,2
4612362,2
4566023,2
4577468,2
4478697,2
4597012,2
4592619,2
4599981,2
4618092,2
4577488,2
4572001,2
4508075,2
4609627,2
4574889,2
4591847,2
4612609,2
4480594,2
4590153,2
4580613,2
4618364,2
4529861,2
4591967,2
4617370,2
4562162,2
4558129,2
4612913,2
4572302,2
4476470,2
4595831,2
4601693,2
4617489,2
4609090,2
4611860,2
4617498,2
4539787,2
4611891,2
4611861,2
4617649,2
4604715,2
4617629,2
4549912,2
4607781,2
4600809,2
4599525,2
4606488,2
4589692,2
4588593,2
4612356,2
4510001,53
4611365,2
4603020,2
4609631,2
4614240,2
4614188,2
4602966,2
4614239,2
4603974,2
4558761,2
4541002,2
4530938,2
4558028,2
4597452,2
4572111,2
4573459,2
4589122,2
4597435,2
4615577,2
4553623,2
4598811,2
4508736,2
4615739,2
4559252,2
4544030,56
4606106,59
4562280,2
4586381,2
4570669,2
4620283,2
4584835,2
4559477,2
4593378,58
4617526,2
4584836,2
4594864,2
4531579,2
4476704,2
4597748,2
4579241,2
4579359,2
4613288,2
4583626,2
4561248,2
4618941,2
4573623,2
4599434,2
4613204,2
4533245,2
4573986,2
4599460,2
4607833,2
4588191,2
4609415,2
4591284,2
4605045,2
4602429,2
4598074,2
4600933,2
4571326,2
4619542,2
4617842,2
4619543,2
4550178,2
4616746,2
4560371,2
4619663,2
4617997,2
4619803,2
4619796,2
4598295,2
4566241,2
4539143,2
4605922,59
4612415,2
4476944,2
4611580,2
4604056,2
4550972,2
4592985,2
4604437,2
4604527,2
4607400,2
4583488,2
4558191,2
4615740,2
4615992,2
4618683,2
4578045,2
4620254,2
4565081,2
4620287,2
4587900,2
4620310,2
4621681,2
4616183,2
4614782,2
4568270,2
4618985,2
4611963,2
4600638,2
4580938,2
4619024,2
4603515,2
4620498,2
4581003,2
4576857,2
4622030,2
4622081,2
4501070,2
4613556,2
4563026,2
4578376,2
4619495,2
4581142,2
4606646,2
4585465,2
4599644,2
4571278,2
4615174,2
4609560,2
4614061,2
4598162,2
4478938,2
4606738,2
4599877,2
4580412,2
4602989,2
4622780,2
4592683,2
4586089,2
4609626,2
4618141,2
4522329,2
4524230,2
4578704,2
4594652,57
4504533,52
4535507,2
4600319,2
4609811,2
4545049,2
4597595,2
4521456,2
4594688,57
4577878,2
4612809,2
4607394,2
4567682,2
4549676,2
4531301,2
4613034,2
4584872,2
4549796,2
4618906,2
4594984,2
4621567,2
4592198,2
4601946,2
4578044,2
4620407,2
4621676,2
4607792,2
4614719,2
4617628,2
4593416,58
4591066,2
4609249,2
4585261,2
4510616,53
4603571,2
4483950,2
4502141,2
4602171,2
4614839,2
4503275,2
4606487,2
4612080,2
4588049,2
4612166,2
4591159,2
4609305,2
4615013,2
4586785,2
4617754,2
4543091,56
4541975,56
4623514,2
4613853,2
4605264,59
4589819,2
4550292,2
4582951,2
4476189,2
4491077,50
4577335,2
4585955,2
4615328,2
4611364,2
4608622,2
4595520,2
4581449,2
4604014,2
4529713,2
4615340,2
4618235,2
4589152,2
4573127,2
4598597,2
4621360,2
4623035,2
4488991,2
4595933,2
4600524,2
4615835,2
4594909,2
4617463,2
4617499,2
4572470,2
4618684,2
4486323,2
4601869,2
4615991,2
4613261,2
4534449,2
4585066,2
4601949,2
4610534,2
4617668,2
4612013,2
4610464,2
4588117,2
4568464,2
4612014,2
4616384,2
4600814,2
4623416,2
4624906,2
4550264,2
4589577,2
4578352,2
4624931,2
4582919,2
4612259,2
4484079,2
4616602,2
4608193,2
4592519,2
4570057,2
4509481,53
4591224,2
4602774,2
4484595,2
4623612,2
4584108,2
4619617,2
4616855,2
4620823,2
4612455,2
4612406,2
4571975,2
4563472,2
4623770,2
4604042,2
4535506,2
4502766,2
4546781,2
4586247,2
4570489,2
4601490,2
4597448,2
4572306,2
4601597,2
4598719,2
4621385,2
4587348,2
4487882,2
4623034,2
4600572,2
4624285,2
4618721,2
4601753,2
4610245,2
4565130,2
4624372,2
4594961,2
4554160,2
4626079,2
4614778,2
4623193,2
4602012,2
4618942,2
4593536,58
4571086,2
4614886,2
4614890,2
4607746,2
4583926,2
4606494,2
4607911,2
4545882,2
4623413,2
4606583,2
4605091,2
4624930,2
4620691,2
4572706,2
4596915,2
4575495,2
4584005,2
4589655,2
4619662,2
4487097,2
4613814,2
4558778,2
4613984,2
4586975,2
4609564,2
4617023,2
4602988,2
4622736,2
4626549,2
4625659,2
4595519,2
4587095,2
4543905,56
4597409,2
4600281,2
4612628,2
4612672,2
4528153,2
4615341,2
4623816,2
4622893,2
4615543,2
4607133,2
4595753,2
4556377,2
4615578,2
4483379,2
4596022,2
4491521,2
4547960,2
4595882,2
4595900,2
4597635,2
4624385,2
4556521,2
4606250,59
4617560,2
4583534,2
4613151,2
4610535,2
4537544,55
4624639,2
4576699,2
4519139,2
4612072,2
4530341,2
4586688,2
4623417,2
4623412,2
4596801,2
4627830,2
4626422,2
4595207,2
4605612,59
4609528,2
4492963,2
4605712,59
4606681,2
4616969,2
4605849,59
4619867,2
4612456,2
4589885,2
4609688,2
4544972,2
4617199,2
4606962,2
4584441,2
4609715,2
4621040,2
4614477,2
4559232,2
4614408,2
4577794,2
4608843,2
4605957,59
4572261,2
4620202,2
4608918,2
4625891,2
4623080,2
4563807,2
4606189,59
4618365,2
4611827,2
4587453,2
4573513,2
4551102,2
4607297,2
4552595,2
4513141,2
4601870,2
4599051,2
4627214,2
4568043,2
4624640,2
4496481,51
4506290,2
4528505,2
4600590,2
4626117,2
4623250,2
4579696,2
4614892,2
4620547,2
4609248,2
4566863,2
4599488,2
4596524,2
4537882,55
4627812,2
4613691,2
4605055,2
4624746,2
4619308,2
4604983,2
4617755,2
4627943,2
4612260,2
4612310,2
4543520,56
4626378,2
4599870,2
4619618,2
4578383,2
4626455,2
4626397,2
4541753,56
4594377,57
4612359,2
4606773,2
4623675,2
4628373,2
4623636,2
4623606,2
4600254,2
4554981,2
4561674,2
4591852,2
4629450,2
4614547,2
4625740,2
4618208,2
4607212,2
4625776,2
4591851,2
4604202,2
4621359,2
4532874,2
4562066,2
4603321,2
4625892,2
4625834,2
4617440,2
4550881,2
4625872,2
4587850,2
4617542,2
4623178,2
4617462,2
4524652,2
4626000,2
4628823,2
4614781,2
4624572,2
4594949,2
4624571,2
4621816,2
4592185,2
4596485,2
4626105,2
4612081,2
4629009,2
4619053,2
4619127,2
4624654,2
4607793,2
4629010,2
4574221,2
4624912,2
4615022,2
4592389,2
4627693,2
4541617,56
4589505,2
4596942,2
4625461,2
4620758,2
4568876,2
4628153,2
4535131,2
4616968,2
4631106,2
4605664,59
4615239,2
4586047,2
4592625,2
4573106,2
4589928,2
4573118,2
4629451,2
4626723,2
4592737,2
4597410,2
4628602,2
4628535,2
4555312,2
4618416,2
4631397,2
4608919,2
4607163,2
4597562,2
4607296,2
4627096,2
4620286,2
4620196,2
4621447,2
4603289,2
4589256,2
4624286,2
4627125,2
4562220,2
4617575,2
4603443,2
4586537,2
4610285,2
4585065,2
4631660,2
4631659,2
4556838,2
4586518,2
4607534,2
4626055,2
4583724,2
4627444,2
4579581,2
4626078,2
4600730,2
4601976,2
4618908,2
4602513,2
4612041,2
4593729,58
4627811,2
4607851,2
4572633,2
4575478,2
4627788,2
4605228,59
4585352,2
4491045,50
4613746,2
4606594,2
4605339,59
4571885,2
4581143,2
4605476,59
4580014,2
4561573,2
4599779,2
4529812,2
4612363,2
4588736,2
4628144,2
4605711,59
4631169,2
4546474,2
4625517,2
4620918,2
4484692,2
4505262,2
4606803,2
4570190,2
4566357,2
4614478,2
4628500,2
4629541,2
4597519,2
4497260,2
4601401,2
4583509,2
4584774,2
4587536,2
4631516,2
4527061,2
4607353,2
4624386,2
4632697,2
4570717,2
4631560,2
4625967,2
4631628,2
4573657,2
4609020,2
4603395,2
4518827,2
4625999,2
4627498,2
4628843,2
4626116,2
4610751,2
4599123,2
4617576,2
4624747,2
4612091,2
4582308,2
4617573,2
4609257,2
4614885,2
4579639,2
4630490,2
4630583,2
4496468,51
4544413,56
4616383,2
4595157,2
4626179,2
4596437,2
4628983,2
4548720,2
4582484,2
4593992,58
4622131,2
4630780,2
4586821,2
4514938,2
4606655,2
4493070,2
4571582,2
4616854,2
4574580,2
4575649,2
4625516,2
4587010,2
4577200,2
4605621,59
4591365,2
4617998,2
4632175,2
4617034,2
4622606,2
4634005,2
4581310,2
4587096,2
4600156,2
4561624,2
4620919,2
4588938,2
4566212,2
4622682,2
4495629,2
4578660,2
4487803,2
4536643,55
4629467,2
4611649,2
4631396,2
4584465,2
4628582,2
4614426,2
4538299,2
4607293,2
4607211,2
4607246,2
4614560,2
4591955,2
4590232,2
4518714,2
4607350,2
4629822,2
4590190,2
4556301,2
4563779,2
4607521,2
4624297,2
4632698,2
4584849,2
4590354,2
4632824,2
4596183,2
4573622,2
4583653,2
4628822,2
4590677,2
4545872,2
4633065,2
4628888,2
4613289,2
4596482,2
4613557,2
4626113,2
4603644,2
4612092,2
4621990,2
4633399,2
4622082,2
4574162,2
4612195,2
4521895,2
4608103,2
4609409,2
4600934,2
4574356,2
4613884,2
4626449,2
4557664,2
4612416,2
4634059,2
4598315,2
4629387,2
4622744,2
4595395,2
4623776,2
4608870,2
4618272,2
4555288,2
4589156,2
4608754,2
4631461,2
4610077,2
4621199,2
4499000,2
4631524,2
4620311,2
4538604,2
4611885,2
4609204,2
4586418,2
4558291,2
4566792,2
4630227,2
4598998,2
4607483,2
4618722,2
4540283,2
4570809,2
4555605,2
4633066,2
4609262,2
4610763,2
4626178,2
4605295,59
4614891,2
4624913,2
4627667,2
4623269,2
4630661,2
4542929,56
4626287,2
4619580,2
4613660,2
4592511,2
4633666,2
4586820,2
4601075,2
4626360,2
4603819,2
4598231,2
4566123,2
4595396,2
4611315,2
4628094,2
4606787,2
4605725,59
4602825,2
4634004,2
4600155,2
4625662,2
4606830,2
4586088,2
4577487,2
4618144,2
4618273,2
4560854,2
4603154,2
4618143,2
4629606,2
4615508,2
4597573,2
4562067,2
4592013,2
4631515,2
4531322,2
4623020,2
4615894,2
4632649,2
4558221,2
4594689,57
4611826,2
4621384,2
4631613,2
4620211,2
4581820,2
4632893,2
4603380,2
4606282,59
4619023,2
4556986,2
4616130,2
4623223,2
4617667,2
4612016,2
4617703,2
4614907,2
4591349,2
4584004,2
4630582,2
4631972,2
4606531,2
4603645,2
4596808,2
4619359,2
4616621,2
4598127,2
4630817,2
4598266,2
4599876,2
4567208,2
4633938,2
4599932,2
4533396,2
4617024,2
4618140,2
4625588,2
4595424,2
4600263,2
4609810,2
4556135,2
4560855,2
4632318,2
4623885,2
4611625,2
4607352,2
4563705,2
4632541,2
4597594,2
4597574,2
4522355,2
4567822,2
4615670,2
4625883,2
4625968,2
4604648,2
4520201,2
4578061,2
4604731,2
4611886,2
4585168,2
4631790,2
4619245,2
4624725,2
4552790,2
4628984,2
4538871,2
4489899,50
4564202,2
4620606,2
4610947,2
4626361,2
4620757,2
4601010,2
4611185,2
4608354,2
4632176,2
4614226,2
4620893,2
4608501,2
4527964,2
4621200,2
4601489,2
4586265,2
4606963,2
4629542,2
4597636,2
4625778,2
4623019,2
4632688,2
4627095,2
4608979,2
4614721,2
4598826,2
4531313,2
4620255,2
4587655,2
4576606,2
4606232,59
4558279,2
4610520,2
4593415,58
4623192,2
4565281,2
4593655,58
4626106,2
4589442,2
4621931,2
4602285,2
4614832,2
4633308,2
4534426,2
4610764,2
4619044,2
4593770,58
4595212,2
4577019,2
4633361,2
4602445,2
4627851,2
4614060,2
4623605,2
4609549,2
4595390,2
4543571,56
4575782,2
4586116,2
4634062,2
4623775,2
4569238,2
4604067,2
4618145,2
4623857,2
4595665,2
4632382,2
4597550,2
4595777,2
4597747,2
4628581,2
4600458,2
4624117,2
4632745,2
4631542,2
4541202,2
4631460,2
4610078,2
4610284,2
4626147,2
4630513,2
4566985,2
4582594,2
4619222,2
4576922,2
4605371,59
4572859,2
4619494,2
4629201,2
4616745,2
4605410,59
4616843,2
4628143,2
4616862,2
4598267,2
4532409,2
4592652,2
4629298,2
4620854,2
4510002,53
4611312,2
4623771,2
4614270,2
4580538,2
4632319,2
4628501,2
4632421,2
4603155,2
4621181,2
4552499,2
4567563,2
4628706,2
4601463,2
4581794,2
4610243,2
4494342,2
4617490,2
4599111,2
4616013,2
4603442,2
4632959,2
4599052,2
4569644,2
4631791,2
4620419,2
4608053,2
4614810,2
4583951,2
4577334,2
4625112,2
4622300,2
4601034,2
4569144,2
4561625,2
4602673,2
4625191,2
4633859,2
4633932,2
4618041,2
4612376,2
4615238,2
4615307,2
4575685,2
4628381,2
4605783,59
4502733,2
4533729,2
4629462,2
4620018,2
4574888,2
4508501,2
4573569,2
4608883,2
4576373,2
4581715,2
4611648,2
4628733,2
4632843,2
4611890,2
4589247,2
4618748,2
4590658,2
4604676,2
4632958,2
4628816,2
4585205,2
4624468,2
4627479,2
4616281,2
4630475,2
4605227,59
4568511,2
4616613,2
4601012,2
4504274,52
4598128,2
4567300,2
4499523,2
4631107,2
4620882,2
4620822,2
4615329,2
4600253,2
4594713,57
4625741,2
4581627,2
4562352,2
4530760,2
4560946,2
4608847,2
4598712,2
4610126,2
4593377,58
4600617,2
4590425,2
4594976,2
4624553,2
4621668,2
4624624,2
4619307,2
4613523,2
4633367,2
4619054,2
4609254,2
4613661,2
4613847,2
4596916,2
4595425,2
4620735,2
4605234,59
4623591,2
4603806,2
4626396,2
4626454,2
4612309,2
4592645,2
4605784,59
4623635,2
4629383,2
4622779,2
4568781,2
4609687,2
4629330,2
4625664,2
4628380,2
4609894,2
4608884,2
4597532,2
4587293,2
4607164,2
4627186,2
4590442,2
4600637,2
4585008,2
4618986,2
4606309,59
4516251,2
4620546,2
4624596,2
4627829,2
4606582,2
4600775,2
4633398,2
4624852,2
4555729,2
4537245,55
4616877,2
4510953,53
4633679,2
4502387,2
4633933,2
4608500,2
4623690,2
4601013,2
4620961,2
4561944,2
4591954,2
4631456,2
4611669,2
4624326,2
4623127,2
4593023,2
4611947,2
4617678,2
4586460,2
4631612,2
4633043,2
4631773,2
4633184,2
4626126,2
4605098,2
4503627,2
4571107,2
4627785,2
4591160,2
4622155,2
4609414,2
4617648,2
4620734,2
4633700,2
4585466,2
4590929,2
4632103,2
4634040,2
4577455,2
4584241,2
4623815,2
4626678,2
4604203,2
4632542,2
4614453,2
4629907,2
4629925,2
4555369,2
4578146,2
4628842,2
4609195,2
4617742,2
4630553,2
4607937,2
4548906,2
4631818,2
4583950,2
4627661,2
4586669,2
4629099,2
4582607,2
4627694,2
4599459,2
4568820,2
4606493,2
4624863,2
4626524,2
4620690,2
4608587,2
4625287,2
4563490,2
4628133,2
4516641,2
4609650,2
4592612,2
4564418,2
4608586,2
4543767,56
4623870,2
4603172,2
4603186,2
4600320,2
4610015,2
4628523,2
4622946,2
4573568,2
4620201,2
4586461,2
4621669,2
4629974,2
4600502,2
4631710,2
4626029,2
4631661,2
4631696,2
4610476,2
4606281,59
4602152,2
4538671,2
4630295,2
4630406,2
4631765,2
4626127,2
4602457,2
4575684,2
4627784,2
4632104,2
4565815,2
4628154,2
4631108,2
4507232,2
4543593,56
4625262,2
4628199,2
4598340,2
4618101,2
4629431,2
4566242,2
4617198,2
4595754,2
4611749,2
4544045,56
4614425,2
4607114,2
4606002,59
4624118,2
4597518,2
4579246,2
4606251,59
4508694,2
4604436,2
4528707,2
4583607,2
4570866,2
4619043,2
4620336,2
4630514,2
4630334,2
4606355,59
4629078,2
4565935,2
4626398,2
4613813,2
4603758,2
4613985,2
4630816,2
4626423,2
4602773,2
4632208,2
4609714,2
4605981,59
4601353,2
4590353,2
4598812,2
4581795,2
4615504,2
4629818,2
4624358,2
4601754,2
4617396,2
4570670,2
4592156,2
4628795,2
4593537,58
4626112,2
4590743,2
4630294,2
4518908,2
4624715,2
4597956,2
4624853,2
4620607,2
4603807,2
4582494,2
4609410,2
4624843,2
4622681,2
4631086,2
4546450,2
4620934,2
4603833,2
4550120,2
4632230,2
4631219,2
4634060,2
4632297,2
4603187,2
4558027,2
4623839,2
4631323,2
4598631,2
4629605,2
4601444,2
4518823,2
4611793,2
4618600,2
4618747,2
4628734,2
4624467,2
4617618,2
4624628,2
4622029,2
4608022,2
4574161,2
4615113,2
4602458,2
4598172,2
4597070,2
4605425,59
4557763,2
4614269,2
4513817,2
4617033,2
4625661,2
4591684,2
4617228,2
4587349,2
4623944,2
4589245,2
4618319,2
4608844,2
4566751,2
4561943,2
4626118,2
4623221,2
4575494,2
4619221,2
4631894,2
4626240,2
4559943,2
4630914,2
4633680,2
4522079,2
4597114,2
4611252,2
4632078,2
4619884,2
4625288,2
4575618,2
4625190,2
4628372,2
4603953,2
4632229,2
4631218,2
4634073,2
4580411,2
4566522,2
4584298,2
4618355,2
4603218,2
4620212,2
4625884,2
4593334,58
4627346,2
4620337,2
4597778,2
4614786,2
4598019,2
4613747,2
4627874,2
4632207,2
4588735,2
4571946,2
4616976,2
4591683,2
4622737,2
4558881,2
4557776,2
4629463,2
4609818,2
4614559,2
4623941,2
4584379,2
4607414,2
4593024,2
4631629,2
4528255,2
4610244,2
4629908,2
4621404,2
4632990,2
4614877,2
4620586,2
4629077,2
4622089,2
4631895,2
4616740,2
4617877,2
4630781,2
4526507,2
4565943,2
4619581,2
4619627,2
4608473,2
4626554,2
4553308,2
4556320,2
4626679,2
4559026,2
4524433,2
4620282,2
4601901,2
4632894,2
4632974,2
4626028,2
4597833,2
4630319,2
4570832,2
4600786,2
4633183,2
4596622,2
4624862,2
4599307,2
4520772,2
4615214,2
4603954,2
4605620,59
4615248,2
4629382,2
4617229,2
4608869,2
4590158,2
4623087,2
4629832,2
4595934,2
4587571,2
4577877,2
4611946,2
4564846,2
4597708,2
4603290,2
4613150,2
4601818,2
4610829,2
4631697,2
4630476,2
4630363,2
4613764,2
4612377,2
4544594,56
4599778,2
4630944,2
4527536,2
4602503,2
4563364,2
4626513,2
4560743,2
4625660,2
4629430,2
4632278,2
4545050,2
4597474,2
4621346,2
4614419,2
4529873,2
4601470,2
4621446,2
4594865,2
4601857,2
4627255,2
4630320,2
4604930,2
4599112,2
4630405,2
4630346,2
4527727,2
4627852,2
4572625,2
4572626,2
4602504,2
4527728,2
4598173,2
4596941,2
4632079,2
4577798,2
4595639,2
4597440,2
4623840,2
4623094,2
4549696,2
4628601,2
4629973,2
4632844,2
4607722,2
4630345,2
4612040,2
4603710,2
4633232,2
4588192,2
4631975,2
4631976,2
4609548,2
4613854,2
4518323,2
4600191,2
4518146,2
4533472,2
4604162,2
4623886,2
4573296,2
4621313,2
4618496,2
4601817,2
4627193,2
4624489,2
4607910,2
4616620,2
4620587,2
4619246,2
4533360,2
4630865,2
4611184,2
4629202,2
4631109,2
4634061,2
4595412,2
4629516,2
4605990,59
4550696,2
4629466,2
4621314,2
4628678,2
4607413,2
4563806,2
4617371,2
4607245,2
4628718,2
4572409,2
4613260,2
4537106,55
4631774,2
4624627,2
4630364,2
4630333,2
4622311,2
4631903,2
4630864,2
4615080,2
4601035,2
4595391,2
4529410,2
4614189,2
4552187,2
4595830,2
4559348,2
4618354,2
4628679,2
4576485,2
4610632,2
4627668,2
4622043,2
4534645,2
4534668,2
4606656,2
4619610,2
4529137,2
4633975,2
4626749,2
4626748,2
4533646,2
4563780,2
4607393,2
4629819,2
4629831,2
4607356,2
4618671,2
4627347,2
4578354,2
4612188,2
4579882,2
4541616,56
4624956,2
4536161,55
4630915,2
4578650,2
4603040,2
4532702,2
4566601,2
4614418,2
4612671,2
4595638,2
4624205,2
4621182,2
4579282,2
4633009,2
4624253,2
4607538,2
4621577,2
4628836,2
4616129,2
4618849,2
4617541,2
4610752,2
4588500,2
4612189,2
4625117,2
4631185,2
4618040,2
4618093,2
4623858,2
4612810,2
4595671,2
4615505,2
4590443,2
4626894,2
4533756,2
4632687,2
4584810,2
4632684,2
4626015,2
4527262,2
4606260,59
4617420,2
4624716,2
4575619,2
4630824,2
4630833,2
4613971,2
4625357,2
4557916,2
4538300,2
4539270,2
4601471,2
4631475,2
4587899,2
4610095,2
4609103,2
4618708,2
4597887,2
4621815,2
4607721,2
4633137,2
4612243,2
4606356,59
4600787,2
4536195,55
4633829,2
4547267,2
4541645,56
4581220,2
4628134,2
4622954,2
4630031,2
4621405,2
4624623,2
4609457,2
4548747,2
4546161,2
4633628,2
4591310,2
4578353,2
4557472,2
4631095,2
4632106,2
4603173,2
4590413,2
4536763,55
4558199,2
4619128,2
4628837,2
4631691,2
4630308,2
4630217,2
4559712,2
4545769,2
4619018,2
4623448,2
4607539,2
4607834,2
4617878,2
4615210,2
4537693,55
4577797,2
4591846,2
4572228,2
4566504,2
4601598,2
4629619,2
4629627,2
4543934,56
4571108,2
4613188,2
4621698,2
4533826,2
4627499,2
4532335,2
4613970,2
4606788,2
4621039,2
4631322,2
4608855,2
4618672,2
4593327,58
4541646,56
4626379,2
4546594,2
4540894,2
4546782,2
4587452,2
4595914,2
4621525,2
4608978,2
4624254,2
4543933,56
4624371,2
4545127,2
4630096,2
4630218,2
4564127,2
4623347,2
4617741,2
4595195,2
4633665,2
4623592,2
4542088,56
4629620,2
4589151,2
4583510,2
4632991,2
4633054,2
4614962,2
4603766,2
4588243,2
4627648,2
4631973,2
4550275,2
4604015,2
4571955,2
4618100,2
4610016,2
4583608,2
4601694,2
4590414,2
4621821,2
4624907,2
4617702,2
4587849,2
4622044,2
4633366,2
4622892,2
4561007,2
4631379,2
4628719,2
4615867,2
4633138,2
4630464,2
4625302,2
4626286,2
4616486,2
4550140,2
4626525,2
4551999,2
4609713,2
4595860,2
4595913,2
4604163,2
4598718,2
4559349,2
4623086,2
4632679,2
4630095,2
4622090,2
4627873,2
4622363,2
4632220,2
4625358,2
4574464,2
4594550,57
4553323,2
4553322,2
4586248,2
4632650,2
4601925,2
4592307,2
4582318,2
4623346,2
4585179,2
4605426,59
4628093,2
4557663,2
4620935,2
4555118,2
4608854,2
4548051,2
4550575,2
4629688,2
4627040,2
4562166,2
4567846,2
4621576,2
4576669,2
4559677,2
4612167,2
4550130,2
4630945,2
4605613,59
4603394,2
4606530,2
4623276,2
4578384,2
4628707,2
4612912,2
4559411,2
4623222,2
4611964,2
4627662,2
4597023,2
4605370,59
4609649,2
4577793,2
4584440,2
4628589,2
4555237,2
4591947,2
4616014,2
4573946,2
4556706,2
4618827,2
4622703,2
4601462,2
4556461,2
4633307,2
4633042,2
4583973,2
4598039,2
4611202,2
4615209,2
4564419,2
4597220,2
4600200,2
4628637,2
4597671,2
4623277,2
4621617,2
4630489,2
4549443,2
4558828,2
4598341,2
4597286,2
4607399,2
4598741,2
4629689,2
4597670,2
4601953,2
4560937,2
4583654,2
4583725,2
4621550,2
4565177,2
4633231,2
4616433,2
4569815,2
4627944,2
4567207,2
4625301,2
4602979,2
4632221,2
4606774,2
4612610,2
4597888,2
4613205,2
4616282,2
4621930,2
4603039,2
4591868,2
4587282,2
4620017,2
4569577,2
4630032,2
4628989,2
4582493,2
4613690,2
4625775,2
4569427,2
4598740,2
4566746,2
4631766,2
4623521,2
4625663,2
4626016,2
4605958,59
4625777,2
4617439,2
4602013,2
4603654,2
4611203,2
4568846,2
4594397,57
4632277,2
4586264,2
4567821,2
4626895,2
4608908,2
4629926,2
4618707,2
4586294,2
4564869,2
4566836,2
4631112,2
4619906,2
4591539,2
4628522,2
4631559,2
4600896,2
4603683,2
4568821,2
4595309,2
4568613,2
4574355,2
4575232,2
4623249,2
4626722,2
4621367,2
4621524,2
4579550,2
4586751,2
4606690,2
4597285,2
4595666,2
4606190,59
4631476,2
4572531,2
4579240,2
4630463,2
4627775,2
4608167,2
4581221,2
4578351,2
4633699,2
4571343,2
4592611,2
4605980,59
4614610,2
4621616,2
4618907,2
4599306,2
4629098,2
4626290,2
4631421,2
4583613,2
4583612,2
4582068,2
4623449,2
4589691,2
4584107,2
4582606,2
4601445,2
4584598,2
4620195,2
4604675,2
4566705,2
4582021,2
4607814,2
4584225,2
4596802,2
4622312,2
4598533,2
4600301,2
4592520,2
4620156,2
4615215,2
4584601,2
4586931,2
4608078,2
4631543,2
4574887,2
4589028,2
4617419,2
4624595,2
4581227,2
4604590,2
4577084,2
4588342,2
4591366,2
4602446,2
4591021,2
4592682,2
4620101,2
4597439,2
4598020,2
4619866,2
4627039,2
4594975,2
4624490,2
4592197,2
4591211,2
4593000,2
4607484,2
4603709,2
4624957,2
4628590,2
4633008,2
4617572,2
4605054,2
4598532,2
4595861,2
4597549,2
4597553,2
4595156,2
4591122,2
4606944,2
4618318,2
4601945,2
4615306,2
4629250,2
4618495,2
4603379,2
4597957,2
4631184,2
4601352,2
4619017,2
4599543,2
4624653,2
4609179,2
4627478,2
4618828,2
4621345,2
4613189,2
4608753,2
4615866,2
4613852,2
4612194,2
4632957,2
4609102,2
4624206,2
4624327,2
4610096,2
4612199,2
4614908,2
4611794,2
4605475,59
4615247,2
4621292,2
4611668,2
4619885,2
4621291,2
4614722,2
4631872,2
4623550,2
4632975,2
4626289,2
4622840,2
4623976,2
4627445,2
4629251,2
4633848,2
4623975,2
4620974,2
4618551,2
4631457,2
4622132,2
4628908,2
4631690,2
4624560,2
4632107,2
4623613,2
4623869,2
4626938,2
4631422,2
4632422,2
4624842,2
4630640,2
