"id","Cluster"
56818699,1
56818982,2
56818704,1
56818639,1
56820019,1
56821264,1
56818587,3
56822414,1
56821373,1
56820369,1
56818588,3
56821321,1
56821418,3
56825076,3
56820018,1
56822609,1
56824228,3
56823410,2
56824567,3
56818416,3
56823998,3
56824003,2
56825220,1
56823411,2
56824607,1
56824002,2
56824013,3
56822417,3
56822866,3
56820216,3
56827741,3
56827751,1
56818700,1
56822776,2
56826957,1
56820217,3
56828713,1
56822413,1
56826966,3
56827274,2
56824568,3
56824608,1
56827692,1
56822418,3
56819804,1
56830859,1
56826867,3
56832615,3
56831417,3
56829024,3
56829416,3
56832272,1
56821322,1
56821419,3
56832616,3
56820429,3
56822641,2
56833515,3
56825219,1
56830882,2
56835330,3
56820965,1
56826911,2
56829636,3
56820428,3
56828753,2
56834471,3
56831868,1
56835934,1
56827752,1
56834952,3
56819709,1
56818664,2
56818684,3
56830089,1
56834448,3
56830499,1
56836042,1
56836274,1
56826912,2
56825215,2
56832401,1
56832477,2
56823065,3
56828478,1
56838279,2
56835518,3
56835519,1
56829023,3
56830131,3
56834447,3
56829548,3
56822642,2
56837985,3
56837975,2
56837974,2
56838079,1
56835419,2
56831601,3
56840491,3
56841539,1
56830858,1
56822775,2
56829601,2
56840687,2
56837986,3
56827224,3
56840911,1
56838278,2
56836957,1
56827273,2
56841422,3
56837685,3
56843444,2
56840725,1
56842294,3
56832762,3
56841001,2
56826054,2
56842566,3
56839765,1
56830130,3
56835061,3
56843327,1
56844461,1
56844640,1
56844678,1
56822388,1
56839156,3
56836394,2
56822867,3
56818983,2
56842293,3
56839773,1
56835571,1
56842565,3
56824573,3
56834348,3
56834347,3
56843828,2
56844028,1
56838780,1
56844415,3
56819710,1
56843417,2
56830883,2
56840670,2
56836189,2
56825155,1
56822833,2
56829893,2
56843691,3
56842623,2
56838261,3
56822050,3
56831996,3
56822075,3
56843256,3
56843255,3
56845988,1
56826956,1
56836395,2
56831056,1
56820086,2
56829922,2
56840726,1
56831114,1
56835382,3
56825795,2
56822965,2
56828752,2
56845320,1
56846612,3
56841075,3
56842676,1
56825014,1
56833321,3
56845989,1
56825013,1
56838796,3
56840669,2
56848996,1
56835329,3
56847813,2
56846578,3
56832340,3
56843234,3
56832262,1
56850193,1
56842126,1
56844639,1
56848995,1
56820087,2
56846314,1
56849143,1
56844917,1
56847836,3
56847814,2
56845204,2
56846613,3
56838358,1
56840315,1
56848746,3
56849818,1
56829637,3
56825285,1
56835303,3
56843418,2
56847726,1
56849102,2
56846376,3
56835420,2
56843827,2
56848794,1
56818552,1
56841954,1
56828076,3
56831057,1
56851825,1
56851933,2
56846436,3
56846504,1
56850843,3
56849371,3
56832881,3
56841076,3
56833322,3
56849898,3
56847232,2
56835304,3
56843531,1
56842115,2
56853294,2
56829892,2
56835450,1
56843938,1
56848062,1
56841162,2
56848576,3
56851519,3
56841421,3
56851518,3
56829547,3
56850286,2
56851720,1
56828075,3
56852995,3
56835157,1
56849053,2
56851783,1
56854451,1
56854550,3
56847796,2
56853293,2
56842257,1
56849092,1
56838260,3
56853599,3
56857165,1
56843407,1
56851785,1
56846196,1
56850194,1
56857342,2
56857398,2
56830012,3
56850805,1
56856213,1
56856337,2
56846624,2
56850915,3
56853745,2
56840394,1
56838568,1
56855590,1
56857263,1
56851786,1
56846269,2
56849101,2
56851932,2
56846645,1
56853746,2
56846579,3
56856559,1
56839796,1
56856790,2
56849683,1
56825216,2
56836298,3
56858371,1
56860017,3
56857246,3
56840688,2
56854551,3
56855860,3
56854686,3
56824258,1
56853726,3
56857653,3
56854968,3
56821979,1
56851532,3
56835049,1
56825156,1
56854356,1
56847233,2
56829451,3
56859894,1
56819781,3
56852587,1
56838710,1
56841660,3
56853059,2
56842053,2
56860016,3
56859961,1
56860027,2
56849052,2
56860153,1
56838080,1
56820495,1
56820417,1
56857612,3
56838443,3
56862110,3
56822049,3
56836275,1
56851826,1
56842332,1
56861607,1
56853600,3
56820416,1
56849342,3
56854907,3
56857611,3
56863265,1
56830500,1
56854483,1
56828107,1
56832476,2
56860031,2
56825146,3
56849201,2
56849066,2
56822964,2
56847622,3
56861684,1
56842624,2
56854941,3
56865293,1
56832231,3
56843408,1
56855581,1
56846078,1
56832357,1
56860028,2
56861461,1
56861462,1
56861344,3
56842331,1
56850842,3
56856214,1
56862109,3
56864746,3
56835570,1
56821980,1
56849549,3
56818415,3
56859823,3
56822089,1
56829488,3
56849897,3
56847116,3
56862633,1
56862635,2
56832507,1
56854605,1
56846435,3
56865656,3
56853188,2
56846313,1
56832763,3
56852014,2
56850916,3
56849343,3
56844029,1
56855294,3
56830501,1
56859844,3
56838779,1
56849817,1
56868180,1
56843530,1
56849065,2
56866861,1
56867012,1
56846375,3
56842114,2
56865643,2
56851782,1
56842127,1
56862981,1
56820304,2
56856338,2
56841192,3
56849255,1
56830090,1
56840393,1
56865226,1
56838795,3
56847411,2
56862669,3
56865391,1
56868212,2
56868181,1
56864087,1
56857332,1
56857331,1
56853216,3
56861683,1
56853189,2
56825796,2
56858947,3
56854860,1
56822935,1
56860367,3
56826053,2
56859084,2
56842256,1
56821690,2
56868707,3
56856972,3
56863743,1
56825075,3
56862798,2
56865506,1
56846241,3
56865536,2
56857465,1
56847910,3
56868464,2
56870179,1
56850878,1
56864954,1
56868706,3
56860368,3
56859177,3
56856789,2
56852443,3
56854450,1
56870899,2
56852940,3
56839155,3
56870987,1
56854604,1
56836361,1
56872560,1
56857399,2
56832783,3
56830083,1
56854866,1
56839766,1
56856642,2
56857573,1
56867545,3
56856568,1
56841163,2
56845205,2
56857003,3
56865227,1
56868083,1
56830498,1
56855119,3
56869137,1
56847167,1
56872189,1
56847117,3
56858370,1
56872188,1
56851779,1
56872426,2
56869767,2
56831090,2
56849182,3
56868386,1
56858946,3
56871317,1
56829921,2
56870233,3
56856212,3
56873109,3
56845157,2
56873108,3
56868084,1
56869130,1
56840542,3
56843326,1
56830399,1
56824229,2
56865505,1
56821374,1
56866862,1
56820494,1
56860281,3
56869702,3
56847909,3
56872689,3
56871355,1
56850804,1
56868556,2
56875640,3
56842408,1
56867812,1
56848575,3
56871686,2
56863472,1
56841447,3
56829450,3
56857002,3
56869084,3
56825119,1
56869421,1
56862762,1
56857270,2
56847166,1
56865551,2
56833557,1
56839774,1
56846498,3
56840769,3
56860236,1
56862982,1
56874252,2
56871688,3
56835050,1
56867980,3
56876391,1
56818420,3
56862636,2
56870908,3
56854482,1
56862731,3
56869555,2
56876641,1
56836843,1
56876749,3
56868465,2
56873961,1
56875367,2
56868659,3
56874098,3
56877111,1
56860519,3
56821952,1
56876423,2
56877307,3
56838709,1
56872269,3
56844677,1
56858498,1
56872268,3
56874015,2
56860032,2
56868387,1
56849106,2
56861488,3
56867563,3
56852277,1
56830082,1
56841100,3
56841193,3
56867735,3
56860704,1
56869083,3
56845910,1
56879963,1
56869422,1
56822610,1
56844416,3
56860219,3
56875383,1
56855983,3
56869766,2
56871213,2
56869895,3
56862753,2
56874016,2
56864670,1
56835517,2
56875815,3
56864748,3
56822088,1
56843277,3
56855120,3
56874716,3
56880119,3
56818663,2
56877531,1
56835153,1
56861330,3
56877857,2
56861287,1
56847410,2
56862752,2
56828108,1
56849093,1
56880786,2
56875368,2
56879514,1
56865642,2
56864336,1
56843774,1
56879513,1
56875535,1
56868406,3
56872688,3
56847835,3
56876822,1
56842407,1
56871340,2
56876821,1
56871356,1
56838444,2
56874451,3
56821263,1
56827691,1
56868151,3
56874715,3
56880156,1
56858303,1
56866394,1
56870912,2
56846012,1
56880539,3
56861219,2
56847236,1
56851521,3
56883299,2
56882170,1
56831442,1
56866977,3
56874226,2
56881541,3
56837374,1
56833024,1
56873623,1
56877234,3
56856971,3
56863471,1
56868075,3
56849791,1
56835158,1
56872140,2
56837791,1
56844462,1
56877858,2
56861343,3
56855973,2
56847237,1
56869703,3
56877779,1
56864346,3
56873120,3
56870504,1
56840023,1
56838441,1
56824797,2
56874452,3
56874706,1
56868076,3
56881997,1
56868241,1
56870986,1
56868211,2
56852996,3
56862850,2
56866726,2
56884937,1
56865616,2
56882256,2
56876750,3
56885021,1
56849202,2
56885020,1
56853195,1
56873124,3
56832880,3
56868729,3
56831997,3
56871687,3
56855586,3
56865390,1
56848745,3
56862670,3
56840678,1
56887471,3
56885901,1
56840543,3
56873787,3
56875186,2
56883383,1
56883536,2
56875185,2
56843692,3
56888265,3
56879964,1
56860705,1
56872128,3
56882918,3
56865294,1
56849684,1
56859843,3
56871021,1
56882171,1
56844807,1
56882257,2
56821689,2
56871420,2
56879597,2
56872999,3
56838399,1
56826569,1
56830173,1
56824572,2
56885491,1
56884624,1
56855293,3
56888713,3
56876429,3
56887631,2
56866738,1
56835060,2
56877780,1
56883382,1
56838161,2
56883570,2
56818705,1
56886352,1
56876831,2
56887974,3
56879821,3
56871323,2
56860344,2
56828843,2
56875773,2
56882502,3
56888122,3
56888123,3
56854867,1
56845908,1
56884682,3
56835935,1
56879264,2
56886002,2
56835154,1
56879263,2
56884848,3
56869129,1
56851778,1
56888859,2
56876789,3
56867379,3
56889169,2
56875384,1
56879599,3
56886731,1
56835451,1
56871324,2
56875659,3
56881727,3
56870900,2
56888245,3
56869041,1
56884681,3
56845909,1
56872005,1
56870911,2
56855686,1
56852991,1
56887530,1
56872497,1
56883777,3
56862008,3
56831668,1
56890995,1
56880118,3
56822368,1
56874917,3
56881820,3
56832255,2
56890203,3
56890202,3
56887512,3
56846268,2
56833839,1
56892995,2
56892996,2
56865552,2
56876392,1
56891747,1
56889196,1
56864088,1
56893263,3
56838192,3
56828880,3
56893432,1
56857262,1
56881540,3
56831869,1
56864747,3
56892629,1
56887298,3
56820652,2
56882790,3
56863744,1
56891166,3
56892984,2
56888714,3
56887632,2
56835164,2
56887725,2
56855591,1
56855687,1
56886353,1
56886486,2
56864269,1
56890614,1
56819183,1
56849421,2
56875734,3
56853247,1
56878395,1
56858737,1
56871339,2
56875605,2
56854906,3
56878396,1
56892578,3
56860518,3
56878863,1
56896507,3
56846011,1
56890136,1
56893889,3
56821609,2
56877450,3
56894025,2
56893089,1
56893083,2
56826971,2
56895875,2
56891574,3
56890553,1
56893353,3
56828607,1
56860280,3
56843775,1
56893458,2
56849372,3
56886997,3
56867734,3
56889941,3
56862007,3
56833019,1
56885490,1
56877306,3
56859893,1
56884600,1
56870794,3
56898639,3
56895972,1
56868535,1
56891844,2
56883569,2
56897427,1
56883677,3
56861608,1
56820966,1
56890562,2
56869762,1
56847727,1
56892237,2
56883902,1
56874253,2
56867546,3
56865973,1
56874167,2
56843937,1
56873123,3
56842999,1
56875774,2
56838567,2
56887316,3
56893890,3
56882791,3
56868123,3
56888455,1
56886003,2
56823064,2
56893082,2
56840912,1
56891617,1
56898669,2
56883597,2
56897257,2
56887733,2
56822369,1
56883769,3
56887724,2
56881068,1
56890573,3
56876892,3
56885341,1
56838566,2
56882919,3
56901205,3
56899526,1
56895664,3
56896672,1
56895787,2
56899673,3
56843420,1
56901335,2
56886358,1
56828606,1
56862956,3
56899997,2
56895967,1
56874106,1
56876661,1
56900191,2
56894799,3
56865577,3
56887737,1
56876832,2
56900367,1
56893352,3
56841101,3
56846534,2
56870180,1
56861899,1
56887996,3
56900762,3
56846646,1
56840316,1
56821805,1
56824796,2
56902049,3
56879038,1
56890198,1
56898407,1
56885725,3
56865617,2
56901336,2
56888860,2
56880524,1
56861173,3
56888674,3
56891845,2
56872257,1
56876642,1
56869763,1
56893198,2
56841088,3
56874107,1
56861487,3
56893495,3
56896220,3
56898989,1
56897841,2
56882518,3
56885342,1
56881507,1
56884548,3
56890281,3
56898459,3
56872256,1
56866395,1
56898640,3
56850388,1
56889170,2
56887734,2
56902849,1
56871212,2
56902889,2
56901544,2
56837316,1
56858941,1
56887973,3
56900456,3
56892630,1
56870484,1
56899237,1
56893751,3
56844083,1
56848857,1
56890190,1
56890191,1
56905133,3
56902817,2
56879390,2
56904353,3
56897428,1
56831099,1
56904352,3
56862157,2
56836956,1
56834666,1
56875816,3
56874294,3
56900956,1
56881726,3
56900960,2
56859960,1
56882750,3
56883298,2
56904184,1
56836299,2
56861172,3
56883428,1
56907068,1
56869788,2
56847623,2
56845274,1
56893361,1
56890563,2
56883776,3
56835520,1
56894929,3
56903287,3
56857574,1
56900763,3
56868557,2
56864749,3
56879765,3
56881506,1
56866093,1
56885249,2
56840392,3
56880157,1
56852444,3
56876430,3
56907785,1
56895763,1
56859792,1
56838640,2
56821334,1
56859939,2
56841538,1
56850285,2
56874951,1
56902777,3
56848933,1
56904114,2
56904258,2
56898850,1
56887863,3
56904257,2
56903078,3
56879531,2
56880785,2
56822934,1
56897695,1
56828842,2
56896219,3
56837373,1
56842821,2
56860485,1
56907514,2
56840347,1
56877235,3
56896506,3
56895665,3
56857080,1
56903954,1
56857369,1
56898479,1
56885926,2
56905159,1
56890282,3
56898429,3
56832358,1
56882082,3
56847384,2
56901485,2
56897313,1
56878314,3
56908629,2
56898988,1
56846499,2
56868534,1
56870443,1
56871603,2
56837513,2
56871685,2
56846079,1
56888456,1
56898549,1
56874918,3
56880503,1
56895874,2
56905319,1
56898509,2
56848795,1
56894319,1
56828477,1
56909810,2
56893199,2
56907016,2
56900508,1
56860484,1
56859390,2
56867780,1
56856511,1
56832230,2
56867979,3
56866351,1
56872044,1
56861286,1
56895758,2
56898548,1
56912366,1
56843421,1
56887780,3
56900099,3
56911073,1
56904226,2
56899998,2
56883768,3
56828900,1
56908769,1
56897694,1
56904583,3
56899053,3
56854861,1
56890991,3
56887320,3
56848858,1
56901304,3
56840492,2
56909638,1
56902848,1
56897602,1
56819182,1
56851998,1
56883901,1
56856558,1
56898159,3
56904529,2
56834665,1
56907460,3
56900735,2
56845959,2
56873624,1
56913396,1
56912307,1
56887493,3
56885724,3
56852939,2
56852992,1
56895757,2
56874952,1
56849144,1
56874823,1
56879308,1
56909639,1
56907033,3
56863018,1
56903042,2
56907240,3
56865759,2
56870269,1
56865981,3
56909218,2
56874171,1
56863402,1
56874297,3
56837514,2
56821951,1
56885544,1
56888264,3
56857224,3
56902430,2
56902257,1
56905134,3
56893090,1
56907817,3
56901457,2
56880831,1
56912509,2
56901450,1
56911057,2
56880540,3
56902816,2
56878617,1
56874227,2
56911638,1
56866094,1
56899270,1
56912134,1
56902048,3
56836043,1
56910616,2
56909594,1
56905320,1
56901458,2
56916260,2
56869940,2
56916350,1
56846233,1
56849256,1
56916582,3
56909702,2
56913764,1
56871421,2
56871256,1
56912591,2
56872561,1
56896133,3
56905968,3
56915604,3
56839804,1
56909075,3
56909066,3
56895235,1
56874386,3
56892643,1
56898373,1
56870907,2
56894026,2
56912327,2
56866638,1
56909593,1
56902429,2
56869138,1
56909774,3
56871214,1
56909703,2
56913819,3
56819805,1
56880502,1
56907067,1
56912805,3
56912693,1
56846533,2
56850961,1
56908628,2
56892238,2
56840768,2
56915519,1
56879650,2
56868850,1
56909063,3
56907459,3
56890994,1
56915788,1
56920442,3
56879228,3
56857164,1
56902483,1
56844884,1
56912267,3
56866350,1
56918034,1
56860220,2
56919336,2
56918006,1
56875604,2
56900463,2
56844883,1
56921090,3
56915508,1
56821608,2
56867380,3
56887297,3
56834640,1
56834754,1
56904784,3
56879039,1
56913335,2
56912326,2
56884625,1
56855421,1
56836188,2
56876509,1
56887470,3
56905465,2
56917942,1
56901451,1
56904113,2
56847385,2
56833840,1
56871176,2
56886186,3
56912609,2
56920830,1
56883517,1
56884847,3
56858738,1
56919480,1
56887753,2
56912668,1
56830174,1
56865085,1
56833045,1
56826570,1
56879965,3
56917628,3
56846064,1
56849785,1
56885978,1
56877451,3
56894312,1
56872006,1
56830604,1
56876395,1
56910930,3
56921814,1
56912365,1
56884738,1
56905466,2
56904130,2
56859963,1
56913841,2
56920691,3
56855568,1
56834207,1
56920933,3
56911567,3
56897256,2
56920934,3
56838486,1
56867811,1
56907325,1
56918392,1
56909219,2
56901204,3
56907784,1
56912200,1
56895576,3
56872141,2
56920552,2
56916233,1
56879465,1
56910776,3
56854428,1
56908114,2
56893106,1
56923518,1
56923519,1
56843636,2
56911058,2
56909775,3
56918035,1
56919242,1
56865657,2
56878246,3
56875411,2
56891896,1
56883676,3
56864671,1
56922341,2
56897603,1
56887998,1
56893514,1
56922698,3
56904528,2
56864904,1
56899054,3
56917383,1
56863079,1
56902256,1
56918625,3
56866639,1
56899674,3
56876396,1
56916232,1
56923330,1
56895743,3
56835127,1
56887555,3
56904129,2
56876624,1
56871316,1
56893264,3
56924817,1
56919422,2
56918005,1
56862849,2
56851999,1
56897661,3
56898158,3
56898851,1
56881200,1
56882410,2
56827225,2
56841551,1
56876508,1
56921506,3
56882751,3
56909675,1
56926062,2
56921765,3
56861218,2
56916351,1
56916261,2
56848061,1
56920692,3
56872681,1
56922188,1
56898833,1
56923533,3
56870008,2
56845548,1
56912592,2
56926494,1
56922436,1
56900509,1
56912692,1
56926662,1
56838440,1
56841087,2
56921305,1
56899428,3
56924239,1
56898458,3
56884739,1
56883516,1
56910617,2
56890220,1
56887492,2
56870793,3
56923646,2
56926254,2
56883051,1
56879532,2
56920910,1
56882501,3
56896309,1
56909062,3
56894798,3
56897638,1
56925200,1
56870270,1
56910065,3
56929580,3
56924248,1
56887531,1
56896673,1
56928884,2
56927234,3
56927258,1
56919088,3
56892985,2
56910777,3
56908010,1
56893023,1
56909572,3
56902888,2
56923426,3
56927591,2
56929109,3
56909723,1
56864347,2
56895968,1
56830106,1
56923647,2
56918173,2
56918145,1
56892367,2
56835759,1
56890986,1
56917627,3
56870930,2
56909356,3
56920553,2
56926063,2
56917754,3
56897314,1
56924577,3
56926172,3
56898670,2
56908192,3
56866717,1
56926253,2
56926199,2
56916277,1
56846242,2
56923537,1
56888918,1
56929092,1
56916583,3
56928985,1
56929093,1
56901545,2
56863019,1
56926532,1
56930744,3
56930745,3
56904412,3
56911637,1
56837094,1
56851102,2
56930905,1
56910180,3
56919858,3
56918458,1
56896310,1
56899229,1
56920030,3
56918459,1
56921304,1
56909456,3
56923298,2
56929893,1
56919060,2
56884659,3
56879466,1
56927230,1
56916276,1
56929939,1
56854303,1
56885979,1
56832506,1
56857370,1
56923525,2
56915251,1
56883882,2
56924983,1
56860154,1
56893513,1
56915520,1
56931980,2
56914412,1
56917350,2
56932096,1
56928187,3
56917425,3
56914554,1
56917351,2
56865982,2
56881821,3
56924294,3
56927086,3
56926025,3
56917805,3
56915018,1
56905213,1
56880832,1
56874824,1
56929894,1
56912472,1
56854407,1
56932944,3
56926200,2
56928962,2
56923538,1
56885900,1
56916407,1
56893105,1
56860235,1
56930812,3
56926533,1
56919859,3
56892577,3
56923892,1
56883969,1
56839803,1
56915521,1
56879031,1
56834360,1
56858302,1
56923247,3
56892935,1
56917798,1
56924295,3
56935429,1
56929903,2
56930038,1
56905309,3
56926038,3
56908115,2
56933005,2
56931689,3
56872129,2
56934554,1
56930112,3
56934537,1
56933004,2
56833652,2
56927519,3
56829878,1
56924747,2
56924752,2
56905641,2
56920829,1
56912608,2
56929110,3
56897449,2
56907015,2
56931861,1
56871308,1
56918158,1
56849107,2
56933508,3
56885248,2
56920911,1
56920977,2
56877210,2
56929370,1
56846507,2
56922897,3
56879600,2
56856540,1
56888244,3
56926876,1
56883050,1
56932402,3
56928822,3
56935306,3
56906691,1
56859791,1
56921766,3
56887518,2
56927175,3
56880869,2
56919079,2
56931688,3
56862756,2
56924314,1
56883429,1
56937302,3
56901472,3
56900100,3
56920836,1
56923561,2
56931860,1
56918172,2
56892368,2
56933325,1
56919423,2
56930979,1
56909907,1
56934846,1
56934884,2
56853248,1
56930813,3
56933629,3
56885370,1
56850962,1
56910066,3
56900672,3
56881660,1
56890979,1
56871684,1
56923246,3
56926877,1
56899525,1
56877532,1
56862632,1
56836360,1
56872680,1
56871020,1
56926283,3
56905493,2
56866737,1
56871257,1
56922135,3
56910909,1
56850387,1
56927815,2
56937589,2
56909996,3
56878021,1
56845463,1
56911577,1
56928363,3
56933509,3
56933846,3
56923068,3
56871424,1
56926708,1
56936705,1
56926711,3
56887044,1
56849786,1
56938291,3
56890219,1
56924746,2
56884599,1
56900192,2
56937329,2
56854304,1
56879508,1
56919177,1
56863090,1
56915250,1
56890606,2
56893360,1
56934599,2
56874045,1
56829797,1
56920800,3
56871307,1
56874097,2
56928186,3
56934779,2
56934681,1
56908768,1
56939206,1
56879309,1
56887718,1
56931083,3
56926661,1
56939390,1
56907513,2
56896382,1
56871604,2
56899269,1
56935430,1
56934375,3
56841550,1
56935493,1
56935566,1
56929005,3
56861116,1
56937234,3
56941236,1
56937213,2
56844980,1
56926284,3
56903079,3
56838016,1
56931792,2
56922437,1
56873962,1
56930428,2
56925144,2
56936213,1
56884988,1
56939140,1
56934960,3
56936761,1
56933628,3
56902025,3
56832254,2
56902344,1
56938084,3
56937978,1
56937227,3
56913334,2
56923425,3
56908101,1
56938545,1
56940065,1
56937332,2
56932967,1
56937286,2
56938617,3
56901471,3
56887554,2
56924984,1
56931830,3
56937434,3
56929216,2
56845579,1
56908923,1
56915605,3
56892445,1
56872998,2
56910181,3
56832782,2
56904183,1
56942655,3
56932943,3
56943925,1
56942658,1
56913506,1
56942753,2
56927176,3
56926171,3
56927257,1
56913842,2
56926212,1
56927520,3
56927592,2
56932911,2
56942905,3
56937330,2
56931793,2
56905494,2
56874209,1
56937521,3
56937588,2
56856569,1
56943056,1
56874208,1
56875079,1
56944710,3
56911793,2
56878247,2
56911645,1
56934872,3
56939336,1
56920293,3
56942221,2
56893457,2
56939391,1
56890987,1
56903640,1
56926660,2
56931480,1
56938290,3
56861113,1
56932730,1
56884987,1
56929904,2
56872099,1
56872027,1
56930111,3
56910955,3
56935716,2
56938642,1
56928961,2
56881061,3
56932731,2
56940002,1
56933085,3
56941413,1
56930410,1
56930904,1
56875080,1
56943012,2
56945819,3
56832628,1
56940449,3
56874044,1
56939125,1
56940555,1
56931082,3
56890946,1
56896442,3
56923069,3
56936760,1
56917755,3
56926026,3
56927231,1
56924315,1
56898480,1
56932732,2
56912266,3
56832413,2
56891616,1
56881069,1
56945604,2
56945600,3
56937331,2
56937433,2
56934600,2
56885001,3
56942963,1
56937380,2
56940315,3
56943011,2
56941772,3
56943066,1
56875412,2
56896222,2
56933845,3
56895577,3
56862590,2
56910425,1
56898374,1
56923299,2
56904173,1
56895744,3
56899427,3
56945397,1
56927183,1
56937066,1
56910293,3
56938306,3
56912381,1
56937235,3
56941087,1
56938440,3
56851596,1
56922189,1
56946899,2
56940078,3
56919337,2
56894311,1
56940170,1
56940193,1
56945826,2
56899236,1
56871346,1
56934847,1
56942220,2
56901838,1
56914413,1
56932214,1
56903763,1
56936942,1
56892446,1
56893752,2
56893809,1
56830398,1
56918624,3
56948162,2
56937933,1
56855974,2
56905310,3
56938258,1
56921574,1
56948159,1
56948199,3
56945521,3
56912306,1
56942754,2
56924474,1
56894141,1
56946850,3
56948444,2
56865974,1
56863008,1
56863238,1
56947754,3
56946050,2
56947964,3
56934029,3
56936943,1
56939745,1
56915088,1
56912133,1
56929760,3
56921573,1
56935494,1
56926037,3
56917799,1
56943877,3
56951024,2
56946481,1
56898559,1
56926294,3
56940169,1
56917804,3
56939141,1
56887719,1
56900285,1
56941483,1
56940207,1
56871177,2
56835433,1
56869941,2
56831113,1
56939124,1
56951346,1
56854685,2
56928169,3
56937649,3
56939207,1
56897450,2
56934855,1
56945839,1
56917067,1
56901837,1
56951544,2
56950705,2
56873521,2
56882566,1
56935027,3
56910292,1
56856902,1
56893750,3
56948968,1
56948124,3
56920441,3
56915789,1
56920483,2
56932337,3
56950964,1
56948198,3
56945418,3
56942659,1
56949561,3
56946791,2
56948314,1
56945641,2
56840677,1
56942932,3
56949603,1
56942906,3
56930397,2
56944309,3
56950029,1
56937522,3
56903286,2
56908736,3
56904437,2
56934672,2
56897843,1
56940261,2
56944462,2
56868583,1
56839795,1
56948625,3
56887736,1
56953044,1
56879961,1
56897842,1
56849174,1
56948669,3
56864953,1
56943278,1
56898337,2
56879025,1
56923170,1
56830851,1
56951969,1
56917766,2
56866716,1
56885956,1
56824259,1
56944308,3
56941533,1
56952599,1
56945820,3
56938730,2
56941749,3
56948624,3
56950225,1
56896381,1
56940461,3
56846688,1
56944709,3
56934871,3
56853725,2
56936648,3
56848520,1
56946188,2
56898336,2
56833020,1
56879026,1
56950788,3
56924324,1
56885545,1
56929759,3
56940780,1
56935305,3
56932403,3
56886015,1
56888673,2
56945599,3
56862763,1
56948374,3
56942744,3
56884936,1
56908100,1
56949602,1
56955417,1
56948445,2
56859132,2
56940260,2
56919481,1
56890605,2
56941612,2
56936724,1
56842675,1
56952971,3
56853876,1
56831669,1
56954281,1
56934961,3
56917373,1
56946189,2
56932374,3
56948967,1
56951714,1
56929579,3
56949190,1
56892936,1
56888427,1
56956536,1
56891575,2
56949560,3
56953906,2
56944143,3
56953965,3
56836842,1
56943223,3
56947486,1
56944461,2
56856228,1
56946051,2
56925450,1
56937648,3
56920320,1
56873063,1
56956323,2
56862468,2
56937032,3
56953567,2
56924249,1
56943552,3
56952071,3
56932618,2
56956584,3
56956583,3
56923415,1
56922136,3
56941484,1
56948375,3
56926396,2
56953962,1
56958074,3
56853194,1
56953973,3
56949959,2
56953963,1
56846482,2
56894928,2
56909734,1
56919890,1
56825480,2
56940462,3
56895234,1
56956039,3
56915727,2
56837095,1
56874298,2
56863401,1
56950789,3
56920482,2
56905160,1
56949219,3
56937212,2
56948163,2
56950963,1
56956443,1
56937220,2
56945520,3
56890552,1
56937149,3
56941336,2
56945642,2
56955188,1
56913763,1
56942743,3
56945590,2
56942933,3
56956778,2
56953974,3
56941532,1
56945858,1
56956909,2
56945859,1
56868746,1
56943067,1
56955778,3
56900444,1
56951545,2
56958730,3
56958729,3
56908737,2
56852235,2
56944967,3
56844084,1
56877209,2
56913210,1
56960016,3
56957431,1
56893808,1
56960174,2
56893846,2
56952125,1
56946573,2
56916406,1
56954774,2
56952072,3
56915119,2
56898583,2
56938453,3
56952169,3
56924762,1
56871423,1
56891746,1
56952776,1
56901675,2
56959562,2
56942883,1
56900445,1
56944416,3
56881201,1
56883762,1
56874054,1
56861995,2
56926707,1
56958853,1
56925895,2
56957265,3
56953562,1
56908011,1
56960175,2
56949173,3
56903951,1
56951003,1
56926403,1
56956654,1
56931674,1
56922161,2
56948509,2
56956658,1
56952598,1
56903043,2
56944660,1
56917280,3
56949960,2
56945857,1
56932016,2
56944659,1
56957009,1
56830011,2
56940513,3
56909185,1
56928362,3
56957112,3
56889942,2
56947753,3
56890947,1
56953433,3
56935011,2
56954494,1
56953560,3
56920507,1
56932336,3
56912201,1
56959264,2
56910412,3
56939746,1
56950936,3
56956537,1
56909450,1
56935715,2
56959511,1
56957913,3
56920873,1
56924753,2
56960837,3
56905903,1
56958073,3
56930429,2
56941748,3
56945760,3
56950335,1
56828712,1
56941773,3
56937647,2
56954296,3
56917550,1
56959000,1
56962673,3
56911988,2
56877112,1
56959092,3
56953568,2
56929940,1
56950903,1
56913273,1
56920494,1
56938083,3
56960434,3
56963453,1
56956615,3
56900178,1
56926247,3
56931612,3
56953964,3
56962332,3
56859938,2
56943036,2
56918159,1
56917943,1
56961163,1
56965225,1
56901674,2
56886732,1
56876182,1
56929393,1
56873522,2
56964248,3
56937718,1
56868745,1
56961524,3
56936623,1
56954267,1
56904715,1
56854986,2
56964247,1
56935012,2
56953403,2
56964593,2
56965537,1
56901834,1
56855587,2
56931481,1
56953563,1
56949113,2
56965983,3
56928925,2
56960380,2
56946790,2
56934587,1
56952259,1
56894142,1
56897272,1
56958016,2
56964999,2
56910956,2
56913820,3
56922340,2
56959510,1
56952739,1
56952777,1
56864337,1
56948584,2
56963840,3
56961092,2
56959563,2
56959799,3
56871345,1
56964494,3
56956275,3
56933540,1
56964592,2
56834359,1
56943553,3
56965544,1
56957263,1
56956426,3
56951716,1
56918634,1
56962937,2
56909402,2
56967576,2
56959338,1
56938361,2
56955187,1
56919243,1
56949754,2
56963603,2
56940091,2
56967913,2
56887995,2
56881996,1
56965224,1
56943301,3
56878618,1
56958854,1
56915518,1
56940514,3
56879651,2
56910271,1
56884501,1
56937934,1
56924238,1
56937033,3
56938191,1
56964692,1
56952168,3
56949189,1
56948158,1
56934389,1
56959337,1
56849173,1
56862757,2
56962207,3
56881155,1
56918146,1
56963731,2
56916389,1
56969212,2
56937487,1
56933324,1
56963732,2
56965134,2
56962358,2
56925143,2
56967934,2
56938849,2
56948570,2
56937652,3
56969948,1
56870931,2
56838569,1
56962780,3
56887511,2
56930078,2
56946568,1
56960239,2
56920495,1
56928821,3
56959311,3
56956616,3
56902776,2
56967651,1
56951025,2
56946572,2
56912667,1
56967777,2
56954004,2
56958015,2
56967776,2
56955082,1
56946933,3
56969211,2
56944097,2
56967958,2
56835165,2
56934680,1
56955664,3
56955626,2
56895007,1
56963893,2
56953108,1
56968251,2
56926831,1
56910555,1
56945364,1
56943878,3
56893024,1
56966105,3
56956657,1
56953753,3
56960603,2
56922077,1
56956864,2
56962297,1
56846505,1
56923641,1
56900286,1
56947480,3
56963885,1
56932213,1
56936706,1
56907816,2
56971464,3
56932729,1
56892843,1
56951004,1
56965984,3
56931673,1
56861900,1
56927508,1
56942714,3
56924818,1
56909689,2
56926213,1
56948313,1
56941237,1
56960604,2
56938546,1
56895796,1
56963894,2
56909792,2
56966617,3
56954074,3
56948508,2
56966616,3
56966623,2
56969448,1
56952772,1
56904411,2
56966983,2
56948849,3
56954295,3
56915718,1
56879877,2
56967053,3
56838237,1
56942177,1
56827742,2
56888396,2
56965782,1
56968535,3
56971298,2
56964760,3
56949271,1
56913397,1
56967575,2
56945483,1
56937308,1
56971603,2
56967679,1
56974397,1
56974468,1
56970436,1
56932912,2
56945589,2
56927507,1
56952501,3
56944149,3
56974481,1
56955418,1
56966423,3
56933086,3
56971844,2
56972015,2
56843903,1
56922537,1
56937438,2
56970729,2
56965184,3
56959724,3
56967181,2
56959723,3
56919891,1
56907368,2
56950704,2
56888428,1
56826669,1
56967397,1
56967402,1
56960240,2
56962938,2
56937067,1
56964641,1
56971370,1
56965768,1
56877211,2
56956422,3
56937977,1
56960257,3
56960435,3
56877512,1
56930411,1
56971579,3
56938454,3
56934553,1
56975995,1
56971651,2
56833516,2
56974419,2
56946650,3
56944098,2
56963604,2
56974547,2
56960967,2
56934748,1
56973413,1
56970670,2
56883880,1
56917424,2
56868658,2
56941950,1
56934854,1
56904519,1
56956274,3
56953551,1
56917427,2
56950902,1
56910411,3
56923132,3
56918635,1
56927137,1
56964680,3
56948123,3
56931624,2
56971299,2
56939855,1
56940092,2
56924802,2
56956423,3
56975973,2
56975972,2
56974467,1
56920799,3
56960751,2
56975985,2
56957984,3
56926393,1
56925107,3
56977630,1
56962357,2
56974926,2
56908658,1
56969447,1
56863264,1
56967021,3
56943218,3
56911568,2
56926712,3
56954384,1
56925449,1
56917426,2
56959090,2
56951666,3
56925896,2
56957266,3
56869042,1
56978448,1
56978474,3
56946611,1
56923416,1
56915087,1
56946598,1
56966024,3
56977173,1
56886014,1
56977109,3
56948377,2
56970503,3
56974482,1
56962206,3
56965000,2
56953854,2
56960752,2
56963512,2
56930077,2
56854973,1
56918393,1
56976256,2
56965121,3
56909818,1
56897840,2
56967899,1
56887999,1
56952879,3
56977950,3
56849181,2
56956040,3
56976376,2
56930978,1
56931967,1
56900957,1
56936622,1
56967182,2
56957205,1
56854940,2
56895700,2
56976784,1
56964681,3
56946569,1
56970333,1
56977111,3
56886187,2
56881116,2
56978755,3
56953855,2
56980019,3
56948378,2
56945909,2
56980248,1
56909722,1
56974732,2
56963487,1
56977380,2
56972053,3
56926392,1
56907246,1
56949769,1
56980400,2
56937379,2
56969795,1
56969688,1
56903641,1
56975437,3
56937717,1
56945190,3
56979380,3
56951868,1
56949174,3
56975721,3
56885761,1
56968319,3
56974124,3
56978599,2
56937064,1
56975879,1
56977108,3
56954773,2
56964861,2
56977172,1
56973111,3
56980014,2
56970502,3
56966422,3
56966151,1
56946932,3
56953907,2
56960966,2
56956908,2
56954144,1
56978982,2
56888168,1
56911074,1
56948583,2
56948580,3
56974925,2
56978983,2
56931831,2
56955768,1
56862250,1
56897813,1
56970728,2
56859373,2
56961629,3
56841157,2
56972716,2
56967959,2
56959870,1
56920976,2
56914788,1
56969900,3
56981054,1
56957111,3
56853875,1
56960017,3
56964761,3
56861112,1
56965767,1
56978581,1
56973019,1
56982689,2
56934536,1
56978758,2
56979938,3
56974548,2
56981577,2
56974420,2
56905746,1
56954083,3
56909733,1
56897708,1
56970630,2
56954084,3
56980763,2
56882411,2
56966984,2
56975216,3
56907090,1
56948848,3
56903634,1
56882567,1
56874705,1
56968329,3
56893753,2
56978598,2
56934346,2
56956427,3
56946651,3
56982688,2
56979909,1
56939854,1
56982902,3
56971578,3
56946851,3
56984356,1
56977357,2
56971840,2
56967914,2
56932040,2
56940478,3
56979026,1
56908511,1
56943037,2
56959869,1
56983602,1
56952970,3
56945917,1
56964495,3
56978270,3
56983816,3
56921183,1
56976536,2
56979337,3
56947960,3
56961871,1
56939824,1
56926195,1
56974348,3
56976016,3
56915071,2
56928984,1
56966676,1
56908659,1
56972229,2
56980756,3
56955751,3
56895006,1
56984687,3
56950334,1
56983410,2
56983536,2
56940554,1
56920031,2
56961495,3
56933925,1
56856901,1
56920292,2
56903854,1
56823902,2
56924060,3
56979554,1
56986792,1
56984039,3
56950935,3
56964705,3
56862655,1
56909455,2
56940038,1
56984311,2
56923350,1
56945605,2
56982679,2
56953812,3
56985829,2
56970612,2
56949753,2
56983293,3
56980401,2
56955625,2
56981792,2
56861996,2
56987408,1
56984652,2
56899228,1
56978443,1
56984105,3
56985042,1
56978608,3
56951052,1
56978609,3
56974219,1
56981520,3
56964726,1
56973119,1
56962028,1
56982558,1
56984344,2
56967650,1
56980015,2
56970418,3
56985678,2
56959357,3
56984395,1
56880870,2
56973412,1
56983184,2
56981622,3
56925177,1
56983238,2
56974840,2
56889195,1
56955663,3
56987407,3
56931063,1
56987554,3
56970903,3
56940477,3
56967417,2
56975814,3
56951970,1
56971604,2
56974271,3
56970439,3
56962045,1
56989747,2
56985402,2
56981559,2
56977379,2
56952258,1
56933541,1
56944148,3
56980203,1
56984312,2
56976094,3
56985677,2
56984392,3
56971925,2
56980177,2
56983183,2
56893496,2
56851023,1
56895973,1
56883881,1
56897495,1
56944968,2
56983535,2
56934980,2
56907326,1
56967066,1
56946094,1
56984038,3
56937063,1
56986793,1
56990634,3
56946480,1
56939900,1
56923169,1
56982780,2
56940001,1
56874172,1
56989748,2
56976195,2
56989875,3
56981558,2
56980176,2
56888049,1
56971924,2
56978912,1
56990097,3
56933708,2
56979025,1
56951434,1
56980533,2
56976535,2
56912791,1
56969958,2
56986750,3
56920321,1
56982249,1
56861117,1
56962046,1
56990635,3
56968861,2
56963157,1
56941086,1
56992529,1
56982640,3
56960484,3
56984303,3
56927872,1
56987189,1
56940066,1
56983024,2
56891167,2
56991238,3
56940360,1
56939899,1
56897741,1
56951316,1
56984573,1
56954223,1
56983172,1
56988803,2
56941454,1
56944940,1
56894943,2
56988920,3
56989048,1
56917066,1
56991928,2
56965471,3
56987603,1
56865086,1
56867719,1
56968328,3
56949114,2
56993405,3
56978457,3
56970169,1
56985211,2
56984288,2
56967564,2
56970417,3
56960381,2
56965660,1
56941381,1
56984289,2
56962163,3
56962164,3
56990987,1
56993965,1
56991235,2
56992736,1
56900115,2
56981793,2
56907239,2
56970611,2
56927910,2
56904582,2
56904438,2
56975215,3
56947469,3
56967069,3
56954282,1
56929371,1
56990298,3
56969949,1
56986668,2
56842998,1
56909469,1
56940781,1
56978561,2
56990796,3
56974220,1
56937226,2
56977110,3
56992511,2
56977257,2
56992582,2
56947242,1
56991204,3
56990986,1
56991239,2
56991179,1
56895852,2
56991236,2
56973523,1
56994330,2
56991557,3
56937873,1
56940448,3
56939462,1
56976350,3
56903635,1
56935356,3
56892844,1
56965659,1
56968534,2
56982639,3
56971841,2
56978562,2
56985384,3
56949714,3
56927138,1
56991185,1
56967816,3
56992648,2
56991119,2
56991180,1
56845319,1
56991237,3
56965135,2
56933014,1
56990021,2
56911792,2
56943055,1
56940037,1
56959734,1
56900777,1
56995749,3
56948828,2
56954484,1
56955708,1
56874055,1
56859131,2
56979378,2
56937874,1
56968318,3
56974303,1
56975986,2
56995196,1
56993565,1
56907171,1
56955096,1
56982901,3
56923642,1
56976351,3
56960871,1
56964226,3
56888917,1
56998471,1
56958951,1
56941949,1
56906294,1
56968198,3
56856541,1
56981012,2
56910294,2
56920506,1
56996229,2
56978582,1
56967418,2
56992565,1
56935565,1
56991203,3
56950224,1
56943824,2
56934588,1
56964974,3
56922536,1
56897742,1
56998476,3
56959821,3
56987530,3
56965328,2
56998662,2
56981011,2
56906441,2
56992254,3
56978462,3
56981322,1
56978442,1
56975864,1
56970173,1
56956358,1
57000674,2
56993404,3
56989696,1
56974398,1
56976017,3
56901437,1
56996483,1
56985599,3
56970586,1
56999276,1
56982945,3
56996490,3
56998155,2
56941382,1
56977358,2
56978714,2
56983033,2
56842288,2
56956823,2
56966622,2
56923638,2
56983144,2
56998215,3
56988737,2
56990096,3
56969200,2
56987406,3
56987343,2
56998472,1
56940563,1
56932039,2
56840024,1
56967164,1
56979256,3
56969996,3
56983815,3
56967067,1
56835758,1
56957264,1
56970174,1
56848934,1
56951836,3
56992276,1
56982146,3
56987847,3
56960212,3
56981262,3
56961983,3
56998795,1
56959162,4
57000673,2
56959356,3
56935546,1
56996230,2
56989693,1
56998056,3
56998022,2
56981493,3
56992402,1
56998023,2
56991120,2
56952686,2
56977182,2
56985385,3
56995371,1
56995370,1
56988628,2
56966677,1
56988804,2
56980658,3
56870485,1
56934673,2
56951345,1
56999851,3
57002772,1
56986199,3
56958427,1
56941784,2
56962601,1
56998576,3
56993137,2
56965472,3
56970050,1
56976861,3
56975720,3
56971371,1
56931623,2
56992377,1
56974290,1
56964642,1
56861003,1
56973110,3
56962448,1
56951867,1
56974328,1
56995495,2
56992657,2
57002303,2
56991506,2
56863007,1
56996525,2
57001006,1
57002297,3
57001061,1
56965183,3
56983037,2
56995563,3
56974731,2
56854031,1
57001060,1
57001156,1
56994447,3
56984651,2
57000167,1
56921113,2
56979164,3
56995794,1
56958542,1
56987529,3
56990209,1
56973727,1
56917382,1
57001377,2
56979379,2
56968197,3
56956444,1
56980018,3
56951835,3
56999002,2
56923331,1
57001984,1
56954005,2
56938643,1
56991016,2
57000958,1
56974270,3
56920756,1
56998210,1
57000951,1
56994001,2
56844808,1
56961454,1
57005321,2
56989991,1
57002635,2
57005633,2
57005739,3
56974839,2
56890892,1
57003222,1
56993177,2
56998719,3
56964609,1
57003350,3
56975813,2
56976864,1
56973020,1
57000662,1
56924415,1
56993667,1
56978759,2
57004689,1
56985255,2
56952500,3
56945761,2
57003615,2
57006448,2
56963452,1
56976121,3
56998214,3
57005114,1
57002396,2
57002278,2
56983038,2
56943224,2
57005322,2
56854408,1
56999850,3
56962384,1
57002634,2
57002819,3
56983573,2
56983574,2
56987470,2
56958738,1
56988853,2
56995748,3
56950538,1
56982061,1
56935026,2
56951651,3
56967122,2
56984728,1
57003297,1
56964608,1
56961984,3
56997935,2
57004632,3
56971465,3
57003483,2
56998037,3
56984304,3
57006397,1
56977258,3
56966106,3
56966247,3
56996672,3
56998156,2
57007816,3
56959408,3
56998267,2
56983023,2
56980249,1
57003828,2
57005325,2
56981621,3
56933682,1
56978269,3
56994694,2
56964355,3
56879962,1
57006156,1
56971138,3
57000560,1
57004690,1
56976865,1
56987838,3
56990797,3
56986970,3
56979693,1
57003652,3
56965960,1
57007817,3
56976182,1
56998268,2
56989974,3
56989975,3
56999854,1
56954149,2
56832810,1
57001157,1
56984588,2
56998479,3
56961630,2
57008396,2
56871683,1
56993138,2
56948885,1
56947963,3
56978461,3
57003335,3
56995033,2
56967396,1
56966238,3
57007210,1
56985298,3
57006274,1
56941613,2
56980195,3
56994000,2
56954180,2
56945838,1
56986274,1
56954181,2
56990208,1
56907245,1
56980379,1
56973649,1
56945795,1
56921089,2
56900750,1
56970049,1
57001526,1
56985299,3
56973118,1
56979694,1
57007161,3
57007413,1
56984345,2
57009067,3
56951053,1
56977015,1
57009068,3
57004631,3
57002000,3
57009153,3
57006396,1
56980194,3
56935355,2
57004753,1
56941507,1
56922078,1
57002397,2
56994171,1
56983145,2
57005494,2
57012238,1
56919612,1
57001258,3
56998513,1
56932095,1
57003136,3
56883970,1
56834208,1
56954483,1
56961872,1
56970425,1
56985212,2
57003517,1
56974291,1
56976183,1
57004506,3
56960870,1
56995227,1
56979761,1
56993738,3
57003565,2
56976095,3
57000952,1
56984393,3
56994397,1
57010681,2
57010680,2
56973362,1
56973563,3
57013644,2
56969654,3
57009573,2
57012258,1
57008503,2
56926404,1
56988919,3
57006864,2
57003178,3
56962674,2
56998663,2
56951650,3
56913119,1
56976833,1
57014437,1
57014532,1
56995162,2
56995197,1
57012913,2
56967678,1
56971283,1
56988321,2
56987108,3
56936157,1
57006527,2
57014823,2
57008021,2
57013643,2
57014953,3
56956863,2
57013707,2
56969901,3
57000273,1
57008824,2
56943300,2
56995793,1
56983873,3
56992178,1
56936725,1
56831987,1
56992277,1
56909357,2
57003423,2
56957432,1
56868405,2
56980202,1
56960682,1
57012969,3
56999146,1
56969083,1
56999275,1
57006459,3
56992751,2
56995195,2
57014712,3
57010517,3
57002298,3
56965959,1
57001105,3
56969082,1
57011044,1
57002294,3
57008245,2
56965059,1
57006620,1
56958201,1
56967699,1
57008301,2
56973363,1
56969439,1
56954145,1
56867718,1
57015083,1
56980764,2
56991838,3
57009528,3
56939463,1
56969687,1
56983874,3
56906442,2
57015241,3
56973726,1
56923891,1
56956322,2
57006054,2
56917551,1
56962779,3
56992253,3
57003324,3
56997769,3
56947243,1
56979908,1
57006341,2
56959091,2
57011821,3
57014581,1
57015784,1
57012968,3
56937008,1
57010209,3
57015799,1
57005000,2
56971731,1
56904172,1
56993666,1
57009181,3
57009286,3
57014713,3
56963486,1
56992658,2
56995291,2
56972052,2
56995569,2
57005442,3
57001005,1
56915509,1
56948668,2
56957034,1
57003137,3
56959735,1
56995831,1
56862469,2
56946093,1
56852015,2
56975880,1
56974329,1
57012712,3
57010151,3
57013076,3
56962290,1
56991186,1
57007482,3
57017481,2
57016009,3
56904518,1
56977502,2
56933570,1
57009352,2
56951433,1
56970591,1
57017633,1
56945860,1
56997081,2
57014952,3
56966856,1
56990044,1
56933571,1
57002652,3
56986571,1
56896441,2
56989620,1
56953559,2
57018253,1
56975929,1
57008977,3
56981492,3
57013160,3
57017350,1
57018633,1
56943926,1
56952773,1
56971282,1
57002271,2
56985600,3
57017524,3
57012048,1
56995290,2
56992804,3
57009425,2
56956868,1
56870234,2
57017710,2
57020591,1
56969653,3
56997432,1
57006863,2
57008395,2
57012442,1
56929392,1
57008522,1
57001285,3
56865109,1
56957035,1
56971263,2
57020063,3
56975939,1
56992512,2
56983034,2
57009113,3
56990665,1
56988353,3
57014675,1
57014707,2
56972070,1
56995328,3
56991240,2
56975994,1
56955707,1
57017711,2
57003827,2
56983601,1
57002771,1
57020590,1
57001104,3
57019629,1
56937515,2
56876181,1
57016919,2
57001376,2
56965536,1
56862654,1
56852588,1
56951713,1
56905214,1
57017198,1
56990664,1
56997822,1
57004303,3
57009047,3
57018323,2
57017196,2
57018340,3
57004619,1
57017349,1
56979939,3
57014788,3
57021622,3
57014789,3
57014822,2
57020397,1
56947468,2
57005084,2
57023121,1
57012152,2
56940194,1
56981576,2
56945794,1
56954383,1
57011331,2
56979327,1
56947959,2
56973807,1
56986391,1
56958999,1
56831100,1
56997770,3
57003338,3
56976765,2
56988042,3
57021022,3
57003482,2
56966023,3
56976860,3
57018377,3
57020147,1
56977014,1
57009112,3
56964988,1
57007426,2
56999003,2
57011822,3
57003600,2
57021595,2
56944700,1
56962289,1
57003837,3
57019030,2
57017728,1
56986198,3
57016507,2
56986641,1
57025002,1
57025130,1
57025269,1
56980755,2
56965352,1
56976428,1
56951715,1
56841953,1
56861002,1
56933199,2
56975928,1
56995189,2
57025592,2
57025656,1
56971730,1
56964975,2
57024195,3
57018847,2
57021502,1
56998127,3
56933683,1
56992693,2
56971879,3
56970544,2
57022003,2
56972071,1
57023317,1
56961306,2
57017652,2
57016526,2
57020480,2
56997317,1
56931062,1
57008177,1
56973564,3
57004034,2
57025182,1
57015057,2
57015124,2
57006082,3
56981053,1
57012713,3
57009046,3
57018578,2
57018587,1
56979762,1
56992581,2
57024314,3
56995327,3
57005441,3
56940206,1
57014975,3
56956900,2
57024695,2
56977501,2
57005304,3
57011092,3
57005326,2
56969440,1
57025022,2
57003043,1
56998514,1
56927873,1
57009572,2
57026275,1
57007019,1
56962152,2
57012751,1
56992378,1
57020064,3
57022930,3
57014530,1
57008943,2
57018444,3
57025661,3
56955081,1
56996624,1
56992566,1
57017541,1
56972014,2
56954224,1
57013708,2
57019098,2
57009351,2
57002658,2
57013580,2
56973426,1
57016368,2
57017839,3
56979212,3
56982005,1
57025131,1
57004138,2
56956173,1
57023537,2
57025464,2
56995159,1
57003614,2
56998038,3
57007427,2
57007160,2
56986896,1
57029722,1
56998209,1
57017592,3
57005083,2
57020233,3
57025860,3
57027134,1
57020238,2
57017480,2
57007896,2
57017540,1
56999375,1
56887659,1
56947484,1
57027524,2
57027592,1
56973524,1
57008302,2
57022318,2
56995885,1
56993178,2
57011645,2
56998794,1
56982248,1
56985543,1
57029625,3
57018634,1
57023008,2
56998157,2
57014676,1
57025702,2
57010516,3
57017523,3
56989876,3
57007676,1
57007739,3
56987344,2
56999520,3
57020316,2
57030106,2
57017632,1
57005090,2
57005127,2
57017591,3
56966798,1
56967068,2
56983409,2
57031645,2
56975244,1
57028974,1
57019557,3
57019871,3
57017960,3
57029041,1
57029058,2
56953432,2
56918595,1
56984923,2
57003336,3
56996114,1
56975921,2
57025662,3
57026812,1
57028406,2
57031165,3
56963839,2
57021239,3
57003624,3
57011899,2
57019031,2
57005128,2
57004999,2
57009426,3
57019099,2
56994396,1
57013537,1
57021784,3
57025976,3
57033033,1
57003883,1
57026112,1
56953107,1
57031646,2
56984747,3
57020571,1
57023486,2
57023538,2
56986667,2
56967261,1
56992049,1
56976483,2
57003179,3
56986572,3
56885760,1
56965781,1
57020978,1
57014468,2
56970332,1
57004609,1
56993767,3
57028377,3
57015575,2
56904158,2
57007677,1
56952876,2
57028572,3
57031358,2
56955769,1
57020437,1
57027225,3
57028769,2
57030185,2
57002818,3
56979005,1
57000272,1
57013856,3
57005493,2
57013855,3
57034494,2
57019897,2
57017110,1
56892644,1
56888169,1
56959163,1
56982147,3
57014469,2
57021021,3
57007018,1
57004514,1
57001999,3
57029611,2
57003422,2
56937219,2
57012912,2
57033943,2
57029905,2
56980378,1
56983158,1
56960681,1
57021623,3
56998336,2
57035830,2
56973403,2
57020481,2
57020409,1
57033107,2
57014997,2
57028975,1
57003962,3
56972819,1
57005740,3
57034539,2
57017961,3
57008823,2
56906293,1
56983159,1
56995226,1
57003349,3
57025591,2
57021240,3
57026818,3
57031193,3
57031172,2
56958202,1
56964967,1
57032536,2
56994073,1
57002304,2
57024473,3
56956867,1
56992692,2
56940402,1
57017702,1
56962385,1
57033106,2
56966799,1
57025023,2
57008246,2
57035979,2
57003223,1
57034493,2
56934981,2
57009584,3
57034538,2
57019737,3
57003458,3
56916388,1
57019989,1
57026813,1
56996763,2
57032123,1
57018577,2
57033887,3
57031192,3
57022979,3
57034025,2
57015800,1
57027004,2
57012984,1
57020234,3
57021961,3
57006709,2
57038617,1
57035801,2
57015056,2
57024961,1
57003042,1
57028941,1
56989982,1
56980950,1
57034408,3
56978381,2
56967052,2
57036377,1
56967163,1
56968250,2
57019990,1
56954493,1
57003299,3
57003323,3
57003327,3
57001592,1
56971137,2
57029612,2
56996524,2
57031166,3
57022889,2
57033942,3
57037854,3
57039603,1
56984396,1
56934578,1
57038122,2
57034050,2
57010485,1
56996513,2
56915019,1
57034175,1
56970590,1
56995570,2
57024694,2
57035898,1
57028808,2
56987409,1
57023418,1
56954075,2
57037225,3
56955632,2
57027821,2
56991650,1
56975543,1
57033664,2
57022340,2
56943277,1
57017049,3
57034596,3
56957206,1
56949220,2
56990414,2
56990415,2
57017195,2
57012750,1
56930037,1
57025545,3
57003408,4
57025612,3
57003584,3
57018376,3
57023009,2
57021594,2
57032471,2
57038272,2
57011898,2
57005089,2
57002073,1
57038273,2
57021785,3
57024484,2
57017628,3
57020396,1
56985906,2
57028770,2
57035589,2
57030274,2
57028680,1
57038472,1
57014062,1
56962327,1
56979006,1
56980732,3
56994230,1
57036065,3
56998517,1
57026111,1
57038910,2
56980970,1
57034624,3
56970904,2
56959089,2
57003457,3
57018054,3
57002190,2
57039406,2
57010128,3
56837792,1
57025713,2
57002166,1
56971588,2
57040963,1
57041052,1
57027444,1
57007738,3
57032764,2
57022002,2
56994446,2
57028681,1
57009485,1
57035653,1
56921182,1
57023384,3
56898832,1
56988738,2
57042635,1
56958737,1
56963886,1
56998450,1
57027822,2
57018028,1
56984806,1
57040033,3
57015123,2
57001284,3
56943217,2
57026276,1
57031776,2
57030901,2
57004572,1
57010080,1
57029476,3
56996113,1
57024194,3
57003409,4
57006275,1
57035094,2
57015881,2
56966875,1
56992805,3
57028573,3
57031355,2
57019097,3
56857652,2
57038630,2
57010629,1
57041408,2
56987494,1
56961453,1
57038786,1
57023485,2
57041839,2
57041838,2
57036378,1
57036454,2
56910908,1
57012779,1
57018445,3
57020977,1
57036678,2
57007460,2
57018492,3
56932375,2
57038123,2
56929180,2
57020148,1
57045114,1
57042407,2
57041051,1
57031319,2
56987493,1
57008178,1
56937651,2
57013579,2
57042468,3
56999855,1
56995695,2
56995623,2
57008523,1
56994657,1
57045429,1
57030231,2
57039846,2
56866027,2
57030900,2
57034549,2
56885957,1
56995032,2
57017197,1
57023849,2
57025546,3
57036684,2
57032601,3
57008976,3
57036717,2
57045027,4
57029626,3
57042305,2
56883763,1
57013075,3
57003601,2
57031357,2
56972228,2
57006458,3
57042474,2
57038250,1
57044119,3
57034236,3
57038629,2
56979211,2
57041409,2
57028814,1
57025003,1
57035945,3
57041532,3
57002653,3
57013791,1
56936709,1
57039940,1
56899097,2
56997316,1
57031818,1
57023547,1
57027962,2
56986749,3
57043319,2
57040602,2
56956419,2
56956418,2
57015742,2
56973404,2
57038251,1
56979785,1
57018815,3
56968860,2
56859372,2
57047892,3
57045214,3
57001008,2
57036881,1
57043895,2
57034120,3
56985907,2
57010484,1
57041321,2
57043896,2
57042544,2
57002387,3
57048134,2
57042771,2
56965327,2
57030539,3
57022341,2
57034595,3
57001527,1
57020165,1
56981321,1
57039446,3
57043281,1
57023812,3
57031045,1
57008942,2
57048901,2
57029568,1
57012985,1
57034121,3
57015783,1
57045026,4
57032600,3
57024313,3
57009168,3
57045215,3
57048008,2
57039780,2
56962331,2
56974302,1
57045411,2
57048197,3
57042686,1
57035978,2
57008670,1
57037271,3
57050296,1
57047569,1
57018254,1
57037630,1
57042171,4
57026716,1
57040655,2
57007525,3
57023848,2
57006528,2
57020408,1
57032736,2
57015882,2
57012047,1
57006466,1
57039577,2
57046714,3
57013824,1
56998449,1
57044087,1
57027443,1
57041320,2
56965351,1
57044143,2
57042582,1
57048196,3
57031634,1
57028757,3
56994311,1
56890893,1
57012310,3
56945189,2
57044739,2
56975544,1
56834753,1
57025455,3
57023813,3
57004571,1
56996625,1
57017295,1
57017294,1
57045014,3
56951315,1
57020113,3
57033920,2
57018834,1
57047817,3
57010081,1
57022855,1
56898558,1
57010323,1
57030105,2
57032537,2
57021888,1
57016142,1
57036917,3
57041454,1
57044120,3
57005303,2
57037019,2
57010797,2
56954148,2
57015084,1
57012443,1
57027758,3
57009529,3
56994656,1
56828899,1
56939377,2
56848519,1
57040196,3
57018053,3
57001593,1
57011789,3
57053177,1
57022858,2
57025611,3
57042139,1
57047816,3
56924416,1
56948213,1
57045167,1
57039520,2
57046534,2
56947483,1
56981225,1
57049362,2
57037853,3
57041180,1
57030275,2
56992530,1
56990046,1
57052475,2
57037058,2
57042634,1
57013827,1
56991737,1
57034362,1
56856227,1
56937009,1
56938259,1
57037629,1
57004513,1
57050455,3
57039405,2
57036677,2
57050605,3
57003583,3
56937290,2
57047776,3
57036716,2
56924801,2
56933015,1
57031530,2
57050822,2
57052151,1
57034108,2
57002279,2
57045231,3
57020317,2
56945050,2
57042601,1
57052476,2
57047127,2
57038941,3
56995884,1
57048180,1
57041690,2
57019762,1
56962449,1
56980951,1
57034625,3
57051120,1
57004620,1
56989642,3
57011668,1
57036666,3
57025674,1
57028407,2
57011667,1
57054430,3
57043320,2
57018846,2
57047771,3
57047770,3
57054429,3
57028427,1
57014706,2
56988322,2
57010322,1
57034070,2
57027107,3
57052152,1
57036918,3
57035652,1
57054911,2
57025948,2
57044088,1
57013823,1
57030079,1
56950539,1
57038740,2
57053809,1
57012259,1
56998537,1
57052707,1
57044554,2
56997543,1
57056671,1
57022508,3
57025268,1
57003296,1
56846063,1
57015741,2
57031933,1
57014580,1
57022888,2
57051588,2
57029477,3
57042140,1
57012994,1
57054582,1
57028428,1
57047921,2
57003651,3
57029399,1
57007481,3
57050702,3
57050685,3
57042378,2
57049345,2
56994172,1
57031318,2
57050731,3
57052168,2
57053526,1
57038618,1
57042695,3
57056508,2
57038471,1
57030080,1
57056507,2
57052619,3
57044223,1
56973806,1
57048306,1
56917281,2
57056691,1
57011275,1
57014061,1
57030787,1
57050082,2
56984922,2
57043099,3
57025655,1
57054036,3
57014438,1
57036455,2
57055975,1
57017254,3
57019953,1
57057155,2
57048797,2
57056994,1
57045166,1
57035095,2
57053342,2
57058797,1
57034026,2
57050549,1
57042306,2
57046465,2
56996788,2
57052099,2
57004754,1
56966876,1
57034071,2
57037018,2
56994072,1
57035800,2
57056412,2
57045355,3
57055346,1
57039994,1
57056621,2
56917372,1
57053837,3
57000220,1
57026321,1
56964691,1
57037675,1
57058752,2
57035056,1
57057197,3
57056003,2
57053235,3
56945467,2
57056137,2
57033888,3
57053363,1
57042233,2
57057437,1
56964860,2
57057308,1
57026899,3
57058899,3
57046623,1
57013159,2
57042377,2
57060526,2
57030186,2
57057927,1
57014974,3
57041179,1
57053611,3
56934749,1
57053682,2
57053700,3
56959800,2
57056451,2
57052594,3
56994074,1
57028015,3
57008473,1
57059435,1
57027757,3
56862283,1
57036330,2
57025465,2
57032164,1
57050321,1
57045890,3
57056064,2
57057196,3
57034800,1
57047705,2
57018790,1
57051713,2
57047901,2
57049363,2
57011979,2
57021854,2
57032803,2
57036985,2
57042522,2
57042518,3
57045259,2
57062144,1
56990297,2
56988969,2
57029042,1
57059456,1
57018050,2
57025417,3
56895764,1
57053045,3
57059675,1
57033919,2
57033745,3
57055974,1
57025703,2
57018588,1
56980526,1
57062954,1
57052098,2
57042408,2
57060234,2
57031376,2
57061848,2
57049636,3
57022173,3
57035944,3
57056353,2
57056523,1
57035831,2
57052593,3
57042641,3
56998339,1
57061069,1
57063832,1
57045428,1
57062292,2
56910270,1
57020166,1
57033765,1
57039297,3
57054384,2
57023042,2
57039410,2
57058893,2
57061632,3
56985560,1
57009182,3
57054649,2
57051956,1
57047922,2
57020337,1
57046426,1
57064509,2
57042234,2
57017745,1
57046466,2
56977629,1
57049432,3
57019788,1
57051006,2
57061063,2
57022172,3
57003060,1
56984746,2
57062230,3
56911578,1
56989619,1
57033746,3
57064260,2
57044916,1
57062496,3
57059786,2
57025601,3
57059820,1
57058783,3
57034898,2
57006205,3
57018835,1
57050604,3
57063041,2
57054581,1
57031356,2
57062955,1
57065771,2
57064480,2
57059060,1
57057674,3
57034235,3
57053612,3
57058066,1
57012237,1
57048009,2
57013828,1
56944939,1
56989990,1
56988854,2
57037676,1
57057156,2
57058751,2
57064418,1
57034022,3
57021503,1
57047778,2
57063042,2
57015576,2
57054776,3
57036830,1
57058873,1
57005113,1
57010628,1
57049433,3
57050686,3
57045260,2
57041239,2
57009486,1
57045354,3
57065946,2
57049420,3
57061849,2
56998521,1
57061989,2
57067593,1
57047515,2
56995785,2
57048391,1
57052961,1
57000166,1
57042199,3
56960205,1
57061626,2
57035081,3
57039578,2
57067163,1
57033957,3
57061633,3
57016143,1
56975243,1
57065918,1
57060491,1
57045232,3
56983294,2
57042469,3
57054912,2
57059228,2
57051005,2
57061976,3
57044121,1
57066463,2
57041689,2
57066452,1
56982062,1
56904716,1
57047568,1
57050456,3
57044915,1
57064197,3
57018341,2
57065436,2
57064196,3
57067016,1
57044892,1
56970543,2
57064261,2
57062736,2
57043572,3
57068462,2
57022929,3
57060015,2
57056149,2
57018789,1
57032765,2
57050524,1
57068777,3
57053424,1
57068778,3
57063088,2
57053627,3
57059076,2
57052462,1
57058065,1
57038739,2
56962716,1
57025183,1
56980911,1
57012313,1
57065039,2
56936158,1
57006081,2
56984106,2
57043080,3
57040619,3
57059873,2
57039504,3
57058874,1
57028466,2
57058782,3
57068271,3
57068355,1
57046533,2
57034109,2
57060529,1
57049121,2
57056285,2
57052100,2
57030590,1
57002787,1
57060811,3
57042696,3
57022589,1
57034409,3
57040080,1
57065038,2
57050303,1
57042172,4
57035055,1
57072582,2
57071156,2
57029323,2
57034897,2
57056063,2
57012778,1
57021447,1
56956822,2
57068420,2
57068604,1
57068716,3
57049477,1
57067451,3
57068771,2
57057436,1
57044389,1
57067458,3
57024619,2
57042581,1
57034581,1
57039918,1
56958952,1
57066812,3
57015290,1
57043100,3
57026737,2
57002167,1
57061498,2
57072635,3
57073887,2
57053344,1
57042328,2
57064570,2
57059061,1
57057446,2
57054729,1
57065846,2
57043282,1
56949770,1
57063404,2
57047891,3
56974231,1
57032802,2
57071462,2
57057673,3
57027513,2
57033071,2
56967935,2
57056622,2
57070221,2
57070350,2
57044222,1
57050821,2
57019736,2
57058262,1
57040032,3
57052949,2
56881661,1
57069446,1
57011628,2
57059524,3
57065202,1
57053198,1
57039409,2
57039416,3
57040435,3
57072636,3
57068461,2
57071157,2
57003623,2
57061559,2
57042327,2
57042347,2
57073928,1
57071334,1
57061708,3
57068605,1
57065917,1
57057847,2
57042517,3
57011978,2
57021887,1
57053628,3
56977949,2
57045540,2
57033310,1
57053838,3
57072110,1
57042928,3
57066464,2
57036064,3
57038909,2
57044553,2
57058560,3
56987602,1
57017111,1
57053044,3
57043234,3
57011629,2
57032124,1
57068359,2
57075478,2
57033956,3
57053434,2
57028815,1
57077040,2
57039779,2
57043846,3
57023041,2
57017744,1
57056450,2
57070176,3
56986392,1
57056286,2
57074469,3
57003906,1
57024485,2
57034363,1
57041455,1
57072069,1
56921730,1
57063448,2
57028055,1
57050070,3
57044340,1
57044418,2
57000561,1
57078066,1
57053341,2
57064417,1
57060367,3
57056138,2
57068419,2
57036831,1
57073977,3
57065772,2
56981717,1
57072795,2
57078324,1
57068540,1
56995494,2
57077041,2
57020436,1
57060304,2
57025802,1
57068772,2
57074332,3
57067532,1
57044142,2
57042800,1
57022319,2
57074942,1
57050928,2
57069525,1
57034590,1
56997544,1
56945049,2
56947803,1
57036453,3
57043117,2
56978449,1
56979381,2
56885927,2
57018268,1
57053229,1
56948212,1
57028376,2
57052097,2
57000957,1
57075541,2
57072847,2
57059244,1
57070184,2
57078432,1
57063403,2
57060527,2
57063447,2
57060715,2
57062035,3
57050071,3
57048323,3
57039919,1
57056524,1
57080348,1
57044388,1
57017885,1
57078723,2
57019556,2
57075991,2
57066781,3
57056692,1
56914787,1
56956387,1
57076168,2
57053154,1
57076176,3
57067017,1
57042200,3
57050297,1
57048900,2
57050491,1
57009825,2
57060490,1
57053498,1
56983077,1
57051955,1
57074333,3
57020338,1
57078448,2
57070175,3
57064724,2
57060714,2
57067450,3
57059227,2
57078573,1
57007002,2
57006619,1
56992050,1
57042772,2
57071904,2
57073082,3
57017884,1
57041548,3
57064818,3
57049981,2
57058235,2
57042925,3
57056715,3
57048390,1
56944699,1
57037380,2
56993486,2
57073789,2
57072520,3
57062735,2
57058892,2
57044873,1
57061578,3
57045900,1
57080864,1
57059991,2
57053345,1
57079456,2
57078213,2
57047777,3
57071394,1
57068541,1
57082528,1
56887862,2
57033032,1
57079867,2
57029906,2
57036841,1
57055345,1
57078449,2
57068762,2
57056417,3
56957008,1
57046694,2
57077195,1
57030540,3
57071903,2
57060722,2
57082905,2
57067533,1
57064817,3
57056418,3
57066451,1
57072081,1
57027591,1
57067705,2
56933953,2
57053178,1
57081854,3
57046029,2
57070954,2
57006157,1
57065204,1
57059992,2
57064360,2
57062847,2
57010152,2
57003298,2
57042398,1
57053374,1
57064426,1
57073999,2
57073927,1
57040618,3
57079769,1
57079503,2
57075575,2
57067219,2
57078408,2
57081197,2
57063346,2
56992403,1
57079866,2
57033079,1
57084065,2
56990045,1
57075732,3
57047126,2
57072928,2
57023385,2
57053683,2
57063775,2
57062231,3
57077659,3
57052962,1
57080524,2
57077882,3
57044419,2
57070523,1
57047516,2
56924201,2
57076649,2
57042064,1
57057193,3
57061558,2
57078065,1
57038011,1
57075335,2
57073745,1
57039445,2
57065443,2
57083723,2
57058900,3
57075542,2
57083835,3
57023122,1
57083902,1
57008022,2
57072794,2
57083990,1
56919819,2
57078474,2
57082904,2
57073052,1
57003907,1
57084043,1
57083034,3
57073081,3
57078700,3
57048307,1
57011091,2
56992177,1
57044563,3
57072581,2
57084705,1
57076367,3
57083601,2
57062846,2
57073744,1
57086399,3
57084945,1
57079625,1
57031412,1
57076817,3
57032737,2
57041012,2
57053423,1
57050730,3
57075603,3
57082529,1
57075564,1
57019096,2
57027226,2
57086784,2
57067505,2
57037057,2
57063294,2
57037248,1
57042640,3
57075992,2
57084102,2
57081434,1
57073041,1
57058418,1
57074759,1
57086185,2
57059484,2
57015242,2
57047779,2
57083600,2
57070774,3
57069867,2
57062495,3
57050566,1
57043845,3
57068181,2
57075511,2
57075606,1
57034051,2
57063087,2
57075477,2
57078212,2
57040603,2
57058796,1
57072778,2
57082463,1
57079624,1
57083853,1
57082464,1
57056411,2
57081217,2
57081235,2
57081218,2
57027831,2
57067592,1
57009585,2
57083055,3
57052950,2
57078572,1
57044341,1
57042685,1
57086997,3
57087006,1
57034548,2
56976482,2
57075898,3
57087127,3
57058374,2
57048357,1
56998575,2
57048407,2
57058653,1
57088982,5
57069666,3
57065710,2
57079455,2
57089317,2
57052167,2
57079502,2
57086551,3
57087873,3
57075576,2
57086643,1
57078280,2
57020570,1
57060528,2
57082801,3
57082737,2
57089737,3
56991505,2
57084159,1
57073228,3
57048223,3
57077697,3
57066813,3
57059243,1
56947804,1
57073309,2
57066871,3
57089913,3
57088983,5
57056945,1
57043079,2
57080863,1
57057032,2
57062486,1
57086398,3
57089157,3
57076648,2
57049156,1
57010796,2
57078323,1
57049120,2
57086560,2
57089372,2
57071461,2
57075512,2
57010791,2
57070222,2
57079720,2
57078551,1
57063247,2
57086807,1
57052461,1
57088403,3
57082736,2
57028056,1
57086881,3
57059485,2
57011404,1
57064823,3
57037224,3
57081517,3
56940443,2
57058375,2
57025416,3
57075242,2
57070862,1
57025675,1
57031934,1
57072472,3
57091945,2
57053153,1
57040654,2
57067052,3
57056104,3
57062980,2
57088012,3
57085632,2
57089480,2
57038083,1
57085404,2
57089528,2
57092444,2
57089760,2
57089759,2
56998522,1
57011276,1
56912039,2
57083310,3
57091561,1
57022588,1
56900776,1
57047517,2
57072451,3
57018267,1
57056944,1
57087411,2
57045878,1
57076669,2
57089547,2
57072861,2
57085403,2
57038464,2
57061980,1
57052639,1
57061988,2
57052802,3
57024960,1
57083035,3
57069365,2
57092511,3
57051121,1
57088563,2
57072111,1
57077698,3
57081582,3
57017048,2
57039926,1
57056685,1
56939823,1
57057063,1
56972912,1
57073566,4
57050503,2
57086448,3
57069868,2
57057064,1
57061707,3
57057381,2
57010790,2
57030589,1
57013792,1
57082800,3
56890615,1
57086026,3
57083054,3
57037379,2
57094288,1
57056714,3
57053043,3
57040145,1
57094500,3
57092744,1
57056749,1
57079173,2
56989641,2
57094626,1
57089226,2
57091944,2
57053435,2
57053497,1
57039847,2
57088311,2
57095022,2
57090841,2
57038691,1
57059455,1
57068834,3
57091532,3
57023546,1
57080525,2
57086070,1
57094289,1
57095396,3
57092824,1
57084797,2
57053364,1
57060421,2
57067109,2
57054728,1
57075654,2
57038785,1
57095021,2
57085598,3
57095188,1
57063833,1
57078652,1
57019763,1
57091531,3
57095397,3
57006053,2
57003061,1
56838357,1
57008852,1
57018052,2
57088975,2
57070720,1
57059568,1
57076572,3
57076573,3
57091958,1
57051720,2
57079430,2
57090696,2
57068717,3
57031489,1
57081196,2
57075797,2
57096474,1
57088310,2
57072862,2
57097748,2
57089527,2
57053527,1
57089546,2
57075798,2
57084160,1
57086692,2
57059434,1
57057928,1
57088635,2
57088404,3
57081433,1
57091554,3
57098032,3
56969995,2
57058309,1
57092593,2
57041946,1
57083430,1
57083517,2
57073567,4
57058586,2
57022859,2
57033766,1
57072498,2
57069856,3
57097442,2
57084830,3
57084699,2
57047704,2
57090569,2
57071335,1
57076816,3
57050896,1
57090579,2
57087872,3
57067237,2
57093760,2
57035468,3
57049244,2
57091051,2
57046425,1
57057447,2
57081099,2
57049421,2
57086783,2
57052640,1
57062143,1
57098038,1
57062004,2
57048181,1
57061068,1
57073213,1
56986642,1
57042926,2
57080664,2
57058633,1
57078958,1
57070721,1
57081855,3
57056995,1
57081933,2
57094627,1
57058634,1
57084992,2
56982946,2
57098723,1
57081042,3
57092043,3
57072777,2
57058957,3
57067457,3
57070185,2
57072848,3
57095081,1
57059077,2
56994229,1
57072068,1
57085633,2
57095195,3
57059404,3
57044000,2
57041547,3
57047206,2
57081516,3
57037270,2
56997821,1
57058652,1
57101156,1
57061360,1
56945363,1
57048103,3
57100254,2
57067108,2
57050567,1
57075489,2
57082507,1
57075796,2
57081236,2
57033070,2
57074468,3
57100713,1
57102315,2
57084103,2
57097003,2
57058561,3
57080433,2
57041947,1
57101206,2
57072452,3
57039417,3
57078957,1
57097420,2
57067051,3
57095995,3
57069895,3
57081098,2
57092245,2
57057518,3
57102033,1
57095087,1
57084090,2
57102041,2
57048061,2
57050895,1
57098037,1
57003961,2
57084137,3
57085844,2
57099900,3
57089905,2
57017729,1
57095375,3
56993172,1
57019628,1
56984805,1
57097249,1
57054233,3
57101080,2
57076124,1
57029721,1
57045899,1
57083641,1
57068360,2
57098722,1
57073978,3
57086550,3
57021508,1
57086691,2
57074388,1
57073788,2
57089361,1
57033078,1
57048135,2
57024618,2
57099130,1
57096504,1
56995656,2
57084091,2
57096751,1
57059403,3
57038692,1
57095310,2
57102597,1
57102598,1
57055415,1
57083337,2
57077881,3
57088636,2
57101077,2
57102816,1
57081597,2
57054132,1
57086403,2
57101205,2
56993290,1
57076169,2
57059809,3
57068072,2
57081126,2
57078281,2
57089309,2
57067338,3
57097626,1
57074389,1
57017764,1
57075602,3
57083931,2
57084073,3
57092171,3
57093761,2
57085304,2
57060471,1
57064824,3
57061979,1
57017840,2
56878864,1
57108060,2
56955631,2
57048322,3
56973648,1
57106429,1
57106434,1
57042927,2
57022509,2
57040203,3
57100922,2
57064275,3
57084700,2
57061361,1
57100921,2
57102857,1
57070955,2
57091873,1
57106945,2
57084794,2
57107104,3
57060470,1
57071134,3
57085242,2
57045541,2
57104736,2
57089459,1
57058976,3
57053810,1
57108852,1
57056354,2
57053654,2
57109004,1
57077459,1
57000221,1
57108061,2
57083431,1
57109133,3
57083311,3
57080595,1
56995909,2
57097246,3
57086207,2
57059874,2
57067971,1
57065216,3
57105664,3
57054775,3
57065442,2
57042223,3
56975920,2
57049243,2
57067238,2
57070002,1
57085175,2
57085631,2
57103339,2
57102012,2
57108923,3
57104886,2
57108960,1
57100577,2
57091052,2
57013538,1
57102109,2
57092445,2
57091522,3
57062112,3
57091599,1
57034589,1
57083336,2
56978220,1
57018051,2
57086186,2
57108323,2
57108327,1
57084630,2
56955095,1
57095678,3
57084768,2
57106777,1
57069894,3
57087891,2
57084795,2
57089308,2
57089257,2
57104373,1
57107103,3
57076612,2
57038012,1
57093608,2
57092059,2
57079768,1
57048104,2
57108679,3
57050845,2
57042523,2
57108782,2
57092358,2
57089373,2
57104867,2
57108853,1
57108922,3
57069445,1
57107520,3
57111698,1
57091386,1
57102284,1
57095348,3
57018029,1
57092510,3
57089906,2
57089802,2
57103685,3
57106433,1
57106473,2
57072471,3
57112245,2
57059567,1
57091964,3
57061419,1
57083518,2
57086447,3
57070863,1
57044874,1
57080906,1
57112513,2
57089225,2
57112512,2
57060235,2
57046160,2
57092150,2
57042475,2
57049476,1
57103427,2
57086753,2
57100623,2
56909076,2
57078431,1
57098041,2
57058261,1
56870505,1
57099933,3
57103684,3
57111030,2
57081401,1
56970208,2
57111033,2
57069667,3
57113910,1
57079174,2
57105586,3
57068272,3
57113943,1
57112507,2
57102985,3
57112506,2
57079429,2
57101586,1
57043473,1
57108643,2
57103160,2
57057979,1
57112953,2
57085243,2
56983189,2
57097948,1
57106269,3
56981716,1
57095840,2
57106474,2
57108324,2
57076652,2
57083724,2
57086508,2
57112592,2
57065945,2
57105979,2
57115708,1
57081127,2
57106119,3
57113049,2
57084072,3
56959820,2
57084138,3
57070349,2
57111764,2
57089789,1
57114525,1
57108959,1
56953550,1
57085729,2
57091387,1
57011405,1
57102933,1
57054131,1
57014447,1
57093132,2
57065203,1
57114951,3
57115279,2
57065437,2
57095926,1
57008474,1
57100448,1
57093607,2
57056150,2
57088109,3
57073214,1
56999627,1
57102471,1
57095256,2
57109003,1
57095309,2
57083115,3
57084281,1
57111888,2
57102627,1
57116716,2
57113929,3
57117621,1
57050320,1
57102930,3
57095501,1
57079463,1
57089158,3
57086404,2
57108642,2
57101728,2
57087536,2
57087410,2
57105910,2
57065845,2
57107112,1
57068833,2
57079820,1
57090779,2
57100554,2
57088269,2
57100488,2
57077196,1
57086754,2
57073040,1
57118817,1
57102221,1
57111697,1
57046765,2
57119014,2
57078699,3
57059478,1
57092594,2
57105263,2
57111923,1
56956388,1
57117681,1
56967403,1
57092739,1
57080857,2
57100089,3
57117746,2
57065217,2
57075297,1
57086409,1
57102929,3
57051589,2
57073840,2
57092054,2
57091965,3
57092151,2
57065205,1
57084490,1
57094653,1
57073888,2
57051594,2
57105909,2
57099129,1
57058236,2
57078475,2
57089358,2
57085174,2
57068465,3
57103198,2
57081187,2
57111651,2
57075731,3
57108965,3
57096511,3
57103406,1
57078491,3
57081511,2
57061977,3
57088564,2
57100903,2
57108178,3
57091521,3
57088804,1
57113602,2
57111014,1
57105506,2
57075018,3
57012312,1
56909449,1
57081622,1
57099990,2
57108447,3
57053230,1
57089186,1
57086380,1
57086364,3
57121018,1
57040962,1
57114285,1
57109967,3
57078552,1
57112827,3
57090842,2
57075655,2
57042707,1
57078492,3
57115707,1
57088183,3
57121600,2
57085597,3
57113530,3
57100718,2
57108248,2
57114729,2
57112053,2
57122263,3
57097419,2
57113928,3
57114020,1
57067162,1
57103162,3
57078523,2
57112649,1
57097595,2
57093500,3
57121019,1
57122526,1
57100523,2
57060368,2
57102108,2
57122702,3
57086806,1
57117231,2
57108041,2
57114404,2
57121669,2
57064843,1
57072043,1
57119015,2
57110718,1
57095071,2
57108249,2
57122072,3
57117622,1
57070823,2
57086408,1
57114795,3
57120503,2
57116754,2
57119455,3
57120731,3
57108587,2
57101729,2
57108762,3
57113063,2
56980731,2
57055080,1
57118441,3
57124172,2
57100455,2
57092428,1
57121459,3
57082920,2
57083989,1
57106100,2
57108179,3
57074756,1
57075803,2
57119080,1
57080594,1
57111031,2
57066870,2
57109317,2
57092823,1
57108328,1
57122121,3
57113950,2
57098410,2
57102983,2
57119456,3
57103026,3
57105579,3
57107159,1
57057980,1
57100449,1
57106101,2
57124171,2
57073062,3
57092244,2
57124357,2
57083043,1
57121920,2
57074943,1
57019872,2
57091508,3
57062293,2
57064481,2
57065709,2
57120504,2
57120606,1
57119540,2
57119558,2
57118394,2
57108586,2
57096134,2
57079721,2
57100576,2
57095082,1
57114350,2
57114286,1
57100810,1
57117232,2
57001335,2
57083114,3
57084334,2
57084769,2
57097747,2
57116941,2
57083939,1
57125307,3
57101466,2
57055079,1
57121223,2
57112719,2
57075829,1
57119868,1
57125390,2
57111576,2
57082961,1
57119867,1
57092295,2
57095142,2
57083903,1
57114524,1
57086025,3
57097936,1
57091562,1
57127382,1
57095257,2
57106392,1
57125746,1
57099899,3
57105609,1
57094509,1
57105580,3
57120767,1
57089360,1
57097722,2
57090618,2
57083834,3
57090780,2
57088013,3
57123820,2
57031635,1
57105166,2
57095194,3
57075760,2
57085692,3
57105167,2
57067704,2
57125571,2
57097978,3
57127383,1
57122997,2
57106436,1
57100088,3
57130356,1
57120527,3
57098693,2
57115155,2
57092170,2
57092030,1
56914337,1
57096512,3
57102040,2
57114415,2
57129554,2
57103452,3
57120029,3
57124479,1
57100679,1
57111755,2
57107676,2
57129905,1
57124421,2
57091553,3
57091365,2
57028809,2
57084344,2
56993291,1
57097248,3
57103933,1
57101060,4
57067262,2
57113942,1
57112487,2
57130613,1
57130614,1
57084831,3
57036880,1
57062835,1
57120735,2
57126431,1
57100456,2
57129119,2
57130764,2
57127976,2
57107150,2
57119871,2
57108727,1
57096752,1
57126857,2
57119862,2
57129555,2
57113119,3
57129545,2
57129906,1
57121601,2
57100719,2
57077460,1
57122833,2
57089808,3
57125572,2
57125607,2
57062073,1
57091740,2
56978456,2
57125751,2
57133145,1
57094795,2
57031328,2
57120680,2
57098688,2
57129118,2
57119539,2
57112718,2
57111437,2
57087888,2
57101766,2
57132343,2
57081400,1
57040081,1
56903762,1
57081623,1
57075296,1
57095565,4
57095564,4
57127653,2
57106800,1
57130366,1
57114794,3
57076613,2
57108385,2
57029398,1
57089216,3
57093090,1
57106799,1
57107111,1
57085081,3
57107149,2
57085340,1
57075733,2
57031488,1
57119861,2
57130926,3
57133684,2
57124018,3
57072329,1
57087005,1
57100804,3
57017809,2
57105504,3
57052302,1
57020775,1
57099989,2
57122075,2
57105587,3
57127707,2
57100255,2
57114162,2
57093091,1
57095925,1
57108678,3
57090617,2
57101707,1
57064427,1
57121224,2
57122566,3
57129719,1
57133701,1
57128254,1
57130985,2
57106234,1
57097949,1
57132646,2
57133815,2
57133889,1
57041701,1
57058419,1
56924473,1
57120477,3
57135813,4
57135891,1
57101155,1
57109275,3
57123432,3
57112244,2
57136062,1
57106946,2
57120732,3
57115329,2
57136052,1
57078236,3
57136177,1
56849792,2
57108584,2
57097625,1
57123995,2
57129720,1
57122590,2
57133702,1
57115880,3
57118842,2
57107675,2
57128255,1
57120162,2
57039939,1
57127301,2
57119145,2
57095374,3
57100729,3
57125563,1
57084333,2
57136737,2
57136740,2
57135814,4
57113909,1
57095434,1
57119459,1
57133259,2
57137208,2
57053234,2
57136030,3
57120736,2
57104150,3
57090695,2
57137466,1
57110081,2
57046713,2
57109926,2
56934577,1
57088162,2
57135124,2
57107348,2
57111887,2
57111845,3
57136633,1
57108047,1
57059420,1
57122074,2
57125842,1
57077924,3
57138646,1
57105608,1
57024306,2
57111436,2
57070170,2
57088803,1
57129868,1
57098042,2
57130187,2
57099515,1
57113529,3
57106393,1
57136632,1
57106268,3
57136714,3
57135844,4
57124964,2
57105628,2
57098538,1
57109288,2
57133174,2
57141419,1
57086379,1
57101260,2
57090580,2
57114021,1
57119641,2
57131714,3
57099516,1
57115518,2
57101413,2
57095086,1
57125389,2
57097937,1
57088396,1
57122567,3
57139297,1
57117180,3
57132649,2
57142030,1
57102283,1
57121668,2
57139356,2
57111754,2
57133888,1
57102134,2
57078722,2
57116288,3
57048356,1
57061161,1
57040195,2
57059523,2
57141369,3
57094652,1
57109276,3
57139939,2
57140022,3
57104372,1
57133318,3
57115278,2
57096503,1
57089479,2
57140166,2
57118440,3
57140165,2
57143097,1
57118395,2
57054768,1
57108771,2
57096257,2
57119872,2
57100622,2
57137968,1
57084008,2
57088184,2
57139254,2
57112962,2
57124575,2
57089738,2
57143720,2
57100678,1
57142077,2
57110754,2
57100489,2
57139253,2
57089790,1
57111826,3
57098033,3
57141151,3
57091600,1
57047518,2
57136739,2
57136833,3
57113951,2
57111120,1
57092743,1
57137253,2
57109605,2
57081932,2
57120816,2
57101585,1
57103159,2
57137461,2
57104398,2
57125346,1
57128159,1
57070001,1
57137720,2
57134787,2
57111577,2
56998516,1
57143365,2
57128019,2
57143344,1
57117042,2
57077349,2
57110321,3
57103451,3
57113443,1
57035899,1
57084282,1
57077808,2
57089074,2
57136950,2
57136951,2
57138783,2
57120690,2
57145452,1
57141658,2
57120727,2
57144535,1
57004610,1
57092081,2
57088108,3
57117041,2
57111368,2
57143343,1
57129413,2
57121345,2
57081397,2
57144868,1
57119146,2
56995784,2
57146786,1
57146787,1
57060812,2
57045627,2
57099792,1
57089895,3
56956371,1
57102856,1
57122194,1
57126146,3
57141368,3
57114049,1
57117763,1
57145241,1
57112422,3
57145530,2
57145527,2
57109925,2
57102881,1
57114092,2
57095031,2
57123821,2
57114225,2
57136134,3
57145769,1
57144427,1
57139003,1
56886359,1
57079745,2
56904624,1
57114405,2
57143366,2
57144801,1
57146217,3
57143719,2
57044682,2
57125564,1
57118797,1
57130297,1
57132647,2
57119024,3
57120123,2
56987473,2
57121921,2
57131238,2
57139494,2
57075135,2
57040146,1
57091872,1
57139535,1
57103932,1
57136738,2
57147965,3
57131703,2
57092700,2
57127708,2
57123400,2
57106698,1
57148292,1
57145791,2
57112631,2
57144376,2
57025714,2
57087833,1
57147291,2
57092357,2
57147396,2
57119892,1
57119790,1
57130986,2
57114638,1
57108964,2
57144782,3
57117355,1
57144036,2
57144869,1
57144933,3
57075136,2
57141320,2
57141418,1
57142315,2
57114964,3
57105627,2
57109606,2
57123401,2
57093133,2
57130739,2
57104330,2
57113178,1
57137719,2
57147301,2
57025801,1
57114414,2
57092294,2
57144666,1
57105978,2
57077194,2
57139234,2
56970671,2
57133760,2
57120122,2
57007003,2
57111216,2
57124948,3
57114038,1
57128703,2
57137287,1
57098411,2
57145526,2
57133372,2
57120681,2
57128012,2
57115328,2
57122527,1
57151552,1
57086069,1
57140753,2
57139361,3
57100811,1
57089742,3
56900751,1
57095433,1
57150515,2
57144202,3
57120607,1
57141319,2
57145453,1
57126133,3
57089316,2
57117985,2
57117764,1
57138899,3
57142731,2
57144328,1
57071153,2
57110226,1
57111215,3
57126115,2
57127897,2
57151107,2
57121121,2
57133407,2
57133408,2
57125306,3
57135125,2
57147323,2
57129544,2
57126971,2
57151551,1
57133549,1
57146077,2
57132322,3
57140770,2
57077350,2
57151687,1
57122832,2
57146078,2
57103407,1
57139198,2
57124478,1
57111765,2
57136732,1
57100728,3
57122052,2
57102628,1
57106435,1
57109287,2
57149627,1
57153518,2
57120435,2
57124965,2
57138659,3
57145647,2
57107160,1
57119640,2
57128034,2
57144479,3
57126858,2
57140241,2
57145790,2
57145852,2
57145934,2
57147293,3
57125257,2
57078616,2
57150283,3
57143432,1
57121273,3
57121398,3
57144674,2
57142031,1
57147563,3
57133697,2
57099791,1
57135316,1
57113444,1
56978219,1
57054035,2
57142371,2
57142314,2
57127677,2
57120728,2
57151048,2
57153849,2
57098876,2
57148293,1
57134443,2
57141657,2
57107163,2
57110080,2
57152827,1
57123830,3
57068182,2
57137967,1
57121399,3
57123994,2
57154427,3
57102222,1
57154309,2
57153006,1
57119837,2
57155752,3
57095030,2
57122071,2
56910494,1
57095679,2
57078020,2
57130423,3
57125841,1
57104151,3
57153580,2
57076125,1
57149792,1
57111278,3
57123777,2
57133534,2
57144375,2
57140343,2
57155530,2
56994341,1
57122589,2
57154356,1
57154268,2
57151910,2
57102011,2
57128288,2
57151688,1
57149192,3
57133816,2
57139398,3
57155872,1
57105262,2
57045879,1
57116607,2
57156227,2
57157968,1
57156507,2
57153519,2
57155277,2
57081054,2
57126132,3
57134437,2
57115335,1
57113118,3
57154229,2
57155764,2
56993964,1
57139210,3
57045291,2
57133504,2
57147618,2
57132648,2
57094342,2
57110753,2
57151909,2
57155103,1
57139571,1
57153504,1
57148161,2
57149743,2
57153744,3
57155375,1
57134535,2
57123433,3
57067970,1
57108763,3
57117156,3
57159800,3
57119789,1
57135317,1
57157077,1
57136451,3
57121458,3
57154426,3
56992849,2
57155763,2
57069374,2
57097247,2
57073308,2
57132832,2
57025178,1
57050302,1
57113829,3
57144168,1
57149636,2
57160636,1
57138782,2
57149704,2
57142669,2
57133157,4
57116822,2
57134971,2
57105990,3
57158164,2
57155507,2
57151433,2
57140344,2
57136340,1
57052620,2
57157193,1
57157192,1
57157195,2
57157194,2
57139235,2
57144667,1
57111677,2
57160140,2
57157400,2
57143794,2
57131171,3
57139360,3
57136733,1
57070524,1
57032163,1
57120478,3
57130355,1
57138660,3
57144167,1
57130424,3
57131702,2
57123556,1
57154050,3
57161025,3
57129388,2
57162499,1
57157078,1
57129834,3
57158435,2
57151599,2
57161154,1
57112828,2
57121116,2
57127109,1
57122953,2
57160327,2
57144872,3
57144800,1
57130188,2
57025179,1
57111034,2
57125108,2
57160752,2
57159162,2
57158069,1
57161903,4
57150723,2
57161902,4
57139938,2
57142468,1
57150006,1
57154308,2
57105836,3
57121126,2
57155715,2
57158543,1
57121344,2
57130979,3
57133759,2
57161343,3
57154773,2
57149267,1
57143793,2
57113601,2
57136713,3
57161615,2
57089914,2
57133319,3
57157969,1
57163567,2
57156353,2
57164564,2
57148150,3
57123557,1
57148149,3
57136138,2
57156674,2
57144472,2
57134674,2
57156701,2
57154027,2
57139197,2
57133596,2
57139002,1
57154269,2
57133542,1
57163846,1
57165360,2
57161130,1
57162682,2
57151760,3
57072080,1
57158542,1
57118843,2
57153007,1
57091739,2
57142138,3
57075828,1
57146834,1
57105505,3
56933070,1
57150516,2
57125752,2
57152453,2
57138835,2
57142469,1
57160751,2
56970435,1
57137292,1
57152764,2
57148639,3
57147260,1
57145646,2
57149928,2
57151434,2
57133548,1
57139094,2
57163875,3
57129695,2
57163847,1
57129414,2
57165361,2
57110717,1
57118816,1
57165499,2
57160156,2
57162889,2
57162831,2
57144836,2
57161336,3
57110496,2
57141276,1
57161616,2
57135949,2
57137286,1
57111217,2
57134788,2
57133373,2
57104331,2
57081188,2
57133685,2
57168011,1
57100714,1
57154899,2
57166797,2
57154774,2
57150233,2
57028016,2
57122703,2
57136523,1
57062072,1
57111827,3
57146837,2
57124868,1
57149671,2
57138706,2
57138647,1
57133156,4
57137414,3
57156702,2
57155385,2
57136374,2
57151691,2
57100522,2
57168183,1
57162484,2
57162746,1
57166779,1
57164037,1
57140771,2
57162722,2
57128158,1
57143706,1
57108042,2
56991670,1
56964225,2
57163386,3
57122202,1
57155104,2
57157901,3
57159161,2
57120967,2
57159286,3
57167433,2
57147062,2
57131875,1
57145768,1
57155529,2
57150057,2
57168012,1
57166611,1
57103486,2
57132367,2
57168198,1
57169518,2
57155832,2
57166798,2
57070169,2
57122070,2
57169723,1
57105059,2
57072328,1
57114731,2
57111964,2
57169879,2
57163445,3
57156226,2
57163487,3
57138707,2
57123831,3
57166235,3
57135950,2
57164779,2
57149672,2
57147996,1
57138834,2
57122598,1
57171940,1
57131653,2
57170458,2
57089187,1
57143096,1
57107349,2
57149972,2
57062005,2
57112794,3
57132366,2
57129290,1
57129471,1
57130788,3
57168197,1
57125412,1
57169519,2
57171017,1
57102316,2
57119079,1
57122752,3
57107984,2
57111015,1
57141150,3
57105507,2
57089908,2
57169782,1
57114730,2
57156098,2
57171621,2
57167114,2
57142528,2
57147932,1
57161650,2
57119513,3
57150724,2
57160743,2
57119697,2
57116753,2
57150982,2
57169255,2
57156903,2
57162323,2
57144460,2
57057848,2
57168184,1
57147294,3
57170892,1
57147237,2
57162745,1
57148887,2
57166778,1
57144835,2
57165498,2
57165640,2
57165518,3
57138061,1
57053864,1
57133799,3
57053905,2
57171613,1
57163446,3
57102880,1
57169880,2
57145240,1
57111176,2
57170015,1
57043999,2
57153796,1
57173063,2
57145531,2
57136218,2
57152690,2
57145933,2
57170818,2
57129714,2
57166612,1
57147394,2
57174904,3
57143435,1
57157147,2
57162832,2
57172213,2
57171016,1
57173919,1
57061160,1
57124484,1
57142102,3
57169669,3
57149440,3
57149268,1
57131172,2
57152135,2
57152440,3
57135845,4
57160637,1
57149703,2
57144329,1
57151171,2
57139570,1
57170222,4
57172975,2
57136054,1
57126432,1
57140272,1
57155374,1
57170459,2
57171939,1
56946864,2
57119635,2
57163874,3
56975538,1
57141623,3
57052301,1
57163773,2
57174967,1
57111676,2
57148886,2
57115769,2
57176543,2
57153040,2
57149441,3
57044542,1
57142101,3
57125553,2
57139845,2
57160887,3
57133260,2
57166322,1
57114091,2
57174719,2
57127896,2
57162046,3
57136178,1
57169254,2
57176165,2
57159898,2
57126903,3
57159899,2
57125745,1
57175030,1
57175038,2
57154724,1
57118796,1
57155940,1
57100766,2
57144727,3
57141972,3
57142137,3
57149417,2
57155102,1
57177217,2
57150748,3
57153811,3
57177216,2
57160742,2
57151047,2
57177749,2
57165273,2
57176347,2
57148395,2
57154357,1
57147322,2
57160139,2
57129867,1
57166746,1
57169513,1
57169673,3
57176870,3
57144552,2
57117377,2
57150401,1
57138158,2
57143879,2
57141115,2
57149459,2
57155844,1
57149589,1
57174389,2
57177304,1
57170282,3
57170283,3
57119444,1
57148349,2
57169286,2
57177577,2
57108772,2
57108738,2
57179006,2
57150819,2
57162913,3
57159859,2
57180462,1
57180445,2
57130701,2
57168025,2
57158573,2
57152828,1
57170819,2
57179405,1
57169578,2
57114637,1
57154979,3
57113561,1
57171610,2
57174370,2
57149590,1
57149791,1
57138898,3
57173064,2
57114039,1
57174676,2
57148350,2
57133595,2
57167684,2
57144551,2
57053865,1
57173546,3
57175031,1
57176439,1
57141114,2
57005656,2
57166064,3
57124420,2
57130298,1
57117376,2
57142410,2
57137293,1
57105665,2
57040280,1
57153971,2
57153614,1
57115334,1
57147300,2
57174806,2
57173394,1
57133533,2
57179156,1
57133696,2
57174984,2
57151604,2
57162485,2
57174968,1
57180461,1
57128173,2
57172177,2
57127108,1
57169512,1
57172275,2
57173920,1
57092486,1
57161342,3
57163214,3
57176871,3
57124576,2
57174371,2
57139495,2
57147997,1
57174441,2
57182642,1
57171715,2
57125256,2
57182912,2
57174434,1
57156462,2
57142411,2
57093743,1
57158342,2
57163772,2
57174905,3
57173466,2
57090570,2
57177656,2
57173495,3
57120885,2
57155508,2
57139093,2
57133503,2
57129387,2
57184748,2
57114169,2
57146368,3
57180532,1
57160259,2
57173916,3
57177964,3
57149458,2
57183491,1
57167381,2
57147885,1
57152451,1
57150747,3
57153681,3
57156508,2
57134348,2
57158068,1
57153613,1
57176279,2
57167683,2
57170893,1
57181898,2
57165124,2
57185948,2
57162801,2
57146425,3
57112632,2
57143431,1
57164047,2
57183278,2
57095146,2
57168258,2
57185062,1
57155033,2
57155833,2
57117399,1
57180752,2
57031819,1
57078615,2
57177246,1
57171716,2
57145099,3
57181191,3
57166257,2
57181190,3
57178637,2
57155362,2
57135931,3
57166442,2
57162322,2
57122597,1
57173586,1
57144860,2
57125582,1
57150282,3
57063295,2
57144783,3
57165941,2
57180703,1
57183492,1
57147619,2
57166236,3
57106560,1
57177303,1
57156352,2
57180034,2
57163385,3
57167113,2
57144071,3
57153581,2
57139844,2
57166395,2
57174751,2
57187234,1
57166488,2
57144642,2
57183194,1
57156878,3
57184807,1
57136452,2
57162683,2
57182103,2
57168117,2
57171120,2
57155666,2
57120111,1
57150210,1
57179698,3
57155032,2
57180759,2
57169591,2
57154978,3
57111032,2
57135892,1
57164717,2
57122203,1
57166297,3
57160888,3
57169164,2
57165125,2
57169165,2
57156778,2
57185882,2
57158472,2
57190106,1
57180429,2
57184645,2
57176634,1
57158687,2
57168026,2
57180654,2
57179540,3
57154575,2
57152215,2
57122193,1
57092917,2
57120436,2
57182747,1
57164778,2
57166323,1
57191206,2
57188699,2
57144516,2
57162802,2
57168118,2
57182191,2
57129562,1
57155845,1
57155753,3
57164011,2
57184995,2
57081436,1
57168257,2
57153187,1
57153228,3
57146836,2
57146835,1
57095349,2
57042799,1
57164525,2
57185426,2
57185427,2
57135930,3
57157902,3
57172732,2
57186551,3
57189402,2
57167382,2
57170223,4
57175713,1
57174577,2
57159246,2
57181550,2
57178847,1
57178728,2
57185900,2
57190105,1
57164716,2
57185867,2
57183195,1
57164038,1
57185963,2
57156877,3
57144764,2
57166893,3
57193273,2
57182542,1
57077779,2
57111924,1
57150408,2
57172819,2
57164565,2
57149744,2
57193814,1
57167434,2
57175484,1
57191147,3
57191234,2
57136339,1
57165144,3
57171981,2
57154026,2
57148461,3
57191391,2
57148462,3
57176166,2
57161131,1
57187552,1
57147397,2
57177745,2
57130883,2
57169579,2
57127300,2
57169672,3
57144781,2
57158686,2
57169724,1
57174252,2
57186105,2
57144873,3
57157888,3
57189318,3
57169889,2
57158782,2
57101259,2
57142359,1
57174542,2
57163486,3
57134534,2
57147886,1
57188368,2
57191146,3
57177306,2
57191235,2
57158181,2
57174945,2
57191392,2
57151412,1
57195789,2
57188808,1
57125608,2
57188872,3
57171204,1
57166834,2
57139357,2
57169784,2
57053897,1
57109318,2
57174440,2
57168935,2
57180009,3
57188186,2
57180033,2
57196685,2
57158255,2
57196741,2
57153850,2
57173559,2
57166394,2
57196870,2
57157399,2
57144426,1
57184644,2
57188873,3
57179406,1
57134438,2
57152136,2
57175245,3
57175174,1
57188010,2
57186550,3
57156099,2
57189317,2
57178674,2
57192312,1
57138935,2
57187022,1
57196646,1
57174752,2
57196680,2
57191307,2
57156737,2
57123718,2
57173199,2
57167645,1
57160155,2
57187235,1
57182051,2
57196146,2
57172448,2
57180653,2
57178002,2
56915719,2
57109141,2
57180010,3
57177288,2
57120353,1
57197463,2
57188222,3
57148406,2
57124949,2
57193802,4
57196681,2
57172929,2
57086644,1
57199524,1
57192945,2
57198334,1
57167747,1
57191415,2
57196923,1
57195788,2
57196922,1
57193105,2
57194201,1
57185951,2
57154574,2
57143492,3
57111652,2
57138447,1
57182104,2
57177731,1
57084796,2
57056672,1
57177906,2
57193628,3
57178407,2
57172864,3
57197462,2
57188185,2
57084880,1
57173080,1
57153745,3
57188521,2
57174673,2
57156621,2
57181841,2
57198526,2
57199993,2
57188145,1
57149500,2
57116287,2
57193713,2
57193681,3
56835128,6
57193682,3
57201973,3
57177139,4
57167428,1
57191115,2
57196496,1
57184016,2
57119634,2
57166594,2
57194101,2
57190028,2
57185947,2
57149971,2
57173395,1
57179342,1
57179341,1
57079821,1
57187827,2
57197253,2
57160114,3
57174094,3
57174123,1
57168463,3
57138249,1
57190894,1
57186313,2
57111121,1
57189210,2
57159245,2
57175420,1
57202054,2
57166296,3
57174675,2
57182854,3
57195238,1
57193987,2
57185883,2
57170779,2
57104735,2
57177795,2
57173718,3
57187641,2
57182274,1
57176926,3
57164270,2
57197207,1
57190695,3
57186248,2
57180758,2
57193627,3
57169781,1
57102815,1
57161649,2
57178524,2
57161938,2
57152441,3
57188367,2
57181412,2
57089115,2
57149929,2
57199450,2
57191117,1
57199419,2
57198085,2
57199471,2
57183142,2
57199612,1
57167784,2
57202243,2
57184309,2
57183141,2
57205142,2
57204026,1
57194200,1
57201469,2
57168393,2
57165639,2
57188831,3
57176542,2
57185244,3
57144037,2
56998338,1
57163423,1
57061497,2
57172865,3
57177433,1
57133146,1
57142340,2
57170014,1
57187023,1
57195237,1
57178986,2
57202244,2
57203747,2
57199597,2
57203651,2
56960204,1
57199523,1
57206380,2
57181899,2
57196869,2
57180430,2
57202505,2
57194126,2
57190295,2
57173605,1
57201169,2
57201168,2
57188700,2
57186083,3
57180446,2
57196156,1
57122073,2
57203136,2
57202023,2
57161707,2
57182746,1
57192313,1
57175998,2
57161060,3
57177576,2
57206317,2
57180278,2
57191207,2
57203652,2
57206357,1
57192858,2
57206316,2
57176348,2
57206356,1
57170766,2
57174769,2
57042708,1
57175046,2
57139276,2
57176983,2
57174369,2
57172974,2
57193649,2
57185577,2
57178505,3
57178504,3
57166258,2
57199328,2
57171869,2
57174653,2
57196740,2
57171933,1
57136375,2
57113062,2
57181549,2
57178846,1
57169285,2
57167896,2
57180452,2
57208170,2
57196161,2
57207399,1
57163424,1
57177432,1
57174578,2
57210360,3
57157999,3
57178835,3
57206170,2
57178727,2
57185971,2
57205309,1
57175045,2
57168000,2
57176633,1
57197206,1
57207037,2
57179298,2
57187553,1
57077660,2
57196157,2
57182543,1
57210145,2
57181034,2
57167785,2
57201972,3
57207610,1
57207585,1
57169238,2
57211557,2
57176564,2
57209040,2
57159379,1
57179007,2
57188489,2
57185899,2
57207902,2
57185972,2
57194369,3
57195914,2
57176853,1
57204427,2
57185311,2
57144201,2
57200283,2
57193847,2
57210394,2
57199327,2
57189589,2
57185539,2
57208986,2
57199418,2
57199457,2
57208815,1
57210571,1
57207813,2
57186739,2
57213333,1
57182190,2
57171169,2
57212400,1
57198950,2
57188832,3
57180501,2
57144859,2
57164048,2
57190600,1
57155361,2
57153816,2
57186730,3
57153691,2
57196844,2
57166593,2
57190069,2
57191416,2
57207956,2
57205241,2
57209247,2
57190338,2
57168394,2
57205197,3
57182052,2
57201757,2
57188146,1
57069526,1
57186740,2
57189097,3
57213021,2
57196475,2
57042063,1
57205937,2
57191123,3
57202024,2
57210368,3
57183077,2
57207662,1
57188433,2
57198092,2
57193988,2
57177444,1
57178987,2
57158436,2
57192890,2
57201358,2
57129833,2
57180533,1
57180711,2
57175485,1
57201945,2
57199238,2
57101059,4
57216633,3
57177289,2
57177136,3
57189548,2
57210572,1
57184444,2
57172276,2
57193272,2
57196160,2
57185312,2
56933954,2
57182275,1
57081510,2
57107983,2
57189096,3
57212930,2
57207400,1
57185538,2
57195038,2
57189483,3
57200167,3
57117120,2
57198265,2
57172928,2
57214636,2
57214637,2
57209177,2
57184445,2
57195287,2
57167999,2
57169098,2
57194290,3
57176951,2
57201758,2
57218175,1
57196113,2
57179791,2
57160358,2
57193650,2
57153588,2
57193672,3
57065686,1
57193712,2
57210361,3
57207581,3
57208951,2
57197910,2
57195255,3
57217195,2
57158473,2
57218810,2
57185866,2
57199611,1
57184498,2
57207901,2
57201436,3
57136051,1
57172336,3
57182149,2
57153690,2
57179541,3
57160284,2
57180712,2
57155744,3
57197304,2
57219216,1
57172449,2
57190892,2
57187940,2
57169823,1
57175514,3
57193792,2
57221206,2
57186513,1
57206171,2
57210369,3
57152688,2
57068356,1
57192946,2
57187222,2
57201013,2
57198304,2
57213515,3
57187640,2
57126904,2
57122954,2
57196114,2
57216805,2
57094510,1
57191122,3
57222458,2
57125343,2
57173008,1
57217113,2
57208826,2
57190070,2
57128033,2
57184619,2
57162890,2
57193092,3
57184805,2
57173915,2
57210952,2
57188994,2
57177965,3
57177968,3
57164269,2
57109142,2
57130365,1
57205632,2
57167646,1
57214229,2
57210393,2
57222459,2
57196684,2
57217114,2
57199507,2
57166420,2
57195444,3
57195326,2
57177657,2
57222958,2
57193123,2
57191509,2
57195286,2
57183277,2
57206622,2
57198791,2
57216153,2
57221752,3
57169670,3
57187664,2
57185216,3
57128458,2
57089907,2
57161469,2
56921729,2
57194736,2
57174435,1
57204708,2
57208578,2
57200179,2
57183859,1
57207584,1
57200166,3
57152687,2
57196491,2
57193801,4
57208577,2
57184031,1
57205936,2
57193791,2
57202053,2
57171622,2
57196838,2
57147292,2
57185832,2
57204027,1
57221585,2
57196839,2
57194278,2
57203615,2
57187531,2
57180749,2
57191552,2
57226428,3
57186037,3
57226591,2
57214363,2
57196505,2
57226809,1
57196506,2
57210498,2
57193848,2
57192840,2
57202253,2
57198333,1
57210616,2
57181988,2
57184994,2
57201468,2
57184618,2
57166833,2
57157294,2
57166745,1
57212470,2
57190696,3
57205310,1
57221753,3
57226427,3
57223624,2
57208120,3
57218176,1
57226348,2
57226347,2
57160359,2
57171612,1
57223917,2
57213807,2
57226649,2
57204707,2
57216713,2
57197489,3
57224952,2
57152430,2
57225073,2
57207741,2
57206262,2
57176982,2
57175037,2
57210778,2
57207963,1
57201470,2
57099934,2
57196155,1
57188001,1
57187566,2
57187939,2
57207047,2
57226146,3
57196061,2
57209971,2
57213534,2
57149501,2
57171611,2
57144070,2
57207580,3
57197483,2
57219464,2
57226778,2
57174474,3
57202079,1
57196645,1
57225941,2
57173949,3
57172532,2
57204834,3
57203086,1
57203135,2
57204843,2
57224014,3
57200449,2
57216105,2
57205165,2
57206443,2
57224347,2
57195673,1
57177744,2
57199976,2
57200251,1
57175421,1
57213118,2
57197482,2
57222121,3
57200448,2
57153505,1
57226850,2
57209137,2
57208930,2
57207740,2
57210615,2
57120966,2
57228426,2
57231054,1
57210551,2
57217753,2
57201039,1
57230006,2
56979326,1
57190893,1
57177325,1
57203085,1
57219564,3
57203219,2
57202288,2
57192251,2
57205036,2
57194279,2
57179157,1
57228427,2
57213384,2
57210465,1
57193001,1
57184806,2
57187438,3
57177627,1
57228913,2
57194291,3
57230138,2
57230137,2
57212773,2
57113562,1
57219217,1
57226592,2
57211265,1
57114942,2
57197488,3
57233121,1
57204633,2
57189401,2
57232156,1
57193639,2
57204717,2
57174398,2
57207691,1
57195037,2
57214297,2
57207663,1
57216137,2
57159285,2
57185217,3
57197305,2
57196137,2
57199908,2
57235776,3
57216804,2
57169099,2
57215705,2
57210300,2
57226733,3
57222583,2
57202447,2
57235224,1
57221398,2
57210510,2
57212492,1
57207038,2
57204467,3
57172337,2
57155105,2
57235837,2
57200178,2
57211141,1
57167427,1
57207692,1
57162063,2
57222809,2
57236386,1
57225074,2
57175981,2
57206263,2
57228396,1
57235263,2
57183176,3
57177628,2
57213354,2
57209066,2
57194145,2
57183448,2
57235440,1
57205360,3
57224663,3
57220965,2
57221994,2
57197181,2
57056748,1
57235725,2
57177138,4
57237718,2
57200640,2
57225077,2
57226851,2
57228397,1
57235262,2
57191118,1
57205037,2
57227079,2
57198525,2
57190149,3
57230045,1
57210806,2
57212319,2
57235439,1
57173442,2
57237254,3
57219187,2
57209927,2
57169824,1
57232333,2
57202113,3
57203248,2
57217290,2
57207814,2
57206167,2
57228153,2
57207622,2
57227100,2
57225418,2
57175894,2
57195385,3
57225835,2
57201014,2
57207048,2
57173465,2
57190270,2
57216284,2
57215173,3
57209970,2
57209516,2
57210953,2
57207339,2
57092740,1
57214262,2
57214202,2
57222794,2
57204908,3
57221490,2
57235174,2
57215869,3
57172214,2
57184615,2
57229952,2
57237275,3
57215521,1
57207306,3
57106778,1
57020114,2
57234937,1
57210552,2
57225078,2
57175367,2
57119445,1
57224101,2
57211525,3
57219515,2
57209136,2
57213437,2
57214656,2
57176280,2
57169592,2
57214657,2
57158163,2
57207773,2
57212491,1
57242692,3
57196062,2
57221047,2
57230058,2
57204527,3
57243823,1
57221048,2
57215520,1
57205491,2
57205659,2
57229346,2
57236014,2
57243137,1
57202078,1
57238871,1
57208814,1
57224196,2
57215058,2
57156904,2
57198951,2
57187828,2
57219067,2
57235481,2
57218978,2
57190599,1
57237255,3
57230142,2
57215465,2
57215240,2
57224666,3
57186120,2
57222015,2
57237549,2
57139534,1
57219308,2
57221207,2
57229386,3
57202112,3
57219463,2
57233122,1
57227918,2
57226788,4
57215948,2
57205108,2
57217319,1
57218666,2
57233660,2
57239138,2
57224165,2
57225857,2
57240756,1
57224504,3
57245227,2
57208015,2
57216201,2
57245380,2
57241015,2
57221008,2
57235726,2
57214232,2
57216816,3
57211266,1
57216817,3
57204759,1
57211672,2
57243403,2
57211524,3
57224412,2
57193122,2
57220300,2
57220490,3
57242331,2
57226111,2
57246509,2
57243824,1
57199994,2
57133039,2
57174390,2
57124834,2
57233421,2
57240502,2
57098539,1
57239139,2
57225445,2
57220169,2
57215132,2
57240755,1
57215131,2
57242472,3
56894942,2
57221742,2
57246445,2
57102472,1
57221993,2
57200060,2
57210144,2
57230566,2
57244248,2
57209041,2
57227068,2
57222959,2
57239580,2
56850489,6
57250812,2
57223477,3
57221974,2
57205492,2
57172533,2
57216479,2
57211142,1
57222134,2
57226732,3
57053199,1
57216634,3
57241433,1
57246981,2
57226792,2
57210420,2
57251513,2
57214233,2
57186785,2
57222914,2
57245029,2
57244850,2
57224433,3
57227295,3
57212336,2
57205366,2
57245620,2
57190830,2
57190829,2
57246692,2
57225145,2
57223955,1
57248671,3
57221421,3
57185779,1
57229517,2
57226922,2
57250106,2
57225639,2
57193257,1
57232573,2
57250105,2
57213270,2
57217470,2
57213334,1
57151170,2
57212401,1
57218979,2
57246520,2
57213390,2
57201359,2
57246510,2
57245599,1
57213760,2
57185063,1
57246889,2
57222120,3
57254091,1
57221138,3
57215968,2
57199480,3
57203616,2
57240503,2
57081055,2
57158256,2
57209246,2
57216285,2
57205972,2
57236281,2
57192841,2
57254577,2
57229779,2
57253489,3
57223294,2
57230131,2
57237390,2
57245527,2
57230132,2
57220964,2
57061420,1
57251258,2
57200282,2
57193671,3
57237589,2
57232142,3
57232207,2
57185623,2
57233422,2
57251490,2
57226791,2
57209067,2
57232565,2
57219930,2
57226992,2
57222915,2
57254576,2
57174124,1
57228760,2
57229965,2
57230141,2
57186119,2
57122053,2
57204632,1
57185385,2
57244247,2
57224085,1
57226808,1
57218667,2
57239289,2
57233790,2
57233671,2
57202504,2
57256237,2
57239773,2
57248187,2
57217866,2
57253801,2
57245598,1
57240086,2
57205499,2
57165942,2
57194565,2
57226787,4
57232250,2
57248817,2
57210407,2
57236142,2
57254423,2
57257324,2
57207942,2
57254507,1
57227318,2
57245249,1
57241007,2
57223695,2
57237274,3
57221768,2
57231719,3
57089801,2
57242793,2
57224951,2
57259568,4
57205869,3
57248861,3
57225580,3
57224102,2
57225940,2
57239513,2
57227180,2
57242794,2
57224654,2
57237401,2
57204634,2
57238524,2
57244204,2
57252343,1
57257785,2
57236031,1
57256832,2
57237588,2
57248643,2
57252375,3
57232332,2
57244323,2
57235145,2
57236387,1
57258244,1
57215903,2
57201467,2
57195864,2
57229116,3
57188868,2
57251954,2
57219190,2
57240087,2
57230186,2
57256452,2
57230044,1
57216466,2
57221885,2
57254908,1
57246652,2
57260360,2
57221975,2
57125750,2
57245841,2
57230508,2
57222227,1
57217002,2
57235124,2
57257024,2
57223956,1
57258061,1
57254220,2
57241578,2
57241903,2
57229953,2
57208809,2
57209176,2
57235268,2
57232572,2
57220855,3
57206659,1
57238169,1
56991927,2
57252064,2
57186314,2
57211530,3
57235032,2
57252517,2
57258245,1
57243385,2
57218809,2
57240894,3
57225836,2
57205365,2
57245415,2
57235434,3
57240017,3
57169783,2
57207221,2
57251245,2
57221101,2
57147931,1
57202070,1
57213081,2
57219307,2
57185624,2
57240482,2
57262457,2
57244413,2
57260819,3
57119559,2
57199449,2
57265428,2
57232628,1
57228964,3
57265576,2
57232782,2
57256562,2
57262039,2
57198703,2
57213805,2
57235883,2
57263659,1
57235838,2
57246867,3
57248642,2
57196492,2
57247191,2
57246199,2
57249920,2
57210497,2
57256982,2
57262512,2
57247323,2
57221526,2
57250514,2
57246183,2
57228506,2
57242365,2
57205498,2
57246396,2
57245430,2
57241047,2
57256416,2
57207943,2
57240964,2
57230089,2
57242672,2
57155939,1
57256451,2
57187567,2
57251033,1
57246561,3
57242997,2
57260361,2
57168810,1
56982106,2
57226589,2
57202812,2
57252203,2
57238534,1
57243287,2
57232155,1
57252374,3
57245847,2
57241633,2
57262363,2
57236030,1
57237737,2
57227764,2
57262456,2
57221739,3
57235576,2
57245464,3
57248196,2
57263059,1
57248238,2
57226590,2
57229362,2
57256747,2
57233276,2
57219565,3
57241432,1
57262356,2
57241474,2
57238870,1
57267896,2
57235219,2
57148324,2
57243504,2
57235274,1
57230796,1
57213438,2
57221495,2
57240741,2
57250469,2
57218935,2
57259092,2
57265669,3
57263146,2
57181035,2
57177137,2
57241475,2
57268772,1
57263573,2
57255531,2
57267987,2
57247295,2
57267988,2
57233844,2
57249015,2
57238029,2
57242330,2
57241902,2
57235340,1
57226110,2
57215466,2
57248158,2
57263069,2
57218368,2
57256748,2
57235972,2
57238533,1
57270537,2
57228130,2
57262529,1
57267957,2
57267956,2
57187223,2
57208014,2
57226842,2
57270880,2
57225782,2
57242671,2
57253111,2
57264548,1
57198704,2
57242691,3
57216480,2
57195865,2
57257563,2
57238168,1
57250892,2
57223918,2
57271377,2
57234828,1
57271378,2
57245886,1
57229385,3
57247306,2
57263782,2
57254306,2
57249024,2
57227795,2
57258318,2
57228099,2
57251619,2
57246337,2
57209653,1
57257364,2
57249014,2
57179471,2
57260149,2
57253488,3
57249251,2
57228891,2
57224443,2
57240102,2
57149626,1
57243229,2
57215811,2
57211471,2
57232462,2
57230795,1
57244606,2
57247656,2
57162498,1
57240778,2
57255756,2
57243424,3
57242137,3
57242332,2
57262034,2
57262225,2
57252160,1
57276021,2
57248705,1
57248787,1
57274557,2
57237909,2
57276304,1
57263907,2
57275066,2
57274860,2
57258447,2
56829796,7
57239776,2
57239470,3
57250513,2
57273822,3
57260185,2
57238290,2
57249380,2
57241006,2
57248511,2
57235775,3
57265155,2
57235223,1
57265212,2
57243318,2
57251489,2
57214298,2
57254360,2
57246055,1
57250476,2
57257059,2
57249919,2
57221494,2
57247090,2
57258357,2
56831986,7
57268301,2
57249121,3
57251034,1
57241123,2
57204468,2
57248739,3
57254090,1
57196486,2
57246054,1
57257078,2
57252516,2
57244338,3
57263658,1
57259823,2
57247284,1
57239484,3
57268044,2
57237998,2
57253678,2
57279327,2
57243845,3
57238374,3
57269109,2
57233265,2
57278987,1
57278958,2
57240832,2
57243329,3
57254372,1
57228691,2
57256236,2
57269566,3
57273618,2
57262899,2
57256035,2
57270071,2
57279515,2
57246555,2
57256775,2
57266305,2
57280008,1
57270631,1
57255326,3
57270748,2
57252892,2
57255771,2
57261369,2
57255723,2
57249018,2
57233843,2
57261541,2
57273910,1
57259389,2
57188926,2
57204426,2
57133120,2
57254017,2
57236019,2
57222582,2
57270592,2
57273476,2
57258394,2
57213806,2
57263525,2
57263516,2
57239061,2
57267895,2
57271960,2
57264063,2
57254461,2
57264244,2
57221537,1
57251772,2
57251773,2
57250891,2
57231053,1
57260630,2
57245887,1
57229363,2
57255224,3
57284269,2
57259789,2
57226777,2
57240740,2
57264046,2
57283156,2
57283076,2
57207774,2
57260251,2
57261540,2
57206660,1
57256561,2
56828591,7
57230086,2
57116662,2
57257786,2
57262315,1
57252612,2
57270591,2
57259612,2
57252893,2
57261245,3
57254508,1
57251940,3
57282044,2
57268441,2
57229113,2
57081437,1
57246410,2
57283634,2
57248237,2
57246868,3
57238463,2
57262355,2
57252342,1
57259569,4
57161955,2
57274514,2
57256981,2
57257213,2
57270787,2
57248704,1
57281731,2
57268103,2
57254479,2
57262981,2
57230057,2
57246444,2
57241124,2
57281121,3
57246622,2
57260313,2
57218366,2
57255225,3
57262316,1
57254373,1
57260820,3
57288394,1
57281657,2
57268030,2
57254480,2
57250796,3
57235508,3
57239471,3
57232666,2
57249250,2
57215477,2
57262936,3
57175366,2
57287991,1
57219806,2
57270547,1
57254177,3
57273498,2
57267901,2
57288358,2
57252639,2
57273477,2
57265300,2
57237997,2
57253006,2
57263800,2
57079744,2
57243571,2
57246476,1
57250657,2
57263113,2
57252087,2
57267514,2
57267385,2
57246980,2
57286929,1
57256774,2
57266117,2
57284268,2
57268983,2
57287007,2
57233659,2
57257133,2
57267929,2
57276397,2
57254733,2
57268342,2
57268409,2
57282119,2
57260186,2
57278435,2
57268563,3
57263332,1
57287047,2
57274779,2
57278994,2
57244849,2
57263934,2
57275147,2
57255716,2
57227101,2
57271146,2
57263112,2
57055698,1
57281698,2
57187401,2
57187400,2
57287353,1
57257126,2
57106559,1
57192889,2
57275515,2
57163931,2
57273911,1
57256657,2
57199907,2
57267783,2
57270546,1
57268984,2
57269005,1
57262362,2
57239198,2
57270722,2
57268184,2
57150407,2
57256010,2
57245228,2
57250811,2
57270350,2
57262052,2
57279563,3
57275927,1
57268679,1
57265057,2
57271344,2
57267882,2
57255230,2
57280007,1
57288395,1
57272161,2
57294016,2
57265595,2
57279064,2
57276362,2
57273706,2
57272400,2
57194564,2
57270244,3
57204446,2
57268680,1
57230462,2
57263190,2
57142678,1
57269006,1
57270852,1
57278929,2
57270801,1
57285887,2
57276152,2
57254540,2
57280534,2
57272508,2
57275160,1
57267515,2
57276542,2
57266975,1
57288947,2
57263122,2
57143705,1
57268756,2
57274257,1
57265156,2
57263572,2
57272180,2
57290043,2
57273617,2
57291236,2
57273662,2
57262885,3
57265401,3
57275161,1
57075563,1
57300147,2
57259470,2
57274134,1
57266142,2
57268755,2
57265030,3
57296284,1
57271722,2
57280055,2
57271842,2
57299303,2
57279059,2
57281981,2
57292947,2
57268460,2
57264549,1
57289101,2
57270245,3
57268463,2
57276022,2
57297848,2
57268947,2
57276966,1
57263515,2
57296601,2
57280216,1
57284518,2
57281820,1
57270853,1
57275271,2
57291935,2
57277957,3
57268588,2
57282290,2
57234261,1
57297808,1
57279650,1
57239004,2
57276140,2
57285261,2
57273526,2
57289795,1
57266271,2
57277968,2
57299648,1
57277802,2
57275272,2
57279449,1
57265861,2
57245840,2
57232667,2
57219859,2
57245068,3
57291330,2
57254862,2
57257323,2
57275559,2
57282090,2
57273823,3
57297636,2
57279406,3
57263060,1
57279450,1
57246691,2
57221102,2
57271721,2
57285096,2
57270632,1
57297839,1
57280135,3
57275204,2
57275522,3
57248157,2
57306714,3
57230055,1
57245431,2
57287511,2
57258740,2
57275928,1
57298705,2
57271343,2
57292514,2
57288345,2
57299124,1
57299304,2
57271961,2
57303593,3
57272080,2
57262528,1
57194566,2
57288686,2
57259408,2
57213535,2
57279328,2
57278436,2
57283899,2
57142360,1
57245788,2
57297838,1
57274085,2
57276965,1
57282487,2
57300670,2
57278841,1
57291125,2
57280082,2
57278848,2
57273249,2
57288140,4
57274869,2
57261593,2
57283223,2
57282757,3
57277950,2
57284788,2
57305548,1
57188925,2
57282488,2
57298704,2
57307048,1
57307049,1
57277095,1
57284294,2
57308831,2
57299123,1
57284368,2
57300711,2
57277424,2
57284310,2
57291126,2
57278988,1
57277659,2
57279000,2
57291360,2
57309414,2
57306713,3
57293223,3
57221895,2
57303345,2
57284200,2
57256876,2
57284340,2
57271841,2
56873062,7
57272415,1
57273937,2
57281980,2
57306796,1
57294567,2
57284759,2
57306795,1
57284763,2
57256728,2
57292272,2
57288139,4
57208987,2
57284295,2
57285292,3
57278842,1
57288246,2
57299292,1
57292597,2
57298304,2
57298342,2
57310695,2
57281946,2
57257614,2
57260070,2
57283930,2
57254907,1
57296029,2
57287950,2
57278752,2
57255231,2
57289893,3
57292537,2
57255715,2
57288685,2
57301112,1
57287477,2
57257368,2
57283571,2
57290350,2
57287654,2
57295865,1
57284758,2
57298452,2
57304060,1
57235480,2
57286480,2
57297865,2
57289617,3
57306009,2
57287003,2
57265886,1
57314400,1
57310077,2
57299215,1
57311821,1
57288540,2
57221201,1
57261262,2
57291347,2
57283400,2
57267130,3
57272359,2
57294784,2
57286617,2
57294783,2
57263007,2
57272763,2
57295781,2
57273802,2
57205459,2
57174187,2
57204716,2
57309816,1
57309702,2
57301634,2
57243138,1
57230337,2
57273320,2
57277096,1
57290944,3
57254221,2
57301627,2
57314363,3
57288359,2
57291261,2
57287277,3
57276303,1
57284560,2
57299259,2
57284642,2
57287354,1
57291916,2
57166023,2
57285201,1
57315328,2
57285541,2
57287992,1
57286908,2
57293807,2
57299345,2
57256875,2
56925108,2
57266388,2
56857151,7
57292866,2
57272509,2
57301065,3
57271183,2
57317757,2
57252154,2
57218367,2
57317865,1
57309859,2
57268043,2
57315634,3
57315633,3
57300917,2
57300712,2
57276371,2
57285874,2
57298176,2
57259409,2
57254585,2
56876660,7
57246519,2
57276534,3
57316790,2
57313933,2
57213759,2
57243027,2
57120354,1
57316967,2
57273250,2
57270538,3
57267969,2
57312689,2
57311633,2
57292451,2
57255588,2
57310239,4
57216138,2
57281905,2
57234938,1
57292790,2
57254539,2
57276521,3
57298233,2
57275600,2
57304052,2
57289509,2
57308766,2
57307023,2
57230565,2
57314364,3
57298020,2
57296393,2
57263783,2
57289881,1
57276307,2
57281735,3
57292878,2
57306653,2
57292155,2
57309372,2
57268442,2
57286406,2
57323161,2
57263147,2
57273171,1
57316906,2
57314401,1
57253191,2
57171205,1
57303830,2
57299872,2
57273836,2
57305190,2
57299606,2
57003882,2
57303089,2
57268587,2
57316905,2
57323290,2
57267886,3
57317132,2
57302115,2
57321552,2
57299607,2
57294168,2
57295330,2
57303606,2
57294143,2
57301113,1
57298530,2
57110907,2
57259091,2
57299986,1
57303958,2
57267594,2
57289370,2
57286686,2
57318090,3
57318078,1
57310000,2
57285578,2
57271943,2
57300949,2
57323789,2
57321407,2
57302436,2
57299649,1
57302711,1
57290385,2
57304362,1
57325141,1
57315081,2
57300756,2
57312671,2
57300678,1
57291159,2
57303867,2
57297809,1
57317012,1
57319792,1
57303594,1
57309038,2
57309052,1
57327226,1
57272762,2
57257615,2
57230507,2
57278753,2
57314293,4
57322398,2
57303316,2
57279649,1
57310078,2
57274558,2
57311826,2
57302025,2
57279012,2
57311851,2
57318716,2
57319012,2
57328428,1
57324465,2
57163932,2
57318079,1
57304481,2
57323626,3
57318276,2
57284369,2
57309061,2
57330912,3
57304575,2
57284267,2
57290089,3
57290149,3
57296894,2
57300968,2
57312183,3
57322145,2
57290367,2
57263123,2
57233217,1
57273164,2
57309701,2
57317847,2
57289618,3
57328883,2
57252159,1
57296502,2
57311632,2
57327999,2
57307400,3
57297916,2
57291091,2
57310396,2
57310238,4
57277803,2
57299535,2
57280271,2
57287580,2
57313940,2
57292060,2
57303064,3
57306801,1
57317856,2
57308830,2
57311467,2
57284240,2
57262226,2
57319804,2
57273170,1
57312672,2
57323803,2
57291092,2
57324319,2
57279043,2
57314738,2
57303868,2
57294708,2
57306418,2
57302699,2
57291456,2
57319247,2
57312219,3
57314095,2
57193256,1
57287608,2
57268554,2
57270422,2
57274183,2
57320684,2
57334442,2
57311567,2
57314324,2
57310153,2
57289880,1
57310489,2
57314443,2
57208921,2
57307879,2
57299877,2
57305391,2
57301006,2
57319155,1
57278285,2
57286479,2
57313661,2
57316688,2
57315079,2
57193556,1
57309053,1
57292741,2
57324061,1
57295583,2
57301082,3
57290368,2
57309413,2
57317742,2
57308841,2
57337063,2
57336113,2
57309815,1
57282972,2
57287510,2
57310957,2
57304999,2
57316281,2
57317596,2
57309419,2
57282045,2
57290132,3
57220311,2
57319156,1
57316693,2
57306010,2
57296283,1
57337064,2
57325173,2
57311566,2
57314614,2
57282973,2
57339111,1
57310500,3
57303716,1
57318771,2
57271182,2
57303897,3
57316538,2
57325687,2
57321967,3
57317610,2
57306900,2
57339864,1
57293258,1
57299216,1
57201350,2
57318631,3
57323625,3
57318360,2
57289961,2
57316419,2
57298363,2
57295864,1
57313932,2
57320436,2
57201351,2
57304628,2
57319803,2
57301790,2
57304480,2
57312932,2
57322632,2
57289014,2
57262881,2
57340621,2
57299534,2
57314924,2
57324588,2
57340925,2
57297176,2
57308513,2
57270421,2
57190891,2
57319848,2
57344285,2
57319721,2
57311537,1
57319860,2
57303624,1
57334818,4
57284517,2
57343107,3
57326997,2
57309071,2
57325820,2
57320238,3
57302815,2
57312184,3
57306615,2
57345100,2
57323162,2
57252253,2
57279564,3
57344286,2
57205742,2
57300679,1
57301651,3
57311700,2
57339112,1
57318528,2
57311822,1
57343108,3
57322717,2
57317407,2
57306281,2
57334819,4
57310214,2
57318527,2
57321396,2
57322934,2
57302710,1
57327225,1
57346682,3
57345099,2
57314292,4
57304381,2
57328840,1
57311476,2
57334781,2
57312572,2
57317133,2
57326648,2
57300967,2
57316004,2
57325675,2
57316577,2
57341065,3
57342103,2
57325632,2
57346472,2
57316791,2
57327747,2
57309420,2
57333999,3
57287605,1
57318177,2
57336151,1
57328025,2
57322482,2
57216600,2
57329414,3
57347439,2
57317457,2
57314793,2
57308076,2
57293018,2
57293070,2
57345402,1
57337151,2
57295523,2
57329314,2
57347376,2
57326824,2
57326891,2
57321249,2
57313419,1
57324062,1
57339425,2
57349145,3
57324802,3
57318019,3
57303715,1
57328316,2
57325686,2
57317498,2
57336806,3
57289443,2
57149588,2
57270423,2
57315082,2
57194100,2
57326035,2
57347046,2
57319703,1
57340035,2
57331939,2
57309070,2
57329315,2
57322817,2
57317259,2
57340812,2
57291661,1
57336692,2
57351998,3
57324797,2
57338400,2
57317669,2
57349461,2
57322144,2
57319791,1
57349794,2
57347047,2
57336152,1
57331940,2
57318674,1
57333618,2
57306417,2
57338238,2
57321804,2
57342259,2
56909817,7
57336942,2
57353398,2
57287006,2
57268948,2
57336148,2
57348453,2
57325380,2
57334799,2
57143152,2
57333612,2
56991669,6
57290150,2
57351610,1
57351689,1
57336840,2
57320072,2
57328575,3
57224753,2
57346886,2
57353399,2
57337618,2
57344413,2
57347180,2
57336193,2
57341640,2
57334595,3
57295522,2
57315687,2
57314444,2
57332344,2
57343613,2
57339424,2
57308109,2
57357450,2
57306576,2
57292321,2
57347888,4
57333566,2
57337204,2
57326363,2
57229518,2
57356454,2
57336192,2
57339236,2
57329342,1
57329305,2
57330940,1
57326362,2
57147998,1
57330927,2
57318675,1
57327052,2
57332589,2
57335769,2
57326966,2
57354779,2
57338064,2
57338193,2
57306575,2
57287579,2
57335856,1
57308512,2
57275759,2
57323818,2
57342607,1
57353568,1
57345496,2
57349835,2
57331694,2
57334782,2
57321098,2
57331782,1
57333809,2
57228912,2
57313564,2
57327615,2
57332738,2
56909906,7
57339590,2
57254863,2
57349695,2
57331700,2
57339779,2
57222111,1
57333384,2
57325142,1
57358000,2
57333383,2
57173079,1
57336651,2
57332643,2
57331424,3
57355029,2
57297763,2
57298804,2
57194567,2
57357909,2
57328043,2
57358926,2
57355271,2
57303430,2
57322718,2
57333454,2
57329343,1
57332079,2
57345810,2
57343012,3
57333611,2
57346001,2
57342104,2
57324693,2
57332642,2
57341114,2
57336703,2
57304574,2
57347073,2
57236013,2
57321669,2
57332070,2
57348551,2
57341959,2
57092042,2
57333792,2
57339439,2
57358442,2
57332739,2
57313813,2
57341030,2
57305909,2
57264399,2
57331781,1
57330638,1
56921813,7
57341648,2
57334936,2
57322825,2
57284416,2
57336595,2
57340649,2
57359897,2
57331695,2
57360618,2
57290788,2
57352602,3
57341816,2
57348502,2
57316330,2
57333788,3
57336654,2
57310215,2
57285873,2
57329875,2
57317756,2
57200250,1
57361583,2
57331669,4
57319702,1
57339850,2
57332057,2
57306344,2
57289794,1
57261592,2
57339271,2
57344734,2
57320170,2
57353049,2
57340936,2
57341393,2
57368901,4
57363410,2
57344506,2
57351046,2
57263191,2
57341938,1
57317623,2
57302036,2
57359505,1
57291439,2
57335790,3
57317733,2
57328381,1
57302814,2
57340937,2
57335855,1
57347581,1
57342260,2
57331668,4
57342404,2
57342680,1
57357910,2
57295453,2
57343119,2
57336293,2
57348324,2
57365000,2
57347340,2
57341827,2
57351535,2
57297295,2
57335610,2
57335205,3
57328427,1
57349542,2
57346681,3
57361718,1
57358132,3
57333453,2
57318277,2
57351045,2
57370531,2
57344733,2
57325721,2
57315932,2
57335554,2
57346380,2
57235665,1
57355272,2
57127654,2
57344277,2
57371788,5
57345711,1
57303431,2
57346110,2
57339332,3
57348920,2
57366631,2
57343634,2
56908922,7
57343743,1
57336751,2
57346429,3
57344933,2
57371094,1
57372248,1
57360368,2
57030422,2
57341566,1
57331559,2
57336124,2
57371787,5
57298019,2
57351344,2
57371955,2
57341901,3
57352969,2
57347543,2
57350258,2
57281732,2
57334060,2
57349482,2
57081398,2
57339863,1
57254218,1
57347275,2
57319870,2
57340620,2
57374912,1
57358643,2
57374911,1
57325952,2
57212337,2
57337460,1
57344412,2
57375807,5
57337519,2
57346379,2
57365311,2
57376415,2
57349157,2
57361314,2
57334222,2
57306885,2
57345403,1
57311536,1
57359191,2
57355385,2
57374574,5
57375806,5
57351378,2
57377414,2
57350055,3
57377415,2
57376588,2
57317732,2
57371119,2
57343929,2
57334329,3
57361687,2
57358932,2
57348457,2
57359133,2
57290789,2
57333668,3
57355712,2
57357365,2
57338501,2
57360111,2
57359975,2
57372319,3
57310956,2
57353224,3
57320435,2
57218201,2
57274256,1
57336066,2
57368913,1
57363503,2
57353824,2
57347158,3
57374573,5
57359512,2
57353686,2
57373284,2
57266272,2
57352957,2
57352968,2
57340648,2
57328067,2
57351377,2
57354709,2
57365723,2
57349136,2
57349135,2
57375028,2
57380457,2
57358642,2
57371573,2
57363640,2
57382631,2
57358218,2
57337415,2
57380001,5
57378484,2
57364832,2
57363656,2
57336067,2
57380137,2
57359996,2
57341937,1
57306499,2
57351877,2
57083042,2
57371162,2
57324378,3
57343744,1
57358521,2
57361424,2
57371600,2
57363504,2
57323790,2
57364743,2
57345285,2
57367521,2
57344455,2
57369107,2
57356709,2
57382760,5
57363763,2
57355537,1
57363906,2
57346723,2
57356955,2
57308466,1
57351534,2
57349483,2
57324694,2
57354912,2
57353329,3
57336941,2
57270424,2
57377035,1
57356196,2
57363429,2
57334468,2
57358070,2
57347320,2
57382759,5
57348452,2
57347274,2
57363644,1
57347333,2
57277249,1
57347405,2
57365429,2
57379073,2
57374822,2
57366609,2
57355692,2
57384729,1
57349156,2
57355853,2
57366236,2
57360792,2
57383585,2
57263983,2
57385508,5
57359384,2
57352956,2
57365402,2
57355691,2
57359945,1
57383130,2
57347806,2
57350331,2
57341064,3
57364130,2
57371533,4
57356089,2
57361584,2
57359190,2
57319886,2
57382553,2
57356197,2
57349834,2
57328026,2
57383924,5
57380000,5
57355539,2
57364772,2
57362254,1
57311867,2
57358441,2
57347582,1
57355854,2
57356495,2
57388042,2
57352601,3
57377226,2
57379860,2
57358141,2
57084491,2
57242042,2
57365077,2
57353901,2
57387158,2
57383152,2
57385831,2
57327291,2
57388690,2
57388691,2
57374983,2
57278428,2
57327292,2
57371234,1
57345017,2
56933926,7
57388991,2
57368900,4
57358927,2
57353823,2
57285202,1
57383923,5
57389402,5
57350127,2
57352807,1
57359504,1
57351690,1
57371938,2
57352808,1
57363959,2
57363075,3
57371256,1
57320683,2
57387934,2
57386124,2
57312571,2
57360865,1
57389295,2
57358074,2
57311703,2
57383894,2
57385507,5
57372097,2
57362636,2
57391297,2
57357533,3
57382058,2
57371233,1
57372314,2
57349168,2
57323129,2
57368728,2
57347887,4
57245789,2
57386125,2
57382630,2
57361719,1
57390800,2
57388041,2
57392137,5
57389403,5
57322657,2
57362253,1
57384003,2
57347321,2
57392193,5
57388271,5
57364921,2
57354026,2
57392416,1
56935545,7
57365564,2
57379294,2
57366630,2
57308495,2
57369499,2
57306789,2
57357867,2
57372802,2
57360866,1
57360793,2
57389438,2
57392194,5
57388272,5
57388441,2
57384644,2
57394136,1
57361672,1
57355170,1
57371728,2
57396363,1
57358142,2
57359413,2
57395007,5
57395013,5
57382899,2
57344670,2
57362591,2
57338395,2
57343272,2
57374976,3
57364025,2
57393257,1
57385977,2
57396147,2
57354778,2
57379792,1
57394504,2
57385284,2
57371676,2
57322427,2
57392003,2
57396364,1
57394760,5
57394877,5
57371729,2
57396487,5
57388411,2
57342003,2
57369308,2
57354359,2
57384728,1
57379074,2
57341045,2
57374984,2
57379791,1
57361802,2
57369977,2
57385399,2
57303344,2
57385285,2
57394761,5
57372833,2
57372725,2
57389397,2
57336421,2
57283137,2
57397676,5
57374579,1
57370418,1
57394876,5
57395012,5
57399250,5
57395006,5
57378777,2
57367925,2
57369281,2
57361262,2
57365256,2
57374959,2
57398417,2
57372249,1
57371093,1
57319576,2
57380835,2
57347925,2
57334467,2
57368912,1
57393618,1
57385441,2
57397580,2
57369037,2
57396486,5
57400542,5
57399251,5
57376187,3
57391296,2
57377672,2
57384695,3
57369400,2
57373936,2
57382003,2
56947485,7
57334221,2
57378351,1
57374322,2
57394661,2
57379828,1
57400267,2
57401842,2
57399124,2
57386674,5
57399131,5
57390801,2
57374323,2
57392138,5
57400483,5
57367662,2
57356920,2
57393694,2
57359948,2
57383863,2
57358090,2
57385693,2
57344884,2
57372158,2
57313812,2
57238393,2
57138446,1
57237548,2
57366985,2
57388962,2
57296256,2
57399132,5
57399123,2
57400227,2
57321097,2
57370526,2
57368795,2
57367914,3
57400484,5
57400543,5
57348451,2
57400541,5
57384103,2
57369312,2
57384253,1
57377903,2
57243026,2
57317866,1
57404606,2
57401935,5
57397677,5
57401999,5
57400544,5
57403283,5
57392417,1
57364021,2
57360047,2
57385994,2
57375206,1
57371712,2
57371574,2
57381028,2
57400226,2
57404602,2
57404607,2
57401936,5
57375928,2
57401998,5
57311704,2
57404762,5
57370927,3
57317414,2
57392615,1
57359394,1
57382713,3
57394660,2
57390897,2
57404745,2
57287606,1
57404763,5
57388316,2
57403282,5
57370419,1
57354480,1
57384254,1
57342095,2
57390023,1
57372187,2
57355740,2
57393406,2
57397314,2
57407079,1
57407080,1
57401696,2
57375216,2
57358089,2
57392004,2
57400372,1
57374761,2
57385550,2
57361074,2
57382944,2
57316003,2
57351421,2
57407500,2
57021509,6
57382926,2
57394179,2
57388637,2
57325951,2
57360617,2
57391904,2
57402941,2
57366439,2
57381089,2
57397579,2
57379956,2
57386685,2
57347339,2
57391100,2
57384140,2
57408886,1
57373365,2
57384637,1
57381803,2
57384636,1
57382976,2
57391435,2
57388716,3
57390791,2
57388864,2
57386216,2
57364831,2
57380046,2
57344717,2
57379030,2
57407457,2
57379183,2
57368041,2
57381890,2
57402285,2
57367994,2
57386045,3
57347805,2
57345134,2
57286930,1
57408469,3
57401929,2
57408401,1
57405880,5
57394957,2
57410182,5
57383021,2
57385808,2
57394135,1
57252153,2
57395627,2
57380460,2
57387574,2
57383147,2
57265858,2
57410727,2
57388865,2
57379827,1
57393617,1
57385402,2
57368982,2
57385324,2
57306411,2
57385458,2
57367216,2
57408887,1
57279042,2
57387635,2
57409051,1
57399505,2
57392683,2
57385939,2
57382238,3
57388831,2
57394153,2
57377036,1
57386707,1
57381098,2
57403148,2
57412912,5
57411460,5
57414187,5
57388443,2
57408853,1
57396569,2
57333630,2
57392508,2
57381754,2
57383027,2
57398522,3
57400090,2
57404603,2
57349793,2
57403120,2
57383586,2
57394995,2
57367855,2
57387300,2
57209654,1
57374821,2
57414801,1
57382367,2
57391448,2
57387371,2
57357866,2
57331289,2
57415286,2
57410728,2
57288245,2
57386692,2
57402946,1
57396568,2
57415650,5
57397619,2
57369317,2
57403229,2
57389975,2
57399229,2
57364024,2
57393958,2
57394049,2
57350564,2
57393256,1
57390422,2
57353569,1
57356660,2
57390816,3
57419170,2
57419169,2
57393697,2
57408518,2
57386808,2
57401060,2
57399424,2
57374661,2
57399573,2
57384319,2
57360211,2
57394091,2
57370934,2
57386027,2
57398973,2
57402782,2
57418380,5
57419661,5
57408754,2
57408823,1
57377276,2
57360072,2
57361269,2
57373861,2
57327694,2
57385094,2
57336940,2
57391786,4
57366095,1
57396410,2
57411185,2
57411246,2
57387159,2
57382780,2
57414203,2
57382776,2
57304687,2
57402380,2
57390022,1
56976176,7
57396178,2
57404388,2
57409905,2
57421842,2
57394505,2
57391903,2
57387063,2
57416975,2
57406331,2
57404828,2
57394144,2
57357064,2
57361263,2
57402261,3
57420744,2
57391785,4
57421841,2
57394375,2
57363620,2
57407328,2
57392307,1
57403121,2
57371610,2
57399302,2
57411686,1
57384141,2
57389629,1
57366380,2
57268771,1
57404389,2
57399054,2
57397145,1
57409889,2
57418245,2
57400009,2
57422389,5
57423838,5
57400254,2
57426570,5
57372195,2
57375029,2
57265857,2
57415287,2
57424438,2
57427122,2
57401709,1
57424437,2
57342681,1
57401708,1
57402947,1
57420951,2
57415551,2
57374410,2
57392432,1
57395056,2
57403405,2
57383018,2
57349694,1
57427098,5
57413391,2
57398730,2
57416189,2
57386322,2
57420745,2
57375507,2
57429058,1
57392251,2
57426538,5
57304688,2
57425058,5
57374644,2
57426572,5
57425115,5
57429311,5
57429310,5
57374691,3
57391012,2
57360210,2
57418690,2
57399506,2
57415074,2
57402343,2
57405237,2
57349693,1
57371307,2
57252252,1
57409890,2
57420952,2
57429211,2
57410164,2
57427793,5
57400741,2
57403538,2
57420278,2
57412320,2
57398396,2
57429807,5
57402551,1
57394572,1
57409809,2
57426260,2
57424633,2
57407136,2
57374395,2
57418246,2
57407247,2
57410183,2
57427852,5
57429341,5
57429281,5
57432049,5
57427855,5
57427915,5
57183177,2
57412023,2
57407692,2
57376589,2
57398053,2
57275894,2
57322428,2
57361653,2
57363368,2
57400392,1
57404661,2
57400391,1
57407299,2
57430535,5
57407298,2
57433332,5
57405881,0
57410093,2
57430593,5
57423837,5
57402160,3
57430657,5
57392433,1
57411356,2
57433760,2
57396787,2
57413266,2
57393060,2
57341565,1
57276936,2
56978913,7
57429206,1
57322680,2
57411726,2
57432050,5
57389296,2
57423844,2
57416924,5
57430596,5
57415805,2
57414552,2
57433761,2
57403764,2
57415047,2
57382163,2
57315080,2
57412583,2
57411319,2
57434756,5
57433275,5
57411657,2
57432081,5
57433335,5
57433394,5
57399303,2
57389630,1
57395326,2
57409018,3
57380456,2
57394921,1
57373720,2
57398527,2
57399820,2
57398972,2
57404673,3
57395157,2
57415504,2
57434787,5
57409052,1
57411527,2
57421224,2
57395716,2
57423253,2
57416002,3
57416065,2
57420418,2
57289444,2
57238693,1
57419267,2
57412838,2
57412720,2
57408402,1
57436009,5
57421111,5
57410261,2
57434834,3
57434757,5
57414454,2
57434835,3
57382898,2
57377671,2
57351207,2
57410184,2
57401047,2
57410229,2
57417335,2
57437654,2
57326823,2
57417654,3
57399492,2
57432544,5
57386313,2
57408519,2
57418300,2
57437484,5
57437485,5
57361268,2
57419730,2
57381579,2
57253190,2
57298529,2
57420031,2
57421279,2
57436624,2
57263101,2
57177247,1
57363369,2
57375207,1
57415436,2
57417099,2
57384004,2
57415935,2
57418606,2
57414802,1
57401256,1
57402344,2
57391488,2
57398731,2
57409810,2
57423576,4
57416274,1
57415512,3
57393698,2
57438737,5
57438738,5
57440216,5
57443070,2
57421251,2
57417098,2
57398026,2
57413301,3
57425885,3
57410689,2
57413230,2
57432664,2
57416273,1
57432900,2
57407327,2
57419513,2
57441465,5
57441431,2
57297015,2
57440213,5
57429407,2
57419816,2
57413160,2
57400848,2
57396788,2
57443218,1
57443219,1
57436546,2
57421526,2
57413243,2
57423469,2
57428934,2
57432484,2
57255003,2
57014533,7
57415347,1
57415545,2
57423868,2
57444198,5
57424969,2
57396409,2
57440224,2
57359944,1
57392616,1
57425309,2
57407634,3
57385014,2
57358516,2
57420635,2
57371534,4
57366080,1
57385296,2
57407185,2
57404746,2
57377147,1
57444193,5
57445676,5
57442944,5
57441470,5
57419749,2
57364171,2
57414879,2
57425488,0
57424158,1
57409283,2
57369662,2
57355169,1
57423697,2
57448383,5
57438512,3
57446929,5
57374645,2
57418800,2
57429662,2
57406304,2
57414998,2
57395717,2
57323045,2
57380706,2
57431861,2
57415348,1
57419548,2
57431787,2
57427880,2
57425118,0
57448411,5
57445679,5
57449598,5
57412828,2
57417208,2
57400806,2
57290088,2
57426731,2
57439547,3
57428935,2
57433071,2
57440083,2
57429059,1
57415398,2
57435805,2
57451107,5
57451138,5
57371954,2
57418797,2
57415897,2
57424103,2
57420341,2
57335609,2
57394890,2
57394958,2
57451024,2
57429210,2
57423666,1
57452328,5
57441266,2
57426446,2
57446932,5
57440306,2
57436006,5
57449658,5
57422424,2
57449653,5
57432280,2
57399396,2
57398876,2
57412933,2
57436023,2
57442947,5
57453841,5
57433209,2
57429398,1
57451135,5
57401841,2
57453871,5
57424157,1
57410213,2
57434762,2
57419512,2
57436184,2
57421264,2
57433812,2
57434907,1
57447892,2
57298531,2
57338709,2
57428962,1
57450869,1
57437495,2
57430416,2
57453904,5
57426563,1
57452383,5
57370594,2
57432092,2
57426587,2
57403687,2
57414551,2
57391392,2
57431427,2
57429861,2
57431413,2
57376561,2
57385440,2
57424714,2
57397294,1
57434557,1
57429016,1
57399115,3
57452390,5
57427690,2
57456615,2
57456616,2
57457897,5
57380431,2
57421033,2
57448817,1
57400829,2
57429678,1
57439795,2
57327804,2
57409822,2
57415289,1
57423577,4
57438587,2
57432032,2
57434620,1
57455115,5
57432018,0
57456589,5
57434789,2
57426662,1
57408824,1
57455372,1
57451321,2
57432362,2
57441987,2
57431344,2
57434277,2
57435175,2
57364742,2
57427453,2
57432901,2
57445494,2
57431860,2
57445731,2
57457902,5
57460701,5
57423919,2
57429360,2
57358515,2
57451255,2
57458155,2
57376274,2
57423054,2
57437703,2
57418791,2
57435255,3
57429677,1
57440672,2
57453658,2
57426242,4
57429015,1
57460042,1
57436022,2
57418347,2
57434636,2
57448298,2
57407501,2
57453838,2
57459325,5
57441964,2
57411817,1
57429401,2
57437722,1
57413390,2
57452962,2
57431426,2
57439742,2
57428660,3
57382554,2
57426447,2
57456438,2
57461830,2
57433070,2
57454854,2
57435845,2
57448314,1
57389006,2
57390896,2
57445712,2
57459357,5
57440259,2
57459388,5
57462123,5
57429205,1
57415734,2
57460753,1
57440424,2
57456794,2
57437689,3
57450355,2
57451955,2
57441265,2
57432956,2
57463330,5
57448414,5
57439001,1
57414202,2
57438628,2
57430770,3
57462243,2
57441986,2
57426663,1
57441534,2
57417115,2
57415290,1
57393612,2
57412934,2
57437349,2
57440225,2
57422511,2
57403346,2
57466191,5
57430815,2
57443060,2
57426656,2
57460859,1
57441965,2
57414835,2
57430115,2
57443786,1
57415733,2
57439959,2
57426588,2
57443667,4
57464879,5
57426596,2
57463448,5
57466188,5
57443082,2
57455535,2
57434953,2
57443248,1
57436623,2
57437721,1
57443206,2
57461776,2
57401623,2
57432615,1
57445495,2
57463160,2
57410178,2
57468808,5
57463447,5
57440416,2
57436245,2
57328382,1
57437702,2
57444529,2
57451827,2
57451828,2
57386599,2
57446534,2
57445515,2
57423759,2
57437604,1
57466066,5
57468927,5
57470289,5
57467603,2
57467617,5
57451273,2
57430552,2
57421310,2
57448690,0
57447364,2
57418691,2
57445080,3
57429864,2
57451953,1
57471539,5
57466187,5
57468926,5
57467553,5
57337953,2
57467615,5
57467614,5
57462255,2
57439002,1
57448519,2
57452727,2
57460860,1
57447423,3
57446032,2
57440644,3
57432614,1
57447013,2
57471259,2
57473015,5
57460642,5
57470348,5
57423845,2
57445806,2
57429399,1
57431087,2
57445732,2
57443296,2
57446178,2
57428933,2
57463159,2
57384214,2
57441432,2
57467667,2
57473065,2
57471594,5
57468930,5
57474273,5
57446908,2
57467668,2
57039604,7
57448845,2
57368796,2
57450870,1
57443787,1
57475750,5
57473077,5
57473016,5
57473081,5
57440384,2
57465050,2
57473159,2
57411419,2
57453918,2
57444721,3
57456828,1
57409362,2
57306800,1
57451883,2
57445408,1
57453748,1
57401644,2
57445514,2
57476995,5
57474270,5
57455160,1
57473078,5
57475748,5
57474392,5
57418485,2
57474678,2
57469366,2
57425742,2
57459361,2
57465873,2
57447012,2
57475699,2
57478481,5
57470360,2
57466139,1
57471540,5
57453827,2
57454216,2
57436693,2
57450395,2
57414878,2
57398877,2
57458835,2
57315127,2
57460041,1
57459131,1
57478269,1
57474097,2
57446521,1
57479621,2
57453737,2
57479726,5
57476996,5
57475812,5
57477174,5
57412895,2
57411562,2
57445141,2
57453135,2
57450308,2
57438015,2
57423392,2
57395964,2
57446520,1
57467210,1
57467211,1
57460002,2
57457325,1
57451151,2
57472916,1
57467640,2
57446553,2
57471593,5
57481213,5
57464738,2
57463205,2
57481214,5
57478540,5
57471661,5
57481275,5
57417186,2
57478570,5
57461392,2
57461143,2
57033311,7
57429863,2
57459086,2
57460244,2
57481016,1
57457552,2
57474090,1
57426382,2
57453828,2
57481094,1
57479725,5
57328884,2
57482468,5
57449445,2
57475769,2
57473064,2
57446070,2
57443249,1
57445836,2
57443321,2
57457324,1
57460059,4
57445409,1
57467296,2
57467461,2
57440274,2
57451884,2
57453652,2
57483949,5
57464817,5
57433180,2
57417114,2
57456623,0
57482589,5
57466442,2
57479847,5
57448269,2
57482711,5
57440425,2
57431086,2
57481604,2
57462398,1
57445202,2
57399542,2
57462782,2
57464569,2
57483843,2
57478479,5
57245846,2
57482522,2
57457834,0
57476883,1
57455172,2
57477115,5
57485328,5
57473117,2
57437765,2
57421333,2
57482660,2
57456827,1
57463672,1
57448668,2
57458508,2
57462461,2
57427121,2
57459130,1
57428961,1
57468293,2
57464784,2
57460433,1
57461962,2
57483948,5
57434906,1
57481305,5
57485451,5
57484013,5
57484012,5
57463676,2
57486869,1
57461156,2
57462376,3
57483607,2
57462781,2
57467295,2
57470032,2
57462851,4
57459152,1
57434565,2
57426655,2
57472915,1
57464713,2
57486688,5
57485205,5
57463204,2
57460706,2
57484074,5
57441753,2
57470489,2
57462254,2
57437603,1
57458798,2
57475364,2
57464219,2
57418946,2
57438262,2
57468579,2
57481061,2
57470200,2
57464712,2
57489354,2
57413872,2
57486788,2
57463203,2
57426597,2
57466404,2
57440624,2
57461391,2
57461462,2
57464254,3
57459777,1
57478221,2
57487323,1
57418163,2
57459156,1
57482242,2
57468648,4
57464770,3
57471434,2
57489491,2
57486812,5
57455371,1
57489602,2
57459891,2
57454253,2
57467444,2
57464588,2
57485030,2
57490504,2
57454887,2
57450901,2
57487943,5
57486789,2
57485323,2
57488182,5
57479908,5
57464829,2
57467911,2
57453372,2
57467839,2
57472201,2
57462377,3
57469447,2
57426243,4
57470860,2
57484901,2
57489427,5
57466364,3
57462139,2
57469069,2
57470378,2
57493657,5
57471962,0
57486094,1
57376740,2
57466140,1
57490679,5
57081946,6
57471682,2
57415550,2
57430512,2
57465872,2
57490921,5
57495051,5
57465111,3
57418804,2
57477514,2
57444668,2
57463977,2
57458775,2
57481563,2
57443523,2
57464570,2
57433210,2
57492166,5
57458038,2
57453837,2
57463673,1
57496443,5
57473272,3
57464216,2
57428936,2
57484683,1
57489223,2
57487860,2
57483844,2
57462143,2
57464896,1
57456679,2
57457883,1
57492328,1
57486887,2
57497781,5
57470441,2
57466325,2
57465201,2
57472266,2
57494074,2
57418877,2
57460060,4
57432665,2
57468649,4
57461908,2
57492113,2
57463296,2
57497626,5
57494896,5
57451152,2
57446973,2
57496314,2
57486868,1
57489549,5
57495021,5
57499182,5
57463631,2
57465202,2
57462311,2
57474835,2
57462399,1
57417187,2
57453134,2
57426261,2
57471084,2
57474089,1
57467462,2
57470199,2
57468358,2
57492124,3
57482502,2
57486836,1
57486815,2
57465861,2
57499121,5
57475831,2
57500517,5
57469176,2
57463910,1
57385680,1
57445892,2
57383153,2
57469392,1
57477526,1
57462306,2
57439316,2
57473540,3
57410678,2
57429849,2
57478296,1
57500343,2
57500342,2
57482503,2
57478468,1
57479743,2
57454888,2
57500394,5
57466322,2
57501922,5
57461461,2
57499658,2
57472361,3
57480784,2
57498256,2
57476531,1
57478222,2
57495903,1
57487589,2
57457655,2
57430511,2
57423955,2
57483901,2
57483999,2
57461907,2
57476884,1
57500363,5
57380144,2
57503265,5
57473151,1
57502025,5
57469391,1
57459522,2
57453409,2
57448017,2
57481095,1
57493095,2
57462857,1
57470043,1
57464544,2
57468214,1
57435806,2
57497503,2
57433047,2
57085339,7
57503063,2
57487859,2
57503109,5
57477399,2
57481142,2
57474460,2
57504667,5
57502026,5
57502083,1
57477525,1
57421637,2
57480239,2
57463909,1
57462858,1
57470442,2
57438427,2
57498731,2
57456541,2
57501616,5
57474501,1
57501679,5
57473116,2
57479956,2
57506008,5
57473152,1
57489601,2
57458776,2
57491302,2
57489952,2
57480972,1
57478431,2
57400135,2
57505856,5
57498874,5
57503142,5
57504426,5
57504365,5
57501850,2
57462312,2
57507245,2
57507414,5
57500679,2
57478792,2
57480471,2
57483267,2
57466557,2
57284309,2
57484679,4
57483686,2
57492125,3
57489652,2
57464780,2
57492327,1
57485294,2
57508747,5
57499009,2
57499135,2
57506094,5
57504680,1
57376426,2
57484184,2
57507701,2
57487088,2
57476236,2
57418065,2
57501192,1
57483767,2
57475727,2
57482018,1
57505846,2
57480973,1
57509843,5
57482469,0
57478467,1
57507109,5
57507172,5
57508624,5
57509902,5
57486835,1
57477319,2
57496350,2
57510149,5
57483993,2
57441481,2
57467555,2
57488528,2
57506183,1
57503404,2
57481503,2
57502221,2
57481649,2
57500114,2
57479547,2
57470044,1
57448231,2
57505616,2
57490336,2
57475768,2
57504039,2
57492112,2
57459157,1
57426564,1
57505888,5
57479744,2
57475830,2
57511486,5
57451274,2
57473165,2
57459747,2
57505516,1
57509509,4
57508455,2
57479688,2
57464895,1
57481408,2
57511413,1
57493542,2
57510099,2
57468891,2
57507491,1
57510196,5
57512892,5
57348454,2
57447891,2
57477931,2
57459901,2
57505615,2
57486480,2
57478268,1
57494999,2
57484900,2
57459250,3
57511362,5
57474641,2
57504681,1
57493983,2
57514225,5
57484678,4
57487324,1
57489279,1
57493082,2
57493096,2
57490329,2
57511364,5
57485029,2
57504367,1
57504274,2
57502055,2
57500410,2
57440307,2
57450374,2
57515624,5
57390935,2
57493541,2
57497845,3
57489995,2
57481017,1
57489246,4
57514967,2
57468206,2
57516803,5
57515388,5
57512653,5
57512650,5
57514214,5
57514213,5
57506093,5
57516957,5
57495113,0
57493972,2
57502718,3
57491821,2
57484682,1
57514966,2
57481060,2
57497502,2
57508419,1
57512443,1
57483998,2
57492056,1
57516836,5
57518057,5
57499010,2
57514095,5
57518355,5
57462355,2
57510197,5
57497774,1
57496591,3
57504830,5
57488784,3
57483220,2
57491420,2
57394343,4
57494580,2
57503054,2
57516637,2
57492115,4
57487796,1
57488289,2
57518117,5
57519540,5
57518340,5
57492286,0
57466423,1
57519692,5
57406964,2
57459778,1
57124621,2
57497410,2
57500099,4
57458981,2
57486479,2
57513896,2
57490503,2
57520798,5
57498914,1
57509917,2
57515328,2
57493414,0
57508594,5
57463297,2
57518116,5
57474395,2
57481561,2
57437573,2
57521467,2
57487034,2
57516508,4
57489122,2
57520404,2
57233218,2
57522101,2
57479620,2
57511231,2
57507274,2
57497664,2
57501581,2
57522284,5
57520859,5
57499134,2
57519572,5
57498913,1
57521085,5
57521084,5
57506182,1
57484228,2
57493873,2
57494092,3
57491497,2
57507702,2
57506308,1
57480550,2
57501158,2
57497411,2
57427452,2
57489247,4
57443978,2
57484759,2
57511115,2
57498730,2
57522287,2
57501377,2
57523531,5
57514058,1
57514097,5
57520856,5
57492116,4
57496313,2
57497743,2
57490585,2
57506981,2
57519574,5
57489488,2
57521082,5
57501903,2
57521083,5
57494948,3
57494091,3
57473310,2
57502457,1
57480731,2
57391489,2
57360632,1
57500254,4
57501779,2
57519462,2
57485544,2
57520833,2
57525052,2
57465051,2
57502082,1
57511602,2
57499455,2
57469341,1
57421549,2
57427297,2
57421840,2
57442761,2
57525049,2
57507275,2
57474502,1
57494351,2
57506309,1
57446148,2
57504229,2
57503207,2
57498419,2
57515031,1
57500421,2
57490695,2
57524964,2
57525050,2
57473166,2
57507027,2
57503130,1
57511412,1
57496170,2
57519804,3
57495016,2
57502453,1
57460754,1
57508998,2
57497031,2
57499464,2
57497030,2
57338674,2
57421839,2
57501191,1
57509508,4
57481889,2
57489197,2
57495902,1
57505845,2
57522286,2
57440623,2
57507982,2
57437148,2
57462852,4
57505609,1
57501378,2
57503902,1
57476532,1
57492057,1
57500328,2
57508718,2
57496590,3
57514360,2
57526539,2
57486208,2
57506299,2
57497138,2
57502458,1
57491754,1
57483606,2
57459085,2
57503017,1
57519275,1
57504062,2
57530362,1
57511214,2
57511229,1
57493243,2
57522224,2
57504366,1
57516805,2
57503150,2
57514167,2
57508719,2
57526673,1
57516912,2
57516913,2
57526540,2
57507064,2
57532304,2
57502454,1
57521959,4
57512178,2
57503064,2
57507026,2
57530322,2
57512223,1
57509562,2
57482241,2
57515092,2
57505831,2
57459383,2
57530521,2
57522223,2
57512244,2
57531802,2
57533195,2
57514057,1
57507222,1
57529216,2
57525051,2
57503151,2
57500562,2
57528127,2
57504999,1
57497981,2
57530285,2
57512245,2
57534190,2
57531333,1
57503901,1
57486719,2
57530363,1
57500329,2
57511215,2
57459400,2
57506588,1
57516806,2
57531803,2
57533194,2
57509918,2
57514168,2
57523455,2
57485014,2
57529215,2
57511546,2
57531920,2
57500649,2
57491606,3
57461649,2
57524709,2
57530209,1
57508418,1
57464545,2
57533161,1
57531647,1
57471875,2
57514161,2
57497775,1
57497744,2
57507492,1
57492642,2
57477388,2
57401255,1
57484611,1
57516507,4
57511232,2
57530323,2
57524840,2
57505587,1
57519461,2
57503055,2
57106697,7
57530520,2
57535902,2
57426730,2
57500556,2
57510309,2
57397295,1
57512031,2
57516513,1
57494774,2
57485406,2
57520506,2
57535938,2
57528757,2
57505949,2
57471457,1
57503131,1
57493253,2
57509022,2
57505000,1
57496907,2
57409904,2
57505610,1
57505877,2
57535914,1
57523454,2
57511228,1
57500612,2
57518865,2
57481721,2
57517312,2
57506273,2
57500744,2
57520035,2
57435378,2
57394344,4
57505538,2
57489121,2
57520505,2
57517554,1
57494775,2
57491977,2
57539840,2
57538648,2
57511355,1
57527801,2
57506859,2
57538045,1
57519250,2
57443666,4
57524724,2
57524723,2
57538565,2
57516609,2
57520641,4
57445695,2
57510065,2
57515385,0
57519778,1
57513228,2
57537536,1
57510013,3
57501778,2
57404650,2
57523750,1
57450127,2
57496794,2
57524806,4
57512224,1
57524857,2
57522272,1
57533162,1
57512030,2
57539710,2
57538548,2
57535785,1
57535874,2
57480294,2
57511660,2
57538849,2
57518598,0
57519906,3
57503613,3
57492632,2
57520709,1
57516538,1
57524839,2
57545091,2
57489196,2
57523484,2
57541476,1
57522329,2
57508874,2
57512728,2
57525198,2
57510110,2
57544363,2
57500678,2
57510098,2
57478589,2
57511506,2
57519777,1
57522539,2
57470861,2
57394573,1
57536663,2
57519295,2
57545260,2
57534209,2
57517632,4
57540117,1
57510014,2
57517025,2
57486819,2
57537338,2
57503206,2
57526674,1
57530070,2
57525475,1
57452987,2
57506860,2
57524823,2
57525075,2
57505586,1
57535862,2
57533365,2
57519466,1
57545745,2
57544371,1
57496793,2
57433501,2
57525436,2
57519294,2
57539438,1
57505724,2
57524708,2
57519465,1
57516898,2
57512815,2
57522273,1
57527800,2
57513982,2
57534799,2
57334736,2
57536048,2
57525037,4
57455161,1
57526797,2
57493746,2
57525474,1
57521864,1
57429862,2
57519951,2
57511772,2
57514848,2
57543928,2
57516724,2
57541273,1
57541274,1
57490846,2
57525036,4
57531646,1
57524963,2
57521144,1
57517026,2
57493244,2
57523751,1
57525395,3
57525234,3
57529736,2
57547297,1
57519907,3
57509147,2
57500255,4
57531253,2
57550408,2
57519381,2
57542313,2
57524807,4
57536047,2
57520642,4
57516985,2
57515529,2
57552538,2
57529401,1
57529757,2
57535303,2
57366079,1
57504123,2
57526241,4
57532055,3
57538890,2
57532370,2
57535040,2
57510746,2
57507817,2
57520215,4
57552208,2
57552278,2
57526240,4
57523305,2
57542571,2
57515030,1
57504138,2
57526249,2
57529220,1
57464961,2
57489391,2
57544361,2
57500411,2
57549750,1
57524332,3
57533391,2
57522658,2
57551712,1
57445337,2
57530210,1
57543818,2
57546767,2
57534210,2
57512268,2
57536813,2
57535937,2
57541455,2
57530481,2
57555303,2
57523554,2
57529758,2
57549876,2
57462242,2
57552620,3
57547315,2
57546172,2
57543817,2
57517555,1
57552055,2
57522100,2
57542096,2
57547950,2
57526252,2
57490694,2
57515127,3
57550623,1
57553558,2
57556309,1
57556308,1
57548471,2
57537337,2
57558009,2
57547121,2
57404185,2
57529219,1
57546083,3
57532305,2
57532878,2
57542095,2
57536744,1
57517633,4
57520214,4
57547949,2
57545100,1
57523673,2
57534427,2
57478791,2
57508875,2
57425513,2
57529400,1
57445983,2
57546020,2
57559912,2
57489938,2
57547672,1
57539728,2
57534137,2
57489390,2
57392306,1
57539027,2
57557054,2
57524194,2
57540891,1
57544464,2
57544586,2
57541815,2
57526914,2
57524528,2
57538558,1
57553155,2
57516514,1
57514849,2
57535720,2
57545122,2
57534130,2
57519382,2
57539839,2
57528765,2
57540116,1
57496349,2
57552558,1
57557932,2
57507221,1
57558080,2
57551237,2
57560792,1
57558081,2
57528890,2
57494564,4
57536743,1
57519548,2
57559103,2
57542572,2
57534428,2
57548459,2
57542922,2
57562174,2
57510246,2
57524353,2
57540855,2
57450474,2
57525396,2
57374396,2
57538547,2
57543927,2
57490654,2
57514145,2
57547132,2
57524423,2
57485807,2
57486095,1
57535284,1
57535719,2
57542779,2
57533006,1
57563116,2
57557706,2
57528758,2
57535933,2
57537116,2
57522175,2
57561823,2
57533046,2
57534665,2
57479955,2
57546123,3
57525505,2
57491307,2
57541950,2
57538044,1
57484758,2
57539439,1
57519249,2
57537535,1
57535941,2
57548321,2
57552433,1
57511468,2
57542778,2
57540161,1
57513227,2
57494565,4
57563967,4
57560316,1
57544935,1
57531252,2
57535932,2
57545123,2
57549744,2
57541801,2
57532877,1
57529833,2
57491822,2
57533103,2
57530284,2
57481890,2
57557650,2
57547856,2
57418346,2
57536163,2
57548322,2
57533286,2
57529357,2
57522552,2
57541921,2
57450737,2
57517642,2
57544936,1
57534143,2
57544875,4
57533036,2
57542725,1
57535929,2
57544202,2
57540160,1
57544272,1
57563499,2
57533285,2
57567835,2
57567834,2
57489595,2
57570827,2
57551713,1
57534138,2
57565841,2
57558458,2
57544030,2
57524818,2
57531332,1
57556213,4
57538647,2
57439043,2
57572917,2
57550137,2
57541868,2
57540890,1
57555525,2
57562651,1
57551728,1
57558439,2
57547855,2
57542182,1
57512231,2
57552054,2
57139296,7
57568736,2
57538566,2
57564586,2
57567146,2
57535959,2
57535861,2
57514175,2
57572916,2
57184032,6
57547004,2
57560751,2
57546084,3
57544370,1
57457967,2
57511545,2
57502136,1
57495370,2
57505053,2
57503669,2
57553559,2
57574824,2
57538402,4
57574035,2
57571217,2
57550640,2
57550519,2
57545261,2
57558718,2
57549590,1
57538557,1
57556469,1
57541454,2
57547070,2
57556631,2
57555311,2
57552720,2
57573694,1
57509148,2
57460189,2
57574825,2
57536664,2
57560317,1
57573899,2
57486718,2
57544083,4
57552432,1
57550933,1
57547087,2
57529272,2
57551284,4
57551885,2
57549102,2
57539638,2
57451954,1
57538532,2
57576897,1
57555126,4
57546905,2
57552557,1
57559569,1
57551874,2
57557227,2
57547296,1
57574668,2
57566896,2
57553615,4
57550932,1
57556319,2
57564587,2
57572904,1
57558954,2
57547026,2
57574180,2
57537492,1
57561695,2
57554224,2
57524235,2
57551150,2
57514431,2
57562581,2
57552807,3
57529465,1
57579218,2
57576549,2
57553154,2
57553400,4
57555127,4
57534798,2
57544271,1
57529271,2
57554107,1
57537724,2
57551949,2
57530976,2
57538364,1
57526248,2
57570026,2
57575484,2
57548470,2
57486664,2
57552570,2
57502637,2
57557045,3
57547264,2
57540952,2
57551886,2
57486261,2
57576666,2
57577570,2
57557651,2
57539639,2
57555850,4
57574034,2
57563142,2
57568728,1
57471458,1
57559172,2
57567198,2
57561822,2
57553692,2
57537491,1
57548620,1
57540019,2
57563470,2
57540214,2
57532876,1
57499743,2
57533364,2
57556212,4
57574179,2
57522348,2
57582586,1
57585326,1
57555302,2
57560791,1
57575823,2
57560894,2
57559913,2
57562668,2
57532715,2
57468213,1
57359393,1
57584836,2
57539727,2
57546744,2
57558953,2
57583701,2
57552472,2
57549564,2
57551151,2
57575593,2
57559171,2
57514144,2
57562616,2
57555403,2
57581896,2
57562772,2
57432511,2
57584835,2
57546745,2
57553731,2
57567155,2
57552299,4
57556318,2
57563388,2
57495017,2
57552346,2
57585325,1
57587987,2
57556470,1
57547120,2
57586830,2
57581426,2
57538003,2
57551352,2
57562652,1
57529464,1
57551236,2
57555471,2
57574669,2
57553322,2
57553332,2
57563018,1
57523094,1
57567012,2
57576900,1
57576866,2
57580934,2
57563495,2
57548621,1
57563407,1
57549589,1
57586831,2
57570180,2
57568066,3
57562723,2
57505539,2
57482017,1
57560357,4
57533104,2
57578113,2
57535930,2
57572911,1
57556340,2
57585153,2
57559104,2
57580935,2
57544305,2
57556630,2
57564973,2
57565209,2
57568342,2
57563117,2
57563966,4
57563141,2
57574039,2
57566729,2
57553333,2
57565842,2
57567013,2
57591972,2
57547025,2
57592072,2
57592073,2
57563498,2
57530204,2
57563017,1
57579412,2
57553129,4
57565848,2
57572339,4
57563153,2
57574072,1
57560358,4
57550520,2
57591971,2
57581027,2
57580918,2
57552300,4
57587836,2
57590796,2
57549875,2
57564972,2
57529103,2
57568976,1
57551729,1
57547131,2
57549996,3
57575968,1
57573695,1
57575044,1
57572340,4
57566895,2
57508456,2
57594368,1
57564462,2
57572552,1
57519731,2
57530141,2
57571216,2
57572449,2
57580669,2
57590445,1
57572262,1
57550498,2
57550875,2
57580668,2
57486663,2
57574679,1
57577256,2
57560393,2
57560571,2
57577126,2
57564573,2
57577208,2
57548467,2
57448818,1
57578614,4
57554418,2
57587104,2
57544585,2
57580140,2
57385015,2
57555851,4
57553323,2
57553401,4
57538365,1
57596069,2
57556527,2
57590671,1
57564622,2
57578615,4
57568975,1
57502222,2
57571896,2
57525550,2
57488783,2
57576714,4
57598645,2
57566818,1
57575045,1
57593188,2
57575391,2
57591947,8
57535802,2
57547986,4
57568615,1
57547985,4
57535942,2
57499100,1
57563496,2
57594918,2
57563452,2
57537723,2
57580192,1
57558420,2
57572263,1
57575390,2
57590567,2
57578275,1
57581128,2
57577143,2
57588052,2
57556750,2
57589533,2
57575858,3
57573228,2
57536054,2
57551521,2
57538403,4
57575465,2
57575450,2
57538850,2
57594919,2
57567677,2
57568957,2
57532879,2
57547671,1
57542442,2
57576898,1
57560591,2
57547003,2
57581895,2
57566620,1
57576359,2
57544876,4
57595926,2
57598705,2
57568727,1
57582425,4
57572910,1
57554417,2
57541730,2
57580032,1
57579235,2
57573325,2
57565364,2
57527387,2
57583004,2
57588384,2
57562667,2
57602066,1
57563072,2
57576973,1
57568714,2
57576901,1
57549565,2
57578220,1
57581455,2
57558075,2
57601649,4
57607143,1
57576974,1
57582587,1
57559531,2
57588096,2
57588198,2
57590001,2
57579236,2
57317282,2
57579461,2
57563097,1
57576715,4
57601363,1
57588940,2
57599818,1
57606921,2
57601409,2
57548466,2
57591895,2
57575485,2
57581129,2
57583534,2
57603055,2
57559472,2
57571683,2
57601615,4
57545744,2
57547110,2
57584342,2
57547109,2
57524422,2
57566292,2
57574709,2
57596953,2
57605014,1
57441098,2
57571203,2
57593275,2
57584933,2
57585002,2
57609609,2
57563071,2
57604139,2
57605335,1
57579662,4
57590666,2
57580031,1
57589498,1
57608524,1
57586550,2
57598969,2
57594646,2
57594744,2
57582644,2
57581926,3
57584561,2
57582975,2
57538533,2
57602290,1
57597009,1
57586087,2
57582415,4
57578188,4
57590725,1
57580919,2
57594745,2
57581195,2
57558896,3
57603176,2
57568896,2
57611354,2
57588051,2
57552537,2
57589499,1
57593622,2
57558085,2
57589808,2
57517004,2
57578528,2
57582766,1
57580174,2
57590161,2
57531083,4
57593144,2
57575133,2
57587785,2
57585001,2
57578189,4
57574099,4
57610872,2
57580742,4
57572771,2
57578274,1
57590665,2
57607144,1
57611251,1
57603056,2
57587911,2
57585152,2
57584173,2
57496674,2
57607522,2
57587502,2
57532755,1
57531082,4
57575132,2
57580743,4
57613780,1
57594642,2
57579782,2
57572905,1
57586737,2
57608808,2
57549173,1
57591131,2
57602433,2
57550497,2
57569542,2
57558459,2
57586398,4
57597294,2
57612509,2
57578221,1
57589111,4
57578563,2
57608750,1
57590798,2
57575822,2
57592765,2
57524673,2
57371581,1
57593043,2
57602289,1
57590428,2
57605015,1
57587912,2
57591438,4
57610568,2
57602434,2
57574098,4
57560752,2
57603175,2
57607004,1
57585231,1
57615321,1
57571709,2
57591896,2
57532058,2
57608772,2
57565072,2
57598213,2
57571204,2
57588484,2
57613361,2
57584950,4
57617794,2
57609682,2
57594104,2
57618025,2
57585342,2
57592330,2
57585408,2
57570091,2
57595179,1
57584233,3
57612848,2
57600599,1
57592541,2
57510873,2
57535663,2
57617660,2
57543820,4
57595846,1
57617795,2
57563098,1
57610490,2
57589019,2
57608379,2
57616449,2
57608093,2
57549559,2
57603221,2
57610115,2
57558288,2
57609424,2
57614925,2
57607521,2
57536431,2
57568428,1
57404848,2
57505515,1
57591439,4
57593955,2
57590446,1
57560392,2
57601660,2
57447712,2
57594660,4
57585154,2
57600157,2
57612680,2
57612674,2
57568715,2
57599065,4
57552818,2
57589936,2
57587105,2
57621247,2
57584572,2
57590160,2
57584949,4
57618021,2
57586761,1
57599817,1
57622340,2
57589532,2
57589294,2
57592590,2
57615596,1
57606539,2
57458797,2
57574708,2
57595531,1
57557685,2
57549542,2
57591948,2
57595921,4
57590670,1
57586760,1
57566179,2
57622341,2
57595098,1
57595097,1
57576116,2
57599196,2
57562973,2
57609492,2
57621522,1
57590431,2
57595922,4
57594647,2
57620672,2
57573050,2
57591995,2
57571608,2
57575967,1
57598938,2
57600598,1
57576127,1
57558421,2
57557791,2
57618683,2
57577571,2
57602521,1
57601508,2
57585178,2
57599792,4
57589335,2
57597228,2
57579663,4
57605256,3
57587957,2
57594661,4
57598924,2
57607507,2
57591011,3
57587503,2
57571091,1
57558438,2
57590527,2
57608358,2
57604554,2
57569099,2
57599214,2
57576548,2
57601282,4
57601281,4
57599585,4
57615996,2
57590460,1
57623331,4
57593269,2
57549543,2
57596118,1
57601650,4
57559471,2
57589626,2
57589918,1
57599586,4
57566999,2
57625963,2
57623482,1
57623481,1
57619458,2
57612467,1
57601551,2
57618024,2
57558086,2
57609877,2
57613987,2
57601638,1
57589861,1
57581194,2
57600834,2
57610152,2
57584567,2
57589919,1
57491753,1
57594151,4
57605336,1
57581026,2
57613522,4
57627431,4
57620633,2
57615311,2
57600526,4
57560685,2
57626380,2
57630507,2
57619511,2
57608789,2
57584566,2
57594066,4
57593162,2
57627199,1
57609850,2
57617151,2
57607014,4
57595227,2
57631844,1
57625306,1
57564623,2
57625232,1
57610018,2
57612765,2
57606492,1
57576718,2
57613757,2
57577686,2
57627098,2
57599791,4
57586399,4
57611353,2
57612760,2
57529104,2
57608751,1
57582483,2
57628279,2
57582944,2
57614924,2
57613063,2
57606491,1
57626891,2
57609608,2
57594363,2
57557790,2
57599066,4
57601386,1
57600527,4
57603222,2
57610291,2
57593042,2
57593233,2
57616448,2
57627638,2
57609800,2
57612508,2
57610019,2
57606360,2
57612702,2
57618494,2
57521865,1
57583159,1
57598644,2
57601507,2
57617804,4
57594423,4
57637127,2
57613699,4
57623623,2
57609743,2
57624803,1
57607382,1
57634566,2
57604604,2
57514359,2
57607381,1
57603645,2
57583005,2
57593954,2
57608135,1
57604119,2
57612403,4
57587671,2
57613781,1
57588797,2
57572091,2
57616560,1
57585175,2
57576790,2
57622225,2
57568616,1
57618189,2
57588143,2
57601659,2
57613882,2
57611252,1
57615320,1
57640020,1
57625345,2
57590795,2
57612470,2
57611483,2
57600833,2
57607417,2
57617659,2
57621521,1
57613521,4
57525114,2
57593052,4
57613500,4
57593395,2
57594422,4
57627275,2
57553614,4
57624349,2
57623423,2
57545101,1
57604555,2
57637354,2
57634639,2
57612864,2
57612945,1
57629476,2
57484505,2
57541092,2
57586086,2
57597008,1
57601410,2
57612402,4
57609572,2
57601637,1
57616367,4
57618088,1
57625016,2
57641380,2
57612673,2
57607514,2
57619935,1
57576316,2
57637671,2
57393061,2
57571090,1
57588483,2
57643266,1
57609512,4
57642437,2
57617873,4
57627099,2
57636991,2
57623458,1
57607942,2
57641150,1
57611024,1
57632892,2
57584208,2
57618157,2
57631966,2
57641503,2
57609952,2
57625376,2
57622765,2
57615485,2
57615687,2
57632167,1
57612178,2
57207609,7
57546637,1
57606734,4
57610677,2
57613486,2
57608094,2
57590568,2
57599034,2
57618087,1
57641502,2
57596258,2
57617194,2
57620080,2
57613023,3
57607415,2
57574807,1
57519274,1
57617758,2
57620512,1
57607015,4
57574071,1
57591658,2
57638193,2
57615215,4
57622122,2
57617872,4
57638370,2
57585176,2
57613485,2
57627569,2
57619447,2
57600766,2
57626522,1
57642773,2
57622379,4
57565507,2
57609951,2
57626867,2
57643267,1
57620511,1
57642336,1
57618718,2
57642517,2
57616596,4
57613957,2
57608279,1
57645372,1
57622378,4
57599035,2
57647047,2
57613986,2
57637355,2
57626376,2
57568235,2
57535662,2
57647973,2
57608259,2
57613499,4
57642568,2
57638594,2
57594369,1
57607003,1
57619036,2
57633088,2
57622766,2
57649858,2
57616964,2
57647525,2
57542181,1
57624703,1
57622120,4
57613700,4
57612545,2
57616597,4
57599195,2
57582416,4
57649859,2
57623732,2
57633902,2
57587518,2
57637708,2
57612378,2
57628791,2
57616049,2
57597229,2
57641038,1
57623459,1
57645373,1
57601723,2
57649276,1
57612379,2
57641151,1
57643979,2
57641506,2
57601724,2
57640019,1
57614220,2
57608999,2
57532754,1
57595356,3
57552806,2
57628604,2
57624458,2
57618863,4
57609511,4
57629727,4
57610789,2
57615216,4
57601364,1
57611003,4
57623635,2
57610752,2
57652137,5
57641453,2
57626468,1
57621146,2
57623129,2
57626866,2
57647808,1
57645068,2
57639682,4
57626890,2
57576880,2
57641461,1
57618020,2
57611004,4
57624704,1
57634444,2
57643958,1
57605615,2
57607212,2
57607464,2
57629429,2
57654142,2
57613360,2
57620589,2
57612407,4
57626092,2
57629964,2
57544084,4
57633046,4
57654940,5
57619383,2
57652218,4
57594643,2
57645304,2
57650850,1
57623876,2
57519012,2
57632139,2
57610369,2
57643185,2
57642335,1
57606733,4
57637000,2
57627198,1
57617803,4
57630118,1
57609742,2
57630493,4
57633299,2
57626479,2
57647223,2
57637352,4
57626469,1
57625550,2
57634849,1
57617041,2
57458974,2
57568427,1
57558749,2
57640645,2
57648704,2
57640588,1
57629712,4
57585232,1
57616561,1
57657613,5
57657705,2
57641460,1
57653684,2
57605889,2
57645585,2
57653759,2
57617150,2
57576059,2
57634848,1
57595357,2
57631364,2
57616024,2
57639590,2
57632893,2
57603991,4
57654801,4
57641039,1
57656319,2
57635725,2
57634722,2
57648184,2
57649679,2
57566102,2
57653768,2
57645009,1
57566720,2
57613241,4
57626085,4
57635464,4
57627432,4
57608136,1
57660411,5
57627391,2
57637248,1
57646733,2
57659197,4
57629130,2
57631901,1
57640092,2
57655224,1
57648296,1
57638944,2
57652650,2
57609862,2
57577553,2
57581666,2
57618862,4
57613416,2
57613242,4
57645208,2
57645209,2
57639681,4
57610491,2
57621834,2
57657463,4
57647922,4
57643980,2
57627252,2
57566180,2
57649678,2
57650821,1
57642672,2
57624927,2
57637230,4
57642673,2
57609879,2
57660813,2
57660802,2
57641379,2
57636525,2
57581925,2
57645888,2
57648388,4
57560242,2
57595845,1
57628947,2
57629713,4
57650710,2
57609493,2
57656320,2
57664561,2
57612603,2
57633047,4
57636046,1
57595530,1
57625305,1
57629311,2
57485391,2
57649790,2
57645705,2
57625231,1
57664936,4
57628603,2
57615595,1
57637707,2
57632655,4
57662947,1
57645490,2
57644222,2
57609861,2
57661957,2
57573227,2
57637351,4
57636047,1
57641745,2
57640263,1
57631843,1
57661116,3
57623954,2
57549174,1
57629744,4
57642348,4
57642436,2
57601387,1
57661737,2
57635463,4
57634478,4
57633298,2
57640264,1
57623875,2
57624041,1
57644936,2
57657122,2
57658911,1
57649223,2
57640608,2
57649181,4
57667121,4
57627341,4
57646836,1
57654850,2
57645403,2
57604429,2
57667437,2
57642935,1
57667708,3
57636524,2
57645811,2
57554903,2
57613359,2
57653436,2
57647961,1
57624804,1
57624551,4
57643586,2
57639828,2
57638779,2
57633059,2
57660635,2
57635987,2
57645595,2
57659198,4
57667528,1
57618263,2
57644937,2
57482443,2
57646200,2
57665687,2
57667122,4
57632654,4
57635681,4
57641105,2
57665686,2
57654800,4
57648072,4
57651016,2
57632627,2
57644511,2
57644596,1
57661924,2
57648227,2
57667669,1
57645889,2
57667707,3
57639029,2
57623953,2
57582974,2
57632522,1
57636990,2
57609573,2
57668372,2
57669887,4
57615186,2
57615272,2
57600067,2
57671605,2
57667527,1
57499657,2
57653767,2
57648389,4
57631127,1
57607478,2
57636792,1
57669660,2
57530943,2
57668184,2
57647923,4
57640808,2
57672690,2
57662948,1
57657691,2
57649277,1
57650915,2
57627342,2
57635986,2
57655225,1
57667332,2
57650923,2
57645655,2
57638481,2
57641471,1
57654015,2
57626674,1
57625377,2
57669659,2
57569543,2
57573892,2
57582169,2
57575568,2
57647807,1
57627340,4
57652029,4
57637229,4
57627598,4
57672788,2
57622121,4
57634479,4
57648130,2
57663426,2
57672945,2
57667435,2
57658408,3
57648788,1
57629745,4
57640637,4
57654537,4
57634333,2
57623622,2
57661956,2
57619384,2
57650792,2
57650784,4
57666112,1
57646835,1
57649791,2
57641470,1
57653001,2
57647750,2
57642472,4
57648787,1
57659621,2
57646371,2
57609878,2
57660634,2
57648574,2
57664281,2
57632521,1
57661484,2
57642349,4
57676343,1
57643609,1
57645402,2
57676954,4
57663359,2
57624552,4
57611023,1
57618188,2
57615187,2
57678468,1
57673144,2
57637672,2
57675958,2
57646074,4
57648703,2
57653349,2
57645120,4
57629858,2
57645164,4
57620615,2
57642433,4
57637247,1
57650785,4
57648075,2
57652219,4
57589769,2
57667434,2
57659371,2
57660259,1
57653760,2
57661005,1
57660812,2
57647428,2
57666283,2
57674862,2
57611880,2
57656053,2
57645282,1
57649182,4
57646372,2
57572302,2
57653555,2
57652128,2
57680940,2
57654593,4
57643957,1
57652065,4
57664874,2
57672129,2
57641924,2
57670444,2
57670445,2
57642007,2
57602065,1
57645119,4
57632440,4
57654304,4
57639813,4
57582426,4
57669945,4
57645283,1
57630596,2
57640821,2
57651096,2
57664750,2
57664653,4
57658355,2
57621024,2
57653002,2
57662613,4
57658798,4
57631708,2
57648255,2
57654536,4
57656322,4
57664674,2
57656321,4
57654756,1
57652064,4
57629869,1
57659257,2
57659403,1
57659364,1
57664034,2
57624042,1
57566586,1
57673282,2
57674996,2
57658799,4
57640638,4
57658908,2
57632439,4
57640589,1
57643663,4
57656351,2
57643585,2
57647962,1
57654573,2
57662876,4
57600068,2
57664654,4
57663473,2
57664749,2
57652449,4
57605888,2
57649888,2
57659349,4
57670455,2
57622993,2
57630063,2
57669875,2
57683632,2
57654572,2
57639749,4
57650728,2
57661712,1
57631824,2
57563406,1
57648086,4
57642772,2
57666353,2
57612759,2
57640139,2
57656860,2
57571100,2
57566585,1
57643290,2
57594067,4
57647788,2
57661587,2
57659998,4
57657193,4
57665430,4
57680826,1
57563917,2
57653435,2
57648071,4
57668457,4
57649564,4
57675747,1
57682773,2
57688151,2
57666282,2
57608525,1
57664937,4
57658441,2
57645008,1
57632168,1
57623330,4
57568608,2
57683470,2
57680661,2
57676344,1
57689156,1
57654592,4
57683633,2
57648185,2
57644221,2
57678416,2
57685215,2
57619734,2
57664617,2
57677151,2
57668833,2
57667478,4
57659319,2
57659363,1
57689034,2
57670935,2
57650793,2
57643664,4
57689097,2
57659997,4
57654907,2
57669874,2
57657508,4
57612551,2
57656352,2
57681071,1
57649565,4
57678359,2
57653819,2
57642920,2
57669263,1
57674869,1
57666423,1
57667668,1
57667686,1
57655700,2
57684210,1
57617757,2
57662498,4
57669944,4
57664282,2
57669968,1
57669722,2
57662850,4
57692041,2
57659034,1
57671604,2
57663425,2
57666023,4
57659350,4
57692040,2
57652660,2
57662042,2
57667954,4
57657194,4
57669721,2
57642473,4
57657319,2
57657507,4
57694828,2
57693840,1
57667479,4
57666352,2
57662043,2
57633903,2
57677706,3
57631365,2
57667955,4
57664214,2
57651761,1
57672658,4
57616366,4
57658991,4
57689155,1
57672800,2
57544114,2
57694827,2
57672944,2
57607248,2
57666902,1
57648518,2
57583158,1
57661485,2
57681529,2
57654193,4
57691685,2
57680662,2
57634567,2
57672789,2
57694808,2
57694807,2
57675741,2
57667687,1
57645491,2
57623130,2
57634240,4
57650729,2
57653525,2
57669888,4
57669991,2
57692930,2
57697262,1
57579460,2
57668458,4
57672744,4
57627392,2
57583832,2
57628948,2
57560787,2
57666422,1
57682957,2
57693993,1
57673145,2
57675045,1
57599660,2
57629726,4
57631647,2
57672922,1
57661855,2
57635682,4
57660803,2
57654981,2
57672990,2
57645538,2
57691070,2
57667613,2
57640367,2
57675959,2
57694271,2
57625962,2
57521958,4
57599659,2
57668072,4
57698529,2
57662875,4
57690807,4
57676953,4
57689494,2
57678626,2
57674864,4
57675046,1
57680657,1
57665536,2
57675272,4
57695523,2
57698598,2
57650822,1
57699997,2
57677071,2
57678304,2
57687424,1
57664875,2
57675689,2
57669268,2
57669262,1
57668676,4
57700523,1
57505212,2
57673293,2
57631358,4
57659652,2
57691857,4
57658992,4
57639657,2
57673585,2
57676616,4
57669969,1
57666111,1
57641264,2
57652448,4
57622548,2
57635999,2
57677150,2
57659407,2
57693839,1
57682620,2
57675748,1
57675273,4
57603992,4
57672531,2
57661711,1
57675449,2
57668185,2
57654757,1
57643581,4
57668675,4
57657616,2
57686354,2
57678360,2
57698599,2
57666024,4
57697537,2
57678402,1
57678388,4
57622994,2
57682799,1
57691256,4
57682800,1
57645596,2
57691581,1
57687328,2
57698079,1
57679180,2
57668073,4
57621983,2
57683471,2
57656400,2
57667436,2
57672881,2
57682774,2
57694272,2
57636706,2
57602522,1
57665421,2
57691684,2
57706538,2
57689817,2
57678078,4
57672743,4
57677070,2
57675688,2
57642538,4
57685524,4
57686866,1
57707609,1
57656638,2
57541811,2
57681655,2
57643582,4
57681892,4
57683545,4
57653392,2
57639748,4
57690569,4
57671235,2
57657692,2
57685345,2
57703175,2
57700535,2
57647062,2
57705964,2
57689751,2
57631128,1
57671085,1
57690568,4
57594928,2
57691255,4
57688323,4
57688478,2
57681754,4
57643610,1
57711079,2
57671094,4
57708402,2
57709774,2
57694987,2
57676932,4
57686539,1
57690806,4
57693814,1
57699428,2
57667722,2
57686196,4
57683673,4
57676615,4
57626084,4
57681051,4
57704651,1
57692279,4
57694986,2
57692288,2
57711507,2
57705872,2
57693813,1
57674865,4
57678767,2
57697039,3
57684209,1
57650119,2
57677998,4
57657328,2
57706561,1
57699993,2
57671086,1
57676806,4
57642539,4
57682619,2
57682956,2
57711617,3
57687021,2
57667721,2
57674863,2
57703471,1
57664220,4
57553128,4
57618719,2
57579413,2
57716471,1
57680827,1
57563288,2
57690534,4
57672659,4
57667331,2
57675651,2
57683724,1
57670096,2
57714097,1
57641064,2
57664560,2
57715665,2
57715666,2
57683808,4
57692278,4
57684079,2
57691345,2
57628362,2
57670381,1
57714354,2
57716230,2
57676053,2
57686197,4
57706539,2
57708245,2
57706560,1
57712141,1
57664412,2
57676975,2
57701752,2
57686528,4
57652651,2
57685344,2
57693806,2
57674665,2
57694161,1
57681430,2
57689816,2
57635349,2
57686290,4
57692950,4
57694528,1
57678185,2
57717828,1
57673958,2
57683546,4
57676755,4
57717975,2
57686553,4
57678303,2
57689359,4
57711365,2
57685946,2
57693994,1
57674868,1
57644741,2
57691580,1
57717163,2
57655935,2
57656960,2
57699935,2
57672671,2
57692932,4
57648085,4
57681000,2
57682351,4
57559568,1
57686538,1
57684996,1
57704227,2
57664622,2
57711366,2
57703176,2
57716810,2
57719683,2
57671818,2
57708912,2
57717162,2
57673719,2
57639814,4
57676805,4
57687728,4
57696062,2
57682350,4
57701655,1
57696581,2
57688322,4
57699013,2
57688143,4
57580193,1
57700534,2
57692132,2
57696639,2
57688303,2
57705183,2
57692445,1
57654143,2
57678079,4
57676425,4
57698093,2
57635350,2
57694508,2
57686381,2
57721927,2
57696076,4
57682169,4
57665431,4
57678016,4
57697452,2
57704666,4
57722196,1
57678286,2
57709801,2
57719563,2
57686554,4
57663670,2
57664676,2
57682667,2
57681431,2
57623976,2
57686291,4
57672661,4
57694502,4
57720803,4
57675652,2
57689391,2
57703099,4
57715775,2
57703100,4
57685582,2
57716811,2
57686886,1
57686887,1
57697811,2
57700691,1
57612071,2
57681528,4
57673544,2
57705333,2
57682295,2
57671104,2
57716472,1
57683550,2
57713802,2
57692949,4
57665420,2
57635998,2
57724955,2
57692117,2
57708246,2
57708692,2
57696742,2
57664017,2
57581980,1
57709066,2
57697124,2
57697087,4
57694503,4
57675556,2
57720517,2
57684680,4
57717829,1
57704500,2
57626264,2
57711252,2
57727745,2
57696554,4
57705873,2
57700690,1
57703215,4
57686711,1
57726837,1
57700634,2
57621345,4
57700070,4
57690092,4
57661642,4
57675496,1
57690535,4
57716705,2
57693142,4
57672662,4
57690321,2
57694567,4
57687423,1
57727779,2
57689358,4
57686527,4
57683809,4
57700522,1
57676931,4
57685525,4
57729617,1
57693749,2
57707784,1
57673718,2
57727381,2
57664475,2
57678403,1
57693143,4
57696553,4
57714096,1
57722216,2
57588185,2
57681050,4
57675946,1
57707799,2
57707362,1
57514569,2
57723960,2
57689457,2
57727990,2
57695379,4
57684437,4
57695453,4
57687292,4
57687293,4
57705584,2
57665645,2
57729007,2
57694848,4
57705965,2
57727761,2
57694856,2
57726539,2
57710458,1
57680459,2
57686980,2
57678857,1
57662614,4
57675497,1
57689118,4
57687338,4
57726360,2
57700266,2
57689151,2
57727760,2
57687729,4
57663086,2
57689390,2
57688187,4
57681112,2
57694852,4
57725185,2
57685839,2
57732291,1
57671591,2
57692444,1
57673191,2
57659620,2
57654192,4
57699937,2
57669843,2
57664219,4
57688977,2
57690043,4
57697268,4
57683723,1
57698167,4
57706650,2
57697289,4
57706705,1
57686474,2
57677999,4
57695795,4
57682170,4
57696075,4
57710258,4
57730566,4
57733411,1
57723959,2
57715581,4
57678835,4
57645163,4
57695380,4
57710924,4
57700069,4
57664528,2
57710940,2
57735829,4
57734419,2
57724935,2
57704228,2
57709905,4
57675398,2
57708520,2
57729424,2
57678469,1
57733334,2
57705997,1
57715898,1
57687227,4
57736555,5
57733852,5
57736556,5
57733851,5
57735588,5
57699960,4
57676426,4
57694566,4
57674073,2
57705629,4
57658910,1
57714918,4
57686389,4
57701735,2
57707150,4
57723574,2
57715582,4
57727780,2
57722276,2
57707227,2
57736071,4
57718442,2
57722366,2
57682668,2
57718577,4
57713105,4
57724093,2
57735167,1
57707700,4
57713213,4
57639344,2
57634062,2
57735589,5
57713653,1
57699934,2
57730211,4
57691858,4
57705628,4
57678015,4
57738583,1
57686380,2
57707413,4
57688144,4
57734846,4
57736072,4
57710459,1
57735166,1
57688242,2
57713431,2
57721455,1
57656879,2
57684481,4
57719157,2
57739477,2
57734016,1
57730233,2
57697433,2
57705527,2
57686388,4
57738789,2
57734786,2
57737609,2
57693465,4
57691069,2
57618227,2
57723908,4
57733333,2
57684078,2
57708121,4
57662849,4
57724710,2
57684562,4
57713654,1
57675557,2
57683672,4
57701670,2
57730636,1
57713973,4
57684110,2
57692118,2
57732312,1
57738909,2
57715990,2
57730819,1
57715874,2
57718915,2
57700633,2
57710923,4
57594152,4
57687613,2
57694390,4
57709065,2
57739478,2
57714790,4
57730234,2
57681001,2
57738582,1
57690269,2
57684742,4
57722174,1
57694847,4
57729322,4
57740447,1
57665992,2
57724956,2
57660349,1
57704531,2
57694923,2
57732305,2
57719644,2
57737959,1
57732399,2
57666153,2
57707608,1
57718485,4
57739075,4
57678856,1
57656961,2
57677992,1
57677991,1
57675289,2
57690106,4
57741182,2
57684436,4
57741255,2
57711053,4
57728629,2
57700111,4
57709641,4
57742784,2
57722277,2
57718121,1
57678387,4
57704650,1
57688186,4
57732398,2
57719564,2
57715875,2
57733320,2
57718484,4
57721454,1
57722621,2
57713214,4
57713106,4
57690091,4
57721824,2
57659649,2
57659648,2
57671093,4
57692931,4
57723573,2
57679537,2
57663388,1
57729008,2
57710259,4
57696638,2
57740738,2
57560343,4
57687226,4
57724629,2
57694563,2
57706751,4
57704251,2
57745376,4
57466365,2
57650922,2
57722365,2
57745921,2
57729724,2
57718475,2
57719541,4
57726902,1
57743304,2
57533728,1
57704940,2
57737745,2
57744483,1
57707412,4
57718902,1
57636791,1
57698168,4
57608278,1
57710863,2
57690105,4
57747595,2
57723614,4
57717974,2
57701691,4
57715224,4
57714024,4
57745645,1
57707149,4
57714023,4
57703216,4
57711508,2
57737746,2
57707701,4
57716222,1
57719169,2
57716323,2
57684681,4
57706750,4
57687678,2
57748389,2
57675536,2
57743194,2
57748659,2
57716223,1
57702426,2
57726864,2
57719789,1
57715899,1
57664193,4
57705706,2
57719170,2
57718122,1
57724915,4
57746983,2
57714003,1
57714004,1
57718466,2
57702097,2
57693466,4
57724011,2
57621344,4
57543819,4
57691600,4
57744770,1
57732946,2
57708120,4
57694527,1
57684563,4
57722175,1
57720555,2
57730524,2
57723770,4
57701859,2
57693214,2
57737616,2
57719788,1
57732766,4
57689818,4
57730144,4
57661641,4
57701261,4
57681527,4
57697388,4
57703998,2
57735822,2
57705759,2
57724916,4
57621833,2
57705651,1
57730543,4
57736183,4
57736154,2
57752620,2
57749927,2
57751602,1
57664194,4
57702558,2
57546580,1
57713578,4
57703745,4
57692878,2
57753220,1
57737305,2
57716668,4
57670936,2
57723613,4
57723864,2
57730693,4
57719645,2
57732345,2
57729539,4
57724244,2
57726836,1
57697825,2
57754645,1
57694389,4
57735497,4
57711054,4
57675520,2
57724775,4
57694803,1
57744382,2
57723907,4
57719629,2
57732212,4
57746078,4
57749955,4
57660260,1
57718916,2
57730656,4
57715916,4
57684075,2
57647751,1
57744771,1
57708102,2
57739354,1
57746740,2
57703026,4
57706972,2
57685060,2
57731955,4
57674312,2
57748748,2
57739031,4
57702425,2
57726784,1
57715917,4
57757150,2
57703472,1
57614677,2
57743852,2
57692879,2
57720106,2
57686456,4
57717475,2
57750518,2
57719361,2
57682522,2
57709463,4
57738686,2
57726381,4
57709904,4
57757149,2
57755438,2
57739160,4
57606920,2
57699961,4
57673355,1
57742173,2
57738556,4
57706715,4
57646814,2
57705650,1
57720554,2
57756360,2
57726497,4
57701492,2
57746984,2
57697387,4
57720884,2
57738777,4
57699730,2
57721599,1
57730820,1
57648873,2
57730169,1
57746699,2
57620608,1
57761679,1
57737117,2
57716391,2
57715223,4
57720987,4
57738555,4
57736153,2
57745611,2
57738778,4
57741569,4
57730525,2
57728159,2
57727005,2
57724092,2
57726901,1
57654108,2
57721773,2
57653391,2
57736421,4
57730075,4
57748152,2
57716624,4
57716667,4
57762114,2
57735954,4
57735051,2
57763607,2
57734847,4
57746079,4
57759835,1
57739030,4
57721654,2
57751804,2
57725349,2
57710935,4
57713577,4
57735701,1
57725670,4
57654305,4
57680699,4
57678834,4
57728461,4
57732862,4
57693037,2
57763156,1
57713763,4
57715209,4
57715045,4
57763449,2
57698970,2
57748658,2
57738842,2
57759836,1
57730635,1
57758215,1
57751681,2
57718654,2
57743432,2
57708913,2
57697086,4
57698094,2
57706714,4
57725671,4
57741181,2
57753221,1
57764491,2
57755094,2
57722007,4
57722197,1
57745489,4
57745612,2
57726361,2
57755093,2
57764793,4
57747039,2
57741570,4
57752497,1
57633058,2
57733412,1
57719540,4
57725013,4
57749926,2
57736182,4
57763786,2
57745920,2
57746346,4
57722622,2
57689163,2
57710882,4
57763155,1
57713945,2
57736916,4
57734445,2
57731513,2
57744087,1
57760776,4
57741367,2
57745875,1
57723771,4
57735972,4
57732304,2
57734785,2
57748877,2
57729457,1
57711463,2
57740872,2
57703163,2
57757451,2
57565544,2
57694345,2
57560243,2
57698080,1
57621454,2
57735488,2
57705707,2
57695794,4
57741594,2
57762113,2
57730530,4
57718682,2
57729458,1
57734986,3
57768050,2
57759657,2
57748878,2
57768388,2
57722648,2
57689838,2
57699998,2
57720244,4
57767024,2
57724674,2
57763160,2
57763161,2
57730239,4
57744030,2
57731954,4
57738494,4
57731631,1
57726258,2
57740232,4
57718655,2
57746027,2
57747331,2
57743275,2
57721598,1
57690044,4
57705526,2
57767025,2
57712421,4
57735891,4
57703744,4
57723691,2
57744391,2
57744392,2
57755439,2
57718685,3
57732211,4
57750170,1
57681530,2
57679868,2
57763047,2
57724555,4
57720446,1
57723540,4
57751137,2
57751216,2
57719355,2
57700511,2
57770658,3
57744357,2
57755428,2
57730692,4
57758220,2
57746172,1
57686865,1
57746173,1
57686789,2
57330941,7
57631357,4
57728356,2
57735643,4
57725892,4
57734446,2
57725893,4
57731714,4
57734433,2
57764792,4
57753840,2
57700110,4
57763450,2
57759511,2
57595180,1
57770641,1
57766302,2
57732084,2
57733241,4
57730531,4
57774692,2
57743652,2
57740739,2
57766526,2
57716133,3
57724377,2
57771232,2
57771233,2
57670828,2
57724711,2
57710950,4
57742516,2
57708163,2
57752290,2
57738687,2
57771636,4
57741566,2
57755427,2
57752621,2
57718465,2
57699329,1
57411818,6
57371580,6
57734015,1
57743925,2
57771318,2
57731630,1
57719122,4
57767329,1
57743861,2
57740078,4
57767250,2
57764490,2
57750907,4
57738795,2
57762061,4
57713974,4
57703162,2
57746365,4
57671103,2
57719121,4
57736771,4
57758594,2
57720603,4
57727520,4
57720608,4
57721978,4
57737306,2
57681760,2
57777145,2
57738493,4
57703025,4
57729540,4
57774491,2
57755248,4
57768049,2
57741593,2
57743079,4
57750169,1
57699729,2
57720445,1
57738381,4
57772640,2
57735892,4
57756359,2
57749893,4
57716623,4
57726496,4
57749839,4
57774706,2
57745906,4
57759698,4
57717158,2
57751601,1
57730657,4
57774756,1
57751814,1
57732825,4
57730152,4
57727380,2
57709462,4
57712142,1
57761957,2
57756859,2
57776015,2
57766303,2
57763787,2
57740446,1
57726785,1
57762526,2
57708966,2
57724628,2
57708325,2
57689033,2
57715046,4
57689117,4
57722128,4
57745041,2
57749793,4
57755360,4
57755361,4
57754090,2
57748759,4
57768387,2
57774881,1
57687020,2
57747596,2
57745235,4
57777083,2
57742545,4
57747038,2
57744358,2
57740233,4
57780047,2
57760777,4
57748758,4
57770640,1
57744402,2
57737865,1
57610025,2
57746366,4
57656052,2
57713801,2
57724556,4
57745002,4
57724790,4
57706245,4
57741366,2
57697288,4
57772563,8
57656332,1
57785230,4
57767548,2
57757923,4
57749747,4
57769076,2
57781594,4
57762196,4
57746306,2
57725194,2
57780135,4
57777373,2
57749253,1
57747206,4
57738942,2
57757379,1
57754082,4
57744514,4
57394922,6
57595930,2
57728462,4
57775253,2
57755017,4
57749362,4
57739754,4
57730262,4
57755142,2
57722047,2
57785379,2
57752329,1
57785378,2
57755247,4
57756733,4
57785526,2
57781593,4
57759656,2
57730565,4
57767728,2
57742046,4
57716306,4
57719362,2
57750517,2
57690320,2
57686457,4
57786695,2
57779847,2
57681891,4
57767532,2
57753841,2
57725144,2
57762195,4
57744513,4
57749892,4
57748749,2
57702350,2
57717165,4
57720243,4
57727247,4
57788920,2
57777807,2
57682107,4
57739044,2
57777384,2
57763537,4
57765361,4
57741901,2
57717157,2
57701260,4
57788921,2
57735748,2
57769893,2
57727248,4
57778289,2
57783601,2
57720398,4
57714917,4
57723412,4
57763263,2
57734281,4
57731715,4
57735971,4
57740079,4
57759501,4
57779848,2
57788282,4
57713944,2
57744484,1
57739159,4
57633089,2
57744674,2
57660350,1
57735700,1
57763536,4
57768889,2
57786964,2
57620785,2
57732328,2
57757378,1
57749954,4
57780679,1
57743979,2
57778046,1
57724776,4
57705489,4
57761868,4
57749725,4
57711188,2
57752681,2
57757155,4
57791226,2
57757450,2
57691646,2
57732880,4
57774069,2
57710934,4
57737118,2
57791903,2
57721977,4
57724816,4
57734434,2
57738661,4
57772641,2
57745907,4
57749583,4
57738694,4
57730544,4
57749746,4
57770863,2
57787199,2
57773699,2
57760149,1
57765855,4
57791685,2
57783562,2
57775196,4
57702642,4
57736915,4
57791902,2
57767251,2
57722008,4
57714789,4
57730212,4
57770267,2
57720602,4
57768075,4
57701892,2
57729323,4
57763550,4
57788347,2
57754083,4
57758111,4
57781712,2
57757021,4
57758112,4
57743193,2
57765435,4
57763826,1
57615997,2
57766674,4
57752330,1
57774070,2
57720802,4
57761958,2
57791998,2
57734479,4
57725012,4
57770268,2
57738660,4
57757922,4
57775958,2
57789500,2
57792627,1
57734819,4
57765200,4
57776611,3
57748932,4
57735627,4
57735496,4
57736772,4
57783600,2
57727519,4
57745078,4
57742517,2
57768885,2
57733242,4
57777082,2
57720609,4
57694851,4
57766352,2
57738788,2
57718052,2
57760804,4
57758173,4
57751997,1
57759792,2
57743305,2
57774130,4
57728474,4
57691877,2
57742207,4
57657464,4
57756021,2
57738621,4
57761869,4
57752664,4
57763551,4
57757156,4
57757120,2
57741902,2
57763827,1
57689771,2
57645967,1
57703661,2
57687495,4
57750649,4
57760447,2
57687337,4
57800160,2
57755288,1
57799099,2
57760612,4
57749582,4
57769052,4
57752415,4
57707363,1
57788346,2
57791077,2
57774670,2
57755254,2
57734835,2
57765434,4
57620396,4
57746741,2
57734188,4
57791784,2
57761647,4
57786409,8
57722127,4
57730240,4
57778644,2
57692061,2
57800813,2
57800812,2
57785478,4
57767549,2
57745001,4
57738537,2
57725909,4
57777808,2
57763441,4
57745936,2
57727529,2
57761042,2
57757975,1
57746026,2
57768076,4
57752663,4
57762719,1
57769408,2
57798556,1
57772042,2
57717232,2
57788630,4
57760406,2
57760613,4
57759319,2
57752414,4
57792332,4
57778598,4
57770733,2
57804706,2
57762062,4
57792502,2
57803631,2
57803632,2
57781931,1
57774702,4
57781932,1
57761069,4
57758409,2
57782142,1
57793968,4
57765856,4
57723539,4
57788930,2
57738429,4
57805582,2
57757731,4
57728473,4
57730333,4
57767618,4
57769077,2
57773176,2
57707587,2
57719900,2
57707586,2
57806594,1
57785686,1
57776620,2
57776580,2
57787355,1
57739039,4
57782970,1
57732313,1
57642432,4
57732879,4
57724817,4
57759699,4
57805988,2
57763348,4
57775765,2
57809004,2
57779132,4
57782805,2
57747205,4
57730341,1
57732863,4
57756002,4
57755063,4
57745236,4
57789499,2
57779884,2
57792331,4
57757020,4
57771785,2
57809003,2
57744383,2
57779131,4
57765360,4
57784697,4
57743939,4
57663085,2
57765770,4
57735642,4
57739687,4
57760803,4
57780209,4
57787354,1
57763755,2
57776822,2
57790517,4
57757614,4
57750648,4
57782304,4
57732826,4
57743938,4
57754894,4
57749391,4
57764093,4
57709640,4
57786410,2
57728867,4
57788013,4
57771801,4
57738695,4
57799098,2
57807351,4
57768859,4
57759279,4
57737866,1
57793801,2
57798092,4
57758360,4
57790133,4
57759957,4
57780291,1
57782141,1
57601989,2
57766798,4
57738380,4
57765892,4
57771514,2
57769946,4
57786905,4
57777372,2
57788285,4
57798060,2
57785692,2
57766525,2
57772090,1
57758297,4
57751813,1
57769416,2
57673354,1
57775259,4
57756734,4
57774271,1
57766146,4
57806195,2
57780048,2
57792628,1
57741382,4
57807601,2
57720986,4
57816071,1
57780210,4
57728269,2
57749380,2
57744083,4
57657706,2
57811495,2
57778347,4
57744214,4
57784131,4
57743924,2
57798059,2
57762525,2
57784415,4
57773749,4
57796575,4
57745937,2
57752078,4
57724784,4
57807332,2
57705778,2
57814226,2
57816887,1
57776152,4
57723411,4
57789735,4
57778874,4
57767619,4
57763993,2
57735626,4
57642358,4
57765771,4
57779718,4
57720397,4
57805581,2
57764865,4
57761678,1
57811494,2
57764777,4
57807474,2
57796339,2
57815832,2
57770534,4
57730766,2
57371255,7
57798854,2
57763442,4
57780041,4
57744082,4
57749794,4
57789734,4
57791150,4
57795268,2
57801276,1
57793967,1
57759958,4
57776579,2
57772089,1
57780292,1
57735756,4
57771486,4
57687679,2
57739688,4
57730153,4
57776992,4
57768978,2
57810159,2
57803526,1
57793681,4
57783957,4
57791127,4
57787099,4
57809164,2
57774693,2
57782001,4
57769053,4
57754093,2
57762720,2
57769377,2
57787449,4
57790256,2
57765588,2
57791301,2
57716307,4
57749390,4
57739742,4
57769945,4
57745278,2
57779901,4
57792852,4
57799496,3
57776566,2
57738254,4
57741952,4
57779458,2
57642359,4
57788749,4
57713762,4
57798758,4
57779681,4
57765972,4
57767260,4
57797326,2
57780990,2
57749634,2
57786904,4
57821019,4
57792501,2
57784414,4
57813166,4
57801275,1
57793975,4
57779682,4
57739753,4
57813957,8
57788012,4
57687752,2
57821082,2
57804768,2
57769094,2
57758361,4
57791149,4
57790132,4
57787350,2
57752628,2
57766596,2
57735555,2
57753191,4
57738255,4
57706292,4
57733865,4
57734282,4
57771723,1
57745646,1
57775778,4
57787100,4
57792118,4
57785459,2
57765201,4
57767753,4
57810434,2
57803767,2
57722649,2
57757506,4
57790518,4
57764050,4
57769055,4
57746809,4
57785479,4
57750948,2
57770533,4
57767875,4
57815868,2
57798530,4
57786071,4
57727639,2
57765837,4
57769894,2
57794609,4
57794889,4
57768858,4
57798102,4
57784303,4
57798054,4
57798091,4
57818610,4
57818558,2
57804767,2
57763902,2
57746618,4
57741132,4
57742544,4
57787738,4
57750567,2
57799049,4
57781162,4
57778599,4
57800272,2
57829321,1
57779969,4
57755322,4
57781802,4
57815869,2
57781801,4
57776092,4
57762545,1
57809540,4
57782939,1
57799576,4
57751998,1
57761149,4
57757615,4
57759280,4
57827729,8
57782666,2
57728868,4
57827730,8
57772974,4
57734187,4
57767754,4
57774863,1
57776153,4
57774707,2
57802222,2
57785687,1
57807860,1
57787306,4
57689819,4
57752079,4
57775191,4
57753441,4
57727466,2
57789452,2
57749363,4
57801786,4
57829342,4
57833539,4
57780134,4
57797959,4
57747969,2
57766145,4
57782969,1
57835160,2
57824334,2
57724525,4
57764092,4
57754813,4
57765739,4
57776991,4
57801785,4
57745375,4
57829320,1
57827903,2
57818374,2
57726538,2
57804687,4
57824201,2
57788370,4
57770734,2
57807746,1
57771868,2
57597443,2
57754812,4
57755876,4
57834608,4
57774326,4
57733321,2
57821204,2
57749724,4
57788286,4
57798101,4
57811810,2
57787418,4
57566621,2
57775195,4
57771724,1
57823620,2
57746810,4
57756372,4
57782804,2
57806443,4
57799354,4
57806402,4
57790009,4
57799575,4
57796780,1
57766658,2
57782305,4
57765783,4
57521976,2
57786079,4
57778132,4
57761646,4
57774272,1
57770619,2
57837620,2
57783956,4
57814873,4
57804784,4
57799261,2
57806444,4
57817486,2
57812167,4
57801371,2
57784952,2
57779516,4
57804318,4
57772873,4
57768666,4
57732933,4
57797284,4
57761942,2
57752953,2
57798229,4
57722246,2
57806401,4
57801374,2
57784550,2
57823099,1
57779033,2
57742206,4
57743856,4
57805376,4
57755018,4
57837371,4
57734420,2
57780958,4
57701692,4
57776016,2
57818416,2
57792349,4
57745862,4
57795150,4
57795149,4
57818696,4
57785795,4
57787739,4
57796902,4
57771485,4
57786267,4
57833455,2
57796409,4
57828134,2
57779968,4
57842036,4
57791128,4
57761068,4
57825918,3
57809570,1
57769415,2
57735830,4
57779500,4
57801486,4
57801628,4
57834655,4
57796601,2
57765816,4
57837533,2
57767876,4
57749701,4
57767747,1
57791919,4
57781408,4
57809165,2
57780042,4
57781161,4
57822731,4
57833855,2
57768979,2
57823100,1
57802174,4
57820046,4
57533727,2
57816072,1
57743769,4
57739353,1
57787881,4
57736846,4
57771612,4
57804520,4
57784130,4
57807488,4
57684076,2
57829622,2
57802083,4
57797965,2
57814973,4
57802175,4
57773724,2
57834185,1
57832398,2
57815283,4
57753440,4
57741383,4
57837604,2
57775581,4
57797423,4
57791076,2
57749633,2
57778873,4
57745861,4
57774880,1
57793734,2
57785661,2
57787303,1
57722581,2
57819454,2
57807352,4
57699328,1
57794890,4
57766141,4
57814872,4
57780146,2
57671450,2
57798781,1
57796196,4
57813472,4
57768665,4
57795970,4
57778346,4
57766140,4
57839000,2
57806196,2
57781407,4
57812760,4
57769054,4
57807633,4
57774701,4
57829672,2
57809569,1
57725348,2
57733658,2
57503534,2
57798757,4
57783465,2
57814082,4
57827904,2
57837467,4
57771611,4
57760430,4
57814083,4
57800777,2
57837621,2
57788281,4
57814639,2
57840701,4
57785617,4
57823240,4
57846836,4
57800039,4
57786736,4
57764984,2
57827742,2
57821203,2
57708965,2
57828133,2
57799146,4
57822647,4
57745042,2
57793976,4
57798360,4
57834025,4
57813165,4
57809045,2
57782002,4
57763046,2
57786329,4
57695454,4
57779900,4
57786737,4
57800422,4
57767748,1
57774325,4
57783025,2
57821384,4
57814986,1
57849044,2
57666903,1
57702557,2
57827504,4
57797156,4
57811025,4
57749702,4
57796195,4
57823861,2
57779717,4
57811165,4
57785298,4
57759502,4
57803511,4
57848826,2
57829621,2
57767533,2
57835095,1
57850478,1
57824063,2
57807632,4
57806593,1
57765460,2
57620395,4
57779524,2
57826220,4
57775192,4
57797424,4
57774490,2
57836028,4
57851249,2
57826554,4
57809317,1
57808847,4
57755321,4
57802270,1
57817810,4
57818751,2
57858650,2
57787448,4
57815850,4
57803968,4
57805249,4
57808252,4
57830228,4
57765741,4
57719354,2
57836008,2
57796341,4
57764776,4
57811604,4
57812094,4
57806732,2
57839509,2
57803969,4
57774898,2
57786330,4
57823500,4
57813406,2
57802397,4
57781279,4
57777123,2
57813923,4
57743812,4
57772713,4
57837468,4
57855589,2
57808931,4
57776093,4
57789665,2
57834064,4
57810320,4
57812115,4
57834320,1
57765893,4
57786266,4
57796090,4
57800110,4
57797155,4
57794636,4
57833407,4
57744928,2
57796270,4
57792117,4
57797966,2
57767474,4
57752498,1
57847309,2
57787419,4
57822787,4
57812116,4
57850477,1
57828637,4
57814987,1
57754644,1
57824530,4
57787866,4
57741951,4
57771448,2
57746845,4
57849778,2
57411687,7
57846832,2
57792350,4
57803034,1
57823956,4
57784302,4
57824190,2
57734820,4
57862677,1
57835268,4
57812093,4
57843336,2
57728268,2
57798782,1
57826555,4
57836029,4
57863786,2
57788170,2
57814429,4
57822788,4
57797976,4
57823998,4
57785618,4
57837821,4
57810446,4
57798555,1
57784551,2
57831541,4
57694162,1
57747456,4
57813708,4
57724713,2
57834696,2
57826458,4
57864874,2
57803412,4
57805987,2
57804785,4
57847664,2
57581979,2
57757241,2
57843406,2
57773750,4
57801046,4
57779457,2
57852022,4
57812759,4
57814342,4
57818375,2
57763349,4
57798053,4
57832293,4
57819898,4
57796602,2
57829490,4
57682933,2
57739040,4
57826925,1
57853880,2
57785231,4
57838832,2
57856775,1
57849777,2
57814341,4
57802082,4
57846090,4
57819976,4
57818415,2
57825810,4
57803808,2
57835255,1
57810445,4
57870084,1
57807840,2
57756001,4
57813471,4
57826221,4
57868569,5
57771637,4
57816866,4
57755064,4
57829401,4
57817485,2
57830894,2
57718991,2
57814847,4
57802269,1
57828559,4
57812168,4
57790413,2
57796769,2
57802415,4
57823496,4
57837387,4
57730168,1
57834024,4
57834371,4
57768389,4
57828895,2
57680658,1
57697269,4
57843806,4
57699902,4
57799165,4
57831954,4
57816969,4
57841699,1
57788369,4
57839541,4
57832275,4
57813603,4
57873933,5
57873932,5
57813850,4
57741131,4
57760302,2
57775580,4
57781736,4
57727467,2
57835166,2
57862614,4
57834321,1
57804205,4
57794268,2
57875656,5
57875657,5
57829003,4
57812621,4
57791517,4
57765742,4
57804519,4
57754963,4
57778131,4
57815405,4
57705488,4
57814430,4
57820045,4
57833503,4
57766501,2
57766502,2
57858651,2
57835126,4
57872624,1
57856051,4
57803525,1
57666952,2
57765782,4
57796091,4
57844009,2
57852198,4
57725908,4
57802021,4
57788319,2
57829491,4
57710474,2
57789022,4
57808274,2
57796903,4
57772372,4
57812528,4
57747964,4
57814183,4
57822428,4
57802022,4
57764864,4
57810319,4
57824188,4
57823997,4
57840621,4
57818695,4
57851604,4
57834245,4
57859953,4
57856141,2
57816161,1
57835559,4
57813702,4
57816340,4
57818173,2
57879807,4
57745277,2
57826453,4
57797425,4
57828638,4
57817472,4
57821383,4
57877865,2
57765461,2
57815189,1
57876434,1
57831648,4
57826152,2
57791516,4
57879331,2
57786281,4
57791987,4
57715210,4
57799166,4
57800372,4
57814004,4
57796576,4
57746844,4
57869772,2
57839473,4
57824324,2
57865458,2
57872830,2
57858942,2
57776727,2
57800038,4
57846831,2
57416485,7
57764051,4
57821083,2
57837419,4
57829265,1
57800421,4
57829545,4
57803324,4
57845078,4
57828589,4
57837938,2
57784953,2
57777383,2
57757507,4
57735705,4
57747963,4
57834697,2
57708403,2
57870286,2
57535283,6
57842081,4
57771366,4
57781323,4
57825244,4
57838833,2
57818609,4
57826971,4
57793735,2
57834065,4
57807745,1
57824320,4
57859974,4
57818644,4
57739074,4
57743855,4
57706244,4
57806936,2
57826310,4
57799886,4
57826151,2
57806731,2
57858632,2
57813199,2
57806935,2
57721825,2
57732765,4
57845500,4
57879927,4
57848540,4
57792002,4
57827732,4
57814182,4
57754895,4
57803033,1
57819953,4
57859793,2
57843256,4
57848960,4
57834370,4
57834184,1
57801483,4
57765935,2
57852040,4
57842748,4
57728630,2
57811024,4
57859422,2
57772872,4
57786280,4
57844470,4
57803909,2
57825811,4
57848799,4
57828590,4
57843167,4
57807859,1
57828909,4
57816160,1
57868434,2
57886578,4
57837370,4
57797325,2
57800161,2
57798956,4
57791918,4
57885179,2
57845800,2
57888411,1
57796408,4
57842046,2
57847592,4
57855825,4
57840672,4
57817471,4
57824323,2
57870085,1
57779499,4
57823625,4
57815470,2
57761668,2
57853881,2
57767475,4
57796154,2
57801759,4
57754997,4
57800828,2
57891628,4
57859133,4
57774914,2
57797253,4
57815282,4
57771367,4
57807313,4
57799145,4
57803411,4
57852857,4
57850646,2
57854439,4
57792851,4
57826149,2
57892008,2
57892007,2
57787351,2
57779658,4
57876868,4
57691016,2
57859702,1
57824157,4
57799353,4
57880852,2
57795596,4
57774862,1
57763328,2
57748931,4
57590459,2
57889504,2
57797254,4
57756371,4
57813907,4
57833540,4
57726380,4
57873440,4
57842562,2
57870828,4
57797975,4
57847934,4
57854438,4
57824335,2
57597444,2
57820763,4
57736845,4
57813848,4
57800111,4
57810433,2
57867613,2
57870411,2
57723121,4
57880127,4
57756022,2
57769093,2
57845077,4
57868243,4
57787307,4
57774899,2
57807837,4
57816059,4
57883877,2
57687496,4
57775764,2
57656333,1
57889422,2
57781280,4
57823624,4
57827741,2
57836496,4
57793682,4
57883349,2
57872623,1
57865438,4
57859832,4
57806937,2
57780678,1
57830021,4
57839886,4
57889503,2
57831949,2
57854045,4
57819975,4
57829544,4
57865351,2
57743435,2
57889189,1
57853246,1
57859792,2
57870907,4
57837292,4
57808410,4
57897805,2
57875829,2
57870600,2
57832262,4
57796770,2
57847936,4
57816040,1
57867236,4
57865437,4
57828748,2
57766675,4
57860358,4
57857458,4
57744355,2
57891174,2
57826459,4
57864353,4
57815851,4
57823299,2
57872831,2
57898754,1
57892194,2
57890783,2
57832563,2
57743811,4
57885018,8
57772712,4
57779823,4
57822465,4
57843166,4
57819897,4
57812860,4
57835127,4
57855826,4
57840704,1
57817615,4
57820681,4
57840807,4
57832637,4
57881137,4
57882611,4
57766659,2
57848539,4
57831948,2
57888231,4
57800626,4
57832276,4
57825042,4
57856058,4
57804688,4
57853128,4
57866929,4
57861429,4
57859779,4
57752952,2
57852041,4
57846502,4
57817318,2
57807390,4
57859616,4
57833804,4
57830765,4
57812859,4
57839265,4
57856176,4
57872825,4
57881875,1
57810970,4
57838291,4
57837386,4
57889551,4
57863580,2
57825043,4
57878912,2
57869661,4
57836644,1
57867147,1
57847937,4
57792058,4
57902089,2
57865214,4
57832140,4
57867964,2
57796338,2
57867237,4
57705755,4
57883718,2
57691878,2
57829916,4
57717214,4
57757808,2
57843591,4
57813908,4
57863431,4
57717215,4
57833408,4
57752521,1
57890712,2
57819848,4
57851605,4
57868206,4
57901079,2
57807841,2
57828910,4
57771515,2
57775258,4
57846583,4
57778045,1
57782447,4
57800141,4
57836050,4
57827731,4
57774395,2
57842047,2
57866662,4
57744468,2
57831291,2
57814846,4
57859952,4
57828560,4
57901078,2
57898392,2
57746619,4
57852023,4
57811141,4
57774093,2
57861972,4
57862974,4
57889458,4
57832636,4
57831953,4
57818504,2
57904845,4
57864169,4
57833244,2
57905595,1
57843208,2
57898391,2
57797048,2
57841138,4
57813849,4
57845615,4
57819290,4
57851327,4
57842841,4
57821020,4
57863469,2
57810129,4
57843255,4
57861332,4
57853174,4
57881874,1
57864352,4
57835269,4
57869751,4
57864602,1
57802263,2
57848138,4
57859132,4
57874111,4
57750906,4
57810187,4
57858357,4
57901776,2
57684146,2
57845287,4
57826970,4
57850781,1
57902808,1
57889321,4
57794267,2
57867649,4
57871316,4
57849649,4
57837420,4
57833504,4
57811811,2
57796464,4
57842037,4
57880685,4
57836337,4
57859729,4
57883507,4
57917485,4
57864603,1
57786070,4
57809739,4
57859188,4
57794610,4
57760303,2
57822466,4
57799039,4
57888640,2
57888641,2
57865213,4
57856057,4
57846089,4
57859831,4
57809399,2
57917484,4
57771449,2
57766799,4
57840806,4
57837213,4
57838570,4
57785299,4
57805963,4
57743770,4
57884187,1
57807314,4
57830799,4
57829264,1
57796463,4
57837918,4
57877975,2
57676212,2
57681755,4
57842840,4
57870410,2
57811605,4
57767261,4
57544304,2
57840549,4
57852856,4
57866928,4
57801045,4
57846123,4
57880747,4
57809738,4
57808273,2
57834609,4
57861951,4
57779517,4
57846548,4
57838290,4
57804449,4
57891134,4
57896102,2
57761637,4
57833397,4
57848440,4
57863308,4
57883174,4
57915578,4
57801760,4
57852751,4
57866954,4
57848861,4
57902686,4
57878137,4
57840700,4
57877996,4
57913806,2
57920237,2
57908362,1
57869920,4
57884706,2
57877976,2
57879442,4
57866547,2
57838237,4
57812622,4
57908821,2
57903100,4
57797665,4
57819954,4
57772975,4
57880126,4
57749838,4
57877866,2
57922674,4
57867146,1
57769273,2
57880746,4
57861200,4
57834244,4
57847935,4
57847783,1
57868207,4
57902826,4
57845288,4
57913807,2
57849123,4
57815580,4
57857563,4
57791785,2
57873101,4
57811140,4
57775779,4
57724791,4
57849650,4
57730074,4
57848481,4
57829343,4
57847308,2
57823756,4
57895466,2
57855598,4
57831265,4
57880624,4
57857010,4
57884546,4
57834779,4
57789451,2
57924113,4
57758408,2
57847782,1
57839474,4
57840595,4
57925596,1
57847769,2
57809426,2
57878138,4
57905596,1
57684743,4
57835838,4
57733866,4
57861062,4
57851326,4
57881442,4
57818252,4
57888890,4
57903483,4
57886161,2
57826924,1
57884490,4
57872682,4
57925828,2
57925827,2
57846476,4
57761148,4
57876727,4
57874110,4
57804206,4
57856719,4
57854044,4
57929444,4
57870401,4
57823239,4
57824199,2
57884615,4
57850495,2
57847593,4
57894638,4
57924739,2
57457884,7
57832702,4
57889302,4
57864760,4
57838236,4
57876794,4
57782940,1
57896177,4
57856718,4
57874468,4
57823974,4
57872323,2
57875121,4
57848798,4
57862388,4
57853129,4
57887339,2
57906451,4
57897337,4
57843599,4
57760508,2
57792001,4
57888230,4
57841707,2
57855597,4
57931001,4
57824020,4
57676211,2
57842550,4
57826155,4
57887563,4
57845499,4
57786294,2
57857725,4
57897804,2
57823762,4
57869087,4
57848492,4
57845824,4
57931000,4
57825233,2
57870731,4
57880843,4
57824321,4
57884614,4
57901116,4
57867162,2
57857614,4
57842683,4
57691601,4
57800140,4
57925992,4
57867489,4
57856792,4
57834976,4
57884491,4
57924886,2
57868172,2
57809318,1
57790501,4
57853617,4
57864730,4
57859421,2
57884993,4
57896178,4
57875927,4
57843927,4
57810128,4
57782359,4
57855842,4
57818251,4
57880128,4
57822732,4
57907986,4
57886160,2
57859097,1
57824479,4
57826202,4
57827584,4
57839885,4
57815406,4
57705754,4
57869574,4
57856052,4
57709435,2
57834751,4
57794635,4
57826454,4
57867648,4
57892434,4
57881744,4
57854219,4
57836357,4
57897168,4
57881743,4
57848959,4
57917487,1
57906450,4
57541475,6
57791596,2
57710939,2
57780959,4
57871315,4
57855149,4
57814005,4
57808932,4
57928098,2
57921272,1
57798359,4
57880172,4
57902687,4
57919377,1
57853175,4
57886539,4
57886538,4
57826150,2
57772371,4
57881970,2
57801484,4
57860176,4
57841435,4
57785923,2
57849805,4
57848441,4
57814179,4
57863581,2
57919922,2
57799040,4
57872428,4
57862514,4
57942222,1
57500100,4
57876728,4
57923633,2
57875632,4
57863520,4
57832048,4
57925437,2
57836051,4
57793927,2
57851431,4
57875108,4
57930396,2
57869921,4
57842749,4
57884714,4
57835540,4
57824478,4
57903099,4
57813847,4
57803323,4
57881443,4
57807473,2
57847391,4
57926983,2
57851425,4
57875120,4
57902827,4
57903854,2
57901077,1
57593051,4
57826154,4
57760405,2
57893294,4
57892992,4
57846501,4
57863787,2
57835558,4
57829394,4
57896565,4
57793611,1
57902835,4
57946719,2
57859973,4
57908474,4
57849447,4
57864813,4
57844614,4
57852199,4
57861063,4
57946718,2
57843407,2
57854484,4
57798529,4
57897602,4
57802396,4
57840996,2
57818395,4
57841815,4
57906458,4
57869750,4
57812527,4
57916799,4
57873803,4
57744675,2
57862784,4
57835541,4
57879293,4
57783759,4
57860833,2
57870760,2
57895451,4
57823973,4
57764985,2
57883581,2
57924738,2
57688823,2
57872870,4
57805250,4
57853618,4
57884713,4
57925939,4
57857686,4
57880520,4
57917098,4
57924394,4
57846122,4
57903683,4
57771319,2
57881969,2
57906678,4
57897635,4
57828944,4
57883039,4
57823957,4
57946195,2
57836643,4
57870599,2
57839510,2
57925597,1
57911876,4
57901117,4
57817616,4
57814972,4
57889182,4
57639827,2
57664616,2
57885432,4
57781711,2
57818396,4
57759470,2
57910420,2
57864168,4
57841137,4
57898685,2
57898695,4
57797666,4
57810186,4
57888095,4
57845616,4
57888261,4
57910638,2
57859720,4
57897167,4
57870716,4
57925629,4
57895349,4
57880684,4
57872681,4
57702641,4
57484610,7
57753190,4
57836009,2
57834748,2
57757732,4
57841700,1
57954497,1
57931193,4
57913597,4
57890102,4
57900209,4
57898342,4
57788631,4
57894918,4
57858126,4
57914269,4
57796271,4
57844469,4
57870715,4
57849806,4
57899777,2
57862539,4
57895515,4
57931194,4
57795971,4
57920623,4
57898686,2
57893293,4
57841258,4
57876867,4
57844675,4
57856177,4
57916269,4
57916388,1
57907985,4
57901076,1
57851906,1
57801627,4
57904396,2
57782446,4
57918324,4
57852814,4
57937760,4
57925736,1
57848060,1
57873547,4
57741561,2
57841814,4
57910953,2
57787867,4
57848137,4
57881997,4
57797426,4
57885017,2
57884188,1
57848518,4
57822795,2
57800625,4
57863430,4
57855590,2
57954496,1
57869869,2
57883040,4
57914626,4
57878386,4
57906677,4
57832703,4
57814178,4
57831917,4
57959335,4
57798230,4
57532059,2
57833398,4
57881767,4
57900895,2
57884711,2
57866955,4
57911875,4
57925672,4
57927370,4
57884547,4
57835247,1
57858962,4
57890287,2
57824531,4
57796509,4
57894284,4
57922933,4
57925767,4
57935678,4
57747455,4
57890190,2
57867614,2
57956261,2
57879719,4
57788748,4
57898696,4
57834975,4
57896566,4
57870635,4
57906490,4
57863833,4
57499099,7
57850164,4
57905387,4
57906409,4
57913637,4
57910791,4
57917794,4
57901178,4
57930528,4
57861950,4
57883957,4
57937025,4
57863777,1
57898703,2
57948310,4
57824019,4
57910419,2
57744213,4
57941231,4
57799706,4
57912521,1
57819291,4
57834872,4
57922278,4
57798853,2
57804317,4
57897903,2
57830766,4
57902088,2
57888846,4
57927296,4
57930045,1
57927297,4
57916552,4
57892045,2
57902979,4
57898921,4
57852087,4
57862975,4
57862133,4
57829393,4
57783834,4
57888615,4
57776071,2
57847065,4
57884710,2
57927106,4
57875109,4
57869660,4
57906237,4
57843926,4
57735755,4
57804437,2
57857457,4
57856752,4
57857564,4
57925140,2
57810971,4
57830227,4
57846584,4
57922342,2
57853987,4
57951992,2
57872427,4
57858127,4
57837822,4
57817809,4
57865290,4
57906357,4
57807836,4
57880842,4
57937026,4
57851907,1
57865757,1
57793612,1
57871371,4
57754998,4
57926365,4
57761669,2
57804438,2
57856599,4
57830749,4
57847323,4
57920003,4
57910548,4
57919837,4
57855841,4
57909270,4
57925764,4
57916644,1
57917560,2
57782358,4
57829247,4
57912219,4
57827583,4
57927107,4
57935878,4
57961808,8
57813200,2
57940924,4
57880404,4
57890101,4
57898341,4
57935871,4
57802558,2
57859291,4
57925829,4
57904214,2
57967266,4
57913947,4
57932077,4
57840977,4
57898922,4
57910547,4
57838571,4
57574680,6
57917804,4
57933502,2
57946936,4
57944246,2
57969996,4
57893144,4
57856598,4
57921041,4
57831649,4
57897636,4
57874812,4
57937759,4
57869086,4
57839056,4
57917251,2
57878781,4
57760413,2
57877441,4
57878983,4
57840594,4
57919056,4
57916448,4
57861998,2
57924890,4
57878385,4
57741256,2
57846475,4
57848281,4
57836356,4
57732945,2
57954323,2
57744403,2
57877552,4
57897260,4
57872871,4
57931626,4
57862785,4
57843590,4
57905767,4
57796155,2
57907667,4
57755289,1
57845600,4
57963762,2
57880625,4
57927655,4
57982275,4
57889183,4
57932830,4
57846547,4
57852086,4
57917793,4
57822648,4
57923901,4
57906068,4
57808848,4
57913216,4
57818557,2
57906221,4
57924395,4
57826806,4
57879806,4
57886571,4
57842860,4
57823497,4
57864814,4
57892471,2
57903465,2
57907635,4
57903670,4
57863832,4
57906410,4
57869793,4
57919163,4
57894744,2
57889552,4
57790860,4
57847322,4
57967265,4
57796342,4
57985546,4
57840132,2
57906354,4
57974731,2
57929963,2
57816058,4
57839968,1
57925830,4
57787995,4
57911430,1
57950035,4
57923754,4
57833456,2
57888891,4
57925768,4
57724526,4
57912218,4
57936892,2
57765971,4
57876861,4
57730332,4
57941654,4
57787254,2
57988387,5
57988388,5
57861344,2
57869239,4
57908361,1
57896997,4
57886379,4
57919378,1
57842695,4
57923057,4
57900407,2
57736422,4
57877596,4
57871439,4
57899488,4
57862513,4
57931076,4
57898114,4
57837917,4
57920236,2
57790500,4
57917559,2
57911389,4
57933389,4
57914035,4
57951008,4
57870402,4
57807489,4
57813864,4
57915739,2
57929718,4
57928300,4
57551285,4
57895452,4
57754962,4
57843807,4
57919388,4
57885470,4
57947083,4
57922176,4
57901777,2
57962227,4
57885877,4
57779822,4
57845601,4
57906356,4
57989890,2
57873546,4
57989891,2
57934945,4
57916546,4
57923047,4
57916551,4
57846237,1
57916800,4
57921040,4
57910792,4
57942223,1
57963831,2
57820762,4
57799707,4
57917803,4
57950524,4
57854119,2
57926366,4
57560344,4
57923900,4
57982732,2
57920833,4
57904744,4
57863930,4
57881582,4
57873441,4
57913215,4
57824156,4
57954761,4
57929964,2
57883506,4
57931210,4
57942264,4
57881770,4
57878390,4
57876607,4
57763423,4
57869169,4
57900208,4
57923964,4
57925991,4
57958748,4
57897482,4
57947084,4
57815360,4
57863309,4
57730145,4
57848519,4
57937765,4
57866890,4
57875928,4
57882824,4
57991268,1
57942049,4
57909007,4
57886328,4
57909269,4
57931124,4
57870829,4
57990538,2
57799887,4
57960561,2
57892195,2
57883956,4
57838019,2
57832884,4
57925438,2
57700134,2
57931211,4
57745077,4
57915096,4
57892176,4
57765738,4
57894917,4
57863662,4
57808251,4
57859721,4
57944549,4
57877595,4
57918835,4
57918455,2
57913596,4
57908356,4
57886329,4
57960233,4
57924414,4
57903669,4
57958749,4
57805325,2
57925139,2
57862136,4
57879557,4
57862080,4
57880405,4
57870908,4
57941979,4
57905602,4
57831266,4
57948087,4
57916743,4
57853854,4
57907704,4
57752291,2
57906355,4
57968501,4
57889930,4
57965766,4
57924697,4
57930295,4
57897481,4
57902978,4
57898952,4
57882612,4
57813764,4
57834656,4
57785662,2
57922535,4
57991267,1
57862678,1
57936515,4
57888614,4
57958560,4
57735704,4
57953184,2
57952602,4
57893143,4
57926497,4
57925188,4
57914149,4
57899487,4
57922673,4
57855136,4
57902213,4
57945955,2
57960234,4
57954760,4
57945017,4
57907636,4
57934575,4
57867811,4
57856751,4
57955606,2
57993018,4
57897904,2
57892175,4
57918146,4
57738430,4
57930537,4
57911429,4
57831184,4
57885751,4
57961232,1
57963874,4
57930270,4
57839542,4
57879330,2
57891135,4
57923081,4
57919640,4
57920832,4
57828968,4
57922552,4
57926641,4
57844562,4
57792057,4
57917099,4
58009061,2
57907569,4
57940930,4
57965761,4
57891548,4
57990539,2
57928603,4
57963401,4
57929336,4
57933477,4
57931439,4
57997581,2
57881228,4
57870738,4
57914627,4
57964181,4
57805375,4
57884156,4
57893677,4
57874469,4
57847168,4
57940654,4
57935466,4
57921863,4
57957202,4
57862615,4
57842080,4
57908355,4
57815188,1
57699901,4
57779659,4
57912401,4
57980803,2
57919847,4
57866586,4
57923755,4
57919639,4
57907570,4
57886206,4
57875631,4
57963383,2
57952603,4
57755143,2
57907562,4
57848491,4
57935067,4
58013041,2
57887340,2
57923046,4
57931177,2
57954907,4
57834780,4
57941589,4
57949578,4
57886572,4
57861971,4
57788167,1
57881138,4
57861403,2
57957314,4
57858004,4
57974879,4
57906236,4
57906489,4
57968542,4
57916545,4
57768390,4
57961389,4
57946969,4
57918145,4
57911568,4
57888847,4
57932831,4
57949390,2
57943761,4
57943762,4
57755875,4
57971413,2
57945018,4
57975291,1
57945507,4
57762546,1
57934291,4
57913954,4
57923518,4
57767328,1
57848638,2
57855150,4
57830800,4
57835254,1
57925723,4
57976572,4
57941028,4
57941232,4
57831540,4
57906611,4
57710951,4
57852815,4
57984093,1
57858021,4
57935012,4
57554106,7
57958495,4
57911173,4
57860161,4
57904369,4
57927787,4
57847143,1
57946978,4
57878477,2
57822796,2
57844613,4
58002116,2
57920092,4
57897247,4
57925677,4
57922940,4
57801656,4
57975170,4
57872049,4
57918210,4
58018202,4
57933390,4
57867821,2
57829402,4
57783563,2
57913691,4
57988721,2
57916643,1
57923499,4
57900218,4
57968896,4
58014051,2
57821163,4
57893985,4
57966845,4
57979590,4
57854483,4
57971414,2
57955062,4
57914032,4
57857691,2
58006991,4
57830893,2
57949838,4
57859292,4
57941734,4
57858356,4
57965631,4
57987383,4
57589110,4
57935662,4
57846149,2
57856458,4
57890219,4
57903046,4
57935999,4
57934576,4
57866123,4
57997696,4
57854004,4
57918456,2
57825232,2
57919972,4
57928218,2
57905297,4
57942048,4
57954278,4
57815998,2
57954750,4
57939429,4
57908545,4
57911421,4
57940220,4
57930518,4
57911422,4
57931077,4
57940929,4
57785794,4
57889457,4
57931674,4
57882655,4
57838018,2
58014295,4
57839266,4
57922995,4
57954906,4
57968502,4
57891627,4
57718576,4
57884994,4
57810158,2
57864761,4
57926464,4
57947602,1
58027766,2
57919055,4
57727498,2
57863083,4
57949577,4
57930672,4
57954129,4
57906457,4
57910637,2
57894433,4
57916387,1
57849807,4
57863521,4
57907561,4
57867163,2
57973081,2
57979997,4
58009060,2
57953097,4
57840550,4
57739989,2
57834873,4
57915183,4
57879556,4
57938979,4
57881581,4
57879718,4
57940303,4
57836336,4
57885471,4
57836495,4
57924696,4
57952878,4
57984872,4
57897248,4
57840133,2
57889320,4
57853853,4
57915753,4
57781735,4
57706293,4
57908822,2
57893668,4
57960127,4
57884712,2
57965632,4
57957201,4
57942265,4
57936607,4
57947601,1
57924415,4
57849124,4
57823501,4
57930517,4
57920585,4
57804450,4
57790008,4
57601614,4
57870732,4
57877535,4
57846238,1
57959848,2
57944974,4
57868244,4
57720885,2
57883876,2
57925301,4
57926498,4
57985862,4
57800935,4
57980247,4
57861345,2
57954626,2
57950785,4
57968777,4
57796395,4
57888094,4
57830750,4
57939389,4
57968547,4
57873102,4
57936863,4
57826309,4
57909824,4
57962159,4
57922277,4
57915977,4
57738536,2
57842884,4
57805964,4
57955412,4
57921542,4
57870848,1
57965535,4
57966684,4
57877995,4
57862446,4
57975011,4
57898246,4
57869794,4
58001276,4
57858963,4
57933123,4
58010602,4
57953442,4
58002692,4
57830022,4
58018083,2
57849808,4
57971587,4
57643184,2
57787882,4
57925606,2
57918836,4
57891792,4
57859187,4
57994356,4
57915184,4
57844008,2
57878478,2
57946970,4
57972990,4
57761636,4
57877442,4
57935011,4
57998435,4
57990035,4
57966738,4
57976573,4
57809174,2
57874100,4
57934292,4
57926463,4
57823871,2
57979118,4
57950231,4
57962877,4
57961549,4
57612406,4
57590726,7
57864729,4
57726259,2
57892470,2
57967138,2
57875976,2
57929646,4
57975609,2
57937838,4
57952877,4
57900775,4
57963656,4
57848825,2
57742045,4
57732934,4
57923082,4
57965977,4
57994427,4
57819559,2
57832294,4
57971816,4
57885750,4
57933025,4
57905768,4
57975290,1
57941588,4
57959076,4
57959632,4
58052315,8
57947367,4
57858943,2
57860971,4
57865444,4
57848862,4
57927654,4
57945305,4
57810853,1
57941655,4
57871718,4
57937626,4
57863468,2
57894283,4
57974792,4
57927013,4
58003974,4
58012155,4
57889924,4
57886378,4
57968698,4
57881298,2
58000381,4
57835839,4
57843335,2
57811870,2
57985496,4
57969509,4
57875975,2
57911174,4
58040799,4
57913955,4
57980883,4
57791858,4
57966620,4
57921862,4
57920093,4
57894432,4
57882656,4
57919838,4
57933591,4
57919921,2
57956914,4
57983965,4
57992606,4
57970489,4
57938546,2
57919509,4
57968823,4
57911277,4
57971732,4
57964756,4
57904586,4
57862081,4
57935661,4
57956056,4
57989093,4
57892015,4
57929190,4
57960699,4
57888260,4
57800936,4
57959334,4
57745490,4
57965765,4
57944735,4
57918726,4
57659404,6
57919387,4
58039918,4
57805326,2
57925189,4
57919164,4
57946545,4
58021450,4
57931118,2
57875785,4
57914033,4
57974296,4
57892993,4
57865443,4
57812968,4
57964861,4
57965352,4
57857011,4
57997697,4
57990116,4
57908009,4
57991282,4
57961548,4
57881386,2
57933476,4
58011728,4
57935465,4
58062312,4
58012036,4
57935872,4
57839969,1
57912402,4
57959534,4
57945833,4
57779034,2
57883580,2
57946199,4
57862465,2
57925825,4
57902809,1
57851677,2
57971242,4
57983276,4
58034289,4
57991489,2
57942585,4
58004619,4
57940304,4
57957313,4
57957297,4
57630494,4
58009437,4
57914014,2
57627599,4
57957599,4
57872826,4
58015073,4
57979724,2
57950637,4
57896998,4
57953263,4
58022051,4
57884285,4
57760578,2
57935068,4
57894329,2
58001326,4
57997160,4
57634239,4
57823755,4
57890220,4
58000382,4
57979998,4
57892433,4
57937354,4
57990034,4
57915074,4
57833803,4
57976310,4
57864786,4
57961142,4
57968136,4
57878982,4
57971241,4
57963906,4
57612466,7
58021443,4
57972219,4
57735747,2
57991488,2
57967137,2
58049250,4
57829004,4
57955411,4
57921543,4
57954627,2
57952893,4
58013199,4
57818643,4
57974878,4
57932814,4
57995798,4
57981968,4
57956262,2
57990848,4
57869168,4
57796508,4
58015410,4
57939923,4
57914679,2
57784696,4
57940923,4
57899981,4
57876435,1
57958606,4
58069738,2
57902940,2
57925381,4
58001520,4
57994355,4
57993446,4
57718149,2
57912356,4
57985656,4
57808417,4
57915754,4
57975487,4
57919828,2
57936891,2
57896365,4
58003855,4
57998434,4
57888410,1
57984902,4
57975010,4
57887562,4
58069740,2
57948311,4
58013538,4
57797374,4
58021576,1
57925302,4
57998292,4
57924316,4
57951497,4
58025809,4
57993512,4
57999806,4
58001542,2
58018201,4
57967184,4
57940219,4
57797373,4
57969295,4
57835096,1
57932112,4
57941762,2
58042129,4
57969510,4
57932630,4
57947677,4
57982067,4
57914036,4
58013323,2
58077983,4
58018082,2
57994481,4
57950874,4
57848480,4
57924622,4
58004094,4
58043274,4
57890189,2
57889303,4
57821162,4
57970187,4
58037556,4
57758143,2
57855135,4
57911892,4
57941199,4
57875689,4
58069739,2
57955063,4
57867490,4
57983277,4
57964180,4
57860970,4
57993513,4
58005919,4
57970935,4
57964757,4
57946544,4
58013202,4
58015967,4
57903855,2
57924849,4
57940706,4
57646075,4
57999805,4
58075310,8
57682108,4
57846835,4
58020900,4
58022176,4
57729043,2
57912523,4
57929353,4
57995122,4
57880173,4
57845903,4
57974793,4
58023141,4
57925724,4
57935677,4
57961388,4
58075309,8
57985255,4
58023606,4
57904215,2
57892014,4
57959633,4
57963657,4
57957298,4
57867812,4
57966737,4
57925630,4
57930271,4
57965762,4
57983253,4
57983662,4
57862038,4
57985622,4
57848280,4
57872050,4
57895606,2
58001981,4
57965862,4
57933026,4
58006835,4
57987775,4
57832885,4
57920622,4
57937423,4
57705583,2
57951258,2
58026371,4
57996557,4
57987091,4
57852750,4
57928217,2
57952892,4
58025810,4
57928548,4
57891791,4
57862158,4
57985210,4
58026217,4
57882823,4
57652028,4
57940705,4
57937736,4
58021451,4
58015968,4
57851424,4
58015146,4
57892046,2
57904788,4
57941969,4
57965536,4
57803245,4
57998575,4
57935877,4
57872829,2
57943729,4
57860175,4
58076116,2
58002565,4
57975608,2
57947829,4
58023607,4
57931758,4
57975340,1
58008714,4
58001283,4
58021444,4
57984942,4
58083441,2
57986278,4
57879443,4
57864785,4
57847169,4
57990710,4
57931625,4
57929354,4
57760577,2
58029496,4
58034157,4
57981967,4
57985888,4
57953098,4
58028965,2
57994407,4
57851430,4
58068988,2
57803246,4
57892356,4
58034805,4
58000927,4
57941759,4
57862159,4
57790859,4
57968541,4
57661004,7
57946632,4
58007832,4
57980914,2
57986090,4
58088907,8
58088906,8
57947828,4
57866546,2
57885433,4
57758216,6
57763264,2
57877551,4
57987037,2
58001270,4
58050457,4
58021577,1
57875688,4
58061656,4
57947953,4
57662497,4
57807174,2
57971993,4
57840673,4
58015779,4
58015909,4
58022903,4
58028674,4
57917482,4
57897601,4
58098034,2
58095361,4
58028909,2
57898951,4
57993847,4
57964860,4
57936514,4
58004877,4
57954751,4
58004001,4
57871717,4
58022177,4
57924891,4
58018964,4
57956529,4
57954130,4
58101629,4
58012174,4
58047912,4
57975171,4
58012419,4
57945125,4
57971588,4
58099908,4
57860162,4
57967830,4
57918209,4
57988256,2
57934946,4
58050458,4
58001101,4
58021298,4
57998390,4
58037780,4
58001479,2
57799038,2
57930527,4
57840976,4
57976216,4
58034691,2
57877089,4
57904787,4
58044307,4
57949950,4
58039160,4
57973476,4
58030688,4
58042128,4
57809858,4
58105287,4
57816886,2
58032633,4
58029002,4
57944629,4
58044494,4
57929645,4
58047823,4
58029748,4
57813701,4
57963331,4
57943022,4
57959535,4
57975488,4
57813763,4
57963832,2
57985863,4
58056915,4
57932747,4
57950209,4
57957600,4
58001519,4
57908473,4
58102565,2
57971590,4
58002693,4
57989402,4
57972989,4
57983964,4
57969024,4
58003529,4
58030562,4
58015818,4
57888269,4
58021299,4
58067890,4
58001325,4
57950743,2
57928604,4
58110698,4
57990709,4
58106286,4
57993326,4
57959077,4
58053522,4
57774129,4
57992607,4
57939390,4
57907703,4
57869238,4
58005032,4
57987774,4
57956289,4
57680698,4
57968738,4
58092995,4
58020901,4
58015778,4
58042313,1
57960533,4
57819560,2
57911431,1
57981398,4
57951498,4
57832141,4
58002117,2
57827503,4
58006345,4
58002371,4
58065099,4
58020080,4
57861402,2
58081785,4
58110690,2
57945126,4
58049249,4
57967829,4
57850163,4
58036975,4
57915013,4
58105288,4
58053521,4
57648874,2
57997272,4
58041846,4
58044493,4
58018259,4
57920045,4
58056995,4
58013537,4
58047972,4
57974295,4
57969023,4
58000928,4
57956750,4
57985495,4
57676756,4
58056890,4
57916270,4
58010553,2
57915014,4
58099814,4
58097023,2
58105351,4
58027183,4
58080818,4
57919508,4
57986178,4
57931440,4
58018979,4
57919848,4
57988001,4
57976023,4
57937735,4
58030687,4
58007714,4
57895253,1
58091686,4
58018978,4
58102564,2
58034576,4
57765836,4
58034290,4
58116174,2
57920561,4
58056545,4
58007265,4
57924317,4
57916074,4
58043219,2
57893986,4
58025961,4
58001139,4
58045239,4
57920401,4
58119801,2
58010931,4
57976022,4
58016669,4
58046683,4
58044308,4
57935375,2
58124072,5
57944548,4
57965861,4
58111626,4
58028868,4
58065433,4
58083442,2
57684480,4
58042752,4
58031904,4
57921273,1
58045472,4
57876862,4
58011729,4
57990117,4
57994109,4
57856923,2
58025349,4
57845823,4
58065098,4
58047837,4
58076115,2
58012452,4
58019059,4
58075436,4
57961897,4
58027399,4
57888124,4
57938980,4
57871372,4
57922723,4
57974480,4
57739741,4
58126862,5
58032282,4
58035307,4
57911567,4
57769414,2
57975678,4
57866758,4
57944630,4
58001269,4
58006616,4
58076021,4
58127860,5
57892107,2
58122518,2
58012573,4
57980802,2
57815359,4
57895348,4
57926974,4
57847204,4
58054009,4
57982194,4
58129590,5
58026370,4
57984178,4
58010196,4
58050102,4
57966844,4
58130587,5
58047807,4
57938690,4
58086132,4
57860357,4
57812967,4
58013324,2
57972112,4
57788023,2
57866663,4
58124071,5
58132309,5
57998744,4
57975339,1
57963332,4
58060442,4
57953183,2
58119021,4
57985400,4
57915073,4
58020256,4
58017540,4
58001140,4
57908010,4
58034036,4
57951991,2
57902834,4
58045321,4
58054629,1
57942471,4
58100091,2
58030491,4
58004572,4
57937837,4
57852648,4
58080355,4
57983061,4
57683624,2
58125486,2
57923500,4
58087565,4
58083604,4
57816867,4
58055667,4
57844676,4
58006344,4
58051328,4
58047683,4
58047838,4
57987382,4
57944920,2
58029799,4
57970186,4
58049794,4
57954277,4
57993884,4
57828659,2
58006617,4
57986179,4
58016096,4
57717164,4
58121656,2
58008372,4
57993426,4
58037023,4
58035306,4
57901179,4
58082000,4
58081921,2
58100092,2
57831183,4
57925309,4
57843105,2
57842551,4
58047952,4
58129755,2
58013683,4
58039917,4
58049315,4
57795225,2
58066282,4
58064594,2
58022722,1
57998550,2
58111693,4
57906220,4
57979806,4
58117204,4
58029930,4
57994482,4
57972946,4
57940366,4
58065062,4
57924848,4
57979591,4
58032280,4
57917481,4
58002600,4
57986203,4
58136397,2
58049060,4
57941968,4
57923837,4
57880521,4
57959903,4
58025851,4
57972893,4
58002491,4
57951072,4
57997744,4
57704667,4
57858020,4
57963873,4
58060930,4
58124297,2
58047971,4
57976960,4
58121657,2
57950638,4
57712422,4
57926642,4
57960631,4
57932465,2
57937625,4
58003384,4
57945956,2
58037475,2
58039413,4
57925765,4
57968548,4
57998603,4
57987458,4
57958607,4
58055883,4
58058380,2
57924312,4
57977046,4
58077984,4
57934395,4
58119020,4
58049193,4
58078022,4
57981397,4
58022050,4
58030492,4
58007280,4
58063913,4
58050101,4
57965353,4
57915588,4
58091345,4
58044809,4
57939430,4
58047808,4
58042409,4
58069737,2
57968623,4
57950523,4
57836398,2
58029003,4
57951073,4
58136398,2
57977175,4
57971591,4
58093149,4
57925083,4
58068882,4
58007715,4
57899980,4
57945306,4
58047953,4
58080708,4
57973082,2
57953690,4
57918502,4
58007266,4
58051224,4
57710881,4
58003452,4
58037474,2
58028114,4
57935376,2
58099585,4
58053465,4
58000350,4
58007362,4
58067469,4
57963905,4
58063914,4
58075996,4
57995799,4
58056960,4
57942584,4
57971511,4
58029929,4
58076358,4
58024572,4
57791859,4
58034035,4
58028673,4
58042236,4
58030939,4
58048752,4
57916447,4
57983252,4
58125352,4
57684997,7
58081664,4
58070103,4
57997171,4
57961227,4
57923965,4
57979315,4
57971055,4
57994428,4
57796396,4
58146151,2
57876793,4
58065442,4
57920584,4
57968135,4
57892357,4
58010197,4
57961231,1
57944332,4
58058706,4
58086913,4
57971056,4
57953689,4
58117496,4
58080709,4
57929335,4
57960700,4
57930536,4
58097635,4
58029282,4
58037620,2
58031480,4
57786078,4
57801487,4
57926307,4
58045709,4
57885572,4
57891547,4
58086602,4
58004095,4
57946979,4
58140765,4
58155312,2
58002490,4
58105350,4
58110884,4
58025512,2
57919973,4
58082715,4
58029401,4
57922932,4
57984873,4
57968895,4
57856776,2
58062823,4
58076357,4
57923358,4
58073533,4
57863931,4
57963104,4
57950036,4
58081256,4
58100670,4
57980990,4
57867512,2
58097078,4
58064363,4
58013598,4
57734480,4
58159840,2
57906069,4
57904368,4
58140667,4
58138842,2
58072916,4
57730263,4
58040114,4
57987036,2
57910557,4
57960128,4
57889931,4
57909008,4
58095386,4
58140701,2
57938691,4
58064635,4
58049059,4
57958199,1
58078023,4
57874604,4
57723122,4
58081922,2
58029400,4
57941733,4
57976266,4
58080650,4
58007167,4
58143435,2
58144685,4
58027398,4
57937338,4
58024947,2
58111555,4
57980254,4
57906334,4
58012154,4
58086112,2
58049124,2
58006992,4
58162556,2
58056216,4
58157112,4
58087134,4
57942880,4
57979119,4
57839055,4
58018416,4
57842861,4
57787994,4
58155311,2
58000246,4
58030011,4
57863082,4
57930673,4
57856791,4
57924623,4
58141654,4
58125353,4
58099820,2
57879292,4
58014294,4
57925940,4
57789021,4
58111625,4
58162593,2
58138841,2
58155300,4
57971817,4
57800371,4
57937766,4
58049793,4
58103117,4
58075136,4
57993327,4
58167976,2
57724785,4
57945508,4
58046443,4
58046444,4
58100162,4
57932815,4
58058578,4
57903682,4
58001284,4
58054628,1
58148849,4
58020669,4
57957815,4
57972698,4
58097260,4
58083541,4
58036056,4
58013200,4
58118173,4
57977754,4
58047984,4
58065394,4
58097081,4
58026222,4
58140668,4
58092808,4
58166211,2
58159839,2
58062592,4
58031592,4
58064595,2
58067468,4
57910558,4
58067894,4
57984903,4
58062527,4
58038514,4
58117205,4
58075437,4
58028656,4
58106035,4
58092153,4
57958496,4
57954813,4
58140764,4
57994196,4
57886577,4
57963763,2
58045238,4
58035340,4
57925382,4
58027920,4
58047571,4
57955636,4
58056914,4
57914633,2
57894639,4
57859096,2
57912355,4
58174367,2
57986536,4
58040798,4
58038401,4
58086326,4
58022320,4
57735953,4
57938545,2
57743080,4
58017158,4
57936864,4
57738620,4
57961054,4
58076032,4
57995226,4
57968151,4
57916073,4
58042312,1
57920560,4
58086133,4
57953264,4
57956749,4
58106004,4
58022321,4
58146690,2
58032279,4
58095128,4
58042237,4
58095095,4
57993019,4
58076375,4
58163433,2
57989403,4
58031591,4
58157111,4
58174617,2
58010930,4
57985209,4
57819847,4
58065130,2
58063859,4
57987459,4
57940653,4
58148893,4
57854005,4
58163434,2
58001710,4
58017159,4
58027182,4
58125439,4
58007168,4
58072666,4
57816968,4
58047066,4
57947368,4
58024731,4
57956697,4
57924313,4
58088542,4
58097077,4
58070852,4
58133839,4
57950875,4
57977087,4
58067507,4
57826201,4
58023847,4
57974479,4
58102123,4
58075135,4
57933000,2
58041847,4
58103347,4
57906612,4
58099821,2
58129837,2
58181624,4
57979868,4
58181717,2
58042753,4
58144684,4
58081295,4
58025348,4
58094224,4
57946937,4
58059348,4
58129483,4
58015817,4
58013203,4
58143185,4
58179886,4
58157119,4
57993391,4
58127151,4
58129864,4
57831916,4
58016889,4
57985254,4
58056567,2
58113880,4
57925678,4
58031337,4
58113250,4
57920046,4
58129646,4
58051329,4
58034543,4
58182460,2
58182554,4
58109315,4
58029800,4
58008511,4
57934396,4
58086325,4
57746345,4
58012979,4
58146959,4
58185649,2
58185650,2
57881998,4
57988166,4
58052316,2
58001275,4
58133682,2
57824191,2
58114010,4
58070501,4
58007833,4
58020246,4
57958563,4
58083369,4
58162581,4
58125487,2
58171773,4
57942881,4
57760429,4
58136718,4
57926486,4
58018366,4
58028113,4
58071603,4
57866587,4
57935240,4
58056741,4
58063860,4
58111383,4
58152517,4
57968872,4
58170718,2
58169040,4
58120089,4
58110699,4
58171774,4
58049123,2
57941980,4
58053736,4
58066111,4
57866891,4
58096881,4
58102124,4
58006534,4
57957932,2
58110588,4
57858633,2
58100669,4
57922553,4
57993390,4
58143468,4
58170690,2
58133618,4
57893667,4
58023846,4
58050199,4
57758174,4
57995918,4
58048751,4
58126841,4
57925673,4
58022955,4
58078843,2
58146152,2
57975573,2
57972780,4
57765817,4
58087571,4
58133619,4
58001711,4
58038733,4
57926973,4
57763422,4
58072250,4
58013310,4
57984092,1
58151720,4
58097141,4
57985623,4
57988401,4
58081257,4
58126951,4
58061574,4
57875786,4
58177065,4
57996140,4
58037231,4
57917075,4
58139154,4
58108100,4
58073744,4
58033021,4
58045710,4
57941200,4
57987726,4
58077650,4
57979579,4
57876608,4
58157118,4
58171584,2
58148848,4
58108099,4
57939918,4
58127330,4
58073534,4
58066738,4
58070104,4
58145510,4
58039161,4
58074455,4
58058705,4
58119800,2
58002564,4
58001480,2
58181547,2
58072665,4
58012442,4
58065432,4
58075915,4
57840446,4
57758296,4
58015072,4
58080356,4
57967888,4
58105042,4
57923058,4
58062528,4
57941760,4
58170717,2
58188180,4
57969997,4
57927371,4
58097636,4
58012037,4
57915740,2
58085963,4
57924370,4
58042552,4
58118858,4
58012451,4
57915712,4
57968697,4
58169041,4
57967887,4
58026624,4
58057709,4
57797283,4
57884703,4
57993225,4
58103348,4
58129836,2
58174316,4
58163396,4
58028869,4
58112501,4
57968906,2
57880129,4
58015833,4
57999458,4
57932078,4
57859615,4
57991183,4
58029548,4
58018965,4
58173417,4
58016832,4
57853986,4
58135560,4
58031479,4
57985545,4
58118790,4
58159844,4
58174658,4
57771800,4
58153955,4
58096951,4
57942470,4
58148892,4
58087133,4
58076598,4
58049194,4
58070851,4
57960630,4
57986537,4
58008688,4
57842883,4
58095941,4
58043083,4
57967183,4
57993848,4
58071604,4
58111382,4
58047445,4
58067895,4
57813863,4
57986279,4
58012574,4
57781324,4
58056426,4
58029281,4
58060441,4
58056441,4
57748844,2
57982068,4
58067889,4
58056961,4
58097858,4
57991283,4
57998604,4
57880076,4
58137926,4
58037024,4
58121639,4
57809400,2
58139050,4
58097080,4
58103518,4
58099057,4
58163790,4
57904800,4
58105722,2
58149094,4
58024920,4
58056215,4
58066283,4
58066110,4
58046684,4
58009255,4
58051392,4
58088541,4
58084087,4
57987612,4
58097933,4
57905601,4
58057708,4
58087933,4
58143929,4
58143930,4
57881771,4
57983062,4
58168947,2
58106202,4
58155386,4
58090017,4
57956290,4
57993447,4
57977088,4
58130427,4
57997745,4
58066237,4
57797960,4
58140843,2
58065443,4
58129865,4
58174368,2
58072782,4
58089313,4
57822427,4
57783758,4
58130455,4
58012775,4
58123683,4
58012980,4
58074995,4
57968152,4
58094223,4
57922939,4
58151721,4
58099813,4
57936000,4
58182553,4
57903482,4
58097259,4
58007307,4
58111694,4
57893678,4
58060228,4
58065702,4
58060719,4
58086601,4
58136112,4
57922177,4
58128392,4
58038779,4
57929189,4
58095418,4
58171880,4
57945834,4
57774757,7
58042142,4
57971510,4
58118857,4
57808144,4
58065283,4
58135324,4
58171879,4
57915095,4
57895516,4
58146520,4
58010045,4
57951523,4
58154240,4
57862445,4
58146107,2
57874101,4
57964268,4
58000307,4
58111842,4
58030300,4
57818387,4
58188297,4
57961898,4
57904743,4
58034806,4
57998743,4
57993396,4
57926308,4
57960762,4
58158425,4
58016833,4
58020670,4
58045748,4
58029497,4
58111040,4
57970994,1
58058577,4
57925737,2
58053209,2
58081663,4
57993644,2
58062911,4
58174659,4
58063403,4
57998826,4
58118172,4
58145681,4
58121158,4
58062223,4
58026856,2
58077696,4
57972220,4
58021896,1
58125438,4
58109203,4
58070968,4
58070425,4
58108219,4
58038394,4
58008755,4
58015522,4
58067402,4
58033978,4
58064848,4
58154239,4
58075119,4
58179717,4
57935922,4
58021856,4
57863663,4
58090018,4
58097307,4
58063100,4
57947952,4
58048188,4
57988167,4
57951009,4
58032015,4
58076592,4
58126303,4
57791986,4
57795595,4
58108700,4
58033739,4
58055864,2
58185190,2
58136440,4
58181815,4
58092807,4
57843106,2
57783835,4
58133840,4
57977176,4
58001980,4
58086712,4
58092996,4
58135559,4
57950210,4
58134609,4
57908920,4
58059501,4
57984179,4
58176014,4
58003975,4
58106034,4
57977755,4
58056996,4
57993395,4
58170691,2
58144309,4
58084994,4
58042143,4
58160400,4
58072249,4
58157972,4
58147036,4
58111770,4
58143469,4
58042553,4
58147394,4
58152806,4
58159853,4
58120113,4
58015521,4
58078202,4
58071387,4
58048636,4
58099586,4
57939924,4
57822692,4
58060929,4
58071388,4
57813924,4
57990849,4
58147932,4
57988400,4
58020257,4
58018415,4
58186754,4
57912256,2
58182459,2
58046461,4
57965976,4
58158426,4
58033022,4
57808418,4
57932111,4
58103519,4
57962160,4
58014302,4
58120734,4
57943188,2
58132339,4
58086392,4
58003380,4
57987090,4
58076022,4
57878782,4
57986202,4
58098502,4
58158490,4
57997271,4
58060486,4
58068883,4
57992912,4
58146960,4
57953441,4
57994195,4
58166250,4
58136717,4
58159843,4
57840266,4
58038597,4
58072915,4
58139310,2
57965364,2
57995225,4
58000245,4
57962878,4
57842694,4
58010603,4
57828967,4
58149884,4
58109314,4
58182855,4
57849448,4
57915577,4
57996141,4
58082222,4
58063404,4
57963400,4
57883278,4
58146987,2
57828943,4
58181546,2
58050862,4
58086111,2
58163700,4
58029021,4
58177629,4
58003029,4
57980882,4
58104352,4
57999459,4
58155077,4
58047983,4
57865289,4
58013684,4
58018918,4
58093150,4
57885876,4
58063655,4
58149027,4
58144901,4
58155786,4
58124955,4
58132953,4
58148109,4
58115821,4
58060745,4
57998570,4
58181390,4
57803512,4
57871440,4
58139049,4
58146533,4
57801655,4
58165593,4
58019500,4
57913946,4
58173635,4
57808143,4
58077134,4
58089556,4
58104250,4
58123491,4
58157552,4
58074959,4
57947678,4
58047572,4
57982276,4
58081786,4
58111841,4
57798957,4
58054644,4
58166251,4
58176224,4
57936341,4
58158594,4
58045473,4
58125949,4
58179119,4
58083605,4
58181991,4
58183330,4
57961226,4
58037619,2
58112716,4
58135039,4
58178437,4
58002372,4
57968739,4
58179936,4
57976959,4
57912524,4
57799048,4
58181990,4
57857613,4
58150679,4
58147933,4
57808409,4
57809857,4
58027174,4
58152518,4
58173418,4
57998827,4
58176225,4
58139153,4
58158593,4
58005242,4
57931757,4
58153756,4
58174090,4
58087969,4
58178711,4
57904610,4
58088279,4
58136051,4
57813604,4
58049079,4
58061655,4
58159852,4
58030012,4
58188298,4
58021897,1
58138279,4
57965058,4
58045322,4
58090263,4
58074433,4
58052762,4
57966621,4
57820680,4
57802414,4
58155534,4
58090264,4
57811164,4
57807389,4
58120250,4
58174753,4
58188858,2
57995319,4
57977550,4
58022723,1
58113106,4
58081168,4
58052822,4
57809539,4
58036974,4
57857685,4
58107273,4
57818386,4
57946633,4
58188218,4
57979805,4
57904585,4
57997159,4
58110885,4
58087381,4
57822691,4
58020081,4
58070584,4
58148792,4
57937353,4
57927788,4
58016888,4
58149885,4
58152942,4
58174752,4
57825245,4
57999816,4
58166994,4
58007361,4
58030940,4
58120616,4
58075838,4
58032283,4
58179632,4
57985887,4
58055925,4
58155533,4
58143383,4
57923357,4
58176115,4
58054957,4
57949951,4
57816341,4
57943023,4
58120735,4
57841890,4
57813707,4
57879926,4
58099309,4
58072958,4
57979578,4
58053008,4
58109202,4
58059349,4
58029747,4
58163633,4
58089091,4
58166288,4
58155612,4
57979867,4
58087382,4
57962228,4
58074653,4
58043082,4
58126840,4
58176116,4
57994408,4
58004573,4
58146106,2
58157273,4
58016097,4
57985657,4
57820799,4
57815581,4
58060892,4
58110173,2
58049080,4
57844135,4
57972945,4
58008689,4
58038349,4
57972023,4
58146532,4
58075448,4
58136925,4
58111039,4
57995318,4
58116084,4
57832261,4
57826807,4
58099907,4
58152805,4
57820800,4
57975679,4
57841891,4
58015328,4
58136926,4
58023797,4
58075447,4
58076035,4
57824189,4
58062222,4
58029405,4
58096952,4
57925826,4
57974955,4
58106107,4
57928309,4
57933503,2
58026182,4
58172114,4
58188502,4
57952768,4
58119329,4
58038748,4
58126302,4
58060891,4
58078275,4
58137573,4
57845904,4
58030782,4
58121640,4
58147443,4
57924112,4
58179935,4
58123492,4
58024730,4
58118962,4
58064634,4
57829248,4
58157551,4
58056745,4
58039353,4
57823763,4
58022902,4
58113249,4
57932306,4
58059096,4
57832049,4
58170922,4
57837214,4
58130454,4
58119317,4
58081468,4
58042408,4
58149586,4
58070346,4
57829915,4
58053464,4
58064362,4
58177628,4
58087970,4
57917076,4
58138512,4
58082967,4
58032183,4
58100545,4
58163158,4
58056740,4
58092314,4
58151706,4
58176266,4
57837293,4
57939917,4
58056440,4
57982487,4
57948293,4
57995250,4
57911278,4
58074434,4
58056588,4
58069354,4
58160577,4
57906335,4
57959443,4
58179633,4
58115972,4
58153586,4
58003949,4
57870845,2
58181625,4
57877090,4
57937424,4
58019058,4
58126113,4
57931125,4
57995076,4
58091346,4
58181031,4
58085943,4
58127104,4
58179885,4
58000143,4
58127152,4
57904846,4
58118963,4
57854218,4
57916742,4
58038729,4
58084086,4
58137783,4
58022954,4
58151516,2
57840622,4
58026181,4
58105494,4
58106287,4
58083542,4
58119184,4
58117818,4
58056566,2
58145065,4
57841436,4
58146589,4
58008715,4
58097857,4
58185189,2
58038732,4
58172113,4
58154645,4
57983663,4
58170921,4
58108220,4
58003381,4
58119886,4
58013484,4
57980255,4
58008510,4
57941541,4
58089424,4
58137574,4
58083103,4
58133225,4
58116083,4
58166103,4
58138927,4
58091937,4
58038515,4
58141655,4
57988047,4
57840267,4
57841257,4
58087715,4
58023140,4
58143184,4
58096882,4
58165097,4
57968776,4
58173433,4
58173432,4
58099201,4
57984943,4
57834750,4
58081294,4
58082968,4
58163161,4
58189573,4
58178806,2
58182761,4
58147467,4
58045638,4
57976217,4
58142181,4
57847066,4
58015411,4
58147466,4
57884155,4
58005568,4
57843598,4
58065395,4
57992485,4
58142463,4
58131457,4
58115971,4
58181249,2
58102230,4
58048637,4
58137925,4
58163634,4
58125587,4
58132918,2
58168203,4
58148991,4
58048178,4
57908546,4
57911428,4
57982193,4
58085492,4
58055926,4
58166047,4
58062311,4
58039467,4
57844134,4
57990746,4
58116272,4
57983885,2
57859730,4
58090674,4
57840447,4
58078203,4
58121763,4
58014303,4
58168014,4
58174091,4
58066236,4
58146988,2
58135961,4
58025962,4
58174315,4
58189142,4
57847113,4
57929717,4
58146689,2
58145553,4
57847114,4
57904609,4
58027175,4
58013483,4
58038400,4
58148967,2
58031885,4
58147442,4
58068884,4
58120617,4
58093847,4
58179120,4
58184754,4
58060485,4
57965059,4
58167148,4
57972779,4
58119330,4
58157613,4
58034158,4
58062591,4
58158501,4
58128615,4
58184732,4
58036057,4
57801725,2
58145552,4
58093848,4
58102345,4
57944118,4
58030561,4
58150639,4
57914268,4
58126112,4
58119318,4
57912658,4
58132952,4
58156741,4
58111494,4
58065061,4
58189574,4
58024573,4
57842684,4
58110774,4
58188501,4
58086683,4
58162932,4
58140898,4
58102346,4
57913690,4
58132338,4
58004606,4
58009254,4
58138766,4
58143436,2
58163482,4
58168013,4
58105521,4
57986091,4
58076591,4
57925308,4
58019916,4
58086316,4
58021098,4
58184733,4
58006535,4
57928310,4
57983200,4
58132917,2
58074916,4
57850060,4
58117819,4
58151028,4
57991182,4
57925082,4
58138323,4
58085491,4
58148108,4
58095147,4
58083277,4
58166102,4
58137655,4
57844561,4
58041426,4
58082221,4
58066097,4
58127308,4
58076634,4
58037557,4
57847390,4
58131458,4
57850059,4
57847205,4
58166048,4
58148724,4
58025852,4
57809425,2
58111769,4
57980989,4
57932305,4
57858005,4
58126753,4
58178323,4
58129482,4
57852649,4
58067403,4
58181457,4
58056544,4
58155385,4
58139309,2
58104251,4
58120251,4
57981262,4
58157411,4
58097140,4
58102699,2
58022561,4
58148685,4
58070345,4
57861201,4
58099202,4
58098236,4
57856459,4
57949839,4
58019501,4
57881229,4
58079434,4
58143029,4
57870636,4
57859780,4
58083278,4
57966683,4
58010051,4
57923517,4
57998576,4
57940365,4
57866122,4
58184648,4
58149112,4
58079433,4
58084044,4
57915587,4
58047469,4
58099253,4
58090673,4
58184152,4
57862387,4
57857724,4
58045361,4
58031886,4
58154644,4
58056425,4
58164233,4
58188179,4
58135756,4
58101630,4
57812604,2
58120712,4
57862137,4
57912853,4
58114827,4
58158489,4
57862037,4
58095362,4
58019917,4
58186753,4
58120112,4
58054645,4
58182762,4
58081999,4
57948292,4
57853247,7
58125586,4
58021857,4
58178322,4
57946198,4
58003385,4
58145511,4
58003453,4
58045637,4
58163157,4
58136052,4
57931673,4
57922722,4
58082632,1
58106804,4
58062117,4
58066096,4
57963613,4
57957161,4
57866759,4
58077649,4
58060746,4
58133743,4
58010050,4
57977549,4
58082716,4
58110172,2
58065282,4
58155785,4
57960763,4
57867872,4
57861428,4
58092327,4
58053007,4
58055666,4
58137788,4
57886207,4
57867873,4
57957162,4
57948086,4
57900219,4
57862134,4
58084993,4
57861333,4
58035341,4
58171103,4
58184755,4
58050294,4
58109061,4
58066656,4
58105715,4
58153866,4
58138482,4
58139854,4
58143007,4
58084156,4
57862540,4
57941027,4
58182341,4
58111180,4
58078290,4
58076597,4
58106948,4
58097536,4
58156403,4
58181409,4
58056889,4
58176015,4
58009436,4
58099453,4
57877536,4
58152824,4
58116190,4
58026223,4
58054010,4
58082661,4
58150564,4
57869575,4
58127309,4
57997857,4
58047911,4
57974956,4
58143028,4
57951524,4
57980248,4
57876931,4
58162566,4
58157274,4
58098501,4
57877041,4
58131577,4
57908921,4
58107141,4
57873802,4
57955637,4
58152388,4
58162230,4
58052985,4
58177064,4
57863776,7
58012420,4
58155837,4
58173636,4
57914150,4
58002601,4
57958559,4
58074996,4
57877042,4
58115996,4
58137656,4
57870739,4
58126952,4
57994108,4
58080649,4
57968624,4
58073743,4
58050863,4
58184790,4
57941542,4
58107140,4
58146777,4
58037886,4
58044217,4
58183205,4
58008373,4
58171104,4
58111495,4
57983201,4
58026783,4
57876932,4
58157520,4
57927012,4
57944331,4
58037779,4
58179072,4
57981068,4
58168211,4
58038778,4
58054956,4
58066657,4
58056589,4
58105495,4
57878389,4
58059095,4
57929139,4
58047446,4
57874605,4
58143348,4
57880077,4
57950784,4
58110773,4
58116273,4
58015329,4
58076633,4
58179360,4
58031905,4
57874813,4
58095148,4
58077695,4
58162933,4
57905388,4
58123548,4
58087566,4
58124003,4
57883277,4
57966478,4
58153755,4
58099254,4
58136111,4
58156742,4
57972697,4
58005569,4
58049316,4
58148966,2
58088280,4
58047071,4
57998293,4
57881766,4
57883173,4
58178436,4
58109060,4
58040115,4
58163789,4
58188217,4
57844308,2
58106949,4
58168535,4
57870849,7
58100161,4
58107345,4
57888268,4
58176861,4
58125095,4
57981662,4
58135962,4
58146943,4
58184151,4
58005033,4
58012774,4
58125948,4
58105783,4
57888125,4
58104353,4
58051393,4
58145680,4
58157640,2
58068181,4
57912657,4
57988000,4
58127105,4
58132702,4
57909823,4
57893072,2
58015579,4
58038749,4
57884284,4
58181032,4
58089929,4
58039352,4
58092328,4
57885573,4
57981435,4
58127331,4
57891339,4
58066739,4
57891340,4
57897259,4
58024708,4
58105714,4
58094573,4
58155611,4
58089423,4
57963103,4
58146519,4
58105973,4
58134805,4
58020247,4
58052821,4
57926485,4
57969987,4
58145064,4
57902212,4
58044218,4
57884704,4
57889923,4
57982486,4
57977045,4
58000308,4
58086713,4
58038596,4
58152469,4
58043273,4
58061575,4
58177386,4
58173720,4
58060720,4
58029022,4
57963614,4
58166995,4
58130299,4
58161791,4
58182444,4
58121159,4
58107344,4
58081027,4
58086912,4
58140899,4
57985399,4
57897338,4
57900866,4
58048187,4
58179665,4
57900865,4
57898245,4
58172584,4
58120713,4
57897827,4
58129645,4
58182340,4
58095417,4
58077133,4
58012443,4
58023798,4
58177387,4
58034577,4
58138278,4
58099454,4
58110335,4
58095096,4
58143382,4
58125760,4
57896366,4
57981661,4
58157639,2
58163168,4
58176897,4
58050293,4
58060227,4
58179071,4
57900774,4
58064847,4
58075839,4
58115534,4
58005918,4
58048177,4
58181816,4
58155838,4
57981261,4
58130174,4
57904799,4
58082602,4
58068885,4
57970488,4
58018919,4
57993883,4
58106203,4
58091229,4
57897826,4
58168212,4
58152300,4
57998569,4
58076031,4
57926585,4
57898113,4
58062123,4
58184400,4
58089930,4
57912854,4
58142462,4
58040338,4
57907668,4
58126752,4
58150678,4
58032182,4
57994926,4
58173721,4
58150565,4
57903045,4
58088093,4
57872324,2
58029547,4
57905298,4
58187773,4
58181260,4
58089314,4
58163395,4
58168536,4
57999815,4
58063516,4
58073086,4
57973475,4
58039412,4
58186588,4
58187905,4
58102229,4
58189392,4
57920400,4
57935923,4
58157971,4
58124645,4
57918323,4
57915978,4
58107269,4
58093853,4
58160721,1
58112502,4
57979314,4
58011800,4
57929140,4
57960532,4
58117497,4
58162567,4
58176267,4
57918501,4
57957816,4
58044705,4
58037279,4
58134610,4
57920002,4
58148569,4
57937337,4
58003028,4
58089092,4
58091230,4
58150821,4
58070424,4
58135647,4
58156404,4
58157612,4
58084045,4
58187763,4
58005243,4
58062912,4
58106805,4
58114828,4
58089193,4
58128614,4
57913636,4
58089555,4
58087572,4
58178996,4
57911390,4
57919102,4
58151705,4
58180734,4
57911893,4
57919101,4
58113153,4
58052396,4
58123197,4
58150820,4
58088094,4
58120324,4
58007306,4
58187904,4
58183206,4
57982651,4
57930294,4
58087934,4
58179480,4
57967683,4
58124004,4
58062124,4
58162229,4
57922996,4
58121762,4
57922534,4
58135648,4
57944973,4
58072783,4
57968873,4
57889188,7
58149587,4
58151522,4
58137784,4
58167149,4
58037230,4
58116189,4
57918725,4
58087357,4
58181456,4
58165098,4
58003948,4
58015147,4
57983884,2
58086317,4
57915711,4
58026218,4
58160576,4
57925005,4
57925004,4
58059502,4
58097535,4
58078844,2
58056746,4
57924371,4
58160401,4
58016668,4
57949076,4
57972024,4
58163699,4
58081026,4
57989092,4
57926586,4
57993224,4
58171217,4
58045749,4
58171218,4
58188857,2
57923836,4
58026438,4
58189635,4
58133744,4
58052395,4
58142153,4
58150638,4
57928301,4
58074456,4
58095022,4
58064064,4
57935239,4
58050200,4
58188103,4
58046763,4
58011759,4
58138322,4
57929443,4
58052986,4
58113105,4
58157410,4
58135516,4
58013597,4
58112715,4
57943730,4
58143349,4
57936606,4
57936340,4
57933124,4
57954812,4
57993425,4
58109688,4
58119183,4
58180921,4
57996842,2
58138511,4
57994925,4
58151958,4
57912522,7
57932746,4
58114011,4
58038728,4
57928547,4
58031338,4
58111554,4
58100288,2
58144308,4
58135515,4
57932631,4
57969986,4
57975302,6
58183792,4
58186587,4
58110418,4
58063515,4
57933592,4
58069394,2
58045360,4
57944736,4
58115533,4
58069353,4
58081469,4
57944117,4
57988046,4
58183791,4
58127529,4
58119730,4
58146920,4
58178710,4
58037278,4
58102991,4
58189141,4
58148725,4
58037885,4
58026784,4
57950232,4
58146778,4
58119729,4
58102770,4
58070128,4
58047430,4
58172583,4
58168202,4
58146942,4
58120088,4
58152823,4
58075995,4
57949077,4
58127528,4
58020294,4
58086391,4
57972894,4
58004000,4
57952769,4
58003528,4
57995249,4
58136439,4
58179554,4
58153956,4
58043064,4
58033740,4
58124954,4
58085964,4
58070022,4
57956913,4
58163162,4
58166289,4
58032016,4
58031863,4
58152387,4
58107268,4
57956530,4
58181391,4
58186700,4
58115995,4
57997172,4
57967684,4
57959442,4
58120325,4
57956698,4
58189391,4
58062116,4
57992913,4
58111179,4
58143998,4
58063656,4
58024709,4
58004618,4
58093854,4
57990745,4
58015578,4
58129249,4
58052761,4
58020276,4
57966477,4
58162580,4
58130426,4
58183329,4
58091123,4
57961055,4
58091124,4
58076110,4
58182720,4
57913449,2
58034542,4
58164484,4
58138483,4
57958562,4
58182443,4
58103123,4
58162197,4
57956055,4
58167444,4
57959904,4
58118270,4
57976267,4
57961143,4
58110589,4
58012175,4
58047065,4
58125761,4
57968822,4
57964269,4
57998391,4
57970934,4
58066257,4
58180922,4
57971733,4
58029404,4
58147395,4
58047429,4
57995299,2
58151957,4
57972113,4
58055884,4
57969296,4
58099058,4
58108701,4
58184399,4
58078291,4
58188104,4
58105782,4
58069393,2
58011801,4
58011350,4
57981067,4
58047470,4
58105522,4
58125096,4
58053735,4
58011351,4
57924887,2
58185047,4
58098875,4
58000549,4
58134806,4
58187791,4
58182856,4
58020277,4
58132703,4
58184649,4
58031864,4
57982652,4
58176862,4
57992484,4
58047393,6
57985500,4
57976311,4
58113881,4
57971992,4
58070967,4
58018258,4
58133224,4
58178997,4
57981436,4
57958200,7
58102771,4
58003854,4
57987613,4
57995919,4
58162198,4
58130300,4
57982056,4
57987727,4
57982055,4
58038395,4
58030299,4
57985499,4
58163169,4
57992681,4
58118791,4
58148684,4
58165592,4
58128393,4
57992680,4
58138765,4
57995075,4
58001102,4
57995121,4
58000349,4
58043065,4
58070585,4
58028655,4
58144064,4
58146590,4
58142152,4
58130175,4
58004607,4
58087716,4
58143006,4
58000550,4
58179431,4
58179432,4
58144063,4
58000144,4
58086684,4
58189289,4
58084157,4
58148568,4
58107272,4
57996556,4
58004878,4
58004499,4
58004498,4
58149028,4
58106005,4
58006834,4
58047394,6
57997856,4
58095385,4
58154455,4
58101756,4
58007281,4
58011758,4
58015834,4
58033977,4
58013309,4
58008754,4
58078274,4
58179359,4
58047824,4
57979725,2
58150571,4
58015908,4
58097306,4
58017541,4
58098876,4
58010046,4
58021099,4
58164483,4
58018365,4
58107257,4
58148793,4
58152301,4
58167445,4
58152468,4
58024919,4
58022560,4
58128973,4
58115822,4
58070500,4
58118271,4
58024155,4
58024154,4
58020295,4
58026439,4
58113154,4
58103118,4
58179555,4
58026625,4
58179664,4
58044706,4
58057141,2
58027919,4
58081167,4
58124646,4
58095100,4
58074915,4
58189290,4
58151521,4
58041427,4
58032634,4
58044810,4
58040339,4
58067508,4
58039466,4
58030781,4
58142129,4
58047072,4
58146919,4
58046764,4
58151029,4
58106106,4
58038348,4
58051225,4
58135755,4
58047684,4
58123950,4
58144900,4
58149113,4
58097932,4
58046462,4
58087358,4
58140842,2
58110334,4
58181408,4
58063099,4
58135323,4
58153585,4
58143999,4
58083370,4
58089194,4
58105972,4
58010552,2
58158502,4
58148990,4
58161792,4
58024816,7
58066256,4
58107256,4
58059227,4
58105723,2
58065703,4
58059228,4
58062824,4
58073087,4
58070021,4
58074960,4
58186699,4
58085944,4
58075120,4
58152941,4
58068180,4
58064063,4
58070127,4
58076376,4
58080817,4
58076111,4
58074654,4
58075914,4
58072959,4
58138928,4
58128972,4
58076036,4
58092154,4
58095023,4
58127342,4
58082601,4
58103124,4
58082662,4
58187790,4
58139853,4
58083104,4
58171358,4
58179716,4
58131578,4
58092315,4
58095129,4
58179479,4
58091687,4
58095942,4
58098235,4
58097874,4
58097873,4
58094572,4
58095099,4
58187762,4
58157519,4
58082631,7
58102990,4
58099310,4
58101755,4
58091938,4
58164234,4
58110419,4
58105043,4
58160722,6
58108467,4
58153865,4
58108468,4
58100546,4
58109689,4
58119887,4
58123198,4
58126382,4
58126383,4
58123547,4
58123684,4
58123949,4
58127341,4
58163122,4
58137787,4
58135040,4
58189636,4
58129248,4
58149095,4
58100287,2
58150570,4
58142180,4
58147037,4
58142128,4
58155078,4
58154456,4
58155299,4
58163123,4
58182719,4
58176898,4
58163481,4
58184791,4
58171357,4
58181261,4
58185048,4
58180733,4
58187772,4
