"id","Cluster"
49950789,1
49953327,2
49955052,2
49950769,2
49957090,2
49955239,1
49958172,2
49953958,2
49956760,1
49953328,2
49956296,1
49953684,1
49953638,1
49953393,1
49954342,2
49956179,1
49952559,2
49956759,1
49956729,2
49962584,2
49951924,2
49959207,1
49962212,2
49965553,1
49953944,2
49967230,1
49956811,1
49955779,2
49962983,2
49968551,1
49963169,2
49965206,1
49959897,2
49969732,1
49972600,2
49954707,2
49956812,1
49962583,2
49972570,1
49957338,2
49969931,2
49950770,2
49970060,1
49962778,2
49974092,2
49954529,2
49962835,2
49968498,1
49975674,1
49962777,2
49967419,1
49955051,2
49975675,1
49958325,2
49974805,1
49967064,2
49950814,2
49979548,1
49951231,1
49955240,1
49973238,2
49959651,2
49977881,2
49972571,1
49982144,1
49959035,1
49952558,2
49981434,2
49956779,1
49975069,2
49954045,1
49980508,1
49967106,2
49962836,2
49956353,2
49981104,1
49953794,1
49984028,1
49980773,2
49978046,3
49956297,1
49956128,1
49983741,1
49978285,2
49952035,2
49967691,2
49984290,3
49967063,2
49984440,1
49968005,1
49981789,2
49986393,1
49965999,2
49953957,2
49986053,2
49976061,2
49965475,2
49967418,1
49977726,1
49973385,1
49986295,1
49982094,1
49956334,2
49953685,1
49962095,2
49967538,2
49988326,1
49976228,2
49965566,1
49961622,1
49974130,2
49970059,1
49978283,2
49986562,2
49978286,2
49960844,1
49980277,1
49978792,2
49986054,2
49952884,1
49983343,1
49965893,1
49981105,1
49988325,1
49977510,2
49988545,2
49966678,2
49970476,2
49955826,1
49962658,1
49986605,2
49974129,2
49991812,1
49981788,2
49967105,2
49954341,2
49976714,2
49987923,1
49986685,2
49959139,1
49992346,1
49984038,2
49955317,1
49988765,1
49987226,1
49987256,2
49975244,2
49985060,2
49964730,1
49962096,2
49953030,2
49980507,1
49985997,1
49954407,1
49973491,1
49965572,1
49950788,1
49994665,2
49984027,1
49980161,2
49978423,2
49952885,1
49953070,1
49995279,2
49991633,1
49976062,2
49973538,1
49957510,1
49976572,1
49986561,2
49952000,1
49983805,1
49984219,2
49997370,1
49956319,1
49963170,2
49996144,1
49971615,1
49958598,1
49966409,2
49983017,1
49995559,2
49998433,1
49973510,1
49987412,1
49991811,1
49992005,2
49950815,2
49992089,2
49999436,1
49952450,1
49983060,2
49984218,2
49961557,2
49987360,2
49984927,2
49992118,2
49998896,2
49967468,1
49980162,2
49992343,1
49952656,2
49986819,2
49984223,2
49994684,1
49953555,1
49965894,1
50002065,2
49991058,2
50002844,2
49965571,1
49970049,2
49992006,2
49966023,2
50000514,1
50005098,2
49988656,2
49984301,1
50000831,3
50000832,3
49954080,1
49973428,1
49983590,1
49959898,2
50004021,1
50003086,2
49956501,1
49996283,2
49991065,2
49958171,2
49966710,1
49958694,1
49995560,2
49973537,1
49998434,1
49954530,2
49982236,2
50006844,1
49976542,1
49959057,2
50003087,2
49956569,1
49959331,2
49951274,1
50003386,2
49969704,2
50002845,2
49966000,2
50006880,1
49959279,2
49970050,2
49999437,1
49973368,1
49958744,2
49951655,2
49992055,2
49960058,1
49962984,2
49994749,1
49982145,1
49958346,1
49989625,2
49995651,1
50003801,2
49956129,1
49980774,2
50002916,2
49951656,2
49956178,1
50004359,2
49997888,1
49954618,1
49987255,2
49990175,1
49986243,1
49968006,1
50001207,1
49956135,1
50002915,2
50012397,1
49953556,1
50007132,2
50003427,2
50011732,2
50008021,3
50008191,2
49964116,1
49972523,1
49979220,2
49986386,1
50015195,1
50003008,2
50008639,2
50010796,1
50016622,1
49953309,1
50008391,2
50015201,2
49993562,2
49979549,1
50004833,2
50007507,1
49981215,1
50011733,2
49988879,2
49987154,1
49950506,2
50000091,2
49983591,1
50009655,1
50017936,2
50014013,1
50009619,1
49983772,2
50004307,1
50014148,2
50013216,1
49999944,1
50016473,1
50012063,1
49954617,1
49973492,1
49989142,2
50000275,2
50009631,2
50001643,2
50009921,2
49990749,1
49955395,1
49965086,1
49955912,1
49966709,1
49992564,1
50012062,1
49984568,1
49997271,2
50008392,2
49962657,1
50011315,1
49964729,1
49959332,2
49979682,2
49978467,2
49967690,2
49981435,2
49962490,1
50017841,1
50021020,2
50015838,2
49984291,4
50022899,2
50022965,1
49984840,1
49957001,1
50009669,2
50017840,1
49950933,2
49980973,2
50020655,2
50000276,2
49993561,2
49953071,1
49973282,1
50022885,2
50014753,1
49994476,1
50014772,1
50008306,1
49956184,2
49994666,2
50012379,2
50009745,1
49982677,1
49973236,2
49970484,2
49956728,2
50009515,2
49997272,2
49982158,2
49974365,1
50010281,2
50008094,1
50009042,1
49976227,2
49976580,1
49984037,2
49993959,2
49953893,1
50002342,2
49972380,1
49990176,1
50022964,1
50022134,2
49984911,2
50020656,2
50020526,1
49972742,2
49990750,1
50016984,2
49959252,1
49966677,2
50022764,1
49964115,1
49999834,2
50016474,1
50000023,1
49984567,1
49984705,1
50024931,1
50025028,2
50016875,2
50025024,2
50004942,2
50024015,2
49980150,1
49958347,1
49992506,2
49954044,1
50031082,1
50002343,2
49987359,2
49984439,1
50011225,2
49978185,1
49988079,1
49968499,1
49964659,4
50021034,1
49955318,1
50024576,3
50017332,1
50024676,2
50022074,2
49958993,2
49965554,1
50031734,2
49982371,1
49968782,1
50027914,1
50008657,2
50033501,3
49960748,1
50031081,1
50024675,2
49995278,2
50023021,1
50024793,1
49976573,1
49998587,1
49968726,1
50016719,2
49997714,1
49968633,1
49994881,2
50030672,1
50027913,1
49997715,1
50019738,1
49996606,2
50024014,2
50032313,2
50021155,1
49960710,1
49955494,1
49956780,1
49973351,1
49975070,2
49980703,2
50009296,1
49965476,2
50024754,2
50009295,1
50034092,2
49975376,2
50013834,2
50034377,2
49987645,2
49986294,1
49984839,1
49961558,2
50009630,2
49967231,1
50005790,1
49983806,1
50018438,2
50035037,1
49996605,2
50018931,2
50036300,2
49970477,2
49991066,2
50022621,1
50008969,2
50009046,1
49967790,1
49969356,1
49969892,1
49986387,1
50014725,2
50034091,2
50009920,2
50024982,2
50034538,1
50014185,2
50016983,2
50033472,1
50006089,2
49977131,1
49977079,1
50035038,1
50019889,2
49988749,2
49991323,2
49986109,1
49951232,1
49972381,1
49984333,1
50036621,1
49986244,1
50022105,2
49989894,2
49965349,1
50035916,1
49982125,2
50022073,2
49967212,1
50033190,1
49982370,1
49981216,1
50036166,2
49991028,2
49962213,2
49980278,1
50003426,2
49955493,1
49959691,2
50017331,1
49967844,1
50039332,1
49978793,2
49991897,1
49981756,1
49965350,1
50030411,2
49969930,2
50031832,2
50031833,2
49992117,2
49970351,2
49999025,2
49953795,1
49954079,1
50036494,1
50033748,3
49973281,1
50022886,2
50032816,2
50032817,2
50008093,1
49988489,1
49978118,2
50004022,1
49987225,1
49950957,1
50005802,1
49957000,1
50037152,1
49986686,2
49960709,1
50019603,1
50036159,2
50036160,2
50038937,2
50037816,2
50040425,1
50032098,2
50004408,2
49994034,2
49974366,1
50029930,1
50042313,1
50041364,1
50020561,2
49976922,2
50039689,1
50037151,2
50031652,2
50009668,2
50000282,2
49981318,1
50039119,2
49966519,2
49984224,2
50010797,1
50042095,2
50042127,2
49973387,2
49989893,2
49981627,2
49973388,2
50022053,1
50044128,2
50033067,1
50003120,1
50026109,2
49968326,1
50006100,2
49985566,1
49973274,2
49999835,2
50008038,1
50041095,2
50014899,2
50003802,2
50042393,1
50035988,1
50037284,1
49979683,2
49996379,2
50043125,2
50027082,2
49967469,1
50000543,2
50043379,2
50040861,2
50021528,1
50029640,2
49997983,4
50033682,1
49983344,1
49994683,1
49973386,1
49983771,2
50037049,2
50033068,1
49957509,1
49968234,1
50037193,2
50008578,2
50000424,1
49977003,1
49996380,2
49956303,2
50043122,2
50043264,2
50039120,2
49973239,2
50040797,2
50036531,1
50047809,1
50022165,1
50000092,2
50041365,1
50039753,1
50031478,1
49984912,2
49985059,2
50041504,2
49956333,2
50029350,1
50043380,2
50043555,1
50022771,2
50021740,2
50042089,3
50046509,2
49986110,1
50049451,1
49991710,1
49969814,1
49994475,1
49978184,1
50047886,1
50044154,2
50044155,2
50026108,2
50011126,2
49981891,2
49983742,1
50038938,2
50035968,2
50044485,2
50001644,2
50048624,1
50026753,2
49979972,2
49984334,1
49991709,1
50042314,1
50027538,2
49976461,2
50047169,2
50031735,2
50041636,2
50033375,1
49983269,2
50002454,1
49986209,2
49988878,2
49953346,1
50041398,1
49997598,2
50009618,1
50042460,1
50042459,1
49985252,2
50006843,1
49974104,1
49965565,1
50036228,2
49998983,1
49975760,1
50033594,1
50018437,2
50021746,1
50021741,2
50040798,2
50039331,1
50047642,1
49984279,1
50025575,1
49962302,1
49988584,2
50019124,1
50024818,1
50035722,4
50036797,2
49991761,2
50015194,1
49981078,2
49960932,2
49969357,1
50010563,1
50003385,2
50032310,2
49967539,2
50046579,2
50022898,2
50010823,1
49953392,1
50009509,2
50052339,2
50022004,4
50046964,2
49959056,2
49961775,2
50019352,2
50001444,1
49990565,2
50047168,2
50006754,1
50033480,2
50055410,2
50003073,2
50048808,2
50023836,2
49985454,1
50006090,2
50054618,1
49999549,1
50054832,1
50041096,2
50055883,2
50050311,3
50000886,1
49961776,2
50050506,1
50020417,1
49989143,2
50045412,1
50001197,1
50042423,1
50041573,2
50042424,1
49998588,1
50052644,2
49988080,1
50003074,2
50008579,2
49970344,1
50055683,2
50055882,2
50057644,3
50036840,2
50027537,2
50014773,1
50047808,1
49961621,1
50016563,1
50042394,1
50050896,1
50057979,1
50023837,2
50046002,1
49968550,1
50030890,1
50054742,2
49984161,2
49973199,1
50054619,1
50032561,1
50057643,3
50039327,1
50044886,2
50054936,2
49963806,1
50053118,1
49986353,4
50047888,2
49991779,1
49984624,1
50035723,4
50055306,1
50044245,2
50055307,1
50055346,2
50014014,1
50034489,1
50043227,2
50046003,1
49960813,2
50043121,2
50003007,2
50057127,1
50007774,2
49951273,1
50053117,1
50022003,4
50022135,2
50035860,1
49962668,1
49957101,2
50038575,2
50049784,2
50011318,2
50026069,2
50011095,1
50012222,1
50052645,2
49982124,2
49960759,2
49994033,2
49995072,2
50004681,2
50021021,2
50058441,2
50021676,1
50055904,1
50008022,4
50002602,1
50038195,2
49985453,1
49986354,4
50022186,1
49962524,2
50014752,1
50058889,1
50057872,1
50057980,1
50049785,2
49975568,1
50006101,2
49964660,4
50044484,2
50061092,2
49989624,2
50044684,2
50007773,2
50014754,1
49954408,1
50046867,2
50022185,1
50056341,2
49951999,1
50020314,1
49992065,1
49981757,1
50061908,2
50016661,2
49959253,1
50033293,1
50043126,2
50021058,1
50007257,2
50014147,2
49975669,1
50037843,2
49980463,1
49974806,1
49984278,1
50060331,3
50039368,1
50039303,2
50024638,2
50036570,2
50003944,2
50038499,1
49959036,1
49952005,2
50012223,1
50037150,2
49982159,2
50021059,1
50052669,2
50036229,2
49992475,2
50054093,1
50037844,2
50018342,1
50057062,2
50050312,3
50014592,2
50060178,2
50058606,2
50063229,2
50053280,1
50036796,2
50050590,1
50016621,1
50020675,2
50030410,2
50020697,2
50060816,1
50011226,2
50054092,1
49952036,2
50054398,1
49981319,1
50019890,2
50053011,2
50062940,1
50061164,2
50026776,1
50066807,2
50038196,2
49999945,1
49992565,1
50066042,2
49953419,2
49969891,1
50048160,1
50066192,1
49972599,2
50049597,1
50022469,2
50004612,2
49960933,2
50057128,1
49992507,2
50042088,4
50063228,2
49973509,1
50058769,2
50014649,1
50046857,2
50041580,1
50061997,2
50064652,1
50062065,2
50012481,2
49956134,1
49990320,1
50035969,2
50060817,1
50034523,1
50048441,1
49952451,1
50044330,2
50054399,1
50066640,2
50011363,2
50008820,2
50065512,2
50048996,2
50038227,2
50005099,2
50066806,2
50038228,2
50036622,1
49998067,2
50014898,2
50014648,1
49997371,1
50024817,1
50002811,1
50025937,2
50050447,1
50000495,1
50020562,2
49986547,1
50035951,1
50009744,1
50066495,2
50036299,2
50066559,2
49977002,1
50057168,2
50017165,2
50016874,2
50066639,2
50060393,2
50047641,1
50046858,2
50058875,1
50030232,1
50019353,2
50005801,1
50006879,1
49998743,1
50000389,1
50071217,2
49992347,1
50060394,2
50055911,1
50068642,1
50038576,2
49976343,1
50056622,1
50058094,2
50043228,2
50054240,2
50070823,2
49973200,1
49990917,1
50021529,1
50063154,1
50066895,2
50072423,1
49972241,2
49990372,2
49987924,1
50072587,2
50053487,1
49982095,1
50057958,2
49954543,1
50070131,2
50070195,2
50033294,1
49973627,2
50051138,2
50061996,2
49968632,1
49996240,1
50011502,1
50070822,2
49970345,1
50014425,1
49966520,2
49983270,2
50072464,2
49969696,1
50027559,2
50066558,2
49992056,2
50000544,2
50070609,2
49999548,1
50047344,1
49980149,1
50072422,1
50066886,2
50005679,1
50027560,2
50020666,2
50072977,1
49956318,1
50030371,2
50037163,1
50052445,2
49978284,2
50071959,2
50072073,1
50006303,1
50051354,2
50007508,1
49952657,2
49999430,1
50011631,2
50044885,2
50074083,2
50074154,1
50002194,1
50011863,1
50066014,2
50024575,4
50072395,2
50042131,2
50041202,1
49977727,1
49981624,2
50058710,2
50057911,2
50047889,2
49987411,1
50014755,1
50071652,2
50046884,2
50011125,2
50057959,2
50035952,1
50070608,2
50065173,2
50037469,1
50062573,2
50066578,2
50076385,2
50052039,1
50038319,1
50011862,1
50049452,1
49978047,4
49956213,2
50049596,1
50072976,1
50063492,2
50064670,2
50022106,2
50008640,2
50001206,1
49990918,1
50034567,1
50004409,2
49996016,1
50080311,2
49953892,1
49990977,1
50025496,1
50010896,1
50079695,3
50055857,2
50055856,2
49973350,1
50064532,2
49992657,2
50040047,1
49996143,1
50071823,2
50028944,1
49996015,1
49996727,2
50071958,2
50033473,1
50061093,2
49993949,2
50072134,2
50013259,2
50071010,2
50054833,1
50066043,2
50021747,1
50077928,2
50055117,1
50031477,1
50006753,1
50039868,2
50053879,1
49974091,2
50012378,2
50000494,1
50000194,1
49988583,2
50080436,2
50008937,1
49970491,1
50076589,2
50008938,1
49994589,2
49953308,1
50055118,1
50082673,2
49976581,1
50045997,1
50025025,2
50083023,2
50062226,2
50076508,1
50054457,2
50077696,1
50009047,1
50025574,1
49997288,2
50024794,1
50002812,1
50050507,1
50042608,1
50020313,1
50049608,2
49960057,1
50075561,1
50020525,1
50064671,2
50043039,1
50065100,1
50043263,2
49983358,1
50042094,2
50024193,1
50032462,1
50038437,1
49980269,1
50041282,2
49995652,1
50063370,1
49969733,1
49952006,2
50075688,2
50012396,1
49975777,1
50077446,2
50051438,2
50036167,2
50061069,2
49950958,1
50051541,1
49955396,1
49995305,2
49985998,1
50018932,2
49975375,2
49969813,1
50013835,2
50063380,1
50057802,2
50069958,1
50070196,2
50034566,1
49959140,1
49997666,1
50072024,2
49984106,1
50057061,2
50084817,2
50005300,1
50019123,1
49983059,2
50009121,1
50035712,2
49995545,2
49972522,1
50063379,1
50066044,2
50081100,2
50056258,2
50070004,2
50078558,1
50083024,2
49971614,1
50062477,1
50018311,1
50036409,1
50022772,2
50080437,2
50046578,2
49997886,1
50050384,1
50024599,1
50063285,1
50035711,2
49962491,1
50038500,1
50055192,2
50050895,1
50031333,1
50075350,1
49976923,2
50060644,1
50081050,2
50046868,2
50055193,2
49968783,1
50020500,2
50001819,1
50051137,2
50011282,1
50089967,2
50069363,2
50083131,2
50032463,1
49960747,1
50009043,1
50087855,1
50031084,2
49988913,2
49958599,1
50067254,2
50012480,2
50034490,1
50089547,1
50041635,2
50060784,2
50088573,1
49990978,1
50016012,2
50039133,2
50036243,2
50013217,1
50032744,1
50068955,1
50011094,1
50007131,2
50020418,1
50092291,1
50031200,2
50070258,1
50058192,2
50029276,1
50088468,2
50091274,2
50052668,2
50004613,2
50033376,1
49978326,1
50083132,2
50032954,1
50040765,1
50022620,1
49970431,1
49959866,2
49981626,2
50088110,1
50081040,2
50053488,1
50055221,2
50079983,2
50060900,2
50040048,1
49994817,2
50064653,1
50064948,1
50066577,2
49985251,2
50011632,2
49997887,1
50044644,1
50084898,1
50063155,1
50039132,2
50079774,2
50020676,2
50093782,1
50017757,1
50089461,2
50094963,2
49990566,2
50091038,2
50092322,2
50058095,2
50030673,1
49955184,1
50038283,1
50046582,1
50093383,1
50082522,2
50066108,1
50014697,2
50016564,1
50048166,2
50083058,1
50097013,2
49980464,1
50071218,2
50085181,1
50066912,2
50000816,2
50097165,1
49999839,1
50038532,2
50066310,2
49980965,2
50063371,1
50083820,1
50011362,2
50092323,2
50053332,1
50014696,2
49992247,1
50081572,2
50036149,1
50032099,2
50024115,1
50032311,2
50049182,2
49996344,1
50025599,2
50094381,1
50079707,2
50079773,2
50011885,2
50046885,2
50001196,1
50063491,2
50008307,1
50033909,1
50086500,2
50039688,1
50088355,1
50060899,2
50060783,2
50080177,2
49986079,1
50000817,2
50060332,4
50066913,2
50079686,1
50042091,1
50058605,2
49987267,1
49981890,2
50022054,1
50063352,2
50088203,1
49990319,1
50041572,2
50050830,2
50084147,2
50069220,1
50038881,2
50089966,2
50026185,2
50048809,2
50016913,2
50036217,1
50071065,2
50027081,2
50076590,2
50077695,1
50097014,2
50102555,3
50000621,1
50043738,1
50066887,2
50063284,1
49959504,1
50060467,1
50039241,1
49991324,2
50072465,2
50053281,1
50058711,2
50023020,1
49967211,1
50089460,2
50094809,1
50059214,1
49997416,2
50096378,2
50081099,2
50030372,2
50102074,2
50089546,1
50018312,1
49983828,1
50054254,1
50047496,2
50096924,2
49986694,1
50002195,1
50033749,4
50091539,2
50088153,2
50064447,1
50101870,2
50070003,2
50096532,2
50003973,2
50092463,2
50044456,1
50102072,2
50097722,2
50010120,1
49999195,2
50001731,1
50005299,1
50055684,2
50017261,1
50052141,1
50024600,1
50003382,2
50016553,1
50096379,2
50086290,1
50071706,1
50034338,1
50101895,1
50068954,1
49997471,1
50093781,1
50103307,2
50005791,1
50102073,2
50103306,2
50004295,1
50045996,1
49970350,2
50105293,1
50101683,2
50099023,2
50093414,2
49958695,1
50072586,2
50058768,2
50083760,1
50017756,1
50064324,1
49983829,1
49975569,1
49983018,1
50102554,3
50101737,2
50058578,1
49986820,2
50108190,2
50008968,2
50055960,2
49968325,1
50064325,1
50014894,1
50067347,2
49997472,1
49986606,2
50022353,1
50089767,1
50096740,2
50036216,1
50102255,2
50022310,1
49955780,2
49999431,1
50093218,1
50108191,2
50105328,2
49981625,2
50009120,1
50055961,2
50031432,4
50041463,1
50000022,1
49983553,1
50037190,2
50104639,2
50100490,1
50075687,2
50013991,1
50096576,2
50107640,2
50076386,2
50105182,2
50106754,1
50084816,2
50095619,2
50002064,2
50002455,1
50104121,2
50099876,2
50088042,2
50068735,1
50108154,2
50013258,2
49955818,2
50089053,2
50024814,2
50088291,2
50051041,1
50037470,1
50085452,1
50096577,2
50058103,1
50091037,2
50062064,2
50080202,2
50102254,2
50058193,2
50065172,2
49996372,1
49992342,1
50066496,2
50106333,1
50076343,1
50024192,1
50029447,2
50040862,2
50107894,1
50046220,1
50098661,2
50074153,1
50104406,2
50060226,1
49953814,1
50087795,1
50105310,3
50096282,2
49986392,1
49984623,1
50101873,1
50061564,1
50036841,2
50108313,2
50068930,2
50035989,1
50046965,2
49955183,1
49997415,2
50055152,2
50097870,2
50063659,4
50097740,2
50107583,2
50033502,4
49975668,1
49986693,1
50057167,2
50024259,1
50068561,2
49985565,1
50080316,2
49996239,1
50095618,2
50074084,2
50104120,2
49959561,1
50068736,1
50047504,4
50102674,2
50104373,1
50093382,1
50057692,1
50060630,2
50009510,2
50111314,2
50050829,2
50064630,1
50111313,2
50088202,1
50054083,1
50008745,1
50109262,2
50103615,2
50095462,2
50035250,1
49994153,2
49987153,1
49970430,1
50064206,1
50025816,1
50014895,1
50056342,2
50101962,1
50070132,2
50114191,2
50041462,1
49994802,2
50037283,1
50107625,2
50061218,1
50114835,1
50114888,2
50029652,1
49986080,1
50021677,1
50040697,1
50024258,1
50071596,1
50016554,1
50030233,1
50081039,2
50089127,2
49983552,1
50078475,1
50099146,1
50033151,1
50064949,1
50050976,1
50034654,1
50004308,1
50116071,2
50039882,2
50071066,2
50081571,2
50040698,1
50017053,1
50026818,1
50098376,1
50085828,2
50074957,1
50079664,1
50054812,1
50068301,2
50036530,1
50052040,1
50050408,1
50000887,1
50078016,2
50042215,2
49971025,2
50105741,2
50025970,4
49979096,2
50078587,2
50029277,1
50111483,2
50113233,1
50040923,1
50113203,2
50008746,1
50114834,1
50114942,2
50017260,1
50087595,2
49971792,1
50016011,2
50053069,2
50003381,2
50079789,2
50034208,1
50025815,1
50035813,1
50060649,1
50111484,2
50113071,2
49992246,1
50077447,2
50113197,2
50063846,2
50067348,2
50055409,2
50117328,1
50087053,1
50112188,2
50019602,1
50114889,2
50025357,1
50115057,2
50097166,1
50093415,2
50112762,2
50119162,1
50086316,1
50064542,1
50048145,1
50066290,2
50043040,1
50061909,2
50042607,1
50109211,1
50109395,1
50106788,2
50057361,1
50025639,2
49993950,2
50082242,1
50096283,2
50048161,1
50083896,2
49976715,2
50104640,2
49984706,1
50022354,1
50022166,1
50026754,2
50065014,1
50117327,1
50078578,1
50121458,1
49998984,1
50113286,2
50118841,1
50079095,2
50070502,1
50025640,2
50047415,2
50116384,1
50115540,2
49956185,2
50050975,1
50034207,1
50086430,1
50114190,2
50075702,1
50049899,2
49984928,2
50034655,1
50001732,1
49993944,2
50113258,1
49975778,1
50047345,1
50072133,2
50112187,2
50118032,1
50041201,1
50049181,2
50042165,1
49995591,2
50086462,1
50041341,1
50070295,1
50064533,2
50107342,2
50105767,1
50063534,1
50125311,1
50044329,2
50019775,2
50116145,2
50029351,1
50110508,2
50116072,2
50085829,2
50118827,2
50095463,2
49978852,2
49970492,1
50075072,1
49987268,1
50123912,2
50108495,1
50115720,1
49987646,2
50086723,2
50037262,1
50081918,1
50080178,2
50005680,1
50024981,2
50110446,2
50121453,2
50000620,1
50020667,2
50043535,1
50084872,1
50070503,1
50038284,1
50127322,1
50104133,2
49959652,2
50068641,1
50119137,1
50039754,1
50049607,2
50068931,2
50120196,1
50116146,2
50098250,1
50058165,2
49956500,1
50079176,1
50124322,2
50109510,1
50110904,2
50115217,2
50116427,1
50119138,1
50082385,1
50105309,4
50112648,2
50050385,1
50112764,2
50105714,2
50104716,2
50069161,2
50125310,1
50113048,1
50076039,1
50119926,2
50121497,2
50073000,1
50000261,1
50074694,2
50117644,2
50110504,1
49953637,1
50040426,1
50088469,2
50033593,1
50043147,1
50093248,1
50083462,2
50054743,2
50104478,2
50002603,1
50009103,2
50033817,2
50070214,2
50062093,2
50086301,1
50124886,1
49994801,2
50033910,1
50091974,1
50056499,1
49954466,2
50122580,1
50100269,2
50073183,1
50110509,2
50113198,2
50036120,1
50110447,2
50007258,2
50129792,1
50127110,2
50084907,2
50073856,1
50112346,2
50127321,1
50080643,2
50093308,1
49978117,2
50090799,1
50089052,2
50101869,2
49957209,2
50050446,1
50107404,1
50124934,1
50034337,1
49982237,2
50105670,1
50082919,1
50041581,1
50004943,2
50073184,1
49999038,1
49950934,2
50121632,2
50049979,1
49953031,2
50129903,2
50106753,1
49955336,2
50055809,2
50075037,1
50022765,1
50052142,1
50071595,1
50105669,1
50041397,1
50096533,2
50013837,1
50122437,1
50035915,1
50106101,1
50075663,1
49997599,2
50091273,2
50003119,1
50048995,2
50125846,1
50087594,2
49999194,2
50003621,1
50107343,2
50118424,2
50006875,2
50130369,2
50130618,2
49983616,2
50078559,1
50010382,2
50124357,2
50109210,1
50041972,1
50129902,2
50048928,2
50079118,1
50130059,2
49981249,1
50032955,1
50060466,1
50110071,1
50093728,2
50086499,2
49994590,2
50061068,2
50053503,2
50034703,1
50020668,2
50103614,2
50128278,1
50036464,1
50124258,1
50134073,1
49974103,1
49991057,2
50043355,2
50069707,2
49959696,2
50129149,1
50112503,2
50132133,1
50132168,1
50086461,1
50115727,2
50094745,1
50101900,1
50107324,2
50119648,2
50075701,1
50081440,1
50034539,1
50004570,1
49971793,1
50118979,1
50014424,1
50037867,1
50040815,1
50132773,2
50051564,2
50135708,1
50079708,2
49967843,1
50043737,1
50075253,2
50130377,2
50041267,1
50038533,2
50116725,2
50093679,2
50097741,2
50082672,2
50113047,1
50096484,1
50022371,1
50118602,1
50088555,2
50044455,1
50084725,1
50127111,2
50051542,1
50101361,1
50043556,1
50112502,2
50053068,2
50091712,1
50067109,2
50099054,1
50138722,1
49998895,2
50050640,2
50122323,1
50126694,3
50099145,1
50066291,2
50089766,1
50045413,1
50035861,1
50132617,2
50131286,2
50065015,1
50124358,2
50127122,2
50091538,2
50102427,1
50134254,2
50024382,1
50087728,1
50082345,1
50121839,2
50040958,2
50060631,2
50013838,1
50036150,1
49954544,1
50086724,2
50075546,2
50056621,1
50088599,1
50124321,2
50118836,1
50134123,2
49980964,2
50091344,1
50065628,1
49958745,2
50039326,1
50034916,1
50109879,1
50121066,1
50140314,2
50068840,2
50063287,1
50101841,1
50135829,2
50064543,1
50055420,1
50093680,2
50113187,2
50122579,1
50073509,1
50019737,1
50034620,2
50068114,1
50047503,4
50065629,1
50131708,2
50090521,1
50086079,2
49997289,2
50111090,1
50115541,2
50140315,2
50063286,1
50111091,1
50061565,1
50063366,2
50101901,1
49968233,1
50078650,2
50121498,2
50036362,1
50075941,2
50025525,1
50022548,1
50065559,1
50039284,2
50068562,2
50062941,1
50123472,2
50129148,1
50066015,2
49980270,1
50080709,2
50069797,2
50113697,2
50133025,2
50066045,2
50057912,2
50113742,1
50126561,1
50085412,1
50145966,1
50104545,2
50089088,1
50129451,2
50144428,1
50100390,1
50071771,1
50139206,1
50003194,1
50075942,2
50143561,2
50039046,2
50062469,2
50010121,1
50084899,1
49969705,2
50087693,1
50044760,1
50076974,2
50119130,1
50038438,1
49957210,2
50132988,2
50135746,2
50031334,1
50031431,4
50144429,1
49951923,2
50147188,1
50086429,1
50118673,1
50063658,4
50133663,1
50031563,2
50100531,2
50117176,2
50033152,1
50127102,2
50131409,1
50127123,2
50041973,1
50003974,2
49954465,2
50041268,1
50067110,2
50138723,1
50050703,2
50115726,2
50136139,2
50104747,2
50092046,2
50114387,2
50132460,2
50037261,1
50089874,1
50029929,1
50072072,1
50032560,1
50142483,2
50093219,1
50146716,1
50075184,2
50121892,1
50143979,2
49979497,2
50125101,1
50089126,2
50041503,2
50051042,1
50013992,1
50096643,1
50028067,1
50020827,2
50137970,1
50080139,1
49994167,2
50118842,1
50149032,1
50048927,2
50142484,2
50068302,2
50068382,2
49963805,1
50088971,2
50082457,2
50140288,2
50033812,2
49999838,1
50118289,1
50101896,1
49975243,2
50111065,1
50071651,2
50062092,2
50124950,1
50116704,1
50024753,2
50143284,1
50122754,1
50117175,2
50128344,2
50131415,1
50149146,2
50022372,1
50087449,2
50124634,2
50003533,1
50090520,1
50145731,2
50140069,2
49995304,2
50132987,2
50075349,1
50003943,2
50058888,1
50123824,1
50071647,1
50108312,2
49962667,1
50151315,2
50146727,2
50082879,1
50070257,1
50126755,2
50091975,1
50055421,1
50082826,1
50140671,1
50150317,1
50083101,2
50139205,1
50142080,2
50026775,1
50147728,2
50114491,4
49996345,1
50097871,2
50143560,2
50017054,1
50075073,1
50130035,2
50068325,2
50130185,4
50090482,1
50088043,2
50135747,2
50121067,1
50146726,2
50149782,2
50097690,2
50094744,1
50149865,2
50080138,1
50084243,1
50132459,2
50081863,1
50110694,1
50054813,1
50039242,1
50087584,1
50121838,2
50087794,1
50102673,2
50091667,1
50110905,2
50145730,2
50152242,1
50096483,1
50124935,1
50037194,2
50123873,2
50149864,2
50130778,2
50059215,1
50113070,2
50105958,2
50136765,2
50077517,2
50043148,1
50030891,1
50040816,1
50121893,1
50011884,2
49965798,2
50078017,2
50143980,2
50118423,2
50152439,2
50037164,1
50135828,2
50154272,2
50140554,2
50128444,2
49996728,2
50118883,1
50125930,2
50065101,1
50087854,1
50008037,1
50112763,2
50080646,1
50024815,2
50104546,2
50068841,2
49978123,2
50149673,2
50130376,2
50130368,2
50138793,2
50063367,2
50104829,1
50062038,1
50001445,1
50130619,2
50129837,2
50155826,2
50077417,2
50107639,2
50127103,2
50088572,1
50034702,1
50084749,1
50084724,1
49978424,2
50104132,2
50117566,1
50124635,2
50060225,1
50105327,2
50134851,1
50126774,1
50107397,1
50121328,2
50146965,1
50064631,1
50027697,2
50154310,1
50081049,2
50130921,1
50119988,2
50151804,1
50062476,1
50140819,1
50115058,2
50061955,2
50079119,1
50025377,1
50051563,2
50116191,1
50083100,2
50159040,1
50082386,1
50082241,1
50035875,2
50025824,1
50063351,2
50085413,1
50101874,1
50058102,1
50138866,1
50105768,1
50122324,1
50107626,2
50076507,1
50160056,2
50109263,2
50080317,2
50058166,2
50037868,1
50134253,2
50135518,2
50084873,1
50128901,1
50159019,1
50116383,1
50117910,1
50110936,1
50110130,1
50020826,2
50025109,2
50138962,2
50072870,1
50155827,2
50094135,2
50029653,1
50036119,1
50148368,1
49988912,2
50009102,2
50140070,2
50025600,2
49991634,1
50152241,1
49986546,1
50123961,1
50066193,1
50002869,2
50072871,1
50000262,1
50100714,1
50130923,2
50162583,1
50048516,1
50150318,1
50164359,1
50036465,1
50118898,2
50093249,1
50145326,1
50154716,1
50028187,2
50113574,1
50011815,2
50163339,1
50035812,1
50144247,2
50080782,2
50105742,2
50081454,1
50154271,2
49955335,2
50110383,2
50133316,1
50114308,2
50047887,1
50064924,1
50069219,1
50034621,2
50082816,1
49965085,1
50162840,2
50164360,1
50095528,2
50036021,2
50137041,2
49988490,1
50073855,1
50054411,1
50146717,1
50154963,1
50077927,2
49956827,1
49988750,2
49958994,2
50119649,2
50113808,1
50165121,1
50132134,1
50159708,2
50155231,2
50124977,2
50138792,2
50162502,1
50110131,1
50114309,2
50084146,2
50101961,1
50162582,1
50141661,1
50061954,2
50071824,2
50162677,2
50131287,2
49991196,1
50116190,1
49982486,1
50040942,1
50105073,1
50143840,1
50079696,4
50152181,2
50013186,1
50048874,2
50129041,2
50112760,1
50108494,1
50113858,2
50154116,1
50134933,2
50135910,2
50122438,1
50092290,1
50160960,1
50159832,2
50135099,1
50155678,1
50089831,1
50129836,2
50166981,1
50142079,2
50166990,2
50153633,2
50107031,2
50048959,2
50112345,2
50143839,1
50126458,2
50164934,2
50050253,2
50063845,2
50131948,2
50015180,2
50124951,1
50062039,1
50124887,1
50079834,1
50083821,1
50019517,2
50088106,1
50094808,1
50007035,1
50025938,2
50134019,1
49996432,1
50000390,1
50039867,2
49956354,2
50160057,2
50154787,2
50090634,2
50145127,1
50079685,1
50159041,1
50085180,1
50083463,2
50090798,1
50113878,1
50108557,1
50067253,2
50074398,1
50133936,2
50108556,1
50133554,1
50100836,2
50028066,1
50149099,2
50106829,1
50088394,1
50130060,2
50150792,1
50170267,1
50079570,2
50156350,1
50168589,2
49984300,1
50115402,4
50076973,2
50011814,2
50167792,2
50006876,2
50160674,1
50166397,1
50125100,1
50113743,1
50132364,1
50166626,2
50166520,2
50152969,2
50071705,1
50092446,1
50137971,1
50103820,1
50159997,2
50048517,1
50118837,1
50132458,2
50172611,1
50142109,2
50044814,1
50128443,2
50088554,2
50123481,2
50055912,1
50077107,2
50123823,1
50154039,2
50154117,1
50159647,2
50121079,1
50057873,1
50126773,1
50147189,1
50144200,1
50140543,2
50121407,1
50029641,2
50114386,2
50122281,1
50105990,2
50075491,1
50122477,2
50069394,1
50034378,2
50096651,2
50166725,1
50019516,2
50154526,2
50167264,2
50172644,1
50162926,2
50160220,2
50055905,1
50027089,1
50050256,1
49955817,2
50044244,2
50155050,1
50152413,1
50133315,1
50159760,1
50044389,1
50104830,1
50169291,2
50088292,2
50095214,1
50124208,1
49957337,2
50053880,1
50175226,2
50160219,2
50162841,2
50143728,1
50000281,2
50031083,2
50139817,1
50118186,1
49978853,2
50148548,2
50160638,1
50100532,2
50126668,1
50158100,2
50108432,1
50134850,1
50124184,2
50071648,1
50078474,1
50037048,2
50118601,1
50121495,2
50173599,2
50173638,2
50122478,2
50166726,1
50140675,1
50047174,2
50143447,1
50087056,1
50172558,2
50146270,2
50168342,1
50110505,1
50129855,2
50083059,1
50145327,1
50167263,2
49953815,1
50104386,1
50104407,2
50060437,2
50167869,2
50147032,2
50176127,1
50167870,2
50058874,1
50149809,2
50170661,1
50154300,1
50174724,2
50113029,1
50176415,2
50115919,1
50113259,1
50096949,1
50154301,1
50144630,2
50173812,1
50150666,1
50171098,2
50172610,1
50146644,2
50162927,2
50159018,1
49968425,2
50176731,1
50096925,2
50096871,1
50080689,1
50130139,1
50132022,2
50069521,2
50129452,2
50107405,1
50096652,2
50176128,1
50080203,2
50079788,2
50016718,2
50138961,2
50177604,1
50173598,2
50168107,2
50179191,1
50094962,2
50057932,1
50157225,2
50130967,2
49996431,1
50078651,2
50121459,1
50040766,1
50178272,1
50103821,1
50176802,1
50063941,2
50107032,2
50146571,2
50161897,1
50104387,1
50156804,2
50164933,2
50039369,1
50174251,1
50075793,2
50168932,2
50088107,1
50166330,2
49957102,2
50132058,2
49967449,2
50133664,1
50177667,2
50093727,2
50143250,2
50150201,2
50151635,1
50173639,2
50179206,1
50046918,2
50050252,2
50149098,2
50011556,1
49981248,1
49982571,2
50112649,2
50126271,2
50118000,1
50121954,2
49955825,1
50032745,1
50145815,1
50111224,2
50158162,2
50095215,1
50083897,2
50177603,1
50171006,1
50026186,2
50109039,1
50181917,2
50179190,1
50088393,1
50171097,2
50027090,1
50173718,1
50132461,2
50110397,1
50168373,1
50173789,2
50178141,1
50101362,1
50105183,2
50167154,2
50178287,2
50127220,2
50181135,1
50174078,2
50118980,1
50098377,1
50172960,2
50170266,1
50126459,2
50068326,2
49979496,2
50081453,1
50129397,1
50085549,1
50128135,1
50174646,2
50140676,1
50177668,2
50122753,1
50166625,2
50181959,2
50082825,1
50150665,1
50100965,1
50164371,1
50176669,2
50164372,1
50179442,2
50160344,2
50179630,1
50112437,1
50181349,2
50182504,2
50182505,2
50039283,2
50014724,2
50132985,1
50086289,1
50088111,1
50156889,1
50154200,1
50116726,2
50112910,1
50104746,2
50145854,2
50178983,1
50062090,1
50101826,2
50116901,1
50154256,1
50180349,2
49978327,1
50173584,1
50176377,2
50170944,1
50032467,1
50183452,1
50091318,1
50183876,2
50051861,2
50106830,1
50184032,1
50058442,2
50134357,2
50058579,1
50046583,1
50094382,1
50079833,1
50085344,2
50168931,2
50154063,1
50075562,1
50141411,1
50179882,1
50086302,1
50166217,2
50180073,2
50062227,2
50129396,1
50118826,2
50132524,2
50149145,2
50183738,1
50032312,2
50121781,1
50173028,3
50175729,1
50074177,2
49969697,1
50132986,1
50170552,2
50110937,1
50137623,1
50145967,1
50163492,2
50011314,1
50021108,1
50114012,2
50075803,2
50165319,1
50062091,1
50078044,2
50180074,2
50097675,1
50076040,1
50054255,1
50131408,1
49967450,2
50077418,2
50182161,1
50079150,2
50151990,2
50096948,1
50178288,2
50162989,1
50120746,1
50117999,1
50117909,1
50163112,1
50113583,1
50186953,1
49988655,2
50141551,4
50187140,2
50127586,1
50031199,2
50159646,2
49973427,1
50185541,1
50142152,1
50184656,1
50181949,2
50180525,2
50132365,1
50181888,2
50082918,1
50175417,2
50105292,1
50143729,1
50106787,2
50118031,1
50120952,2
50104447,1
50091666,1
50003622,1
50157798,2
49984702,2
50170558,1
50188054,1
50121057,2
50187144,1
50121228,1
50187141,2
50155049,1
50163491,2
50048167,2
50166329,2
50141752,1
50176376,2
50051355,2
50165447,1
50184703,2
49981079,2
50186183,1
50051145,2
50119027,1
50184924,2
50039047,2
50005126,1
50132618,2
50029548,2
50106813,1
49994168,2
50170459,2
50119028,1
50149338,1
50098955,1
50168822,2
50146731,2
50154124,2
50113809,1
49994748,1
50187227,2
50157799,2
50188450,1
50185755,2
50185754,2
50125233,2
50121551,1
50106102,1
50184715,2
50165320,1
50169600,2
50128139,1
50184648,2
50180549,2
49988546,2
50140857,2
50190395,2
49962303,1
50184819,1
50134074,1
50140883,1
50026311,1
50186653,1
50148117,1
50137190,2
50121895,2
50074178,2
50024637,2
50099022,2
50014593,2
49995546,2
50190931,1
50181649,2
50189988,1
50190977,1
49954760,2
50188214,1
50174433,2
50160637,1
50177442,1
50141662,1
50134991,1
50178984,1
50176416,2
50055195,2
50038880,2
50087054,1
50114891,1
50130779,2
50028945,1
50166799,1
50179303,2
50154617,2
50175416,2
50189072,1
50160150,1
50160149,1
50189089,2
50179503,2
50050257,1
49955911,1
50130034,2
50148367,1
50137084,1
50032466,1
50181348,2
50145814,1
50126560,1
50097723,2
50190940,2
50190939,2
50160648,1
50182828,2
50070213,2
50166519,2
49991896,1
50188524,1
50191302,2
49979221,2
50074860,1
50081917,1
50022470,2
50142151,1
50176668,2
50192052,2
50168452,1
50152210,2
50101678,2
50193547,2
50119475,2
50174645,2
50189989,1
50113030,1
50157226,2
50194206,2
50194244,1
50187501,1
50152921,2
50140672,1
50168119,2
50130920,1
50025378,1
50184925,2
50191912,1
49972011,2
50109394,1
50134020,1
50161641,1
50140986,1
50106814,1
50087729,1
50181571,2
50088970,2
50126605,1
49989892,2
50188055,1
50160772,2
50121227,1
50110072,1
50184524,1
50088354,1
50115920,1
50166819,2
50092447,1
50193001,2
50181887,2
50125450,1
50174831,1
50180589,1
50166982,1
50149030,2
50140858,2
50173029,4
50121023,2
50080710,2
50156805,2
50174272,2
50160788,1
50114013,2
50192772,2
50192742,2
50149781,2
50170838,1
50063533,1
50144631,2
50150202,2
50176443,2
50171007,1
50173717,1
50190283,2
50128646,1
50190394,2
49977078,1
50194684,2
50130922,2
50145126,1
50102539,2
50084906,2
50192051,2
50109511,1
50035249,1
50170166,2
50196101,2
50198180,1
50100391,1
50179886,2
50121491,2
50137085,1
50192971,2
50180524,2
50183598,2
50160061,1
50200213,1
50183739,1
49991195,1
50179443,2
50047414,2
50119007,1
50154725,1
50069162,2
50171271,1
50160345,2
50113544,2
50121780,1
50050704,2
50198181,1
50170629,1
50174432,2
50056500,1
50162415,1
50122282,1
50108433,1
50180165,2
50097674,1
50195586,2
50083761,1
50196967,2
50151667,1
50048440,1
50043356,2
50036495,1
50189281,1
50187813,3
50201562,1
50185045,2
50170373,2
50137191,2
50101684,2
50121058,2
50193697,2
50167873,1
50189959,2
50185664,1
50060755,4
50158163,2
50193979,1
50192839,2
50102075,2
50140666,1
50196968,2
50038934,2
50153151,2
50094113,1
49980972,2
50183399,2
50136764,2
50166989,2
50193105,1
50081864,1
50194683,2
50168588,2
50200320,1
50037815,2
49994348,1
50120747,1
50196100,2
50113582,1
50163113,1
50079569,2
50008192,2
49991780,1
50149544,1
50152440,2
50137624,1
50199376,2
49956302,2
50192840,2
50118616,1
50198510,2
50174957,2
50154618,2
50120195,1
50166943,2
50128492,2
50048625,1
50129881,1
50184999,2
50200275,2
50200521,2
50115403,4
50115539,1
50154038,2
50171586,1
50198163,2
50124030,1
50192665,2
50148565,1
50199375,2
50105713,2
50146964,1
50188451,1
50011317,2
50048144,1
50190187,1
50151668,1
50151636,1
50166827,1
50119433,2
50201483,2
50157455,1
50201571,2
50189372,2
50142744,1
50168451,1
50104372,1
50057362,1
50116687,1
50199185,1
50199248,2
50143299,4
50173538,1
50190284,2
50124029,1
50154309,1
50201227,1
50089851,1
50087692,1
50154199,1
50144958,1
50154480,2
50161494,1
50204097,2
50189088,2
50072093,2
50113342,1
50098636,1
50134678,1
50074958,1
50163126,1
50065558,1
50115362,1
50182390,2
50104459,1
50057803,2
50188215,1
50185542,1
50141552,4
50118493,1
50140665,1
50121490,2
50179205,1
50184649,2
50124209,1
50048960,2
50193102,2
50190379,1
50199970,2
50201404,2
50134124,2
50204247,2
50076344,1
50063942,2
50162890,2
50190632,2
50201570,2
50207311,1
50121955,2
50203571,2
49977880,2
49983357,1
50145800,2
50201856,1
50193753,2
50204749,1
50152479,2
50141351,2
50140542,2
50139135,1
50162678,2
50159998,2
50151805,1
50184818,1
50204184,2
50072394,2
50001446,1
50206987,2
50029896,2
50162975,1
50171272,1
50203242,3
50181280,2
50148147,1
50132833,1
50204473,1
50154936,4
50203522,2
49980002,2
50154937,4
50130223,2
50060756,4
50199186,1
50148566,1
50160647,1
50000425,1
50118290,1
50170848,2
50056948,2
50193978,1
50133410,2
50154525,2
50179168,1
50100436,1
50183400,2
50201226,1
50168108,2
50107584,2
50205604,1
50139818,1
50021109,1
50200214,1
50200522,2
50160356,1
50189544,1
50189545,1
50131752,1
50190633,2
50185153,2
50054456,2
50143977,2
50203681,1
50192664,2
50136138,2
50203680,1
50182590,1
50144199,1
50133069,2
50211999,1
50177296,2
50207563,2
50123962,1
50140555,2
50143290,1
50133156,1
50132057,2
50128279,1
50116897,2
50149535,2
50209546,1
50009654,1
50208123,1
50193175,1
50132527,2
50036408,1
50211488,1
50162988,1
50055647,1
50080690,1
50185127,1
50206192,3
49966410,2
50203678,2
50167823,1
50206549,1
50157085,2
50192972,2
50152922,2
50158091,1
50081310,1
50157084,2
50100713,1
50191695,2
50152480,2
50146417,1
50184716,2
50033558,2
50201341,2
50194521,2
50200276,2
50211191,2
50193106,1
50179502,2
49984107,1
50137040,2
50139968,1
50143742,1
50207122,1
50095814,1
49995592,2
50088152,2
50091713,1
50206497,2
50160771,2
50162540,1
50136306,1
50158101,2
50206550,1
50206593,1
50121406,1
50182840,1
50203908,2
50188359,1
50096644,1
50192828,2
50089850,1
50198487,2
50173788,2
50132774,2
50209691,2
50201482,2
50204098,2
50201494,2
50209754,1
50197569,1
50206986,2
50104458,1
50121755,1
50152061,1
50149339,1
50214435,1
50189382,1
50102643,1
50187954,2
50069520,2
50204488,1
50198110,2
50193521,2
50057691,1
49997984,1
50181570,2
50149536,2
50201903,2
50192633,2
50195511,1
50130966,2
50192743,2
50118615,1
50165242,1
50080781,2
50202315,2
50212121,2
50203716,2
50075203,2
50215965,1
50198423,1
50149674,2
50148747,2
50029549,2
50214960,2
50178142,1
50205294,2
50155749,1
49999039,1
50090483,1
50114887,1
50167291,1
50207072,2
50205771,2
50105144,2
50028188,2
50109880,1
50094134,2
50187955,2
50135151,1
50215658,2
50188061,1
50198262,1
50141589,1
50176305,1
50213265,2
50069796,2
50214874,2
50112909,1
50207859,2
50168035,1
50125451,1
50148916,2
50124976,2
50170945,1
50092462,2
50213621,1
50201340,2
50173811,1
50194220,2
50107744,1
50065301,1
50054410,1
50086089,2
50131707,2
50146572,2
50178406,1
50217279,2
50157617,1
50115538,1
50101677,2
50211715,2
50211716,2
50203523,2
50042092,1
50025823,1
50143978,2
50151314,2
50101775,1
49973628,2
50212900,2
50116660,2
50050591,1
50174250,1
50174273,2
50192904,2
50105989,2
50219079,1
50199969,2
50181960,2
50215081,2
50174979,2
50206798,1
50150791,1
50190220,2
50121452,2
50136894,1
50189162,2
50209692,2
50125847,1
50153706,1
49976460,2
50208697,1
50179629,1
50167824,1
50176304,1
50193698,2
50220228,2
50190932,1
50105957,2
50179881,1
50184525,1
50218742,2
50218743,2
50154342,1
50039718,1
50185514,2
50055151,2
50148779,1
50021035,1
50204932,2
50212271,1
50014184,2
50132832,1
49986738,2
50118770,1
50053124,2
50194522,2
50043536,1
50180958,1
50189383,1
50214295,1
50211359,2
50186654,1
50212690,1
50156130,1
50113629,4
50010422,2
50080691,1
50088851,2
50170559,1
50133155,1
50195570,2
50217539,2
50212005,1
50181700,1
50217600,2
50160787,1
50198509,2
50173583,1
50169292,2
50191569,2
50222056,2
50215057,1
50172559,2
50198683,2
50075794,2
50215149,2
50068113,1
50216820,2
50184998,2
49973275,2
50131590,1
50136895,1
50204467,2
50181134,1
50214458,3
50193482,2
50176932,1
50148118,1
50086164,1
50170662,1
50133026,2
50221326,1
50215793,2
50215973,1
50178899,2
50168109,2
50221503,1
50111512,1
50213073,2
50221529,1
50207860,2
50207891,1
50169452,1
50136307,1
50184702,2
50086671,1
50121496,2
50209487,2
50124435,2
50139136,1
50055648,1
50215061,2
50175227,2
50146372,1
50097691,2
50069362,2
50025497,1
50160130,1
50220857,1
50069393,1
50134318,2
50071337,2
50086078,2
50051981,2
50198109,2
50053125,2
50154976,2
50214689,2
50220227,2
50171585,1
50192829,2
50071859,1
50221327,1
50221459,2
50215972,1
50133553,1
50217620,2
50148746,2
50215894,2
50218896,1
50210604,2
50221651,1
50216188,2
50096758,2
50100835,2
50179302,2
50220644,2
50081309,1
49952939,2
50191911,1
50146373,1
49956828,1
50172726,2
50171191,2
50220977,1
50154962,1
50220185,2
50088852,2
50203773,2
50221458,2
50163259,1
50176057,2
50100268,2
50155077,2
50213063,2
50212022,1
50215895,2
50143291,1
50119994,1
50137770,2
50201267,2
50191570,2
50223320,2
50224675,1
50222055,2
50175473,1
50143446,1
50120405,2
50224755,2
50106502,1
50071772,1
50183877,2
50189373,2
50203257,1
50207123,1
50184124,2
50171383,1
50143941,1
49967791,1
50126270,2
50215792,2
50218620,2
50182674,2
50221528,1
50177395,1
50177396,1
50225993,2
50224549,1
50182170,2
50033557,2
50186545,1
50174956,2
50194383,2
50224978,1
50223540,1
50189356,2
50184802,1
50209635,2
50216821,2
50185044,2
50190719,2
50190720,2
49959695,2
50157717,2
50167872,1
50170839,1
50187157,1
50134863,1
50126754,2
50141751,1
50214984,1
50225994,2
50185902,2
50118674,1
50125232,2
50026312,1
50094114,1
50120483,1
50065300,1
50062572,2
50223691,2
50167303,1
50220096,1
50217197,1
50182424,1
50226641,2
50134803,2
50218411,2
50214688,2
50127587,1
50148672,4
50198208,2
50221278,2
50218621,2
50224448,1
50181762,2
50077516,2
50058296,1
50208251,2
50174877,1
50212330,2
50088561,1
50224979,1
50160254,1
50143535,2
50218154,2
50223690,2
50165654,1
49986737,2
50007725,2
50231040,1
50132105,2
50151293,2
50176058,2
50212859,2
50207564,2
50229647,1
50225905,2
50223204,2
50219080,1
50174767,1
50224550,1
50004680,2
50160673,1
50206797,1
50132528,2
50049900,2
50120038,1
50177715,2
50105072,1
50165446,1
50212462,2
50117355,2
50074918,1
50088598,1
50157456,1
50153707,1
50040924,1
50119129,1
50142798,1
50223785,3
49984701,2
50192641,2
50217540,2
50198207,2
50040519,2
50180348,2
50181699,1
50203774,2
50214873,2
50115839,1
50141479,2
50199324,2
50227377,2
50181948,2
50082817,1
50220572,2
50132495,2
50227725,2
50226142,2
50230319,1
50177783,1
50175472,1
50115179,1
50211360,2
50064925,1
50216603,2
50154724,1
50216602,2
50109038,1
50098637,1
50074693,2
50217873,1
50223508,2
50139967,1
50082346,1
50167430,1
50021154,1
50192466,1
50158967,2
50135709,1
50233848,1
50053460,2
50104702,2
50089089,1
50167793,2
50101825,2
50152414,1
50223205,2
50165099,1
50218839,2
50220323,2
50232847,2
50232848,2
50232862,1
50219144,2
50177716,2
50176444,2
50220643,2
50223553,2
50201405,2
50040941,1
50135519,2
50142551,1
49959208,1
50006304,1
50142745,1
50175728,1
50153671,1
50228242,1
50174077,2
50217329,2
50233868,1
50186954,1
50035876,2
50149543,1
50231237,2
50124814,2
50195417,1
50222974,1
50174461,1
50195592,1
50174460,1
50224754,2
50235815,2
50223321,2
50190378,1
50213620,1
50233029,1
50089875,1
50205955,2
50229142,2
50010280,2
50003193,1
50179572,1
50165655,1
50074861,1
50220858,1
50190587,1
50091345,1
50156676,1
50131706,2
50225464,2
50197971,1
50217200,1
49993943,2
50130184,4
50178898,2
50116902,1
50145801,2
50226889,2
50231238,2
50224210,1
50184363,1
50064207,1
50148780,1
50230008,2
50118494,1
50237155,2
50215060,2
50161495,1
50227582,2
50129854,2
50189415,1
50230613,1
50234528,2
50103998,2
50102538,2
50154717,1
50234611,2
50219826,2
50186612,2
50236548,2
50231039,1
50184033,1
50198897,4
50190704,2
50156131,1
50129040,2
50156677,1
50232156,2
50229430,1
50141352,2
50220239,1
50220238,1
50113879,1
50232357,2
50185509,1
50204748,1
50217604,2
50201857,1
50026176,2
50229648,1
50184593,1
50238384,1
49960845,1
50155679,1
50142110,2
50215080,2
50220717,2
50226141,2
50227655,1
50084333,2
50131414,1
50233152,1
50200239,2
50234527,2
50087093,1
50166944,2
50121896,2
50161759,1
50223784,3
50167431,1
50184121,1
50220894,2
50192473,1
49975761,1
50112946,2
50086315,1
50225886,2
50079984,2
50202102,1
50182839,1
50235291,2
50141480,2
50221462,1
50218916,2
50199247,2
50238266,1
50123874,2
50227171,2
50234328,2
50227376,2
50171055,1
50220571,2
50107808,2
50156072,1
50238613,2
50135363,1
50226271,1
50180548,2
50065513,2
50161637,1
50142799,1
50180845,1
50150710,1
50113341,1
50239037,2
50158812,1
50198896,4
50008821,2
50182389,2
50212734,2
49972010,2
50239506,2
50193481,2
50079645,2
50140319,1
50020225,2
50223883,1
50239519,2
50229535,1
50181650,2
50154123,2
50174624,1
50189958,2
50140320,1
50239603,1
50213320,2
50119662,4
50171643,1
50239647,1
50239652,1
50226908,2
50217548,1
50162541,1
50187228,2
50229799,2
50106334,1
50170620,1
50110455,1
50227466,1
50239949,2
50222151,1
50031653,2
50210702,2
50227724,2
50210910,2
50240130,1
50238951,1
50075036,1
50126428,1
50218155,2
50198060,1
50236387,1
50228296,1
50192474,1
49985837,2
50094315,1
50233864,1
50159415,2
50159538,2
50064446,1
50121078,1
50235001,2
50226869,2
50195435,2
50184502,1
50170728,2
50100437,1
50227117,1
50202428,1
50188525,1
50174675,2
50241195,2
50132496,2
50234400,2
50241187,2
50175403,2
50193139,1
50026817,1
50193140,1
50121550,1
50127219,2
49963455,1
50238772,1
50238876,2
50087094,1
50234631,1
50203256,1
50240316,1
50161896,1
50156351,1
50230914,2
50187814,4
50104446,1
50234789,2
50236614,2
50165867,2
50159539,2
50218410,2
50190782,2
50212901,2
50234076,2
50234075,2
50145853,2
50242534,1
50241196,2
50238591,1
50204093,1
50163947,2
50223507,2
50213841,1
50165605,1
50091317,1
50133935,2
50158966,2
50156437,1
50131105,2
50237621,3
50239507,2
50221190,1
50195559,2
50200940,1
50243345,2
50071860,1
50242552,2
50227152,2
50099055,1
50096872,1
50166800,1
50239926,2
49965797,2
50089830,1
50134317,2
50189280,1
50234542,2
50222547,2
50194818,1
50139954,1
50123471,2
50159414,2
50165928,1
50208973,1
50148547,2
50243375,2
50213072,2
50087055,1
50232649,2
50166398,1
50177339,1
50199323,2
50204090,1
50111511,1
50110382,2
50138132,1
50095529,2
50241346,2
50242763,2
50118529,1
50237350,1
50235975,2
50234541,2
50229182,2
50236124,1
50167302,1
50247436,1
50161758,1
50244798,1
50217328,2
50211875,4
50244797,1
50212691,1
49973237,2
50207312,1
50050372,2
50134934,2
50195439,2
50168821,2
50242396,2
50243465,2
50163260,1
50204795,1
50240731,1
50246159,1
50156890,1
50092040,2
50232648,2
50207799,1
50187502,1
50246676,1
50181918,2
50188889,1
50084242,1
50073510,1
49994818,2
50210909,2
50231732,2
50160129,1
50168118,2
50180844,1
50233420,1
50182160,1
50211402,1
50234786,1
50229183,2
50220895,2
50178108,2
50121024,2
50244862,3
50175863,1
50229429,1
50246022,2
50223063,1
50211998,1
50246163,2
50225887,2
50181761,2
50247997,1
50227200,2
50150303,1
50230007,2
50237070,2
50215056,1
50062468,2
50238875,2
50230614,1
50113628,4
50171382,1
50173122,2
50130138,1
50250424,3
50231236,2
50190768,1
50099877,2
50184362,1
50181623,2
50215719,1
50212983,1
50224173,2
50177340,1
50189913,2
50208055,1
50169599,2
50249564,1
50206729,1
50066477,1
50244435,2
50190476,1
50243058,2
50218085,1
49994154,2
50225597,2
50195271,1
50116426,1
50195344,2
50193833,1
50170781,1
50217639,2
50170729,2
50151893,2
50195632,2
50206730,1
50179395,2
50241188,2
50230101,1
50025358,1
50170167,2
50238545,2
50236237,1
50029446,2
50250076,1
50236019,2
50207073,2
49990371,2
50241713,1
50060337,2
50225596,2
50247437,1
50220188,2
50156604,1
50206384,2
50154975,2
50201974,1
50185377,1
50250669,2
50250665,1
50118530,1
50170782,1
50238265,1
50194305,1
50174444,1
50208051,1
50212312,2
50246724,2
50243996,2
50172124,1
50250966,2
50212270,1
50238546,2
50220780,2
50176498,1
50217874,1
50252575,2
50144959,1
50247240,2
50113545,2
50220976,1
50173123,2
50192465,1
50250423,3
50233863,1
50083216,2
50038320,1
50215718,1
50119925,2
50248979,1
50247985,2
50188526,2
50232531,2
50248016,1
50185903,2
50239648,1
50251761,2
50242535,1
50168036,1
50253545,2
50213231,1
50078579,1
50234192,2
50249563,1
50020499,2
50218838,2
50243982,2
50143592,2
50255227,1
50245473,2
50227654,1
50235974,2
50093309,1
50131591,1
50175862,1
50218117,1
50028075,1
50159159,1
50219993,1
50243057,2
50159158,1
50190743,1
50192539,1
50207800,1
50220255,2
50154343,1
50162501,1
49975387,2
50235290,2
50202051,1
50205293,2
50208056,1
50249366,1
50119987,2
50241166,2
50241524,2
50233151,1
50092532,2
50119993,1
50252576,2
50025110,2
50160060,1
50107895,1
50083217,2
50236243,1
50226323,1
50134677,1
50222548,2
50234790,2
50204487,1
50192401,2
50225398,2
50181519,1
49991540,2
50220186,2
50101776,1
50235000,2
50212982,1
50201813,2
50256121,1
50207368,1
50218423,1
50214959,2
50227153,2
50253544,2
50172125,1
50246725,2
50151562,1
50113204,2
50258102,2
50143743,1
50193103,2
50154481,2
50194817,1
50245771,2
50225203,1
50172528,1
50233847,1
50130222,2
50143940,1
50195214,1
50239454,1
50248845,2
50170621,1
50242395,2
50256122,1
50247894,2
50251762,2
50212023,1
50053459,2
50221191,1
50217605,2
50228828,2
50227201,2
50232977,2
50200325,1
50201563,1
50189357,2
50162976,1
50256838,2
50172645,1
50222751,4
50170372,2
50218253,1
50208968,1
50218228,2
49991027,2
50255986,3
50146551,2
50011501,1
50204466,2
50181518,1
49973369,1
50190781,2
50239656,2
50218509,1
50204794,1
50240775,2
50249025,2
50146730,2
50220324,2
50210701,2
50166218,2
50230102,1
50248195,1
50242762,2
50255124,2
50178107,2
50244436,2
50248274,2
50259526,1
50233597,1
50197570,1
50252961,1
50243055,1
50231904,2
50113234,1
50259555,1
50240295,4
50240296,4
50127289,1
50258651,1
50251358,2
50172961,2
50239304,4
50259682,1
50228243,1
50230913,2
50198819,2
50203570,2
50217278,2
49952938,2
50234058,2
50246001,1
50257271,1
50250603,1
50185376,1
50180123,2
50224105,2
50202288,1
50171644,1
50075204,2
50226788,2
50249371,1
50155748,1
50151561,1
50224674,1
50231711,1
50255030,1
50259285,1
50257917,2
50241515,1
50219459,1
50106501,1
50256627,2
50102426,1
50184868,1
50118769,1
50248377,2
49994259,2
50215348,2
50170125,2
50245705,1
50044759,1
50238967,2
50261344,3
50214429,1
50131949,2
50140287,2
50259681,1
50223648,1
50186544,1
50242306,2
49994347,1
50004832,2
50190767,1
50211888,4
50250694,2
50182673,2
50222975,1
50040520,2
50176235,1
50257440,1
50235411,2
50235189,1
50218766,1
50221502,1
50181935,2
50151584,1
50245472,2
50007036,1
50235188,1
50237071,2
50257950,2
50246952,1
50194384,2
50206673,1
50205665,1
50262083,2
50131104,2
50037189,2
50208751,1
50159806,1
50145424,2
50162889,2
50234723,1
50218201,2
50264099,1
50208958,1
50185128,1
50219994,1
50176979,2
50206482,1
50196375,2
50231347,2
50223064,1
50199057,2
50262794,2
50256216,2
50119822,2
50213264,2
50208012,1
50165098,1
50246399,2
50216189,2
50257517,2
50174830,1
50254972,2
50184867,1
50246953,1
50241247,2
50237154,2
50154516,1
50135364,1
50182150,1
50168374,1
50253918,2
50180588,1
50262206,2
50256730,1
49998884,2
50180959,1
50234762,1
50212537,2
50262349,1
50211401,1
50139965,1
50229141,2
50212733,2
50204248,2
50197972,1
50189573,2
50258650,1
50240322,2
50241886,2
50262403,3
50198059,1
50234858,1
50104431,1
50086163,1
50229536,1
50239702,2
50228698,1
50227002,1
50257581,2
50206537,1
50256459,2
50195593,1
50187309,2
50264860,1
50234530,1
50200319,1
50183599,2
50033816,2
50227555,1
50266668,1
50250249,2
50162000,1
50217035,1
50207196,1
50201788,1
50134733,1
50185263,2
50195418,1
50267245,1
50151294,2
50256417,2
50135176,2
50261833,2
50250950,2
50153632,2
50258101,2
50258210,1
50247241,2
50077508,2
50154788,2
50238952,1
50263925,2
50259553,2
50266770,2
50243054,1
50244793,1
50250250,2
50157618,1
50242197,2
50211876,4
50036569,2
50010822,1
50011701,2
50254362,1
50217527,2
50240732,1
50195633,2
50188666,1
50159761,1
50207885,1
50264674,1
50224571,2
50204091,1
50246713,1
50197009,2
50209634,2
50212331,2
50266458,2
50240131,1
50182040,2
50179571,1
50148148,1
50237266,1
49977511,2
50138131,1
50262316,2
50266667,1
50239305,4
50262402,3
50214428,1
50193548,2
50202103,1
50110147,2
50269973,2
50269972,2
50262795,2
50258988,2
50223085,2
50047175,2
50265855,2
50256326,1
50261834,2
50190188,1
50227170,2
50044390,1
50198560,1
50254908,1
50171056,1
50267692,1
50019774,2
50220664,2
50255062,2
50079175,1
50174978,2
50134202,1
50219460,1
50228945,1
50212448,1
50266322,1
50179461,2
50263924,2
50219554,1
50220745,1
50190586,1
50211487,1
50195213,1
50266769,2
50266837,2
50261114,1
50123482,2
50236244,1
49993960,2
50208957,1
50214298,1
50168609,2
50187210,1
50248862,2
50224256,2
50182741,2
50261739,2
50262875,2
50184657,1
50166585,2
50265520,1
50133576,1
50270077,1
50260161,1
50256418,2
50214895,1
50216222,1
50230309,1
50168327,1
50252501,1
50263551,1
50256626,2
50258043,1
50264924,2
50269157,2
50259422,1
50160110,1
50233419,1
50266673,2
50244214,1
50269359,2
50225399,2
50269360,2
50272343,2
50262345,3
50266674,2
50129793,1
50215347,2
50072092,2
50262348,1
49956570,1
50190978,1
50221279,2
50221463,1
50270078,1
50254542,1
50188667,1
50242508,2
50202314,2
50249365,1
50208124,1
50216334,2
49980949,2
50207886,1
50189414,1
50209753,1
50266382,2
50241516,1
50273168,1
50221972,2
50037429,2
50273300,1
49950764,2
50269457,2
50184120,1
49991539,2
50236388,1
50263956,2
50195145,1
50116342,2
50208974,1
50244861,4
50270841,1
50262686,2
50132104,2
50155399,1
50211889,4
50221550,1
50206481,1
50133070,2
50194306,1
50216223,1
50103510,2
50195794,1
50266115,2
50271634,1
50114890,1
50266457,2
50227665,1
50211192,2
50262263,2
50255441,2
50241851,1
50255440,2
50269454,2
50258467,1
50214294,1
50223539,1
49998883,2
50244877,1
50185508,1
50223084,2
50250666,1
50272734,1
50264467,2
50236888,1
50240608,2
50207892,1
49959029,2
50264675,1
50203909,2
50274371,1
50233030,1
50249654,1
50214991,2
50168106,2
50264826,2
50259284,1
50222043,1
50232978,2
50266420,1
50215148,2
50270436,2
50046917,2
50151994,2
50270481,2
50226324,1
50259421,1
50258466,1
50269453,2
50236547,2
50220797,1
50244878,1
50255814,1
50140082,2
50190744,1
50223861,1
50112765,2
50060650,1
50247893,2
50210214,2
50135911,2
50275574,2
50265521,1
50232356,2
50163874,1
50262874,2
50275600,3
49952053,1
50239762,1
50225906,2
50185663,1
50267485,1
50266114,2
50134992,1
50237190,1
50210662,1
50256608,2
50275902,1
50184801,1
50226379,2
50166828,1
50273232,2
50256734,1
50220796,1
50084748,1
50162900,1
50259525,1
50176732,1
50265191,1
50255680,2
50270647,3
50242198,2
50115363,1
50146652,2
50278030,1
50243203,1
50172976,2
50269908,1
50261634,1
50246160,1
50195497,2
50113859,2
50177441,1
50194212,1
50160967,2
50199659,1
50143300,4
50243950,2
50115840,1
50278709,1
50273169,1
49950765,2
50190219,2
50220564,2
50277641,2
50272342,2
50276171,2
49953502,2
50250075,1
50046508,2
50218116,1
50194970,1
50186802,2
50107807,2
50240629,1
50248861,2
50272826,2
50240776,2
50214998,2
50217526,2
50267486,1
50124185,2
50193832,1
50275874,2
49982572,2
50239925,2
49986210,2
50271616,2
50088560,1
50139966,1
50149033,1
50278782,2
50182304,2
50263725,1
50223552,2
50190477,1
50250103,1
50258667,2
50212725,1
50099808,1
50186801,2
50131753,1
50255987,4
50253222,1
50222821,2
50175991,2
50210056,2
50261696,1
50279273,1
50272858,2
50113992,1
50210661,1
50271157,2
50254522,1
50149812,2
50194243,1
50184501,1
50257918,2
50205249,1
50192888,1
50250907,1
50275907,2
50227116,1
50241131,2
50135175,2
50095595,1
50170849,2
50264859,1
50237282,2
50080642,2
50270435,2
50250989,1
50269158,2
49977130,1
50266381,2
50270576,1
50276112,2
50256829,1
50278990,2
50266751,1
50207197,1
50245816,1
50251366,1
50250512,1
50151892,2
50010897,1
50215518,1
50108153,2
50198164,2
50171891,1
50199058,2
50272830,1
50202429,1
50212006,1
50206536,1
50240630,1
50141813,1
50226888,2
50212311,2
50257582,2
50264799,2
50220665,2
50274499,2
50271835,2
50195870,1
50280291,2
50272099,2
50270482,2
50278781,2
50231913,1
50234722,1
50175402,2
50262264,2
50265190,1
50269914,2
50214983,1
50177260,1
50257270,1
50202289,1
50261740,2
50227166,2
50226784,2
50271254,2
50282484,1
50198422,1
50103511,2
50257949,2
50165243,1
50271253,2
50281329,1
50277438,2
50238592,1
50194302,2
50213840,1
50255226,1
50283060,2
50277262,2
50212463,2
50068381,2
50212449,1
50176801,1
50280343,2
50283106,1
50229097,2
50275101,2
50238968,2
50265165,2
50250104,1
50220187,2
50193399,2
50094314,1
50039517,1
50141412,1
50281019,2
50256138,2
50220200,2
50259786,2
50198261,1
50158090,1
50217477,2
50240904,2
50283931,1
50256462,2
50281188,2
50282485,1
50278494,2
50206674,1
50195795,1
50173695,1
50274683,2
50258033,2
50227554,1
50273319,1
50277439,2
50262452,2
50219708,2
50273417,2
50219825,2
50273407,1
50251313,4
50262346,4
50160253,1
50272360,2
50228297,1
50118185,1
50262685,2
50268679,2
50243464,2
50282229,2
50272831,1
50279467,2
50234327,2
50276903,2
50281328,1
50278592,1
50255063,2
50196722,1
50265990,1
50279998,1
50177784,1
50273273,2
50273262,2
50281476,1
50264996,1
50244267,1
50248376,2
50278859,1
50270598,2
50110695,1
50096739,2
50013187,1
50283243,2
50233598,1
50270577,1
50208752,1
50262442,2
50256896,1
50234787,1
50247712,1
50115273,1
50187105,2
50232155,2
50237745,2
50264419,4
50237746,2
50252008,1
50119432,2
50166586,2
50085343,2
50075254,2
50226909,2
50283932,1
50262776,2
50249241,2
50224442,1
50133575,1
50242509,2
50282714,1
50110146,2
50084180,2
49975388,2
50278550,2
50163873,1
50208052,1
50177456,1
50273420,1
50214299,1
50233143,1
50218107,1
50219829,1
50288648,2
50283222,2
50277642,2
50186182,1
50280470,2
50061163,2
50101534,2
50134734,1
49980948,2
50207367,1
50272750,2
50165120,1
50261872,2
50261695,1
50159805,1
50270173,1
50272964,2
49953420,2
50256463,2
50188888,1
50248134,1
50255110,2
50244268,1
50044643,1
50272160,1
50273318,2
50165835,2
50146574,1
50263678,1
50131709,2
50281750,2
50189073,1
50228319,1
50156436,1
50203243,4
50231141,1
50087585,1
50278202,2
50152060,1
50272743,2
50223884,1
50276553,1
50248846,2
50282323,2
50285101,2
50243731,1
50218895,1
50275908,2
50289644,2
50285595,2
50161699,2
50225175,1
50276113,2
50272098,2
50237510,1
50278971,3
50283281,2
50248625,4
50272559,1
50273435,2
50266985,1
50239154,2
50283601,2
50242305,2
50218508,1
50276542,2
50284790,1
50275589,1
50261633,1
50135100,1
50289488,1
50239651,1
50202140,2
50220744,1
50287128,2
50168326,1
50276017,2
50085548,1
50263679,1
50283242,2
50273416,2
50288946,2
50189632,1
50109678,2
50155078,2
50202118,2
50286511,2
50250604,1
50287767,2
50253532,1
50268503,2
50116686,1
50271400,2
50289501,1
50290954,1
50288230,1
50226380,2
50239950,2
50242617,1
50178271,1
50238771,1
50039073,1
50227664,1
50250303,2
50283107,1
50259552,2
50097184,2
50218106,1
50291888,3
50165836,2
50228572,2
50025969,1
50284744,1
50294900,1
50294901,1
49965205,1
50133409,2
50293198,1
50110663,2
50239560,2
50229810,1
50282322,2
50254991,2
50292408,1
50275875,2
50173696,1
50241165,2
50241345,2
50263380,2
49960760,2
50221665,1
50230040,2
50245533,1
50243983,2
50120482,1
50105145,2
50243021,1
50256729,1
50267090,1
50240328,1
50195343,2
49959030,2
50265317,1
50286621,2
50242471,4
50292056,2
50203717,2
50224447,1
50271158,2
50263068,1
50275601,4
50255111,2
50274126,2
50220565,2
50290859,2
50290953,1
50096759,2
50110456,1
50286977,1
50244235,1
50249797,2
50271880,1
50183425,2
50080310,2
50119008,1
50234632,1
50200240,2
50294336,2
50253979,2
50266952,2
50290063,2
50237620,4
50291943,1
50228442,2
50146643,2
50228443,2
50170628,1
50236755,2
50206383,2
50192634,2
50220254,2
50228534,2
50297682,2
50104703,2
50151585,1
49980001,2
50141814,1
50295043,2
50250951,2
50290853,2
50174723,2
50235814,2
50015200,2
50236190,1
50278796,1
50205603,1
50236125,1
50140882,1
50237378,1
50292762,3
50285931,2
50074919,1
50231085,1
50223877,1
50222752,4
50214459,4
50039516,1
50264418,4
50279378,2
50295938,2
50297704,1
50107323,2
50283995,1
50292210,2
50289556,2
50213230,1
50286969,1
50281391,2
50296551,1
50128138,1
50179065,2
50298014,2
50297985,1
49968727,1
50236018,2
50289840,1
50198684,2
50211527,1
50283280,2
50192981,1
50114490,1
50278989,2
50292670,2
50273436,2
50292761,3
50231086,1
50231939,2
50247713,1
50247533,1
50056947,2
50220095,1
50264386,2
50082523,2
50176978,2
50236756,2
50265569,2
50078045,2
50253531,1
50235744,2
50196721,1
50290860,2
50181936,2
49992066,1
50259303,2
50278591,1
50288231,1
50266193,1
50230320,1
50284228,2
50286970,1
50277259,2
50274623,2
50172529,1
50192146,1
50253917,2
50281475,1
50233144,1
50245627,2
50234610,2
50178405,1
50273272,2
50200105,1
50137982,2
50258181,1
50266740,1
50285906,1
50098660,2
50269458,2
50292827,2
50226577,1
50237595,2
50267052,1
50189912,2
50295937,2
50041340,1
50289425,2
49978122,2
50278510,1
50242616,1
50185697,2
50243374,2
50265773,1
50188358,1
50128134,1
50284128,2
50296174,2
50254971,2
50265991,1
50290944,2
50296471,2
50058295,1
50255031,1
50270646,4
50214992,2
50298215,1
50281749,2
50266910,2
50273411,4
50245772,2
50244817,2
50256837,2
50297543,1
50240607,2
50265568,2
50279377,2
50297705,1
50301445,1
50234057,2
50300485,2
50284952,2
50293471,2
50278343,2
50287995,2
50218894,1
50263277,1
50241294,1
50239680,1
50296550,1
50285600,2
50274684,2
50288924,1
50294335,2
50225231,2
50289978,2
50025526,1
50256766,1
50278029,1
50095594,1
50302880,1
50295687,1
50259725,1
50239518,2
50246000,1
50278268,2
50281020,2
50293197,1
50294845,2
50213062,2
50268492,2
50290493,1
50257576,1
50304470,1
50289487,1
50281418,2
50303402,2
50237267,1
50288020,1
50303458,2
50297962,2
50194021,2
50238614,2
50249653,1
50212122,2
50276172,2
50231938,2
50292669,2
50079646,2
50225174,1
50146651,2
50301046,2
50245059,2
50184125,2
50259556,1
50303840,2
50294483,2
50240329,1
50243145,1
50217196,1
50209915,2
50104430,1
50060643,1
50259785,2
50276600,1
50265694,2
50177455,1
50306036,1
50254693,1
50195571,2
50274125,2
50303457,2
50303403,2
50266343,1
50274538,1
50292499,2
50290854,2
50267693,1
50303439,1
50018341,1
50273320,1
50206895,2
50302449,1
50272125,1
50244818,2
50170458,2
50267051,1
50302881,1
50273317,2
50127288,1
50259580,1
50295686,1
50220199,2
50232280,2
50297591,2
50254541,1
50267246,1
50272869,1
50287766,2
50292224,2
50254694,1
50298927,1
50222152,1
50173537,1
50209448,2
50267500,1
50274372,1
50224257,2
50172727,2
50252485,1
50306211,1
50114886,1
50160111,1
50253904,1
50306392,2
50263817,2
50079663,1
50274624,2
50176497,1
50265251,1
50245815,1
50300142,1
50250511,1
50233920,4
50217034,1
50266951,2
50236613,2
50297624,2
50283937,1
50294995,2
50230274,2
50195869,1
50299258,2
50146418,1
50193002,2
50252486,1
50121756,1
50288647,2
50193176,1
50299890,2
50263816,2
50297112,1
50110664,2
50200326,1
50308280,1
50214434,1
50302854,2
50243144,1
50300201,3
50075545,2
50261609,2
50237684,2
50262658,1
50242494,1
50218672,2
50270952,1
50084181,2
50020665,2
50257376,1
50307601,1
50234547,2
50303474,1
50271844,1
50270549,1
50245532,1
50267994,1
50288570,2
50305375,1
50182303,2
50231142,1
50195434,2
50154062,1
50265473,2
50286594,2
50301705,1
50308744,2
50191301,2
50241132,2
50195587,2
50285258,2
50262777,2
50310477,1
50214999,2
50289668,1
50302289,1
50300849,1
50300945,2
50309102,1
50289835,1
50284330,2
50310827,2
50262398,2
50280469,2
50165606,1
50273308,1
50243022,1
50249911,1
50218086,1
50299891,2
50168610,2
50308281,1
50253980,2
50275093,1
50247142,2
50251356,1
50226640,2
50306555,2
50179598,1
50036363,1
50305816,1
50192402,2
50226785,2
50200939,1
50262784,1
50229800,2
50239604,1
50246677,1
50304471,1
50232861,1
50293472,2
50300570,1
50307475,2
50271895,1
50263381,2
50237349,1
50241823,1
50103999,2
50296474,2
50302084,2
50285731,2
50313558,1
50245626,2
50281707,1
50245704,1
50281698,2
50208786,1
50270597,2
50303839,2
50291703,1
50309506,2
50269913,2
50264563,1
50188060,1
50276554,1
50265316,1
49966024,2
50247998,1
50282577,1
50307476,2
50274021,2
50179066,2
50307602,1
50223469,2
50288569,2
50232762,1
50308983,2
50051862,2
50313399,2
50161636,1
50115218,2
50149029,2
50218229,2
50278232,1
50223647,1
50206191,4
50314998,2
50314145,1
50285102,2
50315148,1
50308678,1
50296049,1
50258932,1
50285393,2
50257377,1
50208011,1
50256206,2
50215992,2
50278551,2
50230310,1
50066476,1
50285651,1
50284198,2
50181764,2
50256957,1
50314822,1
50294151,2
50039302,2
50306590,1
50312060,2
50233867,1
50308275,2
50309425,1
50216918,1
50247660,2
50258417,1
50264387,2
50119163,1
50242352,2
50292039,2
50273733,2
50192642,2
50292211,2
50257324,2
50312577,2
50262657,1
50246551,1
50215964,1
50273009,1
50288021,1
50208252,2
50308939,1
50307589,2
50033189,1
50283061,2
50310319,2
50314588,1
50302219,2
50204094,1
50285756,2
50294152,2
50285652,1
50241850,1
50244236,1
50306505,1
50150709,1
50251367,1
50238931,2
50098954,1
50317681,1
50247700,2
50255681,2
50287337,2
50275436,4
50218422,1
50242468,2
50312578,2
50300486,2
50270172,1
50272825,2
50315502,1
50174676,2
50159831,2
50256207,2
50303440,1
50303448,2
50198561,1
50217880,2
50313157,2
50266192,1
50310446,1
50311865,1
50284199,2
50228946,1
50313400,2
50208698,1
50305245,2
50278858,1
50225230,2
50249798,2
50244794,1
50263957,2
50195146,1
50053010,2
50218252,1
50262542,2
50253416,1
50278358,1
50319793,2
50319794,2
50315503,1
50156073,1
50260160,1
50194213,1
50298926,1
50272809,2
50314622,2
50163948,2
50271881,1
50277205,1
50281697,2
50231914,1
50285755,2
50234531,1
50317680,1
50221076,1
50305907,2
50239625,2
50257441,1
50231555,1
50307101,1
50188527,2
50279468,2
50272963,2
50298675,2
50219143,2
50310266,1
50296543,2
50289669,1
50271633,1
50263265,1
50306179,2
50320037,1
50321631,1
50316695,3
50261321,1
50277960,1
50140985,1
50240548,2
50272744,2
50292223,2
50215659,2
50252007,1
50256327,1
50310206,2
50274537,1
50247143,2
50320054,2
50299361,1
50317279,1
50315956,1
50258209,1
50293990,1
50129880,1
50302150,2
50295387,2
50313535,1
50313720,2
50263740,1
50300990,2
50240315,1
50267089,1
50256956,1
50265236,1
50314117,1
50291887,4
50223862,1
50170553,2
50300367,2
50300366,2
50265695,2
50284743,1
50198486,2
50270951,1
50199990,1
50281187,2
50263069,1
50299345,2
50302322,2
50318794,2
50316161,1
50263741,1
50120037,1
50272161,1
50306658,2
50302855,2
50113573,1
50314118,1
50290494,1
50325305,1
50283994,1
50323719,2
50282542,1
50221652,1
50315620,2
50246712,1
50234230,1
50241428,2
50318889,1
50182039,2
50273419,1
50047241,2
50037430,2
50253905,1
50192145,1
50231235,2
50193520,2
50234763,1
50160355,1
50242353,2
50305821,2
50314181,1
50254363,1
50187310,2
50326303,1
50326304,1
50264564,1
50312716,2
50305945,2
50304324,2
50215993,2
50229809,1
50320036,1
50314539,2
50322830,1
50306210,1
50206894,2
50296542,2
50231822,1
50316327,2
50320335,2
50297223,1
50264971,2
50274957,1
50313557,1
50256830,1
50319508,2
50314146,1
50311389,1
50195510,1
50317855,2
50251595,1
50326187,1
50261716,2
50160959,1
50325284,1
50272868,1
50328173,1
50239763,1
50278674,1
50306180,2
50285257,2
50174876,1
50324160,1
50266419,1
50251359,2
50270583,1
50317545,2
50323198,3
50300200,4
50319307,2
50316696,3
50189490,1
50315149,1
50286512,2
50147204,1
50273734,2
50272733,1
50239626,2
50248980,1
50292040,2
50328174,1
50321083,1
50304393,2
50323848,1
50282576,1
50318510,2
50318575,2
50289761,1
50285599,2
50307855,1
50307590,2
50316110,2
50321764,2
50286090,2
50319174,1
50261097,1
50173457,2
50311089,2
50101533,2
50231346,2
50296050,1
50322608,2
50317116,2
50253727,1
50314482,2
50329612,2
50310320,2
50253726,1
49996732,1
50320017,2
50314483,2
50299346,2
50309180,1
50329801,1
50328471,1
49998066,2
50262317,2
50310777,2
50287087,1
50309227,2
50258044,1
50289977,2
50286089,2
50283223,2
50044815,1
50313801,2
50327475,1
50310973,1
50308439,1
50272269,1
50153670,1
50151989,2
50279274,1
50248135,1
50308745,2
50304441,2
50318379,1
50330808,1
50326546,1
50282543,1
50326523,1
50329230,1
50257645,1
50289483,2
50281417,2
50287994,2
50321084,1
50302033,1
50322794,2
50205250,1
50292500,2
50274958,1
50289943,2
50317546,2
50273445,2
50305374,1
50317641,2
50201789,1
50292828,2
50165929,1
50325152,1
50311390,1
50278344,2
50312330,2
50218767,1
50282161,1
50251615,2
50303272,1
50307250,2
50249372,1
50194207,2
50333692,1
50315829,2
50296475,2
50332419,1
50297964,1
50300850,1
50007726,2
50316162,1
50305244,2
50297113,1
50332732,1
50275102,2
50289068,1
50283337,1
50287256,2
50256991,2
50325956,2
50261115,1
50319507,2
50156777,1
50266909,2
50289067,1
50248624,4
50262475,2
50155398,1
50321111,1
50287853,2
50308866,1
50300543,2
49992658,2
50147205,1
50296470,2
50329654,1
50332418,1
50125740,2
50325676,2
50320201,1
49991262,2
50325683,2
50241293,1
50284331,2
50287088,1
50291537,2
50306393,2
50241248,2
50328552,2
50051982,2
50294484,2
50333383,1
50319607,3
50264324,1
49972240,2
50333440,1
50283938,1
50134862,1
50240005,1
50217601,2
50336566,2
50289390,2
50231554,1
50258182,1
50226270,1
50218673,2
50204022,2
50075804,2
50287129,2
50330030,1
50258666,2
50239976,2
50221077,1
50334208,2
50247532,1
50272585,1
50261320,1
50336028,1
50250304,2
50336095,1
50139953,1
50163340,1
50305906,2
50289471,2
50256139,2
50275653,1
50261717,2
50322568,1
50111064,1
50192982,1
50328108,2
50226056,2
50325600,1
50336510,1
50329613,2
50336567,2
50194301,2
50284127,2
50303475,1
50282740,2
50075664,1
50295386,2
50336790,2
50201495,2
50327354,2
50287257,2
50219590,2
50319308,2
49959562,1
50261345,4
50264325,1
49954124,1
50333539,2
50251625,1
50264468,2
50132356,2
50270155,1
50272751,2
50137983,2
50335062,2
50302085,2
50278493,2
50322855,2
50216335,2
50308984,2
50225202,1
50278710,1
50328470,1
50320192,2
50248576,1
50332838,2
50332947,2
50309507,2
50308223,2
50330384,3
50270582,1
50236238,1
50269907,1
50175990,2
49959865,2
50265879,2
50250988,1
50323718,2
50003157,2
50254907,1
50328266,2
50242593,1
50310265,1
50326786,1
50295305,1
50183453,1
50262397,2
50250965,2
50340979,1
50310801,2
50321780,1
50302446,2
50240240,1
50311999,1
50336870,2
50210603,2
50289382,1
50304325,2
50143285,1
50326524,1
50278675,1
50342113,1
50318574,2
50339404,1
50265772,1
50263550,1
50336730,1
50328450,2
50317382,2
50128491,2
50179396,2
50277206,1
50332701,2
50229096,2
50248575,1
50272268,1
50291538,2
50101738,2
50306554,2
50338716,1
50161640,1
50326036,2
50301045,2
50278231,1
50132962,1
50245080,2
50333439,1
50322398,2
50308720,1
50066107,1
50305946,2
50340211,2
50322609,2
50341889,1
50286762,2
50331039,2
50332472,2
50252502,1
50320202,1
50258034,2
50271888,1
50307856,1
50339693,2
50330155,2
50255815,1
50334266,2
50344527,1
50340234,1
50334797,1
50304316,2
50337667,2
50267501,1
50248273,2
50303346,2
50342074,1
50331038,2
50335118,2
50318947,2
50343748,2
50113186,2
50308097,1
50339692,2
50324929,1
50216919,1
50284901,2
50260133,2
50267454,2
50284902,2
50270156,1
50340051,2
50248015,1
49985838,2
50330925,2
50341966,2
50053504,2
50342037,2
50297858,2
50336509,1
50338255,2
50162901,1
50332700,2
50345011,1
50242839,2
50296698,2
50335692,1
50343933,1
50219707,2
50235410,2
50332946,2
50315052,2
50165170,2
50281127,2
50307074,2
50315183,1
50236969,1
50278439,1
50330809,1
50303341,1
50134358,2
50226057,2
50267453,2
50206496,2
50342005,1
50331987,2
50342114,1
50205574,2
50250908,1
50328267,2
50241673,2
50277548,2
50336716,2
50311973,1
50338740,2
50237377,1
50261211,1
50264997,1
50247784,1
50264286,1
50033811,2
50116661,2
50242361,2
50262785,1
50297542,1
50289381,1
50325355,1
50325198,2
50271620,1
50341888,1
50317156,1
50334796,1
50295304,1
50336645,2
50336646,2
50337666,2
50343349,1
50251038,2
50260279,2
50340980,1
50328558,2
50332437,2
50249912,1
50341065,2
50313536,1
50324577,2
50151995,2
50270550,1
50251314,4
50300152,1
50337118,3
50315243,2
50284712,1
50214894,1
50348314,2
50314256,1
50306829,1
50307162,1
50308679,1
50336490,2
50315621,2
50336450,1
50242367,1
50296785,1
50313524,2
50256765,1
50286853,1
50280292,2
50325697,1
50239155,2
50320115,1
50349341,1
50259579,1
50320264,1
50244213,1
50320265,1
50306591,1
50280763,1
50344292,2
50337115,2
50309466,4
50334267,2
50141590,1
50308787,1
50256260,2
50227167,2
50289389,2
50325285,1
50348521,1
50309802,2
50351246,1
50331020,2
50324410,1
50288923,1
50314896,2
50336791,2
50343934,1
50299617,1
50275163,1
50328700,1
50285905,1
50347909,2
50328701,1
50008658,2
50301164,1
50348004,2
50156605,1
50336182,2
50258931,1
50226842,2
50245278,2
50154257,1
50317932,2
50336359,2
50251626,1
50266233,2
50323618,2
50308865,1
50256261,2
50231712,1
50343391,2
50289745,1
50344842,1
50219553,1
50332733,1
50349016,2
50277437,2
50349156,2
50336731,1
50343585,2
50298041,1
50327355,2
50310899,1
50243157,2
50302448,1
50294664,2
50350625,1
50350689,3
50283477,1
50316664,1
50336029,1
50143591,2
50278201,2
50350839,1
50305817,1
50325151,1
50223878,1
50215519,1
50295042,2
50217549,1
50292233,1
50342038,2
50303367,2
50302171,1
50325599,1
50282715,1
50307236,2
50275901,1
50334004,2
50330154,2
50311974,1
50259304,2
50271894,1
50292703,1
50277959,1
50318946,2
50341233,2
50322261,1
50234546,2
50308438,1
50302946,1
50050409,1
50264287,1
50275350,1
50237683,2
50290269,2
50289427,2
50297681,2
50352881,1
50297709,2
50282218,1
50340235,1
50302323,2
50323757,1
50314257,1
50239975,2
50314493,1
50330962,1
50329497,1
50340648,2
50286854,1
50271845,1
50351785,1
50342315,2
50355965,2
50308940,1
50289937,2
50345010,1
50328451,2
50208967,1
50353349,2
50327474,1
50338715,1
50319396,1
50341336,2
50266986,1
50316461,2
50314821,1
50152209,2
50210213,2
50259784,2
50275788,2
50301441,2
50304116,2
50222044,1
50308786,1
50271619,1
50324112,2
50357284,1
50331021,2
50349017,2
50349001,1
50354609,1
50302032,1
50310802,2
50251039,2
50354800,1
50350586,2
50300944,2
50356178,1
50313665,1
50350690,3
50297465,1
50356265,2
50274932,2
50352365,1
50301142,1
50338739,2
50353554,1
50352716,3
50278795,1
50308404,2
50297625,2
50239657,2
50301444,1
50270204,1
50276559,2
50238700,2
50260132,2
50077507,2
50354608,1
50349000,1
50353303,2
50342314,2
50356181,1
50291704,1
50197835,1
50240323,2
50353496,2
50334209,2
50251357,1
50323250,1
50358163,1
50294637,1
50176234,1
50345692,2
50308904,2
50292232,1
50312715,2
50263264,1
50354411,1
50052444,2
50337863,1
50202141,2
50256660,1
50321593,1
50294054,2
50345209,2
50266881,1
50060338,2
50320438,1
50252962,1
50079094,2
50278327,2
50145103,2
50181765,2
50355604,2
50333699,2
50311692,1
50351020,1
50307549,2
50224313,2
50002003,2
50326545,1
50346197,2
50344717,2
50356001,1
50235432,2
50276020,1
50302364,1
50294053,2
50190703,2
50356266,2
50264098,1
50231733,2
50281867,1
50267995,1
50355392,2
50339858,4
50309394,1
50280734,1
50189766,2
50315053,2
50272584,1
50314180,1
50284951,2
50345691,2
50264616,2
50356983,1
50286761,2
50322831,1
50310445,1
50249242,2
50293989,1
50353348,2
50327559,1
50302365,1
50314771,2
50316462,2
50353495,2
50306708,1
50316663,1
50172977,2
50212726,1
50247785,1
50352717,2
50227003,1
50327906,2
50317854,2
50347265,2
50282217,1
50311536,1
50310478,1
50329496,1
50217640,2
50354679,2
50355969,1
50361540,1
50342245,2
50354678,2
50098251,1
50132355,2
50276018,2
50363350,2
50309395,1
50305445,1
50205666,1
50301163,1
50163127,1
50363700,1
50301222,1
50364609,1
50359178,2
50270842,1
50345302,2
50351313,2
50273010,1
50308719,1
50272857,2
50356958,2
50356782,1
50333737,2
50311691,1
50253987,2
50342270,2
50364305,1
50230349,1
50361669,2
50352105,1
50355045,1
50352337,1
50267916,1
50311998,1
50363525,1
50333049,2
50325026,1
50284789,1
50359410,1
50358415,1
50347324,2
50243991,2
50330766,1
50242594,1
50296676,1
50356957,2
50318378,1
50355970,1
50296377,2
50343586,2
50321765,2
50346198,2
50339547,2
50299257,2
50314772,2
50341441,1
50309493,1
50305444,1
50366273,1
50243202,1
50306755,2
50004571,1
50339035,2
50270989,2
50184594,1
50322473,2
50337563,1
50253415,1
50368083,1
50278438,1
50278511,1
50347735,2
50353285,1
50368461,2
50220718,2
50263724,1
50344025,2
50352216,1
50267103,1
50308274,2
50345301,2
50178056,1
50363698,1
50272558,1
50222822,2
50247661,2
50126429,1
50312281,2
50312282,2
50276560,2
50325380,2
50289557,2
50337562,1
50247986,2
50361276,1
50325381,2
50361277,1
50354179,2
50275694,1
50344718,2
50230273,2
50369629,1
50337968,1
50286796,2
50280910,2
50314595,1
50368460,2
50289944,2
50289881,1
50275094,1
50306657,2
50291754,1
50353529,2
50356408,1
50359080,2
50283711,1
50330613,1
50364688,2
50294597,2
50298296,2
50239455,1
50305820,2
50225808,1
50307073,2
50310205,2
50358416,1
50137771,2
50334647,1
50307249,2
50339116,2
50350151,2
50348522,1
50322584,2
50369543,1
50339245,2
50370919,1
50285596,2
50365507,2
50296957,2
50365508,2
50354537,2
50211528,1
50368656,2
50352095,1
50371639,1
50306684,1
50335918,2
50371886,2
50289841,1
50099809,1
50370146,2
50280898,2
50242551,2
50337226,1
50334584,1
50303273,1
50307235,2
50334646,1
50119474,2
50328053,1
50351245,1
50317117,2
50307102,1
50342073,1
50285394,2
50313158,2
50238383,1
50352104,1
50320018,2
50339548,2
49992090,2
50338256,2
50353514,1
50300153,1
50237596,2
50297222,1
50289207,1
50353733,2
50320746,1
50282162,1
50359411,1
50322573,2
50266232,2
50372259,2
50292407,1
50366882,1
50334003,2
50192773,2
50278312,2
50358649,2
50310548,1
50364306,1
50342381,1
50356186,2
50291944,1
50370028,2
50325936,1
50353530,2
50266899,2
49959505,1
50259726,1
50351019,1
50275590,1
50328832,2
50369295,1
50323406,2
50330771,2
50356629,2
50042216,2
50328844,1
50311535,1
50232279,2
50372306,2
50321112,1
50332259,1
50274515,1
50169451,1
50179167,1
50277440,2
50373972,1
50332107,2
50353189,2
50373973,1
50331177,2
50298015,2
50080688,1
50003158,2
50368655,2
50372648,1
50292704,1
50324930,1
50344239,1
49996731,1
50273525,1
50280733,1
50363679,3
50275290,2
50265250,1
50289424,2
50331855,2
50290537,2
50347319,1
50124815,2
50372177,1
50302288,1
50358584,1
50306406,2
50337969,1
50318888,1
50330963,1
50349231,2
50343982,1
50353396,1
50311791,2
50326037,2
50338785,1
50367293,1
50208785,1
50336183,2
50301150,2
50320463,2
50301151,2
50372946,2
50261608,2
50250693,2
50304481,1
50305967,2
50192889,1
50337227,1
50296677,1
50289643,2
50107398,1
50342006,1
50376497,1
50308919,1
50376677,2
50329800,1
50309181,1
50342380,1
50312061,2
50360714,2
50350626,1
50370145,2
50319395,1
50146575,1
50311104,1
50374586,1
50314946,1
50281914,2
50125931,2
50322399,2
50250597,2
50196376,2
50362287,1
50275787,2
50300569,1
50368050,2
50270990,2
50362806,2
50328559,2
50372647,1
50242840,2
50296784,1
50357774,1
50225465,2
50314874,1
50360538,1
50359004,2
50349804,1
50347884,2
50325940,1
50359081,2
50341365,4
50181281,2
50227583,2
50226841,2
50312329,2
50317036,1
50323619,2
50372178,1
50195498,2
50362242,2
49967601,1
50343350,1
50314587,1
50302174,1
50269293,2
50279031,2
50347885,2
50285732,2
50358916,2
50353397,1
50309465,4
50308405,2
50289208,1
50377334,1
50156776,1
50288945,2
50115721,1
50374839,1
50180164,2
50376060,1
50378836,1
50304480,1
50235433,2
50319925,2
50281408,2
50332258,1
50275823,1
50340884,1
50378076,1
50289744,1
50158813,1
50350513,2
50346768,1
50371783,1
50381020,2
50291554,1
50310974,1
50161698,2
50355254,1
50134804,2
50344555,2
50317933,2
50339034,2
50369351,2
50289462,2
50381468,2
50294811,2
50334787,2
50181624,2
50376211,2
50315888,2
50375025,2
50323756,1
50302170,1
50301704,1
50300898,1
50379635,1
50331359,1
50356182,1
50219830,1
50375478,1
50345210,2
50071132,2
50333048,2
50314875,1
50290077,1
50308098,1
50380015,2
50378331,1
50381104,2
50381105,2
50275435,4
50292846,2
50039074,1
50363819,1
50369350,2
50317157,1
50354003,2
50373257,2
50331854,2
50346085,2
50195560,2
50376059,1
50366773,2
50383376,2
50309803,2
50370721,2
50351537,1
50376496,1
50383508,1
50372447,2
50297986,1
50382208,1
50237281,2
50289836,1
50356185,2
50302947,1
49954125,1
50355393,2
50233919,4
50309426,1
50228533,2
50179885,2
50055187,2
50334346,2
50325252,2
50351108,1
50363958,2
50372260,2
50348606,1
50355760,1
50352882,1
50386144,2
50243990,2
50337997,2
50226049,2
50275822,1
50369628,1
50022309,1
50340300,2
50379636,1
50351983,2
50299684,1
50321630,1
50327718,1
50266739,1
50317515,1
50335681,1
50294310,1
50311103,1
50377400,1
50377401,1
50272291,2
50374840,1
50381420,1
50333713,2
50356630,2
50384281,2
50345952,2
50376325,1
50195668,2
50279997,1
50384899,1
50336809,2
50385048,1
50317514,1
50308957,2
50128645,1
50310778,2
50179597,1
50283476,1
50297464,1
50380116,2
50381066,2
50010383,2
50283336,1
50323197,4
50305819,2
50370200,2
50236817,1
50363856,2
50336449,1
50261096,1
50348725,2
50366990,2
50294075,1
50355841,2
50300544,2
50383507,1
50307897,2
50324409,1
50382209,1
50316109,2
50314594,1
50382296,1
49967602,1
50309226,2
50385195,1
50352366,1
50145425,2
50358958,1
50357883,1
50287214,2
50279032,2
50337119,4
50306756,2
50334517,1
50199660,1
50387257,1
50362251,2
50260278,2
50212060,1
50308920,1
50055808,2
50345985,2
50365651,2
50311790,2
50355966,2
50371273,2
50263276,1
50372542,2
50350838,1
50270521,2
50330767,1
50328845,1
50373624,1
50365168,1
50187106,2
50297859,2
50264617,2
50390254,2
50090635,2
50344841,1
50362807,2
50322795,2
50319876,2
50310900,1
50325698,1
50322856,2
50391876,2
50287215,2
50200106,1
50375424,2
49963456,1
50385501,1
50383847,1
50238699,2
50328580,2
50277260,2
50380050,1
50385728,3
50338949,2
50369294,1
50262741,2
50374957,2
50384280,2
50391733,2
49991261,2
50321592,1
50296173,2
50376683,2
50393513,2
50309101,1
50389268,1
50349342,1
50292845,2
50375423,2
50366314,1
50367365,1
50266752,1
50336172,1
50187156,1
50329050,2
50329051,2
50347215,2
50342820,1
50322664,2
50352896,2
50221666,1
50366764,1
50243730,1
50247979,1
50391732,2
50289463,2
50358915,2
50379752,1
50325957,2
50289901,1
50393752,2
50325939,1
50328444,2
50352878,2
50334877,2
50317037,1
50395558,1
50393005,2
50345937,1
50388996,1
50289482,2
50010423,2
50393184,1
50276019,1
50269294,2
50306504,1
50389269,1
50273301,1
50289900,1
50277660,1
50313635,1
50339859,4
50385729,3
50195438,2
50126606,1
50340050,2
50373258,2
50339256,2
50317383,2
50350198,1
50366774,2
50350150,2
50390255,2
50339405,1
50395786,2
50381021,2
50376947,2
50084332,2
50378391,2
50152180,2
50273444,2
50386678,3
50393753,2
50280764,1
50280661,2
50386677,3
50306709,1
50382900,1
50272290,2
50112761,1
50297609,4
50325197,2
50351392,2
50152970,2
50234229,1
50398432,2
50227467,1
50265166,2
50383337,2
50398577,1
50393004,2
50379361,1
50383594,1
50270522,2
50366991,2
50280909,2
50387939,1
50291553,1
50350512,2
50306683,1
50397584,3
50385459,2
50189163,2
50283568,1
50247701,2
50259853,2
50348371,1
50334585,1
50262541,2
50340301,2
50342819,1
50380594,2
50389975,1
50387175,1
50329231,1
50314538,2
50343611,2
50337862,1
50368051,2
50321419,2
50325354,1
50336703,2
50335063,2
50378075,1
50382661,2
50397480,1
50385362,2
50001820,1
50349826,1
50267104,1
50327719,1
50217201,1
50372021,2
50148407,1
50372026,2
50353553,1
50360740,2
50265725,2
50334516,1
50311466,2
50352877,2
50322574,2
50376316,2
50213321,2
50124257,1
50366077,1
50401585,1
50352094,1
50378174,1
50365771,2
50368891,1
50241712,1
50366518,2
50341492,1
50283602,2
50317752,2
50256992,2
50203679,2
50290538,2
50402396,1
50296016,2
50317902,2
50268680,2
50397099,1
50218897,1
50376324,1
50230350,1
50383437,1
50376345,1
50400035,2
50390318,1
50241427,2
50357264,2
50358700,2
50355994,2
50357093,1
50303719,2
50346767,1
50235745,2
50371711,2
50302400,1
50369009,1
50255726,2
50314035,1
50378332,1
50399327,1
50380014,2
50364567,2
50313815,1
50383871,2
50396719,1
50280897,2
50395140,2
50315242,2
50388666,2
50198820,2
50366806,2
50356984,1
50387569,1
50321739,1
50315828,2
50398578,1
50393255,1
49982678,1
50352338,1
50273406,1
50361617,1
50397481,1
50344240,1
50044685,2
50240239,1
50341442,1
50347248,2
50305818,2
50399578,2
50340152,2
50384408,2
50402395,1
50209449,2
50378790,1
50373625,1
49976543,1
50387258,1
50370762,2
50304392,2
50299168,2
50399916,1
50296699,2
50401287,2
50308905,2
50380634,2
50400034,2
50355920,1
50395785,2
50350325,2
50390487,1
50355993,2
50241837,1
50332781,1
50402877,1
50292595,1
50319566,2
50402944,1
50387940,1
50396342,1
50400160,2
50382457,2
50385363,2
50371504,1
50394721,1
50378275,2
50402068,1
50385524,2
50382660,2
50361810,1
50355427,1
50301141,1
50334231,1
50294846,2
50363820,1
50383989,2
50333580,2
50378835,1
50347403,2
50345938,1
50375121,2
50366763,1
50375181,2
50357289,1
50256607,2
50400159,2
50314895,2
50386452,1
50241822,1
50364566,2
50331360,1
50370152,1
50355426,1
50255727,2
50322569,1
50284817,2
50327907,2
50201902,2
50349974,2
50378721,2
50400729,1
50347325,2
50330924,2
50339093,1
50349984,1
50265854,2
50333538,2
50340626,2
50406455,2
50390045,2
50312853,2
50387523,2
50406592,2
50398371,2
50300754,2
50406696,2
50294309,1
50277659,1
50405698,1
50319175,1
50365652,2
50299616,1
50405815,2
50322260,1
50253223,1
50344291,2
50303366,2
50392339,1
50344526,1
50409054,1
50409073,1
50372126,2
50387142,2
50358442,1
50406695,2
50368027,1
50378121,2
50399968,2
50405527,1
50345986,2
50405528,1
50404401,2
50401584,1
50271615,2
50402882,1
50324378,1
50353266,1
50405812,1
50375577,2
50367414,1
50402255,1
50328052,1
50330709,2
50374958,2
50347275,2
50322663,2
50374844,1
50341766,2
50319842,2
50386007,2
50362286,1
50410791,2
50336496,2
50399915,1
50343392,2
50409572,2
50028074,1
50297965,1
50406824,2
50326785,1
50382200,1
50375240,2
50394591,2
50342359,1
50274516,1
50353265,1
50402945,1
50353284,1
50405699,1
50350544,1
50271889,1
50404564,2
50356000,1
50358162,1
50295594,2
50371887,2
50404982,2
50182423,1
50267917,1
50338765,1
50403158,1
50304025,2
50367773,2
50406033,2
50374845,1
50239681,1
50330741,2
50315182,1
50323849,1
50398372,2
50384898,1
50391757,2
50364135,2
50390340,2
50254921,1
50393185,1
50306363,2
50411119,2
50371272,2
50383705,1
50332755,2
50307898,2
50195272,1
49998744,1
50355044,1
50368892,1
50371710,2
50396720,1
50278970,4
50374732,1
50337003,2
49997665,1
50016914,2
50368026,1
50375122,2
50410985,1
50303342,1
50408218,2
50377987,1
50282961,2
50404128,2
50406823,2
50289938,2
50360112,2
50364428,1
50390488,1
50409712,1
50379362,1
50354801,1
50412696,1
50295382,1
50323251,1
50364580,1
50405735,1
50323208,1
50382693,1
50349803,1
50380051,1
50284138,2
50349825,1
50325154,4
50256215,2
50268491,2
50355648,1
50359510,1
50375182,2
50340509,2
50359527,2
50401227,2
50308958,2
50404127,2
50408363,2
50256503,2
50302142,2
50382456,2
50347736,2
50355974,2
50274931,2
50415612,1
50371638,1
50414106,1
50405940,1
50308370,2
50402069,1
50336094,1
50280662,2
50366466,1
50413199,2
50219589,2
50359003,2
50377424,1
50304117,2
50232321,2
50373137,1
50351082,1
50406032,2
50353732,2
50414504,2
50375713,2
50400728,1
50356557,2
50373138,1
50409074,1
50369544,1
50356972,1
50373420,2
50349144,2
50373690,2
50356781,1
50348906,2
50415103,2
50270203,1
50415326,1
50407120,1
50271399,2
50386453,1
50409930,2
50412697,1
50401745,2
50386468,2
50416786,2
50408416,2
50375625,2
50107745,1
50404594,2
50388215,1
50407659,1
50366315,1
50388358,1
50402128,1
50382692,1
50292004,1
50393796,2
50330612,1
50314036,1
50309406,1
50319234,1
50311090,2
50319608,4
50297610,4
50241672,2
50409263,2
50405439,1
50356971,1
50408194,1
50355759,1
50387141,2
50391586,2
50391652,1
50405438,1
50289428,2
50415325,1
50118884,1
50000515,1
50408417,2
50303718,2
50378175,1
50407316,2
50340883,1
50321781,1
50407346,1
50414168,2
50317753,2
50320464,2
50347033,1
50367364,1
50411362,2
50418715,1
50404856,2
50399338,2
50228318,1
50413257,2
50237511,1
50254404,2
50378649,1
50174445,1
50417208,2
50392340,1
50301410,2
50330772,2
50217476,2
50343018,2
50236968,1
50386145,2
50113993,1
50237191,1
50388867,2
49997885,1
50354536,2
50416529,2
50324377,1
50354564,1
50404168,2
50418216,2
50311864,1
50419503,2
50354949,1
50381036,1
50234191,2
50396319,2
50378392,2
50403143,1
50399364,4
50400368,2
50418628,1
50418714,1
50336869,2
50363459,1
50301223,1
50272361,2
50364690,2
50259787,2
50369470,2
50413480,1
50340630,2
50187209,1
50400972,2
50119821,2
50406436,1
50417626,1
50319841,2
50373260,1
50351432,1
50307550,2
50300714,2
50350602,2
50310828,2
50333736,2
50419556,1
50336717,2
50419566,2
50375477,1
50378276,2
50300143,1
50391080,1
50401987,2
50368876,1
50348003,2
50399337,2
50419697,1
50365930,2
50256735,1
50418738,1
50364608,1
50404983,2
50366272,1
50343981,1
50382874,2
50322474,2
50362250,2
50378789,1
50206594,1
50417209,2
50366730,2
50373076,1
50359511,1
50420329,1
50391681,2
50420284,2
50408219,2
50421977,1
50411038,2
50420714,1
50264825,2
50289502,1
50372541,2
50417788,2
50366731,2
50420768,1
50340629,2
50289589,2
50420812,2
50343549,1
50407119,1
50333868,1
50288484,2
50189491,1
50409929,2
50396291,2
50256659,1
50416779,2
50419567,2
50397569,1
50375624,2
50415946,1
50308371,2
50189572,2
50359177,2
50318033,2
50406121,2
50358336,2
50348605,1
50378722,2
50247978,1
50419186,1
50351393,2
50403520,2
50413594,2
50421936,2
50320178,1
50394283,2
50370918,1
50415096,2
50416601,2
50411039,2
50393092,2
50212538,2
50378120,2
50298042,1
50416861,1
50334876,2
50294076,1
50364416,1
50388357,1
50353190,2
50385478,1
50356177,1
50162001,1
50358016,2
50423969,1
50054241,2
50412905,1
50335932,2
50414105,1
50408719,1
50261490,1
50313719,2
50040957,2
50352759,1
50304317,2
50422879,2
50405313,2
50330813,2
50413569,1
50401226,2
50424756,1
50361226,1
50394484,2
50386159,2
50298779,2
50422191,2
50272124,1
50363114,1
50319043,1
50290076,1
50261491,1
50407315,2
50421306,2
50338766,1
50419724,2
50275164,1
50380286,1
50317801,1
50419942,1
50364820,2
50328109,2
50221971,2
50241523,2
50362633,2
50011700,2
50320116,1
50419476,2
49959280,2
50348907,2
50293656,2
50000195,1
50422326,2
50327558,1
50414169,2
50421370,2
50360271,2
50417063,2
50211471,2
50280473,2
50416059,3
50148408,1
50416232,1
50309872,2
50388696,2
50413570,1
50424733,2
50403965,1
50423552,2
50427692,1
50375395,1
50363124,1
50377293,1
50320439,1
50413228,2
50417050,2
50278269,2
50413403,2
50410630,1
50422878,2
50314492,1
50416294,1
50311602,2
50111768,2
50388665,2
50423058,1
50370771,2
50320153,2
50426018,2
50357214,1
50419475,2
50424918,2
50427691,1
50010562,1
50275695,1
50335680,1
50390854,1
50421305,2
50416689,2
50419649,2
50376617,2
50427956,2
50419698,1
50403151,2
50403144,1
50192540,1
50356366,1
50189765,2
50313816,1
50378486,2
50294598,2
50348191,2
50350890,2
50306830,1
50413481,1
50383270,1
50389687,2
50413593,2
50307161,1
50257504,2
50410907,1
50430377,2
50415104,2
50325684,2
50214303,2
50313802,2
50361697,1
50363458,1
50427957,2
50419648,2
50422429,1
50422430,1
50400359,4
50385500,1
50383846,1
50356346,2
50377340,1
50353513,1
50323207,1
50333382,1
50347318,1
50380509,2
50408831,2
50370770,2
50146550,2
50365410,1
50379096,1
50409477,2
50421235,2
49978468,2
50325153,4
50325937,1
50341049,1
50317745,1
50419710,2
50421369,2
50372839,1
50394722,1
50291680,2
50363699,1
50266882,1
50242467,2
50394107,2
50351081,1
50350405,2
50424732,2
50380510,2
50357213,1
50398431,2
49979097,2
50382201,1
50423553,2
50421144,2
50426615,1
50431847,2
50427695,2
50364341,1
50327155,2
50364417,1
50289880,1
50361616,1
50418278,2
50344985,1
50332839,2
50394776,1
50411363,2
50291679,2
50374587,1
50348313,2
50240547,2
50430070,2
50395248,1
50366881,1
50386164,1
50357290,1
50424884,2
50317280,1
50421030,1
50404199,2
50389165,1
50364342,1
50416989,1
50382901,1
50413198,2
50358017,2
50003532,1
50350197,1
50086672,1
50278311,2
50367841,1
50386939,2
50362395,1
50111767,2
50351786,1
50310547,1
50416530,2
50353302,2
50332436,2
50397251,2
50257505,2
50299685,1
50369956,1
50413945,2
50423946,2
50361541,1
50388272,1
50414218,4
50377341,1
50377292,1
50372840,1
50402129,1
50418868,2
50432650,1
50417065,1
50245060,2
50373259,1
50417554,1
50341765,2
50392632,1
50340210,2
50350322,2
50391453,1
50365167,1
50387192,1
50406835,1
50328443,2
50425987,1
50434302,2
50434303,2
50370758,1
50289588,2
50332754,2
50370618,2
50367057,1
50004296,1
50274500,2
50262205,2
50383872,2
50414082,1
50197836,1
50370151,1
50417064,2
50400360,4
50435452,1
50402333,2
50323407,2
50347264,2
50364691,2
50372150,2
50370619,2
50417248,2
50401084,2
50352823,2
50432939,1
50278359,1
50378958,1
50427494,2
50384556,1
50415095,2
50388997,1
50330031,1
50320152,2
50419557,1
50338786,1
50374015,2
50379869,1
50412865,1
50419502,2
50427024,2
50368875,1
50430823,2
50402254,1
50407849,1
50407850,1
50039881,2
50438266,1
50311603,2
50390044,2
50334636,2
50401184,2
50424885,2
50394614,2
50438816,1
50146271,2
50404593,2
50433390,3
50389340,1
50415797,1
50281708,1
50371782,1
50102644,1
50364689,2
49994260,2
50383987,2
50293655,2
50428278,2
50390357,2
50435700,1
50391680,2
50276904,2
50373189,1
50394562,1
50378957,1
50390626,2
50350543,1
50358779,2
50291753,1
50350603,2
50418353,2
50430669,2
50437715,1
50347910,2
50433529,1
50375599,1
50391083,1
50211472,2
50424442,2
50389421,2
50348372,1
50328063,2
50430069,2
50367772,2
50356558,2
50228571,2
50405314,2
50417555,1
50438594,2
50145102,2
50416602,2
50437494,1
50246550,1
50393093,2
50363557,1
50440472,1
50286978,1
50397471,1
50333867,1
50390853,1
50413229,2
50411306,1
50388216,1
50432476,1
50411367,1
50349596,1
50402326,1
50113287,2
50326188,1
50410792,2
50387095,1
50386940,2
50339115,2
50402614,2
50361224,2
50333693,1
50402509,2
50424757,1
50444088,2
50201266,2
50024114,1
50406961,2
50393254,1
50367058,1
50391758,2
50413952,1
50413946,2
50443236,1
50396341,1
50396292,2
50394804,2
50433496,2
50414137,1
50275349,1
50397570,1
50407660,1
50371917,1
50243158,2
50402335,2
50348724,2
50422725,1
50375806,2
50420019,1
50421912,2
50369437,1
50377841,1
50438502,1
50397082,2
50358583,1
50376579,2
50356733,2
50408193,1
50435943,1
50430405,2
50433135,2
50376420,1
50444218,2
50437506,1
50071338,2
50376578,2
50390408,1
50375394,1
50425195,2
50399363,4
50437746,3
50433467,1
50446296,1
50366222,1
50177912,2
50378471,2
50372020,2
50395141,2
50022547,1
50443789,2
50359649,2
50372171,2
50421971,2
50341965,2
50409264,2
50350324,2
50318307,1
50434465,1
50339513,1
50329655,1
50433136,2
50266838,2
50436019,2
50412596,1
50376946,2
50436038,1
50303801,2
50443237,1
50385479,1
50443333,2
50424088,2
50302541,2
50422526,1
50337002,2
50443551,1
50350587,2
50362243,2
50363857,2
50400561,1
50446681,1
50435782,1
50404472,1
50437340,2
50424782,2
50412230,2
50406591,2
50358708,2
50425038,2
50394777,1
50437824,1
50375598,1
50440644,1
50264247,2
50432538,1
50317744,1
50440558,2
50326059,1
50356367,1
50295593,2
50314163,2
50242360,2
50268504,2
50336495,2
50331986,2
50447866,2
50394284,2
50376682,2
50421976,1
50417798,2
50397201,1
50401337,2
50365772,2
50357480,2
50430378,2
50357470,1
50427696,2
50047495,2
50412864,1
50434741,2
50360113,2
50443107,1
50446026,2
50422386,2
50380287,1
50422455,2
50434954,2
50433433,1
50374733,1
50438117,2
50363678,4
50444608,1
50446338,1
50334230,1
50338478,2
50350891,2
50436374,1
50407851,2
50362017,2
50265625,2
50358322,2
50361223,2
50228697,1
50386165,1
50412084,2
50437163,1
50352071,1
50445702,1
50442905,1
50418217,2
50424973,2
50328581,2
50177911,2
50440367,1
50300715,2
50224211,1
50397470,1
50448936,1
50385410,2
50366467,1
50426786,2
50418869,2
50380174,1
50432561,2
50356407,1
50326058,1
50435492,2
50409217,2
50256212,2
50363957,2
50439212,2
50157716,2
50444925,1
50395557,1
50359897,2
50450778,1
50348701,2
50440042,1
50442491,2
50413737,2
50357051,2
50337856,2
50302218,2
50446887,2
50438817,1
50341491,1
50108018,2
50445999,2
50182827,2
50449893,1
50313666,1
50422466,1
50344151,2
50432539,1
50448963,2
50440958,1
50446470,2
50372194,2
50276599,1
50364314,2
50401322,1
50438595,2
50409889,1
50446878,2
50445642,2
50276317,2
50451100,2
50429248,1
50451343,2
50338070,2
50371846,2
50399412,1
50405761,1
50440832,2
50361809,1
50440957,1
50372127,2
50294812,2
50430937,1
50443788,2
50439213,2
50355603,2
50417212,2
50447534,2
50349983,1
50397098,1
50356734,2
50435781,1
50241836,1
50387570,1
50324578,2
50390407,1
50451263,1
50445903,2
50451472,2
50015181,2
50408364,2
50437495,1
50415655,1
50341050,1
50388252,1
50416060,4
50320177,1
50336173,1
50225807,1
50292057,2
50298778,2
50392869,2
50254521,1
50452995,2
50453106,2
50303347,2
50395249,1
50360741,2
50425142,2
50451342,2
50452567,2
50454086,2
50455373,2
50451632,2
50226576,1
50407546,2
50448937,1
50366223,1
50450081,1
50443473,2
50419843,2
50411732,2
50368082,1
50407983,2
50387176,1
50375731,2
50424567,2
50092041,2
50416233,1
50402510,2
50424814,1
50383436,1
50455146,2
50446025,2
50383706,1
50380927,2
50453993,1
50391875,2
50367146,2
50372819,1
50385525,2
50306362,2
50437825,1
50428069,2
50415656,1
50367294,1
50451633,2
50452701,1
50435042,1
50452789,2
50422577,2
50449126,2
50415945,1
50046221,1
50380175,1
50435491,2
50455871,2
50400879,1
50036022,2
50439916,1
50416456,2
50456475,1
50205772,2
50390404,2
50412435,1
50411004,2
50384881,1
50290943,2
50451201,2
50078586,2
50407345,1
50367415,1
50400277,1
50446000,2
50360539,1
50394949,1
50284359,2
50435453,1
50262453,2
50366519,2
50452994,2
50413511,2
50297708,2
50305968,2
50438456,1
50386160,2
50343747,2
50202119,2
50332780,1
50403727,2
50362394,1
50364313,2
50449730,2
50458048,2
50411113,2
50413951,1
50335693,1
50451262,1
50404563,2
50423596,1
50413256,2
50335933,2
50354948,1
50320334,2
50381035,1
50452692,1
50449920,1
50303802,2
50274022,2
50370201,2
50432781,2
50378488,2
50458638,1
50419120,2
50294996,2
50378070,1
50385049,1
50377988,1
50397052,2
50415522,1
50459940,2
50400367,2
50416991,2
50391079,1
50236818,1
50400878,1
50347216,2
50384361,2
50458826,2
50369587,1
50450777,1
50436815,2
50442165,2
50365409,1
50416342,2
50179173,2
50437298,2
50462162,2
50440366,1
50462324,1
50460878,1
50462335,2
50273309,1
50415798,1
50460953,1
50377335,1
50178055,1
50450082,1
50441886,1
50092047,2
50455744,2
50400809,2
50409123,2
50395254,2
50375714,2
50370759,1
50419187,1
50397200,1
50416562,2
50442490,2
50444217,2
50429247,1
50418352,2
50390358,2
50360377,2
50280474,2
50334143,2
50404857,2
50462645,1
50405813,1
50399411,1
50347034,1
50306546,2
50124434,2
50347249,2
50465733,2
50400873,2
50413404,2
50316906,2
50413549,1
50020226,2
50448124,2
50312854,2
50415187,1
50333814,2
50451099,2
50456474,1
50416688,2
50466142,2
50388251,1
50356104,1
50452560,2
50460866,1
50418279,2
50342360,1
50389166,1
50457130,1
50434665,2
50465438,1
50380947,1
50451473,2
50427025,2
50330385,4
50449127,2
50378472,2
50430808,1
50391207,2
50443717,2
50344513,2
50409124,2
50336358,2
50265472,2
50369399,2
50464409,1
50376616,2
50455214,2
50285932,2
50397502,1
50465155,1
50467848,2
50399071,2
50462392,2
50292003,1
50403157,1
50298295,2
50394791,2
50465980,1
50411005,2
50357094,1
50272808,2
50467688,1
50389341,1
50357773,1
50455215,2
50371505,1
50416862,1
50435141,1
50422387,2
50414241,1
50352070,1
50422527,1
50419704,1
50441726,1
50450088,2
50364581,1
50441795,1
50443550,1
50318032,2
50258987,2
50381421,1
50464034,1
50339255,2
50433817,1
50354130,1
50414962,2
50423102,2
50116898,2
50466063,1
50313256,2
50404402,2
50442841,1
50463427,1
50380928,2
50427874,2
50266344,1
50460952,1
50454403,1
50465538,1
50414219,4
50444585,1
50275289,2
50239561,2
50411727,2
50375984,1
50465732,2
50409046,2
50468614,2
50392631,1
50404200,2
50389132,2
50369588,1
50439917,1
50357283,1
50390026,1
50408248,2
50466141,2
50300755,2
50412573,1
50443106,1
50364427,1
50214302,2
50049978,1
50470782,1
50385281,1
50425194,2
50457138,1
50372820,1
50430552,1
50458221,2
50459941,2
50388438,1
50408612,1
50396320,2
50430781,1
50080647,1
50116341,2
50446297,1
50417051,2
50281866,1
50338780,1
50373190,1
50265624,2
50395255,2
50422724,1
50471372,1
50411524,2
50450500,2
50438367,1
50472874,1
50404436,1
50226048,2
50422294,2
50402878,1
50460867,1
50445904,2
50414136,1
50426542,1
50470992,1
50061217,1
50422454,2
50193398,2
50470991,1
50469394,2
50460111,2
50452079,2
50359648,2
50375900,2
50286593,2
50287852,2
50434283,1
50452527,2
50408285,1
50474667,1
50429313,1
50277547,2
50439088,2
50392157,2
50418739,1
50272820,2
50389573,2
50334344,2
50452050,2
50350406,2
50376317,2
50439889,2
50406141,2
50321738,1
50441260,2
50428806,2
50417989,2
50357469,1
50421029,1
50411307,1
50332955,1
50451714,2
50427875,2
50468377,3
50352718,2
50309407,1
50352715,4
50375899,2
50466780,2
50401188,1
50432938,1
50464410,1
50416419,2
50333579,2
50017164,2
50344152,2
50466252,2
50055188,2
50401189,1
50470978,1
50470984,1
50241591,2
50194969,1
50432678,1
50430809,1
50472116,3
50416988,1
50408720,1
50366397,1
50460110,2
50356347,2
50407852,2
50410906,1
50354131,1
50386093,2
50419194,1
50446695,1
50302143,2
50385280,1
50401323,1
50376840,1
50397585,4
50385194,1
50422586,1
50470977,1
50422440,1
50443332,2
50452866,1
50441885,1
50328833,2
50455743,2
50453236,1
50340647,2
50425988,1
50413550,1
50406836,1
50383649,1
50404435,1
50420713,1
50453994,1
50469032,1
50434952,1
50433432,1
50474666,1
50459928,1
50432220,1
50430718,2
50405814,2
50427172,1
50382875,2
50402332,2
50380117,2
50348192,2
50472164,2
50377609,2
50367840,1
50433816,1
50332473,2
50419205,2
50343612,2
50411812,2
50390403,2
50195667,2
50166820,2
50434837,2
50462391,2
50262476,2
50419705,1
50444393,1
50460063,2
50452702,1
50447367,1
50411523,2
50403519,2
50377688,2
50403330,2
50432918,2
50446696,1
50439888,2
50466072,1
50477005,2
50417627,1
50472737,2
50419320,2
50416341,2
50481194,1
50389120,1
50449731,2
50435942,1
50420537,2
50473088,2
50412572,1
50441727,1
50434920,1
50380948,1
50397503,1
50433391,4
50476503,2
50479348,1
50371847,2
50432560,2
50334347,2
50463103,2
50375805,2
50430169,2
50439820,1
50447658,2
50461978,1
50413791,2
50479873,1
50321420,2
50449650,2
50462169,2
50465156,1
50302540,2
50481723,1
50415614,1
50425141,2
50372877,1
50471943,1
50343642,2
50335919,2
50474793,2
50397429,2
50463752,2
50477608,3
50406120,2
50301624,2
50432917,2
50402383,2
50384557,1
50033479,2
50422093,1
50426105,2
50463428,1
50448271,2
50419195,1
50412604,1
50412904,1
50444312,2
50417988,2
50458039,2
50480226,1
50433495,2
50415791,1
50309494,1
50380635,2
50400872,2
50372420,2
50355919,1
50459317,1
50483800,2
50479872,1
50409890,1
50391656,1
50451378,2
50454215,2
50481722,1
50462433,2
50325025,1
50457329,1
50331426,2
50399579,2
50303318,1
50476765,2
50466781,2
50483200,2
50483455,2
50482463,2
50485241,1
50477004,2
50438503,1
50482634,2
50275830,1
50460651,2
50376344,1
50438805,2
50411120,2
50451561,2
50443686,2
50231905,2
50466537,1
50433463,1
50402327,1
50437978,1
50487628,1
50384092,2
50301411,2
50384360,2
50439267,2
50392789,2
50424815,1
50280344,2
50482464,2
50489125,2
50303447,2
50486698,2
50462323,1
50444319,1
50378071,1
50349232,2
50447140,1
50430719,2
50177295,2
50458639,1
50423059,1
50395237,2
50343017,2
50431309,2
50389974,1
50438506,1
50047240,2
50397062,2
50488052,1
50437284,2
50478739,2
50414028,2
50445853,1
50437979,1
50482893,2
50343953,2
50485677,1
50415792,1
50477433,1
50460062,2
50490401,1
50404771,1
50365929,2
50372027,2
50463104,2
50387524,2
50455117,1
50397053,2
50336643,2
50439821,1
50238932,2
50416561,2
50489237,2
50412229,2
50435858,1
50401185,2
50488106,2
50484237,1
50412605,1
50379751,1
50439089,2
50302401,1
50440533,1
50281913,2
50357263,2
50444607,1
50482203,2
50476504,2
50466538,1
50418807,1
50461107,1
50473780,1
50485829,2
50125741,2
50383988,2
50452051,2
50436656,2
50437136,1
50286795,2
50397383,1
50296658,2
50446886,2
50464633,2
50485450,2
50467689,1
50474511,2
50482771,2
50452693,1
50382297,1
50423721,1
50327156,2
50471942,1
50487584,2
50450134,1
50359896,2
50339370,2
50452556,2
50081693,1
50493843,1
50355255,1
50455521,1
50416780,2
50436349,1
50081694,1
50389420,2
50338779,1
50373075,1
50359272,2
50493452,1
50397083,2
50314164,2
50489126,2
50444926,1
50358701,2
50408286,1
50290064,2
50434921,1
50483982,2
50361444,2
50431658,1
50419711,2
50455392,2
50403066,1
50492657,2
50444382,1
50444425,1
50435140,1
50401744,2
50388437,1
50400329,1
50494053,1
50314947,1
50432723,2
50416295,1
50435701,1
50471321,1
50493394,1
50383398,1
50281409,2
50458993,2
50373691,2
50460685,1
50383399,1
50489238,2
50342244,2
50420811,2
50429314,1
50482894,2
50407545,2
50424443,2
50404713,1
50422578,2
50234859,1
50382447,2
50422585,1
50458474,1
50438424,1
50362632,2
50492658,2
50480111,1
50444318,1
50433468,1
50422439,1
50302175,1
50438984,1
50441796,1
50468328,2
50493395,1
50446682,1
50433058,1
50369398,2
50469889,2
50447910,2
50497740,1
50358780,2
50437609,1
50452790,2
50444392,1
50449867,2
50479347,1
50451560,2
50419725,2
50433530,1
50430824,2
50408249,2
50419226,2
50387732,2
50452566,2
50493842,1
50475976,2
50408611,1
50446153,1
50471027,1
50476545,1
50458220,2
50494061,1
50502307,1
50439140,2
50476546,1
50471320,1
50075492,1
50403728,2
50482430,1
50445641,2
50494945,2
50376421,1
50415188,1
50497910,2
50292596,1
50462646,1
50443285,2
50459929,1
50485813,2
50428072,2
50477536,2
50458367,2
50429934,2
50385853,2
50482431,1
50364870,1
50366972,2
50392903,2
50306267,2
50404147,2
50397382,1
50495048,2
50355973,2
50348667,2
50486697,2
50400134,2
50437507,1
50498101,2
50454415,1
50443284,2
50485676,1
50413902,2
50450092,1
50501341,1
50366396,1
50496101,2
50453197,2
50487982,2
50453775,2
50318306,1
50434740,2
50495047,2
50449894,1
50422495,2
50449919,1
50440534,1
50473685,2
50494006,1
50491146,1
50432198,2
50472117,4
50492965,2
50408699,1
50382446,2
50444571,1
50414242,1
50458368,2
50419842,2
50330812,2
50347338,2
50445166,2
50449269,1
50402503,2
50401085,2
50505881,2
50289472,2
50485355,2
50499111,2
50488105,2
50497911,2
50420767,1
50506205,2
50066311,2
50500903,2
50506206,2
50429203,1
50448272,2
50473535,2
50425148,1
50433484,2
50476401,1
50444644,2
50452843,2
50287336,2
50436373,1
50493231,2
50378650,1
50466954,1
50474073,1
50337996,2
50446785,2
50489305,1
50081439,1
50409476,2
50458049,2
50344026,2
50499112,2
50440643,1
50414961,2
50095815,1
50423720,1
50502277,2
50492966,2
50446339,1
50494085,2
50443716,2
50443851,2
50494209,2
50347337,2
50441244,2
50347573,2
50071131,2
50486886,1
50508753,2
50467669,1
50453918,2
50449614,1
50455539,1
50481842,1
50447141,1
50427963,2
50447146,1
50510485,1
50494054,1
50374110,2
50334637,2
50477840,2
50471373,1
50431443,1
50420287,2
50509807,2
50499969,1
50497440,2
50493460,2
50458992,2
50332954,1
50484075,2
50510188,2
50423968,1
50438806,2
50510236,1
50392158,2
50477395,1
50477394,1
50510344,1
50448962,2
50434953,1
50430668,2
50498476,2
50363349,2
50501342,1
50474792,2
50439068,1
50414083,1
50438116,2
50482202,2
50505096,2
50439142,2
50394108,2
50447657,2
50453265,2
50508299,2
50500023,2
50414503,2
50493459,2
50379095,1
50493584,2
50450809,2
50383336,2
50481303,1
50284227,2
50389121,1
50471675,1
50415521,1
50375641,2
50511862,1
50480186,1
50467849,2
50459767,2
50507715,3
50477375,1
50511910,1
50485830,2
50422465,1
50444584,1
50361668,2
50477609,4
50504139,2
50380128,1
50490402,1
50452867,1
50479459,2
50290270,2
50430170,2
50445014,2
50404167,2
50474171,1
50512524,1
50452253,1
50490651,2
50371184,2
50474072,1
50417858,2
50497441,2
50488053,1
50390319,1
50387731,2
50510187,2
50495246,2
50509009,2
50502026,1
50481843,1
50492651,1
50502276,2
50470983,1
50501445,2
50501446,2
50493144,2
50082880,1
50391454,1
50444152,2
50509808,2
50332106,2
50433059,1
50515521,2
50425039,2
50450397,2
50324441,2
50414821,1
50351538,1
50515684,2
50460877,1
50509085,2
50513058,2
50401986,2
50447366,1
50425149,1
50513209,2
50366973,2
50480345,2
50493143,2
50474906,2
50429935,2
50471468,2
50464173,2
50481044,1
50426501,1
50471613,2
50337857,2
50436096,1
50453768,2
50422190,2
50448401,2
50376841,1
50453917,2
50517575,1
50516027,1
50450133,1
50436350,1
50273526,1
50432477,1
50338950,2
50515298,2
50398225,2
50355647,1
50442593,1
50486220,2
50494946,2
50438507,1
50508507,2
50435857,1
50449613,1
50453776,2
50470569,2
50424155,2
50510467,2
50454404,1
50427962,2
50452783,1
50513259,2
50468147,1
50504138,2
50515076,2
50515175,2
50480346,2
50418790,2
50347274,2
50512477,2
50372419,2
50328064,2
50431659,1
50513795,2
50313636,1
50518280,1
50495245,2
50486764,1
50400165,2
50445854,1
50462300,1
50455372,2
50520376,1
50306545,2
50507714,3
50086088,2
50421433,2
50487583,2
50316328,2
50474905,2
50232530,2
50361231,2
50464033,1
50494257,2
50417279,2
50512525,1
50438394,2
50420112,2
50499970,1
50438457,1
50474422,1
50394483,2
50490864,2
50440557,2
50413903,2
50440043,1
50407091,1
50442592,1
50386439,2
50492521,1
50475810,1
50429652,1
50520375,1
50520317,2
50349595,1
50432076,2
50418833,1
50495876,1
50436097,1
50473847,2
50375578,2
50359273,2
50400560,1
50333813,2
50497602,1
50320055,2
50445701,1
50512978,2
50455393,2
50509010,2
50313523,2
50360715,2
50496852,1
50266900,2
50375642,2
50523354,1
50515062,1
50100966,1
50257646,1
50420330,1
50476845,2
50445013,2
50465979,1
50296015,2
50414822,1
50513794,2
50455118,1
50518281,1
50345951,2
50319877,2
50448123,2
50460674,2
50466071,1
50451379,2
50464946,2
50318511,2
50521215,1
50383685,2
50473277,1
50429651,1
50484465,1
50491233,2
50336170,2
50301440,2
50411728,2
50521836,2
50519197,1
50361227,1
50464608,1
50462161,2
50404471,1
50377840,1
50508884,1
50460793,2
50361443,2
50421143,2
50300804,2
50476402,1
50488545,1
50448989,2
50462992,2
50418979,4
50524545,2
50447680,2
50408830,2
50439266,2
50438368,1
50386278,2
50483799,2
50478181,1
50358648,2
50312684,2
50392790,2
50508754,2
50423597,1
50517265,1
50473715,1
50504860,1
50524140,2
50524173,2
50443584,1
50466605,1
50451715,2
50384409,2
50498831,1
50488757,2
50498868,1
50246398,2
50424468,2
50432923,2
50418980,4
50461923,2
50340508,2
50498867,1
50508508,2
50447865,2
50515540,2
50489510,1
50460684,1
50447181,2
50481577,1
50523958,2
50518488,2
50430543,1
50505002,1
50524273,2
50490175,1
50494005,1
50415613,1
50422506,1
50422691,2
50485994,2
50361230,2
50458538,2
50436893,1
50461918,1
50436655,2
50501725,2
50437608,1
50324113,2
50529458,1
50478740,2
50514821,2
50459766,2
50528467,1
50507628,2
50522979,1
50510235,1
50442904,1
50500904,2
50494025,2
50523353,1
50273412,1
50367409,2
50428058,2
50472141,1
50529031,2
50406456,2
50428218,2
50424467,2
50412436,1
50530326,1
50281392,2
50474591,2
50504859,1
50512948,1
50360270,2
50438985,1
50520452,2
50516026,1
50470781,1
50531632,3
50505001,1
50351107,1
50490643,2
50478180,1
50486544,1
50494711,1
50467228,2
50508575,2
50526516,1
50463369,1
50474423,1
50481256,1
50436039,1
50499333,1
50512888,2
50360491,1
50498055,1
50501267,1
50435043,1
50404770,1
50167153,2
50529784,1
50463805,1
50471105,2
50488468,2
50443472,2
50455624,2
50425456,2
50427395,2
50383375,2
50438548,2
50402553,2
50419943,1
50117567,1
50486314,1
50472698,2
50484015,1
50373472,2
50527779,2
50377687,2
50529324,2
50522446,1
50462170,2
50470581,1
50477434,1
50471133,1
50510486,1
50531528,2
50428070,2
50333712,2
50489615,2
50339244,2
50512834,2
50394209,2
50317903,2
50423379,2
50484464,1
50522445,1
50092663,1
50486885,1
50434936,1
50463529,2
50402554,2
50397526,1
50474625,1
50383967,2
50444643,2
50468475,2
50468474,2
50391208,2
50457489,2
50461422,2
50352760,1
50364869,1
50372151,2
50485240,1
50445165,2
50464609,1
50529309,2
50534794,2
50472873,1
50472947,1
50534793,2
50536424,1
50456670,1
50520318,2
50520276,2
50522980,1
50482886,1
50481928,1
50380129,1
50466606,1
50427173,1
50363556,1
50416990,2
50474166,2
50509736,1
50458539,2
50494210,2
50512476,2
50419045,2
50524755,1
50494835,1
50534792,2
50488240,1
50508576,2
50525420,2
50386006,2
50464866,2
50536578,1
50536577,1
50492652,1
50514820,2
50494056,1
50532517,1
50371916,1
50375241,2
50479588,1
50439482,2
50435821,1
50528082,2
50397525,1
50533965,1
50503559,2
50498100,2
50465140,1
50463777,2
50526951,1
50534337,2
50507750,2
50534446,2
50483129,2
50457488,2
50256211,2
50482349,1
50502833,2
50476764,2
50485995,2
50522173,2
50505863,1
50497741,1
50516563,2
50538849,2
50273231,2
50115180,1
50493607,1
50465437,1
50536423,1
50473189,1
50482878,1
50468146,1
50425119,2
50511863,1
50540615,2
50495875,1
50518806,1
50507627,2
50372876,1
50417213,2
50325253,2
50375732,2
50319773,2
50354565,1
50458475,1
50421970,2
50483808,1
50314683,2
50474512,2
50540335,2
50518297,2
50525421,2
50483935,2
50479904,1
50495308,1
50424089,2
50537937,1
50437527,2
50493939,1
50480225,1
50480201,1
50097185,2
50524559,1
50434028,2
50425797,2
50490633,1
50419206,2
50538848,2
50393461,2
50493826,1
50469161,1
50209916,2
50492522,1
50497977,1
50473487,1
50488356,2
50484494,1
50501162,1
50452837,1
50473846,2
50529746,1
50433462,1
50457673,1
50457672,1
50436710,1
50477841,2
50455872,2
50296956,2
50474154,2
50541553,1
50515539,2
50530840,1
50540336,2
50349155,2
50453783,2
50460875,1
50324442,2
50493825,1
50241955,1
50354994,2
50507749,2
50505076,2
50358335,2
50485037,2
50472539,1
50461329,2
50431846,2
50505964,2
50481257,1
50372195,2
50373269,2
50473190,1
50391655,1
50467668,1
50434464,1
50543185,2
50493863,2
50528466,1
50498330,1
50494060,1
50543461,1
50545125,1
50463804,1
50418629,1
50272819,2
50502834,2
50419119,2
50527778,2
50493410,2
50530839,1
50482678,2
50411002,2
50384193,2
50282741,2
50376926,2
50132961,1
50537938,1
50510468,2
50400330,1
50490176,1
50361698,1
50543460,1
50471134,1
50343641,2
50512184,1
50432780,2
50466955,1
50534702,1
50386092,2
50372172,2
50245079,2
50486742,1
50541853,1
50491147,1
50457131,1
50502120,2
50480200,1
50502306,1
50471005,1
50520322,2
50524270,1
50545366,2
50545377,1
50479460,2
50468376,4
50375824,2
50482274,2
50427330,2
50529120,2
50531845,2
50409291,2
50408022,2
50512667,2
50521032,1
50512668,2
50371185,2
50391653,1
50479905,1
50454562,2
50497603,1
50522762,1
50543184,2
50533801,1
50357884,1
50444424,1
50535292,2
50370763,2
50479771,1
50426106,2
50486315,1
50257516,2
50304024,2
50544333,2
50377606,2
50409711,1
50466064,1
50436892,1
50500931,1
50448148,1
50531040,2
50474624,1
50197010,2
50489726,2
50482877,1
50453784,2
50465537,1
50501077,1
50491460,1
50436904,2
50482625,2
50534703,1
50374014,2
50499063,2
50254922,1
50461917,1
50518487,2
50448787,2
50550268,1
50486741,1
50437714,1
50526689,2
50484510,1
50506581,2
50473579,1
50481929,1
50484664,1
50494055,1
50473578,1
50496851,1
50496780,2
50176931,1
50432679,1
50408805,2
50471304,2
50509764,1
50529030,2
50479805,1
50453107,2
50551211,2
50306407,2
50521031,1
50543110,2
50528083,2
50484137,2
50447145,1
50465139,1
50443217,2
50485628,1
50545084,1
50554459,1
50443687,2
50540770,2
50548956,1
50505075,2
50433483,2
50526101,2
50251616,2
50362016,2
50531760,2
50458706,2
50192905,2
50372307,2
50551150,2
50134201,1
50554015,1
50334786,2
50336644,2
50448147,1
50473690,2
50460675,2
50545126,1
50514671,2
50488546,1
50546215,2
50341366,1
50554456,1
50452838,1
50495562,2
50501268,1
50539588,1
50540837,2
50389572,2
50516647,1
50449225,2
50501685,1
50552388,1
50537560,2
50472738,2
50544334,2
50552511,2
50537561,2
50486763,1
50452254,1
50315889,2
50548784,2
50469031,1
50419321,2
50509350,2
50473534,2
50484495,1
50542164,2
50547784,1
50515179,2
50402334,2
50424568,2
50490476,2
50284818,2
50546915,2
50534737,1
50486221,2
50452555,2
50481043,1
50551431,1
50430264,2
50513093,1
50482887,1
50404148,2
50509450,1
50484742,2
50521388,1
50539589,1
50473684,2
50482099,2
50482205,2
50557291,2
50517774,2
50430782,1
50508280,2
50483574,1
50555096,2
50519532,1
50437526,2
50360565,2
50415611,1
50471676,1
50383966,2
50473781,1
50540838,2
50515075,2
50554582,1
50524754,1
50421911,2
50447679,2
50491947,1
50434282,1
50481193,1
50463528,2
50494836,1
50484236,1
50357052,2
50495180,2
50518583,1
50550267,1
50531039,2
50417949,1
50504245,1
50463044,2
50419044,2
50483573,1
50527832,1
50142893,1
50545790,2
50441261,2
50489603,1
50336860,2
50508883,1
50426614,1
50319565,2
50514767,1
50493940,1
50506582,2
50343954,2
50557199,2
50523221,2
50515061,1
50517574,1
50451983,2
50411731,2
50479770,1
50351876,1
50562198,1
50483456,2
50552665,2
50528212,1
50552773,1
50469157,2
50515719,2
50399108,2
50541854,1
50542163,2
50543305,1
50537946,1
50523378,1
50529785,1
50520474,1
50418832,1
50391084,1
50524274,2
50490449,2
50508295,1
50529042,1
50407092,1
50335119,2
50460741,1
50497976,1
50482677,2
50562567,2
50531232,2
50559927,1
50430936,1
50479587,1
50562946,2
50497334,2
50482348,1
50565861,1
50497454,1
50508296,1
50564874,1
50474047,2
50527619,2
50461977,1
50389131,2
50488241,1
50329602,2
50517327,2
50516945,1
50505882,2
50410986,1
50559626,1
50554270,2
50562433,1
50518584,1
50540648,1
50444383,1
50466418,2
50489616,2
50547529,2
50540649,1
50517862,2
50553502,1
50532516,1
50520321,2
50461423,2
50471305,2
50500024,2
50439143,2
50562945,2
50515308,1
50534736,1
50420538,2
50563466,2
50554271,2
50565159,2
50142892,1
50559774,1
50528576,2
50533658,1
50454216,2
50559852,2
50507582,1
50451590,1
50448988,2
50515714,2
50498448,1
50484665,1
50524172,2
50512185,1
50560002,2
50342271,2
50448786,2
50327299,2
50504445,2
50224312,2
50563569,1
50566453,1
50525665,1
50569602,1
50557200,2
50564430,1
50517775,2
50523298,1
50561703,2
50439141,2
50104715,2
50509670,2
50497455,1
50548355,2
50336489,2
50526290,2
50566039,1
50384093,2
50519267,1
50501684,1
50515337,1
50558016,2
50568972,2
50321429,2
50438423,1
50479804,1
50552772,1
50473087,2
50561406,1
50434955,2
50462434,2
50485629,1
50495561,2
50565435,1
50351875,1
50493126,1
50569991,2
50528732,1
50483130,2
50545472,1
50498830,1
50316907,2
50557828,1
50516562,2
50568596,1
50427495,2
50445125,2
50421937,2
50567565,1
50458657,2
50526644,1
50514263,2
50539052,2
50472538,1
50558015,2
50495307,1
50401336,2
50437137,1
50360564,2
50566454,1
50568045,2
50435205,2
50489708,2
50354995,2
50463043,2
50140820,1
50173458,2
50519268,1
50490451,2
50458827,2
50509737,1
50512552,1
50540238,1
50354002,2
50505666,2
50358443,1
50493585,2
50499064,2
50569392,2
50509057,1
50567913,2
50522167,1
50372448,2
50484016,1
50385411,2
50502029,2
50561229,2
50502030,2
50506405,1
50550620,1
50545378,1
50482275,2
50511024,2
50289623,2
50560286,1
50383271,1
50541177,2
50545789,2
50413697,2
50552510,2
50200129,2
50564976,2
50536282,1
50505963,2
50562378,1
50450679,2
50150304,1
50535160,1
50540700,2
50463776,2
50550867,2
50471006,1
50535293,2
50402382,2
50431109,2
50452078,2
50407982,2
50439731,1
50437162,1
50568971,2
50570461,2
50388866,2
50530525,2
50574807,1
50483807,1
50555577,2
50571931,1
50413738,2
50534309,1
50511668,1
50507402,2
50524271,1
50509536,1
50532572,1
50538119,1
50576583,2
50360376,2
50457328,1
50411775,2
50472140,1
50515275,2
50522168,1
50551151,2
50513555,2
50575888,2
50569555,2
50565244,2
50487080,2
50492743,1
50480185,1
50577973,1
50529530,2
50576404,1
50473886,1
50523444,2
50576584,2
50505084,2
50411557,2
50562978,2
50467361,2
50182742,2
50573128,2
50533178,1
50405370,2
50479754,2
50577181,1
50515624,1
50573332,2
50444087,2
50434836,2
50344984,1
50464945,2
50463368,1
50502119,2
50520074,2
50533975,1
50500932,1
50432199,2
50515720,2
50547785,1
50501120,1
50521460,2
50515232,2
50472165,2
50531880,1
50481302,1
50426017,2
50455145,2
50488028,2
50551432,1
50552915,1
50473691,2
50470582,1
50363524,1
50513258,2
50569997,1
50529041,1
50541178,2
50573263,1
50469890,2
50563328,1
50472957,1
50514344,1
50512858,1
50475249,2
50529325,2
50565160,2
50569391,2
50511847,1
50569790,1
50473714,1
50557320,1
50548994,1
50543422,1
50336171,2
50525824,1
50493291,2
50498734,2
50538372,2
50565908,1
50501719,1
50478266,2
50575889,2
50533177,1
50515713,2
50493409,2
50468856,2
50514345,1
50528213,1
50545011,2
50574941,2
50265878,2
50509449,1
50518512,2
50559775,1
50533966,1
50583711,1
50520451,2
50538373,2
50531759,2
50518296,2
50474172,1
50556628,2
50560589,2
50478822,1
50514365,1
50510345,1
50470464,1
50526645,1
50475809,1
50513060,1
50437747,4
50580975,2
50507837,1
50513207,1
50549088,1
50515176,2
50373473,2
50521678,1
50533085,1
50551123,2
50535932,2
50547040,1
50584396,1
50431308,2
50525264,2
50413696,2
50547634,1
50523194,1
50475975,2
50520473,1
50553221,1
50542593,2
50564486,1
50561865,2
50450091,1
50505097,2
50493964,2
50545485,2
50537406,2
50532709,1
50570460,2
50547039,1
50218200,2
50525122,2
50574911,1
50565148,1
50578926,2
50574942,2
50461846,2
50512889,2
50565243,2
50544519,1
50565282,1
50300897,1
50558567,1
50432077,2
50531631,4
50356105,1
50507839,2
50580748,1
50557245,1
50507838,1
50468556,2
50452990,2
50381469,2
50582084,1
50501720,1
50471284,1
50522436,2
50439483,2
50576133,2
50574646,2
50450089,2
50468855,2
50491115,1
50533976,1
50578114,1
50576403,1
50570123,2
50546119,1
50494024,2
50518805,1
50587512,2
50430759,1
50557166,1
50375983,1
50449224,2
50457616,2
50468725,2
50515276,2
50519151,2
50529255,1
50552159,1
50515623,1
50582697,1
50503163,2
50582868,1
50562379,1
50541554,1
50574712,2
50482624,2
50544470,1
50427717,2
50509086,2
50499334,1
50528798,1
50536587,1
50529745,1
50538086,1
50523193,1
50364622,2
50557167,1
50556256,2
50444570,1
50431108,2
50584045,2
50515386,2
50489528,2
50589862,2
50488355,2
50550683,2
50417191,1
50568590,1
50377605,2
50578591,1
50398240,2
50586900,2
50311465,2
50334144,2
50529254,1
50522141,1
50518419,1
50459482,1
50525355,1
50529529,2
50506028,2
50499613,1
50427716,2
50432221,1
50590105,1
50580974,2
50512089,1
50592049,2
50520906,1
50512433,2
50560588,2
50474153,2
50380324,2
50520905,1
50519489,1
50456671,1
50511721,1
50408021,2
50592523,2
50405762,1
50473278,1
50588865,1
50525664,1
50554391,2
50423378,2
50591687,1
50572482,2
50498477,2
50533789,2
50498494,1
50569868,1
50520275,2
50140081,2
50515180,2
50529868,2
50499942,1
50528967,1
50467189,2
50537319,1
50531879,1
50581369,1
50595142,1
50592522,2
50487079,2
50589861,2
50588379,2
50499284,2
50541771,1
50508279,2
50522561,1
50393512,2
50581838,1
50570899,2
50531527,2
50531231,2
50590104,1
50544904,1
50565434,1
50581978,2
50460650,2
50488758,2
50434029,2
50464209,2
50334345,2
50542817,1
50446545,2
50590447,2
50508300,2
50417278,2
50524667,2
50236887,1
50537318,1
50573035,2
50537523,1
50582869,1
50583191,2
50516944,1
50498495,1
50545934,2
50385852,2
50509763,1
50550999,2
50562110,1
50284360,2
50491459,1
50560287,1
50491546,2
50519531,1
50525354,1
50593774,1
50505864,1
50481239,1
50534997,2
50568021,1
50495272,1
50569567,1
50595544,2
50564127,1
50548955,1
50520073,2
50498512,1
50592048,2
50491234,2
50515178,1
50408700,1
50425798,2
50493292,2
50240903,2
50538881,1
50597835,1
50595070,2
50416647,2
50386062,2
50470570,2
50496698,1
50581839,1
50568095,2
50544520,1
50564485,1
50600097,1
50533787,1
50526997,1
50548961,1
50472139,2
50441116,2
50468557,2
50515309,1
50507026,2
50491545,2
50598838,1
50556827,1
50462993,2
50537522,1
50429204,1
50343550,1
50325675,2
50596683,2
50537703,1
50598117,2
50493606,1
50456532,1
50339371,2
50572806,1
50414027,2
50571262,2
50420113,2
50600594,1
50412083,2
50529121,2
50577180,1
50419227,2
50574711,2
50596748,2
50554224,1
50471614,2
50502025,1
50253986,2
50597297,2
50588918,1
50478821,1
50595636,2
50507771,2
50452844,2
50526998,1
50579321,2
50352822,2
50545484,2
50543908,1
50584883,2
50498750,1
50358323,2
50533142,1
50557650,1
50575900,2
50563327,1
50563465,2
50555630,1
50535933,2
50603595,2
50504745,1
50495179,2
50565281,1
50460874,1
50533734,1
50569791,1
50367408,2
50525620,1
50143536,2
50403152,2
50496672,1
50534246,1
50412597,1
50534310,1
50550619,1
50507581,1
50441245,2
50490642,2
50596052,1
50518124,2
50515520,2
50449651,2
50599344,1
50603529,2
50551451,1
50515685,2
50523930,1
50498054,1
50517863,2
50578115,1
50584580,1
50540858,2
50564378,2
50517599,1
50531060,2
50542539,1
50545083,1
50540981,2
50541089,2
50527523,2
50522435,2
50511023,2
50584884,2
50600609,2
50376676,2
50599343,1
50551478,1
50339512,1
50399328,1
50504712,1
50434664,2
50518720,1
50561834,1
50590237,1
50197678,2
50420018,1
50546518,1
50537407,2
50572960,1
50560705,1
50540511,1
50592539,2
50592620,2
50576014,2
50289624,2
50514974,1
50491212,1
50576458,2
50580749,1
50564429,1
50435204,2
50394950,1
50278328,2
50545438,1
50451997,2
50453264,2
50504444,2
50584152,2
50542816,1
50603393,2
50563433,1
50603528,2
50530518,1
50596682,2
50554053,1
50524993,2
50492169,2
50605062,1
50552947,1
50588782,2
50517264,1
50550868,2
50601131,1
50595694,2
50313255,2
50578278,1
50583712,1
50542594,2
50494084,2
50328551,2
50364136,2
50485036,2
50449268,1
50561982,1
50476963,2
50562109,1
50465776,2
50527334,2
50423103,2
50546916,2
50596846,1
50558568,1
50347404,2
50547147,2
50521389,1
50592909,2
50528799,1
50611191,1
50592111,2
50569990,2
50605660,1
50392870,2
50149930,2
50464174,2
50344665,2
50496100,2
50607119,2
50518210,1
50608791,1
50554052,1
50533084,1
50416420,2
50552916,1
50589383,1
50454563,2
50482770,2
50600387,2
50526855,2
50556479,2
50395236,2
50424523,2
50604487,1
50470047,2
50551120,2
50486295,2
50610291,2
50514492,2
50544699,1
50512977,2
50577496,1
50588663,2
50424972,2
50533497,1
50514766,1
50324128,2
50492707,2
50518719,1
50597220,2
50605763,1
50554455,1
50540771,2
50529821,1
50561983,1
50448306,2
50534589,2
50522174,2
50514708,2
50369436,1
50533498,1
50533788,1
50521279,2
50610881,2
50501119,1
50411368,1
50554583,1
50584540,2
50529822,1
50149813,2
50611483,1
50537238,2
50486294,2
50450499,2
50536063,2
50543133,2
50498197,1
50421434,2
50240006,1
50531059,2
50503785,1
50601198,1
50583818,1
50523443,2
50524544,2
50513554,2
50561992,2
50512434,2
50608689,1
50595069,2
50199989,1
50597737,2
50492491,2
50603394,2
50573129,2
50538820,1
50617124,2
50554016,1
50551311,1
50491948,1
50386467,2
50455522,1
50569603,1
50498196,1
50543255,1
50575244,2
50610882,2
50568022,1
50546118,1
50606688,2
50556255,2
50304440,2
50520686,2
50520683,2
50571227,1
50529182,2
50567760,1
50607247,2
50496373,2
50607248,2
50554971,1
50513094,1
50564195,2
50557347,2
50612241,2
50276316,2
50520815,2
50301625,2
50604113,2
50476727,2
50417190,1
50493453,1
50538821,1
50512947,1
50518420,1
50541976,1
50525621,1
50543413,1
50524279,2
50613932,2
50606727,1
50575550,1
50513528,2
50458426,2
50604043,2
50560227,2
50537237,2
50518125,2
50600477,2
50554970,1
50573249,2
50618365,1
50523222,2
50552819,1
50398239,2
50584581,1
50507673,2
50422505,1
50569869,1
50513210,2
50572729,2
50589382,1
50545365,2
50407330,2
50532708,1
50259852,2
50475179,2
50562199,1
50520800,2
50516493,2
50581357,1
50458707,2
50576132,2
50552389,1
50423947,2
50507316,2
50558093,1
50542116,1
50463753,2
50550245,1
50620178,1
50544903,1
50492170,2
50468122,2
50622958,1
50506406,1
50401286,2
50601197,1
50595695,2
50538118,1
50576556,2
50561864,2
50567403,1
50595132,1
50489725,2
50584395,1
50551479,1
50603643,2
50537702,1
50566878,2
50614749,1
50623140,1
50611192,1
50476404,2
50557348,2
50573874,1
50562893,1
50509669,2
50590632,2
50524558,1
50620945,1
50584046,2
50417857,2
50623878,2
50567647,2
50619851,2
50595131,1
50424724,2
50551210,2
50595282,1
50541772,1
50468918,2
50522769,1
50557827,1
50521748,2
50614653,1
50562432,1
50147033,2
50473048,2
50564196,2
50550652,1
50600096,1
50476123,1
50623152,2
50591904,1
50534494,2
50604044,2
50611389,1
50611390,1
50622352,2
50545482,1
50546505,2
50626122,2
50574301,1
50458656,2
50586874,1
50590688,1
50610204,1
50577368,2
50467360,2
50400166,2
50547217,1
50499101,1
50455235,2
50581766,2
50622957,1
50583123,2
50580422,2
50428071,2
50612080,2
50587393,1
50418791,2
50605591,2
50537882,2
50623139,1
50622227,1
50369955,1
50428219,2
50529869,2
50546506,2
50257325,2
50597752,2
50556480,2
50618025,2
50625221,1
50521715,2
50439379,2
50626425,2
50516790,2
50551042,2
50558094,1
50548600,2
50605475,1
50460696,2
50535161,1
50480112,1
50575061,2
50528364,1
50476403,2
50520685,2
50612240,2
50381065,2
50581977,2
50565520,1
50471028,1
50504244,1
50573913,2
50209486,2
50626501,2
50540091,1
50623881,1
50574670,2
50596749,2
50517598,1
50588679,2
50614611,2
50501078,1
50619043,1
50459539,2
50591836,1
50447182,2
50492492,2
50559851,2
50264246,2
50587566,2
50507764,1
50373421,2
50562045,2
50564977,2
50567401,1
50581368,1
50623474,1
50590689,1
50490652,2
50628075,1
50534708,2
50574808,1
50543256,1
50526688,2
50569573,2
50411003,2
50590198,1
50533867,1
50424283,2
50597401,1
50562525,2
50569996,1
50620491,2
50606687,2
50578406,1
50622226,1
50526840,2
50606728,1
50505147,2
50446546,2
50574033,1
50584153,2
50571932,1
50614352,2
50571613,1
50626502,2
50630871,2
50621002,1
50357889,2
50533733,1
50574771,2
50569566,1
50597402,1
50619560,2
50565477,1
50548998,2
50416926,2
50532573,1
50568454,2
50595846,1
50627840,2
50573875,1
50515336,1
50212061,1
50574244,1
50549733,2
50522634,1
50584364,1
50405544,2
50595545,2
50543412,1
50633203,1
50612219,2
50452991,2
50582085,1
50561993,2
50627839,2
50451982,2
50634383,1
50572961,1
50622589,1
50577497,1
50509058,1
50537883,2
50614652,1
50536281,1
50606519,2
50621963,1
50610953,2
50616636,1
50557319,1
50538085,1
50605743,1
50591837,1
50505085,2
50595847,1
50524533,2
50457617,2
50476844,2
50530312,2
50534624,2
50464210,2
50553873,2
50530526,2
50446877,2
50485103,2
50609995,2
50471469,2
50563570,1
50580661,2
50541975,1
50575549,1
50595795,2
50584481,2
50559771,1
50507840,2
50452782,1
50436905,2
50534542,2
50573017,2
50423359,2
50456209,2
50636249,1
50549957,1
50560226,2
50619852,2
50593773,1
50524532,2
50529308,2
50558573,2
50451668,2
50594489,1
50598353,2
50608362,1
50633171,1
50554392,2
50603956,1
50380593,2
50587568,2
50598936,1
50461924,2
50629078,2
50540239,1
50568589,1
50531022,2
50567648,2
50571608,1
50511667,1
50497335,2
50635340,1
50489604,1
50435820,1
50455236,2
50614811,1
50611870,1
50630546,2
50526952,1
50534338,2
50441117,2
50442043,2
50475250,2
50618024,2
50459483,1
50639113,2
50402502,2
50602228,1
50580634,1
50625591,1
50601130,1
50564128,1
50595509,1
50491213,1
50570998,1
50634382,1
50506027,2
50633461,2
50538508,2
50450749,2
50446590,2
50473047,2
50606655,2
50569642,1
50598352,2
50572807,1
50358959,1
50521716,2
50411558,2
50584158,1
50314682,2
50573912,2
50591312,1
50640904,1
50642246,1
50511911,1
50521459,2
50340153,2
50545552,2
50578502,2
50628867,2
50639902,2
50636109,2
50590633,2
50596014,1
50458427,2
50507903,2
50515387,2
50490863,2
50590942,1
50580354,2
50621452,1
50588678,2
50512088,1
50533790,2
50628525,2
50591424,1
50640903,1
50485449,2
50578407,1
50197677,2
50557152,2
50644264,1
50636969,1
50617829,2
50627855,2
50597834,1
50564821,2
50633485,2
50584075,1
50579921,2
50573245,2
50639114,2
50586873,1
50551122,2
50536519,2
50383684,2
50511722,1
50581765,2
50547369,1
50498331,1
50537947,1
50596934,1
50485687,2
50623258,2
50275573,2
50493230,2
50622351,2
50623473,1
50423210,2
50531803,2
50589555,1
50633484,2
50573034,2
50519152,2
50386438,2
50231823,1
50632526,1
50576091,1
50487254,2
50593918,1
50606408,1
50522770,1
50583514,1
50590047,1
50491116,1
50627603,1
50630390,1
50509535,1
50623257,2
50521677,1
50546530,2
50611482,1
50604343,1
50567487,2
50623421,2
50578592,1
50647328,1
50424723,2
50610292,2
50604978,2
50558003,2
50319926,2
50573242,1
50567837,2
50642070,1
50526841,2
50466212,1
50573335,1
50492744,1
50548706,2
50565395,1
50518531,2
50550651,1
50461106,1
50636056,2
50468329,2
50550998,2
50572993,1
50485104,2
50593315,1
50648229,2
50389686,2
50577100,1
50539053,2
50526515,1
50650094,2
50582696,1
50567861,1
50580635,1
50586563,1
50584539,2
50400135,2
50638477,1
50542540,1
50548599,2
50516072,2
50200130,2
50567502,1
50454838,2
50507904,2
50438393,2
50650099,2
50610203,1
50568240,2
50642245,1
50492348,2
50520526,2
50424783,2
50631708,1
50606866,2
50598837,1
50595997,2
50633629,2
50450810,2
50547635,1
50638541,2
50624701,1
50633178,2
50620364,2
50645121,2
50613933,2
50603798,2
50543306,1
50572697,1
50561835,1
50194020,2
50531435,1
50473981,1
50587569,2
50650776,1
50641690,2
50598827,2
50598776,1
50456533,1
50567404,1
50501726,2
50567566,1
50462299,1
50512833,2
50636546,1
50642060,1
50495271,1
50585967,1
50498513,1
50649758,2
50600263,1
50583873,2
50603865,1
50586640,1
50574032,1
50647073,2
50629079,2
50620944,1
50530325,1
50555388,2
50528577,2
50618707,1
50525478,2
50587256,2
50350323,2
50641040,2
50620492,2
50647718,1
50493862,2
50587255,2
50557292,2
50649634,1
50590272,1
50655250,1
50465828,2
50498735,2
50498751,1
50645245,2
50571475,2
50430167,2
50606919,2
50626510,2
50591313,1
50650287,2
50370326,2
50631120,1
50595508,1
50606656,2
50557202,4
50646767,1
50595706,1
50587565,2
50636110,2
50645365,2
50655356,2
50619704,1
50565862,1
50651165,1
50648230,2
50319772,2
50490452,2
50641691,2
50656614,2
50588252,1
50561228,2
50519490,1
50549958,1
50580292,2
50598120,1
50587392,1
50478668,2
50560001,2
50466385,2
50555977,2
50603950,2
50529650,1
50450398,2
50601411,2
50647955,2
50648275,2
50516791,2
50655406,1
50558194,1
50564875,1
50466417,2
50658416,1
50624137,1
50585540,1
50596847,1
50559770,1
50204183,2
50507674,2
50317640,2
50609233,1
50609234,1
50660473,2
50652144,1
50590048,1
50568331,2
50632953,1
50590273,1
50613922,1
50191696,2
50538288,2
50608688,1
50604046,1
50581358,1
50573085,2
50612884,1
50582611,2
50551310,1
50582649,1
50593741,1
50567853,1
50483936,2
50549732,2
50499102,1
50635436,1
50626943,2
50629955,2
50652064,2
50650696,2
50608324,2
50608323,2
50608553,1
50583616,1
50576555,2
50575243,2
50513335,1
50545483,1
50652636,2
50614363,2
50599053,1
50625220,1
50545719,2
50592303,2
50525265,2
50512857,1
50661151,1
50592908,2
50555629,1
50586142,1
50554203,1
50541999,1
50568046,2
50643761,2
50627604,1
50591686,1
50654965,2
50616698,1
50578279,1
50583122,2
50526291,2
50427396,2
50645244,2
50447533,2
50648017,2
50579742,2
50567503,1
50601856,2
50658221,2
50241956,1
50608751,2
50570470,2
50555578,2
50602364,1
50647653,1
50585608,1
50454085,2
50658716,1
50646766,1
50628601,2
50586401,2
50529142,4
50656187,2
50641646,2
50607040,2
50205573,2
50507315,2
50399890,2
50540090,1
50501161,1
50446892,1
50567914,2
50549908,2
50487253,2
50603864,1
50560022,2
50590317,2
50656188,2
50658921,2
50664467,2
50658920,2
50604896,1
50573264,1
50558614,2
50553424,1
50584157,1
50518511,2
50572341,1
50562566,2
50565521,1
50503981,1
50588783,2
50531539,2
50592110,2
50663293,2
50617540,2
50636968,1
50557203,4
50645122,2
50553503,1
50490632,1
50454839,2
50579667,2
50551043,2
50573241,1
50659194,2
50652855,2
50615452,2
50596880,2
50618706,1
50622892,1
50217621,2
50643991,2
50634025,1
50660472,2
50496673,1
50616699,1
50531540,2
50359526,2
50626148,2
50556563,2
50622377,2
50669077,2
50645364,2
50571614,1
50387458,2
50652809,2
50607039,2
50242495,1
50576013,2
50300803,2
50669488,1
50484511,1
50628338,1
50665589,2
50600262,1
50646367,2
50205956,2
50625748,2
50606753,1
50548043,1
50503993,1
50418806,1
50667165,2
50667162,2
50655355,2
50626080,1
50634308,2
50527600,1
50598976,2
50424524,2
50588251,1
50656827,1
50579995,1
50661328,1
50609226,2
50580762,1
50564150,1
50612081,2
50588864,1
50583190,2
50628635,1
50616462,1
50545471,1
50573924,2
50490450,2
50636100,1
50551119,2
50631822,1
50528968,1
50618178,2
50651464,1
50256502,2
50522299,2
50571476,2
50558004,2
50669487,1
50588919,1
50489707,2
50591590,2
50565476,1
50595539,2
50621757,1
50594543,1
50638476,1
50559911,2
50633170,1
50499941,1
50590679,2
50402615,2
50601399,1
50617021,2
50633570,1
50554988,2
50512553,1
50652854,2
50541221,2
50666632,1
50556762,2
50610422,1
50514364,1
50459316,1
50559625,1
50639545,1
50573547,2
50661606,1
50668800,1
50632986,1
50537380,1
50461341,2
50667164,2
50628076,1
50604350,1
50598935,1
50423358,2
50595283,1
50549645,2
50556826,1
50574300,1
50517326,2
50604977,2
50585968,1
50477537,2
50595536,1
50528733,1
50672431,1
50643760,2
50606673,1
50675293,2
50639747,1
50619561,2
50647956,2
50400808,2
50620525,2
50639876,1
50604351,1
50505674,2
50589770,2
50584365,1
50586928,2
50494712,1
50363123,1
50619031,1
50671198,2
50627124,1
50672389,1
50337116,2
50579143,2
50407329,2
50605675,1
50612218,2
50595794,2
50251596,1
50667163,2
50671770,2
50650775,1
50586645,1
50626147,2
50645520,2
50674632,1
50593314,1
50411826,2
50438265,1
50663745,2
50579829,1
50677539,1
50602140,1
50674783,2
50614592,2
50578976,1
50584480,2
50622893,1
50547251,1
50621309,1
50384880,1
50613114,1
50603594,2
50459653,1
50598275,1
50668241,1
50223468,2
50636787,2
50568332,2
50671197,2
50591326,2
50336861,2
50605659,1
50428057,2
50265724,2
50601229,1
50611175,1
50627515,1
50619705,1
50669076,2
50491707,2
50645821,1
50599054,1
50675800,1
50593688,2
50659295,2
50504467,2
50628135,2
50674721,2
50586929,2
50543347,2
50664213,1
50663111,2
50664249,2
50513061,1
50623191,1
50522761,1
50659021,1
50631709,1
50322583,2
50610433,2
50626121,2
50678533,2
50674732,1
50576869,2
50677505,2
50577569,2
50447909,2
50595249,1
50607957,1
50465775,2
50458040,2
50261210,1
50668729,2
50525443,2
50243951,2
50534245,1
50628558,2
50641513,2
50432651,1
50597736,2
50596053,1
50504711,1
50659195,2
50681225,2
50677429,1
50593742,1
50409218,2
50535533,2
50464632,2
50676137,1
50639075,1
50586402,2
50591705,1
50504744,1
50581473,2
50616204,2
50602507,2
50625095,1
50540109,2
50567488,2
50551932,2
50663746,2
50437299,2
50468917,2
50527833,1
50609159,2
50621756,1
50552946,1
50523931,1
50360490,1
50676771,1
50632987,1
50616677,2
50664224,1
50611373,2
50436709,1
50568595,1
50647074,2
50617877,2
50639875,1
50680230,2
50683945,1
50487983,2
50390625,2
50614593,2
50620179,1
50611896,2
50664190,2
50674034,1
50558574,2
50674303,2
50606754,1
50439378,2
50628866,2
50685627,1
50608714,1
50562046,2
50595248,1
50576092,1
50610240,1
50591327,2
50562212,2
50650497,2
50554458,1
50601228,1
50564226,2
50546214,2
50605913,2
50571226,1
50601398,1
50530106,2
50637003,2
50678171,2
50678167,2
50671771,2
50686678,1
50567783,1
50555387,2
50537381,1
50604895,1
50598002,1
50647654,1
50503992,1
50663294,2
50407167,2
50601011,1
50473887,1
50664394,1
50443216,2
50520525,2
50416787,2
50685488,2
50555312,2
50671796,2
50681006,1
50660759,2
50512607,2
50609996,2
50608792,1
50541222,2
50600885,2
50275829,1
50578605,2
50618582,1
50600886,2
50560704,1
50621453,1
50673570,2
50675019,1
50217881,2
50669598,2
50516073,2
50674435,1
50553341,2
50649889,1
50601335,2
50645461,1
50427329,2
50551450,1
50619781,1
50579994,1
50577978,1
50632862,1
50600143,2
50331425,2
50600142,2
50678166,2
50607120,2
50623283,1
50611551,2
50636248,1
50541009,1
50567759,1
50647092,1
50407168,2
50690021,1
50444419,2
50621308,1
50623926,2
50609054,2
50488469,2
50675181,1
50632958,2
50548993,1
50645011,1
50634252,1
50630115,2
50655083,2
50631656,2
50585518,1
50554105,2
50579828,1
50692444,1
50689790,2
50549644,2
50565259,2
50690022,1
50567789,2
50647512,2
50633628,2
50564149,1
50670679,2
50521214,1
50682432,2
50650448,1
50657652,2
50520684,2
50652039,1
50524278,2
50608295,1
50605296,1
50674436,1
50634251,2
50622504,2
50630872,2
50604488,1
50536268,2
50675922,2
50331176,2
50541090,2
50578977,1
50572273,2
50230039,2
50374111,2
50649221,1
50385458,2
50668728,2
50647856,2
50548042,1
50610954,2
50494258,2
50670082,2
50553872,2
50370327,2
50671797,2
50546517,1
50586954,1
50695144,1
50612885,1
50556805,2
50689920,2
50665403,1
50536205,2
50639381,2
50628619,2
50607958,1
50674079,1
50679782,1
50553220,1
50569643,1
50675280,1
50283712,1
50690833,2
50664395,1
50628618,2
50559969,2
50615453,2
50678294,1
50696449,2
50450254,2
50605914,2
50693799,2
50573334,1
50641922,2
50587364,2
50552664,2
50669396,1
50249026,2
50688781,1
50681981,2
50686191,2
50697249,1
50455850,2
50366807,2
50678170,2
50667167,2
50669082,1
50519198,1
50633477,1
50604045,1
50564820,2
50633622,1
50520814,2
50531021,2
50692589,1
50691298,1
50614541,1
50690055,2
50514262,2
50587365,2
50469162,1
50676311,1
50694368,2
50552917,1
50685010,1
50606407,1
50632803,2
50605626,1
50654966,2
50612164,1
50634309,2
50577101,1
50667166,2
50670081,2
50604114,2
50595996,2
50678577,1
50658220,2
50397063,2
50588701,2
50585371,1
50529494,2
50628365,1
50522633,1
50624511,1
50398226,2
50620363,2
50547215,2
50416646,2
50669801,1
50496781,2
50491708,2
50685489,2
50510841,2
50638861,2
50488029,2
50674601,1
50659294,2
50474590,2
50424282,2
50516646,1
50575062,2
50224172,2
50400278,1
50253087,2
50442044,2
50688283,2
50639901,2
50699239,1
50567862,1
50622588,1
50527595,2
50645822,1
50661150,1
50679079,1
50676459,1
50637563,2
50489509,1
50690056,2
50585651,1
50477810,2
50625717,1
50562690,1
50667047,1
50669835,2
50675292,2
50655159,1
50650666,1
50663497,1
50507765,1
50636055,2
50590446,2
50629338,1
50607085,2
50522562,1
50662202,1
50601950,1
50644849,1
50670680,2
50615992,1
50610463,2
50516877,1
50485474,2
50536206,2
50580763,1
50566877,2
50528365,1
50658788,4
50649759,2
50515299,2
50395340,2
50696450,2
50645293,2
50513529,2
50702145,2
50545935,2
50540108,2
50684455,1
50474048,2
50627123,1
50465827,2
50561407,1
50592538,2
50608296,1
50634250,2
50503560,2
50623121,1
50679928,1
50639730,2
50656186,1
50603949,2
50513336,1
50594336,2
50652548,1
50619714,2
50702146,2
50656613,2
50640817,2
50361514,2
50493965,2
50579008,1
50685988,2
50705216,1
50673981,1
50694369,2
50611374,2
50571031,2
50594881,1
50604130,1
50636101,1
50650961,1
50706040,2
50612533,2
50672117,1
50662411,1
50595540,2
50688828,1
50558613,2
50676847,2
50567788,2
50705334,1
50625699,1
50638169,1
50664214,1
50701456,2
50677846,1
50627447,2
50657713,2
50485812,2
50699819,2
50666005,2
50704617,1
50529649,1
50608713,1
50606920,2
50647093,1
50591064,2
50586955,1
50623925,2
50686817,1
50489306,1
50640230,1
50584249,2
50705115,1
50638651,2
50422325,2
50513323,2
50699988,2
50338477,2
50622378,2
50688284,2
50661945,1
50572992,1
50582495,2
50655530,1
50639080,2
50699604,2
50369469,2
50703372,1
50700757,2
50691260,2
50543348,2
50707868,1
50681956,1
50637808,1
50453676,2
50411114,2
50565394,1
50556984,2
50706840,1
50672340,1
50709589,2
50709978,2
50468123,2
50586564,1
50661787,1
50289760,1
50607086,2
50688360,1
50417797,2
50394803,2
50460550,2
50658717,1
50699818,2
50699603,2
50479755,2
50642059,1
50599787,1
50616203,1
50633883,1
50696068,2
50501828,2
50536062,2
50633244,2
50668779,2
50596881,2
50655015,2
50638650,2
50707362,1
50627516,1
50664130,1
50668696,2
50669980,2
50689139,2
50597788,2
50527594,2
50621088,1
50658415,1
50707665,2
50680231,2
50499098,2
50682921,2
50504466,2
50618364,1
50405545,2
50686002,1
50699566,1
50661327,1
50669726,1
50639565,2
50705242,1
50595296,2
50600812,2
50513057,2
50499285,2
50619030,1
50544672,2
50624702,1
50713679,2
50590010,2
50650613,1
50707363,1
50671569,1
50650697,2
50644290,1
50704639,1
50663513,1
50699175,2
50434813,1
50714285,2
50686818,1
50675722,1
50357479,2
50703748,2
50647722,1
50591425,1
50687742,2
50619057,2
50606672,1
50663112,2
50630463,2
50632855,2
50668778,2
50314603,2
50705524,3
50630391,1
50639617,1
50434812,1
50543249,2
50605744,1
50652410,2
50639748,1
50700272,2
50551931,2
50406140,2
50659014,1
50700273,2
50707505,2
50378487,2
50614364,2
50411811,2
50629429,2
50593917,1
50597787,2
50705026,1
50277261,2
50701446,2
50686134,2
50697186,1
50635574,2
50617539,2
50676942,1
50650612,1
50644291,1
50700106,2
50637115,2
50716588,2
50699176,2
50702912,2
50617771,2
50714286,2
50683013,2
50716987,2
50605061,1
50691274,1
50707666,2
50623877,2
50676312,1
50616676,2
50617676,1
50709776,2
50622077,2
50399072,2
50370720,2
50581219,2
50513750,2
50648018,2
50637004,2
50707602,2
50675562,1
50552390,2
50691178,1
50312683,2
50527522,2
50655397,2
50713223,2
50718750,2
50629339,1
50303319,1
50524934,1
50584599,2
50639616,1
50674080,1
50717866,2
50713590,2
50650447,1
50701457,2
50613923,1
50710985,2
50711012,2
50474165,2
50627879,2
50410631,1
50711670,2
50676147,2
50659547,1
50677623,2
50552818,1
50703749,2
50714497,1
50574912,1
50659812,1
50532239,2
50657169,1
50624421,1
50487627,1
50655084,2
50705525,3
50713752,1
50677092,1
50295381,1
50255163,2
50531846,2
50534739,2
50719498,2
50634683,1
50566491,1
50602139,1
50667982,1
50687293,1
50718749,2
50656828,1
50568094,2
50562437,2
50580660,2
50638168,1
50717867,2
50591591,2
50709777,2
50556039,1
50697185,1
50610421,1
50719197,2
50538325,2
50716759,2
50587567,2
50671903,1
50552391,2
50671780,1
50585517,1
50707603,2
50623882,1
50513206,1
50714498,1
50672913,1
50563434,1
50614540,1
50646429,2
50558193,1
50694518,1
50550246,1
50674023,2
50660299,1
50713944,2
50669928,2
50722547,1
50629314,2
50694701,2
50573331,2
50542115,1
50699637,1
50589100,2
50638540,2
50713444,1
50411825,2
50721762,1
50647948,2
50718413,2
50641746,1
50714090,2
50678444,1
50714261,2
50702322,1
50637400,2
50584250,2
50695402,2
50684443,2
50679097,1
50619042,1
50646435,1
50672432,1
50721887,2
50529493,2
50669836,2
50688112,1
50660464,2
50264607,2
50462786,2
50623284,1
50722067,2
50606212,2
50692027,1
50671928,2
50666336,2
50714033,2
50490475,2
50672690,1
50650210,1
50665230,2
50610239,1
50612016,1
50565149,1
50660043,1
50723285,2
50679781,1
50603955,1
50590238,1
50587730,1
50689141,2
50716755,1
50545720,2
50624026,2
50661214,1
50684454,1
50646428,2
50489527,2
50540699,2
50621962,1
50647705,1
50589158,2
50550684,2
50680082,1
50677513,2
50662201,1
50674633,1
50600581,2
50649937,1
50726852,2
50617340,1
50505667,2
50536520,2
50524935,1
50703373,1
50380325,2
50599645,1
50577979,1
50523377,1
50548783,2
50721886,2
50704428,1
50697248,1
50556804,2
50672615,1
50623168,2
50587729,1
50317175,1
50650935,2
50719572,2
50719571,2
50697535,2
50714262,2
50317176,1
50650098,2
50589781,2
50605295,1
50713591,2
50720594,1
50573548,2
50671570,1
50672339,1
50713697,2
50723579,2
50668491,1
50652063,2
50702758,1
50653332,2
50601103,2
50668490,1
50656185,1
50626003,2
50470048,2
50573925,2
50515233,2
50534623,2
50678295,1
50682836,1
50683014,2
50683000,1
50662270,1
50590678,2
50700668,2
50264608,2
50718708,1
50641921,2
50558673,2
50540982,2
50732842,1
50719134,1
50720715,2
50647706,1
50697202,1
50676820,1
50655175,1
50658789,4
50591905,1
50668801,1
50683582,2
50663498,1
50626004,2
50614255,2
50729437,2
50644457,1
50678576,1
50394615,2
50585372,1
50727046,2
50639079,2
50708047,2
50628094,1
50469082,2
50687741,2
50553968,2
50612165,1
50672614,1
50731993,2
50647947,2
50704618,1
50722088,2
50718414,2
50729436,2
50648369,2
50529181,2
50587191,2
50467188,2
50631076,1
50548930,1
50609055,2
50646434,1
50679520,2
50613115,1
50723464,1
50521280,2
50723580,2
50682433,2
50732901,2
50701530,1
50696448,2
50509349,2
50683635,2
50650626,2
50731956,1
50453237,1
50620772,2
50678306,2
50716758,2
50543907,1
50659219,2
50626509,2
50732376,2
50669979,2
50693800,2
50700756,2
50403966,1
50692590,1
50641747,1
50681742,2
50603642,2
50529459,1
50609227,2
50713409,1
50624138,1
50709678,1
50669727,1
50600386,2
50709618,2
50715315,1
50652143,1
50737489,2
50579144,2
50657907,1
50594686,1
50638764,1
50483199,2
50520801,2
50735836,2
50628151,2
50658185,2
50669374,2
50651257,1
50618599,1
50543423,1
50660383,2
50723463,1
50724674,1
50657714,2
50648952,2
50524141,2
50605676,1
50650665,1
50532238,2
50361513,2
50611430,2
50730317,1
50615128,1
50573248,2
50730502,1
50682922,2
50670535,2
50714034,2
50644456,1
50666557,1
50673373,2
50505146,2
50459652,1
50734496,2
50620219,2
50723458,2
50631331,2
50718000,2
50726440,2
50737485,2
50737301,2
50669748,1
50737490,2
50564034,2
50681005,1
50600858,2
50661077,1
50667768,1
50665086,2
50403329,2
50730638,1
50681226,2
50319042,1
50651774,1
50452526,2
50536267,2
50605476,1
50740186,2
50671655,1
50560023,2
50663499,1
50586646,1
50534543,2
50689142,2
50281128,2
50737780,1
50730897,1
50618179,2
50699638,1
50716084,2
50650288,2
50572274,2
50659546,1
50614483,2
50714965,1
50625702,2
50735323,2
50664139,2
50586141,1
50650095,2
50734497,2
50732891,2
50671456,2
50661415,2
50652213,2
50630599,1
50579320,2
50318795,2
50557649,1
50740451,1
50727678,2
50592302,2
50672064,1
50721360,2
50585607,1
50573310,1
50588380,2
50640474,1
50662606,2
50472958,1
50649000,1
50647513,2
50703804,1
50581472,2
50669802,1
50367147,2
50675391,1
50631657,2
50707506,2
50735841,2
50659015,1
50727711,2
50723979,2
50521747,2
50633571,1
50621003,1
50514493,2
50533868,1
50432922,2
50743651,1
50518209,1
50662605,2
50659904,1
50735324,2
50661528,1
50697360,2
50584600,2
50493125,1
50650496,2
50696447,2
50666337,2
50735842,2
50604129,1
50678307,2
50692254,1
50693870,1
50703579,1
50724327,1
50574866,2
50679096,1
50746376,1
50738155,1
50649329,1
50501829,2
50629428,2
50724673,1
50661569,1
50718001,2
50696233,1
50741197,2
50453196,2
50746768,2
50664637,1
50678702,1
50574669,2
50648214,1
50717362,2
50746238,1
50614637,2
50599644,1
50676356,2
50736949,2
50679093,2
50743652,1
50688827,1
50631075,1
50650389,1
50650188,2
50608184,1
50632861,1
50693545,1
50713773,1
50734673,3
50694488,1
50700107,2
50554599,2
50652637,2
50627880,2
50661729,1
50632157,2
50615993,1
50724144,2
50659813,1
50616202,1
50683330,1
50376927,2
50746393,2
50704247,1
50721763,1
50688939,2
50696067,2
50635766,1
50694367,1
50623120,1
50671779,1
50650209,1
50737836,2
50673182,2
50554989,2
50461330,2
50662269,1
50696800,1
50688616,1
50686700,1
50547250,1
50629315,2
50660042,1
50657908,1
50542000,1
50679936,1
50678013,2
50696501,2
50745899,1
50735835,2
50675721,1
50660903,2
50649888,1
50655490,1
50662465,1
50662466,1
50751568,2
50751620,1
50651463,1
50703523,1
50595537,1
50527335,2
50691273,1
50724511,1
50282960,2
50740187,2
50672388,1
50605764,1
50325306,1
50707451,1
50524992,2
50598975,2
50740637,2
50669397,1
50595082,2
50618598,1
50619715,2
50738154,1
50515418,2
50543111,2
50659905,1
50633202,1
50746679,2
50686326,1
50594880,1
50699173,2
50688359,1
50732175,2
50606865,2
50614254,2
50663879,1
50663771,2
50673374,2
50630019,1
50690002,2
50645778,2
50753186,1
50736950,2
50439730,1
50655851,1
50516876,1
50715316,1
50631330,2
50704427,1
50600478,2
50443852,2
50754283,2
50576152,2
50692732,1
50667983,1
50579009,1
50641039,2
50646223,1
50724296,1
50616637,1
50664074,1
50739698,1
50674040,1
50581590,2
50702757,1
50568040,1
50623192,1
50630551,2
50746769,2
50723991,1
50669352,2
50642938,2
50296659,2
50670090,1
50708858,2
50567782,1
50692621,1
50727187,1
50708046,2
50755979,2
50440831,2
50664120,1
50525442,2
50586639,1
50655176,1
50652040,1
50679935,1
50572342,1
50661607,1
50643990,2
50722087,2
50733266,2
50672689,1
50557024,2
50608750,2
50752948,1
50513751,2
50424919,2
50691261,2
50593843,1
50665404,1
50470463,1
50749079,2
50699614,2
50650365,1
50685011,1
50642071,1
50562438,2
50523297,1
50534445,2
50661527,1
50732021,1
50567852,1
50557246,1
50568448,2
50713943,2
50678623,1
50745927,2
50300525,2
50754310,1
50669065,2
50759863,2
50724297,1
50705241,1
50755980,2
50675018,1
50589769,2
50731389,1
50743810,2
50694133,2
50709679,1
50756456,2
50674033,1
50743903,2
50412491,2
50732993,1
50655160,1
50692048,2
50623813,1
50726851,2
50722442,1
50604402,2
50743466,2
50758533,1
50694417,2
50598003,1
50423211,2
50741047,2
50756084,1
50690010,1
50614812,1
50302447,2
50676819,1
50507770,2
50611280,2
50740167,1
50752269,2
50674602,1
50714230,1
50680234,2
50731388,1
50746392,2
50738137,1
50674917,1
50655884,1
50758860,1
50743618,2
50577341,2
50694519,1
50524666,2
50669597,2
50590205,2
50430758,1
50721079,1
50646963,2
50630552,2
50482098,2
50716589,2
50545437,1
50749515,2
50671904,1
50727710,2
50740450,1
50740638,2
50688615,1
50762611,2
50701989,2
50640229,1
50668269,1
50703454,1
50694366,1
50739437,1
50626944,2
50618850,2
50694418,2
50594335,2
50706621,1
50576459,2
50724732,2
50732020,1
50553969,2
50507025,2
50669064,2
50730637,1
50575787,2
50636119,2
50695216,2
50708638,1
50754282,2
50751579,2
50747502,1
50641645,2
50562213,2
50712048,1
50655777,2
50728705,1
50640298,1
50679186,1
50621262,1
50762870,1
50719135,1
50737508,2
50630018,1
50439069,1
50745625,1
50679927,1
50553425,1
50718092,2
50527618,2
50760768,2
50507401,2
50693847,1
50751582,2
50737776,2
50606183,2
50721545,2
50762606,2
50680202,2
50724326,1
50678823,2
50761459,2
50668268,1
50451591,1
50603799,2
50688940,2
50750866,1
50699890,1
50654824,1
50657651,2
50738346,2
50737302,2
50691880,2
50763231,2
50692028,1
50766437,2
50663770,2
50721546,2
50717260,1
50762612,2
50568453,2
50711786,2
50566492,1
50722800,2
50639382,2
50735276,1
50584076,1
50662746,1
50585652,1
50728898,2
50651773,1
50753540,1
50568239,2
50761892,1
50756455,2
50635341,1
50635765,1
50716250,1
50709757,2
50525479,2
50694484,2
50605592,2
50699237,1
50432724,2
50733267,2
50682915,1
50708885,1
50766438,2
50732375,2
50557153,2
50624285,1
50703578,1
50722699,1
50752951,1
50766926,2
50706592,2
50716085,2
50764254,1
50672116,1
50664121,1
50713443,1
50765653,2
50625590,1
50679519,2
50451669,2
50553107,1
50668615,1
50761967,1
50763230,2
50601410,2
50696502,2
50692253,1
50711163,1
50719326,2
50715898,1
50729782,1
50617339,1
50761460,2
50739697,1
50531436,1
50683634,2
50429861,2
50721951,1
50721152,2
50589159,2
50557025,2
50631525,2
50711671,2
50695255,2
50760767,2
50770722,1
50714229,1
50705027,1
50699238,1
50744891,1
50698169,1
50701185,1
50712134,2
50750217,1
50709660,1
50597026,2
50770162,1
50664225,1
50649328,1
50597649,1
50472948,1
50473980,1
50581220,2
50692443,1
50696799,1
50765261,2
50765260,2
50772040,1
50639074,1
50706525,1
50664073,1
50632250,1
50762746,2
50765497,1
50540600,2
50762790,2
50723457,2
50727222,1
50770126,2
50732994,1
50743829,2
50730232,1
50721080,1
50675390,1
50608554,1
50578606,2
50661721,1
50543773,2
50732222,2
50682837,1
50767864,2
50765061,1
50650962,1
50634860,1
50715904,1
50752508,1
50437341,2
50672914,1
50774651,1
50774674,1
50647329,1
50540512,1
50632249,1
50762607,2
50467229,2
50722799,2
50764292,2
50628136,2
50705203,1
50743811,2
50671656,1
50775861,1
50664138,2
50716586,1
50721952,1
50526100,2
50708536,1
50711254,2
50662478,2
50302151,2
50724060,1
50749042,1
50724239,1
50730924,2
50703522,1
50753047,2
50655852,1
50761893,1
50666006,2
50701447,2
50652409,2
50634177,1
50683583,2
50707332,2
50472138,2
50699174,2
50719592,1
50615129,1
50666528,2
50730557,2
50534795,2
50663878,1
50774675,2
50678703,1
50624422,1
50713224,2
50770932,1
50750065,2
50397430,2
50662745,1
50749080,2
50713371,2
50716483,1
50709756,2
50767912,2
50666558,1
50702323,1
50633621,1
50350978,1
50691573,1
50336704,2
50749054,2
50645012,1
50559928,1
50779419,1
50704234,2
50655883,1
50644850,1
50745624,1
50738510,1
50668697,2
50740035,2
50737486,2
50680810,2
50577568,2
50760484,1
50611279,2
50548929,1
50577972,1
50770564,1
50650936,2
50771486,2
50770721,1
50770811,2
50770812,2
50642740,2
50705217,1
50776496,2
50751664,1
50774978,1
50430553,1
50651258,1
50647695,1
50631019,2
50437285,2
50765705,1
50540601,2
50718091,2
50715056,2
50568039,1
50543250,2
50632804,2
50732865,2
50646962,2
50746678,2
50768726,2
50510719,2
50741520,1
50692047,2
50755144,2
50674784,2
50674733,1
50697889,1
50719697,1
50669351,2
50769322,2
50775116,2
50774977,1
50668659,2
50754575,2
50715474,1
50705335,1
50681351,2
50740121,1
50782265,2
50657840,2
50782264,2
50664078,1
50735603,1
50690834,2
50776817,2
50679914,1
50700063,1
50713772,1
50743809,2
50743997,1
50324129,2
50760568,1
50333700,2
50694134,2
50739337,1
50639566,2
50306268,2
50688705,1
50347574,2
50664129,1
50660382,2
50771278,2
50782271,1
50768610,2
50771279,2
50715552,1
50775888,1
50784155,1
50715551,1
50478667,2
50655249,1
50521835,2
50732221,2
50705736,2
50647204,2
50782999,2
50631821,1
50330708,2
50768197,1
50674916,1
50655491,1
50665234,1
50484136,2
50552914,1
50572698,1
50761757,2
50686003,1
50329603,2
50735602,1
50683388,1
50696234,1
50667048,1
50650388,1
50654823,1
50664250,2
50731957,1
50689161,2
50699437,2
50711519,2
50729484,2
50633460,2
50647719,1
50672313,1
50760091,2
50609235,1
50611869,1
50754752,1
50660624,2
50713678,2
50784281,2
50655398,2
50690978,1
50746833,1
50781527,2
50596015,1
50723990,1
50593841,1
50704965,1
50647377,2
50689955,1
50775091,2
50416927,2
50679624,2
50673771,1
50703805,1
50616205,2
50538880,1
50716276,2
50768509,1
50469083,2
50676941,1
50583817,1
50752200,1
50679843,2
50743033,2
50669083,1
50781526,2
50636120,2
50717009,2
50711518,2
50711128,2
50655529,1
50627989,1
50624286,1
50645462,1
50586899,2
50547368,1
50702367,2
50555311,2
50647553,2
50611897,2
50573016,2
50646224,1
50707869,1
50595000,2
50336808,2
50533313,2
50720611,1
50784852,1
50695717,2
50616463,1
50741198,2
50620220,2
50778535,2
50701243,1
50713670,2
50598828,2
50745898,1
50687525,2
50737728,2
50627988,1
50665085,2
50733345,1
50783000,2
50776327,1
50661946,1
50640473,1
50661078,1
50677624,2
50720593,1
50716300,1
50732761,2
50712049,1
50591065,2
50587192,2
50726441,2
50619056,2
50782270,1
50678095,1
50597027,2
50789631,1
50785183,1
50752199,1
50701337,1
50743036,1
50757743,1
50763310,1
50594999,2
50673181,2
50661213,1
50776366,2
50717261,1
50788503,1
50666631,1
50790076,1
50659218,2
50585667,1
50544469,1
50681743,2
50755774,1
50701184,1
50602508,2
50590011,2
50657839,2
50668240,1
50782384,2
50738345,2
50787938,2
50617768,1
50784280,2
50583887,1
50661722,1
50776085,2
50726833,1
50695143,1
50769139,2
50652549,1
50776231,1
50782890,1
50744663,2
50676138,1
50732762,2
50655778,2
50738283,1
50713372,2
50750771,2
50732892,2
50688780,1
50749342,1
50773149,2
50483981,2
50764928,1
50649707,1
50713727,2
50649898,1
50637401,2
50757744,1
50755502,1
50781741,2
50622503,2
50699252,1
50779046,2
50790023,1
50744890,1
50759864,2
50608183,1
50790244,2
50764129,2
50699889,1
50731623,1
50383593,1
50688969,1
50792021,2
50711011,2
50697361,2
50649635,1
50767596,1
50732902,2
50785182,1
50673234,2
50793767,2
50510720,2
50783287,2
50753046,2
50631020,2
50733538,1
50530517,1
50618963,1
50681980,2
50737775,2
50623814,1
50718640,2
50721783,1
50673982,1
50768233,2
50692622,1
50772698,2
50754642,1
50588700,2
50793373,2
50583874,2
50721151,2
50735900,2
50701988,2
50795551,1
50680203,2
50670922,1
50330740,2
50743617,2
50715055,2
50746239,1
50548705,2
50760258,1
50785058,2
50787705,1
50741121,2
50628602,2
50749324,1
50649922,2
50782618,1
50771487,2
50789774,2
50778860,1
50751454,1
50747073,1
50745928,2
50738972,2
50597751,2
50466386,2
50792978,1
50651618,1
50795815,2
50679386,2
50771158,2
50533314,2
50701242,1
50727406,1
50778536,2
50715589,1
50390027,1
50785212,2
50785211,2
50792623,2
50799122,1
50757859,2
50799123,1
50637391,2
50711467,1
50796823,1
50715903,1
50713410,1
50721431,1
50680395,2
50736511,1
50705114,1
50634904,2
50474466,2
50741046,2
50471106,2
50798713,2
50742461,1
50628467,2
50792007,1
50754643,1
50793374,2
50757559,1
50553340,2
50672739,2
50716986,2
50681156,2
50730501,1
50782718,2
50637342,2
50706526,1
50638957,2
50587570,2
50519696,1
50666497,2
50760092,2
50768363,2
50387191,1
50705228,2
50571030,2
50695383,2
50618962,1
50685989,2
50792412,2
50679913,1
50751275,1
50716587,1
50743037,1
50644265,1
50627448,2
50730383,2
50626152,1
50344514,2
50575823,2
50726752,1
50459538,2
50651220,2
50787336,2
50579920,2
50545553,2
50720716,2
50788834,2
50749055,2
50709629,2
50752076,1
50732760,1
50760257,1
50572331,2
50462336,2
50765941,2
50715473,1
50782335,2
50793466,2
50724833,2
50751455,1
50774684,2
50727671,2
50579743,2
50585350,2
50796822,1
50672063,1
50413510,2
50718707,1
50348668,2
50631121,1
50743465,2
50791740,1
50747815,1
50679385,2
50742460,1
50736906,1
50798753,2
50716277,2
50803243,2
50782191,2
50728985,1
50770324,1
50730415,1
50730318,1
50800778,2
50760567,1
50793489,2
50796319,2
50704892,1
50799104,2
50719325,2
50705840,2
50602227,1
50731121,2
50784603,2
50792856,2
50721359,2
50799489,2
50689791,2
50706039,2
50720026,1
50792979,1
50652808,2
50746176,2
50672314,1
50625698,1
50384460,2
50769704,1
50600859,2
50782072,2
50757589,1
50735656,1
50728865,1
50680890,1
50795168,1
50768615,2
50801571,2
50803519,1
50639731,2
50798994,2
50771656,2
50748656,1
50771700,1
50795517,2
50567400,1
50793799,1
50795559,2
50781742,2
50678622,1
50747501,1
50620524,2
50648999,1
50799977,2
50695718,2
50725922,2
50771159,2
50534382,2
50759199,1
50572481,2
50757506,1
50762938,1
50792183,2
50526856,2
50792413,2
50667128,2
50541010,1
50776106,1
50724061,1
50680271,2
50674588,2
50806340,2
50689140,2
50570469,2
50733491,1
50697536,2
50384461,2
50774673,1
50651219,2
50696998,2
50798325,1
50626426,2
50555978,2
50806581,2
50634861,1
50582494,2
50637390,2
50667129,2
50750218,1
50657170,1
50476124,1
50674024,2
50665590,2
50805670,1
50798752,2
50748394,2
50514709,2
50638860,2
50455849,2
50800779,2
50799105,2
50734954,1
50776107,1
50778949,1
50746040,1
50702913,2
50773488,2
50600582,2
50634682,1
50561284,2
50503164,2
50757264,1
50705204,1
50731012,2
50681957,1
50709619,2
50801222,1
50683311,2
50790448,1
50640297,1
50715195,1
50770325,1
50805797,2
50748374,1
50779625,2
50784094,1
50784095,1
50795169,1
50793474,2
50561702,2
50727646,1
50806270,2
50737727,2
50807267,1
50645519,2
50801904,2
50810261,2
50704893,1
50810262,2
50740659,1
50757227,1
50794265,2
50809420,2
50764128,2
50749169,1
50772699,2
50741011,2
50784995,2
50794967,2
50705227,2
50724724,1
50548356,2
50699332,1
50733300,1
50771701,1
50746004,2
50534590,2
50729781,1
50554104,2
50582648,1
50612445,2
50430166,2
50701336,1
50585668,1
50612532,2
50644582,2
50651617,1
50683329,1
50496697,1
50771150,1
50741023,2
50655650,1
50765926,1
50598276,1
50778612,1
50533657,1
50594687,1
50793467,2
50587511,2
50354134,2
50658186,2
50809051,1
50782717,2
50684227,2
50571607,1
50774676,2
50722365,1
50751717,1
50716754,1
50667769,1
50733539,1
50716484,1
50775115,2
50723286,2
50732838,1
50759013,1
50792182,2
50394563,1
50779515,1
50514670,2
50700064,1
50513322,2
50628660,2
50598775,1
50752509,1
50806271,2
50738971,2
50811888,2
50678532,2
50767081,1
50655841,1
50684953,1
50715080,2
50632959,2
50346086,2
50735781,2
50713457,1
50773072,1
50754923,1
50544671,2
50730243,2
50687526,2
50704235,2
50716551,2
50749516,2
50807235,2
50575824,2
50801009,1
50779856,2
50430171,2
50704961,2
50648175,2
50774683,2
50751682,1
50482204,2
50525123,2
50689956,1
50689702,1
50460697,2
50772219,1
50758707,2
50590943,1
50725887,1
50713751,1
50801519,2
50758917,2
50611176,1
50713696,2
50609236,1
50633179,2
50815267,1
50713728,2
50767370,1
50767775,1
50678094,1
50760485,1
50678359,2
50809050,1
50798995,2
50811818,2
50811819,2
50809058,2
50746844,2
50595295,2
50705735,2
50747289,1
50681835,1
50762789,2
50752075,1
50776818,2
50800220,2
50794966,2
50652214,2
50804330,2
50570122,2
50751270,1
50515177,1
50611550,2
50562894,1
50779857,2
50813032,2
50617876,2
50614404,2
50724238,1
50805671,1
50775862,1
50544700,1
50804384,2
50582893,2
50725972,2
50787002,1
50743904,2
50638765,1
50793488,2
50809944,2
50787958,1
50752268,2
50387096,1
50818286,2
50811889,2
50623422,2
50727679,2
50675921,2
50818280,2
50689233,2
50798324,1
50807509,2
50759761,1
50791370,2
50770891,1
50568447,2
50358709,2
50782010,1
50716222,1
50617767,1
50779430,2
50815268,1
50759498,1
50783731,2
50737438,2
50746528,1
50812564,2
50749221,1
50692695,2
50818279,2
50766232,2
50778950,1
50821118,2
50818285,2
50733344,1
50810519,2
50736512,1
50722548,1
50739338,1
50759970,1
50817740,1
50812182,2
50628366,1
50799976,2
50801572,2
50782190,2
50743032,2
50713458,1
50803242,2
50710887,2
50812565,2
50781309,1
50678012,2
50730231,1
50806264,1
50765084,2
50801905,2
50807508,2
50634905,2
50575788,2
50817447,2
50748657,1
50801185,2
50821390,2
50719904,2
50775092,2
50817660,1
50792956,1
50683007,2
50757265,1
50721432,1
50788757,2
50809526,1
50795816,2
50759014,1
50768484,1
50680811,2
50816667,1
50784104,2
50341232,2
50749323,1
50715384,2
50818169,1
50577340,2
50811709,2
50590170,2
50688070,1
50564033,2
50770565,1
50767863,2
50659020,1
50726832,1
50704964,1
50818714,2
50700969,1
50765466,1
50400973,2
50727056,2
50796899,2
50595635,2
50769856,1
50632525,1
50725923,2
50765654,2
50673874,2
50446591,2
50760159,2
50675182,1
50655016,2
50763097,2
50748393,2
50728984,1
50817188,2
50677091,1
50817219,2
50819923,2
50637562,2
50767911,2
50712947,1
50815625,2
50714139,1
50751581,2
50802032,2
50817512,2
50725240,2
50741725,2
50825789,1
50673772,1
50515417,2
50769934,1
50556040,1
50704246,1
50820489,1
50812183,2
50746377,1
50689090,2
50761966,1
50805796,2
50800277,1
50822507,2
50598118,2
50781202,1
50752056,1
50823554,1
50803518,1
50730558,2
50810092,2
50706054,2
50733607,2
50623592,2
50817446,2
50821389,2
50740748,1
50810520,2
50614351,2
50801208,1
50827372,1
50680394,2
50725886,1
50802618,2
50794375,2
50655842,1
50625701,2
50553106,1
50822506,2
50782383,2
50764924,1
50704645,1
50820946,2
50612444,2
50789773,2
50826544,2
50430263,2
50769138,2
50759903,2
50730898,1
50750066,2
50354180,2
50645458,2
50827423,2
50812397,2
50676460,1
50548997,2
50682916,1
50784720,2
50762555,1
50736905,1
50771155,1
50728781,1
50709588,2
50814117,2
50735655,1
50658747,2
50820945,2
50684226,2
50826543,2
50821090,2
50826766,1
50703455,1
50807404,1
50680081,1
50810260,1
50375823,2
50712994,2
50758708,2
50411776,2
50727188,1
50825995,2
50792006,1
50778482,2
50830493,1
50752005,1
50556761,2
50757560,1
50668614,1
50823618,2
50741024,2
50764925,1
50776086,2
50743379,2
50693869,1
50831144,1
50740503,2
50689703,1
50795560,2
50569572,2
50799488,2
50698170,1
50793095,2
50535240,1
50757581,1
50815152,2
50592619,2
50688970,1
50764293,2
50731695,1
50770243,1
50770406,2
50804385,2
50705433,1
50776839,1
50572332,2
50730384,2
50755145,2
50829212,2
50705839,2
50782889,1
50790808,1
50806339,2
50831137,1
50600595,1
50533802,1
50677430,1
50759945,2
50805010,1
50776175,1
50765465,1
50809386,1
50795673,1
50828784,2
50743545,1
50820723,1
50422496,2
50823344,2
50757417,1
50631382,2
50370027,2
50751276,1
50829211,2
50747290,1
50722068,2
50691299,1
50678822,2
50686699,1
50811823,2
50627856,2
50575899,2
50670363,2
50614482,2
50829810,1
50825994,2
50700968,1
50403067,1
50834252,1
50662412,1
50746527,1
50816666,1
50789062,2
50795853,1
50782212,2
50594542,1
50829073,2
50601012,1
50387457,2
50775790,1
50826344,1
50740036,2
50716512,1
50719198,2
50762246,1
50426787,2
50606213,2
50670089,1
50626079,1
50828485,2
50788409,1
50784504,2
50739438,1
50789892,2
50831327,2
50675799,1
50828539,2
50814838,1
50621263,1
50824201,2
50823226,2
50757228,1
50794264,2
50613926,2
50780416,1
50637809,1
50785849,1
50768297,1
50653333,2
50817964,2
50770242,1
50833641,1
50705432,1
50783909,1
50724832,2
50749522,2
50749937,1
50787139,2
50720025,1
50801922,2
50832466,2
50580423,2
50744697,1
50786539,1
50775445,1
50750858,1
50548962,1
50814263,1
50837383,1
50714089,2
50710408,1
50831076,2
50776120,1
50788305,1
50748732,1
50711466,1
50768196,1
50817515,2
50737938,2
50702167,2
50827371,1
50624025,2
50716251,1
50770015,2
50750325,1
50808133,1
50771154,1
50741012,2
50773940,1
50811379,2
50770032,1
50649706,1
50393460,2
50833565,2
50833523,1
50819885,2
50731992,2
50807108,2
50768727,2
50789709,1
50804439,2
50735043,2
50837730,2
50837729,2
50733301,1
50833892,2
50645292,2
50671927,2
50714140,1
50768234,2
50610434,2
50824320,2
50743998,1
50750366,1
50830494,1
50763017,1
50574865,2
50748299,2
50388271,1
50748373,1
50807074,1
50763096,2
50822460,2
50785094,1
50792551,1
50711255,2
50834706,1
50817299,2
50702035,1
50776119,1
50831106,2
50615443,2
50815720,2
50839481,2
50821168,2
50673873,2
50834224,2
50758534,1
50743380,2
50368566,2
50825046,2
50835870,1
50625096,1
50627777,1
50815414,1
50737626,2
50746005,2
50831077,2
50836666,2
50617022,2
50810362,1
50600813,2
50806263,1
50795422,1
50666498,2
50769323,2
50842434,1
50827302,1
50776588,1
50728208,1
50784851,1
50738138,1
50794771,1
50797199,2
50839983,1
50831676,2
50554204,1
50750772,2
50732843,1
50714966,1
50737507,2
50647855,2
50800595,1
50806153,1
50823495,2
50817298,2
50842049,2
50587120,2
50817514,2
50771687,1
50391587,2
50840751,2
50805097,1
50724510,1
50695401,2
50824503,1
50732839,1
50834487,2
50635437,1
50773148,2
50713452,1
50688069,1
50587119,2
50732864,2
50826343,1
50823502,2
50785090,2
50764929,1
50363407,2
50735782,2
50842048,2
50711162,1
50734953,1
50836667,2
50755717,2
50686740,2
50738730,2
50519695,1
50836935,2
50746039,1
50723488,1
50772218,1
50764249,1
50842435,1
50547528,2
50737286,2
50399107,2
50843938,1
50828752,2
50778481,2
50842583,2
50791717,2
50776587,1
50787659,1
50622076,2
50817051,1
50764469,1
50605625,1
50784082,1
50845737,1
50833869,1
50831105,2
50384192,2
50658158,2
50781961,2
50803700,1
50842402,2
50836934,2
50808162,2
50744909,2
50771011,2
50779155,2
50828783,2
50690009,1
50758918,2
50836083,2
50660298,1
50677845,1
50829147,1
50676355,2
50778611,1
50844496,1
50845595,1
50764610,2
50833462,1
50759245,1
50690979,1
50845692,2
50823831,2
50777348,2
50843153,2
50839480,2
50749689,1
50773489,2
50832465,2
50837970,2
50846383,1
50817719,1
50677540,1
50787660,1
50752208,2
50790107,2
50845461,1
50781203,1
50786423,2
50833461,1
50731622,1
50764248,1
50836082,2
50774135,1
50787001,1
50734672,4
50426543,1
50844632,2
50817189,2
50661730,1
50845693,2
50710589,2
50802184,2
50637343,2
50699279,2
50782868,1
50744696,1
50397250,2
50727262,1
50848021,2
50564377,2
50754753,1
50706841,1
50724749,1
50784190,1
50776840,1
50738509,1
50787957,1
50771757,2
50846346,1
50847889,2
50735340,1
50716223,1
50567836,2
50815151,2
50844161,2
50788758,2
50828869,1
50770407,2
50848244,1
50707333,2
50849908,1
50716482,1
50803231,1
50829173,1
50793475,2
50810259,1
50833784,2
50804603,1
50755503,1
50763311,1
50717008,2
50791311,1
50850606,2
50807563,1
50670921,1
50843868,1
50774989,1
50795674,1
50779420,1
50830186,2
50840001,2
50760142,1
50734625,1
50806968,1
50794834,1
50704646,1
50686302,2
50776949,1
50689091,2
50840468,1
50821089,2
50848722,2
50714051,2
50757860,2
50774606,1
50848887,2
50826998,2
50692731,1
50724145,2
50779156,2
50443585,1
50780785,1
50802619,2
50828753,2
50806590,1
50704962,2
50728899,2
50769857,1
50699948,1
50485473,2
50849672,1
50853661,2
50849710,2
50795905,1
50825314,2
50558674,2
50825313,2
50666833,2
50853842,1
50737024,1
50678358,2
50834922,2
50820048,2
50737944,2
50673233,2
50697890,1
50573244,2
50847888,2
50791538,1
50689814,2
50850605,2
50842401,2
50762871,1
50840752,2
50785850,1
50776497,2
50827499,1
50797180,1
50787506,1
50386063,2
50790372,1
50853660,2
50845456,2
50796105,2
50853795,1
50724750,1
50769051,1
50823777,2
50854055,2
50847651,2
50810600,1
50719591,1
50812802,1
50749043,1
50442840,1
50791716,2
50729556,2
50780784,1
50734624,1
50749341,1
50772682,1
50817030,1
50849747,2
50775887,1
50612015,1
50833642,1
50503786,1
50787033,2
50749521,2
50663512,1
50807234,2
50715899,1
50676295,1
50792794,1
50787138,2
50562977,2
50788833,2
50854310,2
50855998,1
50857064,2
50807727,1
50664189,2
50782867,1
50752950,1
50783288,2
50780537,1
50768510,1
50846802,2
50715196,1
50499097,2
50485688,2
50561285,2
50829074,2
50784083,1
50844487,1
50787937,2
50827957,2
50534381,2
50784105,2
50431442,1
50776326,1
50730923,2
50843090,2
50833891,2
50744791,1
50837969,2
50759762,1
50768140,2
50845011,2
50655516,2
50728864,1
50794261,1
50647554,2
50751681,1
50800068,2
50579666,2
50814262,1
50852527,2
50849772,2
50818142,1
50831918,1
50789710,1
50655515,2
50824134,1
50812169,1
50797198,2
50779111,1
50827301,1
50399967,2
50857644,1
50626151,1
50845460,1
50838999,1
50817965,2
50720612,1
50760419,1
50792550,1
50765940,2
50664858,2
50606037,2
50833870,1
50658140,2
50727670,2
50815507,1
50859704,2
50854311,2
50834031,1
50722964,2
50836911,2
50802185,2
50828894,2
50713453,1
50836906,1
50780882,1
50859035,2
50806744,1
50591704,1
50805793,1
50848210,2
50627778,1
50845467,1
50796122,1
50735308,2
50512608,2
50855543,2
50774216,1
50704640,1
50767776,1
50737625,2
50778861,1
50807726,1
50790022,1
50636591,2
50719698,1
50860101,2
50784721,2
50820490,1
50855150,2
50679078,1
50849746,2
50849909,1
50811209,1
50851038,1
50740166,1
50818168,1
50863872,1
50715383,2
50708859,2
50790846,2
50790923,2
50769060,2
50728441,1
50810309,2
50619780,1
50817741,1
50761756,2
50856041,2
50770014,2
50716301,1
50693546,1
50732909,2
50770163,1
50689919,2
50831879,2
50759497,1
50837384,1
50784154,1
50633245,2
50512203,2
50812672,2
50754116,1
50631524,2
50807266,1
50853043,1
50851246,1
50859705,2
50843091,2
50859877,2
50752671,1
50759867,2
50755773,1
50856099,2
50864306,1
50801178,1
50810743,1
50794835,1
50863206,2
50797384,1
50547148,2
50860576,2
50844595,1
50864747,1
50817031,1
50787034,2
50748733,1
50773498,2
50842165,2
50672740,2
50845218,1
50860102,2
50774649,2
50846382,1
50796884,1
50834251,1
50787507,1
50843869,1
50481576,1
50416457,2
50860575,2
50749170,1
50863424,2
50775789,1
50797846,2
50849876,2
50852526,2
50737437,2
50709628,2
50549089,1
50782678,2
50727775,1
50862274,2
50666529,2
50853078,1
50577369,2
50823100,1
50744206,2
50854545,2
50824202,2
50858778,1
50762554,1
50802559,2
50764255,1
50793094,2
50783640,1
50535532,2
50759866,2
50661414,2
50835802,1
50825282,1
50828160,1
50764896,2
50782311,2
50804438,2
50566040,1
50522142,1
50738657,2
50867873,2
50864012,1
50719328,2
50737937,2
50753029,1
50788410,1
50794260,1
50856100,2
50717363,2
50818762,2
50460740,1
50827424,2
50786344,1
50731011,2
50457139,1
50697201,1
50682660,1
50839000,1
50716481,1
50829146,1
50803497,1
50628661,2
50597648,1
50789977,1
50854054,2
50844924,1
50865298,1
50810182,1
50420288,2
50582610,2
50434937,1
50751619,1
50598119,1
50749938,1
50817650,2
50835803,1
50417249,2
50852273,2
50800069,2
50848111,1
50738385,1
50785089,2
50751569,2
50806152,1
50859261,2
50693446,1
50840129,2
50807405,1
50810151,1
50765103,1
50866933,2
50409047,2
50854216,2
50792622,2
50866934,2
50865501,1
50790273,1
50840939,2
50724051,2
50817659,1
50787335,2
50830187,1
50789978,1
50830058,2
50809475,1
50810770,2
50729840,1
50814116,2
50763016,1
50782334,2
50757505,1
50864746,1
50819658,1
50606475,1
50785095,1
50845596,1
50713637,2
50587456,2
50424154,2
50847362,1
50823496,2
50790551,1
50681147,2
50843152,2
50724070,1
50873490,2
50867079,2
50856010,2
50801223,1
50848022,2
50754574,2
50734668,1
50767369,1
50840000,2
50833163,1
50759200,1
50776950,1
50800481,1
50812671,2
50804329,2
50661568,1
50752207,2
50735899,2
50823778,2
50858611,1
50873297,1
50809945,2
50844925,1
50857063,2
50845953,2
50722366,1
50790075,1
50824223,2
50866875,2
50757972,2
50795423,1
50870967,2
50802470,1
50694702,2
50720466,1
50863015,2
50565258,2
50750365,1
50868388,2
50789023,1
50868515,1
50824911,1
50628337,1
50844160,2
50729841,1
50782306,2
50804219,1
50779624,2
50825530,2
50693650,2
50850265,2
50405369,2
50852997,2
50644583,2
50829809,1
50831386,2
50770892,1
50446471,2
50801177,1
50873984,1
50846356,2
50824389,2
50863014,2
50868387,2
50876933,1
50611882,2
50740017,2
50425120,2
50780883,1
50825045,2
50868913,2
50771151,1
50806981,1
50764468,1
50765662,2
50679623,2
50874896,1
50850007,4
50729262,1
50699236,1
50711129,2
50712993,2
50617068,2
50866876,2
50870549,2
50848721,2
50791304,2
50789907,2
50823133,1
50749083,2
50868516,1
50767031,1
50727144,2
50783639,1
50790488,2
50768483,1
50798578,1
50797847,2
50406962,2
50583615,1
50807123,2
50823343,2
50787704,1
50817999,2
50805792,1
50872159,1
50869550,2
50422690,2
50842106,2
50589780,2
50876481,2
50830185,2
50878206,2
50878370,1
50852272,2
50878379,1
50781357,2
50803230,1
50866528,1
50851037,1
50807109,2
50686325,1
50817255,2
50770444,2
50873296,1
50670536,2
50855833,2
50727045,2
50788504,1
50809387,1
50867036,1
50814952,1
50774990,1
50814951,1
50525825,1
50794374,2
50849877,2
50529141,1
50748009,2
50781308,1
50693649,2
50738284,1
50834488,2
50849673,1
50783732,2
50807084,1
50658139,2
50468615,2
50776176,1
50858507,2
50840469,1
50845952,2
50875039,2
50716956,2
50421236,2
50832082,2
50810310,2
50791310,1
50574245,1
50797015,2
50837060,2
50868400,2
50824912,1
50748010,2
50845408,2
50771193,1
50879901,1
50445126,2
50782307,2
50856451,2
50844486,1
50848446,2
50792795,1
50812828,2
50826765,1
50812760,1
50876465,1
50741491,2
50719327,2
50867080,2
50649938,1
50806580,2
50817718,1
50878205,2
50746832,1
50830205,1
50841351,1
50830188,1
50830206,1
50732759,1
50791491,1
50468724,2
50872852,2
50833240,2
50803496,1
50446891,1
50818017,1
50623151,2
50866657,2
50804213,1
50837395,1
50732968,2
50762247,1
50856818,2
50880568,2
50837691,1
50842166,2
50859820,2
50805011,1
50784602,2
50837692,1
50763749,1
50874011,2
50824992,1
50848291,1
50831878,2
50859391,2
50670364,2
50735044,2
50866803,1
50886035,1
50771686,1
50791239,1
50784503,2
50825790,1
50886397,1
50809527,1
50839837,1
50747816,1
50833149,1
50826277,2
50784118,1
50884065,1
50760160,2
50765925,1
50724725,1
50612611,2
50651166,1
50834018,1
50766416,1
50810631,1
50884694,2
50876482,2
50870966,2
50830047,2
50847914,2
50556983,2
50857643,1
50430172,2
50878371,1
50827820,1
50812396,2
50817218,2
50869047,2
50614750,1
50848256,1
50782487,2
50839310,1
50884637,2
50879143,1
50832190,2
50448305,2
50590316,2
50790139,1
50438547,2
50835547,1
50877998,2
50841347,1
50809557,2
50710590,2
50795904,1
50790550,1
50811242,1
50856479,2
50683389,1
50748261,1
50872952,2
50811794,1
50822804,2
50648370,2
50870509,2
50684131,2
50876307,2
50887158,1
50872357,2
50740747,1
50877999,2
50791539,1
50824133,1
50873881,2
50884693,2
50874010,2
50801186,2
50790366,2
50874229,1
50789024,1
50881077,2
50676772,1
50851042,1
50874500,2
50844336,2
50699949,1
50853884,1
50817857,1
50852891,1
50877741,2
50716446,2
50741521,1
50785351,2
50789889,2
50825590,2
50839428,1
50878882,2
50655651,1
50685851,2
50839460,1
50854523,1
50856040,2
50792847,1
50878352,2
50819659,1
50795854,1
50711787,2
50804214,1
50872905,2
50890994,2
50765615,2
50817856,1
50716513,1
50757582,1
50855650,1
50674587,2
50888786,1
50884151,2
50744564,2
50867703,1
50793695,1
50593842,1
50754309,1
50886250,1
50870871,1
50836851,2
50614403,2
50873905,1
50728440,1
50775446,1
50469158,2
50871537,1
50786691,1
50817998,2
50605093,2
50845468,1
50870304,1
50850006,4
50886901,2
50825528,2
50664638,1
50810181,1
50821658,1
50865510,1
50871025,2
50814839,1
50828870,1
50687294,1
50716552,2
50833069,1
50681482,2
50873109,2
50784119,1
50861251,1
50877742,2
50886902,2
50736265,2
50873491,2
50850264,2
50812772,1
50886249,1
50824224,2
50850536,2
50819121,1
50854940,2
50807929,1
50837097,1
50810632,1
50782213,2
50783930,2
50806969,1
50807073,1
50806018,2
50664077,1
50631091,2
50814535,2
50428805,2
50834766,2
50573084,2
50892513,1
50699615,2
50806589,1
50857182,1
50859878,2
50855997,1
50582892,2
50773499,2
50834123,1
50817467,2
50837059,2
50893014,2
50796898,2
50665233,1
50827819,1
50863091,1
50752949,1
50809476,1
50798712,2
50839807,1
50879902,1
50680889,1
50869046,2
50894911,1
50696999,2
50889437,2
50833524,1
50782073,2
50583888,1
50818211,2
50807242,2
50695256,2
50832217,1
50875077,1
50858636,1
50543774,2
50897132,2
50883381,2
50879044,2
50791371,2
50876051,2
50878883,2
50850626,1
50898562,2
50753539,1
50894745,1
50850731,1
50872689,2
50758859,1
50890818,1
50820724,1
50846803,2
50874575,2
50896689,2
50875814,1
50858391,1
50827697,2
50817050,1
50858219,1
50826411,1
50422293,2
50845568,2
50737333,1
50789734,2
50756966,2
50824023,2
50885990,2
50895220,1
50782794,1
50642939,2
50801871,2
50855832,2
50812010,1
50774605,1
50810599,1
50823225,2
50862734,2
50897182,1
50883463,1
50585349,2
50772041,1
50886396,1
50885093,1
50796702,2
50884907,2
50835546,1
50737945,2
50878353,2
50769935,1
50839836,1
50892061,1
50893462,2
50669747,1
50814356,1
50694422,2
50896688,2
50807083,1
50829172,1
50686739,2
50757971,2
50888785,1
50876052,2
50870548,2
50812953,1
50839455,1
50898709,1
50715079,2
50786533,1
50624326,2
50831688,1
50831917,1
50861185,1
50860891,2
50630600,1
50688111,1
50779047,2
50788031,1
50891653,2
50887408,1
50865509,1
50737285,2
50898563,2
50856102,1
50824502,1
50681834,1
50800276,1
50882541,2
50701531,1
50830057,2
50801547,2
50815180,1
50738344,2
50855542,2
50875813,1
50827991,1
50867601,1
50875911,2
50812829,2
50902521,2
50714052,2
50899911,2
50902617,1
50847913,2
50809347,2
50885335,2
50901855,2
50893473,1
50781962,2
50838552,1
50801651,2
50890819,1
50770518,2
50880265,1
50851075,1
50734669,1
50840207,2
50825529,2
50673237,2
50895221,1
50902522,2
50856817,2
50892545,2
50859668,1
50730416,1
50761569,1
50848112,1
50760141,1
50845221,2
50806843,2
50831689,1
50860892,2
50790447,1
50815181,1
50820842,1
50825281,1
50899456,1
50674304,2
50888717,1
50727554,2
50796682,2
50834923,2
50875078,1
50892544,2
50765062,1
50897129,2
50902616,1
50900975,1
50854544,2
50790138,1
50836907,1
50568682,2
50904426,2
50809421,2
50721782,1
50823134,1
50898818,1
50863167,1
50879662,1
50757424,1
50628466,2
50790243,2
50774215,1
50874501,2
50902162,2
50875749,1
50874616,1
50840205,2
50833845,1
50880567,2
50818715,2
50864139,1
50869498,1
50898134,2
50862239,2
50908032,1
50856756,1
50900928,2
50864140,1
50815624,2
50883462,1
50706591,2
50779110,1
50873477,2
50850627,1
50845409,2
50816577,1
50846824,2
50820843,1
50889438,2
50774136,1
50848212,1
50775772,2
50874554,1
50727647,1
50858568,1
50825664,1
50867874,2
50812967,2
50908031,1
50897133,2
50746177,2
50836801,2
50884569,1
50593844,1
50743492,2
50765419,1
50828770,1
50908428,1
50819779,2
50845333,1
50813723,1
50791976,1
50850130,2
50819120,1
50872825,1
50854941,2
50861959,2
50900402,2
50455623,2
50885668,2
50822475,1
50886831,2
50822459,2
50902405,1
50781476,2
50839309,1
50900668,2
50769061,2
50886087,2
50767032,1
50819085,1
50845419,1
50874228,1
50900349,1
50813667,1
50875910,1
50906129,1
50853077,1
50822803,2
50906281,2
50892789,1
50780321,1
50809178,1
50795528,2
50727221,1
50807928,1
50801008,1
50757423,1
50911063,2
50475180,2
50868863,2
50795872,1
50892082,2
50790373,1
50870018,2
50833150,1
50845222,2
50676848,2
50905839,1
50752004,1
50905763,2
50797181,1
50749222,1
50450680,2
50880266,1
50866712,2
50724733,2
50892788,1
50872356,2
50755487,2
50909168,2
50796703,2
50886231,2
50909397,2
50858890,1
50814768,1
50836912,2
50891857,2
50908422,2
50460551,2
50911236,1
50887999,1
50898817,1
50824407,1
50814984,1
50751269,1
50838487,1
50858070,1
50735569,2
50833693,1
50833694,1
50874895,1
50727405,1
50589101,2
50842091,1
50908919,2
50850535,2
50909169,2
50631718,1
50714373,2
50878879,2
50884570,1
50768139,2
50883623,2
50915085,2
50720465,1
50834122,1
50755915,2
50878081,1
50705362,2
50763901,2
50846465,1
50769705,1
50660465,2
50890995,2
50855173,1
50855151,2
50723487,1
50833566,2
50853841,1
50776879,2
50718285,1
50796318,2
50854217,2
50809179,1
50862735,2
50876619,1
50709063,1
50912397,1
50763748,1
50817651,2
50782028,1
50731694,1
50878082,1
50823099,1
50729555,2
50759120,1
50891010,1
50899261,2
50818141,1
50915853,2
50891191,2
50899455,1
50907714,1
50823676,1
50827967,1
50707450,1
50875912,2
50888800,1
50831138,1
50899925,2
50876153,1
50886207,1
50891654,2
50649921,2
50719497,2
50894601,2
50877985,1
50684087,2
50893015,2
50800964,2
50735341,1
50882286,1
50827823,2
50841522,2
50916881,2
50864640,1
50875806,2
50891011,1
50883094,1
50791977,1
50877613,1
50704340,1
50836559,1
50821137,2
50887157,1
50913470,1
50899873,2
50707423,2
50853061,1
50450750,2
50916400,1
50899924,2
50876466,1
50741724,2
50826997,2
50884638,2
50840646,2
50846347,1
50769331,2
50907033,1
50916821,1
50864611,2
50573311,1
50900363,1
50863207,2
50918535,2
50781356,2
50608361,1
50852856,1
50911586,2
50858218,1
50844576,1
50908887,2
50814534,2
50790847,2
50906284,2
50910806,2
50919050,1
50888801,1
50702166,2
50914738,2
50854409,2
50769330,2
50877810,2
50813512,2
50812966,2
50791305,2
50790103,1
50854847,2
50768362,2
50848008,2
50462785,2
50691574,1
50874307,1
50759944,2
50866527,1
50606518,2
50849773,2
50910459,2
50836134,1
50916206,1
50896957,2
50535241,1
50921727,2
50875038,2
50900974,1
50839459,1
50906282,2
50921871,2
50779514,1
50625747,2
50867281,1
50580355,2
50606184,2
50585539,1
50855172,1
50918659,2
50885334,2
50892261,2
50781477,2
50910807,2
50900929,2
50818473,2
50825663,1
50914739,2
50809076,2
50748262,1
50869725,1
50922084,2
50824991,1
50767082,1
50918296,1
50792855,2
50921302,2
50894962,2
50897792,2
50880197,2
50795238,1
50836560,1
50791238,1
50850363,2
50754117,1
50766387,2
50810361,1
50453767,2
50812803,1
50828567,1
50872592,1
50919357,2
50913823,1
50806980,1
50901730,2
50743830,2
50738386,1
50846825,2
50904903,2
50875909,1
50844633,2
50548709,2
50921780,2
50853295,1
50920085,2
50477374,1
50750326,1
50873360,1
50916307,2
50828484,2
50903793,2
50910904,2
50867032,2
50828361,2
50922083,2
50724069,1
50684130,2
50905762,2
50830048,2
50792046,2
50872824,1
50888000,1
50826050,1
50863238,1
50767595,1
50866360,1
50811210,1
50918534,2
50814171,1
50875748,1
50900667,2
50804564,2
50922913,2
50919147,2
50845914,2
50780536,1
50821138,2
50628005,2
50909256,2
50856301,1
50826049,1
50756083,1
50914052,2
50915245,2
50464547,2
50477811,2
50856498,2
50791492,1
50916820,1
50911366,1
50790489,2
50889449,1
50682661,1
50800480,1
50856452,2
50844497,1
50917023,1
50902404,1
50866711,2
50710984,2
50680272,2
50788032,1
50568681,2
50883380,2
50826563,1
50693846,1
50920240,2
50876620,1
50740660,1
50920449,2
50708639,1
50853414,1
50510842,2
50833164,1
50927835,1
50919714,2
50835459,1
50922403,1
50611108,2
50927999,1
50859271,1
50871893,1
50896832,1
50870303,1
50814357,1
50819922,2
50821513,1
50449866,2
50930182,2
50858681,2
50757418,1
50900401,2
50859262,2
50883701,2
50911447,2
50921124,2
50911448,2
50834584,2
50836135,1
50900567,1
50913471,1
50855918,2
50922912,2
50773444,2
50534495,2
50602363,1
50884950,1
50833070,1
50875807,2
50839984,1
50786692,1
50595705,1
50852857,1
50921529,2
50842025,1
50801518,2
50924489,2
50801973,1
50869726,1
50873476,2
50906283,2
50873418,1
50854522,1
50859669,1
50707422,2
50684442,2
50674855,2
50766925,2
50547216,1
50899262,2
50885094,1
50932437,1
50829962,2
50827958,2
50861988,1
50830939,1
50827824,2
50839394,1
50809416,2
50927319,1
50902533,2
50858635,1
50801254,2
50625716,1
50909396,2
50894602,2
50863304,1
50884064,1
50933535,1
50841862,1
50873019,1
50498449,1
50933637,2
50908016,2
50810152,1
50804602,1
50623591,2
50872297,1
50856101,1
50665229,2
50766415,1
50930181,2
50932977,1
50886473,2
50920398,2
50750865,1
50751665,1
50855232,2
50732969,2
50853389,1
50855206,1
50790272,1
50863651,2
50930533,1
50921303,2
50929651,2
50866406,1
50740018,2
50754922,1
50850131,2
50903252,1
50859392,2
50839364,1
50702036,1
50902532,2
50869549,2
50936579,1
50921779,2
50617828,2
50870870,1
50834881,1
50921977,2
50789893,2
50797014,2
50765498,1
50858069,1
50808132,1
50882729,1
50927949,1
50918658,2
50883944,2
50870212,1
50848009,2
50892317,1
50760418,1
50911682,2
50933775,2
50846168,2
50921737,2
50935591,2
50906442,1
50860068,1
50901223,2
50936842,2
50863090,1
50885083,1
50647376,2
50858872,1
50885058,1
50902959,2
50901758,1
50844337,2
50512202,2
50834767,2
50939280,2
50832218,1
50834129,1
50839676,2
50905387,2
50811824,2
50919049,1
50886208,1
50759969,1
50827500,1
50821657,1
50857145,1
50852103,1
50874306,1
50630462,2
50852102,1
50822065,1
50818016,1
50848292,1
50930791,1
50840204,2
50754244,2
50939134,2
50675561,1
50536176,2
50936707,1
50790809,1
50809221,2
50935592,2
50801972,1
50932978,1
50857202,1
50747074,1
50864305,1
50937190,1
50482633,2
50876934,1
50904140,2
50684952,1
50802471,1
50853413,1
50915465,1
50841348,1
50863239,1
50918297,1
50789888,2
50932059,2
50794770,1
50885540,1
50874617,1
50822179,2
50866658,2
50806506,2
50927385,2
50854694,1
50881893,1
50799767,2
50761749,2
50919356,2
50846357,2
50918034,1
50853294,1
50917901,1
50880920,2
50877127,1
50868872,1
50892081,2
50853575,1
50893472,1
50874574,2
50930790,1
50900568,1
50933636,2
50916483,2
50913656,1
50942277,2
50936841,2
50931372,2
50891771,2
50819084,1
50786424,2
50883624,2
50869826,1
50882278,1
50878105,2
50890899,1
50919713,2
50867508,1
50842679,1
50768296,1
50933534,1
50944506,1
50776880,2
50851041,1
50916207,1
50910383,1
50632856,2
50492708,2
50785363,2
50744662,2
50941958,1
50894228,2
50905388,2
50906324,1
50941121,2
50713278,2
50909338,2
50939639,2
50782029,1
50854846,2
50702366,2
50912521,1
50846464,1
50809644,2
50815097,2
50913958,1
50894018,1
50628004,2
50841861,1
50946061,1
50886830,2
50892316,1
50874766,1
50892289,1
50853885,1
50836469,1
50865204,2
50820047,2
50892512,1
50476726,2
50939148,2
50466253,2
50901222,2
50944035,2
50890319,2
50927420,2
50485354,2
50729485,2
50867171,1
50919544,2
50878331,2
50840011,1
50936237,1
50885989,2
50864011,1
50845915,2
50612610,2
50878968,2
50884388,1
50876154,1
50699333,1
50648276,2
50929054,2
50923547,2
50928873,1
50927635,2
50674856,2
50813722,1
50913957,1
50482442,2
50897705,1
50891063,1
50881363,1
50910458,2
50937881,2
50828895,2
50944531,2
50937888,1
50915786,1
50861186,1
50822809,2
50832081,2
50873361,1
50922051,2
50928663,2
50842172,2
50939941,1
50691179,1
50929053,2
50904264,1
50743493,2
50900185,2
50856269,1
50811241,1
50841352,1
50894744,1
50931955,1
50910497,1
50879931,1
50856268,1
50894210,1
50809147,2
50897992,2
50903421,1
50941120,2
50763900,2
50680147,2
50927515,1
50913714,1
50848243,1
50872906,2
50875431,1
50879869,2
50762939,1
50882730,1
50929474,2
50718286,1
50907715,1
50840054,2
50812761,1
50833846,1
50902958,2
50888937,1
50879045,2
50898306,1
50822180,2
50878044,1
50662477,2
50537574,1
50771194,1
50788306,1
50948544,2
50923796,1
50915662,1
50825527,2
50947259,2
50927923,1
50921528,2
50783931,2
50908635,1
50893721,1
50735570,2
50944507,1
50848255,1
50712139,2
50872158,1
50770033,1
50870508,2
50664468,2
50708537,1
50897993,2
50927353,2
50723941,2
50862275,2
50857201,1
50728209,1
50873953,1
50938578,2
50676148,2
50917944,2
50890675,2
50887407,1
50911237,1
50860452,1
50896282,1
50886718,1
50901854,2
50930622,2
50938906,2
50683312,2
50795873,1
50819778,2
50725973,2
50936236,1
50935381,2
50765922,2
50811793,1
50939133,2
50715808,1
50527601,1
50876245,1
50829961,2
50897130,2
50790104,1
50914549,2
50865297,1
50795516,2
50899874,2
50824319,2
50825591,2
50832330,2
50723978,2
50909181,1
50900026,1
50923328,2
50939942,1
50870937,1
50813666,1
50537573,1
50785905,1
50885336,2
50904902,2
50902062,1
50948955,1
50900522,1
50954500,1
50869499,1
50727555,2
50939279,2
50884152,2
50954868,2
50611883,2
50953439,2
50901731,2
50808163,2
50786534,1
50863166,1
50956817,2
50632158,2
50925272,2
50892060,1
50882755,2
50668658,2
50929831,2
50630114,2
50834987,2
50839454,1
50834986,2
50955843,1
50954869,2
50867704,1
50906441,1
50912211,1
50771756,2
50942341,1
50700669,2
50954958,1
50953440,2
50926064,1
50852996,2
50867170,1
50939640,2
50870019,2
50790108,2
50876762,1
50915378,1
50915027,1
50859036,2
50900154,1
50837096,1
50897425,1
50952739,1
50907674,1
50789632,1
50851084,1
50729263,1
50773073,1
50832329,2
50927386,2
50943881,2
50692696,2
50945094,2
50945093,2
50858779,1
50861601,1
50955275,1
50858128,1
50904683,1
50910194,1
50878378,1
50944370,2
50856302,1
50900589,1
50894211,1
50930808,1
50839365,1
50916308,2
50938287,2
50958532,2
50906323,1
50919146,2
50620773,2
50854213,2
50878043,1
50754603,2
50955997,2
50889782,1
50877183,1
50955371,2
50878231,2
50769644,2
50823503,2
50713669,2
50879932,1
50816942,1
50874818,2
50927235,2
50910903,2
50737779,1
50842105,2
50873952,1
50946672,2
50877984,1
50886472,2
50814985,1
50956643,1
50942788,1
50791741,1
50866405,1
50955372,2
50885539,1
50690001,2
50849916,1
50815413,1
50911667,1
50961216,2
50958533,2
50924582,2
50718641,2
50955844,1
50958751,1
50777193,1
50777194,1
50913715,1
50601102,2
50872591,1
50845010,2
50846630,2
50798579,1
50942691,1
50926534,2
50874555,1
50944369,2
50765661,2
50870316,2
50963624,2
50927159,1
50915785,1
50915795,1
50954499,1
50907620,1
50765921,2
50757537,2
50888718,1
50709761,2
50884206,1
50851247,1
50942219,1
50848445,2
50865170,2
50924681,1
50872584,1
50874266,2
50826278,2
50927514,1
50912731,1
50885028,1
50816576,1
50871024,2
50898816,1
50811710,2
50954379,2
50484743,2
50859272,1
50835871,1
50958276,2
50744207,2
50939147,2
50862280,1
50899842,1
50892403,2
50921738,2
50958758,2
50815721,2
50958710,2
50895312,1
50931373,2
50804218,1
50679844,2
50890976,1
50793238,2
50910509,1
50852890,1
50867507,1
50951631,1
50914171,1
50875857,1
50823555,1
50955631,2
50832189,2
50961225,2
50860067,1
50928466,2
50949497,2
50897942,2
50924490,2
50960439,2
50928871,1
50941382,1
50770127,2
50743544,1
50554598,2
50846631,2
50922437,2
50914053,2
50858107,1
50914102,1
50844011,1
50873108,2
50858129,1
50858506,2
50823744,2
50964095,2
50900969,1
50719903,2
50834880,1
50798290,2
50807243,2
50917348,1
50963166,1
50845743,1
50960440,2
50921988,2
50865502,1
50679092,2
50952426,1
50912520,1
50967413,1
50789906,2
50960812,1
50911365,1
50963623,2
50892288,1
50959961,1
50897704,1
50907699,1
50903216,1
50793694,1
50810744,1
50803701,1
50888936,1
50968721,2
50876761,1
50873985,1
50958956,2
50823857,2
50884908,2
50916571,2
50860451,1
50916880,2
50854771,1
50900364,1
50890977,1
50727263,1
50919866,1
50806120,1
50861252,1
50955630,2
50867033,2
50963102,2
50807690,2
50944036,2
50792801,2
50933935,1
50903792,2
50958957,2
50968720,2
50916570,2
50858612,1
50878373,1
50841521,2
50888296,2
50963474,1
50897636,1
50879870,2
50901988,1
50905845,2
50889448,1
50853794,1
50818212,2
50951991,1
50845736,1
50963165,1
50783526,2
50765083,2
50967046,1
50817922,1
50865169,2
50613927,2
50917900,1
50938777,1
50839675,2
50966409,2
50492347,2
50806842,2
50883941,2
50914373,1
50597219,2
50966635,1
50853062,1
50928465,2
50963071,2
50958739,1
50942218,1
50897943,2
50919103,1
50835046,2
50909257,2
50897323,2
50815506,1
50897181,1
50860217,1
50942564,1
50915026,1
50759902,2
50968937,2
50911278,1
50860187,1
50805578,2
50801209,1
50941515,2
50900348,1
50932568,1
50874655,1
50770445,2
50892212,1
50792047,2
50943707,2
50795239,1
50732176,2
50961217,2
50902670,1
50910780,1
50884205,1
50758107,1
50956123,2
50884949,1
50873904,1
50959178,1
50963342,1
50885057,1
50871536,1
50973176,2
50948543,2
50922402,1
50897486,1
50834583,2
50941738,1
50891062,1
50792224,2
50925150,2
50968248,1
50968249,1
50881201,1
50966563,2
50907925,2
50974944,1
50933996,1
50738729,2
50909363,1
50940032,2
50966002,1
50904141,2
50966138,2
50725241,2
50886658,1
50929543,1
50943258,1
50935224,2
50921562,1
50870211,1
50694489,1
50836468,1
50928148,2
50969608,1
50963103,2
50964479,1
50825874,1
50935683,1
50891724,1
50881894,1
50928874,1
50831675,2
50845332,1
50928926,1
50938633,2
50912730,1
50951147,2
50934648,2
50927948,1
50915803,1
50882594,4
50765616,2
50867600,1
50879464,2
50908886,2
50900607,1
50706053,2
50927234,2
50946535,2
50862238,2
50967047,1
50969803,1
50891481,2
50958759,2
50964575,2
50942276,2
50979804,1
50947913,2
50959189,1
50858873,1
50844010,1
50785906,1
50764349,2
50926652,1
50907436,1
50910382,1
50932569,1
50965515,1
50748300,2
50548710,2
50749690,1
50853042,1
50894306,2
50920397,2
50968587,2
50921870,2
50776069,2
50683001,1
50820410,2
50972715,2
50891978,2
50979846,1
50930284,2
50960813,1
50978793,1
50824576,2
50849711,2
50901759,1
50952740,1
50929773,1
50844594,1
50951633,1
50870317,2
50737334,1
50809222,2
50894227,2
50873419,1
50901119,1
50974943,1
50920239,2
50975501,1
50899780,2
50933193,1
50978331,1
50897324,2
50911156,1
50877128,1
50955317,2
50908634,1
50840940,2
50904682,1
50870360,2
50977410,1
50896726,1
50904989,1
50902063,1
50837192,2
50915802,1
50821167,2
50972134,2
50836850,2
50975173,2
50972998,1
50968936,2
50955287,1
50897487,1
50915661,1
50941700,1
50910594,1
50946220,2
50647694,1
50894221,1
50817254,2
50800594,1
50534740,2
50899814,1
50911789,2
50923411,1
50834128,1
50975502,1
50942690,1
50860188,1
50867035,1
50848213,1
50749406,1
50909670,1
50877614,1
50919482,1
50930738,1
50893720,1
50914374,1
50930872,1
50636590,2
50921726,2
50899851,2
50714374,2
50895313,1
50777412,2
50915131,2
50914950,2
50954959,1
50971498,2
50978332,1
50882593,4
50868547,1
50915466,1
50881078,2
50907621,1
50951632,1
50987362,1
50903206,1
50858390,1
50823858,2
50925490,1
50968456,2
50865044,2
50661788,1
50960404,2
50986313,2
50977987,2
50855917,2
50972716,2
50793798,1
50983771,1
50964714,1
50971592,2
50809402,2
50919776,1
50928024,1
50932436,1
50916034,1
50615442,2
50917349,1
50530107,2
50833783,2
50709062,1
50732552,2
50796885,1
50956122,2
50597124,2
50898623,2
50927447,2
50947914,2
50873894,2
50839680,2
50892365,1
50628557,2
50909078,2
50972479,2
50894367,1
50899910,2
50927354,2
50983522,2
50968630,2
50982344,2
50983627,2
50795529,2
50979860,2
50828538,2
50943996,1
50893001,1
50937526,1
50903118,1
50984333,2
50930809,1
50941627,1
50968398,1
50900590,1
50820798,2
50804565,2
50910794,1
50902671,1
50892935,1
50972766,1
50989308,1
50930532,1
50989307,1
50923410,1
50891858,2
50943274,1
50991128,1
50947288,1
50894976,1
50943350,1
50790331,2
50911587,2
50904923,1
50972133,2
50987685,1
50975100,2
50878104,2
50953564,2
50857146,1
50933037,1
50941510,1
50802558,2
50694423,2
50943997,1
50892211,1
50927863,1
50939097,1
50946219,2
50841829,2
50863871,1
50749405,1
50761748,2
50881323,2
50877809,2
50984955,2
50980478,2
50522300,2
50865043,2
50969607,1
50904010,2
50979537,2
50975099,2
50840010,1
50890335,1
50926651,1
50953866,1
50959665,1
50752055,1
50962266,2
50966474,1
50757538,2
50844577,1
50959914,1
50910570,2
50866444,2
50935518,2
50890059,2
50917826,1
50964096,2
50972480,2
50991615,2
50628634,1
50983523,2
50847652,2
50870672,2
50661190,2
50913657,1
50959179,1
50925081,2
50932120,2
50982793,2
50856478,2
50946940,1
50914144,1
50910496,1
50897637,1
50899202,1
50801652,2
50882711,2
50929774,1
50828161,1
50921604,1
50862281,1
50995892,2
50831326,2
50565907,1
50911277,1
50983770,1
50975634,1
50901708,2
50941269,1
50942272,2
50799766,2
50868439,1
50955074,1
50992083,2
50947140,1
50903251,1
50960858,1
50972090,1
50743812,2
50824024,2
50917945,2
50945214,1
50975174,2
50938577,2
50913810,1
50935615,1
50988000,2
50824406,1
50857646,1
50995519,1
50984332,2
50922371,1
50866359,1
50732553,2
50907437,1
50984662,1
50845418,1
50946387,1
50924151,2
50943708,2
50891190,2
50785352,2
50839393,1
50893000,1
50799142,1
50909079,2
50769050,1
50871013,2
50648951,2
50954997,1
50993509,1
50538509,2
50879142,1
50789061,2
50904427,2
50879465,2
50900521,1
50971847,1
50995753,2
50937912,2
50851074,1
50611107,2
50806019,2
50908918,2
50897071,2
50839427,1
50916322,2
50872298,1
50733606,2
50854770,1
50932724,2
50968588,2
50813284,1
50864147,1
50982523,2
50972650,2
50942414,1
50924838,1
50913830,1
50861635,1
50898819,1
50944140,1
50929297,1
50936022,1
50842680,1
50894912,1
50972091,1
50946380,1
51002448,1
50812773,1
50946536,2
50744908,2
50876246,1
50946897,2
50971735,2
50534996,2
50947258,2
50914041,2
50811534,1
50918816,1
50786343,1
50663500,1
50960209,1
50907924,2
50877400,2
50691879,2
50933900,1
50943880,2
50899813,1
50936578,1
50991734,2
50949498,2
50810330,2
50827195,2
50817401,2
50993508,1
50927872,1
50903117,1
50992480,2
50924979,1
50957108,1
50904922,1
50834707,1
50898307,1
50975074,2
50857181,1
51002906,1
50985084,2
50546529,2
50999019,1
50919397,2
50989214,1
50901603,2
50885333,2
50954996,1
50712140,2
50954254,2
50540616,2
50949905,1
50554225,1
50885667,2
51003934,1
50925149,2
50924470,2
50738500,2
50790922,2
50966633,2
50928147,2
50941125,2
50891482,2
50941082,1
50941027,1
50938481,1
50909154,1
50988986,2
50894368,1
50943927,1
50894305,2
50684086,2
50854408,2
50909362,1
50936745,2
50660904,2
50839679,2
50952425,1
50845569,2
50853576,1
50959508,1
50951267,1
51003442,1
50940040,1
50855207,1
50888429,1
50757590,1
50911568,1
50954253,2
51001077,2
51003933,1
50954627,1
50932725,2
50910795,1
50856755,1
50963116,1
50891679,1
50941107,2
50996133,1
50709661,1
50812170,1
50595141,1
50930737,1
50837191,2
51006520,1
50941558,1
50984587,1
50977628,2
50875856,1
50919867,1
50936376,1
50899779,2
50969480,2
50955774,1
50946556,1
50900824,1
50871012,2
50989174,2
50940049,1
50926063,1
50843939,1
50874767,1
51010460,1
50979382,1
50936377,1
50545012,2
50995891,2
50856052,1
50828475,2
50916662,2
50807562,1
50939580,1
50924588,2
51000359,1
50949595,2
50998996,2
50573189,2
50973175,2
50797385,1
50994867,1
50938983,2
50894084,1
51012132,1
50958133,2
50855649,1
50933679,1
51012368,2
50938288,2
50961497,2
50702033,2
50708884,1
50926327,1
50813285,1
50751716,1
50953178,1
50872585,1
50835458,1
51002885,2
50911118,2
50863068,2
50808305,2
50968901,1
50971951,1
50901709,2
50929632,1
51007576,2
50993948,2
51012131,1
51010426,1
50576153,2
50724050,2
50984954,2
50770933,1
50899852,2
50930075,2
51007090,1
50982392,2
50943926,1
50955943,2
50987999,2
51000379,2
50964713,1
50882285,1
50543134,2
50942789,1
50940031,2
50809556,2
50966204,2
50978514,2
50916035,1
50982056,1
50918914,1
50884387,1
50825873,1
50900823,1
51013757,1
50899841,1
50882277,1
50901118,1
50753028,1
50945913,2
50863587,2
50924978,1
50980134,2
50903207,1
50905846,2
50961130,1
50927419,2
51012526,1
50676296,1
51002905,1
50979536,2
50988985,2
51002886,2
50939771,1
50935614,1
50949545,2
51003191,1
50949663,1
50728704,1
50924837,1
50882542,2
50868548,1
50871892,1
50957996,1
50927871,1
50599786,1
50919775,1
50929631,1
50955850,2
50997105,2
51010838,1
50949230,2
51013662,1
50944018,2
50927352,1
50564225,2
50735277,1
51000360,1
51000380,2
51014522,2
50969119,1
50962524,2
50937992,1
50927998,1
50867280,1
50936291,1
50935519,2
50969580,1
50966632,2
51008185,2
51007091,1
50621089,1
51007854,2
50961496,2
51008261,2
50955073,1
50900968,1
51012628,2
50972649,2
50968902,1
50888295,2
50966210,1
50954480,2
50775771,2
50948956,1
50990349,1
50984586,1
50937991,1
50935380,2
50943540,2
50971208,1
50836771,2
50909180,1
50812009,1
50914548,2
50997104,2
51013612,1
50858891,1
50991656,2
51015300,2
51007124,2
50786540,1
50803781,2
50961694,1
51015435,2
50919481,1
50908398,1
50949931,1
50949836,1
50929655,1
51015927,1
50866443,2
51012367,2
50961224,2
50599491,1
50941959,1
50930984,1
51002447,1
50869827,1
50966845,2
50958017,1
51001853,2
50960713,1
50955288,1
50921563,1
50947216,1
50990106,1
50631381,2
50996748,1
50987312,1
50954628,1
50686301,2
50962753,1
50738499,2
50969701,1
50952083,2
50980826,2
50596935,1
51011077,2
50921989,2
51015441,1
50812952,1
50983626,2
50953563,2
50994868,1
50927862,1
50826412,1
51010427,1
50899201,1
50976679,2
51002355,2
50968609,2
50997033,2
50969479,2
50872443,2
51021946,2
50989213,1
51018033,1
50945073,1
50859000,1
51020901,1
50966193,1
50959188,1
50771010,2
50573188,2
50896597,2
50921125,2
50916667,2
50963718,1
50982898,1
50886717,1
50947339,1
50601949,1
50944641,2
51024402,2
51024401,2
50968567,1
50695215,2
50960405,2
50925533,2
51013756,1
50925945,1
50891725,1
50939772,1
50978423,2
50716957,2
51005880,1
50955138,2
50883702,2
50755486,2
50759119,1
50901737,1
50669375,2
51009192,1
51024163,1
50947392,1
50885388,2
50987363,1
50990173,1
50968399,1
50977529,2
50944642,2
50987684,1
50955782,2
50865203,2
50959094,2
50925946,1
51018034,1
51021954,2
50968856,1
50975633,1
50901602,2
50970577,1
51001390,2
50781486,2
50965833,2
50760937,2
50817468,2
50909044,1
50924657,2
50850730,1
50946671,2
50959170,1
50968984,2
50610464,2
50937450,1
50967737,1
50892366,1
50929656,1
51018614,1
50955591,2
51002216,2
51014936,1
50979238,1
50971989,1
50680233,2
50861958,2
50976678,2
50911790,2
50891557,2
51029026,1
50942340,1
50812876,2
50891680,1
50955104,2
51016644,1
51027735,2
50966205,2
50910195,1
50880921,2
50925271,2
51014937,1
50984832,1
50868864,2
50962925,1
50962926,1
50823675,1
50823832,2
50782677,2
50946557,1
50976764,1
50936708,1
50924682,1
50922887,1
50885084,1
51027651,1
50964432,2
50972997,1
50922050,2
50942565,1
50927836,1
50953865,1
51002970,1
50986863,1
50992019,2
50955139,2
50965283,1
50885387,2
50770519,2
51025791,1
51022900,1
51031458,1
50827990,1
50977598,1
50961131,1
50930125,1
50928488,2
50924635,1
51020923,2
50939579,1
51027840,1
50901989,1
50940702,2
50973703,1
50899058,2
50872853,2
50903163,2
50937887,1
50790570,2
50914951,2
50941081,1
51009789,1
50957581,2
51031799,1
50862710,2
50618583,1
50925080,2
51005879,1
51018302,1
50853701,1
50949662,1
50930621,2
50969120,1
50905968,2
50906130,1
50900606,1
50952592,1
50995754,2
50718030,2
50914401,2
51031553,1
50897791,2
50910508,1
50961253,1
50880606,2
50957582,2
50935649,2
50955944,2
51033246,1
50878276,2
51011539,1
50684526,2
50965284,1
50917009,2
51031459,1
51028655,2
50998511,1
50963854,1
51028886,2
50986000,1
50951990,1
50995943,2
50580293,2
50868399,2
51021895,2
50854695,1
50938702,1
50827196,2
50801253,2
50980168,2
50979861,2
50559910,2
50894972,2
51021359,1
50628152,2
50851083,1
50961550,1
50946898,2
51031800,1
50876458,2
50979845,1
50949546,2
51011540,1
50897072,2
50992020,2
51029372,2
50877184,1
50617675,1
51000892,2
50905967,2
50952845,2
50637319,2
51015111,2
50965904,2
50878969,2
50888903,1
51024529,2
50942734,1
51019569,1
51024788,2
51027736,2
51027839,1
51034714,1
50923546,2
50861634,1
50981493,1
51030810,1
50973394,2
50951419,1
51033723,1
50845457,2
51001106,1
50944624,1
50939254,2
50756967,2
50964220,1
50894334,1
51038090,2
51021621,1
50562524,2
50936814,1
50994243,2
51008184,2
50993194,1
51018110,2
50951166,1
51004577,2
50937449,1
50904535,1
50932121,2
50946388,1
51037832,2
51025792,1
50977483,1
50961027,1
50793766,2
50813125,2
50976714,2
50963115,1
51034588,2
50936606,1
51024787,2
50828362,2
50944139,1
51034713,1
50963343,1
50831385,2
51026516,1
50978424,2
50897426,1
50938847,1
50999083,1
50933194,1
51003192,1
50945583,1
50764348,2
50882756,2
50976356,1
51001016,1
51037861,1
50985675,1
50962754,1
51005078,2
50988896,1
50910823,2
51037222,2
51029119,2
51042690,1
51016645,1
51002613,2
51033066,1
51041487,1
51044158,1
50955274,1
50997559,1
51003529,1
50881200,1
51032314,1
50978898,1
51009132,1
51002215,2
50928025,1
50660625,2
50910781,1
50695384,2
50933678,1
51021727,2
50972294,2
50933934,1
51021955,2
50638958,2
50908397,1
50972765,1
50941346,1
50938756,1
50984037,1
50948179,1
50999018,1
50890898,1
50970578,1
50948503,2
50977537,2
50606474,1
50911189,2
50963473,1
50813513,2
50973552,2
51001015,1
51040555,2
50930076,2
50694114,2
51005260,1
50983261,1
50955849,2
50971483,1
50959095,2
50948180,1
51029025,1
51044135,2
51008193,1
50710409,1
51005678,2
50987840,2
50967736,1
51000633,1
51045804,1
51044387,1
50951237,2
50981573,1
51037833,2
50957107,1
50984663,1
51047740,1
50959960,1
50924469,2
50894220,1
50985858,1
50949208,2
50858682,2
50966634,1
50925783,1
50878275,2
50928487,2
50909339,2
50990761,2
50925928,1
50574772,2
50581591,2
50940050,1
50966562,2
51014206,2
50936023,1
50995520,1
50974500,2
50943351,1
51043217,2
50965029,1
51043341,1
50990105,1
51047743,2
51046151,1
50913234,1
50947340,1
50911666,1
50980514,2
50916484,2
50975472,1
51009790,1
50736266,2
50964431,2
51021947,2
51033179,1
51014446,1
50963525,1
50955508,2
50938848,1
50987313,1
50872953,2
51029658,2
50990350,1
50995769,2
50946169,1
50930985,1
50927320,1
50976985,1
50916323,2
51034483,2
51046840,1
51024960,2
50933997,1
50885027,1
50942415,1
50587455,2
50992472,1
50946930,2
50984036,1
51010398,1
50995630,1
50914400,2
50990031,2
50618851,2
50892402,2
50982393,2
51028952,2
51027623,1
50828769,1
50818763,2
50937530,1
50867327,2
50979224,2
51028282,1
51031086,1
51032067,2
51036872,2
50910571,2
51050490,2
51046150,1
50894977,1
51014866,2
50874654,1
50977627,2
50821514,1
50972293,2
50949363,1
51009785,1
51010746,1
50980827,2
50946751,2
50990760,2
51024959,2
50728780,1
51045652,1
51045653,1
50996186,1
50595081,2
51052533,1
50879679,2
50986866,1
50998011,1
50634026,1
51047739,1
51010447,2
51014867,2
50914060,2
51050489,2
50947289,1
50999475,1
50943259,1
50888430,1
50966835,2
51038059,1
50726751,1
51007913,1
51049339,2
51054860,2
50956316,2
51033067,1
51046841,1
50982524,2
51022160,2
50907274,2
50928664,2
51034700,1
51044157,1
50912396,1
50636788,2
50917827,1
51036061,1
51004732,2
51010461,1
51039402,2
50957226,1
51040556,2
50633884,1
50976600,1
51012527,1
50933774,2
50990466,1
51054480,2
51043860,2
51043870,1
50928872,1
50791493,1
50628095,1
51052312,1
50915130,2
50955103,2
50805579,2
50978099,1
51033113,1
50977133,1
50681483,2
50997980,1
50978513,2
50985503,1
50634178,1
50976357,1
50947215,1
51006519,1
50845742,1
50998688,2
51049048,1
50927448,2
50950269,1
50991733,2
50933901,1
51053696,2
51045483,2
50957631,2
51055023,2
50915852,2
50981574,1
50959364,1
50973551,2
50861989,1
50965030,1
50998512,1
50947391,1
50905316,2
50971234,1
50920450,2
51026302,2
50925489,1
51045482,2
50866802,1
50997669,1
50989168,2
50760938,2
51056598,2
51044221,1
50960512,1
50992084,2
51002969,1
50960513,1
50981100,1
51028277,1
50945074,1
50749084,2
50898708,1
50941381,1
50984524,1
50759246,1
50981398,1
50981801,1
51001226,1
50830940,1
50977599,1
50899423,2
51027196,2
51048089,2
51051858,1
50810769,2
50885072,1
51037464,2
51004299,2
51055108,1
50977132,1
51050044,2
51016973,1
50896283,1
50606036,2
50896596,2
51017623,1
51047744,2
51057054,1
50955507,2
50943275,1
50935402,1
50990032,2
51037860,1
50958016,1
51036604,1
50823607,2
50988435,1
51051709,1
50938145,1
50744565,2
51040711,2
50961252,1
50939253,2
50995958,2
50958724,1
50858567,1
50919396,2
51057882,2
51018301,1
51057929,2
50688706,1
50617067,2
51014207,2
51059571,1
50998012,1
50951307,1
50985674,1
51032280,2
50905466,2
51057053,1
50597298,2
51018531,1
50922644,2
51031253,1
50840206,2
50873020,1
50590169,2
51054638,1
50963070,2
51029819,2
50916827,2
50966003,1
51060399,1
50887191,1
51008396,1
51041555,2
50886230,2
50979867,1
50855233,2
50971762,1
50981101,1
51003530,1
50931954,1
50956818,2
50955422,2
51055915,2
50969222,1
50992597,1
51048896,1
50624512,1
50889781,1
50964219,1
50965832,2
50980515,2
50961551,1
51005497,1
51026163,2
50949207,2
50836802,2
50944017,2
51001691,2
51055109,1
50911117,2
51048518,1
51041541,1
50951344,1
50845217,1
50978996,1
51034924,1
50937525,1
50949904,1
50846169,2
50958132,2
50822066,1
50996811,2
50991616,2
51054494,1
51004300,2
51057934,1
50941268,1
50945584,1
50655407,1
51018223,1
51017200,2
50952591,1
50941514,2
51047418,1
50941739,1
51026974,1
51059895,1
51015996,1
51025760,1
50984953,1
50986001,1
50945213,1
51009784,1
50976979,2
50969702,1
51000049,2
51063390,2
51063389,2
50967948,1
50988163,1
50974499,2
50997560,1
51052532,1
51059572,1
50998498,2
50882712,2
50899114,1
50981990,1
51012303,1
51020313,1
51036871,2
50965601,1
50980135,2
50939098,1
50951630,1
50927889,1
50993212,1
51062748,2
50974050,1
51065560,1
51063066,1
50809075,2
51013663,1
50936668,2
50799143,1
50983755,1
51015442,1
50929473,2
50809415,2
50780417,1
51024885,1
51056794,1
50938703,1
50963717,1
51001225,1
51065252,2
50944273,2
51043340,1
50958275,2
50933406,1
50904988,1
50935403,1
50938146,1
50874838,2
50903420,1
50995942,2
51064597,2
51008204,1
51045475,2
51031853,1
51036062,1
51026515,1
51041542,1
50999082,1
50923311,1
50986867,1
50998249,1
50590206,2
50977482,1
50949932,1
50963524,1
51062594,1
50764897,2
50636547,1
50918817,1
51065358,1
51012304,1
51009492,1
50677512,2
50946170,1
50925534,2
51019005,2
51024396,1
50749661,2
50933038,1
50997097,2
50998949,1
50962267,2
51018085,2
51051081,2
50979909,2
50955318,2
50944272,2
51007315,2
51046091,2
51070873,1
51020434,1
51062605,1
50764611,2
50806121,1
50958418,1
51050944,1
51009663,1
50991627,1
51070108,1
50971591,2
51054639,1
50951266,1
50609160,2
50875432,1
50942941,1
51050043,2
51062309,1
50966071,1
51048726,1
50992598,1
51064055,1
50993947,2
50976431,1
50971032,1
51057080,2
51024164,1
50755716,2
51042691,1
50996942,1
50925784,1
50623570,2
50922886,1
51070298,1
50942940,1
51060746,1
50815098,2
50938778,1
51065251,2
51069793,2
51054389,2
51048897,1
50715590,1
50990267,1
51020635,1
50969579,1
50908017,2
51021622,1
50898135,2
51065744,2
50918345,2
51043859,2
50971846,1
50915084,2
51066365,1
51047132,1
50836955,1
50908287,1
50995084,1
50999289,1
50993759,1
50945785,1
51007575,2
51009143,1
51024189,1
50647723,1
51002544,2
51051807,1
51075610,1
51002967,1
51070107,1
51057285,2
51059045,2
51024665,2
50958419,1
50988895,1
51022076,1
51052285,2
51075857,1
51064954,1
51020900,1
50975606,1
51008659,2
51025408,1
51032082,1
51069667,1
51032430,2
51062595,1
51072430,1
50893924,2
51055914,2
51010517,1
50969382,2
51024133,1
51040620,2
50929992,2
51007853,2
51005077,2
51065590,2
51002601,1
50990666,2
50950459,2
50755916,2
50961555,2
51000050,2
50694052,2
51056630,2
51077224,1
50709760,2
51007316,2
51066364,1
50959915,1
51062531,2
51026759,2
51072431,1
50903217,1
51058736,1
50914061,2
51024132,1
51079051,2
51065309,1
51064466,2
51056192,1
50998647,1
50605094,2
50957225,1
51076614,1
51056372,1
50976978,2
51067605,1
50964480,1
51066067,1
51068820,2
50975605,1
51041439,2
50975889,1
51009133,1
50991129,1
50693445,1
50932365,2
51066748,1
50847363,1
51079017,1
50897609,2
51058735,1
50990174,1
51035141,1
50893925,2
51076326,2
51017633,2
50979381,1
51064598,2
50983276,1
51078377,2
50990467,1
51007969,1
50817402,2
50958723,1
51024666,2
51045476,2
50940039,1
51047328,2
51074700,1
51001369,1
51010232,1
51031552,1
51015928,1
50814170,1
50922645,2
50771657,2
50970196,1
51066231,2
50806505,2
50952406,1
51002789,1
50629240,2
51081338,1
51047059,1
50629241,2
50897610,2
51065026,1
51052726,1
50938755,1
51077476,1
50937189,1
51009142,1
50864612,2
50617176,2
51068212,1
50842090,1
51064607,2
51079396,2
51009664,1
50782793,1
51081339,1
50916663,2
50920088,2
50882299,1
51042891,2
50997550,2
50913809,1
51077223,1
51071759,1
51020922,2
51080171,1
51077475,1
50617175,2
51008991,1
50995083,1
50902163,2
50870359,2
51057286,2
51002356,2
50990484,1
51018169,1
50671455,2
51056793,1
51080157,2
51049745,1
51062275,2
51073310,2
51076220,1
51041862,2
50790365,2
51079018,1
50946062,1
51075534,1
50996775,2
50790569,2
50715809,1
50629954,2
50868440,1
51085276,1
50624325,2
51044363,1
50686133,2
51050122,1
50995369,1
51036630,1
51075111,2
50967953,1
50988436,1
50945786,1
50863305,1
50998184,1
51029659,2
51023377,1
50915244,2
51048193,1
50986316,1
50986312,2
51067604,1
50979766,1
50975073,2
51062112,2
50998948,1
51081310,1
50966139,2
51047133,1
51084293,1
50798289,2
50988265,2
50809403,2
51018362,1
51084406,1
50880198,2
50926533,2
50841830,2
50657234,2
50983754,1
50919159,2
50979910,2
51007527,1
51063970,1
50831692,2
50901736,1
50997805,2
50937911,2
51081805,1
50995629,1
51035233,1
51020489,1
50826428,2
50976763,1
50917273,2
50932860,2
51015174,2
51029120,2
51032885,1
50986317,1
50935682,1
50956809,1
51027554,2
50927924,1
51060745,1
51041488,1
51080172,1
51014447,1
51079011,2
51081806,1
51079169,1
50974049,1
50949244,2
51013613,1
51082427,2
51043869,1
50785364,2
50950458,2
51026308,1
51015512,1
50642741,2
50913824,1
51031087,1
51080441,1
51035140,1
51088861,1
51040374,1
50998183,1
51081871,2
51025759,1
51004986,1
50626761,2
51055910,2
51045036,1
50896833,1
51059894,1
51009358,2
50984952,1
50924587,2
50957471,2
51027222,1
51077245,1
50861602,1
51092340,2
51047172,1
50741700,2
51080551,1
51058629,1
51009357,2
50626762,2
51057296,1
50977988,2
51078378,2
51041102,2
50975294,1
50975471,1
50623569,2
51089632,2
51085475,1
50789169,2
51011324,1
50867849,2
50986887,1
51037737,1
51088575,1
50783525,2
51033178,1
51021358,1
51026758,2
50820797,2
51072347,1
50917022,1
50965600,1
51082070,2
50968610,2
51059115,2
51089431,1
50998997,2
51042974,1
51077040,1
51070507,1
50911062,2
50982516,1
51003564,1
51089862,1
50953761,2
51095406,1
51018522,1
50949971,2
51050233,1
50999373,1
50997928,2
51022899,1
50835047,2
50883093,1
51064542,1
51001473,1
51093410,1
50946752,2
51071727,1
50980792,2
50986550,1
51023684,1
50953474,1
51066445,1
51091325,1
50917008,2
51050259,2
51035154,2
51007528,1
51020136,1
51095407,1
51092733,1
51068059,1
51009193,1
51094619,1
51031252,1
51037882,1
50930507,2
51025945,1
51069792,2
51018774,1
50922574,1
50866737,1
51012464,2
51042622,2
50955775,1
51021894,2
51097787,1
50988164,1
51085231,1
50982687,2
50790260,2
51092419,1
51092485,1
51085474,1
51070506,1
50710346,2
51063434,1
51087069,2
51088576,1
51069753,1
51092732,1
50981802,1
51083588,1
51080965,2
50996749,1
51010516,1
50984503,1
51076327,2
50699278,2
51081870,2
50936607,1
50637116,2
50930126,1
51009759,1
51087900,1
51071062,2
51043711,1
51068766,1
51085141,1
51065745,2
51056629,2
50996185,1
51099035,1
51085275,1
51004310,2
50826213,2
51070548,1
51041861,2
51099674,2
51081691,2
50941701,1
51024048,1
50998497,2
51059745,1
51064428,1
51070872,1
50946379,1
51050691,1
51057206,1
50996810,2
51027221,1
51033112,1
51050945,1
50974250,1
50997096,2
51071760,1
51011323,1
51064909,1
51074913,2
50792848,1
51051432,1
51008932,1
51075090,1
50896956,2
51050260,2
51100965,1
51061563,1
51056172,1
51079050,2
51100964,1
51003727,1
51062851,2
51041128,1
50850364,2
50678445,1
51005062,1
51101566,2
50983840,1
51031883,2
50976971,1
51017272,1
51023685,1
51066066,1
50980064,1
50986862,1
51103387,1
50951167,1
51084294,1
50878232,2
51021156,1
51099669,2
50936292,1
51043227,1
51050424,1
50993905,1
51079010,2
50894019,1
50960208,1
50738343,2
50919102,1
51101356,1
51081161,1
51008192,1
50947889,2
51084079,2
51010966,1
50873880,2
51024886,1
51005259,1
51103388,1
51068819,2
51092339,2
51043037,2
51062274,2
51085656,1
50954496,1
50961695,1
51056193,1
50907675,1
51057127,1
50966475,1
51075603,1
51028935,2
50949362,1
50991655,2
51030256,1
51000009,1
51056597,2
51011078,2
50774652,1
51026307,1
50999288,1
50941559,1
51021406,1
50981399,1
50713638,2
51106499,1
51001078,2
51001370,1
51062606,1
50741490,2
51002543,2
51031882,2
50886086,2
50670511,2
50976986,1
51085657,1
51092484,1
51104763,1
51050234,1
51070549,1
50650187,2
50960857,1
51041556,2
50969223,1
50935225,2
51098312,2
51015805,1
50881324,2
51003728,1
51089256,2
50992953,1
50958208,2
50916401,1
50777347,2
51034436,1
51104145,1
51093260,2
51013626,1
51050982,2
51099036,1
51085281,2
51001610,1
51008397,1
51103444,2
50809346,2
51086961,1
50911155,1
50971736,2
51060952,1
50988306,1
51102426,2
51033607,2
51028281,1
51069666,1
51036538,1
51032068,2
51061578,1
51097514,2
51086518,2
51100349,1
51008055,1
50871557,2
51074139,1
50953362,1
50935650,2
51048194,1
51104818,1
50913831,1
51106294,1
51071885,1
51088819,2
51099630,2
50969090,1
51064054,1
51017624,1
51045906,1
51047329,2
50899059,2
51110913,1
50993903,1
50712252,2
51032614,1
51101207,1
51073894,1
51084881,2
51078440,1
50936813,1
51018869,2
50871556,2
50979805,1
51057933,1
51027553,2
51003563,1
51049746,1
51047375,2
51033722,1
51020137,1
50988214,1
51054161,2
50893463,2
50892260,2
50972119,1
51026144,2
51097470,2
50980479,2
51068297,1
51005498,1
51106998,1
51084080,2
50674039,1
51061867,2
51004395,1
50979765,1
50826212,2
51087034,2
50888904,1
50921605,1
50888610,2
50993902,1
51008933,1
50864639,1
50946931,2
51045213,1
51103702,1
51088862,1
51058428,1
51080552,1
51076219,1
51098359,1
51094610,2
51043419,1
51037064,1
50960314,2
50964215,1
50640818,2
51042798,1
51086833,1
51016226,1
51071451,2
51106083,1
51004396,1
51027957,2
51036084,1
50951236,2
51056782,1
51012707,2
51005919,1
51068934,1
50945914,2
51016862,1
51037881,1
51032429,2
50782011,1
51053384,2
51074918,1
51065357,1
51061577,1
51056019,1
50645777,2
51075364,1
51001389,2
50878332,2
51062747,2
51019256,2
50922197,2
50975891,1
51068937,1
51056756,1
50661189,2
51027652,1
50883945,2
51043036,2
50997927,2
50976127,1
51108978,1
51047686,2
51075110,2
51068060,1
50940701,2
50886659,1
51025946,1
50974758,2
50996774,2
51078404,1
51037063,1
51038058,1
51008054,1
51070297,1
51115641,2
50971479,1
51100649,1
51034512,1
50941455,1
50938984,2
50980096,4
51055842,2
51056047,1
51050475,1
50968457,2
51027643,1
51106873,2
51057677,1
51092180,2
51060215,2
50801923,2
51112477,1
51105927,1
51051082,2
51052403,1
51020905,1
51078657,1
51106292,2
51100812,2
50868871,1
51059851,1
51089039,1
50833239,2
51024188,1
50996943,1
50964216,1
51034587,2
51068765,1
51044222,1
50990665,2
51110425,1
51086962,1
51043134,1
50957997,1
51110956,2
51059746,1
51073591,1
50959664,1
51072725,1
51004905,1
51119544,1
50834017,1
51119680,2
51114118,1
51057881,2
51053862,1
51100556,1
51053836,1
51030155,1
51003441,1
51066378,1
50992479,2
51042186,2
51114770,1
51073682,2
51102926,1
51103764,1
50932058,2
50961545,2
50864185,2
50876457,2
50973393,2
51100443,2
50997150,1
51008205,1
51045539,2
51101810,1
51077039,1
51038539,2
51108977,1
50964576,2
50998429,2
51015806,1
51061478,1
51046025,1
50930871,1
51075365,1
50972120,1
51050627,1
50983071,2
50863588,2
50932890,2
51079296,2
51021685,1
51120755,2
51023508,2
51115728,1
51077246,1
51106175,2
50970195,1
51060677,1
51077609,1
50992013,2
51110653,2
51106595,1
50922372,1
51054259,2
50929652,2
50993195,1
51106739,1
51067297,2
50938480,1
50696592,1
51032884,1
51104262,2
51008264,2
51071452,2
51123930,1
51106084,1
51002882,2
51029263,1
51106176,2
51036083,1
50857877,2
50908648,2
51111752,1
51000441,1
50996573,1
51102427,2
50999075,1
50977257,2
51056173,1
51101024,2
51114910,2
50963825,2
50921976,2
50998689,2
50923310,1
51031854,1
50989167,2
50918066,1
51113051,1
50978995,1
50994759,1
51117268,1
50980167,2
51117173,1
50857878,2
50946256,1
51032313,1
50894085,1
51021686,1
51060216,2
51052313,1
51047041,1
51034701,1
51110258,1
51089577,2
51052727,1
51087033,2
50831145,1
50974585,2
51124103,1
50997979,1
51016863,1
51114721,1
51036603,1
51120413,1
50874819,2
51125086,2
51123681,1
51126681,2
50951418,1
51126682,2
51019342,1
50696593,1
51097746,2
51037463,2
50657233,2
51104908,1
50990851,2
51004731,2
50913235,1
51080728,1
51083524,1
51054390,2
50810329,2
51009758,1
50905467,2
51118055,1
50670512,2
51041085,1
51060596,2
51024395,1
51128987,1
51100557,1
50966211,1
51125388,1
50900153,1
50958088,2
51072037,1
51100811,2
50860218,1
51054162,2
51091326,1
51122995,1
51103699,1
51101096,2
51079110,1
50658746,2
51053863,1
51029373,2
51118513,1
51071728,1
51071886,1
51006003,1
51106295,1
51129714,1
51110442,1
51059592,1
51058694,1
51114633,1
50673569,2
51128462,1
50911567,1
51028278,1
51123084,1
50979440,1
51048233,1
50664857,2
51019648,2
51063433,1
50925927,1
50737936,2
50712946,1
51041127,1
50978100,1
50959365,1
51041440,2
51121351,1
51033438,1
50995128,2
50924152,2
51133698,1
50727055,2
51058427,1
51006004,1
51117267,1
50839811,2
50974586,2
51004906,1
51123085,1
51010399,1
50974759,2
51049049,1
51093450,1
51059046,2
51057205,1
50975892,1
51101567,2
51049385,2
51078658,1
51112697,1
50892934,1
51074701,1
51134817,1
51129713,1
51044599,1
50993655,1
51036537,1
51074919,1
50952494,2
51060951,1
51051431,1
51054402,1
51127256,1
51114769,1
51124567,2
51105288,1
51064429,1
51094611,2
50927160,1
51134103,1
50862038,1
50949300,2
51023378,1
51078363,1
51131758,1
51082326,1
51078389,2
50999074,1
51112698,1
50691699,1
51122589,1
51093451,1
50686192,2
51110426,1
51111936,2
50982852,1
50969381,2
51028367,2
51077980,1
51135807,1
51065591,2
51078439,1
51136025,2
51050836,2
51074138,1
51065638,1
51073311,2
51101595,1
51036589,2
50904931,1
51084405,1
50699567,1
51078001,1
51024079,1
51122996,1
51102927,1
50985859,1
50867328,2
50953361,1
50891770,2
51065639,1
50949299,2
51029262,1
51033247,1
51136246,1
51122590,1
51132022,1
51114417,2
51047040,1
51137579,1
50971763,1
50971482,1
51069150,1
51018361,1
51121352,1
51111935,2
51110914,1
50885071,1
51073592,1
50691698,1
50998648,1
50702034,2
50722700,1
51064608,2
51048232,1
51085232,1
50898400,2
51059108,1
51042533,2
51007125,2
51140189,1
51119810,1
50694051,2
51066468,1
50969089,1
50951345,1
50949596,2
51050121,1
51105411,1
51111030,1
51010448,2
51114045,2
51134160,1
51132023,1
51140188,1
51038601,2
50890320,2
50898622,2
50967412,1
50951306,1
51061059,1
51118966,2
51104909,1
51047228,1
51006488,1
51122904,2
51080158,2
51113723,2
51132832,1
51073480,2
51124925,1
51018615,1
51053605,2
50969652,2
51067296,2
51089371,1
51073895,1
50890336,1
51054481,2
51042532,2
50971480,1
51143132,2
50820411,2
51141967,1
50955460,1
51088820,2
51050476,1
51066745,1
51044694,2
50979237,1
51026782,1
51135708,1
51015328,1
51084882,2
51106852,1
50995959,2
50978794,1
51072320,1
51064009,1
51126628,2
51137743,1
51020904,1
50754602,2
50946941,1
50881362,1
51127613,1
50971031,1
50899424,2
50727774,1
50680146,2
51093411,1
50673238,2
50936746,2
50828566,1
51016267,1
50918067,1
51143133,2
50857645,1
51118514,1
51135299,1
51110819,1
51136600,2
50979439,1
50694483,2
51013194,2
51072509,1
51064543,1
51105289,1
51127716,2
51001611,1
51045299,2
51120756,2
51013692,1
51071446,1
51140193,2
51142922,1
51039914,1
51079696,2
51140382,1
51080088,2
51130891,1
51026601,2
51058195,1
51055699,1
51058693,1
51008990,1
50985504,1
50914170,1
51070760,1
50979223,2
51018295,1
51058630,1
50784994,2
50950268,1
51010965,1
51096190,1
51059102,2
51092418,1
51052402,1
51133600,1
51137574,1
50956178,1
51137742,1
51047601,2
51062532,2
50933405,1
51018428,1
51109418,2
51008260,2
51142338,2
51039915,1
51144309,2
51119654,2
51015327,1
51027475,2
51040810,2
51013693,1
51013634,1
51060536,2
51115472,2
50897193,2
51022378,1
51134955,1
51089633,2
51022876,1
51044386,1
51063763,2
50982897,1
50910595,1
51098284,1
51117784,1
51081375,1
51125085,2
51053697,2
50946793,1
51136247,1
50684527,2
51129394,2
51150059,1
51044136,2
51089255,2
51050093,1
51101030,1
51119309,1
51057126,1
51139542,1
51139541,1
51073683,2
51044811,2
50694115,2
51004987,1
51109516,1
51150560,2
51094885,1
51068211,1
51019343,1
50854212,2
51045322,1
50992014,2
51048200,2
51085069,1
51148346,1
51049995,1
51079959,2
50809057,2
51130947,2
51150060,1
51045803,1
51107593,1
51024049,1
51030973,1
51104762,1
51111776,1
51135300,1
51083523,1
51030809,1
51045905,1
51103623,2
51147498,1
51151958,1
51063969,1
50963855,1
50964896,2
51100124,2
50971990,1
51014767,1
50980420,2
51153310,2
51106874,2
50905317,2
51095906,2
51142923,1
50891556,2
50967853,2
51106291,2
50699438,2
51108001,1
50879680,2
51132517,2
51069283,2
50922436,2
51088668,1
51045037,1
51119308,1
51062563,1
50886034,1
51127720,2
50811887,2
51041086,1
51103096,1
51082682,1
51002602,1
51053837,1
51033131,2
51043228,1
50946255,1
50914042,2
51119198,1
50983070,2
51088972,1
51053218,1
50789170,2
51060345,2
50946792,1
51155158,2
51147945,1
51048199,2
51092179,2
51136029,1
51032755,1
51148075,2
51036183,1
50722441,1
51022377,1
50744790,1
51087189,2
50689232,2
50806743,1
51144829,1
50978897,1
50877399,2
51149490,1
51082185,1
51136026,2
51093245,1
51082186,1
51112353,2
51013627,1
51084007,1
51059209,1
50980421,2
50975341,2
51151104,1
51128048,1
51089370,1
51110324,2
51088667,1
51101016,1
51083076,2
51024179,2
50955592,2
51051591,2
50733490,1
51068530,1
51155157,2
51153309,2
51150561,2
51050835,2
50924658,2
51097745,2
51060537,2
51004309,2
51101357,1
51119809,1
51082325,1
51150032,1
51060755,1
51137575,1
51077390,1
51047602,2
51066795,2
51147499,1
51116366,2
51064467,2
51124723,1
51048727,1
50937319,2
51152258,1
51153252,1
51154978,1
51111029,1
50954380,2
51059993,1
51086519,2
51022040,2
51017271,1
51145882,2
51145950,1
51100650,1
51078681,1
50863069,2
51157076,1
51051806,1
51006487,1
51077597,1
50904534,1
51047417,1
51089040,1
51143806,1
51105270,1
50809653,2
51106441,1
51109373,1
51132831,1
51139455,1
51120335,1
51101015,1
51160637,2
51138717,1
50959171,1
51019257,2
50862711,2
51154136,1
51140665,1
51117257,2
51161451,1
50930283,2
51110955,2
51101031,1
51104123,2
51104231,1
51145262,2
50966834,2
51042793,2
50980566,2
51064910,1
51060678,1
51077610,1
51033606,2
51098167,1
51135707,1
51083075,2
51062545,1
51103624,2
51056993,1
51074835,1
51161452,1
51105259,2
51124867,1
51070043,1
51153245,1
50962743,2
51119685,2
51014110,2
51063065,1
51027644,1
51099131,1
51111830,2
50977409,1
51102513,2
51103731,2
51106609,1
51106596,1
50900842,2
51164370,2
51029820,2
50971233,1
51029834,2
50713277,2
51145949,1
50986551,1
51062546,1
51053219,1
51051287,1
51135808,1
51047229,1
51070042,1
50995770,2
51073752,1
51127721,2
51161571,2
51138752,2
51160636,1
51027624,1
50941456,1
51060398,1
51135049,1
51039088,2
50908423,2
50952407,1
51102691,2
50929544,1
51101159,2
50699989,2
51083646,1
51101158,2
51100083,1
50894971,2
51026975,1
50864186,2
51042582,1
51117912,1
51053606,2
50993213,1
51101594,1
51086834,1
51166514,1
51162463,1
50732910,2
51151920,2
50705363,2
50996572,1
51110820,1
51094328,1
51014766,1
51061477,1
50866738,1
51112296,1
50710345,2
51089582,2
51008658,2
51110441,1
51038961,1
51162464,1
50752670,1
51020312,1
51141889,1
51046024,1
51088377,1
51119988,1
51088929,1
50983260,1
51166232,2
51131386,1
51079567,1
51114270,1
51065858,2
50968568,1
51094886,1
51005920,1
51120901,1
50750857,1
51104606,1
51165194,1
51163864,1
51039087,2
51136413,1
51154458,1
51105258,2
51062564,1
51124597,1
51057079,2
51100154,1
51171415,1
50947139,1
51097515,2
51156167,1
51131752,2
51172726,1
51111358,1
50754347,2
51136421,1
51136414,1
51055698,1
51098166,1
51051491,1
51090063,2
51166843,1
51144142,1
51164129,1
51036618,1
51166075,1
51062577,2
50867850,2
51139600,1
51065884,2
51100348,1
50956179,1
51154135,1
51126562,2
51140664,1
51125387,1
51174812,1
51110683,1
51161252,1
51131092,2
51173810,2
51038602,2
51078002,1
51154645,2
51054371,1
51122131,1
50980567,2
51007918,1
51021737,2
51086884,2
51078403,1
51137096,1
51075602,1
51042621,2
51106133,1
51129393,2
51103443,2
51151103,1
51060756,1
50880605,2
51172091,1
51094240,1
50927890,1
51159951,2
51066744,1
51122099,1
51174110,2
51149491,1
50722963,2
51017634,2
51153253,1
51050628,1
51106496,1
51031547,1
51005061,1
51171637,1
51079695,2
51013635,1
51153844,2
50870673,2
51011020,2
51118542,1
51172090,1
50965696,2
51057678,1
50712251,2
51098285,1
51149284,1
50976601,1
51151919,2
51106498,1
51100082,1
51166076,1
51106582,1
50967949,1
51145391,2
51093354,2
51169890,1
51106997,1
50812877,2
51109945,1
51118056,1
50882300,1
50917272,2
51136227,2
50772683,1
50821117,2
51090900,2
51041873,1
51168569,1
51116647,1
51143843,2
50966410,2
51171416,1
51046092,2
51032671,1
50765104,1
51061868,2
51112354,2
51093244,1
50982686,2
51148297,1
51027931,2
51173414,1
51069284,2
50975467,2
51009206,1
51008915,1
51083645,1
51168570,1
51179424,1
51069385,1
51155911,2
50916828,2
51136862,1
51174454,2
51037218,2
51112783,2
51137578,1
51040132,1
51111829,2
51133742,1
51147410,1
51179101,1
51119187,2
50977402,1
51081833,1
51142339,2
50964112,2
51123383,2
50976972,1
51123682,1
51112639,2
51100662,2
51150019,1
51089430,1
51123929,1
51122714,1
51117172,1
50827698,2
51182229,1
51087190,2
51139537,1
51099700,1
51161404,2
51180695,2
51098313,2
51100073,1
50807122,2
51138995,1
51104263,2
50953473,1
51166406,1
50919160,2
51023937,1
51002968,1
51151607,2
51101083,1
50955461,1
51117585,1
51120414,1
51095451,2
51070041,1
51081376,1
51137127,2
51174524,1
51148345,1
50928504,1
51092311,1
51074112,2
51180135,1
51177423,1
51066444,1
51173228,1
51126627,2
51184401,1
51077389,1
51080442,1
51157075,1
51179100,1
51102024,2
51077594,1
51143364,1
50855600,2
51069534,1
51116489,1
51117586,1
51091950,1
51179790,1
51059107,1
51108558,2
51160805,1
51018170,1
51186651,1
51076613,1
51019568,1
51160971,1
51136234,2
51047338,2
51096318,2
51173209,1
51107179,1
51037665,2
51059252,2
50737023,1
51136526,1
51163956,1
51094329,1
51176470,1
51182142,1
51016717,1
50969804,1
51109515,1
51107199,2
51059101,2
51186842,2
51082681,1
51018870,2
51175970,1
51130892,1
51100712,1
51060659,2
50967952,1
51021407,1
51100072,1
51161251,1
50952844,2
51179617,2
50911190,2
51102966,1
51079660,2
51112772,1
51140192,2
51115729,1
51054659,1
51096002,1
51079395,2
51126352,2
51188343,1
51175971,1
50987038,1
51189694,1
51099708,1
51106134,1
51120077,2
50858999,1
51109372,1
51038540,2
51074912,2
51163165,1
50728243,2
51007919,1
50994760,1
50740504,2
51104819,1
50864148,1
51161012,1
50741701,2
51150018,1
51082634,2
51172072,1
51107979,1
51077080,2
50965253,2
51146192,1
51094241,1
51072724,1
51179791,1
51116536,1
51147672,2
51043407,1
51057295,1
51108559,2
51023507,1
51136030,1
51192079,1
51152532,2
51133741,1
51158416,2
51188431,1
51181528,1
51117258,2
51176096,1
51169297,1
51162436,2
51066469,1
51036617,1
51086795,1
51188650,1
51154457,1
51159952,2
51096865,1
51059680,2
51143772,2
51154977,1
51186084,1
51191663,1
51059771,1
51139536,1
51177966,1
50814767,1
51096003,1
51152479,1
50991628,1
51057547,2
51112295,1
50982345,2
51032914,1
51191181,1
51189695,1
51074354,1
51115642,2
50823743,2
51176097,1
51183164,2
51075091,1
51062308,1
51129483,2
51091115,1
51088930,1
50999476,1
51091407,2
51163166,1
50997806,2
51105410,1
51013147,1
50800965,2
51071063,2
51092310,1
51153422,1
51126351,2
50997151,1
51110598,1
50941511,1
51166657,2
51072508,1
51117602,1
51021153,2
51136803,1
51088971,1
51193547,1
51065310,1
51000010,1
51119684,2
51093261,2
50969682,2
51178423,1
50900025,1
51001472,1
51085142,1
50728242,2
51184213,2
51124104,1
51021728,2
51193977,2
51184402,1
51049386,2
51138357,2
51047685,2
51042975,1
51116073,1
51169479,1
51117517,2
51113326,1
51080623,2
51182228,1
51190381,1
51179425,1
51136527,1
51180615,1
51188074,1
51018532,1
51185190,2
51166960,1
51147816,1
51032281,2
51082110,1
51186652,1
50956602,1
51114117,1
50892437,2
51188309,1
51074355,1
51188436,2
51105946,1
51161184,1
51110323,2
51148921,1
51194013,1
51177589,1
51133614,1
51081834,1
51136534,1
50727145,2
51026781,1
51182465,2
51042187,2
51138685,2
51101206,1
51199205,1
50920527,2
51115423,1
51191156,1
50942969,2
50979757,1
51192461,1
51193980,1
51129406,1
51193950,1
51018224,1
50918035,1
51195313,1
51147411,1
51109196,1
51166844,1
51198583,1
51032083,1
51050063,2
51168507,1
51117516,2
51193372,1
51177965,1
51136804,1
51081011,1
51196283,1
51102967,1
51152531,2
50876308,2
51015175,2
51125459,1
51114370,2
51200733,1
51192460,1
51184637,1
51140594,1
51198582,1
50992471,1
51131215,1
51188073,1
51138397,1
51072319,1
51199951,2
51194468,1
51101060,1
51114911,2
51070133,2
51164330,1
51156486,1
51051859,1
51128214,2
51200424,2
51141702,2
51115559,1
51193978,2
51148410,1
51113325,1
51195454,2
51077979,1
51190183,1
51151957,1
51182143,1
51124849,1
51122132,1
51174109,2
50768614,2
51198883,1
50961026,1
51111357,1
51061803,2
51009811,2
50758108,1
51131387,1
50985085,2
51126668,1
51151434,1
51088690,1
51087899,1
51133599,1
51200813,1
51195314,1
51109276,2
51022812,1
51190380,1
51109094,1
51201556,2
51149428,1
51149181,1
51153246,1
51201814,1
50984525,1
51194469,1
51201761,1
51172725,1
51153464,1
51145261,2
51150031,1
51191180,1
51158417,2
51038962,1
51024080,1
51203930,1
50996532,1
51191662,1
50922575,1
51094618,1
51101593,1
51068933,1
51019170,2
51019649,2
51071445,1
50928503,1
50953177,1
51112640,2
51177498,2
51170284,1
51123916,1
51161011,1
51012627,2
51040131,1
51141669,1
51037169,2
50749247,2
51200868,1
51108964,1
51094372,2
51182001,1
51155658,2
51080624,2
50749248,2
51103698,1
51197104,1
51131272,1
51205472,1
51175243,2
51098227,2
51140245,1
51095057,1
51148076,2
50926328,1
51109946,1
51177400,2
51089599,1
51189873,2
51142957,2
51135261,1
51201132,1
51146191,1
50908429,1
51148920,1
51102627,1
51146609,1
51062643,2
50934444,2
51202699,1
51109417,2
51062671,1
51079109,1
51136860,2
51082109,1
50890165,2
51076710,2
51205553,1
51149892,2
51119655,2
51158998,2
51114250,1
51089581,2
51203167,2
51191058,2
51087070,2
51206226,1
51044325,2
51204991,1
51096441,2
51204966,1
51195453,2
51177530,1
51047173,1
51106181,2
51205184,1
51198882,1
51205423,1
51163240,1
51113605,2
51120508,1
51012561,1
51112478,1
51208593,2
51200611,1
51075539,1
51207740,1
51188403,2
51163865,1
51044362,1
50780320,1
51202423,1
51194300,2
51024178,2
51151675,1
50738658,2
51155930,1
50984554,2
51153149,1
51160638,2
51042797,1
51114044,2
51115560,1
51193801,2
50994242,2
51203418,2
51177401,2
51210514,1
51204967,1
50792957,1
50765420,1
51212166,1
51039022,2
50754346,2
51144107,1
51180616,1
51136861,2
51033910,2
51210905,1
51098360,1
51202698,1
50741122,2
51186083,1
51144108,1
51060197,2
51156072,2
51092929,2
51158896,1
51199206,1
51062852,2
50968857,1
51174813,1
50953905,1
51169298,1
51103694,2
50990268,1
51153126,1
50996134,1
51186158,1
50981492,1
50993904,1
51205411,1
50992954,1
50927351,1
51210260,1
51120902,1
51171979,2
51067916,1
51130848,2
50874267,2
51141968,1
51130946,2
51192874,2
50938905,2
51079170,1
51133789,1
51207060,1
51100125,2
51161414,1
51201815,1
51197221,1
50781487,2
50782486,2
50949229,2
51212845,1
51147946,1
50982565,2
51118395,1
51044326,2
51200425,2
51141854,1
51200683,1
51210515,1
51136420,1
51145877,1
51107777,1
51136863,1
51169889,1
51134159,1
50966844,2
51169026,1
51078362,1
50749662,2
50975890,1
51131759,1
51103188,1
51145878,1
51115721,2
51199518,2
51202424,1
51134956,1
51194115,2
51214901,2
51067647,1
51035186,2
51155906,2
51124896,1
51101084,1
51035187,2
51205473,1
51115199,1
51150927,2
51160806,1
51065668,1
51073003,1
51047376,2
51193800,2
51015299,2
51119987,1
51150926,2
51078682,1
51154370,1
51141890,1
51209016,2
51193981,1
51194014,1
51210444,1
51052284,2
51215935,1
51210478,1
51112043,1
51131091,2
50913767,2
51100663,2
51212167,1
51173722,1
51144828,1
51195859,1
51216306,1
51128444,1
51127713,2
51091855,1
51216425,1
51081809,2
51040621,2
51186456,2
51219232,1
51210991,1
51218400,1
51034513,1
51218401,1
51115471,2
51126667,1
50990850,2
51188432,1
51022742,1
51210477,1
51195500,1
51126561,2
51077593,1
51133632,1
51138025,2
51016972,1
51114632,1
51144920,1
51216307,1
51146747,1
51056661,2
50977528,2
51015995,1
51105271,1
51163239,1
51208212,2
51177216,1
51177133,2
51153939,2
51073940,1
50941026,1
51112784,2
51123576,2
51033439,1
51081562,1
51118396,1
51073479,2
51111871,1
51091856,1
51220651,1
51114722,1
51207059,1
51116648,1
50888609,2
50979758,1
51048090,2
51217050,2
51027932,2
50769645,2
51131753,2
51213191,1
51155473,2
51221421,1
51195499,1
51136622,1
51154420,1
51220393,1
51120076,2
51223284,1
51116255,1
51009491,1
51193373,1
51221842,1
51091949,1
51075540,1
51123260,2
51179921,2
50961544,2
51113392,1
51123575,2
51023936,1
51219982,1
51093913,1
51198024,1
51180153,1
51055022,2
51072154,1
51221422,1
51177588,1
51106610,1
51220394,1
51029525,1
51043164,1
51176624,2
51108419,2
51221841,1
51103732,2
51176780,2
51224647,1
51101061,1
51009810,2
51122471,2
50983277,1
51213916,1
51140244,1
50969651,2
51117158,1
50982515,1
50911151,1
51217311,1
51158306,1
51103527,1
51070593,1
51199517,2
51047058,1
50999374,1
51164150,2
51220652,1
51197159,2
51210906,1
50914101,1
51140892,2
51043418,1
51031546,1
51216426,1
51182617,1
51158864,1
51054658,1
50791490,1
51060660,2
51225360,1
51213061,2
51085767,1
51225382,1
51095450,2
51084521,1
51185026,1
51164128,1
50904930,1
51171500,1
51205410,1
51112044,1
51010837,1
51126331,1
51150798,1
51154298,1
51226894,1
51226893,1
51172033,1
51100545,1
50971124,1
50755756,2
51007968,1
51001910,2
51154383,1
51161413,1
51061564,1
51219166,1
51219167,1
51117553,1
51144303,1
51082428,2
50773445,2
51096727,1
51137097,1
51225383,1
51096864,1
51082633,2
51228120,2
51226914,1
51213192,1
50975342,2
51091116,1
51227027,1
50966072,1
50942735,1
50980065,1
51225895,1
51013146,1
51153125,1
51153108,1
50988307,1
50954227,2
50777411,2
51136105,1
51062113,2
51122559,1
51131747,1
51141947,2
51144797,2
51151676,1
51231329,1
51141012,1
51069535,1
50784191,1
50965254,2
51215456,1
50927636,2
51016227,1
51227692,1
51152550,2
51116978,1
51002881,2
51227899,2
50958740,1
51099008,2
51114251,1
51215934,1
51187306,1
51097871,1
51028026,2
51115858,1
51195649,2
51151608,2
50762745,2
51217577,1
51225894,1
51181797,2
51070759,1
51161465,1
51124587,2
51083637,1
51210893,1
51230174,1
51062672,1
51160635,1
51046372,2
50942273,2
51157897,2
51160714,2
51098497,1
51038043,1
51164369,2
51227693,1
51151150,2
51198015,2
51180041,2
51159538,1
51109755,1
51094413,1
51129784,1
51204964,1
51231330,1
50816943,1
51119199,1
50944623,1
51177013,1
50909045,1
51189036,1
50980793,2
51068938,1
51128879,2
50766231,2
51044337,1
51063764,2
51099709,1
51234196,1
51234195,1
51172279,1
51091910,1
50789733,2
51153107,1
50995370,1
51113722,2
50984833,1
50973704,1
51125925,2
51144191,1
50766388,2
51218288,1
51180891,2
51158895,1
51069331,2
51221441,2
51225556,1
51067915,1
51173721,1
51090064,2
51091408,2
51179616,2
51229026,1
51039039,2
51020488,1
51138356,2
51177977,1
51078388,2
51189037,1
51081311,1
51197619,1
51229526,1
51072931,2
51046568,1
51142956,2
51144261,1
51074834,1
51025407,1
51184473,1
51049996,1
51235229,1
51100713,1
51074113,2
51160105,1
51175113,1
51133697,1
50776068,2
51157315,2
51227433,1
51177978,1
51180040,2
51117911,1
51060198,2
51225406,1
51204992,1
51113052,1
51193878,1
50836770,2
51149003,1
51166536,1
51166537,1
51179066,1
51205183,1
51128461,1
51059850,1
51141013,1
51102626,1
51055911,2
51036590,2
51205422,1
51098228,2
51150799,1
50805096,1
51032915,1
51199220,1
51229527,1
51232322,2
51200859,1
51225361,1
51107200,2
51188583,1
51210445,1
51081012,1
51179700,1
51218297,1
51234892,2
51177422,1
51229609,1
51101811,1
50817923,1
51097886,1
51202927,1
51235230,1
51236526,1
51108963,1
51124588,2
51114628,1
51240775,1
51131214,1
51215388,1
51124724,1
51045212,1
51076723,2
51188132,1
51030156,1
51218289,1
51218376,2
51219233,1
51186455,2
51153843,2
51115424,1
51128880,2
51192352,1
51153148,1
51129746,1
51128155,1
51209017,2
51099668,2
51121651,1
51149002,1
51219008,2
51080727,1
51109274,2
51144919,1
51056018,1
51135446,2
51056992,1
51230173,1
51224646,1
50998430,2
51215455,1
51027958,2
51164465,2
51152480,1
51072986,1
51027476,2
51167175,2
51095907,2
51188308,1
51191059,2
51166407,1
51240521,1
51193951,1
51231008,1
51172032,1
51198230,1
51021154,2
50774650,2
51110684,1
51207871,2
51203886,1
51206645,1
51176658,1
51179404,1
51146748,1
51187777,1
51094412,1
51240216,1
50904011,2
51115119,2
51243978,2
51137282,1
51136106,1
51172772,1
51159159,1
51179985,1
51100444,2
50793239,2
51161008,1
51225557,1
51239479,2
51031377,2
51056046,1
51126919,2
51033911,2
51155931,1
51059772,1
50977258,2
51240217,1
50792020,2
51150918,1
51072153,1
51154646,2
51235144,1
51242081,1
51123915,1
51235143,1
51238043,1
51247797,1
51169480,1
51187348,1
51207872,2
51096726,1
51014523,2
51168874,2
50826564,1
51157935,2
51241521,1
51115314,1
51210283,2
51203419,2
50993758,1
51175935,1
51204963,1
51085766,1
51103695,2
51182319,1
51115697,1
51065025,1
51187347,1
51163262,1
51127336,1
51204183,1
51031801,2
51049104,1
51199105,1
51144302,1
51106851,1
50935746,2
51210284,2
51243252,1
51026143,2
51185573,1
50975468,2
51173413,1
51200858,1
51103528,1
51154805,1
51102690,2
51201313,1
51220609,1
51114627,1
51149296,2
51196284,1
51043406,1
51083587,1
51127715,2
51169027,1
51245860,1
51232323,2
51247039,1
51024530,2
51244325,1
51234987,2
51241894,1
51111366,2
51100546,1
50782310,2
51050064,2
51195974,2
51240997,1
51197189,1
51198987,2
50965905,2
51153447,1
51106740,1
50890060,2
51230543,2
51221315,2
51136226,2
51153923,1
51040373,1
51206227,1
51081455,1
51246333,1
51186033,2
51169599,1
51241086,1
51245375,2
51136621,1
50803780,2
51252135,1
51191755,1
51202926,1
51181092,1
51060313,1
51067460,2
51224039,2
51041101,2
51174523,1
51200732,1
51254231,2
51159160,1
50964895,2
51132680,2
51232455,2
51194056,1
51246269,1
51033130,2
51244786,1
51179405,1
51150491,1
51152133,1
51121950,1
51020435,1
51194932,1
51092224,1
51170205,1
51172767,1
51097887,1
51251439,1
51170283,1
51087291,1
51198025,1
51144883,1
51139601,1
51028885,2
51208542,1
51255045,1
51193669,1
51244326,1
51210130,2
51246021,1
51254230,2
51248700,1
51243350,1
51198014,2
51177382,1
51243374,1
51235171,1
51185877,1
51170482,1
51188671,1
51250526,2
51188670,1
51116535,1
51213450,2
51226087,2
51168508,1
51245715,1
50996650,2
51248462,1
51129745,1
51086070,2
50894335,1
51188109,1
51045323,1
51243878,2
51251275,1
51129221,1
51079799,2
51230544,2
51126332,1
51252411,2
51160746,1
50976715,2
51166656,2
51252751,1
51158099,1
51133567,2
51133615,1
51224139,1
51175769,1
51244880,2
51081561,1
51253704,2
51185004,2
51160247,1
51241087,1
51227407,2
51136601,2
51245714,1
51070040,1
50822810,2
51213835,1
50825762,1
51117783,1
50792800,2
51175380,2
51256979,1
50790330,2
51152722,1
51251438,1
51140383,1
51096798,2
50941106,2
51219992,2
51044598,1
51107753,1
51168440,1
51179449,1
51105152,1
51194185,1
50825761,1
51187778,1
51157895,1
51227406,2
51204219,1
50811533,1
51001105,1
51013281,2
51210131,2
51219259,1
51037221,2
51173210,1
51067461,2
51104380,1
51195386,1
51240782,1
51231440,1
51145881,2
50836956,1
51195650,2
51072269,1
51188947,1
51157841,1
51257802,1
51078570,2
51233298,2
51190997,1
51104498,1
51160721,2
51119681,2
51002614,2
51246101,1
51247796,1
51261605,1
51190255,1
51166906,2
51185049,1
51117579,2
51169781,1
51156071,2
51189212,2
51222053,1
51153874,1
51191082,1
51258040,2
51129304,1
51252750,1
51065885,2
51191277,1
51131746,1
50975293,1
50952326,2
51176015,2
51243457,1
51194114,2
51089847,2
50988264,2
51209430,1
51136639,1
51259390,1
51221761,1
51145392,2
51166249,2
50892436,2
51076724,2
51255415,1
50873895,2
51229615,1
51149893,2
51196788,1
51156652,2
51231007,1
51218633,1
51165449,1
51050094,1
51193546,1
50982055,1
51116558,1
51001690,2
51141563,1
51208592,2
51216548,2
51203103,1
51048630,2
51258378,2
51261204,2
51259735,2
51056781,1
51154384,1
51072038,1
51015511,1
51171326,1
51147351,1
51099631,2
51104122,2
51049340,2
51158971,1
51096319,2
51213915,1
51193695,1
51192353,1
51265229,1
51266465,2
51049016,2
51029524,1
51217312,1
51261606,1
51020257,1
51089863,1
50792225,2
51139454,1
51173205,1
51213689,2
51188327,1
51023506,1
50949245,2
51144262,1
51199305,2
51243293,1
51191157,1
51243373,1
51171978,2
51268072,1
50800221,2
51198510,2
51202441,1
51130913,2
51205328,1
50802033,2
51035155,2
51253705,2
51174215,1
51199950,2
51265835,1
51223490,1
50842026,1
51050692,1
51167176,2
51216547,2
51064681,2
51196446,1
51243977,2
51183502,2
51128040,2
51207345,1
51092223,1
51191098,1
51158863,1
51210154,2
51251397,2
51186744,1
51180706,2
51195385,1
51096751,1
51250527,2
50796683,2
51129783,1
51271309,1
51049017,2
51194887,2
51252410,2
51122560,1
51096191,1
51213062,2
51266277,1
51070572,1
51188344,1
51086883,2
51148409,1
51209198,1
51196870,2
51162597,1
51258816,2
51197089,1
51165450,1
51070888,2
51109273,2
51149238,1
51165971,1
51091909,1
51248461,1
51116490,1
51237393,1
51157896,1
50796104,2
51148298,1
51213836,1
51152551,2
50807691,2
51263925,1
51222908,1
51181529,1
51177381,1
51194057,1
51157593,1
51271308,1
51260348,2
51155208,2
51191073,1
51270457,1
51274263,2
51104607,1
51158972,1
51134500,2
51270616,1
51226936,1
51258379,2
51257173,1
51140893,2
51251884,2
51232337,1
50963826,2
51128443,1
51217777,1
51197103,1
51209739,1
51127614,1
51138396,1
51055843,2
51186032,2
51260347,2
51141703,2
51046778,2
51098498,1
51111775,1
51089600,1
50808304,2
51269005,1
51185456,1
51168255,1
51256054,1
51176625,2
51116254,1
51155905,2
51259391,1
51144141,1
51221879,1
51134102,1
51173206,1
51099044,2
51184097,1
51221240,1
51158035,1
51214006,2
51211570,1
51266278,1
51011019,2
51239188,2
51219682,2
51221538,2
51172169,1
51106497,1
51099301,1
51218678,1
51169745,1
51185329,2
51111262,2
51181093,1
51219188,1
51243251,1
51151149,2
51248815,1
51240530,1
51248823,2
51079295,2
51178915,2
51134509,1
51097788,1
51174968,1
51088689,1
51219124,1
51250839,1
51220691,1
51208001,1
51274060,1
51201760,1
51057684,1
51180890,2
51168872,2
51129405,1
51081454,1
51060634,1
51156651,2
51261205,2
51240887,1
51098332,2
51281101,1
51125561,2
51209802,1
51278342,1
51079853,2
51111261,2
51101592,1
51224753,2
51271348,2
51119545,1
51138861,1
51127840,1
51039021,2
51268020,2
51099300,1
51135292,1
51142230,1
50918344,2
51096750,1
51199622,1
51194252,2
51022811,1
51179214,1
51276766,1
51185003,2
51226086,2
51262189,2
51080601,1
51124895,1
51190929,2
51109646,2
51255044,1
51158997,2
51072930,2
51256980,1
50953762,2
51199644,1
51198524,1
51165406,2
50819884,2
51133114,2
51187464,1
50809654,2
51205327,1
51262190,2
51227385,1
51182618,1
51259449,2
51133631,1
51222182,1
51079960,2
50811380,2
51160970,1
51177531,1
51165193,1
51181499,2
51128039,2
51269704,1
51184301,2
51265603,2
51138024,2
51278341,1
51172278,1
51173985,1
51191555,1
51215387,1
51284023,2
51226311,2
51281356,1
51157926,2
51279889,1
51266139,2
51278873,1
51167230,1
51230850,2
51219909,1
51273752,2
50952493,2
51172170,1
51249101,2
51272768,1
51138290,2
51242699,1
51141078,1
51094534,1
51169746,1
51196420,1
51186300,1
51001854,2
50987839,2
51226965,2
51134818,1
51186841,2
51135445,2
51215967,2
51191556,1
51240654,1
51175934,1
51192734,2
51286216,1
51199643,1
51280856,1
51172227,1
51124868,1
51238277,2
51109275,2
51232617,1
51212208,2
51283938,1
51165972,1
51281357,1
50896727,1
51231984,1
51156037,1
50920087,2
51234809,2
51263364,2
51287994,1
50838314,2
51208425,1
51210155,2
51191072,1
51067841,1
51225407,1
51133790,1
51265230,1
51268079,1
51203166,2
51174958,1
51205309,2
51094373,2
50930229,1
51158656,1
51203887,1
51269705,1
51174957,1
51007223,2
51230209,1
51179853,2
51170481,1
51263324,2
51219394,1
51278872,1
51195159,1
51067840,1
51164578,2
51066379,1
51288619,2
51266853,1
51177497,2
51242700,1
51234744,1
51210892,1
51222067,2
51172852,2
50964111,2
51194850,1
51279888,1
51153873,1
51258087,1
51273390,1
50838313,2
51234069,2
51162054,2
51026301,2
51143261,1
51273751,2
51163261,1
51080966,2
51251885,2
51282155,1
51122903,2
51150490,1
51243840,1
51147790,1
51015153,2
51072892,1
51123605,1
51207344,1
51186299,1
51247038,1
51184096,1
51140021,1
51259853,1
51136233,2
51185747,1
51199697,1
51199623,1
50820827,2
50834223,2
51108002,1
51168677,1
51260175,2
51199530,1
51259122,1
51165566,1
51271223,2
51202022,1
51287026,1
50920515,2
51284397,1
51283049,2
51143762,2
51266558,1
50954495,1
51285951,1
51227028,1
51130912,2
51035087,2
51182929,2
51261675,1
51290280,1
51171499,1
51238314,2
51265836,1
51123259,2
51292409,2
51290690,2
51203021,1
50929298,1
51229616,1
51238044,1
51187452,1
51209803,1
51213451,2
51286399,1
51260247,2
51163119,1
50840055,2
50826429,2
51207369,2
50989173,2
50890166,2
51259599,2
51210362,2
51153940,2
51181781,2
50920086,2
51287365,2
51273475,1
51103095,1
51106440,1
51243458,1
51162586,1
50823619,2
51277913,2
51286215,1
51294393,1
51290216,1
51238276,2
51223313,1
51149234,1
51282044,1
51034925,1
51173823,1
51157842,1
50938632,2
50849917,1
51210958,2
51135890,1
51054495,1
51157927,2
51191754,1
51167229,1
51172768,1
51079659,2
51092229,1
51262443,1
51123761,2
51266573,2
51178688,2
51188584,1
51230849,2
51298297,1
51261294,2
51235206,1
51251736,1
51198525,1
51155756,2
51289245,2
51080602,1
51101097,2
51072893,1
51292448,1
51252134,1
51298939,1
51079568,1
51287027,1
51251324,1
51288032,2
51256887,1
51273312,1
51292589,1
51194931,1
51191278,1
50832748,2
51202311,1
51298421,1
51079854,2
51175114,1
51180707,2
51262868,1
51253463,2
51293219,1
51248229,2
50832747,2
51221050,2
51059994,1
51138860,1
51241147,1
51234846,2
51156168,1
51150976,2
50960315,2
51234986,2
51226825,1
51096440,2
51145819,1
51294143,1
51269524,1
50831693,2
51165405,2
51018521,1
51188649,1
51231515,1
51115720,2
51084520,1
51221677,1
51230075,1
51216204,1
51166961,1
51100033,1
50960714,1
51059251,2
51243877,2
51237613,1
50889132,2
50997032,2
51204770,2
50934445,2
51226812,2
51189833,1
51193879,1
51239478,2
51182930,2
51187305,1
51246245,2
51161405,2
51224571,1
51289231,2
51262060,1
51105488,1
51051710,1
51201312,1
51002635,1
51205689,1
51262263,2
51292408,2
51204763,1
51162053,2
51032670,1
51298213,2
51187451,1
51277766,1
50914145,1
51157316,2
51122100,1
51291956,1
51229027,1
51298533,1
51240998,1
51022077,1
51275334,1
51298552,1
51100155,1
51232695,1
51183402,1
51252098,2
51207406,1
51300754,1
51199104,1
51259561,1
51251396,2
51204764,1
51225286,1
51115120,2
51241893,1
51291226,2
51218634,1
51302393,1
51184382,1
50984555,2
51298420,1
51256055,1
51193311,1
51249073,1
51221378,1
51282043,1
51290297,1
51298515,1
51289283,2
51212527,1
51157594,1
51156038,1
51223491,1
51111367,2
51160677,2
51295232,1
51144190,1
51292590,1
51260359,1
51188424,2
51300829,1
51270739,2
50856051,1
51126918,2
51290215,1
51158100,1
51157102,1
51239359,1
51232549,1
51286241,2
51051492,1
51187735,1
51135889,1
51286830,2
51235666,1
51032615,1
51255047,1
51234847,2
51295233,1
51300691,1
51160702,2
51128273,2
51303517,1
51270615,1
51202023,1
51233365,2
51287366,2
51133508,1
51153924,1
51227148,1
51153556,2
51257369,1
51113353,1
51076709,2
50997670,1
51260358,1
51104144,1
50842173,2
51180154,1
51214522,1
51301884,2
51307319,1
51289924,1
51088378,1
51305037,2
51123762,2
51115313,1
51233898,1
51143805,1
51184638,1
51205175,2
51299923,1
50839812,2
51127255,1
51250881,1
51224564,1
51179628,1
51262059,1
50840130,2
51046779,2
51168873,2
51284230,1
51156090,1
51265102,1
51292466,1
51292550,1
51289947,1
51292768,1
51288618,2
51215966,2
51200812,1
51219007,2
51246332,1
51221390,1
51154369,1
51286829,2
50971207,1
51107180,1
51273311,1
51036184,1
51111476,2
51235170,1
51163569,1
51241522,1
51189742,1
51295346,1
51159269,1
51077079,2
51107594,1
50920516,2
51183853,1
51246020,1
51156607,1
51218677,1
51294394,1
51151433,1
51216222,1
51286400,1
51301271,1
51221711,1
51221813,2
51301556,1
51308856,2
51311626,1
51263893,2
51015152,2
51200869,1
51260942,1
51204769,2
51240520,1
50900184,2
51122472,2
51311936,2
51310537,2
51276359,1
51290172,2
51266854,1
51172228,1
51036629,1
51300154,2
51298550,1
51059681,2
51182464,2
51160676,2
51311569,2
51189278,2
51308883,1
51307320,1
51311792,1
51204789,1
51307330,1
51191083,1
51295402,2
51217100,1
51313188,2
51010233,1
51239403,1
51208002,1
51306671,1
51315021,2
51291955,1
51100614,2
51231516,1
51246590,1
51213650,1
51304208,1
51205308,2
51116977,1
51203020,1
51116072,1
51246809,1
51232338,1
51300830,1
51206628,1
51313638,1
51246589,1
51306681,1
51251018,1
51284961,2
51229809,2
51149167,1
51287724,1
51289596,1
51212374,2
51177012,1
51018773,1
51171638,1
51243928,1
51065669,1
51246808,1
51156555,1
51311663,1
50969681,2
51317312,1
51210062,2
51137283,1
51306375,1
51263894,2
51298331,1
51288756,1
51221712,1
51280857,1
51303115,1
51220610,1
51283796,1
51237336,1
51265652,1
51216394,1
51043712,1
51028951,2
51166231,2
51116991,1
51317216,1
51307329,1
51101789,2
51189213,2
51070571,1
51267813,1
51224038,2
51166513,1
51136535,1
50878374,1
51207633,1
51018427,1
51229014,1
51251903,1
51284858,2
50956810,1
51308759,1
51198986,2
51227432,1
51300639,1
51271349,2
51010745,1
50910822,2
51233366,2
51258041,2
51293403,1
51317174,1
51069149,1
51307233,1
51289702,2
51258086,1
51151045,1
51128191,1
51028025,2
51200759,1
51320259,1
51248816,1
50928925,1
51239358,1
51217776,1
51168217,1
51231601,1
51231439,1
51320602,2
51177913,2
51165956,2
51317931,1
51048059,1
51172872,1
51138684,2
51169886,1
51276994,2
51057548,2
51089546,1
51089576,2
51255186,1
51256994,1
51112771,1
51225277,1
51310538,2
51247254,2
51320212,1
51318636,1
51276270,1
51048629,2
51306518,1
51313474,1
51191232,1
51144884,1
51315022,2
51187694,2
51317986,1
51232931,1
51153555,2
50983841,1
51288153,2
51295347,1
51210363,2
51278902,2
51316345,1
51245047,2
51317773,2
51201557,2
51322435,2
51264703,1
51254828,1
51319847,2
51268710,2
51314386,2
51207389,2
50870936,1
51302245,1
51217099,1
51320086,2
51073941,1
51257146,1
51323074,1
51278184,2
51306670,1
51294428,1
50981558,2
51204218,1
51224474,1
51196787,1
51068209,1
51243841,1
51219123,1
51275999,1
51203102,1
51219908,1
50971507,2
50904265,1
51179922,2
50934649,2
51218298,1
51184300,2
51306519,1
51261506,1
51243294,1
51312001,2
51288757,1
51220263,2
51260176,2
51089480,2
51324575,2
51253462,2
51282065,2
51225983,1
51249074,1
51299924,1
51287519,2
51294725,1
51201451,2
51120334,1
51254829,1
51260246,2
51131273,1
51064680,2
51092308,1
51125926,2
51226761,1
51229639,1
51258407,1
51250260,1
51221526,1
51202484,1
51323082,1
51312165,1
51154806,1
51296000,1
51037168,2
51256698,1
51065859,2
51170206,1
51028936,2
51293404,1
51229592,1
51030255,1
51191099,1
51194251,2
51089479,2
51302246,1
51311937,2
51232550,1
51313234,1
51176659,1
51323081,1
50953906,1
51216221,1
51293101,2
51294680,2
50863652,2
51121551,1
51208119,1
51229015,1
51276710,1
51210909,1
51238494,2
51311570,2
51174455,2
51310187,1
51301883,2
51312848,1
50887192,1
51268711,2
51315625,1
51259534,1
51274264,2
51222672,2
51309287,2
51279036,1
51274819,1
51126542,2
51150394,1
51308140,1
51256372,1
51320569,1
51258904,1
51218848,2
51289597,1
51315045,1
51305929,1
51245447,1
51256364,1
51245836,2
51297925,2
51228130,1
51189743,1
51317414,1
51173227,1
51243537,2
51255499,1
50966194,1
51212088,1
51161185,1
51237825,2
51116557,1
51289178,1
51165605,1
51183165,2
51182000,1
51247001,1
51266140,2
51018294,1
51286242,2
51195878,1
51321847,1
51177543,2
51324932,2
51031376,2
51276792,2
51208213,2
51172771,1
51241148,1
51208424,1
51256694,1
51196421,1
51060590,2
51200758,1
51189478,1
51292549,1
51229591,1
51200682,1
51244785,1
50990483,1
51257172,1
51240688,1
51270740,2
51227242,2
51000632,1
51173986,1
51281115,1
50893280,1
51084244,2
51317971,1
51215430,1
51197190,1
51251304,1
51268676,1
51311627,1
50893281,1
51314385,2
51234808,2
51251276,1
51113992,2
51046647,2
51246231,1
51135050,1
51065108,2
51311041,1
51189872,2
51162598,1
51295770,2
51144798,2
50909155,1
50972521,2
51178422,1
51322871,1
51194731,1
51248095,2
51117255,2
51253022,1
51237044,1
50954228,2
51293100,2
51165955,2
51265628,1
51264704,1
51296001,1
51284962,2
51301629,2
51318637,1
51123606,1
51221160,1
51181796,2
51212245,1
51206872,1
51240906,1
51294681,1
51298553,1
51221051,2
51304325,1
51177215,1
51275969,1
51315416,1
51315624,1
51300779,1
51286933,2
51251388,2
51290689,2
51172071,1
51226762,1
51144310,2
51101788,2
50872442,2
51014111,2
51277765,1
51103409,1
51288858,1
51295612,1
51274844,1
50961554,2
51295663,1
51290279,1
51247548,1
51198231,1
51287623,2
51317739,1
51265627,1
51320603,2
51256523,1
51273978,1
51260328,2
51197222,1
50883942,2
51210910,1
51147791,1
51160745,1
51128049,1
51315497,1
51190998,1
51133566,2
51308853,1
51045540,2
51321032,1
51240529,1
50968983,2
51193670,1
51240569,1
51245527,1
51309309,1
51271105,1
51099675,2
51316500,1
51272445,1
51203931,1
51269997,1
51289179,1
51276681,1
50982566,2
51143260,1
51301438,2
51218421,1
51257868,1
51255187,1
51226813,2
50913768,2
51160707,2
51179067,1
50922196,2
51210528,1
51308150,1
51311042,1
51240941,1
51248246,1
51149429,1
51215229,1
51309601,1
51283795,1
51235667,1
51169885,1
50957472,2
51259560,1
51289790,1
51199529,1
51160713,2
51226935,1
51295670,2
51313479,1
51190254,1
51298194,2
51224280,1
51109095,1
51136640,1
51234731,1
51317932,1
51287681,1
51245590,2
51110654,2
51279562,1
51271588,1
51222054,1
51255273,1
51259588,1
51238874,1
51138718,1
51116992,1
51089848,2
51313233,1
50889131,2
51160357,2
51255573,2
51175028,1
51250620,1
51022741,1
51096590,1
51181498,2
51262869,1
51061060,1
51185189,2
51245837,2
51308884,1
51282494,1
51277204,1
51200610,1
50872688,2
51271510,2
51237573,2
51230740,1
51224281,1
51084245,2
51239189,2
51032754,1
51292767,1
50924636,1
51069332,2
51190182,1
51251737,1
51294679,2
51101023,2
51315044,1
51197160,2
51171593,1
51254696,1
51161464,1
51271310,1
51244275,2
51322633,2
51302033,2
51302394,1
51322905,2
51164639,2
51287364,1
51232694,1
51230739,1
51209431,1
51183401,1
51246514,1
51173824,1
51319691,1
51276791,2
51224752,2
51278773,1
51060314,1
51292449,1
51307234,1
51231116,1
51275199,1
51096591,1
51147598,1
51289177,1
51223312,1
51322434,2
51230095,1
51260311,1
51283953,1
51052755,2
51234653,1
51179854,2
51259556,2
50908286,1
51259589,1
51114271,1
51104381,1
51302034,2
51172851,2
51221389,1
51268080,1
51257147,1
51254470,1
51318956,2
51207693,1
51284024,2
51184677,2
51312480,1
51188423,2
51245859,1
51248934,1
51314603,2
50924583,2
51276358,1
51176014,2
51212939,1
51221442,2
51245206,1
51284909,1
51274015,1
51276744,1
51286540,1
51295669,2
51185050,1
51249359,2
51172895,1
51322704,1
51129303,1
51188110,1
51306504,2
50898401,2
51258541,1
51068529,1
51189888,1
51198511,2
51070306,2
51240781,1
51294271,1
51272478,1
51160248,1
51256365,1
50930506,2
51020256,1
51098321,1
51137126,2
51205552,1
51244157,2
51111477,2
51034484,2
51195160,1
51046373,2
51238058,2
51165606,1
51283560,1
50909671,1
50894961,2
51298744,2
51240308,1
51235211,1
51273276,2
51261295,2
51105489,1
51122713,1
51021157,1
51138291,2
51189832,1
50891979,2
51305395,2
50907698,1
51103765,1
51300083,2
51265653,1
51158657,1
51293230,1
51287995,1
51092307,1
51313017,1
51225283,2
51276269,1
51207632,1
51043218,2
51262712,2
51259869,1
51309308,1
51220264,2
51264644,1
51302846,1
51320615,1
51308662,1
51282156,1
51282286,2
51259533,1
51279534,1
51210992,1
51307002,2
51129222,1
51282437,1
51207561,2
51222277,1
51038042,1
51322904,2
50982794,2
51060633,1
51233608,1
51136652,1
51309602,1
51275333,1
51250387,1
51251933,1
51306738,1
51163120,1
51270005,1
51272769,1
51086299,2
50901485,2
51120507,1
51213815,2
51237612,1
51270395,1
51259802,2
51162266,1
51273644,1
51099043,2
50911150,1
51316819,1
51114369,2
51110257,1
51306936,1
51195860,1
51185330,2
51277914,2
51311361,1
50972522,2
51174401,2
51232114,1
51164466,2
51199221,1
50900841,2
51144782,1
51273666,1
51187736,1
51278450,1
51065107,2
51294831,1
50897194,2
51251323,1
51234747,2
51296353,1
51313077,1
51185572,1
51312847,1
51253023,1
51099701,1
51245119,1
51279174,1
51300153,2
51259801,2
51278449,1
51239932,2
51228912,1
51163123,1
51246515,1
51305876,1
51317970,1
51256699,1
51285135,1
51128988,1
51276102,1
51279150,1
51263926,1
51281705,2
51297963,2
51238059,2
51310639,1
51313473,1
51226913,1
51222909,1
51278005,1
51197090,1
51256522,1
51251934,1
51276767,1
51276798,2
51117578,2
51293376,1
51148657,2
51281499,1
50900877,2
51311777,1
51233607,1
51251303,1
51315803,1
51183111,1
51015434,2
51312002,2
51262545,1
51256993,1
51290298,1
51293206,1
50971123,1
51013193,2
51064955,1
51156089,1
51293375,1
51065561,1
51057683,1
51283561,1
51299493,2
51223285,1
51231602,1
51255769,2
51273977,1
51180694,2
51284678,2
51317987,1
51156004,1
51271553,1
51201958,2
51240309,1
51147350,1
51234070,2
51060591,2
51174672,2
50952325,2
50959509,1
51028656,2
51125458,1
51193310,1
51289244,2
51230094,1
51221878,1
51267715,1
51123384,2
51210259,1
51244276,2
51260903,1
51225287,1
51265103,1
51220042,1
51086071,2
51189889,1
51149285,1
51250838,1
51320568,1
51304207,1
51271104,1
51273904,2
50903162,2
51168678,1
51180134,1
51271589,1
51170064,2
51288033,2
51161009,1
51244801,1
51214902,2
50901484,2
51245048,2
51232618,1
51206644,1
50941628,1
51258887,1
51316818,1
51316344,1
51152257,1
51205688,1
51319929,1
51281495,1
51212375,2
51056755,1
51285952,1
51172004,2
51194186,1
51318957,2
51260312,1
51265440,2
51215390,1
51143763,2
51284677,2
51298745,2
51270004,1
51008914,1
51205174,2
51319690,1
51238495,2
51078392,1
51300621,1
51092129,2
51322634,2
51221221,2
51237574,2
51085070,1
51270663,2
51199304,2
51228534,1
50942968,2
51229972,1
51232837,2
51175027,1
51243542,1
51260329,2
50908649,2
51271600,1
51159537,1
51313058,1
51188326,1
51216205,1
51189479,1
51176471,1
51234743,1
51315236,2
50974251,1
51164577,2
51301661,1
51263323,2
51211569,1
51271511,2
51244811,1
51282698,2
51321354,1
50908408,2
51278006,1
51107754,1
50907275,2
51299744,2
51254671,2
51149235,1
51186145,1
51249393,2
51315405,2
51227594,1
51227595,1
51271431,2
51304673,1
51299492,2
51238875,1
51287363,1
51259557,2
51127118,1
51254211,2
50908407,2
51225282,2
50960892,1
51206629,1
51057930,2
51283937,1
51171594,1
51276103,1
51298281,1
51185878,1
51204790,1
51238611,1
51299743,2
51246454,1
51097870,1
51210527,1
51275200,1
51253833,1
51274016,1
51215429,1
51147815,1
51311452,1
51304235,1
51092928,2
51262262,2
51243880,1
51243879,1
51320878,2
51287835,1
51285136,1
50916668,2
51239198,1
51059591,1
51278903,2
50960891,1
50937529,1
51226964,2
51162435,2
51044810,2
51179629,1
51290420,1
51276745,1
51163124,1
51240940,1
51103701,1
51312748,1
51281496,1
51271311,1
51307001,2
51306194,1
50941347,1
51309174,2
51269525,1
51250621,1
51283677,2
51298492,2
51226310,2
51207625,2
51194537,1
51315496,1
51221220,2
51310160,1
51149180,1
51207624,2
51240687,1
51323073,1
51050423,1
51195973,2
51207694,1
51107980,1
51301201,1
51194461,1
51186159,1
51322640,1
51179984,1
51317311,1
51296711,1
51232372,2
51187418,2
51152134,1
51019171,2
51284893,1
51312472,2
51290794,1
51296710,1
50923329,2
51229808,2
51231115,1
51218704,2
51118541,1
51221525,1
51246232,1
51304234,1
51294830,1
51215389,1
51160106,1
51319800,1
51142244,2
51279563,1
51266574,2
51230210,1
51309312,1
51271818,2
51311664,1
51246947,1
51202485,1
51207368,2
51248323,1
51249358,2
51248094,2
51255572,2
50932859,2
51301535,1
51050983,2
51073753,1
51291225,2
51269004,1
51179215,1
51283688,1
51286682,1
51323480,2
51147597,1
51323481,2
51282495,1
51218422,1
51322656,2
51313057,1
51259791,1
51265246,2
51308354,1
51185746,1
51232113,1
51174168,1
50932364,2
51298514,1
51293207,1
51303114,1
51317060,2
51250884,1
51014167,2
51228913,1
51273643,1
51319736,1
51315237,2
51321002,1
51228121,2
51175768,1
51321340,1
50935745,2
51233344,1
51280309,1
51270458,1
51160722,2
51149239,1
51216393,1
51240886,1
51051592,2
51316779,1
51248228,2
51268677,1
50994636,2
51256886,1
51129484,2
51322655,2
51185455,1
51258406,1
51313078,1
51299610,1
51259868,1
50976430,1
51128272,2
51283954,1
51237394,1
51234635,1
51127839,1
51267714,1
51161572,2
51289661,2
51251387,2
51224138,1
51284229,1
51260943,1
51260699,1
51306514,2
51286204,2
51258540,1
51300946,1
50919545,2
51254672,2
51306683,1
51202442,1
51257370,1
51297159,1
50961079,1
50961078,1
51234732,1
51075535,1
51308854,1
51300638,1
51248935,1
51001911,2
51311793,1
51002790,1
51281498,1
51156556,1
51183110,1
51303730,1
51271618,1
51108420,2
51157101,1
51220692,1
51298636,2
51308661,1
51015110,2
51322622,2
51207465,1
51300780,1
51321846,1
51303765,1
51127714,2
51323209,1
51220312,2
51212526,1
51293229,1
51073002,1
51320824,2
50956644,1
51194849,1
51084006,1
51229418,1
51216796,1
51322960,1
51081808,2
51262872,1
51119842,1
51175242,2
51301437,2
51245205,1
51220996,1
51282699,2
51311638,1
51280191,2
51301555,1
51262444,1
51147673,2
51058196,1
51232454,2
51321423,2
51220080,1
51305442,1
51133507,1
51312166,1
51273741,1
51191233,1
51308760,1
51229417,1
51070134,2
51299168,1
51186743,1
51184678,2
51217049,2
51222135,2
51244879,2
51134510,1
51254317,1
51117552,1
51143365,1
51072270,1
51325147,1
51317061,2
51263457,1
51324007,1
51306180,1
51218479,1
51239261,1
51298493,2
51254318,1
51273373,1
50932889,2
51174967,1
51294682,1
51149166,1
51306832,2
51322402,2
51229252,1
51310159,1
51170063,2
51285315,1
51293854,1
51218684,2
51300753,1
50977403,1
51289770,1
51141948,2
51259854,1
51289176,1
51314797,1
51221762,1
51165146,1
51070594,1
51271222,2
51100032,1
51298938,1
51283048,2
51115428,1
51229638,1
51111872,1
51259123,1
51305305,1
51316778,1
50954479,2
51320616,1
51312479,1
51287723,1
51153421,1
51306181,1
51299169,1
51309128,1
51177544,2
51022875,1
51265270,1
51266766,2
51320258,1
50998250,1
51304012,1
51276656,1
51219395,1
51256693,1
51318228,1
51286413,1
51246268,1
51238313,2
51107778,1
51233299,2
51165145,1
51214521,1
50944530,2
51239402,1
51305394,2
51311362,1
51266991,1
51311306,1
51303079,1
51215230,1
51293218,1
51251019,1
51322703,1
51048060,1
51303516,1
50965697,2
51224563,1
51209199,1
51276709,1
51303078,1
51190928,2
51213690,2
51318069,1
51192875,2
51155523,2
51226826,1
50937882,2
51319737,1
51241119,2
51246455,1
51271430,2
51300622,1
51241502,1
51320087,2
51274843,1
51265441,2
51264643,1
51250562,1
51305928,1
51303337,2
51315802,1
51301721,2
51236527,1
50967852,2
51259736,2
51314798,1
50956317,2
51240776,1
51253832,1
51284717,1
51306733,1
51315127,2
51312473,2
51187463,1
51162989,1
51276000,1
51297981,2
51257803,1
51265245,2
51155524,2
50950768,2
51276655,1
51166905,2
51276993,2
50987039,1
51322872,1
51280308,1
51090899,2
51244812,1
51309313,1
51142229,1
51250386,1
51301200,1
51195877,1
51305877,1
51284099,2
51248324,1
51213651,1
51199949,1
51284153,2
51321003,1
51254210,2
51196474,1
51320213,1
51286013,2
51154419,1
51306739,1
51287463,1
51199696,1
51306864,1
51308353,1
51234893,2
50947890,2
51318102,1
51296352,1
51321422,2
51309049,1
50937320,2
50948504,2
51283339,1
51261389,1
50971508,2
51298532,1
50950769,2
51272479,1
51008265,2
51169598,1
51218910,1
51228131,1
51317173,1
50951146,2
51204182,1
51081690,2
51319239,1
50949972,2
51192735,2
51304244,1
51246946,1
51240653,1
51246100,1
51290793,1
51145820,1
51054861,2
51225276,1
51261304,1
51270463,1
50957632,2
51317557,1
51250438,1
51273476,1
51146039,2
51258886,1
51273808,1
51304245,1
51261955,1
51254234,1
51225550,1
51302135,1
51142978,2
50981989,1
51286414,1
51289230,2
50962744,2
51297491,1
51068298,1
51219258,1
51293845,1
51261305,1
51243541,1
51306513,2
51128156,1
51286539,1
51306937,1
51284100,2
51099007,2
50979868,1
51296897,1
51179701,1
51284908,1
51037219,2
51164329,1
51234825,1
50997338,2
51304672,1
51167373,2
51128192,1
51266557,1
51231983,1
51274979,1
51295611,1
51294646,1
51320879,2
51016266,1
51247549,1
51280264,2
51207407,1
51179448,1
51225982,1
50984502,1
51276680,1
51208543,1
51092130,2
51219189,1
51318103,1
51295662,1
51052754,2
51247255,2
51273742,1
51225872,1
51276797,2
51209738,1
51264791,2
51207562,2
51175381,2
50986886,1
51269281,2
51124850,1
50970142,2
51314604,2
51280053,2
51151338,2
51312747,1
51255414,1
51178914,2
51277309,1
51306684,1
51250885,1
51306964,1
51319479,1
51289282,2
51271601,1
51259792,1
50970141,2
51296896,1
51299659,2
51272444,1
51012562,1
51244802,1
51298637,2
51103462,1
51300690,1
51045300,2
51160708,2
51300947,1
51242082,1
51173809,2
51242758,1
51305811,1
51278409,1
50958209,2
50966147,2
51265602,2
51162265,1
51022041,2
50966146,2
51271016,1
51273809,1
51150393,1
51181780,2
51083638,1
51149297,2
51318068,1
51301662,1
51288495,2
51313639,1
51241501,1
51255498,1
51254469,1
51307512,1
51221377,1
51219683,2
51219574,2
51266643,1
51320518,1
51281100,1
51212846,1
51299008,2
51261024,1
51284152,2
51271819,2
51128215,2
51002636,1
51158305,1
51294272,1
51259356,2
51248822,2
51114582,2
51234654,1
51278882,2
51155757,2
51319245,1
51313406,1
51323710,1
51301493,1
51270662,2
51126541,2
51257869,1
51212938,1
51284396,1
51303731,1
51250880,1
51313997,1
51237405,1
51304336,2
51172896,1
51324006,1
51310640,1
51284859,2
51283676,2
51117603,1
51261701,1
51263363,2
51134499,2
51226651,1
51321355,1
51289703,2
51281706,2
51240568,1
51313049,1
51135291,1
51069752,1
51273389,1
51301272,1
51221520,1
51323257,1
51287464,1
51232838,2
51303060,1
51307511,1
51078393,1
51252461,2
51276131,2
51287209,1
51031802,2
51228535,1
51314974,1
51187417,2
51311451,1
51239199,1
51262873,1
51135262,1
51268021,2
51222673,2
51237045,1
51103187,1
51283272,1
51005857,2
51005858,2
51199948,1
51238610,1
51034435,1
51301630,2
51303634,2
51105153,1
51155209,2
51007222,2
51259600,2
51192078,1
51303766,1
51152723,1
51096799,2
51103463,1
50995127,2
51317692,1
51188131,1
51234301,2
51234040,1
51093912,1
51016716,1
51188948,1
51224570,1
51059116,2
51301536,1
51298971,1
51026164,2
51106182,2
51245446,1
51221678,1
51294645,1
51068210,1
51172871,1
51298330,1
50996651,2
51142245,2
51293606,1
51282287,2
51313050,1
51280190,2
51177912,2
51322037,1
51105970,2
51285288,1
51201959,2
51284115,2
51234039,1
51267814,1
51212244,1
51236726,1
51284894,1
51207388,2
51189279,2
51249130,1
51240907,1
51242757,1
51302897,2
51072987,1
51046646,2
51293846,1
51313187,2
51267154,1
51290173,2
51281114,1
51158036,1
51323711,1
51276130,2
51150919,1
51042583,1
51299009,2
51213816,2
51317556,1
51226048,1
51239467,1
51306963,1
51193696,1
51221539,2
51298282,1
51244158,2
51298195,2
51270396,1
51043165,1
50997339,2
51264792,2
51261139,2
51086298,2
51159208,1
51315417,1
51313139,1
51255272,1
51210061,2
51289769,1
51258905,1
51278183,2
51280159,1
51268538,2
51028368,2
51143844,2
51005677,2
51305142,1
51297490,1
51245663,1
51213569,1
51304324,1
51078569,2
51315651,1
51004576,2
51305304,1
51124568,2
51274980,1
51325146,1
51181306,2
51184474,1
51105971,2
51037666,2
51320834,1
51303061,1
51059210,1
51234826,1
51285287,1
51104499,1
51311637,1
51109645,2
51284116,2
51202312,1
51302136,1
51261676,1
51256939,1
51280052,2
51322036,1
51287208,1
51321449,1
51290086,1
51289946,1
51221519,1
51237826,2
51252099,2
51278774,1
51319930,1
51317413,1
51171325,1
51225873,1
51298549,1
51106820,2
51293853,1
51268539,2
51155912,2
51098331,2
51315128,2
51301494,1
51125562,2
51290674,1
51014166,2
51165550,2
51117254,2
51239466,1
51182318,1
51309725,2
51303851,2
51153448,1
51279535,1
51313405,1
51227384,1
51146040,2
51235904,2
51115200,1
51183503,2
51285316,1
51291063,1
51318229,1
51029833,2
51295403,2
51221314,2
51268166,1
51054372,1
51317217,1
51294144,1
51098322,1
51322403,2
51035086,2
51309127,1
51319244,1
51312193,1
51266992,1
51319801,1
51167374,2
51023509,2
51168871,2
51261956,1
51301086,1
51028770,2
51039040,2
51155659,2
51293605,1
51046569,1
51225551,1
51260902,1
51250261,1
51306680,1
51297982,2
51197465,2
51028769,2
51279151,1
51312874,1
51230772,1
51317738,1
51312951,2
51301722,2
51216795,1
51278883,2
51255855,2
51194460,1
51160358,2
51164149,2
51290673,1
51310188,1
51255046,1
51156003,1
51039401,2
51308149,1
51141562,1
51066794,2
51286681,1
51313570,1
51066749,1
51298629,1
51295771,2
51267153,1
51077598,1
51315650,1
51275970,1
51044695,2
51226049,1
51222276,1
51319478,1
51094535,1
51263458,1
51117157,1
51316029,1
51323210,1
51115859,1
51054260,2
51303850,2
51144781,1
51102025,2
51095058,1
51235210,1
51106583,1
51227149,1
51056561,2
51266466,2
51295112,1
51309317,1
51056562,2
51221241,1
51172003,2
51056662,2
51140020,1
51306376,1
51220311,2
51126855,1
51309318,1
51146610,1
51075856,1
51214005,2
51236727,1
51300039,1
51293002,1
51314973,1
51320825,2
51286934,2
51224999,2
51248699,1
51207739,1
51163955,1
51286203,2
51211835,2
51118965,2
51279035,1
51062578,2
51271265,1
51301346,2
51066230,2
51322623,2
51243349,1
51288494,2
51301085,1
51321063,2
51109195,1
51075626,2
51317693,1
51063444,2
51323596,2
51305036,2
51315404,2
51274820,1
51104230,1
51089545,1
51321448,1
51316028,1
51079800,2
51283273,1
51254697,1
51063443,2
51162990,1
51323597,2
51218375,2
51288421,1
51194732,1
51324574,2
51087290,1
51273372,1
51174671,2
51103408,1
51246242,1
51147243,2
51304011,1
51093355,2
51218478,1
51262546,1
51234723,2
51234636,1
51071128,2
51075627,2
51184212,2
51309050,1
51249100,2
51234302,2
51212089,1
51310382,1
51321033,1
51319238,1
51226116,2
51151337,2
51194538,1
51290085,1
51287518,2
51138753,2
51109756,1
51110597,1
51265949,2
51240667,2
51287834,1
51222183,1
51196475,1
51219983,1
51105945,1
51138996,1
51227243,2
51319846,2
51289662,2
51106819,2
51245120,1
51246246,2
51141670,1
51115427,1
51288652,1
51124598,1
51278410,1
51127335,1
51102512,2
51080087,2
51090197,2
51090198,2
51111751,1
51316686,2
51295111,1
51142979,2
51133113,2
51313018,1
51247000,1
51159270,1
51309173,2
51291064,1
51100615,2
51114581,2
51121650,1
51245526,1
51310381,1
51293003,1
51317774,2
51303544,2
51220995,1
51317082,1
51220079,1
51125123,1
51311778,1
51243538,2
51200642,2
51132516,2
51322959,1
51230076,1
51239933,2
51299660,2
51306734,1
51317083,1
51290421,1
51227898,2
51154297,1
51140595,1
51188437,2
51153463,1
51321062,2
51316687,2
51312873,1
51165565,1
51183852,1
51114416,2
51256938,1
51239260,1
51151046,1
51312952,2
51222068,2
51298296,1
51168254,1
51208118,1
51280158,1
51232930,1
51288420,1
51156608,1
51302845,1
51159207,1
51298628,1
51156485,1
51224475,1
51224998,2
51162585,1
51266765,2
51153590,2
51163568,1
51153589,2
51250577,1
51321341,1
51246243,1
51282436,1
51160701,2
51313571,1
51288152,2
51282064,2
51255854,2
51147242,2
51306195,1
51262711,2
51250439,1
51166250,2
51305810,1
51169780,1
51201133,1
51300040,1
51260698,1
51197618,1
51271552,1
51196445,1
51313363,2
51155474,2
51308855,2
51243927,1
51174167,1
51186144,1
51185025,1
51312192,1
51154114,2
51255815,1
51181307,2
51164640,2
51165549,2
51177134,2
51266644,1
51256373,1
51219038,1
51154113,2
51219039,1
51298212,2
51277114,2
51221161,1
51292465,1
51226117,2
51294427,1
51303543,2
51176781,2
51261025,1
51316501,1
51304337,2
51178689,2
51174400,2
51277113,2
51229253,1
51220041,1
51286014,2
51313996,1
51230771,1
51309724,2
51229973,1
51233897,1
51270462,1
51271017,1
51306863,1
51194888,2
51187693,2
51322641,1
51235205,1
51196869,2
51311305,1
51297964,2
51201450,2
51226652,1
51313140,1
51200643,2
51210629,2
51245662,1
51210628,2
51212209,2
51219575,2
51295383,2
51255814,1
51249129,1
51255768,2
51221812,2
51271619,1
51265269,1
51240668,2
51234724,2
51258817,2
51251904,1
51235905,2
51254235,1
51323258,1
51277203,1
51288653,1
51261702,1
51268165,1
51277310,1
51261388,1
51271264,1
51289925,1
51284716,1
51280265,2
51259357,2
51273667,1
51245591,2
51269996,1
51320517,1
51252460,2
51308139,1
51265950,2
51259450,2
51269280,2
51288859,1
51274059,2
51283338,1
51313364,2
51297158,1
51282129,2
51282128,2
51261138,2
51298970,1
51307284,1
51305443,1
51305143,1
51307283,1
51273277,2
51308059,1
51308060,1
51287624,2
51295382,2
51320835,1
51301347,2
51303336,2
51297926,2
51300084,2
51309286,2
51303633,2
51306833,2
51324933,2
