"id","Cluster"
54082247,1
54080448,1
54083174,1
54078249,2
54082246,1
54080567,1
54078248,2
54080173,1
54081352,1
54080449,1
54086036,1
54078960,1
54081330,1
54078607,1
54078651,1
54085230,1
54078608,1
54078650,1
54081348,1
54080174,1
54088905,1
54078632,1
54088274,1
54080114,1
54086037,1
54078961,1
54081698,1
54090255,2
54089294,1
54087750,1
54081183,1
54089508,1
54091457,1
54080566,1
54090254,2
54090514,1
54085048,1
54090741,1
54088273,1
54090959,1
54089881,1
54092730,3
54092729,3
54092703,1
54091980,1
54078298,1
54090515,1
54086857,1
54090960,1
54088142,1
54084276,1
54091589,1
54089089,1
54094509,3
54094510,3
54093032,1
54079374,1
54094810,1
54088654,1
54095480,3
54095479,3
54093031,1
54094811,1
54089411,1
54088029,1
54079875,1
54088617,1
54080342,1
54091590,1
54097255,3
54097254,3
54095778,1
54081159,1
54093383,1
54095030,1
54091143,1
54089668,1
54082822,1
54082821,1
54094156,1
54094157,1
54092702,1
54098226,3
54098227,3
54087631,1
54078417,1
54081198,1
54092334,1
54090938,1
54081461,1
54088776,1
54100006,3
54100007,3
54083899,1
54091981,1
54092111,1
54099082,1
54092230,1
54078530,1
54082889,1
54082933,1
54097949,1
54091403,1
54100966,3
54100965,3
54094595,1
54098825,1
54083876,1
54098988,1
54084407,1
54084273,1
54102734,3
54102733,3
54101152,1
54101377,1
54079206,1
54082173,1
54098824,1
54078531,1
54093711,1
54099323,1
54098050,1
54092605,1
54091650,1
54086505,1
54081014,1
54083715,1
54097683,1
54093738,1
54096768,1
54103405,1
54091456,1
54098085,1
54098084,1
54084333,1
54092532,1
54079375,1
54081013,1
54097559,1
54097558,1
54105835,1
54103170,1
54083975,1
54097682,1
54088165,1
54096346,1
54089635,1
54085311,1
54100701,1
54088453,1
54083247,1
54098182,1
54083435,1
54081680,1
54104270,1
54105839,1
54097756,1
54079876,1
54086856,1
54099324,1
54103515,1
54079147,1
54083716,1
54087458,1
54085125,1
54078628,1
54096690,1
54080343,1
54107714,1
54095260,1
54108085,1
54086021,1
54079051,1
54079052,1
54089519,1
54098989,1
54079983,1
54078668,1
54089636,1
54099636,1
54110654,1
54083343,1
54084769,1
54082072,1
54087808,1
54108586,1
54111366,1
54082619,1
54104735,1
54103171,1
54084089,1
54107348,1
54082932,1
54106094,1
54096767,1
54084301,1
54103516,1
54097256,1
54091649,1
54110852,1
54087220,1
54084408,1
54090229,1
54081211,1
54104233,1
54088044,1
54095069,1
54082678,1
54101960,1
54088452,1
54085993,1
54096995,1
54111756,1
54078861,1
54110840,1
54098137,1
54092606,1
54098136,1
54109223,1
54109222,1
54097473,1
54103944,1
54114057,1
54079580,1
54101904,1
54101905,1
54086675,1
54093490,1
54112902,1
54110270,1
54091144,1
54107632,1
54081699,1
54097000,1
54089880,1
54114639,1
54090096,1
54079146,1
54084618,1
54084689,1
54078383,1
54090594,1
54088018,1
54095068,1
54110385,1
54085692,1
54092507,1
54092531,1
54110841,1
54095451,1
54097107,1
54105353,1
54105352,1
54098181,1
54078973,1
54114604,1
54086504,1
54116607,1
54090228,1
54097757,1
54108454,1
54088166,1
54083974,1
54091010,1
54115774,1
54089088,1
54098051,1
54086092,1
54114735,1
54095777,1
54098551,1
54098821,1
54114056,1
54088141,1
54083862,1
54078442,1
54111619,1
54115773,1
54106093,1
54086901,1
54088562,1
54080239,1
54106186,1
54113265,1
54114601,1
54083342,1
54114590,1
54110823,1
54098270,1
54116571,1
54092050,1
54112119,1
54106993,1
54078339,1
54115408,1
54100429,1
54096207,1
54116849,1
54091009,1
54089525,1
54117032,1
54092333,1
54117033,1
54095259,1
54092506,1
54087230,1
54116563,1
54086533,1
54117898,1
54094934,1
54119564,1
54114046,1
54095031,1
54119698,1
54093746,1
54108873,1
54119813,1
54121524,1
54088563,1
54087219,1
54109358,1
54084768,1
54087853,1
54097574,1
54111365,1
54100303,1
54103111,1
54081184,1
54120878,1
54114195,1
54100582,1
54118234,1
54089520,1
54099379,1
54085626,1
54093848,1
54117248,1
54121525,1
54099743,1
54121704,1
54088540,1
54083434,1
54087130,1
54098159,1
54093221,1
54098522,1
54106842,1
54121005,1
54081353,1
54100611,1
54121295,1
54106208,1
54121570,1
54094720,1
54116843,1
54120782,1
54078441,1
54114045,1
54093358,1
54119697,1
54107349,1
54118235,1
54103183,1
54111620,1
54088655,1
54088541,1
54089723,1
54114462,1
54119371,1
54109751,1
54126283,1
54106953,1
54105838,1
54089629,1
54114246,1
54088616,1
54084363,1
54098152,1
54097272,1
54097271,1
54120285,1
54094915,1
54116570,1
54098654,1
54103945,1
54083788,1
54096180,1
54116925,1
54120783,1
54097689,1
54125204,1
54110441,1
54122557,1
54126885,1
54098160,1
54117325,1
54091562,1
54113671,1
54095415,1
54095452,1
54120284,1
54112292,1
54108657,1
54118414,1
54093745,1
54084318,1
54119907,1
54114483,1
54124265,1
54107987,1
54111694,1
54104176,1
54122303,1
54128959,2
54108585,1
54085051,1
54081210,1
54084274,1
54124264,1
54107909,1
54114484,1
54099590,1
54108084,1
54107986,1
54095622,1
54089125,1
54129023,1
54121294,1
54103256,1
54128149,1
54108068,1
54106293,1
54095287,1
54128358,1
54100908,1
54132897,1
54113670,1
54120365,1
54104149,1
54123228,1
54104126,1
54106841,1
54122304,1
54100465,1
54096179,1
54107249,1
54106079,1
54127945,1
54085631,1
54116034,1
54078726,1
54122670,1
54108069,1
54094147,1
54116033,1
54100757,1
54113625,1
54132898,1
54128357,1
54122985,1
54113943,1
54104234,1
54105836,1
54112777,1
54104707,1
54114245,1
54110386,1
54106157,1
54121315,1
54107493,1
54102143,1
54114544,1
54117324,1
54124614,1
54119020,1
54122984,1
54090129,1
54100204,1
54113872,1
54087751,1
54131639,1
54119560,1
54089369,1
54134665,2
54122417,1
54100503,1
54103343,1
54127944,1
54089509,1
54088293,1
54132275,1
54111613,1
54092623,1
54130039,1
54131011,1
54117371,1
54108080,1
54105554,1
54106682,1
54111337,1
54100254,1
54119587,1
54103112,1
54133237,1
54083985,1
54123797,1
54136169,1
54114251,1
54097764,1
54092072,1
54108874,1
54110506,1
54126814,1
54114498,1
54117421,1
54119021,1
54136556,1
54106681,1
54086602,1
54105811,1
54107122,1
54093491,1
54119812,1
54099466,1
54115652,1
54136332,1
54127051,1
54126910,1
54135224,1
54135288,1
54139195,1
54139169,1
54114638,1
54097482,1
54116667,1
54098521,1
54112311,1
54134311,1
54092120,1
54134664,2
54082376,1
54110256,1
54129345,1
54108806,1
54111599,1
54114470,1
54110653,1
54117308,1
54133739,1
54128328,1
54080822,1
54133087,1
54138501,2
54102899,1
54139882,1
54137115,1
54114077,1
54103123,1
54137342,1
54136170,1
54102077,1
54140299,1
54140300,1
54121314,1
54114461,1
54117247,1
54125560,1
54120098,1
54116254,1
54117573,1
54117847,1
54094861,1
54122460,1
54112833,1
54143055,1
54117191,1
54141814,1
54102136,1
54114603,1
54120064,1
54117996,1
54111214,1
54124958,1
54079363,1
54112438,1
54126282,1
54116888,1
54131904,1
54092229,1
54108658,1
54140194,1
54126635,1
54115653,1
54140655,1
54141815,1
54136321,1
54119940,1
54108081,1
54114504,1
54136519,1
54135448,1
54124460,1
54116245,1
54143642,1
54141179,1
54139359,1
54119389,1
54116666,1
54135981,1
54113920,1
54131825,1
54109750,1
54107210,1
54126504,1
54141627,1
54114310,1
54141714,1
54100700,1
54118507,1
54143342,1
54144524,1
54140613,1
54140612,1
54119043,1
54120065,1
54141943,1
54130038,1
54085994,1
54106331,1
54138286,1
54117372,1
54103739,1
54106600,1
54094596,1
54112270,1
54122247,1
54103184,1
54108711,1
54095073,1
54115608,1
54111502,1
54122556,1
54111600,1
54143341,1
54114471,1
54099591,1
54146348,1
54119188,1
54108192,1
54139360,1
54146668,1
54103738,1
54112291,1
54124872,1
54097483,1
54123075,1
54108455,1
54114068,1
54144280,1
54115609,1
54095274,1
54139040,1
54106083,1
54119897,1
54148884,1
54128306,1
54103019,1
54123589,1
54095074,1
54107209,1
54124098,1
54126639,1
54121163,1
54141779,1
54118804,1
54147346,1
54124303,1
54140654,1
54124302,1
54117192,1
54136518,1
54139170,1
54128675,1
54120364,1
54097457,1
54144156,1
54089368,1
54116889,1
54125295,1
54144492,1
54148530,1
54135154,1
54125415,1
54130933,1
54147450,1
54124555,1
54149405,1
54124792,1
54125930,1
54111215,1
54144155,1
54146941,1
54086693,1
54134809,1
54133701,1
54135223,1
54114347,1
54117296,1
54124445,1
54146347,1
54117297,1
54130027,1
54135329,1
54106202,1
54122669,1
54144802,1
54116562,1
54123074,1
54152214,1
54138500,1
54124959,1
54090380,1
54094956,1
54123486,1
54145535,1
54151164,1
54122418,1
54151083,1
54095088,1
54096347,1
54116981,1
54127935,1
54129296,1
54124205,1
54133485,1
54141713,1
54147449,1
54100601,1
54141944,1
54136491,1
54130012,1
54141178,1
54147595,1
54119388,1
54149486,1
54116721,1
54117732,1
54153460,1
54134211,1
54127848,1
54137637,1
54115692,1
54155417,1
54126909,1
54141968,1
54154487,1
54147565,1
54119997,1
54119042,1
54114856,1
54130343,1
54127764,1
54127763,1
54129024,1
54155126,1
54137346,1
54128960,1
54123834,1
54156620,1
54155336,1
54138897,1
54114076,1
54130620,1
54147287,1
54126906,1
54154273,1
54157277,1
54121571,1
54130278,1
54138515,1
54120781,1
54123661,1
54127849,1
54118047,1
54138876,1
54137498,1
54110269,1
54123905,1
54115581,1
54152647,1
54145912,1
54151559,1
54106203,1
54136320,1
54119888,1
54151676,1
54154888,1
54114991,1
54125176,1
54152646,1
54100627,1
54126770,1
54157278,1
54120090,1
54135497,1
54112149,1
54153371,1
54154981,1
54124950,1
54089584,1
54107492,1
54158100,1
54113125,1
54149977,1
54151814,1
54141959,1
54155633,1
54146386,1
54114734,1
54133050,1
54141260,1
54134044,1
54130344,1
54161683,1
54131826,1
54156621,1
54134536,1
54137244,1
54130764,1
54107633,1
54155429,1
54146260,1
54140550,1
54148827,1
54137826,1
54154380,1
54154379,1
54084316,1
54154628,1
54106373,1
54151889,1
54154869,1
54093064,1
54136947,1
54161682,1
54134567,1
54120892,1
54136123,1
54138885,1
54160861,1
54140437,1
54145911,1
54128243,1
54155634,1
54135635,1
54138285,1
54108193,1
54143954,1
54145272,1
54139883,1
54129121,1
54144281,1
54141650,1
54128150,1
54147297,1
54116924,1
54158269,1
54159894,1
54150002,1
54136303,1
54146186,1
54143641,1
54108182,1
54139196,1
54143733,1
54114707,1
54158616,1
54135905,1
54138695,1
54155908,1
54146962,1
54159055,1
54138770,1
54116739,1
54146948,1
54145190,1
54144365,1
54136124,1
54118805,1
54146225,1
54095319,1
54143679,1
54117459,1
54155943,1
54123590,1
54106954,1
54146899,1
54135980,1
54146947,1
54144150,1
54144368,1
54161966,1
54145428,1
54159432,1
54164962,1
54151165,1
54155279,1
54123662,1
54165053,1
54164961,1
54132479,1
54160856,1
54119908,1
54124444,1
54154505,1
54151890,1
54122889,1
54117460,1
54141233,1
54134310,1
54164329,1
54167330,1
54153461,1
54115277,1
54155221,1
54121162,1
54157925,1
54108755,1
54133418,1
54155211,1
54123909,1
54149906,1
54113206,1
54166365,1
54112830,1
54126636,1
54130932,1
54099469,1
54149027,1
54138266,1
54146187,1
54157566,1
54142222,1
54102820,1
54103018,1
54145325,1
54153575,1
54153574,1
54168941,1
54134706,1
54138841,1
54148389,1
54147203,1
54160996,1
54125309,1
54133727,1
54165694,1
54114706,1
54144004,1
54158615,1
54155043,1
54149580,1
54170413,1
54106102,1
54143104,1
54169079,1
54160855,1
54147245,1
54117175,1
54147301,1
54146336,1
54135634,1
54171302,1
54141311,1
54092121,1
54172469,1
54121269,1
54093751,1
54166170,1
54147037,1
54167556,1
54171684,1
54144366,1
54126699,1
54155421,1
54163787,1
54159815,1
54147345,1
54152980,1
54136555,1
54173952,1
54080507,1
54097367,1
54149529,1
54161407,1
54157926,1
54149651,1
54170048,1
54147057,1
54141456,1
54162153,1
54137499,1
54170433,1
54131913,1
54171790,1
54163788,1
54127052,1
54166562,1
54135287,1
54133812,1
54173951,1
54094761,1
54168661,1
54139380,1
54168671,1
54141455,1
54155239,1
54145536,1
54170049,1
54136948,1
54159352,1
54145612,1
54170371,1
54148400,1
54151743,1
54119898,1
54170596,1
54159768,1
54169288,1
54154397,1
54142327,1
54146940,1
54145191,1
54148413,1
54123467,1
54151084,1
54169043,1
54169080,1
54146206,1
54176181,1
54133702,1
54151347,1
54149028,1
54154712,1
54084302,1
54162798,1
54162799,1
54155729,1
54165788,1
54165789,1
54176743,1
54154889,1
54149469,1
54124793,1
54167353,1
54145271,1
54159272,1
54145611,1
54151280,1
54121268,1
54163711,1
54179083,1
54159895,1
54151558,1
54155647,1
54138035,1
54172127,1
54157567,1
54146667,1
54105555,1
54171301,1
54141232,1
54177086,1
54125979,1
54167258,1
54170234,1
54177146,1
54152564,1
54166347,1
54159593,1
54147300,1
54173581,1
54139128,1
54179084,1
54177413,1
54158340,1
54155713,1
54154711,1
54180410,1
54176680,1
54158538,1
54139665,1
54104255,1
54169946,1
54159164,1
54176935,1
54177019,1
54131646,1
54164450,1
54157820,1
54142638,1
54155368,1
54163396,1
54166286,1
54149895,1
54173214,1
54159767,1
54165137,1
54132454,1
54163741,1
54170432,1
54176180,1
54158341,1
54181901,1
54166563,1
54176402,1
54171029,1
54163938,1
54149470,1
54155006,1
54120702,1
54141420,1
54123229,1
54128944,1
54140551,1
54106372,1
54151440,1
54178968,1
54154097,1
54131077,1
54163817,1
54158270,1
54173638,1
54149034,1
54181990,1
54171129,1
54155714,1
54166690,1
54122025,1
54166738,1
54109471,1
54122135,1
54085086,1
54182414,1
54142828,1
54136790,1
54155446,1
54159592,1
54181991,1
54154488,1
54144825,1
54154669,1
54161198,1
54183156,1
54165695,1
54180411,1
54177840,1
54157824,1
54155005,1
54137341,1
54171564,1
54147911,1
54137449,1
54173413,1
54173414,1
54163818,1
54154506,1
54149354,1
54185857,1
54149406,1
54164303,1
54177911,1
54163156,1
54152289,1
54128609,1
54150907,1
54148432,1
54159163,1
54168087,1
54103404,1
54154627,1
54132274,1
54180389,1
54128329,1
54185852,1
54171300,1
54157784,1
54134114,1
54151115,1
54150908,1
54148461,1
54162210,1
54166348,1
54159433,1
54120891,1
54158101,1
54117043,1
54147366,1
54182876,1
54166592,1
54184755,1
54150327,1
54092009,1
54183460,2
54123410,1
54142637,1
54182507,1
54152609,1
54159195,1
54184227,1
54151441,1
54187163,1
54181727,1
54133624,1
54092685,1
54180420,1
54165878,1
54186066,1
54156002,1
54134045,1
54186431,1
54142762,1
54182413,1
54122212,1
54160787,1
54185484,1
54174555,1
54152757,1
54185498,1
54163710,1
54165358,1
54180240,1
54157531,1
54188549,1
54136622,1
54175099,1
54150528,1
54168670,1
54164360,1
54147998,1
54142598,1
54175405,1
54168932,1
54163280,1
54161990,1
54163397,1
54155337,1
54177206,1
54108754,1
54181473,1
54179098,1
54177414,1
54182988,1
54188548,1
54149296,1
54078846,1
54128630,1
54166929,1
54157821,1
54193390,1
54186430,1
54163281,1
54167192,1
54182506,1
54170322,1
54163553,1
54166356,1
54146055,1
54159413,1
54187162,1
54130810,1
54180154,1
54171963,1
54171028,1
54171066,1
54142326,1
54168662,1
54153330,1
54168776,1
54164328,1
54194626,1
54188130,1
54167557,1
54173161,1
54169012,1
54132589,1
54170677,1
54166546,1
54160997,1
54176744,1
54177963,1
54177962,1
54146963,1
54160649,1
54174397,1
54125145,1
54171808,1
54175878,1
54185714,1
54146261,1
54144824,1
54139358,1
54164361,1
54175588,1
54169947,1
54186317,1
54174312,1
54177182,1
54131893,1
54193664,1
54141827,1
54154272,1
54162669,1
54170903,1
54184672,1
54185793,1
54187805,1
54176920,1
54142223,1
54176934,1
54197474,1
54174435,1
54142703,1
54130809,1
54180011,1
54193904,1
54149295,1
54181758,1
54188474,1
54198378,1
54172470,1
54197068,1
54177051,1
54193362,1
54090419,1
54196125,1
54197475,1
54182650,1
54168777,1
54184228,1
54170678,1
54181726,1
54178744,1
54196635,1
54192676,1
54188387,1
54198377,1
54181900,1
54102716,1
54102819,1
54138624,1
54201522,1
54167193,1
54177085,1
54200199,1
54157825,1
54193559,1
54184105,1
54128086,1
54174615,1
54192369,1
54163740,1
54182873,1
54196633,1
54156854,1
54181759,1
54161132,1
54139666,1
54175198,1
54166903,1
54180747,1
54144151,1
54182497,1
54201672,1
54157865,1
54201671,1
54159136,1
54188129,1
54182801,1
54163504,1
54176146,1
54178967,1
54169186,1
54187294,1
54180153,1
54136339,1
54185861,1
54147566,1
54191351,1
54139366,1
54160650,1
54147732,1
54204405,1
54174434,1
54189389,1
54177327,1
54169058,1
54177328,1
54171793,1
54179058,1
54185715,1
54154316,1
54147416,1
54149319,1
54188561,1
54139697,1
54187852,1
54202693,1
54171542,1
54155308,1
54174396,1
54188013,1
54181193,1
54204522,1
54115276,1
54169011,1
54177187,1
54174554,1
54184795,1
54179057,1
54184756,1
54169475,1
54136621,1
54187806,1
54182469,1
54199978,1
54190696,1
54204370,1
54202879,1
54182696,1
54123908,1
54179857,1
54197653,1
54182626,1
54175696,1
54163781,1
54139094,1
54202188,1
54193239,1
54138769,1
54186202,1
54208188,1
54176970,1
54181052,1
54198898,1
54207208,1
54190780,1
54182800,1
54177356,1
54196625,1
54185794,1
54206462,1
54202189,1
54182987,1
54168280,1
54179467,1
54185898,1
54185856,1
54163903,1
54182071,1
54139367,1
54170129,1
54183521,1
54185169,1
54156089,1
54177050,1
54127837,1
54127836,1
54198897,1
54181051,1
54159351,1
54181472,1
54201922,1
54175651,1
54192368,1
54133623,1
54194080,1
54183157,1
54182344,1
54186201,1
54188936,1
54209738,2
54183459,1
54185170,1
54194928,1
54152561,1
54126656,1
54204812,1
54184644,1
54190414,1
54163085,1
54147594,1
54182325,1
54169564,1
54196126,1
54182511,1
54189311,1
54157983,1
54178563,1
54211449,1
54189686,1
54176147,1
54210266,1
54200972,1
54176403,1
54171964,1
54210309,1
54210367,1
54191255,1
54188518,1
54180273,1
54179217,1
54213310,1
54201523,1
54179645,1
54193569,1
54185283,1
54170082,1
54186470,1
54179779,1
54207271,1
54205724,1
54211210,1
54209911,1
54160860,1
54130656,1
54185477,1
54184279,1
54188388,1
54143680,1
54210313,1
54193903,1
54182070,1
54213311,1
54205378,1
54196099,1
54171438,1
54196344,1
54184106,1
54165359,1
54177475,1
54210431,1
54210366,1
54205018,1
54174891,1
54206855,1
54176864,1
54163263,1
54204320,1
54204369,1
54191012,1
54189649,1
54193665,1
54154398,1
54152852,1
54182964,1
54202108,1
54168086,1
54185853,1
54194241,1
54204233,1
54191782,1
54196157,1
54145236,1
54117995,1
54193482,1
54189349,1
54191845,1
54175697,1
54188012,1
54190832,1
54214178,1
54207317,1
54195164,1
54193760,1
54179001,1
54200764,1
54169227,1
54184396,1
54199375,1
54203765,1
54182963,1
54210390,1
54217458,1
54202109,1
54190092,1
54149033,1
54180388,1
54215095,1
54212452,2
54215265,1
54210993,1
54164698,1
54202818,1
54218302,1
54113266,1
54169374,1
54210312,1
54182875,1
54207661,1
54195753,1
54192718,1
54215848,1
54209641,1
54137345,1
54176971,1
54201696,1
54194641,1
54161967,1
54176029,1
54221091,1
54189713,1
54204725,1
54184535,1
54214892,1
54179466,1
54193476,1
54219100,1
54207108,1
54213719,1
54126771,1
54189390,1
54202878,1
54220874,1
54219476,1
54203354,1
54165136,1
54182845,1
54211450,1
54208856,1
54197968,1
54195668,1
54180239,1
54221326,1
54215830,1
54218606,1
54220298,1
54188517,1
54196624,1
54180419,1
54179564,1
54168589,1
54215996,1
54167259,1
54201480,1
54213518,1
54215266,1
54223573,1
54193361,1
54220866,1
54194891,1
54215459,1
54220867,1
54188114,1
54216804,1
54215424,1
54196413,1
54199304,1
54209125,1
54223998,1
54195472,1
54220297,1
54201481,1
54191468,1
54204246,1
54133999,1
54202692,1
54221906,1
54177018,1
54193391,1
54208187,1
54084319,1
54224900,1
54215314,1
54222060,1
54197498,1
54225025,1
54138651,1
54190851,1
54205970,1
54189889,1
54215810,1
54220141,1
54196634,1
54194322,1
54224368,1
54224369,1
54188781,1
54213517,1
54209739,1
54201573,1
54215094,1
54198802,1
54208166,1
54210965,1
54226299,1
54203283,1
54093684,1
54189382,1
54193672,1
54224984,1
54192167,1
54203272,1
54196417,1
54185483,1
54164697,1
54214177,1
54189712,1
54207620,1
54225828,1
54195667,1
54210493,1
54161284,1
54163084,1
54215188,1
54196098,1
54222061,1
54212692,1
54208491,1
54225026,1
54223751,1
54182496,1
54203360,1
54218263,1
54163586,1
54206024,1
54222591,1
54188338,1
54168373,1
54202104,1
54228574,1
54210471,1
54092021,1
54207015,1
54227233,1
54197069,1
54191844,1
54196070,1
54187921,1
54183512,1
54229140,1
54207316,1
54227649,1
54215423,1
54211543,1
54223759,1
54211587,1
54211586,1
54189778,1
54179002,1
54224105,1
54185907,1
54209669,1
54171393,1
54208541,1
54223572,1
54226332,1
54178506,1
54208634,1
54193568,1
54196345,1
54189348,1
54190093,1
54214646,1
54220301,1
54228613,1
54217651,1
54179097,1
54105570,1
54210966,1
54212451,1
54212456,1
54227464,1
54219357,1
54204400,1
54207207,1
54203361,1
54195374,1
54181756,1
54232181,1
54206461,1
54204792,1
54214577,1
54202103,1
54214907,1
54221325,1
54224083,1
54214972,1
54226970,1
54191936,1
54194323,1
54155280,1
54171565,1
54226328,1
54111499,1
54193558,1
54227942,1
54199016,1
54203754,1
54206155,1
54204741,1
54206262,1
54158180,1
54219988,1
54207650,1
54232195,1
54214594,1
54180256,1
54226712,1
54214847,1
54217650,1
54215939,1
54214973,1
54226969,1
54229839,1
54227155,1
54210742,1
54215187,1
54221879,1
54232669,2
54201574,1
54210994,1
54191783,1
54219120,1
54204404,1
54216394,1
54194642,1
54215458,1
54225082,1
54185259,1
54216805,1
54189687,1
54204724,1
54210145,1
54203355,1
54224057,1
54233855,1
54199839,1
54209910,1
54206023,1
54223916,1
54211704,1
54232182,1
54206601,1
54204811,1
54234988,1
54207649,1
54213198,1
54204995,1
54220503,1
54228832,1
54232587,1
54185034,1
54227187,2
54234448,1
54227405,1
54235656,1
54209802,1
54215325,1
54231925,1
54227950,1
54225081,1
54215704,1
54218327,1
54234925,1
54231201,1
54237820,1
54214891,1
54226026,1
54183216,1
54226128,1
54194113,1
54218016,1
54212645,1
54235774,1
54219256,1
54195143,1
54238784,1
54223752,1
54124060,1
54205851,1
54239072,3
54216936,1
54188339,1
54234861,1
54204849,1
54214645,1
54200963,1
54192719,1
54194112,1
54133861,1
54080506,1
54232668,2
54207109,1
54235771,1
54235770,1
54177147,1
54235937,1
54208729,1
54240241,1
54239444,3
54237821,1
54221284,1
54237770,3
54207662,1
54092684,1
54114602,1
54221818,1
54198801,1
54182495,1
54237290,1
54241408,1
54227716,1
54239073,3
54204782,1
54240514,3
54235007,1
54204781,1
54225827,1
54222768,1
54193256,1
54228853,1
54235321,1
54168802,1
54187998,1
54226290,1
54233003,1
54200198,1
54222379,1
54207319,1
54226457,1
54218277,1
54204626,1
54228290,1
54243084,3
54235056,1
54221295,1
54234091,1
54224084,1
54240515,3
54242222,1
54239445,3
54206856,1
54199979,1
54243538,1
54171394,1
54235775,1
54216393,1
54202819,1
54226327,1
54241365,1
54208730,1
54192449,1
54199416,1
54236209,1
54212887,1
54225097,1
54223917,1
54108854,1
54243083,3
54220074,1
54221268,1
54242178,3
54221288,1
54242179,3
54240508,1
54242295,1
54210443,1
54218720,1
54174937,1
54232413,1
54183479,1
54228854,1
54235322,1
54239760,1
54219255,1
54219232,1
54219149,1
54238335,1
54213802,1
54218908,1
54219019,1
54235659,1
54219101,1
54204423,1
54245443,1
54231892,1
54226476,1
54180066,1
54214132,1
54193644,1
54229275,1
54219846,1
54199265,1
54237550,1
54207390,1
54192677,1
54244920,3
54243181,3
54243180,3
54215829,1
54217509,1
54193188,1
54246231,1
54232586,1
54227208,1
54228833,1
54193412,1
54227406,1
54221817,1
54245476,1
54238351,1
54242756,1
54244077,1
54219358,1
54213893,1
54215353,1
54223634,1
54240240,1
54245800,3
54237549,1
54215575,1
54225432,1
54204742,1
54240334,1
54240378,1
54234924,1
54243179,3
54247574,1
54245989,3
54244921,3
54210432,1
54236654,1
54243537,1
54210741,1
54194240,1
54239785,1
54218909,1
54196101,1
54248105,1
54238309,1
54210688,1
54229967,1
54238310,1
54244178,1
54126175,1
54205657,1
54132590,1
54202073,1
54245801,3
54159700,1
54240356,1
54230762,1
54174564,1
54170235,1
54223860,1
54231002,1
54237745,1
54244784,1
54246038,1
54226794,1
54210444,1
54204791,1
54246469,1
54186065,1
54223534,1
54241364,1
54226289,1
54230763,1
54208492,1
54197787,1
54223635,1
54234842,1
54122577,1
54221283,1
54245988,3
54210401,1
54247769,1
54190503,1
54235467,1
54229920,1
54226298,1
54235655,1
54227352,1
54248202,1
54179678,1
54227575,1
54229073,1
54218326,1
54132480,1
54228291,1
54250433,3
54214691,1
54215938,1
54225621,1
54228575,1
54250590,1
54196102,1
54213249,1
54212461,1
54226276,1
54246585,1
54209853,1
54227628,1
54174313,1
54137530,1
54229221,1
54231003,1
54250025,1
54234860,1
54226713,1
54213079,1
54224058,1
54248748,3
54248749,3
54250434,3
54234153,1
54239683,1
54247796,1
54226025,1
54245240,1
54246561,1
54223504,1
54240008,1
54219263,1
54230363,1
54197762,1
54236236,1
54221181,1
54254150,1
54251500,3
54251501,3
54237771,3
54218554,1
54254304,1
54185908,1
54193187,1
54246468,1
54210858,1
54223533,1
54241547,1
54250332,1
54229474,1
54226793,1
54253175,3
54253174,3
54235069,1
54248781,1
54194081,1
54094186,1
54228612,1
54242592,1
54230095,1
54229930,1
54231884,1
54093063,1
54103342,1
54222380,1
54234758,1
54195471,1
54247573,1
54219989,1
54253269,1
54246039,1
54254334,1
54234152,1
54254333,1
54217825,1
54229976,1
54207067,1
54253716,1
54152297,1
54252682,1
54247130,1
54234783,1
54233854,1
54250213,1
54250589,1
54253268,1
54257066,1
54246060,1
54166928,1
54202415,1
54172296,1
54248284,1
54211167,1
54193426,1
54248267,1
54215531,1
54223758,1
54247177,1
54226654,1
54241465,1
54244327,1
54170394,1
54232194,1
54221294,1
54108183,1
54251517,1
54239422,1
54237872,1
54235068,1
54136665,1
54184986,1
54227234,1
54242591,1
54226275,1
54250866,1
54249300,1
54211166,1
54186847,1
54212755,1
54236367,1
54218394,1
54229473,1
54261395,1
54258819,1
54218721,1
54256306,1
54243530,1
54211121,1
54231924,1
54233065,1
54220873,1
54253975,1
54255373,1
54218553,1
54219779,1
54233968,1
54231316,1
54253117,1
54248782,1
54255940,1
54258818,1
54146713,1
54261771,1
54259032,1
54261890,1
54227949,1
54229192,1
54234784,1
54208773,1
54229274,1
54250024,1
54260888,1
54247131,1
54240235,1
54228101,1
54245909,1
54242223,1
54219264,1
54250861,1
54235468,1
54248979,1
54250860,1
54235499,1
54237165,1
54252413,1
54219475,1
54241466,1
54247266,1
54233137,1
54264948,1
54233883,1
54263751,1
54250000,1
54254149,1
54256956,1
54258726,1
54242232,1
54264251,1
54246059,1
54258891,1
54235500,1
54244078,1
54239983,1
54224901,1
54253976,1
54264949,1
54239037,1
54223859,1
54240357,1
54248674,1
54244785,1
54220156,1
54261396,1
54212378,1
54239774,1
54253546,1
54229921,1
54141367,1
54234447,1
54245475,1
54231831,1
54263215,1
54207093,1
54235936,1
54154700,1
54234841,1
54262248,1
54234987,1
54256944,1
54256943,1
54210308,1
54264252,1
54264221,1
54257091,1
54220502,1
54261772,1
54246586,1
54261757,1
54241153,1
54226284,1
54229045,1
54252049,1
54183642,1
54229222,1
54251025,1
54231842,1
54245634,1
54245633,1
54225622,1
54203778,1
54248561,1
54221269,1
54233882,1
54245954,1
54255939,1
54239423,1
54243105,1
54231495,1
54253116,1
54257092,1
54264214,1
54264213,1
54242561,1
54251873,1
54238336,1
54253589,1
54235411,1
54246513,1
54270096,1
54219018,1
54260390,1
54267402,1
54243963,1
54233136,1
54262105,1
54207219,1
54251115,1
54252386,1
54251114,1
54267652,1
54222302,1
54240407,1
54266531,1
54270605,1
54262438,1
54243104,1
54246016,1
54231496,1
54247770,1
54210492,1
54080922,1
54235180,1
54235179,1
54248069,1
54249035,1
54267166,1
54246562,1
54263216,1
54248330,1
54267565,1
54231974,1
54253940,1
54200651,1
54247140,1
54264942,1
54269210,1
54251316,1
54250214,1
54223913,1
54245174,1
54249187,1
54249089,1
54249034,1
54271023,1
54243964,1
54231841,1
54267564,1
54244171,1
54264882,1
54223795,1
54245788,1
54273292,1
54233653,1
54234935,1
54264222,1
54263042,1
54253590,1
54227351,1
54243693,1
54246516,1
54256451,1
54253782,1
54248357,1
54274342,1
54273293,1
54243222,1
54259550,1
54267876,1
54243286,1
54224208,1
54245239,1
54257347,1
54248089,1
54168894,1
54271287,1
54265827,1
54270046,1
54224800,1
54271563,1
54274343,1
54248319,1
54227756,1
54248571,1
54244808,1
54270594,1
54253100,1
54254305,1
54184671,1
54220302,1
54270792,1
54256305,1
54246426,1
54227463,1
54231845,1
54190833,1
54275725,1
54227717,1
54247096,1
54266116,1
54259418,1
54124061,1
54277384,1
54233618,1
54250106,1
54245782,1
54207621,1
54250601,1
54269660,1
54272479,1
54250602,1
54205017,1
54216439,1
54278250,1
54201592,1
54230168,1
54270188,1
54248203,1
54265687,1
54240236,1
54248356,1
54229191,1
54264822,1
54263752,1
54214692,1
54240416,1
54265207,1
54253101,1
54256969,1
54257067,1
54261445,1
54270734,1
54278931,1
54247795,1
54253083,1
54265511,1
54273679,1
54257378,1
54270095,1
54271562,1
54274055,1
54244328,1
54266245,1
54278655,1
54273176,1
54250036,1
54231072,1
54258489,1
54233927,1
54220473,1
54277905,1
54191256,1
54248978,1
54275497,2
54263073,1
54108590,1
54206959,1
54254890,1
54278249,1
54204451,1
54221016,1
54273063,1
54269344,1
54262190,1
54270593,1
54233926,1
54269659,1
54257030,1
54280609,1
54195373,1
54281638,1
54270789,1
54262437,1
54261558,1
54249301,1
54248088,1
54279418,1
54243784,1
54254933,1
54251009,1
54224861,1
54268423,1
54253759,1
54219923,1
54249923,1
54270656,1
54280552,1
54278935,1
54258890,1
54276094,1
54249050,1
54265507,1
54238196,1
54263202,1
54245442,1
54248318,1
54246427,1
54242941,1
54234677,1
54237694,1
54196536,1
54269196,1
54259419,1
54199096,1
54250001,1
54278603,1
54262189,1
54281519,1
54252973,1
54258727,1
54281582,1
54273426,1
54270716,1
54266946,1
54229431,1
54283270,1
54235055,1
54239682,1
54221470,1
54239761,1
54262658,1
54251940,1
54246505,1
54251026,1
54260483,1
54257633,1
54270251,1
54257732,1
54279588,1
54264943,1
54248572,1
54259549,1
54200400,1
54263855,1
54257029,1
54266530,1
54251545,1
54273334,1
54233004,1
54269981,1
54265826,1
54281090,1
54272848,1
54281149,1
54256612,1
54281150,1
54286636,1
54221995,1
54282861,1
54236176,1
54282862,1
54245728,1
54286931,1
54285919,1
54255580,1
54270566,1
54261403,1
54284377,1
54265206,1
54259838,1
54273721,1
54210759,1
54265753,1
54231891,1
54279587,1
54234647,1
54277191,1
54278521,1
54273062,1
54274368,1
54245540,1
54267653,1
54269292,1
54240417,1
54286932,1
54261175,1
54254160,1
54261174,1
54244813,1
54286457,1
54238015,1
54283743,1
54278522,1
54266115,1
54258340,1
54275961,1
54250331,1
54260891,1
54269197,1
54248534,1
54280478,1
54288954,1
54283527,1
54212455,1
54265512,1
54260045,1
54239921,1
54265688,1
54289361,1
54281298,1
54267697,1
54278774,1
54289679,1
54289692,1
54287122,1
54273720,1
54271288,1
54276758,1
54266454,1
54268955,1
54275724,1
54247087,1
54289362,1
54279876,1
54207272,1
54264854,1
54289787,1
54256957,1
54276093,1
54270717,1
54278930,1
54280610,1
54243285,1
54261559,1
54273785,1
54259167,1
54254927,1
54279877,1
54278423,1
54271602,1
54273172,1
54286867,1
54226428,1
54278877,1
54267027,1
54275300,1
54267028,1
54268146,1
54251939,1
54268145,1
54290206,1
54261816,1
54276561,1
54249114,1
54270345,1
54248346,1
54254928,1
54293564,1
54280001,1
54281297,1
54274638,1
54214848,1
54261248,1
54258295,1
54237659,1
54294133,1
54246076,1
54285867,1
54278876,1
54246145,1
54265468,1
54276378,1
54265946,1
54273001,1
54279869,1
54270546,1
54269470,1
54270584,1
54294248,1
54294249,1
54288731,1
54251518,1
54280651,1
54280479,1
54272379,1
54206754,1
54295402,1
54286411,1
54297339,1
54235412,1
54281089,1
54265467,1
54276560,1
54290205,1
54279466,1
54138749,1
54267693,1
54240238,1
54296599,1
54274637,1
54293933,1
54266455,1
54286048,1
54270604,1
54295370,1
54295403,1
54097366,1
54265508,1
54278136,1
54271088,1
54282067,1
54283611,1
54275547,1
54250865,1
54271268,1
54253835,1
54251122,1
54253717,1
54270278,1
54289591,1
54293932,1
54292410,1
54192402,1
54288789,1
54294475,1
54217808,1
54232412,1
54272655,1
54300196,1
54298512,1
54295648,1
54300107,1
54256339,1
54275602,1
54260484,1
54275562,1
54248331,1
54248268,1
54273113,1
54263886,1
54267692,1
54278659,1
54251463,1
54294086,1
54300811,1
54284376,1
54126106,1
54251874,1
54273994,1
54268424,1
54286578,1
54293404,1
54297626,1
54286635,1
54289401,1
54289400,1
54290714,1
54296164,1
54267438,1
54296363,1
54288229,1
54296476,1
54297937,1
54273335,1
54298005,1
54298004,1
54280459,1
54281583,1
54299985,1
54295781,1
54295595,1
54271099,1
54285165,1
54229046,1
54283766,1
54282337,1
54297724,1
54294889,1
54234711,1
54296475,1
54285780,1
54264861,1
54269293,1
54267854,1
54272469,1
54300857,1
54229727,1
54270791,1
54232674,1
54261891,1
54224209,1
54295596,1
54260497,1
54255128,1
54295733,1
54276757,1
54260835,1
54270281,1
54289515,1
54281326,1
54301964,1
54264823,1
54288228,1
54301983,1
54285640,1
54284372,1
54278934,1
54284371,1
54283528,1
54212462,1
54280962,1
54292940,1
54302906,1
54304237,1
54245337,1
54251143,1
54286576,1
54277190,1
54227941,1
54285518,1
54303201,1
54296600,1
54300596,1
54285641,1
54269211,1
54296680,1
54286878,1
54298033,1
54272478,1
54286067,1
54295371,1
54306336,1
54133880,1
54294670,1
54242562,1
54302865,1
54283680,1
54254915,1
54303052,1
54290715,1
54271371,1
54304763,1
54272286,1
54284291,1
54307953,1
54283269,1
54306341,1
54284311,1
54275299,1
54299986,1
54279689,1
54209854,1
54298527,1
54259262,1
54283839,1
54234494,1
54306003,1
54274663,1
54270686,1
54284290,1
54309099,1
54259837,1
54283529,1
54174936,1
54212325,1
54262659,1
54302779,1
54253788,1
54249752,1
54303103,1
54306004,1
54304781,1
54299442,1
54291140,1
54294087,1
54289730,1
54289878,1
54191199,1
54305547,1
54302778,1
54279465,1
54301246,1
54301245,1
54285048,1
54287656,1
54304200,1
54287675,1
54288211,1
54276799,1
54246512,1
54264855,1
54286775,1
54285189,1
54307462,1
54291145,1
54292437,1
54254046,1
54296659,1
54306247,1
54283233,1
54302302,1
54277904,1
54309098,1
54283610,1
54280961,1
54287655,1
54268729,1
54289168,1
54246504,1
54271515,1
54304201,1
54293563,1
54312655,1
54311307,1
54277232,1
54312713,1
54249977,1
54291139,1
54275962,1
54294241,1
54253082,1
54289786,1
54288748,1
54270733,1
54309035,1
54246230,1
54275491,1
54313840,1
54272849,1
54308523,1
54282125,1
54293438,1
54303102,1
54293302,1
54163902,1
54291194,1
54285920,1
54277383,1
54276091,1
54270585,1
54291915,1
54229728,1
54315153,1
54270210,1
54279690,1
54283905,1
54312654,1
54293439,1
54287924,1
54289516,1
54262167,1
54272001,1
54269345,1
54298010,1
54289729,1
54249004,1
54311216,1
54270250,1
54289411,1
54316846,1
54315396,1
54245702,1
54287021,1
54298022,1
54277975,1
54311951,1
54312191,1
54283679,1
54278318,1
54309510,1
54301461,1
54270055,1
54289303,1
54294919,1
54315400,1
54251317,1
54311405,1
54302237,1
54299441,1
54284350,1
54273784,1
54282130,1
54275496,1
54301412,1
54271431,1
54275563,1
54308522,1
54303202,1
54245766,1
54270685,1
54287123,1
54313499,1
54314475,1
54287755,1
54304289,1
54245539,1
54293403,1
54309844,1
54278499,1
54299400,1
54277679,1
54313498,1
54313563,1
54291753,1
54283526,1
54261815,1
54300108,1
54287612,1
54309550,1
54286456,1
54180900,1
54300305,1
54320665,1
54268758,1
54320664,1
54300304,1
54282752,1
54244345,1
54294132,1
54283234,1
54318968,1
54322717,1
54294240,1
54309125,1
54298284,1
54320286,2
54304009,1
54318043,1
54309671,1
54305877,1
54299752,1
54308896,1
54285868,1
54307952,1
54317149,1
54298021,1
54311701,1
54237744,1
54299751,1
54314540,1
54213490,1
54297404,1
54292007,1
54254916,1
54271432,1
54308470,1
54297582,1
54304288,1
54314051,1
54312712,1
54323457,1
54316852,1
54282674,1
54286879,1
54313415,1
54300856,1
54306337,1
54306320,1
54288980,1
54174029,1
54295647,1
54300195,1
54307045,1
54300417,1
54293442,1
54321108,1
54289678,1
54299399,1
54289834,1
54306246,1
54306342,1
54283505,1
54253487,1
54265364,1
54297340,1
54250037,1
54313922,1
54315154,1
54307010,1
54319373,1
54285232,1
54316810,1
54319510,1
54307700,1
54297970,1
54303385,1
54286047,1
54265082,1
54318967,1
54284933,1
54305876,1
54279948,1
54282751,1
54304754,1
54304768,1
54327829,1
54303386,1
54280458,1
54298034,1
54308934,1
54303454,1
54313562,1
54302698,1
54322639,1
54305321,1
54313429,1
54272468,1
54328480,1
54283744,1
54325746,1
54302866,1
54316633,1
54287754,1
54316754,1
54304753,1
54304794,1
54303194,1
54280205,1
54300810,1
54303488,1
54267167,1
54300161,1
54226079,1
54305566,1
54295782,1
54306684,1
54325747,1
54169565,1
54301112,1
54300162,1
54305829,1
54305687,1
54328805,1
54315397,1
54303051,1
54312842,1
54305968,1
54326811,1
54303453,1
54314476,1
54325386,1
54328104,1
54322729,1
54309036,1
54325506,1
54270788,1
54292941,1
54309509,1
54332939,1
54319411,1
54323392,1
54311404,1
54285265,1
54271372,1
54307489,1
54330536,1
54283924,1
54323605,1
54308150,1
54312128,1
54327532,1
54313862,1
54334143,3
54312297,1
54305822,1
54286650,1
54280002,1
54308739,1
54247105,1
54305322,1
54325507,1
54297316,1
54285308,1
54335747,3
54331314,1
54308335,1
54330340,1
54320683,1
54320682,1
54322190,1
54312806,1
54253760,1
54308933,1
54311604,1
54307701,1
54326812,1
54305465,1
54303818,1
54308334,1
54302837,1
54336868,3
54335722,1
54286600,1
54328806,1
54316699,1
54291061,1
54327953,1
54297009,1
54321595,1
54276379,1
54239920,1
54320189,1
54338364,1
54265363,1
54297317,1
54338474,3
54317821,1
54300193,1
54294812,1
54316845,1
54326256,1
54314050,1
54299111,1
54301673,1
54302102,1
54286868,1
54281424,1
54314365,1
54286306,1
54112148,1
54332919,1
54305655,1
54305567,1
54299998,1
54295889,1
54339602,3
54313863,1
54297573,1
54296216,1
54337328,1
54299164,1
54330591,1
54327830,1
54284104,1
54249924,1
54325312,1
54306053,1
54333490,1
54286076,1
54237658,1
54309126,1
54322728,1
54339170,1
54323044,1
54302836,1
54328479,1
54332895,1
54331313,1
54305546,1
54341212,3
54332995,1
54335792,1
54319509,1
54319427,1
54324867,1
54278461,1
54314211,1
54311605,1
54278615,1
54315757,1
54336090,1
54260794,1
54281641,1
54332481,1
54329633,1
54318833,1
54325387,1
54321632,1
54309077,1
54316145,1
54324437,1
54320198,1
54292006,1
54332962,1
54301445,1
54341126,1
54315215,1
54333977,1
54342341,3
54306530,1
54335723,1
54294811,1
54323458,1
54289621,1
54315843,1
54341600,1
54325406,1
54327952,1
54343508,1
54309078,1
54161283,1
54278135,1
54341064,1
54342193,1
54320498,1
54297405,1
54343961,3
54312478,1
54312522,1
54307496,1
54297010,1
54286579,1
54334629,1
54319800,1
54319594,1
54340399,1
54337809,1
54330683,1
54314433,1
54325388,1
54278015,1
54277974,1
54185899,1
54328453,1
54325788,1
54313902,1
54345086,3
54287940,1
54313146,1
54316920,1
54322308,1
54316905,1
54325313,1
54328037,1
54291022,1
54322476,1
54346088,1
54325418,1
54280826,1
54270790,1
54305464,1
54291798,1
54339253,1
54346696,3
54301546,1
54308419,1
54323393,1
54293573,1
54314074,1
54337808,1
54269980,1
54299999,1
54316570,1
54294694,1
54347827,3
54301311,1
54342595,1
54334266,1
54310371,1
54343084,1
54326560,1
54329430,1
54315842,1
54347146,1
54343370,1
54296877,1
54286305,1
54349284,1
54349427,3
54345233,1
54283838,1
54336937,1
54308558,1
54321109,1
54285188,1
54337776,1
54337777,1
54338870,1
54310622,1
54322718,1
54319946,1
54328196,1
54349252,1
54317370,1
54342194,1
54302905,1
54350550,3
54319372,1
54286410,1
54333032,1
54333144,1
54309670,1
54319478,1
54334495,1
54315950,1
54325026,1
54325229,1
54313145,1
54328197,1
54327346,1
54327345,1
54320285,1
54352159,3
54313046,1
54318044,1
54312521,1
54316753,1
54348161,1
54326257,1
54337327,1
54345709,1
54289955,1
54322638,1
54330905,1
54284506,1
54319213,1
54319212,1
54313785,1
54353293,3
54311950,1
54328473,1
54301446,1
54352279,1
54296215,1
54344116,1
54344117,1
54341502,1
54333355,1
54330684,1
54351193,1
54329317,1
54345877,1
54310627,1
54329634,1
54289620,1
54345857,1
54317097,1
54349897,1
54343382,1
54354285,1
54328103,1
54343737,1
54318834,1
54328042,1
54352026,1
54320363,1
54271089,1
54332994,1
54322122,1
54352185,1
54334044,1
54354897,3
54315120,1
54333143,1
54350726,1
54329048,1
54338869,1
54330535,1
54355296,1
54332132,1
54351518,1
54281425,1
54325385,1
54330918,1
54330919,1
54314883,1
54354760,1
54356037,3
54322031,1
54323197,1
54339697,1
54322152,1
54304308,1
54330339,1
54291062,1
54355293,1
54288432,1
54341642,1
54240512,1
54306321,1
54341856,1
54351772,1
54354730,1
54357640,3
54300235,1
54322191,1
54334414,1
54353567,1
54348162,1
54312569,1
54312807,1
54319595,1
54332260,1
54307144,1
54351675,1
54358504,1
54338319,1
54333049,1
54352280,1
54346946,1
54340103,1
54316956,1
54352785,1
54336372,1
54358314,1
54358315,1
54332896,1
54354729,1
54333050,1
54352186,1
54251123,1
54338539,1
54354856,1
54320499,1
54328779,1
54350804,1
54350948,1
54142827,1
54324224,1
54321368,1
54294888,1
54314264,1
54329683,1
54332594,1
54330850,1
54344658,1
54339062,1
54330904,1
54343738,1
54353041,2
54353042,2
54361293,1
54332909,1
54338458,1
54290245,1
54333031,1
54361641,1
54342428,1
54349579,1
54344316,1
54334673,1
54362336,1
54332542,1
54332543,1
54354759,1
54358503,1
54361292,1
54341121,1
54334043,1
54298528,1
54354855,1
54309525,1
54333978,1
54191617,1
54327591,1
54347846,1
54334668,1
54341181,1
54355085,1
54312192,1
54359291,1
54356524,1
54347000,1
54355258,1
54321633,1
54362417,1
54346089,1
54330900,1
54360959,1
54362684,1
54333690,1
54327533,1
54349251,1
54339479,1
54341127,1
54328474,1
54326215,1
54331216,1
54350725,1
54337072,1
54364486,1
54285527,1
54342594,1
54273157,1
54356800,1
54333421,1
54333491,1
54349898,1
54333607,1
54324223,1
54352786,1
54363709,1
54355577,1
54344976,1
54322960,1
54305650,1
54229139,1
54361719,1
54323430,1
54326172,1
54353539,1
54355158,1
54240101,1
54344286,1
54356829,1
54365033,1
54365034,1
54366384,1
54343381,1
54365844,1
54358757,1
54325789,1
54343982,1
54352288,1
54360590,1
54340116,1
54366126,1
54360591,1
54366125,1
54345876,1
54343292,1
54333606,1
54347350,1
54362872,1
54343845,1
54341120,1
54368808,1
54363426,1
54351771,1
54343507,1
54327007,1
54368308,1
54327324,1
54303817,1
54361486,1
54335708,1
54355939,1
54350881,1
54350803,1
54335887,1
54355215,1
54327778,1
54363425,1
54344315,1
54347221,1
54343531,1
54327103,1
54368309,1
54330225,1
54363848,1
54346587,1
54336835,1
54341088,1
54343934,1
54365789,1
54364129,1
54332941,1
54368576,1
54332942,1
54367139,1
54352203,1
54359033,1
54327790,1
54313976,1
54338615,1
54362217,1
54347147,1
54352591,1
54346188,1
54330622,1
54346189,1
54340659,1
54335477,1
54352015,1
54360404,1
54363212,1
54371379,1
54367138,1
54364643,1
54355322,1
54371894,1
54347309,1
54326019,1
54365740,1
54347847,1
54343862,1
54347942,1
54337216,1
54342429,1
54372707,1
54338614,1
54339836,1
54353787,1
54343089,1
54352450,1
54340398,1
54346987,1
54340317,1
54302303,1
54346157,1
54371895,1
54348823,1
54332910,1
54343844,1
54374189,1
54307365,1
54355295,1
54365015,1
54375839,1
54346960,1
54307497,1
54346156,1
54347351,1
54246075,1
54279095,1
54343851,1
54316632,1
54366858,1
54339480,1
54372708,1
54318030,1
54287939,1
54356759,1
54355182,1
54337647,1
54341509,1
54345710,1
54367771,1
54347163,1
54349769,1
54351517,1
54373544,1
54374649,1
54351676,1
54300043,1
54377505,1
54341193,1
54338320,1
54355084,1
54341501,1
54355159,1
54359316,1
54341510,1
54371655,1
54373560,1
54376288,1
54357063,1
54371919,1
54300044,1
54308471,1
54360339,1
54366857,1
54335673,1
54296364,1
54342626,1
54374188,1
54378454,1
54349743,1
54312979,1
54352481,1
54347175,1
54355375,1
54330807,1
54356969,1
54347162,1
54330808,1
54343536,1
54311845,1
54368801,1
54352204,1
54379731,1
54372815,1
54231973,1
54364642,1
54343006,1
54340102,1
54365016,1
54378545,1
54366224,1
54376287,1
54366350,1
54355433,1
54355594,1
54334674,1
54371656,1
54377101,1
54352590,1
54381624,1
54288979,1
54358030,1
54355434,1
54369082,1
54378941,1
54342068,1
54356231,1
54343850,1
54333185,1
54338540,1
54367288,1
54382392,1
54353568,1
54357831,1
54371631,1
54358127,1
54381623,1
54347400,1
54344823,1
54363123,1
54368577,1
54374051,1
54328454,1
54364904,1
54377218,1
54366351,1
54382775,1
54237837,1
54385936,1
54335707,1
54343749,1
54364212,1
54323005,1
54364315,1
54381390,1
54359292,1
54382569,1
54375934,1
54355562,1
54313428,1
54379207,1
54355809,1
54384824,1
54338459,1
54352371,1
54346945,1
54378546,1
54367770,1
54296872,1
54351194,1
54366385,1
54387014,1
54343369,1
54363710,1
54388362,1
54327325,1
54352864,1
54369654,1
54363231,1
54361500,1
54341495,1
54334596,1
54359158,1
54300262,1
54359447,1
54381506,1
54336373,1
54227186,1
54346646,1
54349499,1
54341938,1
54365739,1
54388663,1
54388591,1
54344977,1
54387604,1
54364094,1
54339837,1
54363232,1
54371491,1
54323972,1
54314265,1
54336105,1
54376411,1
54385488,1
54362635,1
54361220,1
54363911,1
54363912,1
54334267,1
54306683,1
54305656,1
54353540,1
54368735,1
54375790,1
54355257,1
54343007,1
54340418,1
54366410,1
54360960,1
54372270,1
54357482,1
54365835,1
54364316,1
54319374,1
54359159,1
54354048,1
54237289,1
54369083,1
54381581,1
54381702,1
54341939,1
54355938,1
54365839,1
54359232,1
54372839,1
54393564,1
54365311,1
54373713,1
54355323,1
54382836,1
54361009,1
54294474,1
54372052,1
54393036,1
54349361,1
54361221,1
54343981,1
54352214,1
54341296,1
54365919,1
54379659,1
54368722,1
54379660,1
54375373,1
54368800,1
54373153,1
54362335,1
54389469,1
54378686,1
54332243,1
54344527,1
54366428,1
54362873,1
54391101,1
54343861,1
54392973,1
54372004,1
54364077,1
54361431,1
54391447,1
54374050,1
54364128,1
54364453,1
54375574,1
54296871,1
54375838,1
54360756,1
54373545,1
54373287,1
54398381,1
54357658,1
54360403,1
54365788,1
54375089,1
54358922,1
54375372,1
54331621,1
54309669,1
54397273,1
54397484,1
54376174,1
54398382,1
54358302,1
54351852,1
54289879,1
54395646,1
54369431,1
54363086,1
54365836,1
54356000,1
54371378,1
54356138,1
54399882,1
54364487,1
54365840,1
54344287,1
54368953,1
54382484,1
54382617,1
54399100,1
54377390,1
54346406,1
54314532,1
54380390,1
54341135,1
54398541,1
54393047,1
54366969,1
54374154,1
54394501,1
54385131,1
54375603,1
54367681,1
54371620,1
54379748,1
54381391,1
54375791,1
54371532,1
54400606,1
54376057,1
54378687,1
54373298,1
54397906,1
54393769,1
54400993,3
54370920,1
54339169,1
54377506,1
54362979,1
54375002,1
54304236,1
54380853,1
54382491,1
54378587,1
54371825,1
54378984,1
54384476,1
54276220,1
54384437,1
54249005,1
54364078,1
54376586,1
54403977,1
54375278,1
54374153,1
54316919,1
54345570,1
54368807,1
54382568,1
54398843,1
54397907,1
54373154,1
54362498,1
54349937,1
54403856,1
54305463,1
54352863,1
54401290,1
54380736,1
54387583,1
54375279,1
54401462,1
54401381,1
54397274,1
54379730,1
54375577,1
54328997,1
54359315,1
54385419,1
54373367,1
54399101,1
54403393,1
54381582,1
54341784,1
54349209,1
54379470,1
54368723,1
54398526,1
54366004,1
54371405,1
54405415,1
54367273,1
54361642,1
54390663,1
54381323,1
54293419,1
54384268,1
54387013,1
54268040,1
54276584,1
54404918,1
54377557,1
54404917,1
54398540,1
54330501,1
54382403,1
54335899,1
54382483,1
54382492,1
54362218,1
54403069,1
54397838,1
54393563,1
54381705,1
54371015,1
54345807,1
54382776,1
54377150,1
54370919,1
54298089,1
54403857,1
54406588,1
54363847,1
54324617,1
54398579,1
54384939,1
54398616,1
54372324,1
54399621,1
54391545,1
54408251,1
54385032,1
54407068,1
54389468,1
54385215,1
54381193,1
54358058,1
54407233,1
54386806,1
54380005,1
54381701,1
54384528,1
54357305,1
54333689,1
54398580,1
54353516,1
54397248,1
54368752,1
54361792,1
54337215,1
54407316,1
54362797,1
54351851,1
54352027,1
54398406,1
54388579,1
54391546,1
54407903,1
54346620,1
54410926,1
54412369,1
54398617,1
54368751,1
54265023,1
54406091,1
54296878,1
54378816,1
54388363,1
54377842,1
54410801,1
54394344,1
54390467,1
54385116,1
54349578,1
54408252,1
54274868,1
54390843,1
54396307,1
54374342,1
54384477,1
54261404,1
54341738,1
54365540,1
54366409,1
54396504,1
54313784,1
54412190,1
54395812,1
54412189,1
54343905,1
54395856,1
54354862,1
54387584,1
54410800,1
54406798,1
54382393,1
54412370,1
54393259,1
54389154,1
54389391,1
54390776,1
54404591,1
54397839,1
54379206,1
54410074,1
54371975,1
54378985,1
54376699,1
54399622,1
54398439,1
54394301,1
54387594,1
54372842,1
54341087,1
54393321,1
54397317,1
54371490,1
54397485,1
54405734,1
54379749,1
54377174,1
54380004,1
54396315,1
54410073,1
54417408,1
54377558,1
54415792,1
54393037,1
54394300,1
54413494,1
54391433,1
54401513,1
54388031,1
54401512,1
54345808,1
54384267,1
54395135,1
54356760,1
54380091,1
54415793,1
54387613,1
54417622,1
54413350,1
54416083,1
54366807,1
54380438,1
54271098,1
54387719,1
54399937,1
54415038,1
54341297,1
54367289,1
54393322,1
54388002,1
54356799,1
54380053,1
54417409,1
54396457,1
54401130,1
54417623,1
54391186,1
54415901,1
54407904,1
54418784,1
54341065,1
54381216,1
54419748,1
54349936,1
54399156,1
54396366,1
54392646,1
54358257,1
54380657,1
54346586,1
54397247,1
54378247,1
54389237,1
54413718,1
54375578,1
54417931,1
54418125,1
54422784,1
54411739,1
54409396,1
54391444,1
54357761,1
54415124,1
54392206,1
54409782,1
54397186,1
54405635,1
54417039,1
54403381,1
54393768,1
54418309,1
54406515,1
54371974,1
54411904,1
54401317,1
54421519,1
54402105,1
54405634,1
54420691,1
54401741,1
54146359,1
54359760,1
54389575,1
54398440,1
54380241,1
54387718,1
54398744,1
54411208,1
54390704,1
54404534,1
54404668,1
54398052,1
54404667,1
54380391,1
54390404,1
54401590,1
54402677,1
54424757,1
54368952,1
54417038,1
54411583,1
54408909,1
54397027,1
54396847,1
54395811,1
54388662,1
54423394,1
54410927,1
54401589,1
54424756,1
54416653,1
54388001,1
54419723,1
54403380,1
54425242,1
54392645,1
54390009,1
54421150,1
54420258,1
54355576,1
54391452,1
54430103,1
54423395,1
54390662,1
54409780,1
54427478,1
54393465,1
54398999,1
54402972,1
54411584,1
54366808,1
54431468,1
54426033,1
54402566,1
54420547,1
54430104,1
54417930,1
54426034,1
54342857,1
54396183,1
54425241,1
54430642,1
54298009,1
54412926,1
54428236,1
54399578,1
54418785,1
54421520,1
54413181,1
54404131,1
54429950,1
54325992,1
54406797,1
54408381,1
54423307,1
54432833,1
54424881,1
54406998,1
54382402,1
54306993,1
54433308,1
54352606,1
54377100,1
54411729,1
54423650,1
54391191,1
54403976,1
54429760,1
54395886,1
54416065,1
54372816,1
54401461,1
54418017,1
54392207,1
54369061,1
54416786,1
54416931,1
54367562,1
54422553,1
54397769,1
54425347,1
54401862,1
54415556,1
54408908,1
54404736,1
54410125,1
54399707,1
54434147,1
54364101,1
54393360,1
54402453,1
54413717,1
54431605,1
54431615,1
54434376,1
54409783,1
54436142,1
54407299,1
54392735,1
54417894,1
54410733,1
54404115,1
54437015,1
54430162,1
54405735,1
54409902,1
54403231,1
54436141,1
54414531,1
54406090,1
54436286,1
54407317,1
54278014,1
54431174,1
54431175,1
54421151,1
54398525,1
54420389,1
54406759,1
54384981,1
54432829,1
54431606,1
54417904,1
54403070,1
54415374,1
54403392,1
54438875,1
54411220,1
54429084,1
54410216,1
54410239,1
54434008,1
54377841,1
54417717,1
54401291,1
54420483,1
54435387,1
54437016,1
54372484,1
54432828,1
54401541,1
54385351,1
54434506,1
54403149,1
54392366,1
54425348,1
54421089,1
54431850,1
54415527,1
54439112,1
54436475,1
54393953,1
54404953,1
54403880,1
54372271,1
54386169,1
54285431,1
54441028,1
54436922,1
54438746,1
54389390,1
54433309,1
54407300,1
54420893,1
54425544,1
54356968,1
54401117,1
54410124,1
54349208,1
54407851,1
54405430,1
54390492,1
54410564,1
54420548,1
54415039,1
54401382,1
54439774,1
54412510,1
54438356,1
54428971,1
54430559,1
54434544,1
54431851,1
54403220,1
54396365,1
54441775,1
54425519,1
54411738,1
54439371,1
54401096,1
54410240,1
54396848,1
54435114,1
54403879,1
54442402,1
54438098,1
54428601,1
54412418,1
54443730,1
54439775,1
54430161,1
54434375,1
54444354,3
54426385,1
54444355,3
54414434,1
54439372,1
54420390,1
54380854,1
54412330,1
54428565,1
54416015,1
54368660,1
54394838,1
54413803,1
54405414,1
54443719,1
54443720,1
54402925,1
54427274,1
54411237,1
54417141,1
54426240,1
54445513,3
54445514,3
54440110,1
54425543,1
54422783,1
54421088,1
54440289,1
54391100,1
54401225,1
54392974,1
54402900,1
54357686,1
54432726,1
54443855,1
54400087,1
54447096,3
54447097,3
54415526,1
54436179,1
54422632,1
54412857,1
54410241,1
54374875,1
54352092,1
54420424,1
54439564,1
54401389,1
54379469,1
54419325,1
54446469,1
54424830,1
54374341,1
54448252,3
54367188,1
54448253,3
54445543,1
54448273,1
54442847,1
54428362,1
54410049,1
54380092,1
54372213,1
54443312,1
54421317,1
54434224,1
54409525,1
54383888,1
54443729,1
54395015,1
54446778,1
54448189,1
54444168,1
54438871,1
54449826,3
54425563,1
54449827,3
54417140,1
54450098,3
54425454,1
54439450,1
54416084,1
54418733,1
54442270,1
54366135,1
54418732,1
54420564,1
54423386,1
54429870,1
54405445,1
54409731,1
54372608,1
54443765,1
54407069,1
54419339,1
54411209,1
54420830,1
54435987,1
54450987,3
54450988,3
54423651,1
54436287,1
54448358,3
54451125,3
54396734,1
54388590,1
54425908,1
54354982,1
54451471,1
54424232,1
54397157,1
54431633,1
54385016,1
54435966,1
54439891,1
54419722,1
54444252,1
54452575,3
54452574,3
54441774,1
54448272,1
54433691,1
54410041,1
54441629,1
54429120,1
54437416,1
54440053,1
54418308,1
54401116,1
54421378,1
54436815,1
54440634,1
54423308,1
54404361,1
54408148,1
54392003,1
54420829,1
54434545,1
54453734,3
54453735,3
54440109,1
54428291,1
54428235,1
54430847,1
54425453,1
54415676,1
54447531,1
54339254,1
54409395,1
54445908,1
54357666,1
54416066,1
54423444,1
54377012,1
54328780,1
54427241,1
54453424,1
54393233,1
54391448,1
54453463,1
54443766,1
54204452,1
54428972,1
54419749,1
54431832,1
54422430,1
54450984,1
54455313,3
54455312,3
54440288,1
54380052,1
54447585,1
54434146,1
54443413,1
54451785,1
54400008,1
54451869,1
54440912,1
54446365,1
54437164,1
54434505,1
54346929,1
54418018,1
54453685,1
54427974,1
54442737,1
54456485,3
54414344,1
54456484,3
54407408,1
54428363,1
54357250,1
54417595,1
54417694,1
54406802,1
54415900,1
54451470,1
54407852,1
54397156,1
54434071,1
54416060,1
54408153,1
54427477,1
54457763,1
54436046,1
54458060,3
54435986,1
54456443,1
54458059,3
54437415,1
54358301,1
54298285,1
54426729,1
54434172,1
54434072,1
54455987,1
54420631,1
54457300,1
54429869,1
54423443,1
54424882,1
54452257,1
54430641,1
54419338,1
54415450,1
54390659,1
54458047,1
54459226,3
54409732,1
54459225,3
54451003,1
54428600,1
54440633,1
54431467,1
54438104,1
54458784,1
54425890,1
54419150,1
54442700,1
54460804,3
54409901,1
54460803,3
54439451,1
54456156,1
54451868,1
54417848,1
54429949,1
54456272,1
54457764,1
54445379,1
54456444,1
54431685,1
54461963,3
54435967,1
54461964,3
54458010,1
54429149,1
54449976,1
54407275,1
54442968,1
54447430,1
54436140,1
54411999,1
54456731,1
54417695,1
54425889,1
54428795,1
54436975,1
54431614,1
54429083,1
54453805,1
54434568,1
54449990,1
54455780,1
54461494,1
54457301,1
54461553,1
54456162,1
54445378,1
54437083,1
54438874,1
54434567,1
54457953,1
54404590,1
54436454,1
54459471,1
54429766,1
54415066,1
54450477,1
54461450,1
54420482,1
54438099,1
54462832,1
54418967,1
54446468,1
54406132,1
54429150,1
54426384,1
54463747,1
54436476,1
54451580,1
54416253,1
54442184,1
54454677,1
54438389,1
54431690,1
54361791,1
54455474,1
54453813,1
54443582,1
54416254,1
54447834,1
54440911,1
54450922,1
54446777,1
54442738,1
54455412,1
54391451,1
54435386,1
54440548,1
54428726,1
54446251,1
54454620,1
54461554,1
54446807,1
54453647,1
54437165,1
54463610,1
54463609,1
54439113,1
54466518,1
54430560,1
54463920,1
54364093,1
54469611,1
54467978,1
54453228,1
54420439,1
54432767,1
54439813,1
54437082,1
54465750,1
54449316,1
54412509,1
54467399,1
54466203,1
54463481,1
54449991,1
54467456,1
54455388,1
54401097,1
54444581,1
54325228,1
54357062,1
54339555,1
54465564,1
54423159,1
54451652,1
54456273,1
54451920,1
54438192,1
54412451,1
54459049,1
54464702,1
54455473,1
54472959,1
54455389,1
54440234,1
54442967,1
54459470,1
54455781,1
54439632,1
54420563,1
54463127,1
54459050,1
54468612,1
54424555,1
54436031,1
54444251,1
54453684,1
54439968,1
54452616,1
54474581,1
54472975,1
54451045,1
54442857,1
54414532,1
54472094,1
54472093,1
54428727,1
54434097,1
54467063,1
54417893,1
54361720,1
54462982,1
54461745,1
54439892,1
54431684,1
54433035,1
54470195,1
54472976,1
54445674,1
54327102,1
54434901,1
54450476,1
54438191,1
54445172,1
54441235,1
54411314,1
54456468,1
54445544,1
54466247,1
54474708,1
54475661,1
54455663,1
54444592,1
54421180,1
54361487,1
54458662,1
54467979,1
54420375,1
54372607,1
54470961,1
54469785,1
54434412,1
54472660,1
54453790,1
54441366,1
54472903,1
54460840,1
54472991,1
54467557,1
54453127,1
54458881,1
54456119,1
54452093,1
54407088,1
54476762,1
54447967,1
54452022,1
54455040,1
54398935,1
54463816,1
54460611,1
54469080,1
54453812,1
54436016,1
54453852,1
54442949,1
54448456,1
54423093,1
54464441,1
54401542,1
54465804,1
54480961,1
54397768,1
54449576,1
54433344,1
54472902,1
54451195,1
54447639,1
54443313,1
54451579,1
54458663,1
54461493,1
54464384,1
54445250,1
54442477,1
54462981,1
54475471,1
54458048,1
54472958,1
54450077,1
54453084,1
54483185,1
54352014,1
54457150,1
54464290,1
54470962,1
54416492,1
54476592,2
54438355,1
54434171,1
54478092,1
54476763,1
54427777,1
54441552,1
54453646,1
54481220,1
54153964,1
54450395,1
54398407,1
54470678,1
54451651,1
54469787,1
54467062,1
54408119,1
54446261,1
54453425,1
54473864,1
54485007,1
54451044,1
54460570,1
54441533,1
54469081,1
54444591,1
54480074,1
54466882,1
54448949,1
54439700,1
54444902,1
54458683,1
54460620,1
54471661,1
54477318,1
54478511,1
54404130,1
54442701,1
54466248,1
54472941,1
54485330,1
54449977,1
54477317,1
54402036,1
54472992,1
54459810,1
54470896,1
54487167,1
54458684,1
54454619,1
54458783,1
54447968,1
54446470,1
54476591,1
54463128,1
54460460,1
54229294,1
54489257,1
54459176,1
54475660,1
54460794,1
54464703,1
54475832,1
54422831,1
54486846,1
54451430,1
54418535,1
54444903,1
54429765,1
54390627,1
54489958,1
54486175,1
54452256,1
54486233,1
54461618,1
54487997,1
54463404,1
54453804,1
54456472,1
54474582,1
54453788,1
54453787,1
54439190,1
54474941,1
54475787,1
54421169,1
54395647,1
54480463,1
54477683,1
54466821,1
54461498,1
54402340,1
54466883,1
54477891,1
54450634,1
54480686,1
54413021,1
54462833,1
54468237,1
54379774,1
54452021,1
54490612,1
54477052,1
54464719,1
54361430,1
54448675,1
54447883,1
54461449,1
54491689,1
54449144,1
54465803,1
54454949,1
54486434,1
54480886,1
54460459,1
54461833,1
54489152,1
54414345,1
54481089,1
54479953,1
54478389,1
54481149,1
54492048,1
54491022,1
54466517,1
54491023,1
54472336,1
54423094,1
54470715,1
54469788,1
54467223,1
54473865,1
54491688,1
54475371,1
54451921,1
54485008,1
54483668,1
54453545,1
54444396,1
54481088,1
54415675,1
54477503,1
54466569,1
54409320,1
54455941,1
54415125,1
54483447,1
54416014,1
54484944,1
54472615,1
54451950,1
54450921,1
54490552,1
54490613,1
54478168,1
54464442,1
54463403,1
54470084,1
54489258,1
54492242,1
54459473,1
54462299,1
54442161,1
54435183,1
54445249,1
54389514,1
54444167,1
54475466,1
54480944,1
54449575,1
54472940,1
54467558,1
54494873,1
54478520,1
54433692,1
54485910,1
54459472,1
54483180,1
54478862,1
54466820,1
54495704,1
54495703,1
54492821,1
54416491,1
54473880,1
54449201,1
54460569,1
54475372,1
54494874,1
54425520,1
54442858,1
54483179,1
54459767,1
54466755,1
54443372,1
54362978,1
54495482,1
54495668,1
54499868,1
54472515,1
54495943,1
54461834,1
54499247,1
54480170,1
54496642,1
54472004,1
54496575,1
54486603,1
54492264,1
54455986,1
54470938,1
54492631,1
54461499,1
54480762,1
54470897,1
54450789,1
54494428,1
54472445,1
54472618,1
54464720,1
54443856,1
54475626,1
54489431,1
54478390,1
54409392,1
54391192,1
54492263,1
54458703,1
54489885,1
54457191,1
54478863,1
54502449,1
54492632,1
54461540,1
54462848,1
54459811,1
54432832,1
54482125,1
54451956,1
54393636,1
54426311,1
54436059,1
54463746,1
54474709,1
54474659,1
54472003,1
54398491,1
54418966,1
54489721,1
54502448,1
54494280,1
54483366,1
54503951,1
54450703,1
54502722,3
54482126,1
54481103,1
54457952,1
54494733,1
54463830,1
54478521,1
54322959,1
54413351,1
54380240,1
54470677,1
54483367,1
54458826,1
54495254,1
54473717,1
54428566,1
54502583,1
54477933,1
54486061,1
54486176,1
54480685,1
54502790,1
54500021,1
54502791,1
54466204,1
54460839,1
54482822,1
54481148,1
54466754,1
54500353,1
54476173,1
54486234,1
54489959,1
54503836,1
54472583,1
54469962,1
54484943,1
54468681,1
54489124,1
54474278,1
54470048,1
54481102,1
54494789,1
54503122,1
54444582,1
54478936,1
54483186,1
54446260,1
54475447,1
54482701,1
54483669,1
54507089,1
54480073,1
54478510,1
54474940,1
54442212,1
54407568,1
54486847,1
54503640,1
54487168,1
54456043,1
54492765,1
54465565,1
54505489,1
54504067,1
54446589,1
54492049,1
54453553,1
54472078,1
54483824,1
54467455,1
54504730,1
54418534,1
54421655,1
54500486,1
54402339,1
54466923,1
54505313,1
54490015,1
54490014,1
54486256,1
54504105,1
54464395,1
54503952,1
54508204,1
54480945,1
54449745,1
54501979,1
54502039,1
54473716,1
54492883,1
54503639,1
54490146,1
54459766,1
54506687,1
54508175,1
54456330,1
54480169,1
54504755,1
54502018,1
54475796,1
54415619,1
54503121,1
54489432,1
54437491,1
54503205,1
54464231,1
54478821,1
54483156,1
54511801,1
54456042,1
54510710,1
54511802,1
54483400,1
54445056,1
54489945,1
54493163,1
54476368,1
54491746,1
54507352,1
54504680,1
54512990,1
54486680,1
54442941,1
54453154,1
54477890,1
54478027,1
54486257,1
54480902,1
54454862,1
54495944,1
54505666,1
54504430,1
54483825,1
54459177,1
54494790,1
54481283,1
54508571,1
54451431,1
54491349,1
54508676,1
54459962,1
54354983,1
54483448,1
54480707,1
54492777,1
54510929,1
54480962,1
54504068,1
54476629,1
54471662,1
54498713,1
54478119,1
54482926,1
54444271,1
54492273,1
54458666,1
54492776,1
54464230,1
54483399,1
54513628,1
54497310,1
54502720,1
54515146,1
54453554,1
54395076,1
54489297,1
54104708,4
54492414,1
54514487,1
54488855,1
54503835,1
54484719,1
54451951,1
54508296,1
54497343,1
54496362,1
54502047,1
54510554,1
54492778,1
54479063,1
54510764,1
54408174,1
54457871,1
54496059,1
54507090,1
54499248,1
54513988,1
54494734,1
54515693,1
54458298,1
54483960,1
54489296,1
54475833,1
54458667,1
54468012,1
54510553,1
54475113,1
54467078,1
54510870,1
54508167,1
54500015,1
54472659,1
54500039,1
54486433,1
54487741,1
54491941,1
54494655,1
54490553,1
54485311,1
54492083,1
54522139,1
54502046,1
54475696,1
54492501,1
54442211,1
54507916,1
54499756,1
54490147,1
54521668,1
54482153,1
54519163,1
54510942,1
54508267,1
54491937,1
54494656,1
54496363,1
54507322,1
54482823,1
54502038,1
54510407,1
54347310,1
54462298,1
54499678,1
54516079,1
54492502,1
54447597,1
54499677,1
54502542,1
54503747,1
54520268,1
54467113,1
54497348,1
54478214,1
54511252,1
54460645,1
54493639,1
54482700,1
54522140,1
54418200,1
54486679,1
54486009,1
54510711,1
54486060,1
54518985,1
54495481,1
54450670,1
54456111,1
54406803,1
54460199,1
54523299,1
54480865,1
54500033,1
54491942,1
54516669,1
54516670,1
54494837,1
54514010,1
54504739,1
54475786,1
54503534,1
54492822,1
54506151,1
54494318,1
54488856,1
54491535,1
54510869,1
54495864,1
54498521,1
54463482,1
54471479,1
54510930,1
54508343,1
54508397,1
54527594,1
54508581,1
54481323,1
54486649,1
54390008,1
54497872,1
54518790,1
54491335,1
54500565,1
54524272,1
54516120,1
54494319,1
54484720,1
54502575,1
54473641,1
54432846,1
54498520,1
54524668,1
54523538,1
54524667,1
54494669,1
54522157,1
54508570,1
54516705,1
54490847,1
54518809,1
54526971,1
54486924,1
54492413,1
54495174,1
54528239,1
54529920,1
54505312,1
54502584,1
54511131,1
54526391,1
54511085,1
54523603,1
54505667,1
54502019,1
54521183,1
54426730,1
54500516,1
54480708,1
54502460,1
54486925,1
54491534,1
54524435,1
54527217,1
54506516,1
54524589,1
54523403,1
54526074,1
54456331,1
54509879,1
54494670,1
54509851,1
54463687,1
54491009,1
54501978,1
54458111,1
54508474,1
54516632,1
54473125,1
54503533,1
54354863,1
54525306,1
54529722,1
54524273,1
54528238,1
54502612,1
54517358,1
54491730,1
54503776,1
54475422,1
54508205,1
54500034,1
54508388,1
54504754,1
54530376,1
54529492,1
54491385,1
54500487,1
54508984,1
54507917,1
54510777,1
54520366,1
54523133,1
54483516,1
54512486,1
54534718,1
54479958,1
54500422,1
54522158,1
54497507,1
54499542,1
54532574,1
54497058,1
54521669,1
54514598,1
54497309,1
54441007,1
54501198,1
54516314,1
54487996,1
54501531,1
54507237,1
54510104,1
54496358,1
54492274,1
54503286,1
54445907,1
54495193,1
54511678,1
54506152,1
54506416,1
54492922,1
54536851,1
54497261,1
54534442,1
54526383,1
54513989,1
54533130,1
54537809,1
54413022,1
54535130,1
54506105,1
54510521,1
54527111,1
54487069,1
54506695,1
54518984,1
54514550,1
54489944,1
54497262,1
54508174,1
54532939,1
54526194,1
54534441,1
54511253,1
54522235,1
54505868,1
54475697,1
54510406,1
54484052,1
54510522,1
54508901,1
54491731,1
54506688,1
54528331,1
54524434,1
54502755,1
54506952,1
54527434,1
54519272,1
54496359,1
54530432,1
54534717,1
54505862,1
54538746,1
54522450,1
54454276,1
54517123,1
54533892,1
54505404,1
54498624,1
54531236,1
54511084,1
54521018,1
54516704,1
54540553,1
54527728,1
54540570,1
54484051,1
54499541,1
54453061,1
54541665,1
54487068,1
54538079,1
54506644,1
54502541,1
54539490,1
54530254,1
54535674,1
54491384,1
54498023,1
54541666,1
54494219,1
54446235,1
54523132,1
54458767,1
54508900,1
54532871,1
54447532,1
54503025,1
54526525,1
54530431,1
54530400,1
54542946,1
54486650,1
54497871,1
54528066,1
54473448,1
54448948,1
54475120,1
54506106,1
54502593,1
54471480,1
54523549,1
54516645,1
54541256,1
54515797,1
54523866,1
54530375,1
54505863,1
54540569,1
54499178,1
54525078,1
54529721,1
54546232,1
54517564,1
54455940,1
54514812,1
54492005,1
54532991,1
54518478,1
54518535,1
54547078,1
54519692,1
54502607,1
54518884,1
54506171,1
54524237,1
54516373,1
54521953,1
54517845,1
54497418,1
54526390,1
54514009,1
54522234,1
54456730,1
54402196,1
54538882,1
54537880,1
54487070,1
54514767,1
54525333,1
54527112,1
54506643,1
54497252,1
54524659,1
54526123,1
54512487,1
54524772,1
54511130,1
54492004,1
54524879,1
54535917,1
54496691,1
54481516,1
54458704,1
54514486,1
54527100,1
54520269,1
54532573,1
54517573,1
54549177,1
54550573,1
54549295,1
54519312,1
54529398,1
54510105,1
54529491,1
54538745,1
54519693,1
54505098,1
54532653,1
54531394,1
54550574,1
54523218,1
54531619,1
54481162,1
54542902,1
54549506,1
54523885,1
54514617,1
54529785,1
54547199,1
54551690,1
54525419,1
54282076,1
54499869,1
54512123,1
54535479,1
54499971,1
54536821,1
54520651,1
54514098,1
54535893,1
54546796,1
54522449,1
54525332,1
54505197,1
54506417,1
54528067,1
54519945,1
54554504,1
54527238,1
54512191,1
54532652,1
54516433,1
54513629,1
54527524,1
54498802,1
54516350,1
54527433,1
54526382,1
54531773,1
54504679,1
54555141,1
54529736,1
54540894,1
54540982,1
54545617,1
54540275,1
54511217,1
54549678,1
54513393,1
54547198,1
54555457,1
54525610,1
54539712,1
54510765,1
54545674,1
54553876,1
54553877,1
54519426,1
54526524,1
54523747,1
54537982,1
54514551,1
54527903,1
54530860,1
54517359,1
54473967,1
54528459,1
54522673,1
54536695,1
54524588,1
54549296,1
54530399,1
54526676,1
54496574,1
54552357,1
54492241,1
54454113,1
54557927,1
54533381,1
54536472,1
54497120,1
54549997,1
54546218,1
54480887,1
54398934,1
54528949,1
54533016,1
54545391,1
54523550,1
54523652,1
54549679,1
54527902,1
54489722,1
54523131,1
54540895,1
54498623,1
54514768,1
54545333,1
54542773,1
54535675,1
54494672,1
54533122,1
54515694,1
54546795,1
54545616,1
54546008,1
54532357,1
54533457,1
54528193,1
54529784,1
54513394,1
54544924,1
54514961,1
54528192,1
54513544,1
54554505,1
54557267,1
54524495,1
54560154,1
54512842,1
54533129,1
54534667,1
54540492,1
54546009,1
54560586,1
54533764,1
54544392,1
54538078,1
54561128,1
54551790,1
54535296,1
54563958,1
54523016,1
54530117,1
54523340,1
54499177,1
54540276,1
54524880,1
54556600,1
54563177,1
54522191,1
54535918,1
54500354,1
54448318,1
54503370,1
54562506,1
54535179,1
54518889,1
54549879,1
54534021,1
54521975,1
54493164,1
54517828,1
54561607,1
54545028,1
54561608,1
54528722,1
54531620,1
54469961,1
54523886,1
54535857,1
54559273,1
54537322,1
54534668,1
54565927,1
54565137,1
54491336,1
54500622,1
54560751,1
54559751,1
54547079,1
54547461,1
54486198,1
54559886,1
54531237,1
54532907,1
54528458,1
54564216,1
54542193,1
54517846,1
54504729,1
54559379,1
54565926,1
54538881,1
54503451,1
54555602,1
54446250,1
54559746,1
54532487,1
54514811,1
54568026,1
54181757,4
54505196,1
54550183,1
54498560,1
54528680,1
54539713,1
54526073,1
54513801,1
54533121,1
54486556,1
54533177,1
54475121,1
54543319,1
54559802,1
54531821,1
54531820,1
54532908,1
54530148,1
54559272,1
54541469,1
54530859,1
54527216,1
54519944,1
54563957,1
54549178,1
54564215,1
54532938,1
54542903,1
54563153,1
54525418,1
54529870,1
54532612,1
54563972,1
54446298,1
54513642,1
54569887,1
54537154,1
54505869,1
54456729,1
54530967,1
54533600,1
54534043,1
54130619,4
54554071,1
54516834,1
54432225,1
54555271,1
54565439,1
54544685,1
54539489,1
54501011,1
54147445,4
54541124,1
54548181,1
54550538,1
54548361,1
54556665,1
54543220,1
54567563,1
54549543,1
54514060,1
54404730,1
54554359,1
54549860,1
54551689,1
54547448,1
54544826,1
54549072,1
54528681,1
54546680,1
54535892,1
54556666,1
54570408,1
54574114,1
54500423,1
54515798,1
54463829,1
54535129,1
54532611,1
54436913,1
54534112,1
54534022,1
54560192,1
54546668,1
54552322,1
54551283,1
54575802,1
54553592,1
54573189,1
54548750,1
54446113,1
54577154,1
54544379,1
54537981,1
54563748,1
54495863,1
54546669,1
54514097,1
54533198,1
54533197,1
54542947,1
54516876,1
54565263,1
54568977,1
54445057,1
54560750,1
54503482,1
54574619,1
54536850,1
54516631,1
54534111,1
54580858,1
54505630,1
54559775,1
54527101,1
54560012,1
54547660,1
54556166,1
54566902,1
54571198,1
54497349,1
54545675,1
54559459,1
54559368,1
54509878,1
54472077,1
54511519,1
54557926,1
54559774,1
54536329,1
54530944,1
54566524,1
54546231,1
54521799,1
54537834,1
54551516,1
54491586,1
54496849,1
54555456,1
54548996,1
54569066,1
54582869,1
54546219,1
54529737,1
54567013,1
54576352,1
54527405,1
54572823,1
54530066,1
54565915,1
54540491,1
54527593,1
54489409,1
54532356,1
54549998,1
54585474,1
54550724,1
54554743,1
54582055,1
54565720,1
54562922,1
54579398,1
54564884,1
54568700,1
54514139,1
54565138,1
54554967,1
54586832,1
54549880,1
54552543,1
54561025,1
54530943,1
54554647,1
54543588,1
54567206,1
54571225,1
54553522,1
54583581,1
54560473,1
54544314,1
54561096,1
54532710,1
54563965,1
54585473,1
54539405,1
54550615,1
54543596,1
54528774,1
54550689,1
54553591,1
54563131,1
54529372,1
54583782,1
54565914,1
54559253,1
54565991,1
54555270,1
54560988,1
54559943,1
54581717,1
54579072,1
54563749,1
54554958,1
54562996,1
54558857,1
54539826,1
54563030,1
54537511,1
54529373,1
54554070,1
54537321,1
54587786,1
54533041,1
54573188,1
54522322,1
54576353,1
54551833,1
54581900,1
54571226,1
54567373,1
54589225,1
54583709,1
54576768,1
54540188,1
54526243,1
54540187,1
54587785,1
54527727,1
54483157,1
54544378,1
54537940,1
54546156,1
54566269,1
54566523,1
54563787,1
54513643,1
54562582,1
54545356,1
54546264,1
54490650,1
54553236,1
54581979,1
54591690,1
54580857,1
54567380,1
54479464,1
54565693,1
54504314,1
54561701,1
54579389,1
54556452,1
54446696,1
54559252,1
54592105,1
54576971,1
54579595,1
54516080,1
54555603,1
54539310,1
54558344,1
54592669,1
54559887,1
54534066,1
54576582,1
54568173,1
54567372,1
54563020,1
54571452,1
54543221,1
54560490,1
54570595,1
54548931,1
54537937,1
54563786,1
54592668,1
54576396,1
54557240,1
54543597,1
54567207,1
54550688,1
54556599,1
54565721,1
54554968,1
54508580,1
54567969,1
54558143,1
54562407,1
54570730,1
54569067,1
54591015,1
54554360,1
54583161,1
54540819,1
54568172,1
54597113,1
54450016,1
54512989,1
54563600,1
54549723,1
54589874,1
54568976,1
54546157,1
54598114,1
54554447,1
54556215,1
54565611,1
54518069,1
54555943,1
54552245,1
54594892,1
54589293,1
54578508,1
54568622,1
54567562,1
54568699,1
54538866,1
54496850,1
54588206,1
54595401,1
54563892,1
54554446,1
54576397,1
54585624,1
54565453,1
54563031,1
54550880,1
54568623,1
54595999,1
54537808,1
54548916,1
54533456,1
54537936,1
54563601,1
54568802,1
54583215,1
54595459,1
54573619,1
54598232,1
54593889,1
54598231,1
54542194,1
54590087,1
54572371,1
54513584,1
54569384,1
54533601,1
54553357,1
54601450,1
54548360,1
54587777,1
54571453,1
54562408,1
54581576,1
54562505,1
54589928,1
54533891,1
54588520,1
54585988,1
54565692,1
54567014,1
54594627,1
54573967,1
54559380,1
54597667,1
54507323,1
54590536,1
54586871,1
54492216,1
54552393,1
54514140,1
54568016,1
54603425,1
54571844,1
54559916,1
54598137,1
54593890,1
54551789,1
54573847,1
54599727,1
54573631,1
54588897,1
54591878,1
54587495,1
54579514,1
54587716,1
54595975,1
54571197,1
54535953,1
54598867,1
54603424,1
54604322,1
54518808,1
54568875,1
54581575,1
54570641,1
54541707,1
54532627,1
54568015,1
54539093,1
54525313,1
54574618,1
54530118,1
54605142,1
54513585,1
54575180,1
54504353,1
54527615,1
54579477,1
54600424,1
54600359,1
54590508,1
54540554,1
54593501,1
54585224,1
54567970,1
54559944,1
54566757,1
54594378,1
54562886,1
54564705,1
54605713,1
54584007,1
54601449,1
54567549,1
54576939,1
54595998,1
54463919,1
54579931,1
54563539,1
54565440,1
54606369,1
54538172,1
54599842,1
54569940,1
54578146,1
54571221,1
54594626,1
54567101,1
54576676,1
54601256,1
54587638,1
54593081,1
54598620,1
54604256,1
54544315,1
54559752,1
54543296,1
54577228,1
54577418,1
54559972,1
54565610,1
54372483,1
54585967,1
54495667,1
54582056,1
54573879,1
54609484,1
54570301,1
54608573,1
54565848,1
54606870,1
54590509,1
54546896,1
54541468,1
54559747,1
54606155,1
54551517,1
54576125,1
54573456,1
54458647,1
54546315,1
54559801,1
54584442,1
54606313,1
54581731,1
54604681,1
54606368,1
54566671,1
54536800,1
54597271,1
54589032,1
54593014,1
54594465,1
54605712,1
54593082,1
54576840,1
54611734,1
54508036,1
54584441,1
54609072,1
54566672,1
54554467,1
54555939,1
54573846,1
54560193,1
54528840,1
54546897,1
54611446,1
54611447,1
54417866,1
54611702,1
54576124,1
54598087,1
54604890,1
54561097,1
54460200,1
54562779,1
54540988,1
54576649,1
54574115,1
54586833,1
54563154,1
54406589,1
54540818,1
54587072,1
54558142,1
54610149,1
54582640,1
54588521,1
54528330,1
54591284,1
54609399,1
54599726,1
54605693,1
54593257,1
54554959,1
54581073,1
54578507,1
54579594,1
54540575,1
54563538,1
54603397,1
54590094,1
54569271,1
54582870,1
54598328,1
54590333,1
54556209,1
54576489,1
54576767,1
54595802,1
54609485,1
54593308,1
54586565,1
54606220,1
54565226,1
54552394,1
54579930,1
54555940,1
54591285,1
54611823,1
54615959,1
54595621,1
54585966,1
54617534,1
54587464,1
54608013,1
54592043,1
54612346,1
54590430,1
54604255,1
54614126,1
54566060,1
54593466,1
54582639,1
54617358,1
54614534,1
54602123,1
54564079,1
54596749,1
54597272,1
54584658,1
54314541,1
54595746,1
54579399,1
54606869,1
54585541,1
54613132,1
54613133,1
54577732,1
54605141,1
54579186,1
54595619,1
54607854,1
54601248,1
54595572,1
54607744,1
54606605,1
54591319,1
54590332,1
54620429,1
54617750,1
54620519,1
54595954,1
54617779,1
54615182,1
54396539,1
54606156,1
54584343,1
54577229,1
54569168,1
54621279,1
54532628,1
54617359,1
54591318,1
54602409,1
54593098,1
54491983,1
54597383,1
54606874,1
54620520,1
54557752,1
54586898,1
54587968,1
54566277,1
54606221,1
54600838,1
54545027,1
54592750,1
54564080,1
54617609,1
54612192,1
54583660,1
54553761,1
54618054,1
54555140,1
54619913,1
54590884,1
54585540,1
54573814,1
54554642,1
54605255,1
54602358,1
54605187,1
54621786,1
54609468,1
54616637,1
54593222,1
54603178,1
54585145,1
54607129,1
54597974,1
54614404,1
54579925,1
54598001,1
54620065,1
54604889,1
54539406,1
54624153,1
54593031,1
54568246,1
54588505,1
54589226,1
54581215,1
54608572,1
54612367,1
54603177,1
54566278,1
54598138,1
54615625,1
54590883,1
54596559,1
54588404,1
54599490,1
54615986,1
54620097,1
54518888,1
54627016,1
54598327,1
54568245,1
54571222,1
54594531,1
54603243,1
54600244,1
54592220,1
54597666,1
54593465,1
54618344,1
54595747,1
54600907,1
54614609,1
54606434,1
54613381,1
54577477,1
54624170,1
54606822,1
54563039,1
54576839,1
54587782,1
54508677,1
54529636,1
54598002,1
54446114,1
54568251,1
54542178,1
54593900,1
54621733,1
54627354,1
54612221,1
54612191,1
54601247,1
54597112,1
54605738,1
54601255,1
54612366,1
54628835,1
54628834,1
54608742,1
54614127,1
54608741,1
54587778,1
54560587,1
54630826,1
54535231,1
54295734,1
54569691,1
54595486,1
54618690,1
54615987,1
54592751,1
54625775,1
54594125,1
54457388,1
54590093,1
54535545,1
54606823,1
54602560,1
54623143,1
54599843,1
54592044,1
54626026,1
54605692,1
54626027,1
54603244,1
54619499,1
54565847,1
54579475,1
54616992,1
54609824,1
54607209,1
54623493,1
54618104,1
54585515,1
54606314,1
54568070,1
54593693,1
54581730,1
54546263,1
54621302,1
54627015,1
54596748,1
54612345,1
54627525,1
54589190,1
54616636,1
54627526,1
54533154,1
54609420,1
54631594,1
54628822,1
54568801,1
54555351,1
54603466,1
54593884,1
54568027,1
54594073,1
54629757,1
54561794,1
54610718,1
54612217,1
54600360,1
54634223,1
54589189,1
54606303,1
54610184,1
54594074,1
54614839,1
54625731,1
54595622,1
54591869,1
54633119,1
54630305,1
54634230,1
54616928,1
54631659,1
54543479,1
54562581,1
54607208,1
54608917,1
54631330,1
54617816,1
54609543,1
54192854,4
54616993,1
54593256,1
54581461,1
54514141,1
54606186,1
54578863,1
54543589,1
54631078,1
54601002,1
54631079,1
54603899,1
54583208,1
54609419,1
54605254,1
54635491,1
54621909,1
54578035,1
54612220,1
54587717,1
54494555,1
54634265,1
54631466,1
54632982,1
54615051,1
54627858,1
54570640,1
54603467,1
54590027,1
54554539,1
54637551,1
54588896,1
54581978,1
54639340,1
54625732,1
54607945,1
54620430,1
54635706,1
54609467,1
54569738,1
54600423,1
54623361,1
54503369,1
54585225,1
54612999,1
54612920,1
54524496,1
54611822,1
54618537,1
54589893,1
54585989,1
54629495,1
54538348,1
54598619,1
54596991,1
54605450,1
54619715,1
54579513,1
54611305,1
54593452,1
54615645,1
54597116,1
54555896,1
54601001,1
54610719,1
54613603,1
54618674,1
54618924,1
54619168,1
54634203,1
54593097,1
54578864,1
54601813,1
54588023,1
54601705,1
54633654,1
54604330,1
54625408,1
54584414,1
54639351,1
54619167,1
54594427,1
54596990,1
54623252,1
54622090,1
54635579,1
54605491,1
54617778,1
54631573,1
54623590,1
54599074,1
54628129,1
54610163,1
54565227,1
54639352,1
54594464,1
54600036,1
54615052,1
54632981,1
54593221,1
54615183,1
54631593,1
54631574,1
54552356,1
54447640,1
54623591,1
54599073,1
54596392,1
54623194,1
54613594,1
54611212,1
54646848,1
54615204,1
54600567,1
54631660,1
54453083,1
54619912,1
54630827,1
54372051,1
54646210,1
54620405,1
54625937,1
54633246,1
54639745,1
54646847,1
54630306,1
54480983,1
54595158,1
54576952,1
54617307,1
54643117,1
54643116,1
54643418,1
54614657,1
54618499,1
54620275,1
54631378,1
54628508,1
54633189,1
54620404,1
54639714,1
54611511,1
54595487,1
54611733,1
54619892,1
54618536,1
54621593,1
54620274,1
54643733,1
54644972,1
54600073,1
54593120,1
54590460,1
54604084,1
54645421,1
54626251,1
54604682,1
54648219,1
54577155,1
54598088,1
54621466,1
54607745,1
54590183,1
54606583,1
54640832,1
54649510,1
54608513,1
54619714,1
54533380,1
54566270,1
54611776,1
54590026,1
54554352,1
54618343,1
54573618,1
54610150,1
54651344,1
54628172,1
54614610,1
54627178,1
54618675,1
54644962,1
54622091,1
54628719,1
54614065,1
54627857,1
54646971,1
54491212,1
54644571,1
54578980,1
54587073,1
54587967,1
54628271,1
54628528,1
54621908,1
54602455,1
54628509,1
54623186,1
54647780,1
54631329,1
54652158,1
54634349,1
54616929,1
54603301,1
54590088,1
54652680,1
54633653,1
54645667,1
54580446,1
54514618,1
54583580,1
54634180,1
54594670,1
54653323,1
54592173,1
54575919,1
54575801,1
54656194,1
54634307,1
54608918,1
54653706,1
54599103,1
54655455,1
54634882,1
54633649,1
54593451,1
54614590,1
54629748,1
54606625,1
54629550,1
54621692,1
54650572,1
54634306,1
54638817,1
54628133,1
54655454,1
54628171,1
54593883,1
54610859,1
54593899,1
54614750,1
54602454,1
54620135,1
54568431,1
54621465,1
54550879,1
54556214,1
54608012,1
54657558,1
54641236,1
54636986,1
54630549,1
54590579,1
54617069,1
54601607,1
54614533,1
54633744,1
54596558,1
54658371,1
54620087,1
54599491,1
54643611,1
54639457,1
54639529,1
54631399,1
54655973,1
54491213,1
54604134,1
54586870,1
54658082,1
54642558,1
54556996,1
54623487,1
54641871,1
54634957,1
54216937,4
54652991,1
54621787,1
54635492,1
54631377,1
54638435,1
54656193,1
54658958,1
54648002,1
54456163,1
54645422,1
54604321,1
54640149,1
54615644,1
54596545,1
54593766,1
54584415,1
54535297,1
54572372,1
54624148,1
54625716,1
54622934,1
54593030,1
54659958,1
54609474,1
54635446,1
54657897,1
54576940,1
54601608,1
54625493,1
54663663,1
54632332,1
54634758,1
54629597,1
54643601,1
54629598,1
54627077,1
54664080,1
54644993,1
54661350,1
54641081,1
54623144,1
54645047,1
54623193,1
54645176,1
54592124,1
54638954,1
54663628,1
54611611,1
54658165,1
54662098,1
54600952,1
54642291,1
54568430,1
54634222,1
54634229,1
54653613,1
54653705,1
54640148,1
54637442,1
54634630,1
54615895,1
54665051,1
54610479,1
54629669,1
54643602,1
54643506,1
54606558,1
54630187,1
54643419,1
54586194,1
54639528,1
54663093,1
54661600,1
54648218,1
54622775,1
54639181,1
54615542,1
54633766,1
54667719,1
54633823,1
54665052,1
54544923,1
54654289,1
54661275,1
54661360,1
54632804,1
54649448,1
54579390,1
54456728,1
54621103,1
54620088,1
54667505,1
54634631,1
54620066,1
54602340,1
54625715,1
54651345,1
54641997,1
54588403,1
54624147,1
54644961,1
54643568,1
54663982,1
54581406,1
54617068,1
54618055,1
54630896,1
54630893,1
54609434,1
54633860,1
54632839,1
54665826,1
54645175,1
54668690,1
54642412,1
54639746,1
54634534,1
54581604,1
54629494,1
54649395,1
54636677,1
54245833,4
54632840,1
54644096,1
54549692,1
54526970,1
54601706,1
54661388,1
54668691,1
54657557,1
54647847,1
54639660,1
54631400,1
54611510,1
54638818,1
54647965,1
54636348,1
54622801,1
54618208,1
54658292,1
54628377,1
54645031,1
54662877,1
54645126,1
54650604,1
54628109,1
54670191,1
54653967,1
54554540,1
54669325,1
54626762,1
54646211,1
54636586,1
54670830,1
54661447,1
54656169,1
54660305,1
54623353,1
54585144,1
54628313,1
54540574,1
54617533,1
54618691,1
54628314,1
54528775,1
54639554,1
54669602,1
54668578,1
54628815,1
54633186,1
54581405,1
54656528,1
54670146,1
54631968,1
54654768,1
54650442,1
54658851,1
54666063,1
54653449,1
54654996,1
54675328,1
54270482,4
54647289,1
54628128,1
54647290,1
54644570,1
54622802,1
54620136,1
54636647,1
54643732,1
54666837,1
54666957,1
54650573,1
54658957,1
54644474,1
54611775,1
54659445,1
54622618,1
54644567,1
54636587,1
54617610,1
54658553,1
54655913,1
54679379,1
54680578,1
54639410,1
54639579,1
54672605,1
54646972,1
54657763,1
54644097,1
54671765,1
54598868,1
54653966,1
54682866,1
54675929,1
54659446,1
54658406,1
54636676,1
54643507,1
54639409,1
54655944,1
54673754,1
54647797,1
54632695,1
54649256,1
54629758,1
54660214,1
54649511,1
54676776,1
54635981,1
54656168,1
54650928,1
54631967,1
54639050,1
54606299,1
54669270,1
54602221,1
54602339,1
54642290,1
54646187,1
54595969,1
54682211,1
54657760,1
54647110,1
54653791,1
54661006,1
54656513,1
54620298,1
54617608,1
54684651,1
54636737,1
54638486,1
54650441,1
54617658,1
54654769,1
54661740,1
54606172,1
54663627,1
54681211,1
54602124,1
54618207,1
54508035,1
54632542,1
54643253,1
54628378,1
54650232,1
54644853,1
54608646,1
54682210,1
54631478,1
54674207,1
54657683,1
54650724,1
54666291,1
54526677,1
54663664,1
54644458,1
54686521,1
54659190,1
54681029,1
54673124,1
54664962,1
54639180,1
54672064,1
54516349,1
54633731,1
54643148,1
54632696,1
54659993,1
54686071,1
54600750,1
54660993,1
54658212,1
54593618,1
54682768,1
54636407,1
54652681,1
54622933,1
54602222,1
54684220,1
54661361,1
54668113,1
54655939,1
54655965,1
54665813,1
54652101,1
54647109,1
54629096,1
54652780,1
54615541,1
54691110,1
54655543,1
54571843,1
54681366,1
54673125,1
54649255,1
54668120,1
54670674,1
54608372,1
54655945,1
54661387,1
54644973,1
54646654,1
54652303,1
54672604,1
54661630,1
54666292,1
54644427,1
54681028,1
54601990,1
54611604,1
54667293,1
54611936,1
54505229,1
54664675,1
54689560,1
54648722,1
54626412,1
54659876,1
54625637,1
54685923,1
54668172,1
54677836,1
54675103,1
54674208,1
54665792,1
54684913,1
54595974,1
54661767,1
54663829,1
54653694,1
54656512,1
54654209,1
54633822,1
54614591,1
54650392,1
54665406,1
54641985,1
54650266,1
54658694,1
54615894,1
54685922,1
54642278,1
54655974,1
54633245,1
54670352,1
54639284,1
54692606,1
54655636,1
54581074,1
54695638,1
54692991,1
54555350,1
54663788,1
54589892,1
54688339,1
54666593,1
54684218,1
54672125,1
54662497,1
54670840,1
54687429,1
54662878,1
54684914,1
54668069,1
54662996,1
54672596,1
54680652,1
54693397,1
54649886,1
54681030,1
54690916,1
54691040,1
54600953,1
54693876,1
54695176,1
54689783,1
54667946,1
54663983,1
54668171,1
54594530,1
54660213,1
54683291,1
54694208,1
54693095,1
54674215,1
54675327,1
54663659,1
54598289,1
54640342,1
54697654,1
54677368,1
54628238,1
54670721,1
54640467,1
54665325,1
54325417,4
54669601,1
54661448,1
54698487,1
54636987,1
54642557,1
54667411,1
54671767,1
54628270,1
54661005,1
54664638,1
54585460,1
54656777,1
54669326,1
54685703,1
54659531,1
54695175,1
54670463,1
54539519,1
54692605,1
54642303,1
54698454,1
54646653,1
54649808,1
54686503,1
54691956,1
54700177,1
54669104,1
54672853,1
54650967,1
54667584,1
54682865,1
54700642,1
54665326,1
54656968,1
54653151,1
54699699,1
54662995,1
54694207,1
54679378,1
54683345,1
54649809,1
54699944,1
54682521,1
54644568,1
54628237,1
54650231,1
54633859,1
54654288,1
54652919,1
54668070,1
54698134,1
54698135,1
54655912,1
54684650,1
54655890,1
54683169,1
54703928,1
54680637,1
54594671,1
54595157,1
54628110,1
54660967,1
54623838,1
54617089,1
54682741,1
54647434,1
54665538,1
54675930,1
54644967,1
54658488,1
54673799,1
54699698,1
54704051,1
54693094,1
54703971,1
54680653,1
54658160,1
54538865,1
54677213,1
54667504,1
54700178,1
54693730,1
54663830,1
54658293,1
54705927,1
54678826,1
54613336,1
54622698,1
54698457,1
54668579,1
54688134,1
54593307,1
54686520,1
54644527,1
54611610,1
54694907,1
54418053,1
54654154,1
54663977,1
54644528,1
54704935,1
54707648,1
54684416,1
54681621,1
54670856,1
54672472,1
54655889,1
54665405,1
54611292,1
54680579,1
54683484,1
54663532,1
54543297,1
54633513,1
54683895,1
54700632,1
54677535,1
54704876,1
54659888,1
54621104,1
54684581,1
54705087,1
54669697,1
54673800,1
54691521,1
54702466,1
54490848,1
54701282,1
54676647,1
54694340,1
54675293,1
54701382,1
54636957,1
54685334,1
54685337,1
54682769,1
54669194,1
54691163,1
54702109,1
54707497,1
54665465,1
54610752,1
54699524,1
54688642,1
54707856,1
54683327,1
54652990,1
54691581,1
54659883,1
54665585,1
54565710,1
54680702,1
54606171,1
54589873,1
54658084,1
54568250,1
54689419,1
54685674,1
54684544,1
54641998,1
54668119,1
54670839,1
54710536,1
54670855,1
54687436,1
54707857,1
54705152,1
54680460,1
54710708,1
54701283,1
54627353,1
54636958,1
54516875,1
54647315,1
54660966,1
54641991,1
54655013,1
54713249,1
54691343,1
54675199,1
54679592,1
54693509,1
54633243,1
54631479,1
54710888,1
54611625,1
54644426,1
54608945,1
54650927,1
54707619,1
54666594,1
54659532,1
54713248,1
54680636,1
54710945,1
54713871,1
54654155,1
54685591,1
54669238,1
54702108,1
54634759,1
54684607,1
54659543,1
54640564,1
54670760,1
54655637,1
54684582,1
54709338,1
54650393,1
54687633,1
54706835,1
54611291,1
54702723,1
54639005,1
54612919,1
54702856,1
54702857,1
54639006,1
54625494,1
54713257,1
54679363,1
54691342,1
54694126,1
54562885,1
54703972,1
54660622,1
54676891,1
54657896,1
54685405,1
54689660,1
54677369,1
54685819,1
54651546,1
54632930,1
54672380,1
54682024,1
54684782,1
54660621,1
54693398,1
54683483,1
54683326,1
54626411,1
54713926,1
54655389,1
54663722,1
54633495,1
54623492,1
54626785,1
54656369,1
54702047,1
54688500,1
54684415,1
54699447,1
54709101,1
54709337,1
54664051,1
54670829,1
54611935,1
54633120,1
54698849,1
54685093,1
54289693,4
54649972,1
54671948,1
54666433,1
54715577,1
54669195,1
54669237,1
54719898,1
54679027,1
54661163,1
54613672,1
54717331,1
54624712,1
54668381,1
54686165,1
54709547,1
54713423,1
54712305,1
54633244,1
54720761,1
54719088,1
54675380,1
54666369,1
54690990,1
54695219,1
54653059,1
54678730,1
54700909,1
54695220,1
54632611,1
54713335,1
54606557,1
54655940,1
54720511,1
54702467,1
54694293,1
54686166,1
54630238,1
54710946,1
54691546,1
54698990,1
54608781,1
54611626,1
54634535,1
54670425,1
54640343,1
54715803,1
54717172,1
54692640,1
54639580,1
54632779,1
54674216,1
54694294,1
54723237,1
54712308,1
54721567,1
54698642,1
54693358,1
54653092,1
54692962,1
54683292,1
54720762,1
54675294,1
54641990,1
54652644,1
54663966,1
54724792,1
54680036,1
54679028,1
54694966,1
54684207,1
54693940,1
54713340,1
54646488,1
54721487,1
54710492,1
54711946,1
54716040,1
54718829,1
54705088,1
54698641,1
54698358,1
54710707,1
54614440,1
54701914,1
54685605,1
54726592,1
54640030,1
54668273,1
54678825,1
54684543,1
54705287,1
54675228,1
54603302,1
54661741,1
54683581,1
54565992,1
54619826,1
54694663,1
54669171,1
54708221,1
54686399,1
54707384,1
54632692,1
54689561,1
54684206,1
54645708,1
54655542,1
54600839,1
54708757,1
54685818,1
54695765,1
54663976,1
54692963,1
54682025,1
54688649,1
54688782,1
54695919,1
54666956,1
54707136,1
54726412,1
54691955,1
54695544,1
54698458,1
54717611,1
54675229,1
54709616,1
54695918,1
54705388,1
54685404,1
54640031,1
54678357,1
54699225,1
54660992,1
54693846,1
54702954,1
54689252,1
54661056,1
54652643,1
54729417,1
54710382,1
54714754,1
54694341,1
54622450,1
54703167,1
54697522,1
54664637,1
54663843,1
54724105,1
54703579,1
54728081,1
54697792,1
54697956,1
54677598,1
54669696,1
54691475,1
54688781,1
54649449,1
54726238,1
54709615,1
54691682,1
54727774,1
54729482,1
54677416,1
54710498,1
54639661,1
54683508,1
54729927,1
54686072,1
54704347,1
54660306,1
54724454,1
54709384,1
54675729,1
54716997,1
54733280,1
54704866,1
54612768,1
54694906,1
54692240,1
54602357,1
54698453,1
54680461,1
54711945,1
54709310,1
54699851,1
54671766,1
54677212,1
54727773,1
54695303,1
54706834,1
54694014,1
54731392,1
54706671,1
54735470,1
54734443,1
54704592,1
54705926,1
54667720,1
54724148,1
54704923,1
54706419,1
54704905,1
54668114,1
54698488,1
54731236,1
54703742,1
54725729,1
54687437,1
54712418,1
54735465,1
54657759,1
54721746,1
54689047,1
54661766,1
54726620,1
54711282,1
54736269,1
54700631,1
54694751,1
54670673,1
54668274,1
54739169,1
54710499,1
54713870,1
54548893,1
54573457,1
54735842,1
54737465,1
54708758,1
54632125,1
54707496,1
54704924,1
54705133,1
54737860,1
54691474,1
54709548,1
54704142,1
54710724,1
54525079,1
54584361,1
54729221,1
54615958,1
54682740,1
54688340,1
54703168,1
54691111,1
54736544,1
54705769,1
54730995,1
54634202,1
54691520,1
54675211,1
54682114,1
54710725,1
54731674,1
54682767,1
54692282,1
54662498,1
54644852,1
54727000,1
54731237,1
54703927,1
54718749,1
54709383,1
54721793,1
54497119,1
54630897,1
54729318,1
54653643,1
54674591,1
54732350,1
54639341,1
54713227,1
54721528,1
54729773,1
54738057,1
54712327,1
54706420,1
54720838,1
54724502,1
54658083,1
54708222,1
54628362,1
54653757,1
54697957,1
54684219,1
54692639,1
54704934,1
54713334,1
54718740,1
54727001,1
54710587,1
54715381,1
54741030,1
54688330,1
54711281,1
54696698,1
54697851,1
54747365,1
54712269,1
54720636,1
54704520,1
54710179,1
54658372,1
54701986,1
54708345,1
54726707,1
54707618,1
54724111,1
54736087,1
54747277,1
54699540,1
54737883,1
54747669,1
54710588,1
54723669,1
54719579,1
54724106,1
54640565,1
54747670,1
54726991,1
54713226,1
54714873,1
54675102,1
54713394,1
54723236,1
54724527,1
54699945,1
54626360,1
54726508,1
54670722,1
54722170,1
54717260,1
54700652,1
54717332,1
54735043,1
54747313,1
54716041,1
54693862,1
54742025,1
54744647,1
54744646,1
54747505,1
54733851,1
54744951,1
54687210,1
54748936,1
54701179,1
54726229,1
54720502,1
54731675,1
54710822,1
54633185,1
54741031,1
54722156,1
54718307,1
54688485,1
54722638,1
54721486,1
54742197,1
54739583,1
54713484,1
54710755,1
54712538,1
54732624,1
54713927,1
54701923,1
54701938,1
54718428,1
54700418,1
54713011,1
54675730,1
54723987,1
54729611,1
54692990,1
54723035,1
54721568,1
54731393,1
54715280,1
54735469,1
54749369,1
54619827,1
54693692,1
54711637,1
54702116,1
54749974,1
54747506,1
54752896,1
54709165,1
54727139,1
54699852,1
54690917,1
54719580,1
54724681,1
54724682,1
54685590,1
54711638,1
54736270,1
54681367,1
54624577,1
54739431,1
54724308,1
54748937,1
54725603,1
54682115,1
54746207,1
54726077,1
54675797,1
54729419,1
54696832,1
54758114,1
54751460,1
54691164,1
54751461,1
54704844,1
54666838,1
54719044,1
54720710,1
54751932,1
54682520,1
54743762,1
54715657,1
54718360,1
54689659,1
54723988,1
54702115,1
54716996,1
54685704,1
54714874,1
54726138,1
54728744,1
54716329,1
54723149,1
54710821,1
54716670,1
54670426,1
54733105,1
54694884,1
54653058,1
54733715,1
54759653,1
54715804,1
54752895,1
54706361,1
54721361,1
54695437,1
54759098,1
54751931,1
54708871,1
54654196,1
54709164,1
54760994,1
54722615,1
54717618,1
54762513,1
54736545,1
54670759,1
54729724,1
54632929,1
54758605,1
54753137,1
54592255,1
54723802,1
54754793,1
54754913,1
54713005,1
54726546,1
54687211,1
54732349,1
54710444,1
54752770,1
54726799,1
54734051,1
54747366,1
54762415,1
54728273,1
54718807,1
54758606,1
54746208,1
54713483,1
54710535,1
54734457,1
54720837,1
54726228,1
54739960,1
54739961,1
54756407,1
54688183,1
54584344,1
54764814,1
54732071,1
54718361,1
54713012,1
54759652,1
54671949,1
54729539,1
54752769,1
54756981,1
54764196,1
54761445,1
54724453,1
54739702,1
54727178,1
54701178,1
54726239,1
54756158,1
54724576,1
54726181,1
54611605,1
54764815,1
54740258,1
54690997,1
54760803,1
54765375,1
54736987,1
54729982,1
54720637,1
54715053,1
54718964,1
54660679,1
54704521,1
54697791,1
54707408,1
54727594,1
54721362,1
54678356,1
54754148,1
54719845,1
54758113,1
54740685,1
54702386,1
54765332,1
54765605,1
54708151,1
54629097,1
54701925,1
54701985,1
54721249,1
54696699,1
54704904,1
54699525,1
54728274,1
54727177,1
54768156,1
54768157,1
54756342,1
54751858,1
54756159,1
54762843,1
54762844,1
54707290,1
54704591,1
54682708,1
54745669,1
54741349,1
54735841,1
54721126,1
54661274,1
54719897,1
54743242,1
54724110,1
54688502,1
54683219,1
54733716,1
54754275,1
54718739,1
54742026,1
54729830,1
54719846,1
54725744,1
54765333,1
54746388,1
54729817,1
54692925,1
54717610,1
54727097,1
54750936,1
54687394,1
54729481,1
54721410,1
54753203,1
54729818,1
54725924,1
54707289,1
54686502,1
54615332,1
54722157,1
54767694,1
54692281,1
54640466,1
54773430,1
54726076,1
54661599,1
54626252,1
54722614,1
54754912,1
54721060,1
54705888,1
54770444,1
54736128,1
54717357,1
54765118,1
54663965,1
54727096,1
54725883,1
54726990,1
54756204,1
54768121,1
54772478,1
54760081,1
54754792,1
54693743,1
54726509,1
54749370,1
54683103,1
54676068,1
54738635,1
54578989,1
54745002,1
54725923,1
54739659,1
54725884,1
54724307,1
54751793,1
54737067,1
54756205,1
54710733,1
54768326,1
54745574,1
54757525,1
54749222,1
54712854,1
54745978,1
54725604,1
54769123,1
54718808,1
54771878,1
54670339,1
54736279,1
54736688,1
54751794,1
54739582,1
54765374,1
54731765,1
54768327,1
54771089,1
54633496,1
54776898,1
54674592,1
54748445,1
54749289,1
54702955,1
54704867,1
54765278,1
54718738,1
54725985,1
54758805,1
54770951,1
54753362,1
54683582,1
54742466,1
54746387,1
54771090,1
54733281,1
54721018,1
54778523,1
54697653,1
54779637,1
54752799,1
54717356,1
54699226,1
54742051,1
54729511,1
54737781,1
54718830,1
54729772,1
54772170,1
54727021,1
54740684,1
54777977,1
54746398,1
54765528,1
54753633,1
54753767,1
54721057,1
54767534,1
54746945,1
54755110,1
54708838,1
54727591,1
54756847,1
54752513,1
54733852,1
54777874,1
54743606,1
54743401,1
54753367,1
54710734,1
54778155,1
54666226,1
54622617,1
54753768,1
54776857,1
54707409,1
54743098,1
54760659,1
54704843,1
54765117,1
54740581,1
54770655,1
54740582,1
54761444,1
54752894,1
54726930,1
54776396,1
54767100,1
54729930,1
54756408,1
54754612,1
54724588,1
54641669,1
54729260,1
54779561,1
54716659,1
54779638,1
54754994,1
54721239,1
54747278,1
54733668,1
54781599,1
54723148,1
54695637,1
54642279,1
54776323,1
54735328,1
54784660,1
54739410,1
54735467,1
54720473,1
54670192,1
54748446,1
54781229,1
54732073,1
54694977,1
54733622,1
54778667,1
54775890,1
54784086,1
54769122,1
54766515,1
54718373,1
54755641,1
54766473,1
54754474,1
54777882,1
54754276,1
54751651,1
54775207,1
54744966,1
54766994,1
54780782,1
54781098,1
54771290,1
54749320,1
54771105,1
54702036,1
54778524,1
54728082,1
54749946,1
54778666,1
54787031,1
54762416,1
54763928,1
54787052,1
54733574,1
54717347,1
54753138,1
54739170,1
54783523,1
54718233,1
54759097,1
54735466,1
54721031,1
54731990,1
54745770,1
54775698,1
54782375,1
54728062,1
54747137,1
54706394,1
54766516,1
54700651,1
54776057,1
54743400,1
54688650,1
54734052,1
54753361,1
54729928,1
54715576,1
54740257,1
54705889,1
54784087,1
54766188,1
54747314,1
54784197,1
54748625,1
54776058,1
54751556,1
54787030,1
54754293,1
54746239,1
54743466,1
54773574,1
54663844,1
54768188,1
54784616,1
54734444,1
54783522,1
54688387,1
54786783,1
54740445,1
54729416,1
54706120,1
54762512,1
54782734,1
54755640,1
54728707,1
54742467,1
54757080,1
54657684,1
54737066,1
54786402,1
54782003,1
54729192,1
54765769,1
54771291,1
54741348,1
54782374,1
54776897,1
54759430,1
54689632,1
54741773,1
54755429,1
54789805,1
54786012,1
54757179,1
54767026,1
54786401,1
54753634,1
54705387,1
54765579,1
54715382,1
54608944,1
54757418,1
54744037,1
54784359,1
54751555,1
54791450,1
54787194,1
54746399,1
54787212,1
54780783,1
54739658,1
54714753,1
54743607,1
54729191,1
54762229,1
54771284,1
54793341,1
54742934,1
54705770,1
54745726,1
54733204,1
54732154,1
54770617,1
54693861,1
54793816,1
54752661,1
54758643,1
54702967,1
54783251,1
54727022,1
54787193,1
54787342,1
54791754,1
54746235,1
54795574,1
54731991,1
54761976,1
54786811,1
54738769,1
54755160,1
54733205,1
54729610,1
54790920,1
54752338,1
54793903,1
54688501,1
54741998,1
54758558,1
54796896,1
54726913,1
54736878,1
54746238,1
54733868,1
54735290,1
54779036,1
54794618,1
54705470,1
54722171,1
54767550,1
54693850,1
54626323,1
54742960,1
54784379,1
54789806,1
54763947,1
54713256,1
54788779,1
54765580,1
54712513,1
54778156,1
54757562,1
54716769,1
54770350,1
54774376,1
54787940,1
54705752,1
54796718,1
54780601,1
54776322,1
54758644,1
54777729,1
54750572,1
54799995,1
54760216,1
54726545,1
54787567,1
54675572,1
54786866,1
54714288,1
54740444,1
54765161,1
54712927,1
54793902,1
54799257,1
54742052,1
54772324,1
54744950,1
54784659,1
54729136,1
54720510,1
54772287,1
54786423,1
54771008,1
54754611,1
54718234,1
54745563,1
54641670,1
54688182,1
54787608,1
54718374,1
54723782,1
54771890,1
54737780,1
54708837,1
54784198,1
54732074,1
54709100,1
54728061,1
54784380,1
54796639,1
54750573,1
54772214,1
54791707,1
54800988,1
54768122,1
54768263,1
54741292,1
54755159,1
54765251,1
54745001,1
54772169,1
54784473,1
54772489,1
54731298,1
54757416,1
54798629,1
54803249,1
54782614,1
54642079,1
54760967,1
54802053,1
54799258,1
54710381,1
54739183,1
54788417,1
54753204,1
54802430,1
54757303,1
54801030,1
54778030,1
54789153,1
54655388,1
54775818,1
54741293,1
54760404,1
54784156,1
54721058,1
54704877,1
54696833,1
54770616,1
54803509,1
54726800,1
54765277,1
54783564,1
54765486,1
54772905,1
54690866,1
54700397,1
54760217,1
54782415,1
54796289,1
54771879,1
54715832,1
54724065,1
54747006,1
54803772,1
54798346,1
54805417,1
54798393,1
54795673,1
54783954,1
54692051,1
54768897,1
54762181,1
54749771,1
54736039,1
54781417,1
54770445,1
54765093,1
54788458,1
54755428,1
54681600,1
54805105,1
54735311,1
54767061,1
54780622,1
54761771,1
54779238,1
54757419,1
54767533,1
54716768,1
54592582,1
54737464,1
54732126,1
54761204,1
54700641,1
54749947,1
54809024,1
54728745,1
54805167,1
54802543,1
54719089,1
54773429,1
54724563,1
54786326,1
54780919,1
54701922,1
54742959,1
54663620,1
54710374,1
54710493,1
54763781,1
54744036,1
54770684,1
54772490,1
54811884,1
54735411,1
54787319,1
54802646,1
54771009,1
54761772,1
54678113,1
54604329,1
54801222,1
54806702,1
54781182,1
54773145,1
54774095,1
54773146,1
54749870,1
54764852,1
54626786,1
54752514,1
54747256,1
54784155,1
54780115,1
54802399,1
54811824,1
54778029,1
54811859,1
54811858,1
54791462,1
54777685,1
54791755,1
54759718,1
54789008,1
54789014,1
54786325,1
54702966,1
54782414,1
54749290,1
54379423,4
54811416,1
54762347,1
54747255,1
54760966,1
54808961,1
54772080,1
54791377,1
54717353,1
54802185,1
54712304,1
54784433,1
54762551,1
54811915,1
54757304,1
54814773,1
54806599,1
54810927,1
54783565,1
54790489,1
54815122,1
54782436,1
54711414,1
54807187,1
54702201,1
54769250,1
54756846,1
54772213,1
54797918,1
54806203,1
54787140,1
54772159,1
54807718,1
54781642,1
54790120,1
54736689,1
54802765,1
54679693,1
54794746,1
54699185,1
54778423,1
54811310,1
54748381,1
54790488,1
54807186,1
54790919,1
54814354,1
54717348,1
54705751,1
54803508,1
54784360,1
54776280,1
54733621,1
54784615,1
54764195,1
54794409,1
54784631,1
54772706,1
54768831,1
54764960,1
54752678,1
54763843,1
54817091,1
54814375,1
54796322,1
54799198,1
54807654,1
54756889,1
54746157,1
54779033,1
54784392,1
54781847,1
54778041,1
54775206,1
54790099,1
54756647,1
54764735,1
54793322,1
54816970,1
54785155,1
54771941,1
54810029,1
54720503,1
54818498,1
54816096,1
54781723,1
54780908,1
54820368,1
54757417,1
54393225,4
54794834,1
54731949,1
54811417,1
54796370,1
54806008,1
54747138,1
54819911,1
54765186,1
54799578,1
54798152,1
54814685,1
54800987,1
54809227,1
54778042,1
54805642,1
54761781,1
54743763,1
54793217,1
54689784,1
54803360,1
54801815,1
54769175,1
54788146,1
54789781,1
54756890,1
54810872,1
54800197,1
54688135,1
54675798,1
54700335,1
54712853,1
54695090,1
54774377,1
54796369,1
54749871,1
54789711,1
54724149,1
54793887,1
54729829,1
54798145,1
54777730,1
54802544,1
54800196,1
54811309,1
54789475,1
54771829,1
54775931,1
54818134,1
54736040,1
54807146,1
54775930,1
54692201,1
54825380,1
54788565,1
54738970,1
54807637,1
54808962,1
54778815,1
54780538,1
54791536,1
54791418,1
54819013,1
54819012,1
54809226,1
54767101,1
54803771,1
54786011,1
54822969,1
54777873,1
54780835,1
54779239,1
54748380,1
54809756,1
54756646,1
54797631,1
54797949,1
54777320,1
54630892,1
54819941,1
54819821,1
54823966,1
54793886,1
54763842,1
54754334,1
54765059,1
54821646,1
54819134,1
54821647,1
54797047,1
54827377,1
54738636,1
54797630,1
54715831,1
54770535,1
54799577,1
54817165,1
54752677,1
54815836,1
54783169,1
54807967,1
54803713,1
54827137,1
54772705,1
54677415,1
54815678,1
54825379,1
54776281,1
54770861,1
54765723,1
54828673,1
54797705,1
54815121,1
54742935,1
54806172,1
54827925,1
54804804,1
54782733,1
54817264,1
54801029,1
54825721,1
54767404,1
54781890,1
54823094,1
54658166,1
54795023,1
54825078,1
54782424,1
54788778,1
54806322,1
54794745,1
54777319,1
54781641,1
54780623,1
54827298,1
54790098,1
54802678,1
54790121,1
54731764,1
54653758,1
54757563,1
54731948,1
54713006,1
54760453,1
54785156,1
54793321,1
54742994,1
54717173,1
54784078,1
54711356,1
54826759,1
54778768,1
54800899,1
54800949,1
54829923,1
54827378,1
54778981,1
54812114,1
54803116,1
54804184,1
54798630,1
54798531,1
54670464,1
54831807,1
54831806,1
54796288,1
54829466,1
54798151,1
54807717,1
54787098,1
54791535,1
54827236,1
54785728,1
54828254,1
54819038,1
54763948,1
54827167,1
54806598,1
54700144,1
54786720,1
54767551,1
54765092,1
54785729,1
54754147,1
54805217,1
54817465,1
54835451,1
54822970,1
54817464,1
54799996,1
54802647,1
54795575,1
54835917,1
54835988,1
54768587,1
54772079,1
54783322,1
54776296,1
54812154,1
54623160,1
54833234,1
54760658,1
54797704,1
54756803,1
54791419,1
54733667,1
54766633,1
54777978,1
54800950,1
54811003,1
54789009,1
54820369,1
54628361,1
54833163,1
54837036,3
54828976,1
54803361,1
54837520,1
54793342,1
54792813,1
54828397,1
54761686,1
54831123,1
54835452,1
54828396,1
54798345,1
54687614,1
54825720,1
54823104,1
54609823,1
54839644,1
54797744,1
54765917,1
54757524,1
54762445,1
54787097,1
54801901,1
54459143,4
54824667,1
54827297,1
54766995,1
54831124,1
54795615,1
54794694,1
54813912,1
54771285,1
54804185,1
54801472,1
54816925,1
54756804,1
54778859,1
54778867,1
54814709,1
54782004,1
54841014,1
54810862,1
54803069,1
54653642,1
54812335,1
54826116,1
54759318,1
54703014,1
54787941,1
54796279,1
54842936,1
54826405,1
54765770,1
54798146,1
54814684,1
54784434,1
54792814,1
54843661,1
54821962,1
54829942,1
54838233,1
54758806,1
54754335,1
54739799,1
54711413,1
54816849,1
54734961,1
54792752,1
54813363,1
54765187,1
54813565,1
54802429,1
54824668,1
54828757,1
54694750,1
54845429,1
54798846,1
54694885,1
54809928,1
54837485,1
54803447,1
54776279,1
54761423,1
54846522,1
54806400,1
54788704,1
54745725,1
54817737,1
54842574,1
54835916,1
54782216,1
54753908,1
54819822,1
54810162,1
54816924,1
54763873,1
54846337,1
54807968,1
54846338,1
54739779,1
54806401,1
54805416,1
54810928,1
54817654,1
54814135,1
54701926,1
54814988,1
54793397,1
54806102,1
54788152,1
54817063,1
54792454,1
54807695,1
54789780,1
54806548,1
54808125,1
54843973,1
54770475,1
54796278,1
54827858,1
54778767,1
54834570,1
54796717,1
54827168,1
54798131,1
54847588,1
54824959,1
54814772,1
54784688,1
54841336,1
54787566,1
54835989,1
54711355,1
54793398,1
54772362,1
54804803,1
54829467,1
54807147,1
54773414,1
54763872,1
54792751,1
54789040,1
54769625,1
54780834,1
54723460,1
54803683,1
54820334,1
54823103,1
54844025,1
54770132,1
54743696,1
54764961,1
54798769,1
54775699,1
54827859,1
54795820,1
54820720,1
54793817,1
54748641,1
54813826,1
54633190,1
54724562,1
54786721,1
54807696,1
54810251,1
54853924,1
54803459,1
54801814,1
54818754,1
54789712,1
54740566,1
54824054,1
54848891,1
54827480,1
54806547,1
54846481,1
54834042,1
54753368,1
54855036,1
54820388,1
54825852,1
54798847,1
54800418,1
54817092,1
54779759,1
54760995,1
54693941,1
54834792,1
54754208,1
54825537,1
54798119,1
54814809,1
54794693,1
54833904,1
54797176,1
54848050,1
54822473,1
54818135,1
54814062,1
54800572,1
54777284,1
54796302,1
54819804,1
54856639,1
54825396,1
54825536,1
54815848,1
54763833,1
54835144,1
54820048,1
54836510,1
54803682,1
54814808,1
54827479,1
54847727,1
54692200,1
54708346,1
54814063,1
54768599,1
54853734,1
54793593,1
54707729,1
54855494,1
54814376,1
54828063,1
54838232,1
54840595,1
54833697,1
54850441,1
54813911,1
54841013,1
54857771,1
54794833,1
54812336,1
54798532,1
54809845,1
54859199,1
54766401,1
54859165,1
54790438,1
54814353,1
54770534,1
54789830,1
54815634,1
54732129,1
54851335,1
54813362,1
54836453,1
54803712,1
54512124,1
54828389,1
54814757,1
54820335,1
54836724,1
54850354,1
54811004,1
54835807,1
54841307,1
54724503,1
54826313,1
54782217,1
54827926,1
54809957,1
54836172,1
54853958,1
54859395,1
54826758,1
54817391,1
54858353,1
54811883,1
54850193,1
54844799,1
54830058,1
54843972,1
54802856,1
54787341,1
54808706,1
54855203,1
54825077,1
54817037,1
54797809,1
54788151,1
54779760,1
54791138,1
54777686,1
54804692,1
54760802,1
54782613,1
54826754,1
54860994,1
54811576,1
54830059,1
54815837,1
54833905,1
54822472,1
54842326,1
54792289,1
54842391,1
54814312,1
54837395,1
54759635,1
54862072,1
54778814,1
54792269,1
54862420,1
54863791,1
54735327,1
54829922,1
54843619,1
54813177,1
54798241,1
54816097,1
54789831,1
54813293,1
54846521,1
54760045,1
54842204,1
54842282,1
54759319,1
54792290,1
54845194,1
54726965,1
54835085,1
54861010,1
54785582,1
54763782,1
54820046,1
54835312,1
54810871,1
54864126,1
54835907,1
54808707,1
54828672,1
54811373,1
54814311,1
54814134,1
54806208,1
54815679,1
54814582,1
54784393,1
54826507,1
54856889,1
54863777,1
54838003,1
54829542,1
54825464,1
54817414,1
54817413,1
54823357,1
54814128,1
54840330,1
54768896,1
54809025,1
54808970,1
54865435,1
54869428,1
54805168,1
54829943,1
54864125,1
54753872,1
54792270,1
54813013,1
54859198,1
54805106,1
54795496,1
54870506,1
54856735,1
54825523,1
54803380,1
54825522,1
54861111,1
54810030,1
54850194,1
54816436,1
54831043,1
54853089,1
54838471,1
54860136,1
54759431,1
54803136,1
54797948,1
54796321,1
54669336,1
54819843,1
54869074,1
54828176,1
54838983,1
54789824,1
54840331,1
54817265,1
54788705,1
54817256,1
54871958,1
54820047,1
54851336,1
54832212,1
54783250,1
54838262,1
54854680,1
54846482,1
54842054,1
54860235,1
54846982,1
54783953,1
54866213,1
54866302,1
54745979,1
54825348,1
54855443,1
54776395,1
54796640,1
54813482,1
54797177,1
54784713,1
54862867,1
54827138,1
54857592,1
54854820,1
54666370,1
54839645,1
54795989,1
54857998,1
54632333,1
54785495,1
54831588,1
54789901,1
54776267,1
54853923,1
54798055,1
54832717,1
54796895,1
54863776,1
54791451,1
54843322,1
54844670,1
54845915,1
54835311,1
54802186,1
54749051,1
54855813,1
54830466,1
54814125,1
54823551,1
54797713,1
54850797,1
54819803,1
54851035,1
54874599,1
54755053,1
54815549,1
54700336,1
54836534,1
54811656,1
54873527,1
54848890,1
54862785,1
54797248,1
54871188,1
54850355,1
54857593,1
54863208,1
54778410,1
54834352,1
54877110,1
54877111,1
54785583,1
54874528,1
54637628,1
54824078,1
54781400,1
54837576,1
54826522,1
54876187,1
54866482,1
54873526,1
54802400,1
54872053,1
54816025,1
54829513,1
54866745,1
54872177,1
54863944,1
54839506,1
54838630,1
54846629,1
54816437,1
54803070,1
54786784,1
54863446,1
54822418,1
54786818,1
54863567,1
54802054,1
54836481,1
54826755,1
54867909,1
54798085,1
54817210,1
54819844,1
54866481,1
54819039,1
54876341,1
54816416,1
54819996,1
54750083,1
54776266,1
54833955,1
54839324,1
54806701,1
54839713,1
54827822,1
54834279,1
54853779,1
54676067,1
54710375,1
54797917,1
54603880,1
54777881,1
54843620,1
54861110,1
54846307,1
54861216,1
54862950,1
54857298,1
54858608,1
54879735,1
54767417,1
54816908,1
54834351,1
54860659,1
54822454,1
54803383,1
54852625,1
54734962,1
54873253,1
54688858,1
54838263,1
54803795,1
54880441,1
54784502,1
54859882,1
54871187,1
54823108,1
54798354,1
54833063,1
54809332,1
54775759,1
54790777,1
54842325,1
54871611,1
54795022,1
54827931,1
54859613,1
54724791,1
54862292,1
54840578,1
54822749,1
54824053,1
54880306,1
54865365,1
54850285,1
54849329,1
54858609,1
54816330,1
54876778,1
54768349,1
54844103,1
54844201,1
54850986,1
54825347,1
54785816,1
54844538,1
54823967,1
54833771,1
54869293,1
54859984,1
54872176,1
54838054,1
54833758,1
54817655,1
54833318,1
54451564,4
54883627,1
54820837,1
54855348,1
54882615,1
54885474,1
54871959,1
54813014,1
54872054,1
54828247,1
54854945,1
54732841,1
54819301,1
54749319,1
54834340,1
54866133,1
54791091,1
54601596,1
54825208,1
54874561,1
54829406,1
54878643,1
54840484,1
54828177,1
54863541,1
54873196,1
54833725,1
54832718,1
54879306,1
54879305,1
54876673,1
54871236,1
54873832,1
54846306,1
54760080,1
54806724,1
54819626,1
54822257,1
54837484,1
54877329,1
54826733,1
54803460,1
54817392,1
54765250,1
54816331,1
54739780,1
54887569,1
54857299,1
54849328,1
54875080,1
54833724,1
54585625,1
54877175,1
54825074,1
54824077,1
54795355,1
54848765,1
54869284,1
54823996,1
54859723,1
54873641,1
54880440,1
54860135,1
54875079,1
54884965,1
54860236,1
54819332,1
54848049,1
54817036,1
54845437,1
54845612,1
54775758,1
54855161,1
54797712,1
54818633,1
54866600,1
54882076,1
54854819,1
54877664,1
54467400,4
54861439,1
54884966,1
54816024,1
54866871,1
54885229,1
54868796,1
54834231,1
54861867,1
54845428,1
54822588,1
54872022,1
54859691,1
54848764,1
54858501,1
54880290,1
54873831,1
54863943,1
54893170,1
54893171,1
54893069,1
54877793,1
54455976,4
54732982,1
54667294,1
54851036,1
54856407,1
54814129,1
54874527,1
54873109,1
54826932,1
54781889,1
54821112,1
54866698,1
54870621,1
54838055,1
54871235,1
54858352,1
54876674,1
54877752,1
54891456,1
54888689,1
54789015,1
54850483,1
54861440,1
54845436,1
54851300,1
54866414,1
54693875,1
54880291,1
54865132,1
54836511,1
54883117,1
54892865,1
54890087,1
54888634,1
54843763,1
54872101,1
54858500,1
54885072,1
54863207,1
54850440,1
54669105,1
54845197,1
54893553,1
54809846,1
54894982,1
54838913,1
54818499,1
54856979,1
54866752,1
54895427,1
54858415,1
54873923,1
54809331,1
54855038,1
54839627,1
54867073,1
54893552,1
54888120,1
54827932,1
54881360,1
54873252,1
54771891,1
54880253,1
54859656,1
54803421,1
54784077,1
54856736,1
54854772,1
54880307,1
54884550,1
54881892,1
54879013,1
54881891,1
54838126,1
54850332,1
54863229,1
54801334,1
54859054,1
54877078,1
54820886,1
54842929,1
54822455,1
54888151,1
54860764,1
54864760,1
54841689,1
54845914,1
54852387,1
54828214,1
54822748,1
54840485,1
54881829,1
54892864,1
54877751,1
54849344,1
54844024,1
54855037,1
54820601,1
54867127,1
54891906,1
54800309,1
54888152,1
54787053,1
54854019,1
54896710,1
54870622,1
54752662,1
54883137,1
54881979,1
54836535,1
54863071,1
54896995,1
54866743,1
54850529,1
54868876,1
54776858,1
54883626,1
54801223,1
54864673,1
54885473,1
54868875,1
54858104,1
54820586,1
54853957,1
54781512,1
54856904,1
54865436,1
54866599,1
54859722,1
54872074,1
54898219,1
54896766,1
54844782,1
54828255,1
54876540,1
54899615,1
54816417,1
54887617,1
54876551,1
54876552,1
54851697,1
54896994,1
54820353,1
54855120,1
54812506,1
54733867,1
54900393,1
54800419,1
54774630,1
54847386,1
54695348,1
54857772,1
54896836,1
54898473,1
54879360,1
54862786,1
54704997,1
54857642,1
54867128,1
54861547,1
54850985,1
54900265,1
54903271,1
54848305,1
54856978,1
54771940,1
54902278,1
54854537,1
54879359,1
54794298,1
54896837,1
54891457,1
54879385,1
54623360,1
54814023,1
54899821,1
54888331,1
54899220,1
54772004,1
54851698,1
54872073,1
54866578,1
54896891,1
54851721,1
54869392,1
54876777,1
54836922,1
54839712,1
54875470,1
54762164,1
54851149,1
54810161,1
54893923,1
54903555,1
54899411,1
54891201,1
54873154,1
54904897,1
54887244,1
54669172,1
54860124,1
54846630,1
54860123,1
54868623,1
54858678,1
54800167,1
54820585,1
54819607,1
54781321,1
54905602,1
54875312,1
54874300,1
54857804,1
54901928,1
54901929,1
54856644,1
54811825,1
54859614,1
54888351,1
54831042,1
54888432,1
54879010,1
54859655,1
54902342,1
54855857,1
54879533,1
54876571,1
54886141,1
54857805,1
54778411,1
54893462,1
54809901,1
54455041,4
54833317,1
54832211,1
54825209,1
54907470,1
54853909,1
54860995,1
54838127,1
54906518,1
54903653,1
54896794,1
54877663,1
54863124,1
54873738,1
54876572,1
54863123,1
54897047,1
54835850,1
54822311,1
54768600,1
54893615,1
54886449,1
54858006,1
54902864,1
54903030,1
54792458,1
54829512,1
54789823,1
54865366,1
54902186,1
54910452,1
54847589,1
54882077,1
54854958,1
54866945,1
54825851,1
54666434,1
54912657,1
54814147,1
54831589,1
54901826,1
54826330,1
54817164,1
54911400,1
54818632,1
54894102,1
54874997,1
54818579,1
54875119,1
54861441,1
54765724,1
54867074,1
54793262,1
54844202,1
54859317,1
54885655,1
54833757,1
54909466,1
54864060,1
54868622,1
54883275,1
54685675,1
54912606,1
54863495,1
54832000,1
54852626,1
54877184,1
54861546,1
54881171,1
54864761,1
54775817,1
54904896,1
54868280,1
54880261,1
54828248,1
54862518,1
54906512,1
54895967,1
54899614,1
54895992,1
54890339,1
54879707,1
54822589,1
54801471,1
54866132,1
54911409,1
54856638,1
54842050,1
54894047,1
54917723,1
54910665,1
54906829,1
54861400,1
54875118,1
54866742,1
54841308,1
54789487,1
54910793,1
54836015,1
54864335,1
54866123,1
54911408,1
54871848,1
54846202,1
54902185,1
54869496,1
54888701,1
54887767,1
54915233,1
54814918,1
54869823,1
54857997,1
54889607,1
54862047,1
54849800,1
54880209,1
54845875,1
54864061,1
54880551,1
54874299,1
54898962,1
54864415,1
54863494,1
54921161,1
54870641,1
54829407,1
54867974,1
54842051,1
54879123,1
54876451,1
54903721,1
54899577,1
54891490,1
54842281,1
54891719,1
54724066,1
54776777,1
54790634,1
54783323,1
54921234,1
54912279,1
54906517,1
54905079,1
54888690,1
54923356,1
54895923,1
54768187,1
54857773,1
54822256,1
54659957,1
54900266,1
54822312,1
54921160,1
54911931,1
54922918,1
54917722,1
54895993,1
54882379,1
54827235,1
54904216,1
54843762,1
54869393,1
54849564,1
54925168,1
54881172,1
54862293,1
54921189,1
54809958,1
54880274,1
54866555,1
54918625,1
54876342,1
54818578,1
54879009,1
54890398,1
54875065,1
54884982,1
54918983,1
54918982,1
54846825,1
54782425,1
54812792,1
54903029,1
54860790,1
54812437,1
54849801,1
54886448,1
54925169,1
54906048,1
54891202,1
54847385,1
54888531,1
54899578,1
54846203,1
54864098,1
54892805,1
54888530,1
54865209,1
54876178,1
54833092,1
54802625,1
54839626,1
54871847,1
54834428,1
54900428,1
54901832,1
54874598,1
54894826,1
54781423,1
54899383,1
54898218,1
54852909,1
54895732,1
54880153,1
54885840,1
54904081,1
54918828,1
54926017,1
54884996,1
54887748,1
54927042,1
54924322,1
54927147,1
54838470,1
54811372,1
54768588,1
54888084,1
54784987,1
54864827,1
54893614,1
54834485,1
54919548,1
54926618,1
54789727,1
54899221,1
54856905,1
54771828,1
54894048,1
54869260,1
54846324,1
54922993,1
54904080,1
54638953,1
54898825,1
54853160,1
54905159,1
54713651,1
54834062,1
54856406,1
54853910,1
54826506,1
54820049,1
54908826,1
54907471,1
54859396,1
54815635,1
54786074,1
54896721,1
54854959,1
54814756,1
54906646,1
54910658,1
54917636,1
54874996,1
54885071,1
54896164,1
54901396,1
54927173,1
54861746,1
54884020,1
54820887,1
54757976,1
54930612,1
54814710,1
54862046,1
54839194,1
54910451,1
54876125,1
54850180,1
54929619,1
54899511,1
54904088,1
54642080,1
54905158,1
54909339,1
54836480,1
54513471,4
54923644,1
54927641,1
54841690,1
54919549,1
54836016,1
54930611,1
54743273,1
54885654,1
54932121,1
54895039,1
54836577,1
54874709,1
54874840,1
54887243,1
54890340,1
54893068,1
54928560,1
54891491,1
54897046,1
54800457,1
54891718,1
54803420,1
54777191,1
54861747,1
54902735,1
54857854,1
54690107,1
54864581,1
54864880,1
54878338,1
54932038,1
54869297,1
54897623,1
54910349,1
54869429,1
54867872,1
54865326,1
54931238,1
54929840,1
54844030,1
54883322,1
54909657,1
54878057,1
54864826,1
54875313,1
54834280,1
54871610,1
54859055,1
54900303,1
54891977,1
54803250,1
54807228,1
54811577,1
54932227,1
54911930,1
54922917,1
54850181,1
54925641,1
54917559,1
54857686,1
54924214,1
54932382,1
54688737,1
54926016,1
54931607,1
54917637,1
54932538,1
54742995,1
54937414,1
54872789,1
54869963,1
54933414,1
54849823,1
54881830,1
54904947,1
54918626,1
54920231,1
54890484,1
54910657,1
54879884,1
54869117,1
54877328,1
54936016,1
54833772,1
54929488,1
54864906,1
54911835,1
54932428,1
54854681,1
54937907,1
54924213,1
54932381,1
54903940,1
54928546,1
54926081,1
54928515,1
54931606,1
54858007,1
54834427,1
54905490,1
54870393,1
54852910,1
54844521,1
54758351,1
54841585,1
54865139,1
54781422,1
54884021,1
54659994,1
54937721,1
54869211,1
54847341,1
54909159,1
54896676,1
54894103,1
54939323,1
54917569,1
54892965,1
54896845,1
54907850,1
54895966,1
54885942,1
54928541,1
54912172,1
54924307,1
54869298,1
54912328,1
54906912,1
54921658,1
54769174,1
54842937,1
54864580,1
54872023,1
54910325,1
54850309,1
54897981,1
54890086,1
54942131,1
54885905,1
54905000,1
54850331,1
54906830,1
54935106,1
54937902,1
54896892,1
54862304,1
54942276,1
54938030,1
54884984,1
54866746,1
54836723,1
54905491,1
54845290,1
54937299,1
54801631,1
54916495,1
54901765,1
54873195,1
54881032,1
54869075,1
54870642,1
54898270,1
54920438,1
54942130,1
54932453,1
54909658,1
54938009,1
54942354,1
54926217,1
54887954,1
54886247,1
54740189,1
54882616,1
54891893,1
54852325,1
54881108,1
54766474,1
54894827,1
54913987,1
54934910,1
54934951,1
54873194,1
54943405,1
54899798,1
54934113,1
54880538,1
54890483,1
54920495,1
54893404,1
54916245,1
54926128,1
54845193,1
54913988,1
54932120,1
54903340,1
54916938,1
54870392,1
54878584,1
54900927,1
54908901,1
54892804,1
54903720,1
54909340,1
54918877,1
54888335,1
54909473,1
54942275,1
54908030,1
54915232,1
54896954,1
54853161,1
54857643,1
54860587,1
54872997,1
54889069,1
54803135,1
54947030,3
54878656,1
54866248,1
54900928,1
54864905,1
54891380,1
54947455,1
54944891,1
54874753,1
54875064,1
54912171,1
54898626,1
54942318,1
54873640,1
54932587,1
54814624,1
54934114,1
54926259,1
54806725,1
54823550,1
54688859,1
54834569,1
54873240,1
54888431,1
54907527,1
54931032,1
54946089,1
54913160,1
54932243,1
54945090,1
54880275,1
54877494,1
54910475,1
54946238,1
54917568,1
54861401,1
54868435,1
54948099,1
54884995,1
54932628,1
54883678,1
54912770,1
54877079,1
54795953,1
54897624,1
54903554,1
54877519,1
54940635,1
54950650,1
54943464,1
54937194,1
54918829,1
54938034,1
54913414,1
54844885,1
54915372,1
54944140,1
54864414,1
54873401,1
54882992,1
54899422,1
54869294,1
54917335,1
54933996,1
54939759,1
54880398,1
54904160,1
54893252,1
54814919,1
54779562,1
54844147,1
54866419,1
54677558,1
54863430,1
54858142,1
54907643,1
54875817,1
54862419,1
54902237,1
54948823,1
54951601,1
54895469,1
54946237,1
54950651,1
54938029,1
54953538,1
54906911,1
54845291,1
54792459,1
54929340,1
54937420,1
54913930,1
54903107,1
54926617,1
54942996,1
54876188,1
54947373,1
54933689,1
54885841,1
54859216,1
54903652,1
54781525,1
54928540,1
54880152,1
54942262,1
54879160,1
54950506,1
54899799,1
54951725,1
54918878,1
54943432,1
54929839,1
54838631,1
54890953,1
54900304,1
54811571,1
54893815,1
54925640,1
54937906,1
54917336,1
54859983,1
54944890,1
54904215,1
54755253,1
54900034,1
54885495,1
54817062,1
54872868,1
54921188,1
54957024,1
54925782,1
54925783,1
54951726,1
54920430,1
54956177,1
54957289,1
54849677,1
54924819,1
54867455,1
54912732,1
54864672,1
54912911,1
54910348,1
54926080,1
54880428,1
54941819,1
54903922,1
54943431,1
54915069,1
54879122,1
54934149,1
54947904,1
54581216,4
54879734,1
54722099,1
54883785,1
54930407,1
54883679,1
54937415,1
54947163,1
54880405,1
54850654,1
54881359,1
54862073,1
54702202,1
54892964,1
54922807,1
54915805,1
54943472,1
54928514,1
54895470,1
54959897,1
54926031,1
54800308,1
54705847,1
54910003,1
54910045,1
54882872,1
54942997,1
54891094,1
54865208,1
54956924,1
54941916,1
54929772,1
54913413,1
54892499,1
54946213,1
54946304,1
54932537,1
54888038,1
54846921,1
54790778,1
54866418,1
54930408,1
54920230,1
54905078,1
54874841,1
54932454,1
54928615,1
54939844,1
54888965,1
54881139,1
54912769,1
54821113,1
54921235,1
54947454,1
54942353,1
54907851,1
54940743,1
54962710,1
54951823,1
54929807,1
54806703,1
54935902,1
54899150,1
54855349,1
54894983,1
54948721,1
54953106,1
54956182,1
54946287,1
54940639,1
54945192,1
54909160,1
54924321,1
54909474,1
54926030,1
54954520,1
54959961,1
54931531,1
54909865,1
54929109,1
54854035,1
54915373,1
54943012,1
54877396,1
54951245,1
54863447,1
54854034,1
54786817,1
54893938,1
54935101,1
54922886,1
54957178,1
54956178,1
54938035,1
54935105,1
54836454,1
54964226,1
54949125,1
54723783,1
54878339,1
54929059,1
54921258,1
54929323,1
54702034,1
54900781,1
54929695,1
54943463,1
54928629,1
54931367,1
54929733,1
54896146,1
54916642,1
54910002,1
54882649,1
54940313,1
54965045,1
54966381,1
54962303,1
54883065,1
54947265,1
54950190,1
54938676,1
54929671,1
54913116,1
54962613,1
54928561,1
54814568,1
54934166,1
54950776,1
54902863,1
54911010,1
54850528,1
54861866,1
54589918,4
54872996,1
54959784,1
54850286,1
54969505,1
54955722,1
54966872,1
54937875,1
54902282,1
54890397,1
54932611,1
54886142,1
54929706,1
54935346,1
54913524,1
54904445,1
54822417,1
54967457,1
54881033,1
54962352,1
54970525,1
54902053,1
54828977,1
54956925,1
54969331,1
54929670,1
54955708,1
54948882,1
54959771,1
54936558,1
54972611,1
54937325,1
54899149,1
54908259,1
54908611,1
54872828,1
54910044,1
54927736,1
54813178,1
54970508,1
54937722,1
54952739,1
54967994,1
54885587,1
54883396,1
54901395,1
54885228,1
54866122,1
54919057,1
54974060,1
54781513,1
54885496,1
54877435,1
54926701,1
54913164,1
54954362,1
54968083,1
54972567,1
54961694,1
54951796,1
54934165,1
54975595,1
54831449,1
54940977,1
54950967,1
54885588,1
54861724,1
54891878,1
54900105,1
54869118,1
54929272,1
54865047,1
54910245,1
54859164,1
54880149,1
54941955,1
54922808,1
54973411,1
54912098,1
54926727,1
54935284,1
54877495,1
54943379,1
54950521,1
54968082,1
54961502,1
54950793,1
54920431,1
54967234,1
54972686,1
54842076,1
54946305,1
54898963,1
54918325,1
54945931,1
54932270,1
54973498,1
54942456,1
54951600,1
54976321,1
54956334,1
54786073,1
54893253,1
54844148,1
54927640,1
54950975,1
54883784,1
54943982,1
54913883,1
54956735,1
54906507,1
54928070,1
54970507,1
54910319,1
54948062,1
54932427,1
54935283,1
54943283,1
54967060,1
54959898,1
54953334,1
54954519,1
54946272,1
54928547,1
54820389,1
54958083,1
54873108,1
54903947,1
54904946,1
54969681,1
54943620,1
54962586,1
54954361,1
54979141,1
54885943,1
54942728,1
54916238,1
54833235,1
54877183,1
54979410,1
54915354,1
54937421,1
54920977,1
54934895,1
54977482,1
54962373,1
54866556,1
54880397,1
54972421,1
54948817,1
54966975,1
54964337,1
54945193,1
54945091,1
54950773,1
54924308,1
54927174,1
54937202,1
54909938,1
54974171,1
54911489,1
54953107,1
54974803,1
54972368,1
54919990,1
54966871,1
54981711,1
54980609,1
54946366,1
54929324,1
54916496,1
54915806,1
54936099,1
54971921,1
54967703,1
54860765,1
54943378,1
54907480,1
54969680,1
54981710,1
54977996,1
54975594,1
54863072,1
54948334,1
54528723,4
54935643,1
54904628,1
54968713,1
54838912,1
54842685,1
54911488,1
54940314,1
54984273,1
54939073,1
54936592,1
54874710,1
54959783,1
54932612,1
54950634,1
54929822,1
54942455,1
54980773,1
54904159,1
54927041,1
54913523,1
54941066,1
54872867,1
54976800,1
54970253,1
54903108,1
54902824,1
54913759,1
54929341,1
54973497,1
54982963,1
54959819,1
54928616,1
54942695,1
54928604,1
54983745,1
54942515,1
54961534,1
54968249,1
54823093,1
54936098,1
54943013,1
54931914,1
54872102,1
54981553,1
54947088,1
54947372,1
54952807,1
54840596,1
54944873,1
54879988,1
54913395,1
54957290,1
54954540,1
54943548,1
54951824,1
54834061,1
54938010,1
54918984,1
54819625,1
54908203,1
54985178,1
54789523,1
54854031,1
54970524,1
54963935,1
54902283,1
54939247,1
54940742,1
54964225,1
54972680,1
54978232,1
54864097,1
54841335,1
54960404,1
54953847,1
54954826,1
54987834,1
54930486,1
54880001,1
54937354,1
54858105,1
54977276,1
54859242,1
54875974,1
54895038,1
54962372,1
54960758,1
54968059,1
54987304,1
54940634,1
54976322,1
54990076,1
54976389,1
54980896,1
54987287,1
54959948,1
54989076,1
54957182,1
54918981,1
54964575,1
54882378,1
54741536,1
54945515,1
54902736,1
54923643,1
54921955,1
54985161,1
54959532,1
54900782,1
54913117,1
54984424,1
54957023,1
54897982,1
54956181,1
54987376,1
54934150,1
54980903,1
54929808,1
54983523,1
54863230,1
54968250,1
54983744,1
54939074,1
54970307,1
54933040,1
54931968,1
54847340,1
54933578,1
54991075,1
54940483,1
54992510,1
54929732,1
54854522,1
54972681,1
54872829,1
54948385,1
54937324,1
54974199,1
54940294,1
54896698,1
54900418,1
54977481,1
54904629,1
54882871,1
54918530,1
54941651,1
54884043,1
54984272,1
54943282,1
54919991,1
54899410,1
54948822,1
54948657,1
54980732,1
54902111,1
54967012,1
54995523,1
54957014,1
54967149,1
54904058,1
54994454,1
54943473,1
54896846,1
54990124,1
54980895,1
54941122,1
54722098,1
54973843,1
54952016,1
54943981,1
54951403,1
54903587,1
54948722,1
54963931,1
54972572,1
54950191,1
54942261,1
54987282,1
54942252,1
54986139,1
54917533,1
54990139,1
54959960,1
54912483,1
54554353,4
54918531,1
54936017,1
54900772,1
54896371,1
54729435,1
54811513,1
54786865,1
54889608,1
54909140,1
54948758,1
54933041,1
54988561,1
54987071,1
54985879,1
54901193,1
54998183,1
54909287,1
54967233,1
54994510,1
54926258,1
54994781,1
54950968,1
54921954,1
54902666,1
54877023,1
54991139,1
54993922,1
54872003,1
54962606,1
54996993,1
54955870,1
54907811,1
54992871,1
54924437,1
54800573,1
54971211,1
54937596,1
54920978,1
54934896,1
54998023,1
54999496,1
54996580,1
54979031,1
54997150,1
54965326,1
54869497,1
54956333,1
54970904,1
54912658,1
54954983,1
54962354,1
54989698,1
54795354,1
54996761,1
54969418,1
54603881,4
54933783,1
54941956,1
54997151,1
54998238,1
55000935,1
54994455,1
54980774,1
54968098,1
54998182,1
54992821,1
54926933,1
54943338,1
54944084,1
54743243,1
54868797,1
54948333,1
54966055,1
54829543,1
54935915,1
54975898,1
54941621,1
54940295,1
54954295,1
55003617,1
54986044,1
54992785,1
54977995,1
55002619,1
54933413,1
54929278,1
54984330,1
54969506,1
54948868,1
54947580,1
54937874,1
54937903,1
54959822,1
54858491,1
55005423,1
54967059,1
54922885,1
55000062,1
54951548,1
54990077,1
55003792,1
54987305,1
54911329,1
54850866,1
54976787,1
55004072,1
54986648,1
54941123,1
54974024,1
54896538,1
54964927,1
54891978,1
54974535,1
54944160,1
55003407,1
54556995,4
55004810,1
54945932,1
55003438,1
54998009,1
55000756,1
54993996,1
54963932,1
54933782,1
54993921,1
54854030,1
54934988,1
54998237,1
54950772,1
54951782,1
55002618,1
54965465,1
54860586,1
54945536,1
54918092,1
54890866,1
54971212,1
54940151,1
54941622,1
54907481,1
55007515,1
54927849,1
54957986,1
54947581,1
54936252,1
54998146,1
54909288,1
54987281,1
54943393,1
54916237,1
55006564,1
54979412,1
54943657,1
54979409,1
55005897,1
55007231,1
54940593,1
54982319,1
55007224,1
54888332,1
54995266,1
54996545,1
54855162,1
54966957,1
54948061,1
54987264,1
55006491,1
54884983,1
54946288,1
54913394,1
54825242,1
54966358,1
54832306,1
55007359,1
54977440,1
54968097,1
54866214,1
54975050,1
54967829,1
54992729,1
54972610,1
54978050,1
54977888,1
54966974,1
54987288,1
54950794,1
54962711,1
54983716,1
54905695,1
54915519,1
54954984,1
54721059,1
55010038,1
54787743,1
55010050,1
54888121,1
54868937,1
54928413,1
54891211,1
54979032,1
54973412,1
54941950,1
55005188,1
54958808,1
54890178,1
54981950,1
54883605,1
54905603,1
54882723,1
54922487,1
54902054,1
54931039,1
54961094,1
55003437,1
54958084,1
54951888,1
54969860,1
54986043,1
54850482,1
54959772,1
54980731,1
54858677,1
54992872,1
54896147,1
55011234,1
54983717,1
54981833,1
54942694,1
54888039,1
55012292,1
55010202,1
54993618,1
54937357,1
54866303,1
54977361,1
54980656,1
54992820,1
54983468,1
54998306,1
54978343,1
54995885,1
54962016,1
55012291,1
54995884,1
54852386,1
54955021,1
54974802,1
55007579,1
54993710,1
55014499,1
54934059,1
54994471,1
54818755,1
54997185,1
54961533,1
55005280,1
55006419,1
54917672,1
54902553,1
54992786,1
54972573,1
54939845,1
54960696,1
54963181,1
54971268,1
54900771,1
54947370,1
54955388,1
54906609,1
55006309,1
54918595,1
54998147,1
54986140,1
54998250,1
54948757,1
54955981,1
54988560,1
54998307,1
55003665,1
55005279,1
54979257,1
54943324,1
54983433,1
55017595,1
54877719,1
55013994,1
55006811,1
54776778,1
54900146,1
54882991,1
54853868,1
55010281,1
54998022,1
54899439,1
54947164,1
55008056,1
55008055,1
55002672,1
54955721,1
54936559,1
54936253,1
54980610,1
54998419,1
54977852,1
55002778,1
54981949,1
54976435,1
55014821,1
54879532,1
54808208,1
54975644,1
54926327,1
55008602,1
54974059,1
54858192,1
54853733,1
54942950,1
54965046,1
54943337,1
54968010,1
55002105,1
54970669,1
54963771,1
54985921,1
55005178,1
54988719,1
54873197,1
54940640,1
55001050,1
54967150,1
54937853,1
54977853,1
55013957,1
54953430,1
54940976,1
54766402,1
54863542,1
54993995,1
54881680,1
55018859,1
55018799,1
54978894,1
54978021,1
54833798,1
54980479,1
55019093,1
55019094,1
54978051,1
54937201,1
54761977,1
54935514,1
54967516,1
55016753,1
54987578,1
54944139,1
55006902,1
55015558,1
54937563,1
54999086,1
55013242,1
54996684,1
55020028,1
55008996,1
54988720,1
54905001,1
54972566,1
55019033,1
54994601,1
54909465,1
55019267,1
55021982,1
54967354,1
55011235,1
54968327,1
54965932,1
54857853,1
55011751,1
54982962,1
54972367,1
54970523,1
55005036,1
54981560,1
55018800,1
55011699,1
55020228,1
54985986,1
55012062,1
54984574,1
55021933,1
54901194,1
54994782,1
54978344,1
54984944,1
55025040,1
55019727,1
54948597,1
54971922,1
54988694,1
54951198,1
55000755,1
54967889,1
54969419,1
54962355,1
55022791,1
54955917,1
54996994,1
54832305,1
54998309,1
54975051,1
55022909,1
54970917,1
55011913,1
54961693,1
54896953,1
54978791,1
55021698,1
55021983,1
54969753,1
54935347,1
55001237,1
54976601,1
54960887,1
54872866,1
54881140,1
54820023,1
54970538,1
54937852,1
55019032,1
54998418,1
54955389,1
54968058,1
55019175,1
55020277,1
55017596,1
54990140,1
55024741,1
55020329,1
54972285,1
54990185,1
55020330,1
54926216,1
54940994,1
54945537,1
54918093,1
55025041,1
54973844,1
54902823,1
54986649,1
54976801,1
54974534,1
54917558,1
54989752,1
55026674,1
55006310,1
55024144,1
55026903,1
55006360,1
54976208,1
55005187,1
55028379,1
54926129,1
55003681,1
54992836,1
55020216,1
55014804,1
55017508,1
55014817,1
54943658,1
54817869,1
54975899,1
54633514,4
54971267,1
55007550,1
54917673,1
55013241,1
54977277,1
55013384,1
54991289,1
55027094,1
55006279,1
54992730,1
55027081,1
54868279,1
54991488,1
54984414,1
55021631,1
54981832,1
55016467,1
54993367,1
54938648,1
54997593,1
54977132,1
54950116,1
55007598,1
54980480,1
54989697,1
55007811,1
54977729,1
54989887,1
55005177,1
54989886,1
55003664,1
54955980,1
55028472,1
54994041,1
54992837,1
54983795,1
55031297,1
55030249,1
54982540,1
54904538,1
54967458,1
54938950,1
54940535,1
55007597,1
55024143,1
54947371,1
54934060,1
55029935,1
55018993,1
55031057,1
54964338,1
55028353,1
55031079,1
54950357,1
55027244,1
55023016,1
54957013,1
55005424,1
55028457,1
55014805,1
55030276,1
55012063,1
54956038,1
54981002,1
54995944,1
54921979,1
54943814,1
54987833,1
54986907,1
54939248,1
54943440,1
55010645,1
55013029,1
54940536,1
55033727,1
55013383,1
55000889,1
54980655,1
55008120,1
55025696,1
55030079,1
55014822,1
55032795,1
55014864,1
54951887,1
54946330,1
54994877,1
55019532,1
54976600,1
54978646,1
55033286,1
54932039,1
54979314,1
54992183,1
54962607,1
55007563,1
54970788,1
54973407,1
55033726,1
55025527,1
55031119,1
54931530,1
55033859,1
54943406,1
55027269,1
55035480,1
55027080,1
55028471,1
55016466,1
55032796,1
54992793,1
54990118,1
55028458,1
54923669,1
54992207,1
55018280,1
54974555,1
55007580,1
54966382,1
55031058,1
55031022,1
55022790,1
54936609,1
55036567,1
55028352,1
55031118,1
55034025,1
55032979,1
55022908,1
55013958,1
55025667,1
55032871,1
55009290,1
54983794,1
55034012,1
55013993,1
55023269,1
55028915,1
55028914,1
54951404,1
55031665,1
54812507,1
54862517,1
54907642,1
54903586,1
55026862,1
54978720,1
54907650,1
54961337,1
55036494,1
55031041,1
55036615,1
55035491,1
55035490,1
55036721,1
55038529,1
54932629,1
54960787,1
54912912,1
54952015,1
54947254,1
55000872,1
54970787,1
55032318,1
55011663,1
55033786,1
55036495,1
54895396,1
55031007,1
55039376,1
55030080,1
55027268,1
54912571,1
54994511,1
55028535,1
54921877,1
54882484,1
54949767,1
55011456,1
54977296,1
55014941,1
54946976,1
54967574,1
55007470,1
55030816,1
54948767,1
55035199,1
54952806,1
55030974,1
54929707,1
55024646,1
55036720,1
54955869,1
54994470,1
54935513,1
55031589,1
54861923,1
54861922,1
54992215,1
54987672,1
54941551,1
54915520,1
54953954,1
54915587,1
54911834,1
54952595,1
55014500,1
54993439,1
54999255,1
55030935,1
55032319,1
54960661,1
54934989,1
55035148,1
55038018,1
55041990,1
55027245,1
55033785,1
54952596,1
54887570,1
55025666,1
54996868,1
55001049,1
54928412,1
55012006,1
55025718,1
55004060,1
54879885,1
54997579,1
54938675,1
55009463,1
55001238,1
54724182,1
54869127,1
54973078,1
55015651,1
54930287,1
54900417,1
55040857,1
55035481,1
55021817,1
55031135,1
54866946,1
54987363,1
55039435,1
55006652,1
55032978,1
54902554,1
54924438,1
55006727,1
54901683,1
55022369,1
54990473,1
54964926,1
54963182,1
55036126,1
54996546,1
54959496,1
54944345,1
55007516,1
54950117,1
54913159,1
55007918,1
55041912,1
54963772,1
55031021,1
55033854,1
55041989,1
54995415,1
55027285,1
54959821,1
55003497,1
55039326,1
54943394,1
55003772,1
55020317,1
55033975,1
55034042,1
54897382,1
54993366,1
55028714,1
55014131,1
55005898,1
54871891,1
55023838,1
55026822,1
54952558,1
55021470,1
55043383,1
54970641,1
54879706,1
55028380,1
55036614,1
55014839,1
54979258,1
54992102,1
54957587,1
54837521,1
54994886,1
55037802,1
54991288,1
54967995,1
55010282,1
54987007,1
55011926,1
55043874,1
54991138,1
55041213,1
55041073,1
55041212,1
54953537,1
54889613,1
54781228,1
54992184,1
55044293,1
54962015,1
55047302,1
55017142,1
54924845,1
55021423,1
55015990,1
54989751,1
55048779,1
54955746,1
55008938,1
54977641,1
55043536,1
55047598,1
55011956,1
55044946,1
55039436,1
55039377,1
55017500,1
55038530,1
54992794,1
55003793,1
54964576,1
54930232,1
54881013,1
55035998,1
54814567,1
55025898,1
55001308,1
55028806,1
55023355,1
55008675,1
55044324,1
55010051,1
55045531,1
54968714,1
55006297,1
55031006,1
55014392,1
54950356,1
55008995,1
55044940,1
55044950,1
55027095,1
55044947,1
55022870,1
55049501,1
55002673,1
55050409,1
55028587,1
54998445,1
54915353,1
54946977,1
54945652,1
54960662,1
54959446,1
54978790,1
55007333,1
55013028,1
55039055,1
55050077,1
54980032,1
54950635,1
54984423,1
55010837,1
54962612,1
55043827,1
55040710,1
55050362,1
55027284,1
55025697,1
55038490,1
55035588,1
55046723,1
54939758,1
54990184,1
55014818,1
54976434,1
54992021,1
55009503,1
54993138,1
54967538,1
55006901,1
55014940,1
54974198,1
55051025,1
54887158,1
54982484,1
54978647,1
54984415,1
54947586,1
55016177,1
55021697,1
55031078,1
55024740,1
55009289,1
54987469,1
55034043,1
55038428,1
54899788,1
55050650,1
54934847,1
55019703,1
55010039,1
54959300,1
55004581,1
55034707,1
54873400,1
54894026,1
54989739,1
55006468,1
55043537,1
54987375,1
55027290,1
55053235,1
55022040,1
55014840,1
54949126,1
55006812,1
54929271,1
54994887,1
55038892,1
54982485,1
54935642,1
54930318,1
54984134,1
55048780,1
54995098,1
55051534,1
55043670,1
54988883,1
55000061,1
55053234,1
55025856,1
54795988,1
55025899,1
54927430,1
55004059,1
55026526,1
55052742,1
54947587,1
55046111,1
54960695,1
55051535,1
54944159,1
55053093,1
55031170,1
54903923,1
55012005,1
54844781,1
54973301,1
55053223,1
55050453,1
55020338,1
54926911,1
55028534,1
54834317,1
55050774,1
54889408,1
54999366,1
54949766,1
54970758,1
55036476,1
54965327,1
55016542,1
55003682,1
55023009,1
55057765,1
54899789,1
55027903,1
54997594,1
54960403,1
55016805,1
55053456,1
55052732,1
55011728,1
55052839,1
55004580,1
55056945,1
54873241,1
55043163,1
54983104,1
55010270,1
54978161,1
55012110,1
55033974,1
55047703,1
55031298,1
55038484,1
55054917,1
55019531,1
54905694,1
54908472,1
55053501,1
54964761,1
54953975,1
54982627,1
55004180,1
54944083,1
54993711,1
55043154,1
54985920,1
54996823,1
55021640,1
55035389,1
55008927,1
55047605,1
55046522,1
55058651,1
55054901,1
54940594,1
54884981,1
55025857,1
55038687,1
55050775,1
54785100,1
55044339,1
54976974,1
55000411,1
54967539,1
54910320,1
54999234,1
54996544,1
54937404,1
54970642,1
54977815,1
55011955,1
54926910,1
55047604,1
55026869,1
55031136,1
54988963,1
55053107,1
55044767,1
55052079,1
55027621,1
54941067,1
55004032,1
55001307,1
55053502,1
54997908,1
55030795,1
54960735,1
55010037,1
54999639,1
55053009,1
55053010,1
55050215,1
55059887,1
55040856,1
55060069,1
55050253,1
55035589,1
55053066,1
55053067,1
54969561,1
55036581,1
55045064,1
55031590,1
54989510,1
54996353,1
55033398,1
54941917,1
55050037,1
54863790,1
54999389,1
55011752,1
54891381,1
55057091,1
55019048,1
55063951,1
55059888,1
55062778,1
55053106,1
55060014,1
55047650,1
54973536,1
54933200,1
55055321,1
55008617,1
55037801,1
55032096,1
54973481,1
54957937,1
55065558,1
55060013,1
55000934,1
55064076,1
55065559,1
55065554,1
55038139,1
55020278,1
55020370,1
55046677,1
55046676,1
55058743,1
54997184,1
54967353,1
54992075,1
54982541,1
54997907,1
55057092,1
55066537,1
55050242,1
54996702,1
54944612,1
55020217,1
55058531,1
55033853,1
55017459,1
55068542,1
55041060,1
55047649,1
54797808,1
54887955,1
55014223,1
55031672,1
54997578,1
55036412,1
54956691,1
54998010,1
55029619,1
55066536,1
55069484,1
55036406,1
55010836,1
55050402,1
55058652,1
55061453,1
55060327,1
54992896,1
55000958,1
55050401,1
55049502,1
55021639,1
54994609,1
55045458,1
55003966,1
54899820,1
54979325,1
55029620,1
55050070,1
55017141,1
55047336,1
54856782,1
55063890,1
55018877,1
55029936,1
55065555,1
55058530,1
55069590,1
55020229,1
55049235,1
55058546,1
55034013,1
55021818,1
55061452,1
54995812,1
55038891,1
55032089,1
55064794,1
55008674,1
55045866,1
54993619,1
54931915,1
55014615,1
55066731,1
55037805,1
54881679,1
55063952,1
55024468,1
54896765,1
55033821,1
55032654,1
55050452,1
55027686,1
55053224,1
55071393,1
55052403,1
55016761,1
55009462,1
54957551,1
55052743,1
54985416,1
54992292,1
55062623,1
54993856,1
54961129,1
54996822,1
55072126,1
54996514,1
55066664,1
55009172,1
55038017,1
55021759,1
55008879,1
55066732,1
55044766,1
55068355,1
55054767,1
55071392,1
55013820,1
54958807,1
55030250,1
54882722,1
54774631,1
55073048,1
54984943,1
54995416,1
55073596,1
55073595,1
55017261,1
54974816,1
55072168,1
55068240,1
55051865,1
54998251,1
55044939,1
55065669,1
55024647,1
55061522,1
54937300,1
54979326,1
55031666,1
54986871,1
54976975,1
54947253,1
54937564,1
55025464,1
55072169,1
55045065,1
55028586,1
55061643,1
55023354,1
55009449,1
54626761,4
54928071,1
55050923,1
55000847,1
54937527,1
55070609,1
55021246,1
55074948,1
55062622,1
55033802,1
54990125,1
55020173,1
54996685,1
55013521,1
55000185,1
54997287,1
55077090,1
54984009,1
55033242,1
55044294,1
54921427,1
54924844,1
54996547,1
54874560,1
55052921,1
54997049,1
55078995,1
55074933,1
55046383,1
55068239,1
55074886,1
54910476,1
54948933,1
55065670,1
55065832,1
55069663,1
55046722,1
55052207,1
55047704,1
55022129,1
55057764,1
55031671,1
54926683,1
55067865,1
55058319,1
55047335,1
55009173,1
55026771,1
55044447,1
54803384,1
55078837,1
55041891,1
55066663,1
55076472,1
54922802,1
55010269,1
55071151,1
55064105,1
55079590,1
55009318,1
54836923,1
54929058,1
54929110,1
54962060,1
54952470,1
55030796,1
55081578,1
55051232,1
55046297,1
55018598,1
55079300,1
55014765,1
55069721,1
54987333,1
54979140,1
54949009,1
54912484,1
55053336,1
55074442,1
55063442,1
55014261,1
54789694,1
55082906,1
55076219,1
55006467,1
55083008,1
54973300,1
55015989,1
55080424,1
55004811,1
54942317,1
55051946,1
55017260,1
55035388,1
55031084,1
55074057,1
55082171,1
55083383,1
55038483,1
55083472,1
55025063,1
55018161,1
55053558,1
55078583,1
54915586,1
55038912,1
55018632,1
55084307,1
55076220,1
55047423,1
54815963,1
55070608,1
55023986,1
55022869,1
55075013,1
55069591,1
54984329,1
55061435,1
55021247,1
55028590,1
55012012,1
55030092,1
54943547,1
55006732,1
55038867,1
55022370,1
55077298,1
54992101,1
55045817,1
54954060,1
55039158,1
55084308,1
55006283,1
54996703,1
55030934,1
55084560,1
55050146,1
55084525,1
55054614,1
55074988,1
55082296,1
55075014,1
55046571,1
55080672,1
55057618,1
55052078,1
55077948,1
54993139,1
55075617,1
55073047,1
55083780,1
54927515,1
54992451,1
55045565,1
55058170,1
55036566,1
55078838,1
55063889,1
54935871,1
55071995,1
55065658,1
55050252,1
55073849,1
55074073,1
55013731,1
55050537,1
55080731,1
55054918,1
55034087,1
54960757,1
55008618,1
55028807,1
55075616,1
55060754,1
55052680,1
55013098,1
54878583,1
54781547,1
54907528,1
54888352,1
55085814,1
55021760,1
54955745,1
55030973,1
55054768,1
55082295,1
55044949,1
54996151,1
54930701,1
55056800,1
55045566,1
55045867,1
55087005,1
54879987,1
55011729,1
55078887,1
55087279,1
55080557,1
55017509,1
55060403,1
55074074,1
55083417,1
55060402,1
55088864,1
55061521,1
55077025,1
55058780,1
54951031,1
55011514,1
54890952,1
55088286,1
55051233,1
55081212,1
54987008,1
55088642,1
55032968,1
55068748,1
55042166,1
55034024,1
55068834,1
55043654,1
55036739,1
55056064,1
54927146,1
55053331,1
54987577,1
54941552,1
55020027,1
55041143,1
55043655,1
55082172,1
55076762,1
54937405,1
55007334,1
55020599,1
55050751,1
55029003,1
55074441,1
54974239,1
55083725,1
55089542,1
55085633,1
55073232,1
55053951,1
55002081,1
55052994,1
55069530,1
55086040,1
55054789,1
54963936,1
55088865,1
55011906,1
55020369,1
55052206,1
55065973,1
55052402,1
55047980,1
54992214,1
54842686,1
55041476,1
54801914,1
54982626,1
55081455,1
55081456,1
55003406,1
55036342,1
55036411,1
55077026,1
55084884,1
55042095,1
55038489,1
54981003,1
55074058,1
54940995,1
55056070,1
54996152,1
54642011,4
54816969,1
55052731,1
54974023,1
55096593,1
54907498,1
55091159,1
54959495,1
54952469,1
55096782,1
55058571,1
55084559,1
55026823,1
55036580,1
55076559,1
55063905,1
54979805,1
55091484,1
55022884,1
55087727,1
55071280,1
54978160,1
55061490,1
55091622,1
55083382,1
55061686,1
55016752,1
54962059,1
55088319,1
55081326,1
55015652,1
55039036,1
55091301,1
55029480,1
55080423,1
55051568,1
55087278,1
55052993,1
55068383,1
55084712,1
55074987,1
55033820,1
55030275,1
55033243,1
54971144,1
55057917,1
55020580,1
55050750,1
54884042,1
54943685,1
55071994,1
54974238,1
55077362,1
55087006,1
55096604,1
55058320,1
54970537,1
54999381,1
55076471,1
55092821,1
55073736,1
55071423,1
55020172,1
55006278,1
55064077,1
55098706,1
55087726,1
55054403,1
55096122,1
55096057,1
55022130,1
55009448,1
55081325,1
55099309,3
55066425,1
54948867,1
55100721,1
55100709,1
55062675,1
55037806,1
55055815,1
55079589,1
55065807,1
55076693,1
54959925,1
55096058,1
55052086,1
55096121,1
54916722,1
54986661,1
55100179,1
54987671,1
55090997,1
54986863,1
55099337,1
55084612,1
55058240,1
55101177,1
55090232,1
55068356,1
55101303,1
55060070,1
55101335,1
55098707,1
55097003,1
55091498,1
55008111,1
55020316,1
55034436,1
54993192,1
55036032,1
55088082,1
54995813,1
55018160,1
54833164,1
54888094,1
55102003,1
55100469,1
55100470,1
54989738,1
55100722,1
55062773,1
54976011,1
55058572,1
55103755,1
55099573,1
55008878,1
55068297,1
55071150,1
55054790,1
55052087,1
55027622,1
55087836,1
55006651,1
55057928,1
54970229,1
54937353,1
55056230,1
54997627,1
54688331,4
55099110,1
54903341,1
55056376,1
54945758,1
55045951,1
55085577,1
55066413,1
55070499,1
55070500,1
55096631,1
55098144,1
55085815,1
55038163,1
54977684,1
55073538,1
55014614,1
55084771,1
55064207,1
55090400,1
55102422,1
55054299,1
55098513,1
55049236,1
55079653,1
55071131,1
55065974,1
55086039,1
55032969,1
55064104,1
55099813,1
54921426,1
55027902,1
54957550,1
55060725,1
55089397,1
54967702,1
55097738,1
55104802,1
55100418,1
55104985,1
55074934,1
55032279,1
55099574,1
55018876,1
55079188,1
55099657,1
55103944,1
54998287,1
55011925,1
55088715,1
55091485,1
55104136,1
55104135,1
55096129,1
55063283,1
54953429,1
55085233,1
55003967,1
54951030,1
55094818,1
55064793,1
54959531,1
55060977,1
55032097,1
54960788,1
54895428,1
55095340,1
55051569,1
55043671,1
55098341,1
55047435,1
55049067,1
55036475,1
55051675,1
55042167,1
55091499,1
55104146,1
55019262,1
55084825,1
55087888,1
55102583,1
55056071,1
55085367,1
55045277,1
55089398,1
54653612,4
55055186,1
54999101,1
54993193,1
55040542,1
55045972,1
55073419,1
55100875,1
55091302,1
55103754,1
55088595,1
55025538,1
55087134,1
55018599,1
55018756,1
54781524,1
54996760,1
55022883,1
55091623,1
55060344,1
55083395,1
55102575,1
55061489,1
54891607,1
54948384,1
55045469,1
54945569,1
54986660,1
55027726,1
54763356,1
55095232,1
55068066,1
55010036,1
54967706,1
54972286,1
55089814,1
55061069,1
54987177,1
54960888,1
55006282,1
54856781,1
54947255,1
55098342,1
55074811,1
55107883,1
55101334,1
54997286,1
55041142,1
55024469,1
55102554,1
55068833,1
55016785,1
54956797,1
55089321,1
55108749,1
55096603,1
55019728,1
55066678,1
55000706,1
55106447,1
55062674,1
55021632,1
55088716,1
55106907,1
55057619,1
55017458,1
55088873,1
55039672,1
54995175,1
55074533,1
55026673,1
55106262,1
55007549,1
55099520,1
55043125,1
55087389,1
54923932,1
55107997,1
54994600,1
55088872,1
55107180,1
54979313,1
55083726,1
55057916,1
55080864,1
54998950,1
55085481,1
54993438,1
55102067,1
55026870,1
55009157,1
54918980,1
55006296,1
55108087,1
55107996,1
55108030,1
55080579,1
55090401,1
55115376,1
54972687,1
54898021,1
55094561,1
54932105,1
55089140,1
55070019,1
55113102,1
55113101,1
55014390,1
54922026,1
55068067,1
54880002,1
55084611,1
55050214,1
55084799,1
55073850,1
55110880,1
55101555,1
55091709,1
55107181,1
55044183,1
55110196,1
55103328,1
55085482,1
55058171,1
55089517,1
54992506,1
54893532,1
55029479,1
54973202,1
55114433,1
54872897,1
55106261,1
55114759,1
54994608,1
55018755,1
55095721,1
55098836,1
55066851,1
54950974,1
55050651,1
55066178,1
54996515,1
54992208,1
54900427,1
55073477,1
55094035,1
54961336,1
55100662,1
55041911,1
55112147,1
55085908,1
55110626,1
55118928,1
55071405,1
55093451,1
55110894,1
55013522,1
55116349,1
55006563,1
55086294,1
54992076,1
54667729,4
55073420,1
55075920,1
55096632,1
55110530,1
55089815,1
55110525,1
55120272,1
55107896,1
55074887,1
55109306,1
55006420,1
55075173,1
55086086,1
54959792,1
55101680,1
55115375,1
54973535,1
55115536,1
55071718,1
55047028,1
55053410,1
55105789,1
55105915,1
55074532,1
55008601,1
55121255,1
55088328,1
55029451,1
55095231,1
55099521,1
54916721,1
55012845,1
55118696,1
55120005,1
55115972,1
55062772,1
55066659,1
55101302,1
55080562,1
55064065,1
55031171,1
54895731,1
55053330,1
55016784,1
55100124,1
55050922,1
55086704,1
55007232,1
54885568,1
55043162,1
55017991,1
55113088,1
55104801,1
55036125,1
54966482,1
55122808,1
55099604,1
55095776,1
55107989,1
55112612,1
55057427,1
55105424,1
54834486,1
55063526,1
55056107,1
55118359,1
55039671,1
55116688,1
54947256,1
55118444,1
55046112,1
55066363,1
55124022,1
55119763,1
55121254,1
54911401,1
54984133,1
55064038,1
55085755,1
55111780,1
55122809,1
55121610,1
55038140,1
55113588,1
55075174,1
54932560,1
55119162,1
55052657,1
55094608,1
55118358,1
55090984,1
55050801,1
55036031,1
55117023,1
55056852,1
55100417,1
55047422,1
55051674,1
55036576,1
55099633,1
55113461,1
55109277,1
55068746,1
55069524,1
55118109,1
55086201,1
55054902,1
54979183,1
55088011,1
55066636,1
55084883,1
55107157,1
55076692,1
54962302,1
54901764,1
55123764,1
55063462,1
55070010,1
55094817,1
54953846,1
55044575,1
55110482,1
54990486,1
55058239,1
55115971,1
55008937,1
55098287,1
54921978,1
55068298,1
55027213,1
55102576,1
55014260,1
55062191,1
55060786,1
55039213,1
55125307,1
55019764,1
55043155,1
55080278,1
55118652,1
55069419,1
55003614,1
55090585,1
55108038,1
55079768,1
55098837,1
55084826,1
55118154,1
55006489,1
55094655,1
55125308,1
55053689,1
55119991,1
55041697,1
55094034,1
55122800,1
55110529,1
54973408,1
55054298,1
55117547,1
55060345,1
55113487,1
55072412,1
55124600,1
55044161,1
55077223,1
55105425,1
55042699,1
55112796,1
55099102,1
55127844,1
55085535,1
55070294,1
55103329,1
55131162,1
55058618,1
55007564,1
55128952,1
55101554,1
55127235,1
55105295,1
55106908,1
55110817,1
55120908,1
55072411,1
55121896,1
54923357,1
54985179,1
55100110,1
55077338,1
55007360,1
54846922,1
55126617,1
54677536,4
55085576,1
55096480,1
55066254,1
55099338,1
55081579,1
55110500,1
55118621,1
55129635,1
55125612,1
55084800,1
55094251,1
55052920,1
55085828,1
55109655,1
55131575,1
55090643,1
55080732,1
55132861,1
55122449,1
55126742,1
55074800,1
55100661,1
55106212,1
55084772,1
55069207,1
55102320,1
55084662,1
55109711,1
55056013,1
55112611,1
55118155,1
55063443,1
55094607,1
55078166,1
55002082,1
54759636,4
55113036,1
55120004,1
55118651,1
55099540,1
55131161,1
55128557,1
55114836,1
55106610,1
55101217,1
55000457,1
55107988,1
55076038,1
55095981,1
54994746,1
55072450,1
55107451,1
55105790,1
55067864,1
55103012,1
55135033,1
55133529,1
55073537,1
55113181,1
55122801,1
54974554,1
55074947,1
55069485,1
54996605,1
55099656,1
55134199,1
55104998,1
55112226,1
55076287,1
55103840,1
55128836,1
54941987,1
55135502,1
55101681,1
55094560,1
54971096,1
55126618,1
55040092,1
55041617,1
55115656,1
55067135,1
55127987,1
55056377,1
55126801,1
55048408,1
55050132,1
54948766,1
55073231,1
55044448,1
55127105,1
55137003,1
55134323,1
55051864,1
55071422,1
55119044,1
55080580,1
55073933,1
55120785,1
55054984,1
55135618,1
54957586,1
54772477,4
55074371,1
55112795,1
55038866,1
55034706,1
55113037,1
54966481,1
55118539,1
55130738,1
55083009,1
55039037,1
55112146,1
55058547,1
55137952,1
55117810,1
55109284,1
55131503,1
55139672,1
55043744,1
55135458,1
55108194,1
55118108,1
55127317,1
55132877,1
55049645,1
55053411,1
55096280,1
55127986,1
55135032,1
55122738,1
55042717,1
55073653,1
55025325,1
55110524,1
55135169,1
55056231,1
55132375,1
55084661,1
55114758,1
55126049,1
55000707,1
55116227,1
55101216,1
55139706,1
55139618,1
55091708,1
55065329,1
55106743,1
55131409,1
55131576,1
55088596,1
55115017,1
55082756,1
55125060,1
55136096,1
55092035,1
54916641,1
55052658,1
55133528,1
55111804,1
55099571,1
55136489,1
55110481,1
54957936,1
55011907,1
55138032,1
55128205,1
55139441,1
55103992,1
55106820,1
55139619,1
55128581,1
55097004,1
55132751,1
55112449,1
55085234,1
55117811,1
55141057,1
55096181,1
55054983,1
55076975,1
54959390,1
55048407,1
55056106,1
55091094,1
55062190,1
55053557,1
55143110,1
55042446,1
55044396,1
55060755,1
55118697,1
55124021,1
55142054,1
55098512,1
55128256,1
55132736,1
55120374,1
55105237,1
55131410,1
55003496,1
55094238,1
55083340,1
55093368,1
55093207,1
55127236,1
55093222,1
55143769,1
55072339,1
55142812,1
55115535,1
55082701,1
55140315,1
55069969,1
55143109,1
55070293,1
55136465,1
55072127,1
55103945,1
55007812,1
55096810,1
55136895,1
55066850,1
55099605,1
55066635,1
55056014,1
55099812,1
55009156,1
55130050,1
55090642,1
55035926,1
55044182,1
55120984,1
54968328,1
55060771,1
55060726,1
55116906,1
55051394,1
55118488,1
55085756,1
54882650,1
55111665,1
55129782,1
55083015,1
55088376,1
55142239,1
55121638,1
55107905,1
55139707,1
55139811,1
55120791,1
55143768,1
55132876,1
55093206,1
54988962,1
55104904,1
55118486,1
55065328,1
55122492,1
55122493,1
55045937,1
55124084,1
55142055,1
55066677,1
55114381,1
55147591,1
55141990,1
55112166,1
55056946,1
55027146,1
55145006,1
54904059,1
55106559,1
55095775,1
55113462,1
55112337,1
55146383,1
55143643,1
55071304,1
55141004,1
54965464,1
55058509,1
55146528,1
55004179,1
55045153,1
55092034,1
55133249,1
55102892,1
55083661,1
55050800,1
55141163,1
55145931,1
55047029,1
55053470,1
55140450,1
55134975,1
55102002,1
54984008,1
54970759,1
54999640,1
55041760,1
55119990,1
55004497,1
55141991,1
55099570,1
55136464,1
55143463,1
55124085,1
55080505,1
55099539,1
55127262,1
55102370,1
55021992,1
55127104,1
55146459,1
54933577,1
55121609,1
55108193,1
55080504,1
55068974,1
55045532,1
55125039,1
55082702,1
55145930,1
55144584,1
55137831,1
54952557,1
55147421,1
55117022,1
55150373,1
55140658,1
55091222,1
55146212,1
55142331,1
55028072,1
54945757,1
55138017,1
55025778,1
54822590,1
55029887,1
55148381,1
55102584,1
55108147,1
55063461,1
55097586,1
55006921,1
55145761,1
55115657,1
55086789,1
55045470,1
54990725,1
55146098,1
55143400,1
55130737,1
55045952,1
55148911,1
55023015,1
55138031,1
55093305,1
55143573,1
55142449,1
55120907,1
55108086,1
55087887,1
55146505,1
55097083,1
55148325,1
55132860,1
54929006,1
55133210,1
55086608,1
55105916,1
55140451,1
55048273,1
55136406,1
55006103,1
55123953,1
55113087,1
55076288,1
55022848,1
55104905,1
55106150,1
55149057,1
55127054,1
55142623,1
55112167,1
55145583,1
55078261,1
54979852,1
55063489,1
55020531,1
55060770,1
55094778,1
55085534,1
54997811,1
55048274,1
55148724,1
55091160,1
55070521,1
55087388,1
55106850,1
55102421,1
55112448,1
55124172,1
55137002,1
55093304,1
55149058,1
55121637,1
55153595,1
55068717,1
55116313,1
55149121,1
55086087,1
55090584,1
55106987,1
54979411,1
55145760,1
55042445,1
55018281,1
55061795,1
55038688,1
55136488,1
55118586,1
55114119,1
55039054,1
55153004,1
55081480,1
55149005,1
55052913,1
55135345,1
55153375,1
55115016,1
55150764,1
55040547,1
55143642,1
55146596,1
55156821,1
55037208,1
55041618,1
55138960,1
55128233,1
55100111,1
55151772,1
55129663,1
55076037,1
55095722,1
55151773,1
55153306,1
55098361,1
55153305,1
55110796,1
55150716,1
55143574,1
55113488,1
55150836,1
55112024,1
55146597,1
55153902,1
55038386,1
55094472,1
55055322,1
55156822,1
55096281,1
55072650,1
55097585,1
55108750,1
55126802,1
55143462,1
55078994,1
55155814,1
55113367,1
55156220,1
55158881,1
55105294,1
55096850,1
54943309,1
55140826,1
55113393,1
55134209,1
55149245,1
55120786,1
55156351,1
55051395,1
54947087,1
55086609,1
55078879,1
55141879,1
55150213,1
55147761,1
55145005,1
55145165,1
55021011,1
55106648,1
54930485,1
55142622,1
55154619,1
55157469,1
55157470,1
55029452,1
55121827,1
55105205,1
55107156,1
55146625,1
54935748,1
55074372,1
55057937,1
55102893,1
55061941,1
55155295,1
55090044,1
55061090,1
55152718,1
55077299,1
55087175,1
55109068,1
55050147,1
55154580,1
55145196,1
55150409,1
55158816,1
55071315,1
55156182,1
55107882,1
55103841,1
54987857,1
55142238,1
55073735,1
55158880,1
55156350,1
55153596,1
55132790,1
55040548,1
55106819,1
55130028,1
55093446,1
55110254,1
55023985,1
55126465,1
55159574,1
55038965,1
55127441,1
55154232,1
55158308,1
55118449,1
55146178,1
55091221,1
55146177,1
55136853,1
55054402,1
55162942,1
55096851,1
55118979,1
55126962,1
54878566,1
55097082,1
55121826,1
55159573,1
55163547,1
55125059,1
55160781,1
54937526,1
55052572,1
55151356,1
55042716,1
55161079,1
55087133,1
54986864,1
55161469,1
55080373,1
55158751,1
55119045,1
54916937,1
55078880,1
55114837,1
55160239,1
55159299,1
55139833,1
55121897,1
55121852,1
55151395,1
55145781,1
55145874,1
54817868,1
55116689,1
55145859,1
55118445,1
54923668,1
55158117,1
54990487,1
55144583,1
55110217,1
54941452,1
55102369,1
54900394,1
55131149,1
55161405,1
55137888,1
55137946,1
55161468,1
55025528,1
55123377,1
55076447,1
55164412,1
55085907,1
55161909,1
55127343,1
55096130,1
55156332,1
55112336,1
55093475,1
55109609,1
55106986,1
55099853,1
54990606,1
55122384,1
55155152,1
55163546,1
55143012,1
55066412,1
55062104,1
55074801,1
55148912,1
55146099,1
55110499,1
55142330,1
55143607,1
55150620,1
55112227,1
55161781,1
55127331,1
55136932,1
55094252,1
55029194,1
55122064,1
55124818,1
55116907,1
55150214,1
55137697,1
55137947,1
55161404,1
55106562,1
55126673,1
54969454,1
55166860,1
55148956,1
55127243,1
55162913,1
55117617,1
55162932,1
55088812,1
55160210,1
55167362,1
55157453,1
55126463,1
55127400,1
55131961,1
55003146,1
55114120,1
55092186,1
55169121,1
55147204,1
55149906,1
55038964,1
55143258,1
55046298,1
55157280,1
55012548,1
55116183,1
55150763,1
55168425,1
55162956,1
55162933,1
55128946,1
55160272,1
55168462,1
55131698,1
55120792,1
54944438,1
55056886,1
55166311,1
55165152,1
55165153,1
55099109,1
55160780,1
55136149,1
55091093,1
55111666,1
55133702,1
55157100,1
55141865,1
55162667,1
55117507,1
55158750,1
55139673,1
55139440,1
55160142,1
55118978,1
55151986,1
55073654,1
54986908,1
55143982,1
55166279,1
55127845,1
55165108,1
55169122,1
55151543,1
55096592,1
55113180,1
55111781,1
55106611,1
54752337,4
55127116,1
55097042,1
55136894,1
55072338,1
55147762,1
55149132,1
55162846,1
55167293,1
55160238,1
55165718,1
55171261,1
55168463,1
55126279,1
55063284,1
55127242,1
55058774,1
55104636,1
55090985,1
55155195,1
55167971,1
54986687,1
55034437,1
55148957,1
55173601,1
55120273,1
55098073,1
55170883,1
55140611,1
55107852,1
55098288,1
55127227,1
55168412,1
55134208,1
55160143,1
55127332,1
55142448,1
55174005,1
55107968,1
55071303,1
55145502,1
55167584,1
55110895,1
55123713,1
55071404,1
55105551,1
55124867,1
55089006,1
55133115,1
55173402,1
55135971,1
54971097,1
55025326,1
55138543,1
55152626,1
55166314,1
54992291,1
55152881,1
55159971,1
55174896,1
55163930,1
55071757,1
55150410,1
55146213,1
55172433,1
55168224,1
55106540,1
55110361,1
55040713,1
55106558,1
55141003,1
55127226,1
55109696,1
55162995,1
55069531,1
55165626,1
55127399,1
55033285,1
54989482,1
55094596,1
55169082,1
55154032,1
55167839,1
55171740,1
55150094,1
55078584,1
55143259,1
55176237,1
55170761,1
55151645,1
55128257,1
55149969,1
55124107,1
55168223,1
55047597,1
55134025,1
55143401,1
55065355,1
55126278,1
55079298,1
55175487,1
55175486,1
55119064,1
55161851,1
55018992,1
55171391,1
55135457,1
54994876,1
54976786,1
54938901,1
55176000,1
55166280,1
54716671,4
55089139,1
55174897,1
55061089,1
55176502,1
55066658,1
55176501,1
55162845,1
55153376,1
54941740,1
55161780,1
55173848,1
55079199,1
55143765,1
55068747,1
54726591,4
55174156,1
55123765,1
54986872,1
55118448,1
55171832,1
54883604,1
55105768,1
54961093,1
55090996,1
55068973,1
55154332,1
55179186,1
55158568,1
55105187,1
55157327,1
55162859,1
55156221,1
55176699,1
55176731,1
55128951,1
55178407,1
55175897,1
55119063,1
55140314,1
55149907,1
55173477,1
55126741,1
55106448,1
55119700,1
55061940,1
55176350,1
55122875,1
55166766,1
55176349,1
55159910,1
55162773,1
55147241,1
55153003,1
55176538,1
55164027,1
55138027,1
55179287,1
55138016,1
55172469,1
55138127,1
55045971,1
55035077,1
55146309,1
55179422,1
55160271,1
55145501,1
55162912,1
55112524,1
54896165,1
55123374,1
55068745,1
55063516,1
54859217,1
55110023,1
55096781,1
55038911,1
55050071,1
55158309,1
55104621,1
55140370,1
55127693,1
55154354,1
55077337,1
55177422,1
55143407,1
55154314,1
55065115,1
55124313,1
55063913,1
55108929,1
55092568,1
55093223,1
55138055,1
55145292,1
55168518,1
55179423,1
55161882,1
55181182,1
55012013,1
55176730,1
54992022,1
55158116,1
55152284,1
55166127,1
54877364,1
55154158,1
55151542,1
55177421,1
55131060,1
55181866,1
54983296,1
55174831,1
55170919,1
54999382,1
55116182,1
55129781,1
55007917,1
55106563,1
55166930,1
55167316,1
55136933,1
55139461,1
55154620,1
55162994,1
55140827,1
54913760,1
55017990,1
55174155,1
55124005,1
55171741,1
55048860,1
55122218,1
55157874,1
55111388,1
55155239,1
55182798,1
55124028,1
55178921,1
55119397,1
55184534,1
55183196,1
55179110,1
55125536,1
55110589,1
55176366,1
55155995,1
55166859,1
55176428,1
55176429,1
55128556,1
55079198,1
55184772,1
55171125,1
55113366,1
55162860,1
55173849,1
55173861,1
55176707,1
55161883,1
55176740,1
55165719,1
55106849,1
55167317,1
55145519,1
55116211,1
55149246,1
55146819,1
55173403,1
55181691,1
55124817,1
55132374,1
55172046,1
54927429,1
54995174,1
55184589,1
55185970,1
55181959,1
55179288,1
55168521,1
55184881,1
55145498,1
54731299,4
55022039,1
55149291,1
55108029,1
55135619,1
54801900,4
55053337,1
55163929,1
55173476,1
55119762,1
54970228,1
55055816,1
55176365,1
55039214,1
55169491,1
55111889,1
55172356,1
55173825,1
55187557,1
55182056,1
55182038,1
55139812,1
55156333,1
55150835,1
55139776,1
55183930,1
55159298,1
55076976,1
54834232,1
55137566,1
55140243,1
55115583,1
55184353,1
55133126,1
55185969,1
55170920,1
55187558,1
55092567,1
55109610,1
55074812,1
55175534,1
55106451,1
55132741,1
55145360,1
55135466,1
55186839,1
55148326,1
55171381,1
55090233,1
55155240,1
55016760,1
55110953,1
55115582,1
55148603,1
55187177,1
55185580,1
54929007,1
55082907,1
55136852,1
55122954,1
55147592,1
55186100,1
55186174,1
55070604,1
55156036,1
55178011,1
55180828,1
55062159,1
55105186,1
55183877,1
55052914,1
55150576,1
55171171,1
55130057,1
55189302,1
55183822,1
55131504,1
55113589,1
55108037,1
55116348,1
55174006,1
54847728,1
55063778,1
55146820,1
55176001,1
55154930,1
55166228,1
55083662,1
55166128,1
55143967,1
55185579,1
55126674,1
55123952,1
55104568,1
55148920,1
55184533,1
55047866,1
55190184,1
55178010,1
55173826,1
55051947,1
55189139,1
55107897,1
55127344,1
55170198,1
55017633,1
55142813,1
55176787,1
55043875,1
55086076,1
54944439,1
55138542,1
55037042,1
55042374,1
55138959,1
55028715,1
55099178,1
55132197,1
55148786,1
55143218,1
55141866,1
54764853,4
55188601,1
55128232,1
55190155,1
55181865,1
55126795,1
55140610,1
55188962,1
55186411,1
55161908,1
55159107,1
55132735,1
55176786,1
55193282,1
55151357,1
55190730,1
55178920,1
55130536,1
55142123,1
55186099,1
55192974,1
55194362,1
55164028,1
55162774,1
55157460,1
55186520,1
55061112,1
55147388,1
55160146,1
55172722,1
55165627,1
55192031,1
55038387,1
55191989,1
55189421,1
55182226,1
55189301,1
55132742,1
55183821,1
55171260,1
55073934,1
55106744,1
55190520,1
55193283,1
55156425,1
55135344,1
55132750,1
55080865,1
55192501,1
55149559,1
55129326,1
55191040,1
55144022,1
55126662,1
55059188,1
55181692,1
55185897,1
55129636,1
55173699,1
55142472,1
55181918,1
55138126,1
55176571,1
55170882,1
55146335,1
55176706,1
55195889,1
55186521,1
55134440,1
55135503,1
55163070,1
55077949,1
55156508,1
55150715,1
55104567,1
55129229,1
55009502,1
55187069,1
55176116,1
55176188,1
55187176,1
55133114,1
55189818,1
55180071,1
55176189,1
55124108,1
55035999,1
55193899,1
55184452,1
55174830,1
55182797,1
55194090,1
54990472,1
55088377,1
55191816,1
55161609,1
55165639,1
55195937,1
55189261,1
55195890,1
55195951,1
55192198,1
55056065,1
55066177,1
55165109,1
55190980,1
55184453,1
55170760,1
55198158,1
55097917,1
55021376,1
55104714,1
55193900,1
55195467,1
55192768,1
55179109,1
55181924,1
55143249,1
55188587,1
55180626,1
55014393,1
55068156,1
55164202,1
55143606,1
55074879,1
55117508,1
55154548,1
55196012,1
55195988,1
55168399,1
55154717,1
55154806,1
55181457,1
55178542,1
54970306,1
55044325,1
55077089,1
55184352,1
55191039,1
55185407,1
55056878,1
55141822,1
55141823,1
55152938,1
55059325,1
55085634,1
55159795,1
55174965,1
55199828,1
55134198,1
55186215,1
55012844,1
55190235,1
55143282,1
55156183,1
55130029,1
55189149,1
55172468,1
55158903,1
55190629,1
55149588,1
55198971,1
55115630,1
55177275,1
55198207,1
55045882,1
55059187,1
55096522,1
55192829,1
55199659,1
55194288,1
55124171,1
55153085,1
55194355,1
55192973,1
55179197,1
55154355,1
55190185,1
55166929,1
55154547,1
55168411,1
55171131,1
55192000,1
55164539,1
55198685,1
55171170,1
55173981,1
55186609,1
55156424,1
55093369,1
55124314,1
55083339,1
55200615,1
55171390,1
55175898,1
55140070,1
55104635,1
55125040,1
55163260,1
55162264,1
55146889,1
55151564,1
55118587,1
55136407,1
55159796,1
54987883,1
55187349,1
55154405,1
55166686,1
55092244,1
55198681,1
55203046,1
55198686,1
55123402,1
55193246,1
55178725,1
55153877,1
55192328,1
55192394,1
55145584,1
55190628,1
55151337,1
55173271,1
55196277,1
55079865,1
55146996,1
55144021,1
55202089,1
55199407,1
55185907,1
55201111,1
55181760,1
55154313,1
55185898,1
55051024,1
55166868,1
55190236,1
55105238,1
55133967,1
55195760,1
55118929,1
55110625,1
55195987,1
55195047,1
55167500,1
55190519,1
55123721,1
55093452,1
55151338,1
55181761,1
55144228,1
55204718,1
55149673,1
55199406,1
55128580,1
55202351,1
55139003,1
55184590,1
55202350,1
55202419,1
55202464,1
55202523,1
55194112,1
55200019,1
55086992,1
55188961,1
55127117,1
55135168,1
55195871,1
55191999,1
55109253,1
55164411,1
55191990,1
55196042,1
55165898,1
55182341,1
55123722,1
55070020,1
55061642,1
55137565,1
55004071,1
55129406,1
55170532,1
55200869,1
55188588,1
55134974,1
54956692,1
55151396,1
55192828,1
55203895,1
55172357,1
55205310,1
55122217,1
55117548,1
55114382,1
55197115,1
55201259,1
55124448,1
55150619,1
55124004,1
55205862,1
55151956,1
55201369,1
55187761,1
55135617,1
54803379,4
55204417,1
55152283,1
55187070,1
55110952,1
55138583,1
55206521,1
55144227,1
55107424,1
55195636,1
55202522,1
54987882,1
55147422,1
55203862,1
55116069,1
55095339,1
55180827,1
55096573,1
55160196,1
55197535,1
55192032,1
55146504,1
55205920,1
54959949,1
55146527,1
54979184,1
55091936,1
55200868,1
55177220,1
55159616,1
55198157,1
55154404,1
54759719,4
55141850,1
55156924,1
55165205,1
54977269,1
55173652,1
55177569,1
54974817,1
55122955,1
55209464,1
55202823,1
55045938,1
55208214,1
54983295,1
55171123,1
55206909,1
55183835,1
55197476,1
55122874,1
55128837,1
55168522,1
55192215,1
55148382,1
55157452,1
55158902,1
55196119,1
54853195,1
54869962,1
55079864,1
55199658,1
55205060,1
55148787,1
55198259,1
55204975,1
55174931,1
55195637,1
55137951,1
55188602,1
55166591,1
55107508,1
55106149,1
55129538,1
55184773,1
55199993,1
55126961,1
55033860,1
55189140,1
55209716,1
55134292,1
55209759,1
55211479,1
55200665,1
55197858,1
55167706,1
55187760,1
55144271,1
55207515,1
55117211,1
55152633,1
55206522,1
55188463,1
55070605,1
55156037,1
55044574,1
55143567,1
55161850,1
55172432,1
55212412,1
55212430,1
55156087,1
55211303,1
55209717,1
55183876,1
55149282,1
55164878,1
55167705,1
55190466,1
55061392,1
55028039,1
55200837,1
55168700,1
55156892,1
55140369,1
55204976,1
55196493,1
55207865,1
55166315,1
55157933,1
55194287,1
55154361,1
55195685,1
55150575,1
55172047,1
55107851,1
55182039,1
55209705,1
55131697,1
55157343,1
55142473,1
55186485,1
55212411,1
55214174,1
54965476,1
55196120,1
55201735,1
54942949,1
55207163,1
55141192,1
55209084,1
55203619,1
55162487,1
55196494,1
55200838,1
55033619,1
55180000,1
55028934,1
55133457,1
55207742,1
55112025,1
55155196,1
55166811,1
55161078,1
55197177,1
55208056,1
55175041,1
55169485,1
55074878,1
55184860,1
55143790,1
54772325,4
55088012,1
55126796,1
55092187,1
55198970,1
55126464,1
55195234,1
55206357,1
54773477,4
55179819,1
55192736,1
55188464,1
55203894,1
55100876,1
55155815,1
55157281,1
55206900,1
55198580,1
55079299,1
55151795,1
55198523,1
55165640,1
55096811,1
55211469,1
55168400,1
55214173,1
55192395,1
55182225,1
55204398,1
55160713,1
55209997,1
54979853,1
55215620,1
55156907,1
54990726,1
55212030,1
55187243,1
55216086,1
55205165,1
55040091,1
55209376,1
55199768,1
55126956,1
55162611,1
55214925,1
55216498,1
55203141,1
55209704,1
55211304,1
55028040,1
55151740,1
55214229,1
55211730,1
55106541,1
55192329,1
55212656,1
55027685,1
55204406,1
55217274,1
55179668,1
55143248,1
55094473,1
55195472,1
55193789,1
55146458,1
55166867,1
55206627,1
55212149,1
55090045,1
55208055,1
55109254,1
55088564,1
55215196,1
55189422,1
55196096,1
55218068,1
55156507,1
55182327,1
55204405,1
55105550,1
55113784,1
55156796,1
55176022,1
55191007,1
55201053,1
55148725,1
54890867,1
55132196,1
55210533,1
55212048,1
55195684,1
55043250,1
55205337,1
55217679,1
55104715,1
55212235,1
55078262,1
55202599,1
55175445,1
55164562,1
55166959,1
55214230,1
55178541,1
55173982,1
55149281,1
54909939,1
55185408,1
55146841,1
55163817,1
55193790,1
55122383,1
55049989,1
55210555,1
55117212,1
55219098,1
55183551,1
55132611,1
55213807,1
55213881,1
55143568,1
55208717,1
55182342,1
55079189,1
55146626,1
55168829,1
55103013,1
55210246,1
55192820,1
55221557,1
55217538,1
55207866,1
55106211,1
55221603,1
55191599,1
54772160,4
55217763,1
55186216,1
55186412,1
55126957,1
55221983,1
55199994,1
55213882,1
55140925,1
55220696,1
55158684,1
55195938,1
55209758,1
55205861,1
55223550,1
55205919,1
55170043,1
55181458,1
55171508,1
55198079,1
55207514,1
55222854,1
55215637,1
55224243,1
55110988,1
55192767,1
55162458,1
55205059,1
55221726,1
55221668,1
55216389,1
55206679,1
55146334,1
55216438,1
55205547,1
55191801,1
55205620,1
55149122,1
55149012,1
55192214,1
55179511,1
55042094,1
55186838,1
55116314,1
55162468,1
55215636,1
55217332,1
55196478,1
55195468,1
55154333,1
55212029,1
55224244,1
55101870,1
55225865,1
55218699,1
55210534,1
55220436,1
55104984,1
55162467,1
55210723,1
55218985,1
55104999,1
55197187,1
55159909,1
55174078,1
55222060,1
55216602,1
55030817,1
55220912,1
55175964,1
55141056,1
55153683,1
55120985,1
55085684,1
55185526,1
55162459,1
55224252,1
55182857,1
55177575,1
55202418,1
55221669,1
55203971,1
55218800,1
55221602,1
55227471,1
55191768,1
55220504,1
55203053,1
55076448,1
55151741,1
55108146,1
55145359,1
55206012,1
55219592,1
55164561,1
55226296,1
55196041,1
55219856,1
55132952,1
55218320,1
55182628,1
55168670,1
55146842,1
55218505,1
55169490,1
55210247,1
55221556,1
55228558,1
55157105,1
55227066,1
55228630,1
55008863,1
55206616,1
55142359,1
55183365,1
55094237,1
55200171,1
55195852,1
55197534,1
55226243,1
55110881,1
55068718,1
55132953,1
55198080,1
55222941,1
55061113,1
55211986,1
55175040,1
55213272,1
55227187,1
55218700,1
55205166,1
55089322,1
54790439,4
55209487,1
55183386,1
55227345,1
55202600,1
55157378,1
55099417,1
55108934,1
55195789,1
55224884,1
55228843,1
55206011,1
55195979,1
55216820,1
55186608,1
55220703,1
55202926,1
55219857,1
55200349,1
55195046,1
55028591,1
55218319,1
55212821,1
55204462,1
55204463,1
55229285,1
55124868,1
55166227,1
55096523,1
55229505,1
54882789,1
55162488,1
55226995,1
55036177,1
55150085,1
55176179,1
55231371,1
55195607,1
55034710,1
55219099,1
55149131,1
55208155,1
55150747,1
55151957,1
55063779,1
55219537,1
55187855,1
55128336,1
54969690,1
55160197,1
55226244,1
55204363,1
55165870,1
55174343,1
55144032,1
55156925,1
54781320,4
55136097,1
55154931,1
55228467,1
55174964,1
55224251,1
55163818,1
55202326,1
55228559,1
55226994,1
55071756,1
55228615,1
55176238,1
55231370,1
55222202,1
55198581,1
55224845,1
55197477,1
55224883,1
55184838,1
55190300,1
55231772,1
55158817,1
55132612,1
55233488,1
55218069,1
55151173,1
55217275,1
55229258,1
55171709,1
55190729,1
55225654,1
55215747,1
55209359,1
55154211,1
55184553,1
55137889,1
55212236,1
55195788,1
55222061,1
55139460,1
55233025,1
55225077,1
55142122,1
55200352,1
55233355,1
55170199,1
55226305,1
55164540,1
55063515,1
55091937,1
55192475,1
55226704,1
55222858,1
55226705,1
55233961,1
55218799,1
55223025,1
55028306,1
55153086,1
55191008,1
55150374,1
55221727,1
55183609,1
55224846,1
55234467,1
55229012,1
55225078,1
55223572,1
55150748,1
55234550,1
55192199,1
55228230,1
55161905,1
55226278,1
55145497,1
55145780,1
55201736,1
55012731,1
55159546,1
55122739,1
55233926,1
55185456,1
55149750,1
55185618,1
55235293,1
55213146,1
55043380,1
55214900,1
55236905,1
55202090,1
55149011,1
55231497,1
55234348,1
55203128,1
55226066,1
55235987,1
55235956,1
55233354,1
55206892,1
55149190,1
55222489,1
55203183,1
55229098,1
55229082,1
55215372,1
54861725,4
54920805,1
55162265,1
55209996,1
55176024,1
55229257,1
55229506,1
55137696,1
55177306,1
55232251,1
55189711,1
55158659,1
55232507,1
55098072,1
55238189,1
55234134,1
55201003,1
55228614,1
55175312,1
55155574,1
55113392,1
55230347,1
55211286,1
55190308,1
55237315,1
55175649,1
55229083,1
55198952,1
55151565,1
55154031,1
55154159,1
55166496,1
55214777,1
55225866,1
55209242,1
55193974,1
55107452,1
55190307,1
55212189,1
55202824,1
55227346,1
55182057,1
55169964,1
55145197,1
55182020,1
55236162,1
55212431,1
55143406,1
55207085,1
55163155,1
55097041,1
55036178,1
55119701,1
55236697,1
55198258,1
55136148,1
55223915,1
55107425,1
55180363,1
55056801,1
55235385,1
55208156,1
55125545,1
55220503,1
55239697,1
55208120,1
55237124,1
55239822,1
55211480,1
55204397,1
55222490,1
55193300,1
55192057,1
55157461,1
55226306,1
55195233,1
55231917,1
55086295,1
55226789,1
55056885,1
55185548,1
55174717,1
55238018,1
55227065,1
55209358,1
55240945,1
55041761,1
55194963,1
55237125,1
55061197,1
55182086,1
55206858,1
55162819,1
55204364,1
55239220,1
55228229,1
55240128,1
55156456,1
55153903,1
55171380,1
55000186,1
55131962,1
55231918,1
55209085,1
55239345,1
55196531,1
55242212,1
55239404,1
55226788,1
55214778,1
55227188,1
55236906,1
55048859,1
55239636,1
55239698,1
55191600,1
55209463,1
55191767,1
55195606,1
55160209,1
55165642,1
55115030,1
55228865,1
55105206,1
55240129,1
55200664,1
55215616,1
55190630,1
55236586,1
55133209,1
55229463,1
55236585,1
55242167,1
55127442,1
55215621,1
55181808,1
55037043,1
55152290,1
55212049,1
55124449,1
55066358,1
55199827,1
55231498,1
55181890,1
55236968,1
55244002,1
55217812,1
55217811,1
55234349,1
55238483,1
55189150,1
55195897,1
55238790,1
55183724,1
55236177,1
55182067,1
55237213,1
55186809,1
55175965,1
55164907,1
55102577,1
55217537,1
55111109,1
55201002,1
55083014,1
55203626,1
55226630,1
55232638,1
55007469,1
55232975,1
55245187,1
55162558,1
55228864,1
55156086,1
55242823,1
55196068,1
55241750,1
55204270,1
55197859,1
55214631,1
55234673,1
55244745,1
55242039,1
55222842,1
55189819,1
55247737,1
55231382,1
55171708,1
55242423,1
55234049,1
55217764,1
55216845,1
55178408,1
55244593,1
55231878,1
55236178,1
55203184,1
55245650,1
55121878,1
55151174,1
55217261,1
55192500,1
55239334,1
55154233,1
55242168,1
55217318,1
55060785,1
55244814,1
55152625,1
55247734,1
55215994,1
55222940,1
55234048,1
55043379,1
55245231,1
55216439,1
55238482,1
55247940,1
55246750,1
55245232,1
55232976,1
55242601,1
55239890,1
55234383,1
55220851,1
55234549,1
55211285,1
55197825,1
55127263,1
55178724,1
55135620,1
55248423,1
55242040,1
55177204,1
55190823,1
55185617,1
55156906,1
55188769,1
55194012,1
55246758,1
55205338,1
55242506,1
55183364,1
55178142,1
55220695,1
55212636,1
55241727,1
55153876,1
55176023,1
55121059,1
55234674,1
55170653,1
55239405,1
55176087,1
55192596,1
55245903,1
55250511,1
55172065,1
55240877,1
55214870,1
55157131,1
55157099,1
55145520,1
55235957,1
55219688,1
55197757,1
55203054,1
55190568,1
55241749,1
55200614,1
55175963,1
55239250,1
55231023,1
55176180,1
55112909,1
55200992,1
55243359,1
55117156,1
55221353,1
55223210,1
55243582,1
55245184,1
55089673,1
55128204,1
55230144,1
55252231,1
55228959,1
55238642,1
55213808,1
55231760,1
55197772,1
55239121,1
55231877,1
55204403,1
55171509,1
55196276,1
55149464,1
55193494,1
54908204,1
55192595,1
55243360,1
55236696,1
55254308,1
55172064,1
55234142,1
55150068,1
55206615,1
55246559,1
55240944,1
55212073,1
55218914,1
55245288,1
55212150,1
55157104,1
55190154,1
55192841,1
55246802,1
55246759,1
55212188,1
55225068,1
55167583,1
55201483,1
55175966,1
55138544,1
55152289,1
55215564,1
55253096,1
55215985,1
55194089,1
55250510,1
55185994,1
55180362,1
55223143,1
55218889,1
55234054,1
55097737,1
55256322,1
55220758,1
55175127,1
55233148,1
55255224,1
55192001,1
55231915,1
55212510,1
55206235,1
55190979,1
55193493,1
55201912,1
55235072,1
55253097,1
55129327,1
55218232,1
55053469,1
55248705,1
55049652,1
55225890,1
55131226,1
55151796,1
55024431,1
55228842,1
55231569,1
55244051,1
55256321,1
55255223,1
55158685,1
55235838,1
55217940,1
55237208,1
55253747,1
55190465,1
55201482,1
55252987,1
55239333,1
55207741,1
55222857,1
55250443,1
55231240,1
55251416,1
55215565,1
55147344,1
55217260,1
55108935,1
55144031,1
55185910,1
55209243,1
55121060,1
55201110,1
55198522,1
55223211,1
55250726,1
55138026,1
55235811,1
55250875,1
55256340,1
55259114,1
55244426,1
55233221,1
55255342,1
55237214,1
55248126,1
55230613,1
55250094,1
55143766,1
55237273,1
55179512,1
55248388,1
55212594,1
54957575,1
55178729,1
55231024,1
55258547,1
55198208,1
55235073,1
55248704,1
55258613,1
55258614,1
55201911,1
55213147,1
55214903,1
55228468,1
55231383,1
55235292,1
54873159,4
55201180,1
55230436,1
55193026,1
55043124,1
55250876,1
55146310,1
55226027,1
55239823,1
55234503,1
55181958,1
55257807,1
55255114,1
55197824,1
55159106,1
55177987,1
55231493,1
55084711,1
55252822,1
55239120,1
55140071,1
54987470,1
55248422,1
55258550,1
55210181,1
55229464,1
55259629,1
55259678,1
55167972,1
55258617,1
55199353,1
55226067,1
55254582,1
55188768,1
55222090,1
55241286,1
55250776,1
55246751,1
55248101,1
55259113,1
55255236,1
55252230,1
55226094,1
55228723,1
55075126,1
55213788,1
55259324,1
55219687,1
55262163,1
55206244,1
55262260,1
55259623,1
55244870,1
55231350,1
55247676,1
55257062,1
55156893,1
55244927,1
55206245,1
55261554,1
55236645,1
55232490,1
55215746,1
55159545,1
55225970,1
55102319,1
55182021,1
55201319,1
55261854,1
55241473,1
55253592,1
55253690,1
55225969,1
55227658,1
55237207,1
55223573,1
55186616,1
55263670,1
55203045,1
55251116,1
55255588,1
55230614,1
55218161,1
55223698,1
55133250,1
55239301,1
55223699,1
55261336,1
55222995,1
55033620,1
55160712,1
54967830,1
55262971,1
55214924,1
55232637,1
55216215,1
55245105,1
55155520,1
55241082,1
55208078,1
55260346,1
55227470,1
55261835,1
55242600,1
55263379,1
55260667,1
55192002,1
55251002,1
54965477,1
55215359,1
55141193,1
55262162,1
55226631,1
54817255,4
55255806,1
55258551,1
55178938,1
55234141,1
55178730,1
55259721,1
55251962,1
55240876,1
54956736,1
55149968,1
55243583,1
55252282,1
55261779,1
55159981,1
55205309,1
55261834,1
55263357,1
55260795,1
55248291,1
55181181,1
55220836,1
55264798,1
55211522,1
55252986,1
55262261,1
55239298,1
55159615,1
55198953,1
55240367,1
55257061,1
55255880,1
55258589,1
55259636,1
55246186,1
55254309,1
55254259,1
55185525,1
55231288,1
55221256,1
55229805,1
55244050,1
55219536,1
55224808,1
55190401,1
55236929,1
55208510,1
55203770,1
55263484,1
55260557,1
55247991,1
55264684,1
55224887,1
55128337,1
55206857,1
55220911,1
55162239,1
55250235,1
55012547,1
55267716,1
55053950,1
55262450,1
55138752,1
55206500,1
55216067,1
55176379,1
55256172,1
55231349,1
55242444,1
55150084,1
55183197,1
55249254,1
55267213,1
55224802,1
55260422,1
55260558,1
55260345,1
55185993,1
55263380,1
55214995,1
55224807,1
55262022,1
55167100,1
55217939,1
55178937,1
55231019,1
55259677,1
55262449,1
55152135,1
55259635,1
55149751,1
55261553,1
55203550,1
55191147,1
55133968,1
55264358,1
55256049,1
55269844,1
55268450,1
55262964,1
55175126,1
55254571,1
55256109,1
55166357,1
55268789,1
55216216,1
55264560,1
54859318,4
55263219,1
55213643,1
55145474,1
55264685,1
55228945,1
55264721,1
55211470,1
55219731,1
55242767,1
55194964,1
55223549,1
55214266,1
55261339,1
55245869,1
55242211,1
55194011,1
55246066,1
55242217,1
55264252,1
55217420,1
55177574,1
55236967,1
55256133,1
55245104,1
55227022,1
55260221,1
55227384,1
55270001,1
55225843,1
55259069,1
55226295,1
55242824,1
55260796,1
55231916,1
55211729,1
55237452,1
55253033,1
55239472,1
55269529,1
55270555,1
55233925,1
55245887,1
55207528,1
55231219,1
54982318,1
55264272,1
54997628,1
54828213,4
55171833,1
55221982,1
55100264,1
55247941,1
55256108,1
55232758,1
55248102,1
55195898,1
55214080,1
55271619,1
55197691,1
55256331,1
55247317,1
55205820,1
55208615,1
55175650,1
55255587,1
55253746,1
55161904,1
55212593,1
55262130,1
55204404,1
55267919,1
55264076,1
55181809,1
55212004,1
55267173,1
55274050,1
55267214,1
55184713,1
55274041,1
55268451,1
55124027,1
55165204,1
55269989,1
55250725,1
55261788,1
55261957,1
55186173,1
55264647,1
55240043,1
55214393,1
55267664,1
55239221,1
55086200,1
55224042,1
55272459,1
55270842,1
55204592,1
55203670,1
55221255,1
55262972,1
55229806,1
55247735,1
55107507,1
55115863,1
55245188,1
55267138,1
55271280,1
55232506,1
55223429,1
55265704,1
55230373,1
55250777,1
55234135,1
55231548,1
55271688,1
55197756,1
55177205,1
55267787,1
55264077,1
55258590,1
55228407,1
55246558,1
55267139,1
55241083,1
55259046,1
55226176,1
55214996,1
55188948,1
55214079,1
55275717,1
55215148,1
55264646,1
55259205,1
55261985,1
55255700,1
55259216,1
55250093,1
55196067,1
55164837,1
55250236,1
55266756,1
55186970,1
55232255,1
55267980,1
55228406,1
55272478,1
55269777,1
54880942,4
55265427,1
55228501,1
55210758,1
55278135,1
55232757,1
55276800,1
55241094,1
55269931,1
55178248,1
55278352,1
55226056,1
55193025,1
55263559,1
55197577,1
55189710,1
55228335,1
55228541,1
55264171,1
55267981,1
55170531,1
55264137,1
55269778,1
54951244,1
55276585,1
55278134,1
55250442,1
55259047,1
55236928,1
55224801,1
55195808,1
55274521,1
55213273,1
55263483,1
55263358,1
55261778,1
55270258,1
55178563,1
55203127,1
55250313,1
55261335,1
55273574,1
55110195,1
55185547,1
55262989,1
55272913,1
55230372,1
55178176,1
55270144,1
55235986,1
55266375,1
55220837,1
55144272,1
55248290,1
55208271,1
55197690,1
55247316,1
55238995,1
55219908,1
55149465,1
55255742,1
55152769,1
55272458,1
55253100,1
55228631,1
55276787,1
55254583,1
55267172,1
55276790,1
55278351,1
55267326,1
55281104,1
55238791,1
55236347,1
55270259,1
55240042,1
55195021,1
55238994,1
55200447,1
55168671,1
55129230,1
55078165,1
55234055,1
55240379,1
55267918,1
55278939,1
55280677,1
55233962,1
55264273,1
55243392,1
55257366,1
55279532,1
55245287,1
55276855,1
55244144,1
55267388,1
55245261,1
55276856,1
55166812,1
55267389,1
55220466,1
55246803,1
55204355,1
55259217,1
55208213,1
55233411,1
55193299,1
55267488,1
55229047,1
55274848,1
55283084,1
55189262,1
55167363,1
55257045,1
55273292,1
55152136,1
55273573,1
55202213,1
55264251,1
55283487,1
55166236,1
55213595,1
55280773,1
55099430,1
55239516,1
55267263,1
55221576,1
55276624,1
55280946,1
55270002,1
55274028,1
55173602,1
55165295,1
55280982,1
55266115,1
55282690,1
55264740,1
55264799,1
55268909,1
55157328,1
54834791,4
55181524,1
55233750,1
55286103,1
55273293,1
55275096,1
55229306,1
55280671,1
55280672,1
55246065,1
55211985,1
55275187,1
55242422,1
55272646,1
55215041,1
55225778,1
55269988,1
55269992,1
55276743,1
55240933,1
55232491,1
55276843,1
55197186,1
55120967,1
55213594,1
55211202,1
55271572,1
55256409,1
55282760,1
55264850,1
55275887,1
55205819,1
55266374,1
55143943,1
55269530,1
55237453,1
55240258,1
55268032,1
55192807,1
55261340,1
55215617,1
55245975,1
55258618,1
55287276,1
55284562,1
55149589,1
55284561,1
55286352,3
55284854,1
55228542,1
55265613,1
55286506,1
55206593,1
55227657,1
55222091,1
55286738,1
55286739,1
55220704,1
55239016,1
55275945,1
55236348,1
55284178,1
55143968,1
55270607,1
55180001,1
55244871,1
55272441,1
55281541,1
55273629,1
55207402,1
55250438,1
55100710,1
55260220,1
55235810,1
55209488,1
55214904,1
55216499,1
55220757,1
55274522,1
55228989,1
55288577,1
55285834,1
55237274,1
55252823,1
55280307,1
55275944,1
55255699,1
55275886,1
55245649,1
55222677,1
55203142,1
55263933,1
55049068,1
55143981,1
55244744,1
55251417,1
55244813,1
55286102,1
55290133,1
55287434,1
55162666,1
55268160,1
55242216,1
55272647,1
55287433,1
55125465,1
55225653,1
55289164,1
55256171,1
55161582,1
55283643,1
54828756,4
55201179,1
55289163,1
55285146,1
55283782,1
55056853,1
55278638,1
55250121,1
55291499,1
55258606,1
55278707,1
55240368,1
55272467,1
55267678,1
55289967,1
55265368,1
55288929,1
55245870,1
55259624,1
55254426,1
55274040,1
55269944,1
55241285,1
55276786,1
55280983,1
55197576,1
55285341,1
55215042,1
55242517,1
55256341,1
55248355,1
55204356,1
55264739,1
55196095,1
55239300,1
55288892,1
55220151,1
55273545,1
55266979,1
55244926,1
55288928,1
55170652,1
55251803,1
55291814,1
55291813,1
55081481,1
55276799,1
55081680,1
55238585,1
55289294,1
55285218,1
55281119,1
55293644,1
55260421,1
55246597,1
55274865,1
55291498,1
55154805,1
55100180,1
55289707,1
55166235,1
55255730,1
55261262,1
55201054,1
55155703,1
55247738,1
55147345,1
55291924,1
55290426,1
55287612,1
55272630,1
55086116,1
55278264,1
55221577,1
55244143,1
55073478,1
55190299,1
55289491,1
55285327,1
55288335,1
55233688,1
55111761,1
55194111,1
55245904,1
55270608,1
55264138,1
55291805,1
55184839,1
55268223,1
55181891,1
55225844,1
55241474,1
55285147,1
55084526,1
55208509,1
55268797,1
55285219,1
55239891,1
55256548,1
55288334,1
55274780,1
55289700,1
55100263,1
55289706,1
55295207,1
55281704,1
55295454,1
55295594,1
55237974,1
55238019,1
55227385,1
55295874,1
55240932,1
55265703,1
55286451,1
55036405,1
55282474,1
55247159,1
55214899,1
55275721,1
55256330,1
55228722,1
55238188,1
55292333,1
55275036,1
55291508,1
55215371,1
55239251,1
55206356,1
55297954,1
55295206,1
55229286,1
55229305,1
55164201,1
55291608,1
55290132,1
55291755,1
55272479,1
55216068,1
55269943,1
55298961,1
55271401,1
55286576,1
55237314,1
55233489,1
55215177,1
55284177,1
54992895,1
55297955,1
55278938,1
55253032,1
55264317,1
55069208,1
55257046,1
55300139,1
55297503,1
55286452,1
55278388,1
54849345,4
55258113,1
55259151,1
55223301,1
55244161,1
55206234,1
55285835,1
55299586,1
55292405,1
55292332,1
55206899,1
55294189,1
55064420,1
55190824,1
55280525,1
55267877,1
55264087,1
55289979,1
55299913,1
55278983,1
55280762,1
55286412,1
55277130,1
55286504,1
55286507,1
55297504,1
55285340,1
55266409,1
55238643,1
55266114,1
55273019,1
55277386,1
55293798,1
55282990,1
55269227,1
55264744,1
55302261,1
55269226,1
55258425,1
55163154,1
55186808,1
55232252,1
55278866,1
55294300,1
55302600,1
55266950,1
55287124,1
55283386,1
55294490,1
55284486,1
55295593,1
55261261,1
55199352,1
55271213,1
55293305,1
55184714,1
55286505,1
55210722,1
55259035,1
55220467,1
55299006,1
55302992,1
55292053,1
55244009,1
55296307,1
55146543,1
55278499,1
55174930,1
55289439,1
55183608,1
55303206,1
55251001,1
55272914,1
55299587,1
55234504,1
55259231,1
55241740,1
55265099,1
55186971,1
55231241,1
55280676,1
55297208,1
55294467,1
55250312,1
55218371,1
55297392,1
55301272,1
55250578,1
55275536,1
55238048,1
55270145,1
55285178,1
55299007,1
55263220,1
55299180,1
55282876,1
55271554,1
55226177,1
55278521,1
55109305,1
55305137,1
55253842,1
55278619,1
55228960,1
54957574,1
55214602,1
55295245,1
55303479,1
55254248,1
55256026,1
55291754,1
55256027,1
55166356,1
55223144,1
55286260,1
55283486,1
55295984,1
55295873,1
55280763,1
55295877,1
55293306,1
55202552,1
55304432,1
55291980,1
55285446,1
55305912,1
55274499,1
55262129,1
55280277,1
55299699,1
55162106,1
55281408,1
55288576,1
55243446,1
55275186,1
55050673,1
55255879,1
55305396,1
55261372,1
55264316,1
55289978,1
55288891,1
55298725,1
55273878,1
55279561,1
55195807,1
55251760,1
55301763,1
55304477,1
55281141,1
55220611,1
55304691,1
55278618,1
55308003,1
55233749,1
55305353,1
55243391,1
55308088,1
55258574,1
55242516,1
55277963,1
55294466,1
55291804,1
55291781,1
55272742,1
55303155,1
55226026,1
55270043,1
55257812,1
55230145,1
55285179,1
55293470,1
55220656,1
55285566,1
55294921,1
55296525,1
55303156,1
55259206,1
55261914,1
55305911,1
55271856,1
55302208,1
55157377,1
55247048,1
55143219,1
55306204,1
55300698,1
55262335,1
55283330,1
55270669,1
55200991,1
55243453,1
55250579,1
55259722,1
55249253,1
55213642,1
55301764,1
55253315,1
55188980,1
55245262,1
55302934,1
55305813,1
55235384,1
55308626,1
55305814,1
55299181,1
55250744,1
55280947,1
55285326,1
55263669,1
55262023,1
55234413,1
55291069,1
55249802,1
55274847,1
55259323,1
55217850,1
55231570,1
55291509,1
55264892,1
55222841,1
55308087,1
55295244,1
55288866,1
55163333,1
55237922,1
55256866,1
55305395,1
55261420,1
55309370,1
54855204,4
55276597,1
55306968,1
55246596,1
55300268,1
55300269,1
55267325,1
55307318,1
55233149,1
55145473,1
55311491,1
55282991,1
55278600,1
55215358,1
55203618,1
55289966,1
55182938,1
55256971,1
55309436,1
55308332,1
55283642,1
55309743,1
55227566,1
55029888,1
55312726,1
55274051,1
55296291,1
55278265,1
55299347,1
55293781,1
55249801,1
55239017,1
55183931,1
55278601,1
55178143,1
55247231,1
55271785,1
55308004,1
55295188,1
55189737,1
54999085,1
55303480,1
55262336,1
55049651,1
55261328,1
55287123,1
55251802,1
55264172,1
55309366,1
55308333,1
55286424,1
55220437,1
55080036,1
55240673,1
54875017,4
55312576,1
55312575,1
55276596,1
55268755,1
55298960,1
55304478,1
55311343,1
55258114,1
55236128,1
55310209,1
55282897,1
55303163,1
55264617,1
55195870,1
55253843,1
55203669,1
55258546,1
55150069,1
55302851,1
55315127,1
55198198,1
55306919,1
55295985,1
55309986,1
55304497,1
55311394,1
55278639,1
55310210,1
55264500,1
55313096,1
55282917,1
55272242,1
55228988,1
55310778,1
55264722,1
55314458,1
55253267,1
55266757,1
55250402,1
55215984,1
55237923,1
55222994,1
55306511,1
55294489,1
55311878,1
55245976,1
55313758,1
55192476,1
55294594,1
55259988,1
55315300,1
55191148,1
55261677,1
55306936,1
55315299,1
55275606,1
55316729,1
55204052,1
55276868,1
55314097,1
55311320,1
55264501,1
55259232,1
55300319,1
55277131,1
55202485,1
55288200,1
55311393,1
55270198,1
55304690,1
55282916,1
55311588,1
55305085,1
55317190,1
55061393,1
55255807,1
55284368,1
55192808,1
55306918,1
55315126,1
55256193,1
55268287,1
55232241,1
55291925,1
55296292,1
55316822,1
55270193,1
55309998,1
55271185,1
55288148,1
55311266,1
55311344,1
55261678,1
55280306,1
55286824,1
55315743,1
55203972,1
55265674,1
55311589,1
55267487,1
55294091,1
55314373,1
55282896,1
55274670,1
55303265,1
55303397,1
55197773,1
55295118,1
55317181,1
55317182,1
55311710,1
55267665,1
55012109,1
55262312,1
55292584,1
55306512,1
55269845,1
55265428,1
55317952,1
55262503,1
55298724,1
55293469,1
55208272,1
55318212,1
55319528,1
55280846,1
55163812,1
55310038,1
55206748,1
55274506,1
55297739,1
55270199,1
55315742,1
55285754,1
55268886,1
55314359,1
55271784,1
55317185,1
55306030,1
55306120,1
55173199,1
55217319,1
55305352,1
55280656,1
55284367,1
55281017,1
55099971,1
55283783,1
55177986,1
55264559,1
55319529,1
55248127,1
55318380,1
55256549,1
55294935,1
55313323,1
55319992,1
55250238,1
55313621,1
55154212,1
55221415,1
55317592,1
55238309,1
55316916,1
55278520,1
55254944,1
55261892,1
55291373,1
55284069,1
55283085,1
55253680,1
55307888,1
55316514,1
55234384,1
55313757,1
55308375,1
55238049,1
55250326,1
55320499,1
55317943,1
55309487,1
55260668,1
55147203,1
55271620,1
55262990,1
55306969,1
55320896,1
55316915,1
55282761,1
55063917,1
55250122,1
55317514,1
55196642,1
55288820,1
55317515,1
55297209,1
55309435,1
55294593,1
55317752,1
55280999,1
55163259,1
55313943,1
55272624,1
55279531,1
55315266,1
55322281,1
55321018,1
55169868,1
55188703,1
55311453,1
55265648,1
55318502,1
55274498,1
55264851,1
55275035,1
55196005,1
55319868,1
55321530,1
55274757,1
55225355,1
55305369,1
55045154,1
55317310,1
55311980,1
55310840,1
55324832,1
55324819,1
55308382,1
55315265,1
55236816,1
55244008,1
55173862,1
55303135,1
55288182,1
55271555,1
55231289,1
55321275,1
55312013,1
55284392,1
55317753,1
55302601,1
55298202,1
55264928,1
55276165,1
55239517,1
55256126,1
55317832,1
55272584,1
55301258,1
55202327,1
55298713,1
55302991,1
55323711,1
55326650,1
55310039,1
55244140,1
55314202,1
55305931,1
55311231,1
55238308,1
55123714,1
55322343,1
55322414,1
55296398,1
55302262,1
55319838,1
55211521,1
55327116,1
55303385,1
55267876,1
55234871,1
55223914,1
55253268,1
55246392,1
55261465,1
55273816,1
55246185,1
55300140,1
55265797,1
55319423,1
55281142,1
55322282,1
55261466,1
55287802,1
55306937,1
55329114,1
55256078,1
55318300,1
55271494,1
55241312,1
55303164,1
55309976,1
55297677,1
55323965,1
55315761,1
55279851,1
55318527,1
55322560,1
55268910,1
55149189,1
55314277,1
55327046,1
55329634,1
55302207,1
55247436,1
55319998,1
55313530,1
55319999,1
55245930,1
55259746,1
55245929,1
55328405,1
55232242,1
55245888,1
55328406,1
55325857,1
55275261,1
55284391,1
55280772,1
55315061,1
55271279,1
55319365,1
55328778,1
55330410,1
55306870,1
55293448,1
55289295,1
55282473,1
55307319,1
55321022,1
55316821,1
55314189,1
55314087,1
55322415,1
55252315,1
55316935,1
55318495,1
55297797,1
55267512,1
55206121,1
55305084,1
55278706,1
55034289,1
55281542,1
55331053,1
55324690,1
55270841,1
55300748,1
55317593,1
55325840,1
55283663,1
55216085,1
55290398,1
55319424,1
55104622,1
55287731,1
55271214,1
55324993,1
55319533,1
55316730,1
55322326,1
55326327,1
55307060,1
55331929,1
55319660,1
55329549,1
55319659,1
55314276,1
55231547,1
55279852,1
55329635,1
55325275,1
55025779,1
55308898,1
55261016,1
55281373,1
55332858,1
55300747,1
55267786,1
55260053,1
55216145,1
55268033,1
55276867,1
55290520,1
55254945,1
55272720,1
55330494,1
55274029,1
55311267,1
55331996,1
55269930,1
55315836,1
55304599,1
55297678,1
55173653,1
55329750,1
55285483,1
55288181,1
55291372,1
55324431,1
55314770,1
55275260,1
55272468,1
55328569,1
55328568,1
55330248,1
55149638,1
55261690,1
55289017,1
55333151,1
55297360,1
55273879,1
55330493,1
55318066,1
55304592,1
55258605,1
55215151,1
55261913,1
55247160,1
55303207,1
55030091,1
55324319,1
55315747,1
55327997,1
55306113,1
55303264,1
55184880,1
55306112,1
55335671,1
55330185,1
55332932,1
55166687,1
55286288,1
55303783,1
55331426,1
55268224,1
55152770,1
55333114,1
55302852,1
55310871,1
55328777,1
55280655,1
55333152,1
55331613,1
55331621,1
55330409,1
55268858,1
55327772,1
55291826,1
55336116,1
55165209,1
55294782,1
55206908,1
55318494,1
55296397,1
55215152,1
55311621,1
55330826,1
55330825,1
55268979,1
55307604,1
55336358,1
55285510,1
55216819,1
55324048,1
55299698,1
55289699,1
55229099,1
55300697,1
55294322,1
55291599,1
55332859,1
55332933,1
55310869,1
55303784,1
55303712,1
55291780,1
55286413,1
55276844,1
55246006,1
55313942,1
55209507,1
55278982,1
55330534,1
55319364,1
55317833,1
55336090,1
55326328,1
55271495,1
55330612,1
55305009,1
55301909,1
55316961,1
55336359,1
55335149,1
55319900,1
55335105,1
55300560,1
55299331,1
55294920,1
55155573,1
55198141,1
55270670,1
55325858,1
55284485,1
54932228,4
55331595,1
55289129,1
55083779,1
55217680,1
55182627,1
55256418,1
55287611,1
55257698,1
55129626,1
55293749,1
55325241,1
55263602,1
55333539,1
55296524,1
55336296,1
55290519,1
55278660,1
55312036,1
55338416,1
55328669,1
55330360,1
55210518,1
55337191,1
55311230,1
55298543,1
55334649,1
55333217,1
55336117,1
55246539,1
55289438,1
55339084,1
55337837,1
55333516,1
55278414,1
55301910,1
55333517,1
55339142,1
55302430,1
55300320,1
55274669,1
55336447,1
55333727,1
55332629,1
55272243,1
55246005,1
55288876,1
55064419,1
55338415,1
55336754,1
55332968,1
55314473,1
55320304,1
55335740,1
55276164,1
55339700,1
55328695,1
55331620,1
55339872,1
55269993,1
55157130,1
55284855,1
55149558,1
55338830,1
55315423,1
55312773,1
55327967,1
55339077,1
55233140,1
55327082,1
55270256,1
55286767,1
55318724,1
55327998,1
55338157,1
55322559,1
55186617,1
55319908,1
55319951,1
55266302,1
55305277,1
55314474,1
55338427,1
55335659,1
55292800,1
55338549,1
55305368,1
55338550,1
55336945,1
55270569,1
55302585,1
55337069,1
55290403,1
55337070,1
55299963,1
55296012,1
55286259,1
55336946,1
55331612,1
55259987,1
55266951,1
55324818,1
55342837,1
55322169,1
55337201,1
55282593,1
55283934,1
55297435,1
55336111,1
55307061,1
55255235,1
55334650,1
55337676,1
55311454,1
55283933,1
55311386,1
55329369,1
55340566,1
55334997,1
55330766,1
55321446,1
55319672,1
55341844,1
55327968,1
55321282,1
55335271,1
55328050,1
55282883,1
55248389,1
55273638,1
55338426,1
55292799,1
55308200,1
55273273,1
55301271,1
55333115,1
55330499,1
55309488,1
55338775,1
55308374,1
55340151,1
55326291,1
55288032,1
55257547,1
55329421,1
55341760,1
55327083,1
55317191,1
55325191,1
55313531,1
55288492,1
55324221,1
55179196,1
55175719,1
55313322,1
55267679,1
55283387,1
55320305,1
55310870,1
55344125,1
55315060,1
55256050,1
55294579,1
55338742,1
55344324,1
55338831,1
55333283,1
55338850,1
55265673,1
55208119,1
55305930,1
55341805,1
55220612,1
55175720,1
55266200,1
55306203,1
55047979,1
55308054,1
55246305,1
55311979,1
55271017,1
55320498,1
55324907,1
55344137,1
55323712,1
55341520,1
55334591,1
55314190,1
55344378,1
55341804,1
55292406,1
55257699,1
55343801,1
55339149,1
55237378,1
55329751,1
55291305,1
55339302,1
55294282,1
55275942,1
55168519,1
55299817,1
55336753,1
55300006,1
55346841,1
55288877,1
55301136,1
55298544,1
55345497,1
55249096,1
55275477,1
55343009,1
55330500,1
55304593,1
55338807,1
55241311,1
55331973,1
55281120,1
55304789,1
55289261,1
55296308,1
55182939,1
55330613,1
55200334,1
55288239,1
55348836,1
55285511,1
55319993,1
55338156,1
55346396,1
55346395,1
55339076,1
55236129,1
55343802,1
55307887,1
55233396,1
55242855,1
55313620,1
55345111,1
55273447,1
55338491,1
55335741,1
55325839,1
55256077,1
55291827,1
54893531,4
55339724,1
55289128,1
55306826,1
55231218,1
55345366,1
55309369,1
55340150,1
54889068,4
55341662,1
55318213,1
55256417,1
55330674,1
55268788,1
55332165,1
55212655,1
55324382,1
55104145,1
55302521,1
55294301,1
55319094,1
55332969,1
55312037,1
55343945,1
55314769,1
55339873,1
55350616,1
55324691,1
55197140,1
55320129,1
55344064,1
55259745,1
55347088,1
55315422,1
55340432,1
55347195,1
55268644,1
55349891,1
55311490,1
55331995,1
55304598,1
55219898,1
55239752,1
55341761,1
55341837,1
55344666,1
55286823,1
55244003,1
55307844,1
55346559,1
55347580,1
55343997,1
55310781,1
55349444,1
55350612,1
55286287,1
55338636,1
55336880,1
55344065,1
55317482,1
55312365,1
55345678,1
55334740,1
55271186,1
55345677,1
55276584,1
55243445,1
55300400,1
55330507,1
55280998,1
55318311,1
55350001,1
55315837,1
55285755,1
55351733,1
55341843,1
55283092,1
55301997,1
55319901,1
55252641,1
55293643,1
55338298,1
55314459,1
55270216,1
55256972,1
55280604,1
55342396,1
55317340,1
55344192,1
55303885,1
55344162,1
55350810,1
55337202,1
55350848,1
55311999,1
55350811,1
55306827,1
55349786,1
55349785,1
55344325,1
55308404,1
55340312,1
55321021,1
55352749,1
55296364,1
55319676,1
55316084,1
55351690,1
55319928,1
55291070,1
55324383,1
55347754,1
55273446,1
55225535,1
55312364,1
55336879,1
55305686,1
55308235,1
55352468,1
55350945,1
55348353,1
55338776,1
55352617,1
55311321,1
55352613,1
55282691,1
55315359,1
55352660,1
55334739,1
55293750,1
55305008,1
55281042,1
55354227,1
55344377,1
55340682,1
55322309,1
55311613,1
55321447,1
55290906,1
54896711,4
55348930,1
55346277,1
55352914,1
55291973,1
55317110,1
55344603,1
55335106,1
55335179,1
55354575,1
55352164,1
55331012,1
55195978,1
55270556,1
55343887,1
55218506,1
55267779,1
55350565,1
55347753,1
55352286,1
54904539,4
55309074,1
55080037,1
55312514,1
55346840,1
55335761,1
55297391,1
55330223,1
55345498,1
55322327,1
55350998,1
55345570,1
55324906,1
55344340,1
55320895,1
55338808,1
55349912,1
55316085,1
55348837,1
55356974,1
55344480,1
55270044,1
55357096,1
55357180,1
55231787,1
55333710,1
55321834,1
55292482,1
55316513,1
55343996,1
55355146,1
55350611,1
55353442,1
55355147,1
55273817,1
55355290,1
55324810,1
55319555,1
55341521,1
55333284,1
54977762,4
55322308,1
55309744,1
55303134,1
55250918,1
55324948,1
55357103,1
55321025,1
55351380,1
55356890,1
55350000,1
55347257,1
55350198,1
55339085,1
55325274,1
55344621,1
55352880,1
55313097,1
55321747,1
55354491,1
55264891,1
55311877,1
55316413,1
55358793,1
55356131,1
55353441,1
55281703,1
55263027,1
55353589,1
55350944,1
55345352,1
55349733,1
55341468,1
55182068,1
55354126,1
55358186,1
55355478,1
55356931,1
55340565,1
55357405,1
55304377,1
55351689,1
55299330,1
55350230,1
55316936,1
55357573,1
55336443,1
55357406,1
55211077,1
55324396,1
55353135,1
55336748,1
55344884,1
55357718,1
55358794,1
55352322,1
55319398,1
55316691,1
55319415,1
55324833,1
55289016,1
55358185,1
55288147,1
55276911,1
55358237,1
55324222,1
55160145,1
55320929,1
55359798,1
55293447,1
55357102,1
55304376,1
55327047,1
55344602,1
55359942,1
55344559,1
55296306,1
55344622,1
55344533,1
55317184,1
55336442,1
55295205,1
55343519,1
55266303,1
55137042,1
55174344,1
55204593,1
55353134,1
55360489,1
55353316,1
55344136,1
55350857,1
55350856,1
55284623,1
55304216,1
55346929,1
55358006,1
55232534,1
55346928,1
55256194,1
55348352,1
55336080,1
55324156,1
55340745,1
55357181,1
55361104,1
55361227,1
55350197,1
55311612,1
55302429,1
55050672,1
55143944,1
55308234,1
55349445,1
55311892,1
55350615,1
55341326,1
55359018,1
55250237,1
55345569,1
55273639,1
55358033,1
55294578,1
55353829,1
55317934,1
55317953,1
55352696,1
55319677,1
55335180,1
55363807,1
55314096,1
55257365,1
55296493,1
55184859,1
55311527,1
55214630,1
55353317,1
55354974,1
55321881,1
55278867,1
55265647,1
55300005,1
55317341,1
55363359,1
55260222,1
55212223,1
55355176,1
55334592,1
55293797,1
55349892,1
55347194,1
55356975,1
55362544,1
55233220,1
55288493,1
55326906,1
55325242,1
55359936,1
55324397,1
55335468,1
55346278,1
55339303,1
55292265,1
55254247,1
55237975,1
55331329,1
55335658,1
55342210,1
55364447,1
55361542,1
55251963,1
55328668,1
55357906,1
55337192,1
55345365,1
55227383,1
55362136,1
55344245,1
55356855,1
55337339,1
55296363,1
55286407,1
55362483,1
55356734,1
55353991,1
55269886,1
55357114,1
55357176,1
55330671,1
55306029,1
55343552,1
55361105,1
55310225,1
55350229,1
55329899,1
55265369,1
55366075,1
55352287,1
55366005,1
55305414,1
55345149,1
55367647,1
55365086,1
55185441,1
55329332,1
55321185,1
55231786,1
55344536,1
55358284,1
55301913,1
55269887,1
55343778,1
55359937,1
55332598,1
55338091,1
55235839,1
55330076,1
55327371,1
55308136,1
55355169,1
55366106,1
55295831,1
55308135,1
55040335,1
55356735,1
55352616,1
55367648,1
55363627,1
55367917,1
55315746,1
55331828,1
55297738,1
55368082,1
55362619,1
55329898,1
55320987,1
55357331,1
55310780,1
55306696,1
55267759,1
55129407,1
55041477,1
55364448,1
55350999,1
55286115,1
55288821,1
55364675,1
55294781,1
55353992,1
55344479,1
55314358,1
55293782,1
55315760,1
55344558,1
55318381,1
55368342,1
55178177,1
55340921,1
55341952,1
55330813,1
55338129,1
55355854,1
55339150,1
55291533,1
55253681,1
55289644,1
55363313,1
55328696,1
55367263,1
55328713,1
55319416,1
55330640,1
55311183,1
55266201,1
55358283,1
55309985,1
55368281,1
55367916,1
55344583,1
55368343,1
55365577,1
55369559,1
55331011,1
55341967,1
55271857,1
55369725,1
55154362,1
55319215,1
55366060,1
55331176,1
55368846,1
55359017,1
55267778,1
55364465,1
55366291,1
55370531,1
55365087,1
55335164,1
55338008,1
55365576,1
55365348,1
55361153,1
55362629,1
55366701,1
55341951,1
55364051,1
55338009,1
55342062,1
55336446,1
55336532,1
55146382,1
55207419,1
55308053,1
55344042,1
55366006,1
55360490,1
55350661,1
55374404,1
55332950,1
55290677,1
55322024,1
55362385,1
55338741,1
55371970,1
55333243,1
55314304,1
55359797,1
55317109,1
55366702,1
55361226,1
55357363,1
55350291,1
55355035,1
55352321,1
55353436,1
55312000,1
55355104,1
55345112,1
55341327,1
55370007,1
55360644,1
55265847,1
55367478,1
55331974,1
55308403,1
55358007,1
55322047,1
55373255,1
55329115,1
55340488,1
55330673,1
55362482,1
55370838,1
55362666,1
55374849,1
55361244,1
55291532,1
55343553,1
55340920,1
55343692,1
55255341,1
55251115,1
55354910,1
55321835,1
55163071,1
55317232,1
55375123,1
55335665,1
55325701,1
55368804,1
55367256,1
55301135,1
55336919,1
55331852,1
55313616,1
55371617,1
55371653,1
55305415,1
55342395,1
55374403,1
55350625,1
55348132,1
55326113,1
55355289,1
55347089,1
55375924,1
55370393,1
55318187,1
55303711,1
55376087,1
55321184,1
55305866,1
55354492,1
55335181,1
55328049,1
55264357,1
55310779,1
55270570,1
55363314,1
55367181,1
55377184,1
55353792,1
55377183,1
55333219,1
55318301,1
55344244,1
55353818,1
55370394,1
55322342,1
55376088,1
55272719,1
55334533,1
55368187,1
55330670,1
55285946,1
55336401,1
55376924,1
55331425,1
55377084,1
55339329,1
55345351,1
55356447,1
55357907,1
55217419,1
55378523,1
55328744,1
55334637,1
55344326,1
55272585,1
55366452,1
55362368,1
55343401,1
55349990,1
55343693,1
55218065,1
55294188,1
55317331,1
55317231,1
55317483,1
55371457,1
55367146,1
55372647,1
55377085,1
55367366,1
55334526,1
55324974,1
55333244,1
55378635,1
55352612,1
55357177,1
55274872,1
55377734,1
55336295,1
55379269,1
55374014,1
55347449,1
55331338,1
55330184,1
55361541,1
55276481,1
55344041,1
55298440,1
55378313,1
55297567,1
55366349,1
55298564,1
55338727,1
55344339,1
55370837,1
55344534,1
55362615,1
55316960,1
55379270,1
55354564,1
55350292,1
55308899,1
55300650,1
55338090,1
55333728,1
55330086,1
55321880,1
55316412,1
55379707,1
55330359,1
55316506,1
55342452,1
55377087,1
55344191,1
55331175,1
55367477,1
55378314,1
55331954,1
55357966,1
55342701,1
55358003,1
55315154,1
55374848,1
55377574,1
55344584,1
55377733,1
55359919,1
55357574,1
55344667,1
55372177,1
55383135,1
55382441,1
55336531,1
55319925,1
55242837,1
55332844,1
55163212,1
55347579,1
55375122,1
55361366,1
55355036,1
55380674,1
55367145,1
55338670,1
55326114,1
55180070,1
55310841,1
55335666,1
55220089,1
55341467,1
55336747,1
55358092,1
55342451,1
55200170,1
55380149,1
55384295,1
55365077,1
55349885,1
55337675,1
55326292,1
55290921,1
55319375,1
55324049,1
55301914,1
55350125,1
55245427,1
55335163,1
55149074,1
55372313,1
55218396,1
55350626,1
55355105,1
55328429,1
55272442,1
55363360,1
55378321,1
55366061,1
55165294,1
55381368,1
55331829,1
55309975,1
55335939,1
55297566,1
55369221,1
55355833,1
55314201,1
55361309,1
55331150,1
55338492,1
55346664,1
55339725,1
55338671,1
55345061,1
55364466,1
55323028,1
55386637,1
55337095,1
55386803,1
55338758,1
55304261,1
55281016,1
55380128,1
55334631,1
55287829,1
55384294,1
55329548,1
55221414,1
55366657,1
55363955,1
55374864,1
55214265,1
55358608,1
55312725,1
55303386,1
55364052,1
55305136,1
55379703,1
55289643,1
55377957,1
55386186,1
55356130,1
55302522,1
55357847,1
55322025,1
55389492,1
55287275,1
55324846,1
55371829,1
55380129,1
54935555,4
55367951,1
55336089,1
55347237,1
55379143,1
55374865,1
55341791,1
55338128,1
55359749,1
55162559,1
55334638,1
55372178,1
55390413,1
55342014,1
55352168,1
55386132,1
55380780,1
55360645,1
55339935,1
55323027,1
55338851,1
55334534,1
55385439,1
55377278,1
55342702,1
55344335,1
55387012,1
55320886,1
55326260,1
55315654,1
55384560,1
55212226,1
55339122,1
55319673,1
55385871,1
55349267,1
55311509,1
55374053,1
55376736,1
55390557,1
55364112,1
55360110,1
55366815,1
55247437,1
55288199,1
55391622,1
55352167,1
55332951,1
55390744,1
55367182,1
55386315,1
55356357,1
55377872,1
55352335,1
55378275,1
55297436,1
55379938,1
55356635,1
55263028,1
55358032,1
55387011,1
55326259,1
55349649,1
55374773,1
55391151,1
55285649,1
55352915,1
55366548,1
55357330,1
55311528,1
55350059,1
55337997,1
55349268,1
55376632,1
55327229,1
55387871,1
55261984,1
55376923,1
55383265,1
55330113,1
55374272,1
55386133,1
55382551,1
55342209,1
55210274,1
55378524,1
55331853,1
55331928,1
55340313,1
55351330,1
55355514,1
55335150,1
55219907,1
55348931,1
55351734,1
55302108,1
55393045,1
55374054,1
55388781,1
55390695,1
55303299,1
55294321,1
55345062,1
55389213,1
55349779,1
55379852,1
55308383,1
55389335,1
55350849,1
55378276,1
55352469,1
55382621,1
55355389,1
55360807,1
55389336,1
55362069,1
55395220,1
55306871,1
55366549,1
55379165,1
55359547,1
55368083,1
55394050,1
55387188,1
55392745,1
55366642,1
55314303,1
55372236,1
55363956,1
55370888,1
55390549,1
55376735,1
55390550,1
55286158,1
55391621,1
55396294,1
55376989,1
55396332,1
55361998,1
55388154,1
55393666,1
55368805,1
55364676,1
55346988,1
55395122,1
55366453,1
55370392,1
55165530,1
55370781,1
55367952,1
55362618,1
55377724,1
55390414,1
55361245,1
55388804,1
55375038,1
55339328,1
55376988,1
55389154,1
55366097,1
55389082,1
55356356,1
55363471,1
55342838,1
55317935,1
55391199,1
55398409,1
55296305,1
55393044,1
55394051,1
55231759,1
55319726,1
55366641,1
55362918,1
55353075,1
55389153,1
55344883,1
55335672,1
55389635,1
55389636,1
55308627,1
55399458,1
55326651,1
55396880,1
55350126,1
55365767,1
55336400,1
55377604,1
55355615,1
55362614,1
55368672,1
55375012,1
55240257,1
55338369,1
55377005,1
55393500,1
55366072,1
55367126,1
55397570,1
55385386,1
55396525,1
55297534,1
55394985,1
55299914,1
55396528,1
55397936,1
55271056,1
55324916,1
55393884,1
55286575,1
55393908,1
55362431,1
55319532,1
55130913,1
55356887,1
55393052,1
55398410,1
55326907,1
55372257,1
55373876,1
55338299,1
55394555,1
55398987,1
55369916,1
55374273,1
55399079,1
55377088,1
55367125,1
55347975,1
55349911,1
55393665,1
55311202,1
55348230,1
54937358,4
55385576,1
55326235,1
55351331,1
55363808,1
55400796,1
55391218,1
55376272,1
55395549,1
55395550,1
55398512,1
55355780,1
55263934,1
55394399,1
55320128,1
55220090,1
55338406,1
55342069,1
55386187,1
55386529,1
55378329,1
55311073,1
55397569,1
55339979,1
55399366,1
55403658,1
55399457,1
55354150,1
55369286,1
55365105,1
55356930,1
55261787,1
55294738,1
55329368,1
55402542,1
55384942,1
55375032,1
55386107,1
55330114,1
55367365,1
55277964,1
55377006,1
55401834,1
55396526,1
55402139,1
55397981,1
55388503,1
55208077,1
55396774,1
55275537,1
55371985,1
55360889,1
55363092,1
55396926,1
55372162,1
55387533,1
55339120,1
55402543,1
55353007,1
55231018,1
55363207,1
55374250,1
55220150,1
55309215,1
55352231,1
55383665,1
55404638,1
55379851,1
55386433,1
55356446,1
55402042,1
55352695,1
55382622,1
55341663,1
55376134,1
55297533,1
55304433,1
55362628,1
55391152,1
55326236,1
55380151,1
55392630,1
55349991,1
55332392,1
55362667,1
55401180,1
55406679,1
55396985,1
55387872,1
55374013,1
55317104,1
55305510,1
55402845,1
55397490,1
55273272,1
55392048,1
55392187,1
55339701,1
55392003,1
55384046,1
55331330,1
55392321,1
55265614,1
55403359,1
55301257,1
55365104,1
55352750,1
55392629,1
55368262,1
55390059,1
55393982,1
55365150,1
55311711,1
55362258,1
55401206,1
55359774,1
55261015,1
55357340,1
55382065,1
55321274,1
55362960,1
55355616,1
55349115,1
55360109,1
55311510,1
55315655,1
55306121,1
55386104,1
55407393,1
55382838,1
55377135,1
55372646,1
55383998,1
55276386,1
55353817,1
55393791,1
55393709,1
55291974,1
55355168,1
55214603,1
55369409,1
55356854,1
55390060,1
55279304,1
55401126,1
55356886,1
55343514,1
55346432,1
55372237,1
55385351,1
55386106,1
55366076,1
55402948,1
55385385,1
55335839,1
55261327,1
55376271,1
55366449,1
55355278,1
55272743,1
55407797,1
55385908,1
55281041,1
55392746,1
55405189,1
55394307,1
55394355,1
55393546,1
55407238,1
55408284,1
55402041,1
55386530,1
55389214,1
55406155,1
55385570,1
55389385,1
55384047,1
55322170,1
55308225,1
55354228,1
55330533,1
55392902,1
55395625,1
55340487,1
55391300,1
55402354,1
55377573,1
55382066,1
55372258,1
55346560,1
55375033,1
55355832,1
55330665,1
55394400,1
55394556,1
55388028,1
55306695,1
55371618,1
55412748,1
55390768,1
55363206,1
55389419,1
55396508,1
55389189,1
55397489,1
55311049,1
55362137,1
55357115,1
55382837,1
55308226,1
55267264,1
55402046,1
55327773,1
55380113,1
55409057,1
55411956,1
55391200,1
55413254,1
55412093,1
55398511,1
55412094,1
55373515,1
55410650,1
55409761,1
55373875,1
55275097,1
55331337,1
55408285,1
55412747,1
55407368,1
55407367,1
55379978,1
55368845,1
55349650,1
55385440,1
55403167,1
55390953,1
55395219,1
55407582,1
55357965,1
55344334,1
55409209,1
55358241,1
55402355,1
55370887,1
55391299,1
55352868,1
55379144,1
55361288,1
55402507,1
55369410,1
55305140,1
55332845,1
55349553,1
55404512,1
55411130,1
55407337,1
55325638,1
55334467,1
55380223,1
55335900,1
55339978,1
55334998,1
55408773,1
55378636,1
55414358,1
55388443,1
55382857,1
55360808,1
55382983,1
55349973,1
55370974,1
55332393,1
55251761,1
55410649,1
55307605,1
55329420,1
55362919,1
55413595,1
55319376,1
55415563,1
55371638,1
55404470,1
55396369,1
55404504,1
55390767,1
55391842,1
55311891,1
55350840,1
55411418,1
55378330,1
55300401,1
55349886,1
55381365,1
55375925,1
55411955,1
55380152,1
55406452,1
55363796,1
55409398,1
55361014,1
55309999,1
55407752,1
55268885,1
55379331,1
55372312,1
55393457,1
55380620,1
55393456,1
55379704,1
55291607,1
55404469,1
55399090,1
55320027,1
55405497,1
55393547,1
55404647,1
55404639,1
55404617,1
55378610,1
55355175,1
55306767,1
54960736,4
55400450,1
55408968,1
55362068,1
55319909,1
55406451,1
55344506,1
55409216,1
55259068,1
55379332,1
55416269,1
55325702,1
55410988,1
55382550,1
55342070,1
55388171,1
55373106,1
55377136,1
55333193,1
55387024,1
55366292,1
55387187,1
55396533,1
55386901,1
55409208,1
55338753,1
55407729,1
55369361,1
55381964,1
55398394,1
55418906,1
55366658,1
55349248,1
55344841,1
55413652,1
55415661,1
55411417,1
55375630,1
55414168,1
55383666,1
55416992,1
55375631,1
55317942,1
55310040,1
55358242,1
55418778,1
55421623,1
55378609,1
55377723,1
55416270,1
55370987,1
55396986,1
55416299,1
55333540,1
55421799,1
55357385,1
55388782,1
55358592,1
55419401,1
55418332,1
55380779,1
55390745,1
55364267,1
55397937,1
55377230,1
55406154,1
55265846,1
55230346,1
55362055,1
55389618,1
55340744,1
55330356,1
55414646,1
55345915,1
55384806,1
55329333,1
55369362,1
55384959,1
55420414,1
55296217,1
55405335,1
55392827,1
55402508,1
55365766,1
55355855,1
55399805,1
55401623,1
55386105,1
55407308,1
55415564,1
55388142,1
55423856,1
55386216,1
55419400,1
55240380,1
55311184,1
55415662,1
55367264,1
55415727,1
55393883,1
55364685,1
55372800,1
55417281,1
55401181,1
55387567,1
55381963,1
55404114,1
55424541,1
55390558,1
55384970,1
55384971,1
55338368,1
55377958,1
55415546,1
55407230,1
55399089,1
55391841,1
55423825,1
55424896,1
55421198,1
55407394,1
55412990,1
55414192,1
55402997,1
55419639,1
55415726,1
55346989,1
55364673,1
55414191,1
55414494,1
55359332,1
55390952,1
55421345,1
55410374,1
55377279,1
55386900,1
55414336,1
55424189,1
55345924,1
55409056,1
55422944,1
55399508,1
55422945,1
55378873,1
55368673,1
55424540,1
55405336,1
55347256,1
55413594,1
55413531,1
55350170,1
55106913,1
55394356,1
55390696,1
55404648,1
55386256,1
55413787,1
55413786,1
55426560,1
55380947,1
55394591,1
55336920,1
55422290,1
55396534,1
55418541,1
55426795,1
55415943,1
55392188,1
55415991,1
55387023,1
55421481,1
55422838,1
55418777,1
55420413,1
55393195,1
55427239,1
55357364,1
55387566,1
55295204,1
55333753,1
55393300,1
55340683,1
55337838,1
55383376,1
55400131,1
55424895,1
55315155,1
55402806,1
55419483,1
55419482,1
55414169,1
55404513,1
55378322,1
55424974,1
55399235,1
55422291,1
55352334,1
55238584,1
55417079,1
55426851,1
55382856,1
55393790,1
55417575,1
55416114,1
55384805,1
55421622,1
55369202,1
55418907,1
55365293,1
55283896,1
55401159,1
55397054,1
55395838,1
55419059,1
55352879,1
55424858,1
54967662,4
55388023,1
55418492,1
55416856,1
55410375,1
55402196,1
55428358,1
55418838,1
55428321,1
55417574,1
55338757,1
55317103,1
55404113,1
55343400,1
55325350,1
55424611,1
55386103,1
55361365,1
55429306,1
55399112,1
55408294,1
55419506,1
55404618,1
55419269,1
55426561,1
55411129,1
55429456,1
55425210,1
55429408,1
55392090,1
55427853,1
55415780,1
55374326,1
55394592,1
55418590,1
55420045,1
55365076,1
55278389,1
55361847,1
55329045,1
55365349,1
55399367,1
55407917,1
55429938,1
55391395,1
55419121,1
55424826,1
55383390,1
55420992,1
55396349,1
55429375,1
55411203,1
55429562,1
55188979,1
55408840,1
55403430,1
55330423,1
55401155,1
55421615,1
55421602,1
55357097,1
55407728,1
55423378,1
55416217,1
55401547,1
55430055,1
55427238,1
55385902,1
55242856,1
55288867,1
55431995,1
55382472,1
55421927,1
55427667,1
55410131,1
55350841,1
55393650,1
55427854,1
55418526,1
55283897,1
55370008,1
55370780,1
55404989,1
55376595,1
55429957,1
55395729,1
55429007,1
55427403,1
55388805,1
55426384,1
55344842,1
55292583,1
55431996,1
55421926,1
55366071,1
55427495,1
55390857,1
55393567,1
55433225,1
55425373,1
55396761,1
55414359,1
55372089,1
55230099,1
55430017,1
55396221,1
55390241,1
55325190,1
55248310,1
55407309,1
55393716,1
55403164,1
55427892,1
55173272,1
55388172,1
55428409,1
55429636,1
55411927,1
55382984,1
55393299,1
55429852,1
55399716,1
55334632,1
55431508,1
55392903,1
55362737,1
55413532,1
55435614,1
55398745,1
55409728,1
55377779,1
55086115,1
55426385,1
55401624,1
55386255,1
55393568,1
55386434,1
55435949,1
55378300,1
55433410,1
55421283,1
55379960,1
55373107,1
55388325,1
55355279,1
55435185,1
55368280,1
55426970,1
55406396,1
55401177,1
55181523,1
55434350,1
55409773,1
55423496,1
55415337,1
55410640,1
55392004,1
55401833,1
55418358,1
55388141,1
55429387,1
55408538,1
55427893,1
55337522,1
55433614,1
55362367,1
55400563,1
55435186,1
55425403,1
55421480,1
55386932,1
55403346,1
55371830,1
55417097,1
55396773,1
55391364,1
55432714,1
55396951,1
55394361,1
55409983,1
55431644,1
55415338,1
55212820,1
55433076,1
55402673,1
55411204,1
55437633,1
55430625,1
55394986,1
55383932,1
55407546,1
55433613,1
55421344,1
55405022,1
55354149,1
55392576,1
55363391,1
55352821,1
55440007,1
55368263,1
55409762,1
55437455,1
55341172,1
55371468,1
55438605,1
55440403,1
55429416,1
55429386,1
55440407,1
55410132,1
55427835,1
55408772,1
55437884,1
55414311,1
55440617,1
55440616,1
55440651,1
55406270,1
55395837,1
55369558,1
55169869,1
55391219,1
55352765,1
55374837,1
55401125,1
55434381,1
55330765,1
55208716,1
55413711,1
55410142,1
55440394,1
55314813,1
55432073,1
55291598,1
55268796,1
55441629,1
55441696,1
55426794,1
55364266,1
55335901,1
55259630,1
55401982,1
55261421,1
55358004,1
55440740,1
55421509,1
55394122,1
55429939,1
55362907,1
55435610,1
55311562,1
55433034,1
55435667,1
55438509,1
55346663,1
55429329,1
55427836,1
55441617,1
55444309,1
55444310,1
55424009,1
55418527,1
55419507,1
55344124,1
55401983,1
55443525,1
55426002,1
55396925,1
55413642,1
55385907,1
55409738,1
55413641,1
55341968,1
55253774,1
55433067,1
55429409,1
55444244,1
55441616,1
55426687,1
55415770,1
55407606,1
55389190,1
55418493,1
55446033,1
55371652,1
55314014,1
55339934,1
55386802,1
55439658,1
55415977,1
55377541,1
55330664,1
55445156,1
55318310,1
55434149,1
55440995,1
55402332,1
55428895,1
55434448,1
55429008,1
55427541,1
55443922,1
55371456,1
55427496,1
55402947,1
55441628,1
55424827,1
55403166,1
55386285,1
55419638,1
55427894,1
55400449,1
55412989,1
55369905,1
55391082,1
55402333,1
55434349,1
55387157,1
55443703,1
55394180,1
55401548,1
55397020,1
55437454,1
55428981,1
55311385,1
55325349,1
55441128,1
55432916,1
55424580,1
55445733,1
55366096,1
55432072,1
55374280,1
55390846,1
55203549,1
55425404,1
55295832,1
55383695,1
55440406,1
55364296,1
55447093,1
55410149,1
55356634,1
55369220,1
55437908,1
55426850,1
55402126,1
55418348,1
55447758,1
55409346,1
55360195,1
55385773,1
55410793,1
55424632,1
55438288,1
55435613,1
55357725,1
55418347,1
55385326,1
55424913,1
55403441,1
55432253,1
55381534,1
55398241,1
55379166,1
55439369,1
55381087,1
55439688,1
55427016,1
55443635,1
55385575,1
55439968,1
55423497,1
55441127,1
55413623,1
55380622,1
55317309,1
55377307,1
55287987,1
55434980,1
55400132,1
55421371,1
55382769,1
55443306,1
55360720,1
55395491,1
55440957,1
55406678,1
55441035,1
55405023,1
55387780,1
55391383,1
55271687,1
55398937,1
55354854,1
55059326,4
55424859,1
55396531,1
55360719,1
55423826,1
55338726,1
55417098,1
55393986,1
55447410,1
55359596,1
55319837,1
55447595,1
55447594,1
55447780,1
55373578,1
55442518,1
55443689,1
55415942,1
55410792,1
55390360,1
55428982,1
55390343,1
55438407,1
55304788,1
55393228,1
55401725,1
55416933,1
55444507,1
55386316,1
55444506,1
55373007,1
55414184,1
55440647,1
55430831,1
55417282,1
55003615,4
55446207,1
55406641,1
55407717,1
55369511,1
55390342,1
55407916,1
55362736,1
55354855,1
55343946,1
55413651,1
55385327,1
55405453,1
55418333,1
55396451,1
55446980,1
55424010,1
55393651,1
55408526,1
55392047,1
55324949,1
55425209,1
55421369,1
55335938,1
55407685,1
55363549,1
55374836,1
55210275,1
55370814,1
55409719,1
55413624,1
55350171,1
55435668,1
55389081,1
55440477,1
55441457,1
55426686,1
55389493,1
55382736,1
55354019,1
55415764,1
55421488,1
55437896,1
55443690,1
55375011,1
55375121,1
55396350,1
55432254,1
55330249,1
55383999,1
55388326,1
55349778,1
55374327,1
55406556,1
55290922,1
55374772,1
55427078,1
55398240,1
55376380,1
55446493,1
55430045,1
55423584,1
55409217,1
55415038,1
55427542,1
55434787,1
55435950,1
55429374,1
55410527,1
55407753,1
55447779,1
55416113,1
55168426,1
55401156,1
55440994,1
55354563,1
55346431,1
55430018,1
55429956,1
55362545,1
55407131,1
55407140,1
55354911,1
55210158,1
55420991,1
55440268,1
55399113,1
55400795,1
55424302,1
55435609,1
55412263,1
55413354,1
55395626,1
55419120,1
55419249,1
55445787,1
55415545,1
55441320,1
55432203,1
55433033,1
55438846,1
55446000,1
55407716,1
55389803,1
55396529,1
55447411,1
55428357,1
55391305,1
55438049,1
55413489,1
55357386,1
55385903,1
55394270,1
55350335,1
55418230,1
55418198,1
55432116,1
55434979,1
55381411,1
55403684,1
55416949,1
55431276,1
55415990,1
55442519,1
55404085,1
55442905,1
55394362,1
55434867,1
55444243,1
55435921,1
55434866,1
55402140,1
55403165,1
55447170,1
55417080,1
55337096,1
55416855,1
55406395,1
55425374,1
55429860,1
55447590,1
55404965,1
55411869,1
55372229,1
55431584,1
55383134,1
55434537,1
55414962,1
55398746,1
55405332,1
55394284,1
55418229,1
55429073,1
55424880,1
55352232,1
55408527,1
55446838,1
55421199,1
55446839,1
55415719,1
55363548,1
55413050,1
55438050,1
55444902,1
55428336,1
55428385,1
55376133,1
55257806,1
55394181,1
55439851,1
55292481,1
55426715,1
55435922,1
55433075,1
55383375,1
55021010,4
55407714,1
55447591,1
55443352,1
55367946,1
55418834,1
55417652,1
55362906,1
55376379,1
55424633,1
55446545,1
55350051,1
55429210,1
55427448,1
55388022,1
55432110,1
55438847,1
55432204,1
55440648,1
55443335,1
55404990,1
55426221,1
55399715,1
55126298,1
55445786,1
55424771,1
55443285,1
55382737,1
55430830,1
55373254,1
55415978,1
55377540,1
55340567,1
55438311,1
55393361,1
55350336,1
55427405,1
55362824,1
55429330,1
55383933,1
55444464,1
55368186,1
55421314,1
55137043,1
55428322,1
55424377,1
55417471,1
55445385,1
55375120,1
55415763,1
55445887,1
55426726,1
55407605,1
55426787,1
55424295,1
55428794,1
55419064,1
55438257,1
55418197,1
55379706,1
55383389,1
55421039,1
55349552,1
55429452,1
55397739,1
55381088,1
55378494,1
55367747,1
55409565,1
55270217,1
55349289,1
55273508,1
55421040,1
55396293,1
55413046,1
55401160,1
55435568,1
55390040,1
55443702,1
55433711,1
55445886,1
55447094,1
55366450,1
55338754,1
55407700,1
55409240,1
55428896,1
55445427,1
55423855,1
55438992,1
55440378,1
55330075,1
55393985,1
55441982,1
55410260,1
55412095,1
55394123,1
55394271,1
55414963,1
55353076,1
55162957,1
55447109,1
55353830,1
55440659,1
55441954,1
55444690,1
55418487,1
55407785,1
55432358,1
55409564,1
55440815,1
55266408,1
55418488,1
55322046,1
55440739,1
55155994,1
55279646,1
55443154,1
55444691,1
55441953,1
55410259,1
55409397,1
55420114,1
55413268,1
55431509,1
55431277,1
55435458,1
55071130,4
55441321,1
55345150,1
55437517,1
55040627,4
55404507,1
55418589,1
55396452,1
55315176,1
55298563,1
55437895,1
55428408,1
55414495,1
55402492,1
55438101,1
55437109,1
55392432,1
55403431,1
55447043,1
55438991,1
55440757,1
55432354,1
55400564,1
55415781,1
55437960,1
55404086,1
55440956,1
55321283,1
55396333,1
55445966,1
55407336,1
55402367,1
55388502,1
55426114,1
55436800,1
55397019,1
55349114,1
55443059,1
55429563,1
55437781,1
55424190,1
55389804,1
55418826,1
55421487,1
55434447,1
55413353,1
55359331,1
55426716,1
55438604,1
55423960,1
55440379,1
55359546,1
55408969,1
55418463,1
55447171,1
55396509,1
55032278,4
55440738,1
55437108,1
55439969,1
55442760,1
55427407,1
55447163,1
55272623,1
55438957,1
55391384,1
55436799,1
55429417,1
55364674,1
55424157,1
55252316,1
55402047,1
55433950,1
55433590,1
55443497,1
55421508,1
55416371,1
55405454,1
55399080,1
55421370,1
55442185,1
55380112,1
55434114,1
55403456,1
55426034,1
55329044,1
55352766,1
55437780,1
55377346,1
55426057,1
55445155,1
55377780,1
55438406,1
55427404,1
55429305,1
55382473,1
55433068,1
55415519,1
55429788,1
55434382,1
55426058,1
55443758,1
55406850,1
55432915,1
55310868,1
55434967,1
55432234,1
55198140,1
55433409,1
55424156,1
55423379,1
55410987,1
55430509,1
55440404,1
55402846,1
55440550,1
55444463,1
55426846,1
55426033,1
55413269,1
55394308,1
55376018,1
55422913,1
55424396,1
55393317,1
55429241,1
55401724,1
55408841,1
55437959,1
55294448,1
55424296,1
55362430,1
55368011,1
55448186,1
55426559,1
55348133,1
55417421,1
55424244,1
55393983,1
55409566,1
55322579,1
55438289,1
55440267,1
55415520,1
55415769,1
55413127,1
55421601,1
55370973,1
55447044,1
55424266,1
55413253,1
55305865,1
55387158,1
55441981,1
55396724,1
55447843,1
55435459,1
55341328,1
55287986,1
55429853,1
55443622,1
55104361,4
55374251,1
55212005,1
55407784,1
55328787,1
55432493,1
55395814,1
55392964,1
55378299,1
55391396,1
55390039,1
55350566,1
55444148,1
55426845,1
55426113,1
55410639,1
55365292,1
55424124,1
55446424,1
55324430,1
55429250,1
55435206,1
55417422,1
55407713,1
55421616,1
55435205,1
55446546,1
55447820,1
55424616,1
55357724,1
55443334,1
55413413,1
55354976,1
55348231,1
55366671,1
55433589,1
55414337,1
55411682,1
55374137,1
55338407,1
55344078,1
55433949,1
55431896,1
55438508,1
55412096,1
55065354,4
55431643,1
55443759,1
55357881,1
55424376,1
55438312,1
55419268,1
55441456,1
55441668,1
55399507,1
55424973,1
55439148,1
55413126,1
55394053,1
55296218,1
55434872,1
55313615,1
55284004,1
55403457,1
55413339,1
55081467,4
55362825,1
55432355,1
55438330,1
55448187,1
55393360,1
55134441,4
55396762,1
55447819,1
55442948,1
55396370,1
55371639,1
55341173,1
55378493,1
55299346,1
55443860,1
55408539,1
55406555,1
55300649,1
55429947,1
55370191,1
55443432,1
55324915,1
55447110,1
55330639,1
55410721,1
55377229,1
55265420,1
55437765,1
55360722,1
55373514,1
55275718,1
55385249,1
55430994,1
55409563,1
55429242,1
55440006,1
55432492,1
55438774,1
55429946,1
55407237,1
55444115,1
55392965,1
55424369,1
55434871,1
55085827,4
55335270,1
55427406,1
55438914,1
55404508,1
55426001,1
55330654,1
55378982,1
55410528,1
55435567,1
55398986,1
55380948,1
55426558,1
55408397,1
55420044,1
55319727,1
55431177,1
55359495,1
55416300,1
55366183,1
55330357,1
55440639,1
55394143,1
55443284,1
55271737,1
55439659,1
55430056,1
55443636,1
55352163,1
55096574,4
55445386,1
55107480,4
55395492,1
55416948,1
55365151,1
55110795,4
55438775,1
55352496,1
55095982,4
55280524,1
55399806,1
55418359,1
55390856,1
55174079,4
55395121,1
55146544,4
55443921,1
55418835,1
55389418,1
55447954,1
55393501,1
55435670,1
55440758,1
55445732,1
55424368,1
55363392,1
55436967,1
55443307,1
55433712,1
55361308,1
55380673,1
55344648,1
55409982,1
55413414,1
55384915,1
55446423,1
55298203,1
55327698,1
55424301,1
55131150,4
55423959,1
55131225,4
55403683,1
55369904,1
55367255,1
55429787,1
55417232,1
55393591,1
55441669,1
55414647,1
55433993,1
55426691,1
55440741,1
55424617,1
55404985,1
55429251,1
55427891,1
55171247,4
55123792,4
55438100,1
55403440,1
55407686,1
55421284,1
55233141,1
55402368,1
55435669,1
55330814,1
55397980,1
55269647,1
55427326,1
55393907,1
55445967,1
55397055,1
55439147,1
55410716,1
55142358,4
55409385,1
55157344,4
55427668,1
55411870,1
55446614,1
55304448,1
55402195,1
55437909,1
55443401,1
55441044,1
55162107,4
55438958,1
55396881,1
55417231,1
55383092,1
55416117,1
55409737,1
55202925,4
55429859,1
55349777,1
55179667,4
55388101,1
55176378,4
55193971,4
55407547,1
55192737,4
55202665,4
55245331,4
55202666,4
55424245,1
55203625,4
55381369,1
55216146,4
55327547,1
55441045,1
55364760,1
55380222,1
55424914,1
55405166,1
55305687,4
55312894,4
55409386,1
55362961,1
55229048,4
55446001,1
55437634,1
55426727,1
55432235,1
55443402,1
55320930,4
55413338,1
55432036,1
55424478,1
55444501,1
55434538,1
55386286,1
55273546,4
55275478,4
55358238,1
55434150,1
55328672,4
55438256,1
55392433,4
55410141,1
55312895,4
55309989,4
55326579,4
55316507,4
55427017,1
55394154,4
55385853,4
55344649,4
55363093,4
55364761,4
55356891,4
55432109,4
55385774,4
55428335,4
55392089,4
55381404,4
55411681,4
55409345,4
55411928,4
55430510,4
55433226,4
55407699,4
55431895,4
55447955,4
