"id","Cluster"
51327072,1
51326017,1
51330043,1
51325835,1
51325484,1
51332832,1
51331543,1
51327647,1
51328804,1
51325481,1
51327648,1
51326395,1
51335932,1
51331672,1
51328023,1
51337731,1
51328635,1
51327071,1
51341022,1
51333051,1
51335933,1
51331192,1
51325754,1
51336994,1
51339748,1
51332786,1
51328805,1
51345255,1
51330793,1
51339163,1
51344961,1
51328714,1
51344041,1
51339749,1
51345312,1
51328022,1
51333050,1
51335980,1
51332371,1
51335004,1
51331191,1
51342282,1
51338405,1
51341023,1
51342403,1
51348039,1
51341880,1
51344962,1
51346401,1
51342281,1
51339546,1
51331547,1
51331544,1
51331157,1
51329466,1
51346402,1
51327043,1
51331548,1
51332279,1
51350455,1
51346314,1
51344101,1
51330263,1
51341659,1
51341720,1
51350925,1
51352946,1
51354635,1
51344043,1
51345251,1
51344042,1
51349596,1
51354217,1
51339393,1
51347640,1
51349685,1
51335981,1
51345250,1
51354208,1
51353144,1
51356225,1
51353491,1
51336995,1
51358985,1
51331078,1
51354289,1
51357749,1
51344011,1
51344010,1
51357626,1
51358959,1
51336212,1
51359137,1
51351543,1
51354634,1
51350635,1
51326039,1
51326396,1
51346042,1
51361598,1
51346831,1
51359018,1
51358243,1
51331156,1
51340242,1
51340818,1
51342384,1
51361609,1
51356226,1
51359017,1
51352421,1
51340217,1
51356751,1
51339164,1
51347639,1
51351775,1
51334041,1
51352420,1
51361775,1
51347259,1
51350203,1
51335032,1
51351411,1
51359725,1
51355844,1
51347800,1
51363226,1
51353653,1
51358244,1
51352945,1
51332125,1
51349184,1
51350769,1
51345254,1
51353652,1
51332134,1
51351544,1
51358551,1
51359929,1
51351902,1
51365649,1
51357750,1
51365968,1
51327749,1
51346041,1
51357625,1
51342404,1
51366036,1
51366531,1
51367598,1
51332135,1
51332278,1
51371004,1
51361597,1
51350636,1
51366159,1
51327629,1
51364526,1
51371858,1
51340216,1
51370886,1
51350456,1
51366158,1
51360654,1
51372618,1
51372264,1
51346832,1
51374100,1
51350551,1
51353492,1
51360637,1
51375431,1
51370093,1
51354233,1
51342383,1
51335782,1
51374099,1
51375412,1
51350773,1
51342566,1
51366440,1
51326471,1
51333567,1
51333568,1
51354207,1
51375128,1
51336810,1
51361740,1
51327911,1
51369206,1
51378683,1
51341945,1
51326689,1
51340506,1
51342353,1
51371859,1
51327999,1
51366530,1
51380258,1
51367716,1
51379111,1
51367228,1
51327458,1
51370357,1
51351172,1
51331077,1
51359726,1
51372320,1
51327259,1
51354984,1
51374256,1
51369946,1
51360626,1
51358958,1
51374718,1
51326406,1
51334979,1
51326690,1
51365111,1
51375069,1
51378038,1
51371444,1
51331378,1
51382586,1
51361308,1
51342080,1
51325657,1
51368428,1
51362965,1
51374054,1
51364527,1
51346887,1
51385672,1
51378555,1
51334978,1
51375376,1
51342565,1
51360574,1
51330410,1
51374719,1
51384672,1
51378039,1
51360573,1
51362091,1
51384673,1
51329662,1
51350658,1
51382724,1
51388355,1
51341906,1
51359930,1
51340710,1
51368276,1
51379502,1
51342707,1
51359591,1
51384185,1
51384066,1
51367715,1
51354670,1
51362977,1
51382587,1
51374364,1
51327998,1
51367362,1
51372050,1
51325480,1
51369424,1
51391423,1
51379564,1
51378175,1
51388014,1
51377015,1
51375432,1
51347420,1
51369423,1
51336318,1
51347756,1
51375129,1
51390402,1
51363283,1
51372569,1
51374043,1
51364429,1
51348084,1
51375587,1
51394013,1
51395193,1
51377716,1
51379302,1
51373817,1
51357544,1
51352080,1
51386280,1
51390403,1
51380973,1
51394714,1
51378437,1
51374819,1
51373043,1
51374820,1
51347801,1
51391646,1
51391647,1
51327910,1
51350869,1
51394715,1
51361736,1
51347403,1
51381417,1
51394042,1
51392406,1
51374707,1
51385894,1
51327630,1
51346843,1
51389211,1
51331673,1
51342684,1
51326472,1
51397648,1
51397647,1
51394014,1
51373285,1
51385849,1
51341881,1
51398196,1
51351440,1
51397168,1
51385164,1
51398582,1
51347732,1
51398859,1
51378263,1
51383807,1
51332311,1
51350210,1
51397884,1
51391470,1
51386087,1
51327748,1
51397194,1
51397195,1
51386411,1
51360570,1
51345313,1
51393690,1
51370885,1
51391627,1
51395768,1
51386088,1
51361776,1
51350085,1
51400459,1
51340055,1
51402245,1
51390133,1
51399690,1
51392865,1
51344838,1
51366787,1
51360054,1
51333003,1
51354985,1
51360677,1
51363446,1
51383014,1
51375068,1
51357245,1
51403672,1
51402442,1
51399739,1
51354232,1
51346032,1
51379064,1
51402731,1
51374053,1
51402730,1
51366238,1
51382639,1
51353143,1
51401388,1
51386281,1
51371551,1
51386410,1
51348085,1
51367276,1
51399361,1
51344781,1
51341918,1
51402229,1
51399513,1
51381407,1
51389857,1
51358550,1
51344969,1
51398535,1
51401454,1
51347757,1
51353602,1
51369986,1
51397492,1
51400458,1
51381173,1
51382977,1
51328257,1
51406419,1
51372386,1
51401463,1
51342464,1
51394617,1
51369945,1
51326648,1
51372953,1
51381416,1
51330891,1
51402443,1
51328333,1
51325755,1
51405531,1
51388058,1
51383806,1
51347346,1
51405009,1
51367597,1
51395099,1
51341917,1
51347540,1
51407014,1
51330042,1
51350659,1
51372954,1
51392266,1
51365110,1
51358620,1
51366823,1
51398762,1
51349183,1
51364280,1
51328634,1
51351903,1
51405530,1
51359046,1
51411109,1
51350924,1
51412923,0
51337730,1
51341944,1
51351173,1
51403671,1
51391424,1
51385895,1
51331012,1
51372263,1
51336671,1
51409530,1
51334385,1
51365648,1
51413092,1
51348272,1
51413101,1
51332124,1
51340054,1
51403516,1
51416079,1
51399738,1
51340834,1
51338339,1
51409522,1
51409521,1
51347733,1
51345240,1
51411110,1
51386498,1
51383765,1
51382830,1
51371921,1
51378682,1
51358547,1
51406448,1
51327268,1
51396181,1
51363284,1
51397493,1
51416080,1
51380395,1
51379058,1
51334991,1
51384630,1
51397158,1
51354671,1
51406883,1
51366239,1
51416589,1
51374255,1
51353603,1
51415919,1
51416943,1
51400620,1
51363873,1
51406252,1
51406384,1
51354468,1
51383245,1
51374044,1
51338404,1
51349595,1
51374363,1
51341481,1
51413000,1
51405665,1
51413161,1
51419867,1
51336311,1
51400665,1
51358548,1
51358491,1
51402425,1
51402426,1
51386068,1
51413628,1
51416419,1
51383626,1
51410313,1
51326038,1
51353661,1
51362050,1
51380394,1
51340243,1
51403931,1
51335233,1
51357406,1
51332538,1
51407013,1
51401389,1
51346633,1
51422102,1
51385139,1
51422123,1
51421119,1
51408438,1
51340084,1
51400536,1
51402293,1
51379110,1
51398581,1
51417760,1
51420652,1
51397157,1
51423421,1
51405664,1
51388372,1
51424860,1
51425164,1
51406365,1
51329574,1
51406383,1
51390132,1
51327063,1
51378079,1
51415051,1
51415291,1
51398761,1
51344262,1
51391104,1
51402831,1
51424859,1
51410387,1
51425163,1
51425480,1
51329467,1
51377656,1
51346634,1
51375221,1
51350786,1
51410241,1
51419986,1
51422561,1
51417126,1
51428219,1
51384412,1
51352081,1
51379565,1
51417750,1
51356095,1
51385138,1
51424795,1
51412715,1
51427752,1
51329334,1
51407644,1
51385671,1
51342685,1
51347421,1
51378878,1
51346031,1
51389864,1
51388701,1
51351800,1
51405291,1
51417932,1
51417749,1
51335758,1
51330262,1
51339651,1
51361739,1
51336977,1
51419279,1
51424796,1
51359047,1
51422232,1
51353614,1
51361089,1
51391219,1
51421454,1
51330892,1
51425619,1
51403932,1
51357246,1
51346313,1
51401520,1
51356096,1
51332833,1
51339650,1
51421120,1
51334317,1
51349521,1
51423975,1
51374499,1
51386499,1
51350868,1
51338859,1
51378436,1
51372943,1
51361023,1
51380600,1
51425978,1
51408252,1
51327457,1
51427446,1
51374348,1
51361847,1
51383666,1
51419426,1
51394599,1
51424073,1
51356798,1
51411511,1
51430667,1
51410414,1
51430679,1
51419868,1
51366766,1
51433561,1
51429754,1
51421520,1
51361090,1
51427163,1
51378775,1
51418851,1
51426041,1
51426040,1
51389212,1
51364281,1
51325967,1
51424025,1
51419425,1
51418511,1
51427839,1
51391133,1
51400664,1
51400537,1
51383028,1
51419985,1
51340617,1
51375222,1
51369985,1
51365969,1
51353662,1
51364568,1
51394616,1
51346745,1
51434846,1
51330541,1
51434876,1
51338902,1
51415544,1
51408687,1
51399462,1
51430678,1
51351410,1
51436395,1
51342835,1
51396904,1
51361216,1
51391471,1
51386189,1
51428876,1
51346844,1
51410908,1
51433079,1
51434877,1
51380974,1
51394827,1
51411512,1
51378554,1
51381172,1
51422562,1
51418711,1
51340085,1
51345567,1
51436429,1
51326541,1
51425840,1
51431114,1
51328562,1
51432766,1
51397016,1
51426065,1
51415290,1
51378262,1
51437667,1
51350859,1
51399363,1
51405008,1
51436394,1
51421598,1
51371003,1
51333004,1
51406884,1
51372619,1
51433200,1
51426581,1
51434959,1
51401757,1
51418580,1
51435167,1
51435168,1
51425524,1
51432516,1
51383879,1
51326405,1
51422892,1
51355674,1
51416230,1
51427162,1
51347539,1
51431386,1
51372397,1
51430143,1
51412536,1
51434958,1
51382638,1
51438701,1
51369055,1
51337062,1
51381406,1
51433560,1
51383999,1
51383911,1
51436354,1
51439194,1
51438967,1
51398179,1
51414757,1
51432676,1
51372316,1
51346569,1
51336809,1
51427445,1
51432880,1
51389076,1
51424832,1
51389047,1
51367275,1
51389265,1
51410314,1
51402928,1
51353610,1
51355336,1
51410413,1
51441653,1
51407645,1
51435196,1
51422569,1
51392447,1
51436242,1
51421536,1
51421521,1
51397883,1
51421597,1
51347446,1
51396888,1
51372387,1
51424490,1
51393001,1
51369056,1
51435195,1
51430622,1
51415920,1
51376085,1
51437904,1
51382955,1
51359592,1
51385848,1
51436428,1
51438154,1
51342190,1
51366935,1
51394381,1
51408437,1
51383637,1
51397324,1
51363225,1
51418419,1
51441395,1
51443230,1
51437718,1
51366441,1
51369207,1
51382976,1
51334990,1
51363874,1
51354469,1
51327186,1
51376086,1
51398207,1
51366934,1
51407225,1
51428875,1
51413100,1
51422302,1
51341911,1
51325328,1
51438089,1
51438189,1
51383244,1
51414706,1
51441102,1
51415050,1
51364147,1
51448240,1
51347981,1
51353615,1
51412778,1
51444142,1
51399197,1
51379993,1
51412777,1
51438704,1
51375413,1
51411210,1
51366568,1
51441652,1
51425237,1
51392267,1
51375970,1
51350378,1
51327044,1
51406447,1
51333002,1
51427508,1
51441156,1
51408253,1
51412911,1
51383625,1
51433199,1
51438703,1
51334637,1
51446175,1
51383998,1
51408650,1
51443499,1
51369331,1
51385889,1
51421605,1
51345568,1
51327185,1
51424491,1
51356752,1
51442470,1
51340711,1
51425979,1
51344040,1
51396182,1
51418105,1
51441378,1
51399135,1
51364582,1
51410142,1
51375588,1
51325329,1
51413162,1
51436247,1
51392169,1
51408718,1
51384184,1
51451765,1
51325483,1
51446339,1
51444775,1
51398208,1
51344753,1
51449188,1
51443757,1
51414756,1
51449384,1
51336390,1
51411164,1
51441379,1
51418278,1
51421278,1
51427637,1
51400240,1
51410340,1
51430486,1
51370487,1
51444776,1
51451847,1
51449189,1
51442230,1
51398536,1
51331377,1
51450986,1
51444039,1
51448239,1
51402830,1
51393349,1
51446833,1
51397323,1
51434473,1
51412958,1
51424831,1
51430360,1
51416598,1
51405700,1
51422229,1
51369330,1
51451592,1
51448832,1
51373044,1
51444578,1
51389856,1
51397017,1
51345032,1
51344839,1
51441103,1
51397096,1
51450985,1
51429147,1
51396082,1
51360653,1
51371509,1
51455028,1
51399136,1
51454243,1
51335968,1
51432086,1
51391105,1
51334472,1
51378774,1
51420402,1
51364253,1
51382685,1
51433080,1
51446801,1
51336261,1
51451548,1
51394646,1
51452705,1
51344782,1
51405825,1
51427147,1
51451959,1
51335232,1
51379059,1
51443756,1
51457836,1
51426712,1
51447135,1
51347260,1
51394136,1
51335005,1
51388917,1
51430010,1
51332978,1
51374295,1
51383878,1
51438891,1
51406200,1
51378545,1
51362049,1
51351641,1
51385890,1
51451957,1
51372021,1
51438261,1
51333005,1
51383472,1
51363445,1
51455085,1
51327542,1
51348120,1
51444350,1
51455303,1
51382954,1
51386798,1
51425618,1
51410388,1
51451748,1
51446158,1
51346077,1
51439454,1
51368275,1
51432677,1
51445043,1
51425623,1
51380599,1
51441155,1
51437522,1
51426713,1
51379992,1
51424026,1
51422614,1
51433476,1
51383029,1
51346078,1
51451824,1
51339394,1
51328316,1
51462905,1
51436806,1
51415545,1
51457837,1
51406932,1
51437523,1
51455027,1
51331637,1
51455086,1
51341658,1
51447136,1
51462667,1
51444521,1
51454677,1
51341263,1
51394210,1
51365420,1
51430009,1
51361309,1
51441415,1
51441457,1
51401788,1
51463432,1
51361608,1
51364616,1
51444349,1
51374708,1
51404954,1
51380257,1
51452999,1
51414283,1
51422570,1
51460075,1
51446275,1
51416229,1
51425481,1
51332955,1
51394077,1
51377946,1
51462999,1
51420333,1
51368602,1
51329663,1
51377771,1
51377909,1
51352448,1
51454957,1
51456631,1
51346888,1
51405699,1
51463431,1
51389266,1
51441458,1
51451547,1
51331011,1
51466404,1
51402292,1
51429753,1
51444686,1
51466729,1
51392475,1
51461424,1
51461462,1
51360569,1
51397095,1
51455089,1
51344970,1
51362966,1
51375377,1
51443990,1
51327811,1
51404393,1
51452624,1
51454489,1
51466481,1
51444667,1
51468317,1
51390162,1
51461461,1
51427084,1
51378548,1
51395701,1
51467284,1
51395767,1
51364428,1
51401462,1
51350550,1
51455142,1
51456968,1
51463377,1
51441396,1
51358729,1
51397497,1
51459652,1
51400241,1
51396887,1
51466850,1
51374018,1
51386067,1
51459014,1
51439833,1
51430061,1
51461979,1
51443991,1
51448268,1
51387943,1
51430359,1
51451389,1
51410242,1
51389250,1
51468083,1
51359138,1
51443522,1
51417118,1
51466480,1
51468318,1
51373702,1
51388702,1
51467283,1
51428489,1
51358728,1
51467418,1
51371443,1
51383665,1
51389137,1
51380011,1
51393856,1
51331636,1
51341480,1
51430623,1
51446307,1
51393934,1
51438798,1
51388457,1
51446176,1
51466665,1
51444763,1
51441942,1
51345031,1
51409563,1
51449383,1
51354836,1
51420651,1
51468767,1
51412704,1
51338858,1
51377398,1
51388458,1
51414195,1
51386799,1
51469280,1
51468249,1
51466720,1
51468229,1
51370488,1
51436243,1
51427123,1
51332370,1
51442072,1
51456245,1
51366190,1
51374463,1
51399260,1
51350860,1
51348121,1
51424074,1
51407700,1
51459862,1
51444327,1
51408717,1
51468214,1
51468250,1
51460074,1
51421604,1
51468330,1
51364254,1
51450553,1
51474164,1
51450760,1
51413629,1
51354974,1
51388059,1
51431895,1
51389249,1
51372022,1
51415948,1
51469117,1
51347371,1
51441682,1
51460808,1
51425325,1
51468228,1
51424223,1
51474684,1
51396759,1
51473792,1
51365421,1
51416094,1
51350202,1
51412535,1
51429963,1
51462998,1
51468504,1
51439455,1
51365818,1
51426097,1
51465786,1
51444143,1
51367227,1
51473473,1
51457932,1
51454344,1
51426697,1
51348271,1
51455304,1
51446157,1
51451749,1
51451771,1
51432517,1
51476490,1
51444751,1
51462943,1
51439708,1
51426064,1
51426096,1
51471484,1
51473094,1
51465021,1
51368405,1
51454164,1
51338903,1
51432354,1
51476415,1
51473659,1
51350102,1
51399559,1
51477551,1
51421455,1
51436807,1
51387285,1
51361846,1
51402898,1
51416944,1
51378549,1
51444520,1
51474771,1
51470902,1
51476416,1
51477552,1
51403763,1
51471165,1
51476697,1
51376656,1
51375969,1
51342354,1
51360678,1
51471758,1
51473660,1
51451617,1
51455526,1
51377750,1
51466664,1
51419100,1
51418850,1
51431222,1
51451883,1
51371099,1
51350379,1
51436993,1
51467417,1
51353342,1
51467935,1
51394671,1
51426696,1
51385354,1
51455271,1
51454343,1
51460807,1
51422301,1
51424222,1
51477424,1
51462738,1
51477712,1
51332787,1
51392446,1
51395218,1
51443474,1
51435303,1
51401251,1
51430062,1
51472916,1
51377715,1
51468727,1
51368846,1
51332979,1
51376655,1
51444038,1
51404711,1
51431894,1
51393704,1
51437534,1
51449766,1
51400509,1
51389749,1
51474727,1
51481950,1
51430666,1
51438088,1
51400753,1
51447509,1
51390194,1
51360053,1
51413787,1
51457821,1
51431899,1
51360613,1
51332954,1
51444262,1
51397496,1
51469281,1
51461084,1
51444752,1
51475039,1
51432767,1
51482364,1
51334040,1
51341442,1
51345207,1
51435662,1
51433064,1
51354837,1
51402299,1
51472169,1
51466728,1
51476489,1
51354365,1
51398180,1
51341262,1
51416431,1
51431045,1
51374017,1
51406462,1
51458962,1
51485042,1
51330411,1
51350906,1
51378035,1
51411138,1
51374296,1
51481487,1
51470565,1
51412912,1
51466142,1
51459651,1
51410151,1
51444261,1
51448831,1
51436144,1
51473570,1
51436145,1
51326647,1
51474941,1
51405826,1
51484694,1
51438153,1
51462737,1
51392407,1
51336753,1
51483160,1
51366612,1
51359611,1
51344263,1
51487853,1
51446800,1
51426287,1
51408518,1
51485594,1
51481910,1
51395100,1
51452513,1
51466626,1
51474770,1
51484790,1
51444764,1
51442073,1
51472917,1
51485025,1
51461635,1
51427418,1
51487852,1
51429369,1
51432087,1
51440293,1
51437719,1
51432001,1
51330540,1
51477238,1
51484550,1
51438890,1
51443386,1
51345837,1
51485552,1
51477423,1
51377655,1
51444579,1
51461423,1
51431920,1
51476698,1
51491847,1
51458961,1
51492306,1
51397167,1
51407226,1
51456967,1
51411211,1
51396403,1
51479100,1
51479101,1
51458160,1
51407836,1
51483327,1
51406461,1
51452706,1
51453196,1
51478228,1
51453555,1
51354364,1
51439819,1
51454983,1
51468728,1
51485355,1
51402849,1
51410339,1
51492811,1
51438926,1
51404955,1
51435164,1
51377770,1
51479298,1
51479527,1
51479565,1
51439195,1
51471483,1
51341443,1
51421967,1
51386188,1
51392977,1
51350907,1
51364567,1
51392168,1
51482022,1
51463800,1
51407903,1
51461100,1
51413408,1
51394209,1
51373818,1
51399802,1
51495997,1
51338338,1
51432973,1
51496270,1
51481899,1
51477565,1
51342145,1
51483208,1
51335033,1
51494297,1
51369448,1
51400508,1
51416418,1
51482447,1
51456921,1
51493636,1
51433158,1
51495298,1
51389138,1
51466141,1
51452335,1
51408649,1
51330792,1
51427840,1
51342079,1
51474991,1
51442246,1
51403982,1
51462960,1
51385165,1
51443926,1
51392474,1
51496173,1
51485122,1
51489752,1
51461980,1
51430263,1
51492576,1
51422250,1
51471757,1
51493729,1
51476408,1
51388510,1
51490175,1
51400358,1
51414194,1
51451618,1
51354288,1
51391737,1
51438478,1
51366788,1
51429368,1
51413093,1
51452362,1
51437625,1
51370094,1
51371920,1
51462666,1
51378396,1
51490232,1
51394828,1
51457222,1
51395263,1
51438927,1
51427122,1
51344754,1
51332539,1
51436992,1
51412716,1
51440292,1
51368406,1
51333762,1
51468107,1
51402116,1
51487455,1
51466627,1
51474862,1
51366767,1
51494232,1
51411919,1
51465615,1
51454507,1
51495996,1
51496274,1
51393691,1
51326542,1
51495705,1
51487454,1
51446274,1
51455525,1
51411920,1
51440881,1
51388873,1
51489409,1
51445420,1
51482365,1
51435661,1
51443625,1
51442700,1
51479654,1
51430144,1
51451099,1
51402228,1
51461099,1
51502327,1
51402300,1
51451770,1
51497221,1
51462942,1
51489200,1
51373701,1
51479476,1
51496085,1
51479564,1
51377910,1
51464719,1
51374347,1
51431898,1
51449553,1
51491012,1
51342706,1
51502221,1
51493730,1
51482976,1
51372321,1
51458159,1
51341907,1
51336670,1
51472221,1
51473719,1
51420746,1
51482173,1
51344933,1
51493379,1
51409669,1
51461806,1
51421793,1
51485121,1
51500386,1
51335443,1
51340835,1
51487319,1
51454333,1
51362092,1
51476409,1
51476595,1
51472220,1
51505113,1
51441943,1
51491442,1
51485011,1
51471443,1
51423226,1
51447660,1
51364468,1
51383538,1
51496044,1
51453556,1
51412703,1
51507437,1
51463446,1
51438680,1
51393705,1
51507585,1
51491064,1
51504756,1
51436465,1
51436464,1
51449174,1
51468422,1
51504158,1
51355651,1
51434140,1
51450554,1
51417125,1
51472488,1
51489194,1
51489165,1
51471442,1
51505737,1
51468795,1
51429113,1
51418579,1
51481900,1
51355650,1
51350101,1
51433477,1
51430487,1
51443773,1
51467128,1
51420366,1
51439818,1
51438262,1
51431548,1
51424621,1
51434847,1
51397271,1
51449657,1
51346570,1
51489878,1
51510157,1
51507436,1
51408519,1
51426580,1
51336260,1
51441683,1
51438958,1
51350086,1
51480050,1
51451841,1
51464098,1
51451958,1
51451956,1
51482174,1
51462961,1
51385001,1
51494659,1
51478363,1
51443925,1
51438359,1
51430262,1
51485354,1
51501833,1
51334318,1
51422228,1
51499161,1
51449658,1
51484549,1
51374743,1
51446308,1
51502249,1
51431115,1
51453134,1
51460019,1
51328332,1
51491492,1
51420165,1
51421792,1
51502775,1
51506966,1
51447995,1
51409564,1
51426635,1
51495299,1
51470690,1
51471072,1
51454506,1
51406366,1
51507856,1
51477711,1
51431387,1
51508117,1
51512394,1
51488957,1
51383484,1
51464097,1
51335442,1
51463016,1
51454958,1
51434829,1
51464933,1
51437666,1
51493941,1
51443385,1
51491254,1
51443772,1
51405292,1
51420745,1
51416384,1
51486499,1
51508446,1
51449595,1
51397270,1
51382831,1
51399362,1
51507439,1
51502082,1
51477566,1
51510426,1
51471071,1
51516005,1
51435248,1
51510925,1
51518019,1
51473978,1
51340819,1
51390163,1
51332310,1
51472671,1
51420401,1
51512735,1
51411137,1
51463421,1
51517249,1
51400235,1
51515646,1
51477146,1
51414282,1
51485726,1
51395217,1
51372317,1
51379303,1
51516368,1
51423422,1
51405231,1
51406420,1
51356166,1
51429205,1
51364148,1
51486986,1
51327267,1
51514569,1
51489768,1
51455272,1
51404861,1
51437905,1
51507438,1
51484674,1
51507634,1
51513068,1
51512181,1
51432424,1
51451840,1
51510565,1
51484791,1
51505065,1
51491441,1
51355843,1
51427146,1
51399097,1
51450759,1
51401455,1
51467589,1
51405232,1
51463376,1
51418420,1
51520346,1
51490233,1
51392864,1
51441313,1
51428303,1
51497223,1
51496084,1
51519491,1
51368427,1
51508551,1
51422091,1
51499222,1
51405682,1
51501076,1
51458271,1
51521195,1
51501086,1
51498372,1
51383015,1
51410658,1
51426312,1
51450445,1
51505736,1
51457933,1
51514441,1
51402897,1
51350768,1
51413001,1
51444263,1
51436246,1
51503903,1
51510568,1
51510566,1
51487502,1
51510425,1
51419360,1
51401521,1
51327541,1
51417301,1
51490740,1
51452334,1
51499069,1
51433249,1
51471683,1
51500786,1
51449758,1
51449757,1
51437847,1
51451766,1
51328317,1
51409216,1
51466914,1
51516369,1
51449173,1
51463863,1
51394382,1
51388814,1
51419101,1
51377751,1
51413552,1
51435682,1
51493637,1
51454244,1
51492603,1
51514568,1
51477145,1
51399098,1
51479954,1
51385355,1
51393857,1
51521196,1
51463898,1
51525806,1
51455412,1
51494296,1
51472489,1
51479299,1
51393348,1
51420365,1
51528249,1
51416432,1
51468072,1
51487016,1
51389075,1
51421277,1
51453000,1
51513484,1
51422891,1
51409215,1
51472835,1
51439832,1
51417759,1
51357543,1
51485476,1
51388354,1
51444228,1
51419361,1
51334636,1
51468331,1
51473571,1
51528681,1
51411551,1
51416095,1
51487700,1
51456009,1
51528994,1
51413663,1
51481486,1
51325836,1
51507291,1
51418512,1
51454334,1
51487228,1
51468071,1
51336317,1
51492812,1
51484551,1
51468084,1
51523981,1
51531248,1
51512180,1
51469585,1
51515017,1
51435304,1
51373286,1
51467126,1
51528993,1
51389048,1
51491788,1
51406935,1
51528248,1
51382308,1
51515647,1
51438871,1
51386898,1
51400752,1
51524181,1
51443624,1
51473793,1
51341043,1
51411552,1
51434268,1
51450446,1
51510937,1
51507046,1
51469984,1
51447749,1
51514052,1
51461533,1
51388815,1
51444264,1
51521309,1
51450197,1
51502220,1
51443498,1
51455540,1
51447359,1
51463897,1
51521580,1
51469564,1
51438959,1
51476596,1
51480548,1
51524792,1
51471257,1
51501501,1
51515292,1
51336905,1
51526465,1
51505995,1
51423551,1
51501834,1
51462186,1
51510158,1
51449743,1
51517587,1
51513069,1
51484695,1
51531295,1
51524010,1
51517649,1
51528682,1
51465614,1
51443523,1
51460116,1
51530128,1
51469565,1
51425841,1
51418756,1
51394016,1
51534472,1
51508445,1
51519525,1
51403764,1
51420870,1
51500511,1
51404712,1
51493533,1
51526559,1
51422122,1
51484670,1
51528531,1
51447363,1
51502029,1
51531294,1
51480301,1
51535398,1
51442231,1
51524791,1
51522237,1
51377016,1
51518269,1
51405762,1
51512057,1
51484675,1
51447737,1
51425622,1
51471081,1
51451980,1
51472419,1
51513977,1
51497761,1
51514053,1
51474158,1
51337453,1
51444328,1
51494229,1
51485760,1
51405982,1
51487503,1
51521310,1
51493123,1
51476725,1
51536989,1
51516105,1
51384411,1
51527390,1
51420517,1
51340931,1
51534376,1
51538580,1
51534473,1
51356165,1
51468593,1
51402544,1
51465991,1
51500387,1
51474163,1
51420869,1
51488027,1
51463017,1
51476984,1
51519769,1
51526558,1
51531983,1
51520056,1
51457011,1
51400248,1
51425077,1
51466305,1
51450198,1
51501143,1
51540756,1
51446538,1
51403892,1
51514648,1
51523737,1
51493654,1
51478965,1
51488155,1
51482745,1
51447360,1
51477237,1
51447510,1
51520398,1
51517564,1
51531402,1
51458620,1
51453195,1
51387284,1
51541259,1
51538581,1
51368601,1
51528177,1
51388916,1
51518287,1
51402115,1
51347370,1
51462612,1
51540682,1
51447750,1
51538142,1
51468423,1
51427028,1
51328386,1
51541260,1
51537498,1
51401756,1
51485320,1
51388015,1
51473573,1
51537837,1
51334473,1
51447159,1
51482977,1
51434141,1
51511169,1
51535760,1
51513976,1
51496045,1
51506962,1
51467209,1
51365641,1
51426069,1
51336978,1
51509700,1
51346565,1
51427689,1
51496174,1
51460572,1
51541911,1
51531150,1
51422103,1
51448834,1
51452514,1
51347445,1
51528495,1
51537838,1
51400359,1
51415949,1
51461083,1
51506670,1
51491950,1
51537029,1
51395702,1
51516445,1
51439709,1
51512335,1
51402543,1
51465022,1
51442701,1
51396404,1
51422092,1
51431549,1
51470689,1
51521113,1
51543016,1
51438700,1
51434640,1
51451100,1
51417931,1
51491011,1
51501075,1
51528530,1
51372944,1
51532164,1
51517650,1
51502378,1
51441909,1
51405981,1
51374764,1
51486237,1
51336752,1
51518018,1
51541466,1
51511168,1
51378176,1
51521052,1
51454055,1
51401789,1
51432972,1
51449596,1
51454031,1
51473572,1
51361022,1
51458483,1
51537034,1
51434453,1
51549495,1
51468505,1
51509782,1
51495059,1
51345206,1
51445419,1
51545724,1
51421235,1
51478966,1
51528366,1
51528486,1
51466304,1
51521441,1
51498371,1
51525805,1
51539469,1
51515754,1
51363937,1
51483161,1
51467210,1
51404249,1
51442247,1
51361374,1
51429962,1
51406340,1
51379503,1
51409571,1
51440029,1
51464720,1
51511443,1
51471364,1
51485319,1
51512786,1
51352449,1
51470818,1
51504757,1
51538311,1
51498815,1
51527391,1
51399801,1
51474303,1
51545766,1
51541969,1
51514458,1
51452361,1
51465116,1
51484324,1
51471682,1
51489877,1
51466405,1
51454494,1
51370358,1
51458484,1
51483209,1
51389748,1
51475038,1
51342191,1
51534342,1
51446539,1
51506961,1
51463085,1
51549790,1
51449411,1
51449749,1
51438479,1
51431842,1
51533953,1
51498978,1
51481808,1
51492893,1
51547761,1
51494012,1
51428304,1
51553539,1
51480549,1
51487919,1
51541622,1
51548288,1
51364469,1
51522588,1
51380010,1
51492509,1
51481817,1
51502126,1
51505064,1
51378544,1
51457223,1
51509393,1
51437848,1
51546234,1
51450104,1
51534207,1
51347402,1
51474990,1
51439474,1
51370636,1
51467164,1
51494547,1
51465990,1
51494542,1
51328713,1
51555123,1
51507163,1
51360638,1
51371100,1
51424735,1
51454056,1
51492604,1
51548625,1
51485737,1
51557229,1
51503917,1
51461534,1
51510851,1
51493122,1
51467631,1
51484969,1
51441312,1
51441117,1
51419280,1
51429114,1
51496275,1
51498025,1
51551344,1
51551343,1
51396758,1
51543508,1
51534952,1
51398195,1
51515106,1
51440882,1
51532835,1
51488958,1
51461551,1
51357405,1
51491477,1
51453772,1
51353341,1
51428602,1
51365430,1
51555122,1
51388874,1
51409670,1
51522587,1
51533731,1
51514459,1
51543015,1
51533730,1
51537542,1
51545767,1
51555941,1
51452623,1
51342834,1
51492872,1
51345838,1
51483338,1
51473979,1
51501619,1
51559235,1
51553678,1
51434828,1
51410907,1
51514649,1
51484500,1
51488017,1
51492575,1
51521000,1
51327260,1
51509268,1
51349686,1
51400234,1
51485595,1
51420259,1
51386899,1
51452046,1
51509479,1
51532643,1
51392698,1
51488943,1
51328256,1
51483326,1
51382309,1
51493160,1
51457518,1
51508252,1
51557816,1
51516408,1
51553951,1
51462185,1
51435842,1
51548472,1
51446256,1
51513251,1
51474685,1
51536988,1
51515293,1
51495058,1
51391494,1
51561024,1
51561157,1
51437616,1
51474167,1
51449750,1
51438754,1
51477293,1
51359612,1
51451846,1
51540443,1
51531350,1
51473802,1
51512261,1
51512334,1
51496983,1
51458272,1
51538541,1
51467020,1
51395479,1
51528937,1
51514100,1
51489193,1
51334384,1
51422206,1
51473260,1
51388373,1
51444229,1
51557105,1
51556153,1
51417715,1
51438605,1
51527525,1
51456632,1
51543025,1
51514626,1
51469116,1
51515018,1
51496984,1
51564478,1
51457418,1
51447659,1
51439475,1
51549318,1
51472462,1
51459013,1
51549789,1
51541510,1
51471363,1
51427624,1
51527995,1
51429204,1
51563877,1
51473472,1
51521133,1
51485489,1
51415691,1
51463558,1
51502030,1
51536754,1
51482744,1
51502326,1
51336312,1
51521291,1
51554445,1
51506665,1
51413407,1
51488581,1
51560315,1
51550773,1
51438360,1
51475762,1
51382725,1
51418106,1
51472834,1
51569349,1
51529382,1
51411280,1
51393935,1
51435163,1
51551448,1
51418710,1
51458909,1
51485043,1
51509701,1
51501618,1
51471426,1
51342146,1
51391628,1
51365819,1
51563811,1
51547502,1
51514829,1
51484671,1
51455411,1
51548769,1
51509322,1
51408820,1
51536826,1
51540761,1
51564479,1
51545204,1
51496836,1
51559031,1
51327047,1
51534377,1
51547084,1
51394672,1
51517908,1
51473095,1
51413662,1
51455141,1
51511876,1
51496555,1
51374763,1
51561608,1
51559923,1
51525919,1
51561609,1
51453133,1
51559032,1
51549496,1
51361737,1
51393000,1
51482403,1
51406936,1
51475918,1
51343709,1
51481317,1
51349522,1
51449412,1
51561156,1
51399198,1
51409898,1
51528176,1
51493655,1
51350787,1
51460738,1
51462684,1
51559735,1
51363785,1
51524182,1
51503916,1
51463864,1
51553261,1
51528496,1
51535041,1
51540636,1
51554444,1
51546235,1
51480300,1
51361215,1
51431208,1
51467127,1
51545393,1
51457592,1
51538540,1
51563384,1
51564715,1
51409572,1
51441416,1
51488035,1
51521005,1
51489751,1
51484548,1
51499122,1
51443475,1
51559734,1
51411279,1
51558891,1
51383101,1
51490174,1
51528622,1
51466939,1
51494543,1
51434407,1
51397239,1
51541509,1
51420260,1
51488156,1
51499223,1
51384067,1
51477476,1
51532165,1
51438755,1
51568077,1
51562668,1
51340620,1
51515015,1
51501500,1
51423225,1
51560472,1
51515217,1
51441128,1
51426068,1
51366984,1
51379065,1
51384410,1
51521379,1
51485694,1
51470901,1
51534297,1
51517909,1
51457593,1
51467125,1
51562182,1
51455128,1
51473261,1
51492809,1
51444499,1
51543338,1
51535017,1
51535391,1
51578062,1
51535399,1
51549317,1
51486500,1
51493378,1
51560445,1
51471425,1
51398860,1
51364617,1
51511654,1
51485368,1
51499102,1
51511294,1
51437605,1
51347982,1
51514767,1
51550457,1
51553260,1
51442032,1
51406003,1
51483237,1
51525920,1
51509323,1
51578097,1
51542292,1
51485738,1
51504082,1
51488944,1
51493159,1
51475222,1
51447996,1
51487701,1
51505946,1
51499103,1
51489410,1
51515565,1
51452045,1
51462080,1
51501920,1
51427419,1
51548448,1
51405763,1
51556985,1
51537742,1
51535020,1
51438966,1
51425238,1
51495774,1
51538310,1
51472670,1
51475578,1
51577148,1
51577152,1
51578578,1
51489199,1
51479528,1
51479893,1
51528367,1
51562344,1
51556856,1
51463557,1
51482311,1
51516210,1
51540929,1
51508016,1
51564532,1
51581058,1
51560652,1
51422929,1
51441129,1
51457517,1
51566509,1
51507045,1
51526509,1
51572151,1
51537543,1
51503719,1
51503744,1
51578018,1
51535040,1
51507780,1
51576365,1
51578151,1
51499773,1
51540879,1
51557480,1
51478082,1
51568336,1
51486090,1
51345239,1
51512393,1
51515107,1
51584019,1
51460739,1
51542080,1
51340621,1
51433063,1
51523992,1
51366569,1
51484580,1
51505082,1
51427751,1
51550456,1
51581823,1
51565363,1
51540681,1
51559922,1
51548840,1
51584887,1
51336906,1
51401409,1
51552484,1
51527778,1
51468697,1
51512734,1
51432879,1
51584135,1
51335783,1
51475577,1
51455088,1
51434785,1
51532140,1
51535291,1
51494025,1
51568199,1
51543930,1
51540930,1
51499772,1
51495793,1
51510926,1
51582170,1
51496269,1
51455147,1
51529332,1
51365431,1
51449559,1
51547856,1
51556984,1
51589199,1
51589140,1
51480137,1
51378879,1
51483430,1
51587866,1
51541465,1
51468794,1
51453444,1
51522467,1
51541642,1
51500510,1
51548532,1
51405681,1
51534206,1
51404860,1
51447364,1
51422613,1
51564322,1
51463911,1
51451638,1
51589135,1
51531494,1
51528936,1
51481911,1
51510815,1
51531662,1
51505508,1
51474940,1
51575623,1
51528762,1
51327810,1
51456010,1
51467163,1
51537497,1
51583268,1
51474302,1
51434784,1
51500787,1
51374464,1
51525576,1
51355675,1
51561477,1
51564321,1
51516104,1
51586445,1
51590477,1
51568420,1
51589200,1
51354975,1
51537066,1
51516475,1
51571703,1
51584020,1
51346566,1
51514101,1
51483429,1
51485012,1
51342463,1
51583240,1
51487320,1
51587092,1
51435249,1
51591782,1
51591715,1
51575236,1
51575356,1
51575323,1
51490194,1
51451892,1
51560151,1
51587549,1
51460115,1
51523466,1
51547957,1
51464934,1
51556520,1
51437624,1
51484361,1
51569307,1
51468870,1
51514440,1
51565085,1
51520434,1
51565506,1
51505021,1
51584888,1
51575525,1
51478324,1
51548067,1
51443851,1
51365640,1
51577151,1
51369816,1
51507162,1
51519524,1
51495366,1
51503718,1
51481628,1
51427688,1
51431921,1
51468805,1
51520435,1
51399463,1
51512256,1
51578098,1
51581822,1
51591776,1
51592778,1
51534953,1
51394991,1
51575622,1
51474726,1
51579491,1
51483431,1
51471258,1
51539930,1
51586531,1
51529975,1
51539810,1
51570054,1
51403981,1
51516474,1
51372568,1
51512439,1
51577147,1
51394645,1
51536196,1
51485292,1
51519579,1
51417716,1
51574993,1
51412959,1
51512058,1
51462685,1
51515755,1
51597279,1
51518801,1
51554411,1
51496938,1
51404975,1
51591811,1
51553540,1
51547973,1
51531493,1
51442346,1
51500317,1
51572970,1
51490693,1
51593655,1
51360614,1
51518288,1
51431843,1
51470566,1
51572530,1
51597244,1
51463912,1
51438870,1
51569915,1
51591957,1
51596124,1
51596161,1
51509691,1
51335759,1
51549970,1
51585750,1
51571704,1
51575853,1
51586921,1
51461636,1
51585751,1
51540196,1
51454982,1
51528417,1
51565084,1
51517588,1
51480051,1
51417025,1
51535098,1
51537692,1
51513415,1
51580945,1
51332358,1
51521615,1
51581057,1
51557817,1
51422930,1
51574382,1
51593654,1
51588337,1
51465785,1
51548321,1
51467632,1
51415505,1
51588622,1
51344100,1
51509781,1
51583026,1
51514163,1
51466025,1
51432425,1
51537643,1
51534013,1
51438799,1
51592779,1
51537839,1
51520345,1
51521616,1
51597461,1
51491491,1
51530171,1
51461805,1
51515218,1
51476792,1
51394992,1
51564714,1
51540015,1
51478364,1
51570527,1
51547451,1
51551195,1
51476315,1
51532141,1
51569923,1
51572507,1
51542329,1
51524009,1
51597613,1
51382261,1
51383485,1
51559279,1
51603219,1
51529154,1
51547603,1
51496214,1
51449560,1
51495367,1
51526546,1
51523991,1
51528589,1
51512017,1
51575270,1
51540635,1
51603773,1
51601372,1
51565667,1
51601379,1
51540522,1
51559139,1
51457655,1
51476791,1
51547085,1
51604831,1
51599444,1
51551196,1
51508475,1
51576049,1
51529381,1
51562183,1
51603492,1
51597111,1
51501087,1
51547760,1
51497037,1
51520616,1
51516004,1
51484968,1
51568896,1
51550971,1
51568897,1
51546657,1
51583942,1
51549969,1
51492510,1
51497544,1
51459863,1
51606402,1
51477236,1
51540755,1
51594516,1
51565610,1
51513414,1
51593089,1
51407835,1
51540971,1
51537035,1
51499917,1
51599390,1
51482402,1
51526443,1
51548449,1
51397240,1
51346746,1
51502051,1
51606403,1
51462653,1
51602962,1
51504081,1
51582365,1
51341910,1
51563305,1
51549422,1
51541209,1
51601660,1
51592095,1
51343708,1
51605959,1
51536024,1
51507281,1
51562280,1
51587036,1
51526508,1
51515592,1
51591423,1
51556855,1
51575050,1
51488125,1
51540442,1
51540521,1
51575269,1
51565176,1
51504159,1
51513485,1
51609540,1
51604144,1
51462654,1
51568669,1
51592087,1
51535761,1
51487918,1
51479609,1
51468869,1
51474157,1
51488036,1
51584116,1
51583427,1
51592707,1
51514828,1
51589233,1
51576126,1
51594570,1
51609541,1
51568198,1
51572576,1
51597512,1
51604395,1
51565507,1
51438190,1
51563385,1
51602010,1
51437535,1
51486985,1
51572152,1
51603502,1
51609044,1
51520999,1
51533952,1
51327681,1
51426634,1
51427625,1
51532143,1
51451593,1
51556057,1
51350209,1
51540880,1
51504013,1
51602824,1
51406201,1
51520397,1
51608493,1
51516409,1
51574002,1
51611325,1
51494026,1
51475917,1
51497927,1
51528275,1
51510178,1
51556854,1
51443231,1
51385651,1
51441852,1
51512018,1
51575232,1
51569737,1
51494011,1
51406253,1
51558892,1
51392699,1
51587462,1
51497312,1
51476726,1
51402756,1
51528274,1
51613312,1
51497928,1
51603488,1
51555687,1
51539468,1
51606569,1
51609657,1
51420334,1
51614037,1
51602961,1
51590700,1
51518121,1
51601895,1
51605988,1
51611576,1
51465035,1
51369815,1
51545725,1
51597110,1
51616371,1
51437828,1
51600971,1
51385652,1
51508017,1
51575235,1
51612088,1
51557228,1
51482253,1
51505083,1
51611136,1
51570053,1
51586280,1
51506664,1
51601373,1
51608441,1
51543929,1
51603166,1
51597614,1
51402848,1
51505947,1
51555686,1
51465036,1
51485397,1
51541501,1
51610772,1
51561309,1
51485477,1
51592706,1
51602703,1
51497222,1
51589134,1
51399514,1
51568341,1
51565666,1
51594739,1
51590476,1
51608494,1
51557481,1
51597573,1
51578416,1
51549421,1
51605958,1
51448267,1
51584117,1
51604830,1
51493534,1
51526215,1
51588342,1
51616387,1
51391134,1
51460922,1
51586271,1
51497224,1
51600124,1
51394041,1
51600262,1
51571305,1
51531663,1
51340930,1
51512748,1
51470817,1
51555940,1
51481818,1
51521267,1
51449765,1
51535099,1
51620322,1
51491063,1
51580946,1
51619317,1
51507584,1
51580730,1
51616689,1
51523467,1
51616750,1
51597456,1
51601894,1
51526375,1
51479610,1
51491478,1
51415016,1
51552955,1
51522468,1
51527535,1
51424736,1
51547450,1
51533943,1
51500606,1
51326016,1
51561308,1
51616370,1
51606221,1
51489767,1
51383636,1
51503792,1
51329575,1
51591716,1
51509528,1
51568340,1
51616684,1
51482448,1
51612975,1
51606113,1
51489570,1
51460573,1
51479933,1
51485291,1
51558318,1
51525703,1
51455129,1
51617441,1
51558760,1
51561496,1
51534298,1
51412031,1
51428490,1
51562538,1
51616685,1
51534343,1
51619506,1
51607250,1
51601661,1
51602041,1
51622480,1
51598156,1
51507781,1
51597319,1
51624818,1
51510852,1
51622231,1
51563338,1
51559278,1
51417302,1
51540016,1
51546981,1
51619126,1
51487037,1
51427638,1
51492894,1
51548626,1
51537642,1
51597159,1
51540446,1
51622118,1
51617826,1
51510944,1
51564531,1
51445044,1
51607066,1
51619505,1
51505702,1
51622349,1
51624427,1
51466160,1
51490741,1
51584226,1
51530981,1
51510346,1
51497025,1
51547868,1
51383910,1
51627664,1
51602823,1
51463086,1
51612380,1
51581337,1
51423552,1
51594985,1
51366985,1
51622617,1
51453899,1
51547258,1
51511444,1
51555563,1
51585966,1
51522612,1
51483428,1
51582171,1
51623080,1
51328563,1
51560150,1
51521579,1
51572665,1
51586446,1
51499797,1
51582364,1
51521697,1
51597518,1
51485026,1
51603165,1
51626656,1
51356797,1
51593766,1
51443852,1
51481797,1
51536633,1
51539492,1
51546075,1
51622178,1
51557613,1
51603107,1
51572955,1
51590701,1
51536289,1
51618305,1
51497026,1
51625194,1
51626757,1
51517248,1
51437604,1
51610773,1
51548533,1
51569535,1
51386754,1
51611813,1
51462613,1
51469584,1
51605447,1
51460124,1
51610963,1
51551917,1
51597318,1
51483339,1
51565529,1
51596125,1
51619405,1
51615053,1
51578261,1
51529974,1
51541585,1
51434269,1
51500607,1
51600524,1
51340507,1
51573122,1
51479953,1
51548570,1
51477294,1
51611814,1
51583428,1
51548737,1
51498442,1
51617442,1
51488474,1
51441908,1
51497038,1
51389865,1
51490336,1
51556556,1
51563086,1
51403891,1
51431223,1
51486501,1
51625193,1
51519404,1
51575929,1
51562276,1
51622665,1
51533942,1
51525625,1
51499916,1
51608301,1
51425141,1
51579339,1
51558148,1
51633404,1
51559234,1
51574744,1
51570264,1
51488126,1
51552956,1
51583494,1
51518800,1
51394137,1
51622232,1
51458910,1
51577008,1
51468804,1
51632067,1
51552400,1
51508560,1
51577369,1
51582992,1
51577447,1
51632571,1
51585967,1
51581336,1
51388511,1
51589865,1
51539771,1
51611109,1
51343420,1
51602846,1
51634282,1
51552051,1
51535390,1
51560355,1
51626189,1
51549685,1
51615388,1
51634901,1
51588014,1
51574965,1
51523915,1
51580436,1
51556045,1
51565288,1
51577969,1
51638475,1
51498535,1
51483236,1
51591956,1
51601378,1
51383102,1
51560473,1
51552136,1
51627790,1
51505509,1
51630589,1
51633423,1
51609891,1
51619733,1
51475761,1
51541912,1
51584227,1
51510136,1
51536440,1
51510345,1
51534014,1
51554271,1
51568421,1
51506634,1
51512262,1
51586450,1
51523426,1
51550724,1
51538143,1
51516444,1
51537065,1
51475223,1
51601623,1
51630588,1
51608530,1
51468742,1
51501792,1
51635229,1
51567841,1
51492810,1
51540972,1
51347347,1
51554720,1
51474168,1
51561847,1
51523738,1
51421236,1
51351801,1
51507292,1
51582822,1
51586052,1
51465115,1
51539491,1
51481807,1
51617411,1
51560035,1
51466851,1
51502774,1
51633053,1
51532642,1
51539772,1
51523393,1
51568668,1
51622479,1
51606130,1
51622731,1
51562311,1
51428220,1
51425142,1
51496556,1
51447160,1
51416972,1
51399691,1
51496937,1
51586546,1
51509692,1
51501144,1
51563151,1
51582763,1
51643017,1
51494986,1
51518270,1
51528333,1
51567840,1
51565289,1
51528590,1
51633113,1
51569914,1
51586575,1
51619534,1
51598950,1
51643016,1
51614075,1
51500316,1
51583959,1
51470563,1
51558467,1
51514316,1
51433113,1
51449742,1
51499160,1
51447738,1
51578017,1
51468213,1
51463799,1
51641144,1
51580731,1
51638474,1
51586449,1
51572842,1
51514317,1
51591422,1
51574870,1
51550332,1
51561476,1
51603844,1
51572508,1
51593062,1
51576125,1
51539809,1
51571359,1
51366191,1
51645448,1
51563087,1
51577007,1
51632024,1
51489383,1
51501628,1
51636330,1
51529333,1
51374500,1
51517472,1
51533592,1
51485367,1
51551565,1
51600923,1
51598270,1
51557139,1
51560113,1
51537836,1
51362978,1
51646848,1
51645269,1
51530129,1
51557104,1
51505020,1
51586547,1
51575579,1
51364583,1
51634900,1
51548214,1
51476983,1
51554046,1
51537409,1
51550331,1
51457012,1
51521292,1
51551447,1
51565177,1
51617687,1
51613696,1
51461552,1
51545245,1
51633112,1
51567357,1
51524273,1
51594716,1
51644175,1
51591874,1
51645316,1
51620795,1
51553525,1
51588015,1
51498977,1
51518988,1
51518122,1
51647107,1
51541586,1
51619732,1
51415504,1
51394598,1
51548601,1
51635228,1
51528487,1
51647378,1
51550165,1
51616386,1
51647495,1
51457419,1
51594515,1
51573694,1
51584914,1
51554270,1
51558936,1
51650890,1
51535177,1
51472463,1
51468592,1
51567432,1
51522525,1
51332359,1
51420892,1
51540197,1
51644498,1
51644696,1
51652967,1
51650593,1
51595547,1
51649583,1
51650657,1
51454556,1
51560112,1
51565611,1
51650594,1
51541427,1
51484579,1
51632068,1
51507092,1
51351774,1
51550126,1
51409897,1
51613313,1
51531349,1
51521760,1
51550774,1
51557669,1
51517918,1
51582272,1
51451882,1
51527306,1
51358492,1
51574845,1
51559474,1
51558191,1
51528299,1
51479894,1
51653002,1
51579199,1
51644119,1
51624819,1
51532908,1
51648242,1
51586507,1
51593271,1
51630454,1
51616749,1
51645447,1
51553638,1
51441265,1
51592475,1
51564849,1
51521051,1
51544578,1
51572969,1
51563952,1
51596607,1
51492396,1
51473720,1
51636587,1
51551394,1
51632900,1
51486238,1
51606568,1
51655922,1
51537743,1
51627584,1
51653495,1
51612379,1
51569876,1
51565903,1
51387942,1
51512749,1
51553952,1
51402929,1
51521112,1
51446810,1
51402246,1
51602658,1
51598418,1
51421537,1
51572467,1
51644988,1
51620315,1
51377397,1
51611193,1
51612779,1
51578320,1
51570263,1
51438681,1
51539907,1
51546893,1
51571853,1
51383471,1
51398377,1
51550125,1
51559475,1
51453900,1
51633832,1
51521380,1
51660347,1
51658531,1
51658468,1
51547857,1
51617688,1
51524274,1
51652343,1
51549034,1
51368845,1
51533593,1
51588199,1
51581471,1
51658148,1
51463445,1
51592283,1
51476316,1
51632771,1
51588934,1
51589864,1
51454495,1
51620316,1
51613833,1
51641284,1
51569922,1
51646946,1
51491848,1
51577123,1
51542712,1
51569306,1
51485277,1
51498814,1
51595229,1
51617155,1
51536825,1
51655791,1
51579299,1
51418755,1
51560354,1
51494233,1
51473803,1
51516336,1
51559140,1
51428601,1
51482310,1
51658149,1
51596616,1
51446834,1
51496474,1
51548602,1
51432355,1
51378397,1
51641086,1
51658532,1
51658474,1
51588935,1
51641221,1
51630321,1
51622154,1
51661743,1
51632023,1
51653807,1
51523412,1
51552369,1
51573143,1
51527869,1
51462079,1
51595117,1
51660099,1
51566912,1
51499068,1
51558552,1
51394076,1
51572476,1
51594655,1
51634207,1
51630322,1
51626188,1
51586532,1
51652397,1
51523394,1
51544065,1
51509829,1
51545244,1
51512440,1
51560684,1
51556787,1
51509267,1
51382684,1
51517473,1
51557027,1
51569819,1
51627418,1
51652252,1
51648024,1
51629016,1
51609656,1
51602040,1
51659110,1
51594717,1
51652344,1
51571306,1
51527337,1
51546656,1
51611324,1
51578460,1
51556557,1
51486502,1
51659827,1
51607354,1
51630814,1
51606114,1
51492305,1
51519918,1
51584244,1
51555894,1
51521134,1
51498534,1
51633833,1
51510945,1
51630297,1
51668671,1
51547169,1
51566023,1
51618164,1
51534254,1
51583943,1
51530036,1
51593270,1
51357168,1
51530037,1
51668957,1
51610192,1
51492395,1
51615814,1
51659921,1
51543121,1
51647496,1
51561497,1
51665862,1
51634423,1
51572688,1
51646849,1
51644257,1
51485695,1
51603220,1
51603188,1
51574994,1
51643692,1
51437617,1
51448833,1
51532142,1
51610962,1
51661744,1
51412107,1
51554721,1
51627665,1
51585069,1
51668783,1
51670088,1
51670089,1
51341042,1
51574001,1
51579712,1
51588153,1
51505703,1
51613479,1
51583267,1
51592474,1
51603503,1
51619128,1
51601184,1
51649492,1
51633049,1
51631615,1
51672814,1
51578319,1
51571650,1
51637617,1
51531984,1
51619125,1
51543120,1
51621486,1
51619009,1
51502379,1
51650746,1
51642349,1
51612362,1
51519473,1
51667311,1
51396903,1
51603106,1
51565528,1
51548289,1
51572843,1
51601812,1
51413788,1
51468743,1
51619670,1
51485276,1
51597035,1
51571854,1
51530907,1
51521268,1
51605470,1
51669822,1
51649467,1
51474863,1
51653578,1
51622205,1
51435724,1
51612974,1
51479934,1
51497311,1
51506448,1
51566931,1
51488519,1
51636574,1
51593088,1
51543137,1
51669823,1
51593063,1
51668773,1
51442471,1
51527534,1
51466721,1
51590349,1
51596109,1
51647066,1
51592004,1
51626571,1
51662300,1
51422233,1
51613215,1
51613214,1
51479711,1
51507280,1
51674997,1
51630116,1
51580818,1
51674996,1
51605469,1
51615389,1
51522087,1
51672763,1
51617825,1
51667243,1
51509480,1
51553637,1
51579640,1
51427083,1
51653936,1
51668883,1
51633222,1
51544072,1
51548320,1
51652789,1
51514627,1
51569534,1
51503887,1
51543364,1
51663207,1
51580758,1
51567431,1
51631616,1
51664567,1
51630348,1
51667242,1
51612629,1
51589232,1
51653977,1
51593832,1
51404394,1
51574869,1
51558190,1
51602294,1
51575085,1
51548571,1
51587548,1
51575355,1
51677883,1
51634281,1
51612354,1
51650658,1
51547974,1
51557612,1
51578577,1
51581688,1
51663065,1
51671245,1
51442033,1
51587093,1
51654924,1
51549033,1
51678039,1
51622179,1
51582273,1
51579713,1
51670227,1
51479710,1
51624935,1
51434452,1
51579490,1
51589453,1
51552888,1
51581347,1
51432000,1
51652790,1
51584162,1
51629383,1
51644832,1
51589171,1
51557514,1
51672813,1
51546643,1
51528623,1
51683846,1
51619535,1
51622348,1
51527307,1
51574566,1
51676299,1
51582823,1
51552887,1
51400249,1
51366613,1
51635697,1
51557372,1
51676893,1
51626006,1
51537120,1
51615081,1
51664446,1
51490335,1
51615299,1
51449440,1
51431696,1
51655393,1
51453443,1
51548328,1
51531151,1
51597073,1
51496215,1
51674819,1
51456922,1
51433225,1
51501919,1
51652968,1
51620223,1
51594491,1
51509394,1
51612087,1
51579503,1
51646815,1
51683845,1
51670535,1
51668878,1
51416599,1
51554518,1
51674511,1
51590943,1
51681904,1
51663215,1
51638419,1
51491253,1
51660346,1
51587315,1
51658611,1
51641156,1
51605873,1
51672741,1
51664396,1
51527524,1
51643147,1
51602011,1
51519472,1
51595184,1
51640885,1
51592282,1
51654603,1
51484360,1
51492871,1
51632878,1
51635585,1
51599966,1
51602659,1
51649293,1
51688734,1
51608207,1
51556044,1
51688863,1
51656081,1
51574381,1
51657888,1
51675602,1
51675655,1
51568624,1
51681183,1
51643575,1
51665655,1
51537510,1
51511875,1
51629955,1
51582762,1
51687652,1
51598157,1
51588983,1
51507635,1
51680366,1
51625725,1
51653172,1
51554707,1
51687761,1
51616486,1
51665959,1
51680691,1
51575582,1
51455539,1
51557668,1
51568556,1
51546892,1
51624101,1
51683990,1
51517285,1
51563932,1
51456439,1
51529153,1
51651776,1
51525704,1
51542081,1
51562325,1
51652126,1
51646816,1
51557515,1
51683989,1
51593803,1
51499796,1
51582397,1
51652609,1
51588343,1
51412072,1
51610078,1
51610193,1
51660877,1
51577370,1
51577124,1
51655552,1
51528332,1
51560943,1
51630022,1
51662837,1
51605388,1
51598087,1
51633755,1
51658569,1
51598086,1
51687760,1
51576279,1
51591806,1
51598419,1
51565902,1
51686358,1
51670026,1
51630372,1
51633052,1
51660773,1
51541143,1
51563256,1
51608479,1
51481629,1
51687327,1
51588655,1
51329335,1
51608183,1
51425078,1
51693193,1
51581946,1
51616487,1
51548839,1
51634343,1
51560338,1
51680994,1
51604145,1
51652251,1
51681184,1
51537116,1
51690799,1
51571360,1
51586576,1
51688184,1
51679904,1
51596617,1
51622461,1
51546980,1
51638139,1
51687673,1
51638339,1
51682283,1
51695948,1
51623015,1
51569818,1
51690518,1
51624934,1
51653577,1
51493942,1
51645242,1
51688036,1
51593501,1
51593219,1
51440028,1
51634982,1
51636178,1
51660879,1
51507091,1
51638138,1
51622618,1
51574565,1
51655551,1
51340616,1
51558466,1
51663091,1
51680365,1
51505112,1
51645270,1
51623297,1
51597490,1
51668761,1
51644118,1
51668772,1
51652477,1
51541720,1
51661857,1
51690800,1
51690884,1
51674512,1
51677283,1
51466940,1
51462906,1
51698417,1
51495794,1
51658953,1
51527994,1
51663391,1
51686643,1
51579641,1
51412108,1
51581341,1
51588152,1
51331301,1
51550906,1
51570388,1
51660152,1
51536288,1
51519919,1
51506449,1
51537511,1
51531401,1
51682337,1
51620538,1
51679771,1
51426313,1
51686929,1
51383539,1
51519450,1
51610847,1
51671244,1
51688725,1
51554623,1
51584741,1
51615047,1
51668923,1
51672831,1
51646884,1
51586462,1
51541210,1
51696418,1
51622460,1
51579341,1
51544071,1
51598812,1
51681903,1
51595179,1
51548329,1
51636331,1
51668432,1
51554099,1
51343421,1
51540762,1
51597280,1
51482021,1
51696211,1
51613800,1
51696210,1
51534456,1
51668784,1
51626570,1
51486089,1
51526216,1
51523425,1
51395480,1
51605417,1
51613799,1
51635840,1
51694528,1
51584913,1
51639789,1
51696358,1
51521698,1
51627856,1
51643146,1
51520855,1
51384413,1
51471164,1
51575930,1
51550166,1
51555895,1
51488018,1
51627261,1
51502083,1
51644989,1
51572577,1
51617434,1
51657889,1
51699052,1
51521759,1
51558149,1
51536441,1
51466024,1
51637964,1
51563953,1
51477475,1
51569738,1
51617653,1
51608184,1
51587391,1
51620321,1
51581909,1
51676964,1
51632966,1
51634375,1
51585070,1
51596108,1
51629015,1
51640280,1
51578461,1
51706029,1
51363938,1
51586956,1
51571607,1
51698578,1
51478227,1
51595228,1
51382260,1
51559400,1
51449552,1
51613698,1
51450103,1
51588982,1
51704450,1
51645419,1
51678436,1
51650889,1
51604968,1
51666391,1
51534569,1
51660996,1
51562324,1
51606222,1
51602702,1
51635696,1
51480136,1
51620537,1
51708151,1
51535176,1
51615052,1
51608206,1
51635651,1
51551918,1
51675873,1
51576280,1
51594654,1
51668924,1
51541470,1
51688079,1
51706035,1
51619622,1
51562293,1
51667673,1
51487015,1
51641789,1
51597870,1
51624665,1
51633753,1
51569875,1
51602847,1
51619316,1
51691613,1
51560339,1
51641222,1
51704451,1
51706034,1
51696359,1
51703213,1
51478081,1
51634700,1
51327064,1
51571856,1
51641788,1
51558307,1
51635088,1
51596481,1
51655540,1
51527779,1
51603487,1
51624514,1
51557059,1
51548738,1
51669554,1
51576351,1
51498443,1
51611931,1
51586461,1
51698817,1
51435349,1
51581625,1
51570756,1
51641278,1
51560792,1
51327048,1
51578177,1
51507857,1
51683986,1
51552483,1
51648609,1
51519490,1
51576048,1
51611598,1
51575581,1
51515564,1
51713239,1
51404976,1
51712506,1
51658850,1
51621965,1
51626007,1
51712692,1
51561848,1
51652476,1
51701722,1
51339547,1
51607355,1
51612630,1
51693613,1
51519451,1
51652622,1
51506633,1
51586955,1
51650187,1
51652946,1
51437829,1
51713380,1
51647632,1
51639282,1
51712555,1
51676963,1
51704386,1
51650548,1
51620917,1
51603187,1
51662190,1
51506279,1
51533390,1
51669212,1
51639179,1
51576054,1
51562345,1
51607846,1
51647402,1
51337061,1
51446038,1
51652158,1
51587463,1
51669856,1
51595546,1
51706931,1
51672303,1
51713379,1
51665960,1
51715373,1
51713853,1
51534153,1
51632901,1
51624896,1
51712693,1
51568557,1
51566022,1
51699000,1
51560034,1
51675922,1
51597597,1
51508559,1
51600525,1
51485488,1
51551201,1
51611574,1
51704928,1
51581340,1
51619010,1
51583702,1
51562539,1
51613885,1
51631270,1
51713612,1
51708152,1
51625724,1
51707050,1
51504012,1
51614837,1
51572468,1
51713852,1
51598271,1
51576352,1
51608327,1
51568337,1
51497762,1
51699227,1
51489569,1
51553524,1
51583049,1
51514162,1
51638122,1
51617412,1
51536755,1
51639788,1
51546074,1
51650341,1
51502127,1
51691614,1
51609803,1
51677053,1
51614756,1
51709945,1
51704565,1
51565150,1
51704878,1
51710188,1
51454032,1
51651291,1
51650065,1
51547473,1
51710443,1
51589820,1
51655792,1
51712507,1
51694324,1
51591733,1
51641143,1
51609802,1
51683985,1
51717043,1
51378036,1
51401250,1
51635584,1
51496835,1
51565151,1
51597511,1
51677054,1
51507591,1
51649867,1
51558319,1
51582993,1
51637792,1
51610528,1
51595176,1
51589762,1
51555713,1
51630117,1
51680914,1
51611342,1
51622475,1
51561025,1
51714638,1
51658141,1
51601813,1
51714639,1
51607854,1
51411165,1
51707640,1
51707664,1
51701099,1
51616225,1
51547604,1
51633752,1
51680442,1
51717889,1
51581624,1
51576902,1
51634376,1
51700245,1
51672764,1
51552135,1
51709946,1
51571149,1
51619623,1
51653935,1
51704672,1
51683962,1
51693614,1
51649743,1
51624100,1
51544571,1
51602295,1
51685732,1
51537119,1
51586090,1
51658467,1
51597158,1
51590348,1
51623296,1
51384631,1
51614757,1
51715398,1
51719289,1
51557373,1
51451891,1
51698994,1
51712837,1
51693776,1
51624363,1
51622664,1
51582396,1
51668374,1
51647401,1
51595177,1
51713240,1
51616224,1
51653001,1
51723364,1
51717879,1
51631269,1
51374742,1
51720888,1
51668670,1
51715397,1
51707001,1
51696190,1
51630296,1
51690504,1
51703066,1
51707288,1
51699051,1
51653978,1
51652594,1
51602337,1
51599445,1
51592008,1
51647173,1
51651775,1
51692924,1
51649161,1
51588591,1
51717815,1
51605448,1
51557026,1
51649468,1
51601000,1
51720976,1
51700676,1
51634983,1
51626756,1
51630813,1
51695316,1
51646451,1
51610711,1
51729733,1
51569507,1
51613571,1
51542291,1
51716416,1
51614836,1
51506965,1
51641411,1
51668956,1
51669172,1
51525626,1
51699226,1
51669155,1
51595180,1
51698409,1
51687653,1
51698577,1
51691330,1
51576366,1
51515014,1
51333763,1
51644782,1
51658570,1
51663180,1
51726356,1
51694325,1
51645315,1
51670027,1
51490551,1
51635165,1
51664568,1
51475470,1
51622476,1
51605872,1
51633638,1
51687215,1
51569506,1
51533391,1
51672130,1
51525575,1
51644497,1
51433248,1
51644833,1
51572687,1
51680913,1
51571150,1
51630295,1
51730320,1
51558759,1
51555712,1
51579782,1
51560793,1
51667531,1
51714065,1
51678609,1
51541428,1
51677282,1
51618917,1
51673475,1
51622732,1
51696923,1
51715247,1
51720975,1
51730319,1
51734607,1
51613886,1
51604712,1
51675972,1
51649866,1
51713009,1
51578552,1
51711962,1
51582606,1
51618805,1
51625595,1
51523982,1
51652157,1
51597243,1
51683131,1
51717878,1
51554410,1
51732820,1
51720710,1
51652197,1
51652278,1
51577968,1
51723696,1
51726638,1
51534413,1
51435841,1
51657041,1
51596906,1
51638123,1
51661391,1
51727167,1
51516211,1
51735738,1
51536025,1
51509529,1
51552023,1
51703427,1
51534486,1
51427029,1
51534568,1
51686928,1
51654389,1
51658265,1
51624515,1
51467936,1
51620148,1
51653171,1
51644822,1
51652125,1
51633073,1
51617890,1
51608300,1
51656082,1
51715466,1
51661858,1
51672894,1
51734829,1
51441116,1
51457656,1
51663708,1
51604969,1
51736814,1
51734195,1
51732496,1
51563933,1
51484325,1
51717803,1
51586281,1
51672228,1
51605416,1
51390195,1
51716417,1
51723697,1
51719725,1
51573901,1
51585262,1
51641502,1
51544634,1
51637965,1
51547168,1
51737077,1
51669555,1
51503791,1
51630294,1
51720943,1
51618163,1
51700244,1
51573121,1
51608928,1
51636586,1
51613695,1
51642330,1
51652323,1
51668566,1
51589170,1
51575324,1
51572531,1
51740098,1
51620796,1
51715465,1
51644061,1
51591805,1
51581908,1
51734830,1
51732051,1
51587867,1
51479475,1
51676182,1
51670489,1
51576901,1
51706508,1
51717767,1
51650066,1
51710518,1
51581472,1
51372398,1
51731678,1
51601185,1
51391493,1
51658994,1
51638567,1
51725500,1
51711712,1
51720354,1
51647327,1
51692571,1
51574966,1
51652846,1
51687672,1
51695944,1
51683202,1
51695943,1
51628854,1
51639929,1
51679770,1
51704387,1
51634208,1
51741600,1
51669171,1
51676405,1
51628191,1
51587037,1
51391220,1
51663024,1
51705210,1
51644011,1
51745447,1
51664424,1
51704393,1
51593218,1
51622987,1
51669903,1
51692432,1
51660774,1
51732021,1
51696419,1
51621487,1
51608529,1
51747464,1
51685733,1
51526464,1
51611575,1
51597034,1
51706932,1
51708210,1
51633119,1
51744076,1
51667530,1
51518989,1
51744333,1
51607251,1
51649779,1
51732182,1
51711963,1
51682988,1
51684722,1
51740670,1
51732434,1
51510135,1
51544577,1
51357167,1
51683132,1
51542713,1
51745448,1
51654075,1
51735740,1
51668882,1
51646945,1
51594738,1
51708822,1
51509828,1
51673216,1
51673476,1
51575049,1
51438604,1
51489384,1
51602601,1
51583464,1
51710896,1
51746596,1
51715374,1
51686359,1
51701723,1
51697616,1
51744334,1
51697469,1
51678610,1
51734767,1
51676404,1
51747463,1
51453771,1
51670612,1
51580248,1
51608927,1
51716369,1
51719233,1
51735739,1
51751075,1
51744135,1
51614842,1
51746971,1
51749927,1
51424622,1
51633422,1
51727988,1
51602318,1
51731017,1
51732497,1
51655047,1
51660403,1
51652198,1
51591777,1
51617433,1
51670534,1
51746851,1
51742864,1
51607409,1
51549686,1
51622423,1
51688283,1
51641756,1
51588336,1
51694027,1
51643693,1
51683304,1
51731677,1
51712664,1
51669857,1
51740097,1
51671705,1
51704394,1
51729124,1
51578262,1
51585639,1
51660840,1
51675959,1
51629956,1
51600570,1
51646452,1
51572026,1
51668375,1
51594490,1
51543136,1
51729776,1
51587314,1
51750981,1
51597457,1
51711375,1
51745818,1
51563810,1
51700677,1
51687214,1
51451390,1
51679156,1
51522611,1
51523916,1
51536632,1
51592512,1
51619127,1
51647732,1
51598436,1
51746595,1
51757463,1
51712565,1
51652398,1
51698880,1
51704671,1
51584245,1
51600679,1
51575086,1
51481796,1
51613570,1
51481316,1
51636575,1
51748041,1
51717923,1
51644060,1
51658473,1
51660441,1
51734597,1
51726355,1
51755117,1
51535290,1
51435350,1
51395264,1
51744363,1
51490550,1
51524995,1
51559352,1
51750188,1
51693005,1
51570387,1
51661134,1
51455148,1
51420518,1
51515591,1
51581797,1
51488520,1
51668574,1
51542328,1
51724758,1
51750980,1
51689079,1
51712665,1
51388806,1
51753830,1
51752480,1
51755116,1
51685420,1
51655045,1
51660891,1
51527868,1
51693631,1
51655048,1
51647174,1
51665214,1
51621119,1
51599129,1
51648642,1
51748664,1
51610220,1
51721463,1
51729682,1
51632770,1
51705158,1
51650342,1
51751076,1
51611108,1
51607067,1
51693775,1
51749920,1
51460256,1
51750187,1
51671711,1
51723868,1
51637616,1
51432624,1
51660995,1
51431697,1
51700817,1
51690062,1
51732433,1
51758646,1
51754338,1
51606231,1
51662836,1
51693080,1
51701334,1
51641017,1
51468380,1
51635652,1
51746484,1
51663092,1
51649294,1
51757259,1
51735857,1
51757462,1
51685232,1
51720942,1
51633050,1
51715643,1
51328387,1
51650204,1
51676524,1
51606235,1
51728581,1
51764376,1
51707051,1
51698701,1
51654076,1
51638605,1
51737383,1
51610221,1
51562294,1
51509081,1
51750627,1
51470564,1
51690231,1
51750626,1
51737076,1
51748259,1
51691733,1
51639534,1
51603845,1
51685261,1
51520057,1
51707289,1
51638796,1
51643574,1
51652676,1
51758585,1
51593833,1
51646088,1
51764377,1
51765306,1
51764506,1
51575231,1
51568076,1
51562669,1
51656042,1
51624831,1
51415017,1
51752381,1
51552189,1
51656282,1
51684220,1
51696438,1
51671706,1
51762205,1
51767784,1
51718634,1
51554045,1
51521070,1
51665565,1
51681772,1
51610529,1
51727028,1
51767133,1
51641016,1
51556056,1
51614843,1
51599967,1
51718905,1
51764514,1
51592047,1
51768659,1
51697615,1
51573773,1
51669517,1
51685231,1
51552399,1
51744522,1
51752481,1
51560314,1
51552370,1
51673215,1
51703426,1
51629838,1
51676298,1
51659922,1
51570526,1
51547472,1
51762606,1
51598329,1
51408688,1
51767191,1
51698811,1
51738263,1
51731701,1
51717997,1
51468379,1
51632965,1
51717886,1
51683427,1
51737377,1
51431209,1
51760525,1
51582406,1
51550895,1
51762078,1
51366824,1
51726639,1
51604735,1
51696465,1
51706388,1
51598951,1
51560641,1
51600791,1
51740669,1
51681936,1
51410141,1
51554519,1
51739817,1
51707058,1
51691460,1
51471080,1
51674316,1
51638797,1
51697325,1
51760524,1
51657823,1
51674225,1
51545351,1
51563339,1
51646120,1
51607408,1
51336213,1
51665213,1
51511653,1
51589837,1
51765305,1
51609051,1
51572554,1
51591873,1
51512257,1
51689168,1
51718144,1
51762077,1
51688864,1
51762094,1
51695019,1
51763551,1
51539931,1
51708823,1
51675973,1
51701098,1
51726905,1
51685745,1
51767171,1
51543339,1
51484763,1
51772702,1
51689080,1
51737074,1
51591875,1
51575526,1
51663023,1
51701454,1
51633118,1
51617889,1
51708665,1
51686642,1
51717031,1
51762206,1
51600571,1
51660969,1
51755842,1
51668345,1
51490692,1
51620224,1
51674065,1
51695949,1
51664395,1
51677759,1
51639535,1
51653808,1
51745691,1
51745690,1
51740282,1
51679853,1
51520854,1
51763550,1
51725432,1
51629571,1
51325656,1
51691179,1
51680131,1
51690232,1
51650186,1
51559401,1
51707993,1
51565362,1
51740778,1
51425525,1
51759961,1
51759048,1
51653415,1
51670081,1
51737382,1
51611192,1
51742865,1
51705930,1
51675575,1
51774533,1
51732020,1
51775903,1
51456440,1
51711485,1
51696464,1
51619743,1
51678599,1
51335969,1
51777766,1
51406931,1
51690061,1
51732415,1
51775413,1
51724149,1
51624426,1
51698816,1
51717885,1
51674157,1
51611308,1
51735737,1
51580819,1
51704503,1
51762219,1
51663390,1
51520726,1
51770406,1
51775904,1
51697699,1
51629941,1
51571855,1
51742325,1
51725814,1
51737850,1
51777950,1
51593767,1
51768043,1
51754339,1
51736815,1
51693192,1
51521442,1
51600029,1
51578063,1
51771568,1
51772982,1
51639645,1
51664573,1
51736259,1
51753831,1
51775871,1
51683961,1
51541469,1
51487227,1
51713080,1
51679155,1
51691332,1
51619372,1
51705211,1
51539906,1
51698812,1
51702712,1
51671710,1
51771567,1
51718314,1
51608328,1
51712554,1
51717042,1
51679092,1
51761434,1
51764132,1
51774916,1
51657131,1
51780728,1
51681935,1
51767172,1
51701252,1
51775412,1
51743637,1
51726294,1
51710931,1
51750929,1
51568625,1
51778546,1
51744075,1
51705992,1
51711374,1
51693486,1
51658993,1
51774318,1
51740283,1
51705503,1
51777241,1
51780016,1
51648641,1
51678600,1
51762513,1
51775280,1
51704929,1
51589452,1
51583701,1
51647631,1
51697001,1
51641085,1
51720635,1
51634701,1
51708704,1
51579298,1
51756604,1
51690730,1
51762220,1
51775833,1
51702983,1
51567356,1
51622422,1
51763854,1
51624054,1
51583048,1
51635164,1
51768042,1
51734254,1
51691331,1
51625619,1
51646674,1
51644783,1
51680692,1
51776964,1
51611577,1
51696191,1
51756581,1
51784022,1
51770279,1
51683671,1
51572954,1
51749919,1
51641755,1
51725618,1
51651292,1
51755843,1
51613498,1
51742326,1
51713073,1
51761435,1
51423976,1
51630021,1
51496473,1
51609052,1
51366037,1
51705931,1
51782352,1
51772988,1
51672742,1
51773063,1
51784058,1
51708846,1
51757851,1
51768922,1
51744136,1
51703531,1
51660880,1
51582407,1
51614367,1
51687121,1
51780720,1
51651648,1
51636399,1
51756996,1
51659828,1
51726054,1
51733980,1
51624362,1
51698496,1
51613499,1
51513250,1
51558935,1
51583463,1
51781185,1
51781094,1
51775577,1
51676894,1
51713611,1
51774189,1
51781326,1
51774229,1
51774319,1
51788035,1
51668894,1
51777240,1
51661659,1
51607217,1
51685359,1
51583107,1
51715652,1
51715651,1
51765030,1
51348008,1
51559353,1
51607541,1
51702262,1
51780719,1
51710519,1
51753471,1
51640692,1
51681598,1
51606230,1
51691248,1
51586091,1
51783667,1
51735067,1
51633938,1
51641214,1
51718245,1
51551566,1
51634344,1
51782481,1
51763180,1
51786824,1
51788114,1
51782482,1
51670106,1
51703099,1
51755482,1
51732052,1
51786200,1
51674820,1
51698418,1
51693941,1
51716048,1
51656041,1
51767192,1
51727157,1
51632877,1
51556152,1
51784831,1
51642331,1
51491787,1
51788021,1
51560685,1
51782511,1
51652322,1
51552024,1
51650221,1
51544633,1
51706361,1
51696766,1
51726053,1
51583493,1
51772703,1
51720792,1
51720835,1
51532834,1
51488582,1
51711344,1
51719173,1
51779710,1
51610710,1
51789511,1
51781325,1
51781330,1
51574846,1
51719611,1
51684371,1
51599391,1
51649744,1
51600680,1
51610846,1
51670613,1
51696924,1
51710712,1
51671454,1
51444666,1
51710997,1
51377399,1
51784832,1
51789345,1
51773064,1
51754794,1
51789488,1
51774228,1
51746852,1
51708269,1
51698833,1
51482254,1
51741599,1
51516337,1
51670107,1
51715623,1
51659573,1
51749693,1
51715544,1
51749694,1
51786933,1
51637793,1
51682024,1
51707639,1
51732181,1
51636121,1
51681597,1
51720238,1
51566930,1
51592541,1
51616132,1
51729732,1
51724282,1
51726143,1
51794703,1
51655044,1
51633072,1
51331302,1
51794989,1
51788022,1
51674226,1
51784107,1
51756580,1
51589141,1
51786825,1
51573774,1
51779956,1
51793591,1
51779985,1
51729463,1
51786932,1
51370635,1
51733867,1
51706507,1
51671146,1
51698654,1
51772096,1
51657042,1
51506278,1
51789936,1
51746071,1
51762408,1
51786199,1
51676183,1
51693081,1
51764440,1
51691329,1
51551393,1
51717996,1
51791926,1
51778232,1
51794724,1
51792030,1
51754845,1
51729067,1
51590942,1
51585302,1
51794994,1
51794990,1
51793592,1
51696556,1
51611379,1
51467590,1
51795419,1
51617156,1
51748741,1
51704719,1
51635839,1
51679677,1
51760044,1
51650222,1
51767300,1
51732819,1
51613699,1
51764681,1
51506671,1
51532909,1
51705436,1
51766118,1
51594986,1
51622117,1
51774068,1
51641421,1
51789510,1
51543026,1
51797799,1
51785177,1
51586508,1
51696315,1
51784106,1
51675872,1
51698410,1
51774532,1
51756734,1
51744521,1
51679055,1
51790083,1
51691288,1
51691850,1
51612353,1
51656281,1
51652148,1
51719174,1
51699107,1
51788113,1
51784057,1
51560640,1
51753991,1
51740615,1
51758584,1
51779089,1
51718635,1
51426286,1
51505994,1
51791909,1
51672227,1
51460020,1
51713731,1
51624897,1
51690729,1
51719271,1
51597491,1
51794876,1
51792292,1
51796281,1
51604394,1
51748250,1
51592009,1
51715619,1
51795091,1
51762144,1
51501629,1
51641389,1
51748638,1
51358621,1
51769734,1
51796953,1
51671147,1
51757107,1
51698495,1
51760025,1
51647731,1
51705437,1
51600263,1
51485759,1
51586272,1
51507590,1
51800519,1
51692107,1
51679905,1
51644258,1
51631888,1
51674348,1
51770280,1
51779955,1
51483820,1
51799568,1
51763855,1
51508476,1
51725631,1
51791575,1
51682023,1
51643160,1
51679479,1
51670080,1
51762825,1
51591732,1
51481951,1
51800369,1
51789358,1
51731892,1
51650791,1
51781184,1
51649582,1
51738905,1
51745728,1
51798839,1
51625594,1
51785281,1
51796280,1
51780015,1
51762237,1
51714587,1
51696437,1
51795155,1
51795285,1
51360625,1
51709333,1
51632150,1
51732414,1
51597072,1
51802733,1
51558306,1
51761506,1
51598706,1
51800236,1
51622986,1
51794723,1
51572553,1
51746319,1
51804356,1
51653496,1
51641412,1
51788036,1
51775832,1
51770407,1
51358986,1
51795065,1
51555562,1
51714586,1
51684401,1
51584163,1
51580437,1
51732277,1
51510179,1
51609045,1
51725813,1
51717745,1
51695645,1
51726144,1
51776446,1
51740777,1
51641213,1
51716368,1
51691479,1
51754671,1
51776700,1
51581346,1
51778475,1
51739946,1
51675654,1
51804386,1
51797724,1
51748251,1
51719666,1
51689167,1
51361375,1
51698999,1
51537028,1
51797934,1
51671622,1
51803495,1
51724105,1
51689994,1
51627260,1
51589838,1
51618918,1
51556857,1
51729775,1
51386755,1
51801582,1
51679798,1
51691787,1
51650792,1
51721889,1
51688726,1
51641503,1
51754795,1
51597596,1
51797723,1
51776732,1
51790906,1
51541641,1
51725507,1
51696767,1
51764010,1
51797199,1
51639079,1
51734196,1
51614366,1
51658264,1
51383766,1
51407701,1
51587390,1
51804014,1
51641388,1
51685254,1
51682282,1
51722050,1
51675574,1
51685273,1
51801533,1
51774188,1
51667140,1
51796318,1
51789489,1
51650583,1
51786752,1
51794995,1
51795090,1
51803425,1
51522238,1
51400621,1
51519768,1
51611343,1
51809029,1
51449441,1
51799502,1
51796861,1
51599128,1
51680130,1
51722938,1
51687300,1
51717699,1
51399259,1
51575018,1
51800158,1
51674893,1
51809465,1
51729066,1
51771130,1
51783940,1
51804351,1
51642336,1
51806058,1
51801755,1
51719665,1
51712838,1
51577448,1
51799325,1
51780150,1
51778616,1
51804947,1
51780578,1
51799569,1
51803603,1
51341721,1
51729596,1
51677760,1
51801077,1
51742600,1
51727228,1
51665798,1
51809758,1
51650584,1
51797933,1
51711484,1
51799025,1
51642735,1
51769150,1
51804691,1
51603493,1
51660968,1
51782777,1
51803424,1
51802383,1
51619453,1
51810498,1
51451311,1
51471491,1
51791574,1
51703877,1
51738863,1
51646119,1
51770776,1
51770810,1
51707749,1
51801078,1
51806580,1
51702982,1
51591872,1
51707925,1
51468766,1
51655921,1
51672893,1
51811414,1
51748971,1
51803263,1
51751210,1
51813003,1
51741428,1
51767647,1
51811752,1
51803604,1
51543988,1
51716028,1
51788824,1
51371510,1
51801074,1
51801073,1
51485553,1
51778312,1
51698700,1
51668567,1
51794704,1
51764682,1
51743721,1
51783796,1
51600028,1
51698879,1
51641285,1
51782422,1
51633221,1
51811415,1
51727808,1
51803264,1
51803262,1
51803370,1
51795102,1
51645714,1
51750431,1
51712318,1
51789946,1
51644695,1
51800159,1
51467019,1
51490195,1
51739818,1
51639283,1
51446257,1
51767375,1
51812212,1
51628967,1
51794875,1
51709823,1
51809879,1
51790812,1
51675971,1
51781331,1
51796412,1
51659574,1
51703233,1
51649671,1
51605719,1
51814345,1
51652593,1
51778617,1
51698970,1
51797131,1
51541621,1
51813450,1
51692925,1
51753470,1
51550896,1
51547956,1
51710782,1
51775598,1
51742676,1
51369447,1
51798701,1
51572666,1
51683672,1
51785189,1
51721095,1
51801754,1
51517919,1
51803265,1
51718277,1
51582607,1
51789607,1
51795154,1
51688284,1
51796860,1
51811683,1
51751278,1
51807934,1
51652623,1
51392976,1
51687301,1
51669213,1
51734813,1
51586920,1
51764133,1
51618806,1
51707600,1
51783668,1
51813907,1
51683201,1
51754613,1
51683428,1
51802944,1
51698834,1
51814141,1
51720836,1
51712460,1
51809880,1
51726513,1
51815410,1
51733296,1
51691734,1
51693485,1
51798990,1
51811718,1
51817333,1
51721384,1
51646087,1
51718685,1
51816522,1
51805583,1
51703876,1
51578150,1
51691459,1
51814856,1
51748260,1
51775495,1
51702713,1
51617756,1
51726224,1
51811427,1
51784007,1
51746972,1
51808776,1
51818335,1
51631954,1
51617755,1
51795089,1
51738864,1
51657868,1
51667672,1
51687294,1
51810497,1
51606131,1
51811719,1
51693974,1
51814633,1
51813451,1
51819024,1
51816521,1
51580478,1
51769769,1
51698709,1
51764500,1
51759049,1
51743703,1
51819535,1
51724757,1
51720709,1
51816975,1
51815413,1
51818127,1
51796319,1
51607855,1
51814288,1
51801887,1
51814505,1
51745194,1
51748816,1
51725617,1
51575578,1
51746084,1
51756061,1
51758928,1
51668433,1
51805459,1
51649162,1
51584742,1
51610904,1
51660416,1
51820556,1
51814060,1
51798700,1
51811468,1
51801581,1
51667310,1
51620147,1
51809883,1
51816976,1
51689562,1
51579340,1
51664445,1
51681763,1
51808775,1
51811751,1
51706621,1
51814504,1
51693940,1
51713117,1
51814632,1
51764062,1
51643161,1
51748817,1
51767049,1
51718505,1
51806581,1
51771018,1
51734484,1
51573693,1
51746546,1
51818139,1
51804260,1
51811469,1
51819748,1
51668879,1
51772987,1
51793903,1
51615080,1
51563404,1
51813365,1
51732278,1
51742170,1
51821530,1
51821730,1
51733868,1
51616935,1
51819037,1
51681771,1
51816643,1
51809222,1
51717623,1
51385000,1
51780727,1
51760045,1
51702574,1
51705159,1
51801326,1
51632926,1
51649493,1
51414707,1
51816915,1
51720889,1
51823707,1
51756418,1
51772785,1
51821026,1
51737301,1
51785371,1
51819820,1
51693644,1
51788070,1
51715543,1
51800556,1
51675853,1
51689993,1
51618306,1
51471490,1
51709242,1
51457820,1
51714724,1
51416971,1
51823091,1
51820355,1
51791927,1
51690517,1
51611932,1
51800242,1
51709692,1
51819657,1
51800414,1
51823609,1
51664401,1
51748217,1
51819747,1
51660440,1
51798991,1
51809953,1
51790907,1
51695018,1
51750345,1
51813364,1
51658140,1
51614074,1
51780379,1
51629942,1
51819417,1
51602336,1
51607847,1
51395194,1
51669516,1
51789215,1
51754777,1
51729109,1
51805923,1
51827939,1
51628853,1
51534229,1
51642734,1
51541502,1
51744244,1
51654925,1
51655029,1
51799024,1
51560653,1
51762359,1
51396081,1
51739018,1
51799503,1
51391736,1
51557058,1
51693568,1
51630568,1
51687120,1
51820016,1
51726691,1
51822868,1
51637896,1
51781789,1
51717766,1
51569348,1
51662835,1
51485398,1
51704210,1
51705693,1
51748218,1
51683303,1
51399560,1
51819623,1
51826428,1
51697398,1
51769090,1
51795101,1
51813004,1
51811686,1
51733687,1
51822787,1
51828330,1
51442347,1
51487038,1
51828627,1
51580759,1
51713514,1
51797410,1
51804038,1
51708270,1
51560444,1
51807170,1
51815328,1
51755483,1
51788069,1
51770213,1
51828027,1
51808851,1
51503745,1
51639928,1
51733728,1
51821479,1
51804946,1
51813494,1
51721383,1
51684701,1
51548405,1
51693986,1
51757108,1
51791908,1
51807073,1
51828009,1
51693569,1
51775870,1
51818452,1
51541144,1
51803494,1
51824091,1
51810309,1
51700440,1
51622704,1
51770473,1
51825603,1
51825602,1
51820180,1
51821794,1
51522526,1
51761486,1
51690505,1
51638338,1
51806726,1
51823726,1
51778476,1
51757850,1
51693630,1
51734766,1
51823800,1
51799458,1
51824107,1
51733552,1
51609890,1
51688035,1
51828329,1
51547010,1
51689561,1
51825610,1
51665134,1
51821577,1
51734861,1
51703798,1
51830167,1
51757030,1
51770821,1
51828628,1
51710930,1
51756335,1
51688733,1
51825035,1
51776733,1
51815082,1
51782421,1
51809884,1
51807204,1
51761892,1
51663179,1
51801719,1
51820934,1
51597462,1
51826363,1
51759185,1
51832200,1
51703232,1
51828182,1
51718313,1
51826907,1
51652655,1
51783159,1
51829789,1
51706622,1
51772273,1
51824300,1
51578553,1
51762238,1
51702263,1
51674066,1
51690740,1
51633754,1
51696887,1
51763181,1
51827791,1
51831855,1
51688738,1
51834544,1
51816828,1
51700079,1
51432625,1
51805802,1
51597574,1
51696168,1
51719726,1
51825290,1
51715537,1
51454676,1
51679056,1
51696557,1
51832125,1
51796413,1
51724106,1
51669129,1
51734862,1
51663690,1
51671509,1
51831084,1
51725411,1
51584134,1
51501912,1
51745296,1
51835947,1
51551200,1
51535021,1
51786477,1
51707994,1
51664423,1
51756334,1
51768415,1
51809648,1
51814142,1
51833495,1
51680993,1
51630453,1
51832199,1
51733551,1
51734812,1
51725431,1
51832613,1
51831078,1
51810686,1
51809188,1
51833956,1
51791694,1
51769749,1
51835948,1
51572475,1
51704234,1
51762824,1
51408819,1
51550568,1
51712564,1
51738076,1
51756511,1
51789346,1
51583958,1
51704566,1
51702786,1
51726410,1
51795162,1
51409529,1
51837757,1
51825389,1
51529302,1
51402757,1
51706362,1
51544572,1
51583027,1
51434472,1
51821795,1
51614099,1
51833955,1
51734927,1
51758929,1
51529301,1
51639180,1
51838842,1
51678103,1
51837379,1
51510567,1
51829186,1
51822510,1
51817116,1
51708209,1
51804655,1
51699108,1
51821108,1
51830956,1
51803371,1
51627791,1
51574743,1
51624055,1
51508552,1
51832614,1
51831077,1
51780380,1
51827051,1
51736258,1
51810338,1
51783651,1
51734253,1
51576482,1
51744174,1
51695987,1
51838837,1
51764515,1
51737347,1
51815081,1
51740014,1
51826313,1
51836202,1
51656481,1
51812703,1
51826429,1
51723619,1
51839050,1
51839132,1
51837742,1
51822570,1
51772095,1
51838132,1
51772418,1
51757079,1
51398378,1
51839342,1
51832858,1
51825611,1
51704033,1
51813738,1
51838542,1
51798180,1
51789061,1
51592540,1
51576481,1
51773720,1
51836121,1
51726295,1
51829185,1
51823610,1
51827928,1
51839101,1
51744188,1
51733295,1
51401408,1
51789762,1
51629384,1
51836636,1
51842114,1
51606236,1
51627857,1
51562275,1
51748742,1
51433114,1
51806523,1
51556788,1
51680441,1
51608480,1
51823283,1
51804385,1
51638566,1
51754844,1
51830674,1
51536197,1
51705502,1
51820930,1
51657095,1
51805924,1
51695214,1
51622155,1
51693643,1
51804941,1
51770592,1
51843566,1
51833884,1
51632149,1
51816279,1
51770615,1
51740540,1
51751526,1
51635089,1
51776405,1
51600922,1
51764501,1
51730250,1
51834543,1
51805975,1
51816827,1
51836167,1
51815327,1
51827995,1
51834636,1
51840270,1
51436355,1
51778545,1
51729272,1
51697630,1
51509082,1
51595185,1
51837984,1
51731018,1
51556521,1
51789026,1
51684402,1
51821731,1
51703530,1
51736867,1
51653416,1
51729108,1
51710996,1
51803057,1
51677884,1
51820656,1
51847203,1
51672304,1
51836233,1
51581939,1
51845745,1
51844435,1
51838987,1
51803186,1
51534412,1
51821067,1
51715246,1
51833656,1
51784008,1
51736143,1
51826987,1
51665133,1
51729480,1
51777540,1
51648610,1
51700441,1
51814682,1
51777951,1
51709540,1
51766632,1
51758866,1
51838721,1
51811315,1
51838847,1
51761893,1
51842683,1
51845612,1
51827927,1
51670298,1
51523411,1
51841777,1
51834635,1
51847247,1
51815699,1
51826715,1
51836281,1
51817045,1
51815700,1
51799324,1
51838133,1
51404250,1
51848997,1
51791006,1
51802732,1
51740505,1
51580479,1
51701335,1
51773553,1
51797198,1
51823090,1
51661392,1
51702575,1
51786478,1
51838836,1
51694641,1
51831464,1
51757258,1
51744539,1
51826378,1
51798631,1
51819703,1
51756548,1
51765807,1
51786751,1
51848385,1
51816994,1
51652677,1
51685433,1
51837627,1
51812889,1
51818453,1
51834792,1
51690883,1
51619742,1
51636120,1
51744720,1
51783274,1
51420166,1
51735023,1
51842077,1
51725632,1
51472418,1
51841014,1
51704877,1
51791733,1
51729479,1
51740616,1
51767134,1
51630349,1
51614949,1
51719358,1
51756547,1
51723563,1
51716533,1
51665797,1
51752502,1
51814034,1
51847177,1
51644176,1
51844430,1
51484764,1
51705849,1
51836234,1
51819704,1
51725108,1
51848474,1
51838986,1
51819656,1
51826714,1
51619452,1
51703067,1
51737612,1
51691788,1
51733634,1
51460123,1
51837756,1
51837985,1
51790652,1
51806211,1
51843622,1
51835106,1
51778979,1
51846425,1
51605989,1
51824848,1
51431044,1
51718874,1
51775636,1
51546642,1
51852704,1
51842696,1
51841810,1
51843003,1
51850003,1
51688080,1
51711713,1
51844591,1
51695033,1
51578496,1
51810310,1
51407902,1
51795163,1
51821408,1
51661660,1
51534487,1
51833750,1
51843567,1
51729538,1
51851920,1
51846426,1
51662189,1
51850562,1
51822107,1
51779090,1
51578497,1
51388805,1
51783795,1
51813908,1
51746545,1
51852513,1
51718926,1
51789214,1
51819465,1
51804352,1
51825114,1
51771090,1
51770275,1
51851202,1
51837569,1
51847178,1
51789545,1
51827940,1
51849999,1
51818334,1
51679678,1
51847295,1
51834791,1
51410657,1
51852993,1
51738685,1
51852994,1
51840571,1
51850277,1
51821531,1
51737611,1
51692897,1
51847670,1
51613478,1
51788823,1
51728663,1
51764118,1
51654604,1
51839639,1
51684982,1
51786445,1
51671510,1
51847891,1
51771129,1
51855308,1
51756510,1
51847202,1
51712461,1
51815491,1
51847248,1
51852785,1
51847294,1
51762115,1
51782396,1
51760784,1
51839051,1
51650745,1
51670299,1
51832126,1
51832040,1
51708703,1
51810337,1
51737757,1
51751209,1
51752464,1
51547259,1
51843573,1
51631953,1
51717624,1
51633403,1
51796905,1
51581689,1
51652947,1
51702216,1
51491949,1
51746288,1
51746287,1
51737348,1
51848200,1
51836166,1
51778434,1
51843017,1
51852784,1
51845744,1
51850071,1
51792307,1
51779709,1
51697629,1
51854164,1
51840361,1
51641422,1
51848736,1
51852947,1
51725499,1
51614036,1
51747434,1
51826986,1
51607540,1
51663557,1
51843704,1
51844885,1
51839341,1
51767844,1
51825793,1
51843705,1
51413551,1
51822966,1
51822106,1
51791695,1
51852203,1
51844187,1
51652310,1
51623014,1
51668760,1
51775635,1
51775496,1
51844431,1
51852732,1
51826312,1
51850000,1
51831957,1
51817932,1
51858346,1
51823708,1
51782395,1
51828183,1
51797798,1
51724016,1
51592086,1
51731891,1
51578415,1
51795286,1
51598813,1
51738686,1
51626561,1
51851919,1
51855864,1
51739076,1
51836527,1
51852042,1
51741658,1
51729539,1
51763983,1
51761507,1
51798123,1
51830093,1
51817500,1
51415690,1
51806502,1
51701384,1
51772687,1
51716029,1
51696888,1
51707946,1
51855231,1
51820657,1
51748042,1
51740906,1
51850956,1
51848386,1
51820834,1
51858201,1
51837270,1
51855534,1
51622206,1
51852812,1
51848473,1
51841721,1
51792031,1
51840072,1
51855535,1
51854163,1
51846126,1
51837568,1
51808852,1
51752380,1
51745727,1
51853052,1
51751636,1
51844988,1
51750346,1
51737816,1
51789947,1
51855205,1
51770840,1
51852605,1
51603772,1
51816914,1
51859327,1
51838848,1
51782114,1
51814989,1
51820935,1
51855505,1
51657869,1
51817025,1
51837612,1
51850004,1
51795066,1
51744173,1
51851396,1
51844592,1
51841925,1
51714723,1
51588590,1
51802164,1
51850278,1
51841926,1
51822788,1
51713008,1
51833749,1
51604734,1
51792649,1
51720319,1
51853178,1
51727027,1
51616934,1
51789999,1
51831305,1
51861662,1
51767050,1
51660153,1
51410152,1
51702217,1
51535016,1
51592048,1
51645420,1
51812401,1
51745567,1
51498600,1
51859500,1
51852731,1
51667604,1
51701453,1
51484501,1
51702787,1
51845562,1
51782351,1
51852813,1
51859590,1
51862372,1
51695032,1
51750097,1
51850178,1
51580249,1
51726409,1
51714088,1
51842027,1
51862723,1
51860366,1
51669156,1
51788906,1
51855206,1
51716000,1
51819416,1
51601001,1
51691849,1
51820557,1
51656482,1
51553677,1
51848199,1
51852761,1
51495775,1
51858202,1
51798630,1
51752465,1
51832011,1
51530170,1
51768923,1
51519578,1
51861056,1
51851494,1
51843310,1
51861146,1
51744719,1
51859849,1
51434641,1
51855893,1
51854592,1
51681764,1
51730873,1
51785858,1
51619892,1
51777767,1
51794299,1
51615815,1
51770839,1
51704032,1
51698653,1
51798574,1
51798811,1
51723564,1
51657822,1
51790728,1
51716733,1
51697700,1
51813009,1
51675923,1
51853110,1
51830955,1
51848998,1
51787146,1
51434406,1
51824543,1
51798124,1
51864428,1
51654390,1
51686002,1
51731702,1
51702670,1
51830524,1
51754776,1
51581938,1
51864924,1
51863794,1
51855493,1
51814050,1
51743704,1
51644010,1
51861055,1
51842821,1
51803187,1
51817024,1
51814344,1
51824106,1
51843311,1
51782778,1
51524996,1
51860135,1
51773554,1
51770593,1
51829790,1
51729597,1
51740506,1
51860365,1
51687326,1
51858726,1
51735068,1
51517563,1
51867303,1
51709963,1
51674315,1
51742675,1
51867642,1
51833496,1
51673479,1
51859358,1
51807031,1
51856877,1
51416385,1
51868134,1
51858374,1
51854230,1
51857306,1
51835105,1
51847549,1
51806212,1
51868501,1
51778735,1
51611380,1
51706211,1
51807939,1
51831083,1
51863097,1
51853177,1
51422205,1
51729772,1
51776098,1
51629769,1
51824860,1
51759843,1
51757031,1
51788905,1
51737075,1
51765476,1
51776701,1
51613834,1
51830503,1
51678104,1
51801531,1
51808567,1
51642337,1
51863769,1
51816807,1
51863768,1
51862102,1
51820931,1
51854028,1
51851188,1
51859429,1
51635169,1
51418277,1
51597869,1
51868135,1
51755695,1
51761216,1
51753990,1
51861323,1
51669128,1
51737815,1
51820177,1
51742169,1
51441264,1
51797240,1
51781682,1
51560942,1
51666390,1
51669222,1
51596907,1
51852514,1
51738264,1
51771017,1
51687733,1
51834156,1
51719234,1
51818099,1
51867643,1
51796016,1
51830658,1
51800413,1
51767524,1
51638604,1
51854180,1
51851493,1
51769151,1
51868360,1
51858455,1
51772274,1
51868361,1
51853111,1
51855865,1
51685432,1
51630567,1
51815902,1
51863098,1
51809261,1
51789062,1
51687295,1
51779246,1
51803040,1
51805733,1
51690741,1
51711168,1
51771098,1
51700641,1
51805976,1
51864925,1
51839100,1
51851439,1
51852946,1
51872132,1
51812936,1
51850070,1
51819819,1
51776009,1
51850179,1
51803808,1
51858490,1
51851395,1
51601622,1
51667605,1
51657132,1
51820015,1
51574929,1
51854954,1
51869745,1
51780276,1
51692543,1
51737932,1
51769748,1
51782512,1
51870414,1
51862371,1
51867785,1
51812935,1
51694529,1
51789606,1
51842113,1
51766631,1
51862672,1
51862832,1
51853053,1
51762114,1
51869747,1
51489166,1
51675603,1
51583224,1
51563876,1
51809189,1
51640884,1
51647106,1
51848004,1
51848125,1
51759186,1
51834767,1
51658849,1
51708793,1
51870524,1
51458619,1
51837587,1
51854179,1
51724008,1
51863871,1
51592096,1
51738591,1
51585261,1
51602600,1
51860166,1
51420891,1
51747433,1
51819025,1
51797252,1
51433159,1
51817334,1
51773209,1
51798331,1
51485899,1
51534228,1
51761956,1
51830675,1
51864808,1
51581796,1
51663208,1
51874788,1
51848126,1
51862101,1
51704209,1
51723618,1
51804259,1
51675852,1
51664574,1
51862485,1
51835109,1
51865627,1
51806434,1
51661133,1
51876869,1
51869817,1
51575854,1
51736866,1
51691289,1
51822223,1
51779245,1
51776447,1
51690450,1
51658612,1
51750995,1
51746483,1
51790813,1
51874873,1
51821066,1
51698971,1
51840418,1
51711345,1
51683791,1
51827050,1
51685253,1
51874191,1
51785660,1
51640693,1
51869748,1
51871201,1
51841015,1
51751635,1
51770616,1
51798330,1
51783939,1
51877392,1
51739992,1
51814932,1
51598328,1
51877423,1
51859428,1
51841778,1
51544066,1
51823725,1
51852760,1
51770124,1
51795092,1
51751139,1
51829405,1
51725412,1
51669902,1
51855741,1
51863870,1
51873635,1
51520727,1
51873634,1
51866761,1
51785190,1
51837613,1
51832386,1
51547867,1
51791747,1
51876798,1
51860165,1
51843801,1
51697470,1
51868644,1
51857427,1
51869816,1
51718662,1
51850574,1
51795420,1
51802752,1
51693004,1
51713513,1
51872805,1
51756419,1
51772786,1
51793144,1
51807171,1
51803058,1
51845563,1
51726437,1
51870450,1
51872043,1
51736142,1
51634424,1
51815414,1
51775756,1
51733633,1
51862671,1
51596160,1
51868132,1
51855742,1
51868133,1
51872375,1
51700640,1
51854591,1
51820176,1
51872409,1
51729462,1
51841076,1
51860524,1
51798467,1
51808568,1
51711099,1
51880210,1
51843002,1
51881672,1
51685274,1
51790921,1
51846127,1
51629837,1
51730874,1
51552052,1
51875062,1
51869746,1
51833763,1
51880652,1
51872420,1
51875189,1
51875190,1
51872450,1
51764119,1
51845043,1
51740694,1
51874450,1
51717802,1
51764403,1
51663689,1
51646981,1
51646883,1
51718143,1
51881251,1
51877503,1
51748090,1
51808666,1
51878724,1
51837378,1
51758501,1
51880394,1
51670226,1
51654108,1
51830889,1
51872131,1
51830888,1
51877633,1
51825368,1
51854229,1
51775757,1
51880479,1
51851440,1
51679797,1
51836544,1
51883410,1
51883413,1
51872451,1
51874190,1
51835602,1
51733979,1
51765475,1
51881323,1
51814059,1
51798810,1
51751913,1
51868119,1
51876068,1
51858375,1
51767415,1
51884403,1
51585301,1
51883184,1
51725220,1
51869466,1
51862486,1
51685262,1
51881994,1
51865610,1
51866801,1
51882144,1
51588198,1
51872421,1
51724017,1
51823026,1
51806273,1
51739638,1
51787142,1
51806501,1
51846815,1
51682989,1
51662838,1
51665861,1
51502248,1
51454488,1
51760149,1
51446340,1
51869106,1
51727168,1
51686604,1
51849953,1
51801532,1
51809647,1
51881379,1
51594569,1
51870451,1
51441853,1
51859359,1
51884339,1
51865087,1
51877749,1
51880445,1
51858352,1
51856878,1
51714309,1
51836356,1
51812890,1
51721094,1
51795348,1
51862831,1
51836476,1
51770563,1
51883411,1
51836526,1
51883445,1
51754037,1
51776097,1
51692431,1
51685421,1
51742517,1
51716047,1
51694028,1
51543507,1
51827813,1
51797499,1
51853480,1
51804037,1
51746320,1
51774069,1
51756605,1
51849968,1
51768642,1
51881949,1
51770562,1
51854419,1
51663709,1
51767843,1
51779986,1
51883449,1
51733688,1
51827316,1
51775281,1
51747880,1
51852204,1
51728773,1
51788691,1
51446811,1
51638664,1
51451981,1
51778311,1
51700078,1
51831463,1
51615046,1
51781095,1
51878589,1
51780275,1
51873282,1
51865205,1
51817933,1
51885980,1
51887246,1
51881827,1
51881948,1
51657150,1
51811685,1
51887393,1
51785372,1
51882145,1
51790653,1
51858725,1
51860239,1
51887775,1
51871200,1
51858652,1
51846511,1
51756733,1
51883592,1
51788496,1
51692896,1
51756995,1
51805460,1
51858873,1
51778233,1
51852606,1
51840073,1
51828026,1
51888468,1
51563304,1
51883008,1
51874789,1
51626826,1
51683792,1
51866627,1
51686003,1
51877562,1
51870415,1
51801539,1
51705848,1
51883185,1
51841811,1
51774917,1
51872255,1
51825369,1
51793904,1
51866835,1
51865611,1
51858367,1
51726271,1
51890298,1
51715538,1
51875123,1
51836637,1
51639769,1
51754241,1
51883444,1
51880653,1
51770652,1
51862724,1
51889021,1
51435725,1
51855892,1
51816406,1
51775457,1
51847077,1
51825037,1
51801325,1
51852703,1
51852764,1
51801540,1
51798575,1
51888429,1
51869123,1
51881345,1
51863808,1
51841720,1
51782113,1
51889627,1
51880323,1
51837626,1
51872044,1
51460255,1
51822528,1
51862296,1
51863807,1
51833710,1
51854445,1
51818358,1
51872162,1
51854446,1
51724281,1
51858653,1
51861322,1
51890471,1
51885075,1
51865626,1
51740695,1
51781681,1
51835601,1
51875314,1
51528416,1
51707665,1
51773721,1
51707926,1
51872865,1
51817913,1
51737300,1
51889426,1
51611309,1
51870423,1
51830555,1
51741427,1
51878725,1
51887115,1
51881378,1
51886902,1
51842697,1
51814287,1
51829288,1
51891384,1
51647067,1
51880395,1
51619669,1
51889924,1
51797955,1
51806272,1
51859848,1
51891602,1
51866834,1
51684498,1
51817227,1
51890297,1
51440336,1
51734926,1
51890472,1
51844886,1
51658442,1
51889022,1
51879557,1
51860240,1
51440337,1
51737165,1
51740905,1
51889427,1
51877502,1
51768641,1
51726512,1
51881445,1
51886953,1
51678435,1
51508650,1
51806059,1
51628968,1
51889922,1
51768772,1
51784023,1
51858489,1
51811682,1
51773350,1
51788878,1
51860036,1
51817228,1
51879556,1
51893373,1
51883591,1
51889056,1
51844092,1
51891252,1
51726438,1
51663214,1
51797954,1
51615298,1
51793143,1
51822387,1
51880305,1
51895582,1
51844436,1
51692544,1
51872254,1
51884757,1
51802165,1
51579338,1
51894436,1
51883350,1
51794006,1
51894430,1
51662373,1
51792650,1
51660890,1
51893306,1
51852473,1
51852474,1
51688737,1
51759960,1
51881322,1
51891290,1
51894090,1
51894098,1
51895236,1
51894115,1
51822511,1
51852776,1
51852747,1
51764678,1
51807072,1
51743722,1
51827996,1
51812880,1
51891385,1
51621966,1
51784237,1
51778433,1
51707601,1
51894431,1
51893297,1
51883414,1
51882313,1
51433224,1
51836543,1
51887776,1
51868500,1
51876870,1
51893307,1
51894563,1
51654107,1
51871714,1
51883699,1
51660402,1
51856180,1
51435683,1
51818100,1
51828008,1
51711098,1
51891251,1
51827821,1
51885879,1
51895586,1
51658954,1
51837271,1
51762407,1
51895878,1
51722937,1
51868645,1
51846164,1
51875122,1
51719612,1
51894564,1
51858872,1
51832857,1
51514766,1
51789937,1
51597841,1
51446037,1
51754612,1
51878264,1
51882794,1
51804355,1
51873283,1
51894099,1
51679852,1
51836984,1
51896933,1
51895317,1
51883007,1
51896919,1
51896934,1
51858358,1
51694640,1
51881826,1
51740015,1
51895587,1
51709962,1
51780149,1
51883349,1
51548215,1
51775729,1
51868419,1
51895879,1
51875063,1
51898694,1
51773349,1
51773272,1
51534253,1
51803578,1
51891754,1
51731258,1
51713118,1
51864429,1
51619891,1
51839638,1
51738075,1
51707000,1
51820354,1
51886596,1
51881410,1
51808606,1
51894080,1
51825115,1
51826362,1
51895502,1
51898212,1
51579783,1
51752888,1
51877750,1
51866802,1
51890098,1
51797702,1
51863801,1
51877714,1
51897189,1
51898695,1
51463420,1
51879568,1
51890426,1
51714308,1
51792578,1
51715618,1
51900024,1
51875217,1
51891724,1
51885076,1
51629770,1
51460921,1
51454557,1
51697002,1
51877428,1
51784928,1
51870069,1
51900495,1
51888467,1
51855494,1
51794827,1
51869261,1
51894058,1
51710783,1
51761854,1
51851187,1
51863795,1
51892560,1
51837743,1
51821027,1
51847360,1
51895612,1
51537117,1
51698030,1
51894370,1
51850359,1
51876797,1
51588623,1
51893296,1
51898882,1
51717030,1
51817501,1
51767949,1
51562310,1
51658441,1
51589761,1
51754605,1
51726272,1
51848003,1
51886903,1
51902278,1
51805732,1
51806832,1
51660728,1
51889925,1
51894224,1
51868118,1
51858351,1
51817044,1
51902539,1
51895813,1
51884758,1
51904335,1
51888962,1
51882400,1
51605212,1
51889116,1
51672832,1
51816644,1
51863325,1
51802753,1
51787147,1
51451312,1
51695988,1
51852563,1
51870344,1
51897844,1
51882913,1
51896757,1
51822222,1
51842820,1
51878588,1
51674158,1
51800237,1
51891286,1
51894123,1
51900656,1
51856831,1
51894081,1
51881411,1
51578178,1
51812337,1
51477235,1
51705993,1
51795280,1
51649780,1
51552190,1
51468698,1
51780577,1
51891603,1
51824301,1
51719950,1
51780394,1
51900150,1
51660841,1
51649672,1
51767301,1
51760148,1
51830525,1
51864513,1
51443759,1
51881250,1
51775730,1
51860955,1
51836077,1
51600970,1
51534154,1
51902419,1
51840360,1
51902476,1
51563257,1
51903831,1
51905258,1
51902446,1
51872161,1
51905355,1
51901199,1
51901198,1
51670488,1
51902710,1
51886069,1
51888963,1
51890481,1
51739484,1
51454163,1
51862939,1
51900025,1
51907328,1
51842305,1
51809221,1
51885310,1
51824542,1
51728465,1
51795428,1
51789998,1
51814687,1
51707057,1
51822236,1
51732602,1
51904935,1
51899482,1
51906052,1
51897824,1
51900670,1
51906184,1
51900657,1
51884053,1
51892454,1
51892236,1
51902445,1
51837586,1
51895308,1
51903589,1
51899628,1
51903646,1
51629572,1
51906606,1
51554706,1
51884295,1
51814033,1
51456246,1
51902671,1
51767854,1
51902711,1
51904344,1
51901516,1
51508649,1
51836438,1
51816280,1
51898891,1
51896142,1
51761244,1
51901695,1
51841077,1
51758647,1
51830032,1
51891844,1
51886418,1
51729681,1
51822187,1
51775458,1
51870054,1
51837018,1
51825984,1
51870345,1
51842647,1
51900494,1
51825036,1
51897719,1
51906244,1
51877429,1
51858206,1
51816993,1
51756779,1
51767523,1
51885874,1
51903647,1
51901071,1
51695215,1
51905280,1
51906607,1
51797664,1
51705692,1
51545350,1
51898869,1
51882312,1
51908238,1
51897188,1
51898752,1
51908239,1
51908335,1
51898883,1
51745193,1
51893422,1
51880873,1
51886381,1
51758500,1
51790028,1
51846789,1
51663064,1
51811314,1
51717890,1
51554622,1
51910495,1
51892270,1
51881344,1
51840271,1
51710713,1
51863800,1
51903588,1
51906232,1
51856838,1
51668893,1
51894223,1
51817030,1
51876216,1
51789528,1
51797665,1
51902490,1
51815901,1
51698993,1
51640307,1
51885915,1
51873699,1
51624664,1
51769735,1
51897106,1
51897244,1
51891725,1
51891753,1
51742518,1
51746070,1
51889055,1
51789729,1
51893423,1
51767855,1
51639078,1
51787398,1
51797500,1
51831451,1
51900262,1
51835989,1
51910432,1
51732601,1
51903374,1
51908894,1
51790496,1
51775578,1
51910593,1
51856625,1
51906051,1
51910594,1
51778290,1
51835988,1
51808667,1
51906185,1
51809892,1
51887238,1
51836076,1
51854420,1
51846175,1
51887239,1
51910872,1
51881952,1
51902548,1
51910864,1
51680073,1
51911030,1
51909820,1
51673635,1
51898753,1
51739483,1
51911124,1
51543987,1
51908495,1
51910094,1
51852041,1
51911239,1
51746083,1
51596606,1
51665656,1
51816551,1
51701385,1
51754604,1
51784927,1
51827792,1
51903160,1
51834155,1
51663556,1
51852661,1
51910541,1
51897787,1
51828750,1
51913374,1
51600125,1
51911775,1
51704233,1
51851201,1
51903830,1
51798466,1
51762345,1
51873698,1
51791007,1
51902540,1
51833655,1
51720237,1
51913736,1
51740364,1
51898519,1
51805362,1
51912682,1
51875160,1
51762360,1
51904336,1
51904343,1
51573142,1
51866220,1
51860523,1
51847671,1
51731257,1
51822186,1
51721464,1
51747879,1
51825949,1
51801534,1
51627417,1
51900671,1
51891291,1
51907870,1
51885914,1
51891499,1
51889923,1
51905354,1
51508116,1
51789544,1
51895503,1
51909685,1
51912319,1
51909861,1
51655392,1
51890425,1
51898701,1
51901541,1
51807940,1
51894437,1
51912755,1
51818971,1
51834007,1
51725508,1
51797241,1
51910273,1
51880872,1
51866079,1
51646673,1
51721890,1
51908574,1
51893872,1
51822312,1
51867543,1
51864786,1
51687732,1
51858205,1
51765808,1
51752503,1
51783070,1
51886009,1
51739991,1
51897105,1
51865204,1
51894371,1
51913735,1
51700785,1
51534455,1
51913781,1
51915469,1
51748663,1
51915481,1
51916703,1
51900149,1
51842273,1
51891031,1
51908478,1
51816552,1
51840881,1
51697397,1
51900263,1
51598437,1
51860791,1
51897845,1
51910542,1
51485900,1
51808605,1
51902277,1
51916115,1
51823284,1
51809757,1
51917368,1
51901070,1
51638712,1
51892941,1
51723869,1
51902549,1
51901267,1
51916518,1
51614100,1
51911058,1
51901511,1
51827483,1
51915470,1
51915482,1
51911123,1
51811664,1
51764402,1
51908418,1
51908432,1
51846947,1
51871559,1
51914083,1
51751912,1
51769992,1
51908766,1
51748972,1
51888355,1
51913334,1
51849952,1
51909181,1
51909071,1
51910681,1
51850114,1
51744187,1
51625618,1
51608440,1
51911029,1
51718244,1
51720320,1
51586053,1
51898584,1
51681874,1
51907329,1
51778753,1
51684497,1
51773519,1
51912681,1
51729771,1
51916721,1
51912933,1
51808066,1
51684702,1
51684721,1
51866225,1
51760024,1
51729106,1
51830502,1
51915988,1
51869201,1
51918819,1
51734483,1
51819622,1
51883713,1
51886597,1
51894091,1
51908895,1
51891287,1
51884455,1
51863973,1
51891500,1
51907972,1
51789527,1
51874852,1
51826379,1
51744540,1
51878076,1
51901510,1
51729123,1
51916571,1
51838036,1
51668344,1
51912756,1
51847548,1
51913828,1
51655477,1
51814681,1
51685746,1
51914082,1
51916784,1
51767976,1
51776261,1
51841402,1
51662299,1
51853481,1
51732635,1
51769993,1
51786544,1
51819466,1
51918808,1
51545205,1
51836120,1
51855478,1
51909105,1
51906028,1
51896756,1
51798838,1
51909180,1
51911776,1
51884294,1
51917367,1
51899538,1
51872047,1
51809954,1
51920233,1
51910720,1
51892940,1
51637647,1
51873457,1
51914918,1
51917636,1
51901083,1
51822644,1
51823994,1
51901082,1
51790729,1
51919146,1
51919216,1
51908275,1
51838037,1
51806138,1
51693975,1
51860136,1
51728664,1
51849550,1
51675970,1
51849430,1
51811053,1
51757080,1
51789875,1
51844186,1
51773518,1
51841403,1
51914154,1
51904988,1
51921488,1
51825019,1
51914180,1
51894059,1
51922592,1
51871838,1
51786545,1
51892271,1
51913304,1
51918875,1
51918876,1
51830659,1
51869320,1
51864809,1
51917242,1
51895309,1
51906245,1
51917567,1
51866626,1
51912146,1
51852965,1
51895897,1
51869467,1
51787003,1
51751279,1
51909869,1
51893378,1
51913824,1
51923832,1
51880718,1
51880633,1
51890482,1
51879569,1
51794482,1
51839563,1
51886380,1
51501913,1
51866332,1
51685360,1
51877449,1
51803138,1
51686255,1
51812211,1
51913305,1
51919900,1
51812338,1
51877561,1
51869262,1
51494658,1
51720793,1
51684219,1
51906233,1
51792306,1
51812879,1
51923068,1
51913539,1
51912145,1
51913591,1
51879151,1
51885981,1
51817117,1
51764063,1
51840880,1
51620642,1
51923528,1
51832385,1
51893101,1
51916512,1
51857697,1
51866888,1
51916572,1
51675958,1
51772441,1
51754240,1
51913127,1
51922376,1
51478323,1
51721736,1
51889234,1
51805801,1
51849833,1
51924447,1
51847078,1
51648023,1
51922853,1
51895316,1
51921739,1
51822237,1
51819810,1
51923181,1
51698029,1
51902489,1
51717576,1
51849135,1
51767783,1
51829207,1
51657149,1
51924908,1
51916513,1
51922112,1
51868418,1
51728582,1
51824849,1
51900032,1
51739637,1
51726906,1
51880717,1
51908470,1
51882401,1
51863326,1
51854953,1
51836991,1
51888430,1
51641157,1
51800359,1
51730249,1
51925403,1
51904987,1
51897825,1
51877521,1
51830554,1
51834768,1
51924511,1
51889626,1
51826295,1
51881444,1
51845947,1
51829406,1
51861062,1
51847320,1
51861061,1
51832012,1
51880390,1
51924664,1
51919142,1
51597517,1
51919215,1
51898700,1
51916541,1
51924909,1
51483821,1
51899960,1
51786207,1
51909868,1
51728466,1
51830094,1
51927714,1
51926466,1
51901694,1
51735022,1
51720353,1
51764441,1
51691180,1
51789150,1
51819534,1
51727227,1
51886710,1
51922607,1
51928263,1
51913365,1
51870422,1
51825289,1
51819811,1
51856827,1
51858513,1
51910775,1
51798181,1
51909684,1
51927576,1
51872410,1
51909607,1
51917928,1
51926301,1
51494546,1
51927577,1
51926435,1
51898868,1
51919393,1
51927744,1
51709332,1
51883448,1
51830453,1
51869828,1
51806549,1
51910272,1
51890922,1
51847831,1
51794547,1
51737851,1
51745295,1
51646982,1
51709691,1
51928050,1
51809891,1
51925402,1
51906159,1
51837930,1
51852748,1
51892561,1
51928262,1
51494987,1
51927371,1
51785178,1
51843016,1
51692108,1
51727158,1
51892455,1
51836567,1
51863942,1
51928759,1
51626657,1
51926407,1
51818752,1
51605213,1
51904053,1
51739075,1
51637897,1
51860453,1
51819036,1
51839564,1
51922094,1
51724007,1
51499123,1
51893372,1
51818970,1
51913128,1
51528298,1
51761487,1
51855232,1
51839869,1
51918891,1
51668575,1
51884052,1
51928264,1
51925618,1
51725107,1
51922760,1
51927238,1
51638663,1
51859501,1
51924665,1
51845613,1
51719272,1
51887218,1
51497543,1
51880480,1
51880444,1
51928775,1
51904052,1
51919359,1
51522088,1
51832542,1
51926467,1
51806433,1
51927745,1
51878077,1
51918544,1
51916763,1
51810969,1
51850561,1
51907534,1
51822118,1
51925170,1
51825835,1
51819458,1
51652147,1
51924346,1
51847130,1
51807030,1
51815492,1
51922784,1
51924512,1
51816779,1
51836357,1
51770214,1
51925968,1
51884454,1
51890152,1
51869610,1
51910863,1
51921827,1
51846176,1
51704720,1
51835110,1
51789730,1
51919392,1
51926300,1
51916503,1
51929250,1
51932076,1
51813495,1
51908336,1
51860263,1
51909606,1
51930452,1
51905714,1
51861527,1
51498026,1
51890858,1
51907535,1
51786446,1
51842646,1
51924387,1
51922783,1
51929958,1
51924380,1
51921558,1
51801928,1
51907897,1
51729105,1
51826294,1
51931384,1
51860954,1
51913368,1
51894122,1
51920390,1
51797701,1
51880331,1
51908021,1
51736269,1
51910792,1
51564848,1
51904325,1
51923833,1
51844989,1
51616133,1
51933314,1
51847830,1
51926851,1
51929495,1
51861663,1
51660917,1
51797253,1
51814688,1
51933467,1
51933482,1
51924345,1
51847963,1
51913364,1
51821109,1
51929957,1
51820835,1
51929988,1
51895583,1
51756780,1
51845946,1
51740363,1
51935695,1
51919141,1
51912020,1
51921793,1
51762344,1
51597840,1
51718278,1
51927623,1
51778978,1
51862940,1
51926406,1
51548404,1
51860264,1
51898890,1
51751527,1
51651480,1
51916785,1
51709541,1
51930716,1
51701253,1
51776404,1
51933483,1
51771089,1
51880211,1
51935451,1
51922608,1
51867591,1
51893954,1
51750953,1
51910682,1
51624226,1
51880412,1
51741657,1
51930195,1
51898213,1
51884546,1
51897116,1
51894302,1
51895896,1
51937114,1
51898622,1
51872374,1
51895812,1
51733941,1
51934606,1
51901590,1
51934663,1
51909821,1
51927676,1
51930451,1
51879910,1
51934903,1
51930483,1
51923847,1
51850360,1
51936064,1
51934917,1
51651479,1
51935015,1
51783273,1
51863311,1
51729644,1
51933466,1
51856179,1
51870525,1
51903161,1
51860888,1
51936316,1
51921591,1
51785282,1
51870105,1
51627585,1
51921559,1
51849834,1
51851133,1
51816780,1
51924388,1
51771411,1
51839868,1
51831645,1
51936749,1
51856910,1
51923347,1
51876186,1
51755322,1
51547011,1
51900031,1
51915164,1
51934666,1
51919324,1
51915450,1
51783069,1
51923529,1
51929176,1
51763982,1
51923754,1
51709243,1
51937686,1
51925000,1
51713081,1
51874522,1
51916762,1
51939005,1
51824857,1
51831304,1
51814855,1
51936623,1
51910494,1
51939363,1
51875863,1
51859292,1
51903501,1
51630373,1
51916373,1
51706186,1
51627765,1
51930181,1
51678040,1
51938504,1
51680074,1
51938613,1
51890099,1
51714690,1
51911059,1
51913933,1
51846512,1
51896143,1
51770474,1
51887998,1
51846790,1
51930695,1
51939006,1
51770809,1
51707945,1
51842543,1
51864660,1
51903260,1
51870029,1
51851057,1
51750952,1
51852574,1
51935480,1
51928278,1
51697326,1
51880413,1
51814931,1
51660415,1
51867590,1
51926009,1
51860937,1
51784236,1
51913615,1
51881761,1
51736268,1
51901517,1
51875159,1
51929212,1
51938673,1
51938732,1
51938733,1
51938672,1
51894597,1
51910238,1
51929210,1
51847744,1
51938803,1
51922205,1
51647328,1
51878094,1
51915766,1
51937831,1
51876986,1
51866224,1
51787141,1
51710442,1
51879911,1
51922332,1
51866221,1
51883711,1
51892108,1
51886733,1
51859326,1
51918892,1
51742601,1
51927237,1
51933913,1
51863816,1
51848426,1
51880324,1
51892910,1
51880306,1
51925867,1
51807759,1
51932872,1
51900703,1
51912222,1
51916327,1
51821576,1
51847471,1
51926434,1
51934662,1
51862569,1
51940330,1
51929029,1
51839289,1
51940329,1
51937428,1
51887884,1
51929251,1
51792579,1
51703492,1
51910095,1
51812027,1
51797047,1
51521006,1
51924142,1
51941867,1
51721735,1
51939213,1
51939214,1
51734598,1
51703493,1
51938336,1
51916170,1
51877522,1
51943856,1
51942287,1
51858164,1
51901143,1
51938480,1
51878844,1
51938422,1
51930261,1
51877634,1
51847470,1
51804940,1
51913590,1
51767648,1
51624227,1
51934478,1
51718504,1
51788495,1
51938767,1
51929143,1
51733942,1
51937427,1
51929213,1
51940361,1
51940485,1
51912685,1
51655539,1
51833764,1
51943602,1
51772806,1
51867389,1
51939364,1
51710897,1
51939324,1
51922556,1
51880330,1
51927228,1
51943800,1
51822527,1
51922901,1
51925869,1
51851716,1
51818359,1
51901228,1
51927591,1
51939955,1
51938612,1
51807429,1
51807760,1
51934607,1
51803594,1
51922078,1
51847361,1
51943072,1
51901888,1
51908477,1
51673636,1
51781595,1
51932177,1
51820294,1
51824874,1
51846948,1
51927044,1
51878265,1
51931094,1
51850955,1
51944744,1
51914181,1
51778291,1
51880150,1
51935536,1
51885875,1
51913393,1
51942286,1
51809807,1
51831958,1
51809554,1
51716732,1
51706387,1
51943958,1
51852765,1
51939772,1
51928774,1
51848848,1
51640306,1
51944084,1
51898518,1
51767948,1
51906481,1
51873820,1
51934667,1
51583106,1
51901266,1
51945810,1
51887507,1
51930482,1
51792514,1
51795331,1
51651647,1
51634559,1
51824560,1
51592555,1
51600790,1
51944391,1
51937832,1
51907467,1
51530980,1
51876985,1
51790021,1
51791746,1
51913195,1
51838903,1
51939335,1
51624832,1
51893955,1
51932744,1
51916171,1
51770276,1
51927400,1
51915165,1
51945734,1
51945733,1
51920817,1
51899959,1
51602319,1
51944239,1
51827317,1
51877803,1
51943020,1
51938768,1
51794005,1
51901895,1
51901889,1
51780393,1
51827492,1
51855944,1
51832743,1
51831646,1
51936317,1
51943663,1
51930890,1
51852591,1
51892119,1
51906147,1
51850115,1
51945057,1
51947823,1
51761853,1
51856626,1
51842859,1
51819708,1
51887219,1
51945435,1
51736552,1
51916519,1
51765031,1
51929072,1
51944271,1
51944240,1
51923755,1
51947006,1
51949781,1
51893379,1
51944292,1
51862906,1
51921215,1
51785857,1
51947142,1
51871782,1
51852036,1
51739947,1
51924338,1
51944743,1
51863521,1
51548770,1
51867736,1
51933914,1
51943799,1
51903375,1
51751140,1
51921738,1
51920058,1
51949472,1
51938282,1
51947946,1
51950657,1
51938479,1
51795330,1
51737378,1
51939956,1
51852152,1
51929028,1
51818784,1
51934412,1
51924789,1
51738592,1
51876427,1
51686605,1
51874872,1
51897245,1
51943021,1
51918186,1
51944274,1
51783217,1
51923613,1
51825836,1
51756060,1
51951323,1
51934710,1
51947010,1
51701118,1
51934916,1
51913934,1
51947208,1
51921188,1
51820293,1
51588654,1
51822119,1
51870028,1
51853564,1
51921592,1
51852612,1
51935452,1
51880156,1
51927282,1
51946617,1
51907898,1
51927305,1
51939527,1
51945058,1
51917513,1
51906283,1
51927372,1
51931428,1
51801886,1
51839290,1
51945300,1
51948132,1
51890126,1
51946885,1
51715358,1
51913528,1
51952418,1
51899889,1
51944146,1
51869672,1
51944275,1
51949780,1
51951313,1
51571608,1
51927675,1
51733353,1
51792396,1
51940486,1
51938804,1
51944371,1
51704502,1
51923846,1
51863608,1
51860790,1
51860887,1
51947575,1
51946618,1
51863609,1
51921489,1
51940983,1
51855234,1
51852527,1
51947698,1
51928279,1
51935639,1
51936750,1
51927304,1
51888604,1
51886952,1
51876215,1
51822645,1
51948131,1
51944114,1
51763592,1
51755323,1
51521069,1
51948326,1
51946914,1
51919145,1
51844835,1
51866889,1
51951334,1
51947099,1
51913842,1
51830454,1
51949839,1
51832541,1
51937717,1
51921163,1
51822967,1
51922333,1
51824856,1
51924143,1
51926917,1
51901894,1
51845044,1
51775599,1
51864512,1
51866333,1
51947320,1
51750994,1
51946469,1
51944767,1
51778446,1
51949312,1
51949313,1
51906148,1
51911999,1
51910738,1
51916313,1
51928536,1
51931427,1
51671621,1
51927401,1
51744243,1
51776010,1
51842026,1
51934479,1
51948439,1
51886215,1
51857497,1
51810685,1
51929211,1
51944272,1
51745819,1
51945893,1
51887829,1
51863312,1
51827482,1
51842272,1
51857696,1
51517284,1
51871783,1
51871788,1
51852575,1
51870104,1
51949180,1
51895344,1
51952010,1
51936622,1
51888483,1
51611597,1
51914810,1
51921792,1
51932873,1
51806137,1
51884460,1
51901142,1
51953795,1
51951333,1
51951324,1
51887418,1
51907040,1
51673480,1
51887830,1
51954343,1
51951488,1
51838461,1
51835190,1
51784407,1
51526545,1
51819435,1
51593500,1
51940990,1
51869202,1
51893901,1
51819436,1
51809466,1
51910433,1
51922854,1
51946697,1
51815409,1
51887114,1
51872046,1
51753858,1
51719949,1
51952407,1
51727987,1
51908381,1
51637646,1
51768857,1
51955338,1
51943073,1
51944392,1
51954342,1
51946023,1
51916704,1
51955457,1
51908405,1
51861526,1
51946340,1
51804013,1
51947321,1
51929793,1
51952009,1
51946470,1
51958664,1
51953183,1
51936640,1
51829093,1
51808603,1
51889944,1
51944983,1
51954964,1
51892435,1
51956222,1
51954900,1
51953542,1
51957807,1
51953658,1
51945363,1
51952482,1
51886138,1
51821164,1
51955317,1
51667141,1
51956866,1
51958181,1
51955432,1
51866172,1
51958180,1
51929491,1
51957088,1
51937797,1
51926916,1
51930694,1
51880069,1
51924337,1
51740001,1
51958420,1
51908977,1
51764507,1
51954806,1
51954935,1
51927266,1
51892503,1
51935586,1
51930182,1
51956221,1
51891527,1
51957782,1
51778445,1
51807933,1
51946696,1
51957939,1
51638711,1
51929142,1
51861145,1
51813591,1
51710399,1
51901484,1
51876185,1
51956867,1
51955316,1
51868365,1
51821478,1
51871215,1
51955339,1
51935012,1
51886216,1
51894596,1
51948862,1
51761217,1
51691480,1
51537693,1
51837019,1
51855309,1
51838841,1
51827814,1
51928051,1
51914414,1
51938288,1
51722049,1
51939270,1
51922591,1
51922684,1
51957710,1
51655028,1
51959001,1
51954963,1
51952183,1
51519405,1
51619406,1
51866760,1
51627764,1
51800555,1
51955192,1
51958091,1
51958062,1
51924790,1
51958061,1
51958090,1
51759830,1
51932356,1
51911301,1
51550907,1
51786208,1
51695644,1
51888020,1
51610905,1
51958423,1
51798869,1
51949181,1
51938073,1
51914237,1
51943855,1
51957622,1
51855477,1
51528763,1
51856828,1
51825390,1
51886526,1
51955122,1
51953789,1
51927592,1
51836475,1
51824875,1
51944145,1
51959518,1
51945805,1
51949768,1
51962428,1
51940325,1
51960924,1
51856030,1
51940443,1
51775187,1
51957087,1
51707750,1
51872679,1
51918543,1
51910384,1
51798868,1
51958665,1
51918807,1
51827776,1
51949471,1
51919901,1
51939528,1
51873821,1
51923288,1
51926008,1
51930260,1
51700816,1
51954032,1
51857496,1
51929073,1
51944246,1
51526374,1
51938716,1
51795050,1
51952544,1
51954033,1
51963638,1
51829208,1
51941471,1
51947098,1
51962436,1
51949767,1
51954206,1
51908274,1
51920959,1
51948861,1
51921132,1
51962706,1
51962705,1
51925001,1
51843800,1
51860640,1
51937904,1
51642348,1
51951945,1
51916958,1
51866514,1
51867542,1
51903194,1
51829094,1
51947697,1
51957589,1
51822569,1
51892502,1
51963232,1
51895345,1
51923281,1
51966198,1
51948336,1
51912342,1
51959519,1
51963516,1
51956881,1
51913823,1
51951360,1
51949838,1
51788692,1
51919429,1
51962512,1
51947143,1
51918185,1
51959886,1
51960099,1
51729645,1
51961112,1
51740539,1
51863492,1
51527336,1
51806833,1
51958419,1
51767374,1
51892434,1
51835189,1
51856832,1
51959000,1
51963296,1
51851058,1
51892590,1
51851134,1
51902477,1
51930323,1
51953794,1
51944113,1
51945364,1
51962143,1
51738906,1
51912341,1
51766117,1
51963517,1
51952380,1
51715624,1
51966271,1
51966324,1
51962435,1
51922213,1
51772417,1
51949982,1
51875313,1
51960002,1
51813779,1
51878093,1
51537410,1
51814990,1
51886679,1
51954733,1
51957520,1
51838720,1
51831452,1
51894981,1
51701487,1
51812402,1
51721900,1
51912000,1
51964465,1
51914911,1
51801929,1
51914919,1
51946797,1
51953601,1
51631887,1
51777541,1
51831856,1
51927553,1
51952419,1
51827172,1
51916502,1
51944245,1
51887394,1
51954246,1
51937582,1
51966433,1
51874523,1
51966465,1
51963637,1
51922212,1
51856006,1
51919543,1
51809028,1
51918698,1
51671453,1
51883712,1
51939008,1
51963912,1
51951940,1
51925375,1
51933699,1
51916114,1
51900702,1
51910523,1
51950532,1
51964466,1
51943911,1
51866501,1
51964854,1
51953512,1
51891579,1
51626560,1
51781596,1
51946913,1
51967805,1
51951314,1
51922095,1
51929177,1
51809260,1
51689836,1
51871214,1
51703799,1
51866078,1
51657096,1
51566508,1
51762662,1
51617654,1
51942046,1
51969516,1
51913369,1
51949376,1
51891242,1
51864787,1
51913392,1
51964432,1
51965958,1
51940984,1
51809808,1
51894172,1
51726223,1
51778734,1
51906027,1
51910737,1
51856837,1
51859591,1
51912047,1
51930138,1
51794826,1
51956287,1
51925866,1
51961779,1
51851715,1
51895875,1
51886139,1
51852964,1
51913540,1
51821165,1
51816405,1
51869953,1
51877084,1
51770125,1
51690449,1
51791942,1
51867388,1
51969515,1
51855233,1
51892237,1
51952099,1
51957590,1
51941966,1
51938505,1
51967376,1
51874851,1
51571649,1
51795347,1
51973143,1
51609651,1
51904326,1
51969077,1
51971829,1
51952481,1
51966339,1
51968018,1
51788877,1
51955456,1
51835353,1
51883710,1
51860639,1
51918697,1
51939007,1
51531247,1
51963898,1
51761955,1
51963035,1
51825034,1
51908976,1
51964041,1
51928022,1
51942047,1
51745568,1
51896920,1
51958640,1
51944768,1
51960416,1
51865059,1
51849967,1
51939771,1
51865173,1
51870055,1
51912320,1
51821500,1
51923346,1
51969076,1
51963608,1
51923795,1
51967867,1
51944291,1
51908496,1
51849549,1
51930717,1
51960982,1
51911327,1
51918644,1
51727303,1
51524514,1
51927043,1
51889235,1
51869122,1
51816785,1
51925619,1
51914788,1
51971459,1
51960354,1
51907871,1
51972508,1
51952184,1
51968788,1
51950531,1
51967187,1
51524513,1
51620641,1
51795051,1
51957783,1
51865585,1
51960655,1
51887563,1
51964859,1
51956880,1
51930320,1
51945809,1
51970658,1
51951487,1
51530906,1
51607216,1
51966393,1
51919475,1
51976425,1
51610079,1
51669221,1
51855269,1
51803928,1
51913206,1
51867238,1
51969615,1
51966887,1
51969819,1
51903195,1
51923069,1
51939336,1
51954766,1
51768771,1
51922910,1
51946693,1
51975568,1
51928537,1
51906475,1
51859293,1
51953415,1
51972995,1
51896055,1
51785659,1
51955193,1
51904143,1
51971828,1
51963607,1
51954207,1
51976203,1
51818753,1
51880749,1
51783218,1
51729271,1
51940568,1
51907466,1
51922126,1
51808065,1
51789025,1
51794548,1
51819457,1
51958483,1
51974984,1
51925374,1
51914415,1
51952100,1
51964302,1
51701488,1
51961634,1
51930196,1
51938281,1
51928758,1
51975579,1
51804243,1
51882912,1
51977179,1
51814400,1
51974662,1
51978845,1
51887661,1
51933315,1
51965383,1
51769501,1
51952545,1
51944315,1
51930471,1
51968017,1
51835354,1
51839131,1
51956739,1
51952635,1
51937798,1
51969359,1
51972137,1
51940567,1
51933398,1
51944540,1
51918546,1
51938072,1
51952834,1
51964042,1
51915989,1
51932609,1
51723363,1
51978269,1
51931124,1
51598707,1
51945434,1
51941216,1
51790262,1
51807430,1
51829709,1
51799459,1
51973144,1
51926124,1
51970324,1
51710187,1
51976204,1
51841033,1
51869609,1
51966392,1
51962561,1
51980269,1
51838091,1
51813737,1
51972136,1
51859141,1
51980608,1
51975141,1
51924497,1
51966888,1
51974137,1
51762663,1
51790920,1
51979633,1
51908767,1
51933970,1
51884338,1
51864980,1
51974227,1
51977008,1
51960470,1
51964431,1
51967188,1
51954973,1
51975580,1
51972763,1
51878346,1
51910882,1
51955121,1
51952408,1
51981404,1
51962144,1
51978844,1
51966197,1
51844904,1
51604713,1
51896054,1
51915826,1
51971010,1
51932103,1
51790082,1
51896360,1
51890857,1
51850575,1
51852528,1
51809553,1
51964164,1
51639644,1
51979634,1
51980863,1
51964301,1
51882793,1
51972534,1
51927281,1
51914236,1
51959084,1
51897786,1
51963295,1
51856909,1
51923289,1
51876428,1
51979890,1
51973027,1
51982752,1
51927552,1
51928440,1
51981405,1
51843623,1
51970492,1
51883304,1
51959626,1
51971808,1
51871193,1
51978814,1
51853265,1
51976426,1
51940326,1
51622705,1
51941766,1
51968294,1
51976550,1
51943342,1
51838543,1
51817974,1
51679478,1
51902105,1
51550569,1
51822388,1
51883865,1
51550972,1
51960469,1
51720636,1
51855506,1
51957793,1
51883236,1
51953788,1
51916328,1
51961780,1
51946770,1
51975708,1
51970322,1
51978470,1
51982753,1
51935800,1
51550723,1
51925969,1
51968937,1
51962278,1
51955270,1
51592513,1
51932357,1
51981898,1
51977501,1
51966390,1
51940444,1
51905713,1
51871576,1
51955596,1
51968293,1
51980358,1
51718663,1
51718875,1
51897718,1
51966700,1
51869105,1
51893871,1
51957519,1
51974226,1
51963098,1
51929792,1
51878347,1
51954805,1
51877448,1
51910721,1
51865086,1
51947806,1
51975567,1
51982564,1
51982563,1
51971642,1
51982681,1
51866500,1
51914811,1
51961961,1
51970323,1
51984118,1
51978471,1
51956579,1
51510816,1
51969010,1
51955160,1
51772688,1
51982783,1
51814401,1
51973183,1
51857192,1
51897117,1
51954247,1
51965035,1
51981661,1
51650203,1
51930470,1
51984414,1
51977360,1
51985741,1
51934902,1
51921187,1
51936000,1
51977500,1
51855909,1
51575017,1
51954234,1
51980268,1
51972009,1
51925032,1
51962739,1
51980359,1
51915449,1
51980458,1
51938998,1
51665779,1
51953184,1
51891994,1
51944729,1
51961295,1
51977776,1
51979677,1
51932769,1
51930965,1
51958527,1
51865058,1
51972533,1
51961826,1
51982440,1
51982498,1
51860936,1
51891502,1
51956325,1
51937113,1
51752889,1
51866482,1
51891335,1
51985435,1
51892602,1
51986948,1
51967806,1
51890256,1
51984230,1
51907971,1
51956738,1
51984393,1
51984470,1
51981899,1
51767975,1
51984799,1
51959885,1
51987548,1
51919544,1
51736553,1
51969311,1
51689761,1
51947209,1
51929494,1
51791732,1
51928023,1
51850704,1
51986030,1
51554780,1
51949364,1
51957463,1
51983563,1
51927227,1
51986397,1
51888603,1
51893902,1
51907953,1
51927153,1
51934139,1
51978446,1
51892911,1
51574930,1
51979891,1
51985492,1
51986947,1
51725219,1
51934400,1
51951452,1
51979017,1
51948440,1
51987454,1
51943131,1
51711169,1
51960923,1
51940651,1
51693987,1
51974868,1
51984871,1
51948915,1
51846816,1
51783758,1
51652279,1
51557138,1
51955997,1
51969820,1
51987972,1
51986398,1
51967375,1
51978447,1
51953414,1
51771412,1
51970331,1
51972980,1
51938502,1
51951072,1
51639768,1
51934391,1
51923161,1
51988399,1
51910881,1
51910776,1
51988367,1
51962277,1
51818785,1
51739017,1
51541719,1
51773273,1
51936001,1
51980235,1
51913843,1
51558553,1
51988622,1
51937694,1
51965493,1
51921164,1
51985856,1
51985894,1
51948811,1
51779039,1
51968498,1
51792513,1
51974869,1
51968497,1
51947576,1
51985142,1
51972338,1
51987925,1
51983564,1
51842858,1
51911514,1
51914198,1
51989135,1
51910444,1
51924496,1
51768390,1
51928610,1
51972752,1
51881760,1
51963163,1
51912019,1
51960500,1
51879150,1
51986638,1
51822869,1
51989534,1
51978680,1
51931936,1
51985484,1
51953600,1
51961962,1
51848967,1
51974663,1
51898922,1
51763593,1
51949934,1
51869700,1
51985819,1
51866098,1
51855348,1
51825948,1
51812704,1
51985175,1
51632925,1
51971544,1
51988017,1
51972674,1
51917170,1
51979797,1
51983865,1
51889945,1
51832039,1
51985406,1
51779520,1
51753857,1
51614431,1
51938597,1
51938596,1
51897993,1
51975955,1
51863972,1
51971807,1
51991201,1
51838460,1
51967868,1
51991290,1
51956926,1
51980236,1
51962562,1
51966494,1
51922274,1
51991406,1
51936065,1
51991479,1
51912686,1
51923941,1
51800241,1
51947945,1
51939323,1
51991843,1
51858163,1
51985300,1
51864981,1
51933969,1
51976926,1
51947805,1
51979793,1
51880391,1
51978281,1
51983866,1
51989382,1
51779519,1
51961729,1
51975707,1
51917566,1
51922911,1
51793792,1
51988283,1
51899888,1
51866515,1
51869714,1
51943957,1
51871192,1
51990110,1
51869699,1
51978892,1
51966432,1
51966466,1
51993984,1
51824561,1
51938501,1
51987246,1
51966424,1
51994023,1
51795429,1
51750098,1
51922204,1
51948916,1
51994102,1
51846706,1
51966425,1
51790020,1
51970924,1
51937718,1
51941767,1
51968500,1
51914208,1
51980609,1
51991717,1
51888482,1
51969616,1
51852592,1
51990766,1
51875862,1
51612361,1
51976987,1
51924636,1
51966102,1
51947560,1
51917048,1
51815441,1
51923160,1
51986573,1
51985428,1
51891241,1
51981318,1
51991074,1
51984151,1
51769091,1
51993985,1
51823799,1
51964853,1
51977421,1
51995526,1
51987373,1
51985857,1
51984844,1
51984986,1
51905751,1
51952678,1
51911328,1
51825018,1
51943664,1
51991842,1
51990767,1
51996307,1
51906203,1
51956060,1
51762093,1
51959155,1
51990989,1
51934401,1
51950658,1
51920561,1
51989683,1
51975662,1
51894392,1
51988341,1
51988342,1
51984117,1
51968980,1
51849136,1
51991163,1
51982816,1
51701119,1
51974592,1
51922160,1
51943390,1
51897273,1
51984872,1
51812026,1
51835382,1
51922375,1
51891032,1
51969358,1
51915765,1
51905655,1
51974136,1
51991655,1
51924390,1
51682336,1
51996400,1
51938283,1
51977003,1
51892603,1
51978187,1
51983975,1
51983922,1
51995187,1
51942609,1
51934140,1
51953659,1
51985491,1
51909339,1
51946886,1
51865956,1
51934332,1
51978893,1
51994083,1
51887508,1
51980249,1
51885309,1
51993123,1
51960001,1
51994310,1
51910043,1
51982127,1
51647377,1
51990545,1
51623081,1
51638418,1
51972192,1
51991587,1
51929818,1
51972193,1
51994673,1
51987971,1
51869321,1
51933698,1
51955686,1
51650547,1
51906474,1
51925868,1
51975643,1
51939484,1
51998022,1
51913827,1
51995541,1
51995579,1
51952498,1
51995527,1
51981660,1
51818138,1
51944426,1
51695317,1
51977359,1
51991405,1
51932251,1
51952636,1
51993118,1
51922288,1
51976602,1
51946339,1
51988723,1
51916838,1
51955611,1
51943389,1
51991561,1
51662374,1
51902104,1
51864496,1
51888420,1
51979798,1
51872804,1
51997578,1
51997579,1
51995015,1
51920232,1
51988285,1
51877802,1
51554781,1
51947824,1
51945806,1
51934337,1
51919358,1
51966340,1
51981549,1
51998386,1
51988623,1
51815442,1
51860193,1
51875010,1
51937693,1
51998724,1
51998621,1
51991562,1
51589819,1
51867302,1
51925297,1
51909104,1
51963162,1
51971458,1
51983751,1
51965809,1
51939228,1
51652311,1
51800368,1
51943912,1
51995014,1
51906329,1
51982680,1
51914155,1
51909338,1
51885864,1
51989682,1
51989745,1
51988350,1
51951071,1
51945516,1
51932075,1
51999530,1
52002260,1
51915914,1
51991273,1
51987245,1
51636179,1
51724150,1
51985820,1
51966560,1
51997036,1
51790029,1
51908469,1
51996036,1
51880937,1
51948835,1
51961111,1
51968499,1
51987924,1
51996201,1
51939269,1
51996296,1
51996399,1
52001984,1
51842542,1
51877387,1
51965815,1
51936694,1
51986561,1
51966101,1
51943877,1
51890127,1
51973076,1
51945305,1
51999378,1
52002163,1
51811054,1
51893100,1
51992513,1
51995350,1
51996844,1
51755694,1
51996835,1
51934831,1
52001542,1
51921216,1
51844093,1
51889098,1
51871558,1
51910385,1
51986193,1
51987847,1
52004567,1
51958526,1
51899483,1
51790263,1
51996321,1
51908019,1
51925451,1
51953112,1
51938284,1
51913335,1
51989346,1
51942119,1
51961739,1
51999355,1
51912221,1
51999377,1
51984152,1
52002261,1
51991164,1
51909860,1
51978723,1
52002256,1
52002293,1
51828470,1
51993119,1
51914053,1
51943341,1
51988732,1
51938786,1
51974038,1
51966777,1
51917169,1
51933738,1
51922759,1
51993515,1
51965959,1
52001953,1
52001983,1
51660876,1
51920562,1
51917927,1
51985529,1
51706212,1
51947005,1
51884545,1
51996983,1
52002485,1
51865957,1
51985897,1
51976549,1
52006996,1
51926760,1
52004371,1
51965494,1
51880812,1
52004372,1
51943601,1
51937903,1
51794300,1
51980470,1
51914209,1
51983365,1
51952932,1
51847964,1
52003193,1
51862295,1
51946516,1
51776965,1
51996577,1
51858616,1
51778754,1
51659109,1
51992512,1
51993841,1
52003479,1
52003645,1
51733599,1
51978722,1
52000996,1
52006544,1
51910871,1
52003844,1
51937581,1
52002425,1
51811665,1
51910991,1
51962677,1
51940504,1
51887997,1
51794481,1
52001543,1
51563150,1
51922388,1
52001723,1
51991588,1
51979676,1
51808604,1
51991716,1
52007298,1
51941885,1
51957709,1
51836985,1
51940991,1
51762143,1
52007555,1
51790497,1
51579502,1
51996398,1
51995186,1
52006344,1
51971543,1
52005031,1
51964860,1
52006367,1
51952594,1
51973184,1
51913527,1
51898623,1
52009559,1
51826906,1
51991389,1
52006782,1
51898923,1
51993122,1
51922113,1
52008039,1
51860486,1
51955595,1
51988731,1
52001380,1
51869952,1
51950024,1
51686254,1
51806727,1
51946517,1
51991997,1
51954732,1
51931107,1
51930964,1
51922683,1
51822343,1
51992038,1
51892591,1
52008734,1
51910791,1
51906449,1
51957687,1
51988237,1
51986645,1
51935694,1
52009003,1
51998023,1
51714064,1
51987166,1
51920885,1
51981548,1
51941409,1
51960836,1
51980170,1
52009560,1
51995540,1
51995828,1
51848968,1
51935014,1
51563405,1
51955538,1
51904090,1
51880938,1
51996025,1
51904857,1
51979557,1
52010116,1
51969702,1
52011304,1
51989134,1
51953111,1
51994631,1
52011305,1
51996462,1
51986412,1
51773208,1
51988057,1
51897992,1
51934338,1
51947848,1
52008863,1
51992150,1
51981263,1
52009002,1
51981319,1
51942530,1
51930137,1
52001014,1
51927624,1
51572025,1
51931935,1
51933163,1
51922273,1
51995827,1
51980412,1
51987453,1
51954235,1
51912843,1
51926850,1
51982126,1
51951888,1
51969381,1
51902039,1
51717922,1
51968665,1
52002997,1
51928441,1
51983752,1
51982518,1
51982422,1
51931383,1
51954885,1
51994771,1
51950691,1
51829710,1
51848847,1
51945146,1
52011600,1
52006145,1
51948209,1
51990990,1
51987212,1
51973157,1
51794209,1
51966300,1
52012069,1
51566913,1
51987133,1
51871577,1
51882027,1
52006781,1
51984653,1
51887452,1
52001427,1
52013575,1
51918643,1
52008091,1
51998942,1
51957446,1
51813728,1
52002652,1
51957326,1
51950025,1
51943254,1
51866099,1
51796051,1
51732636,1
52004513,1
51628495,1
52007457,1
51924454,1
51904934,1
51991921,1
51838902,1
51975644,1
52013107,1
52006005,1
51912048,1
51902418,1
51999354,1
51961825,1
51920960,1
51956219,1
52003646,1
52012068,1
52014844,1
51970803,1
52015100,1
51969301,1
51886419,1
52013574,1
51965656,1
51914054,1
52015318,1
51949963,1
52012779,1
51791941,1
51971297,1
51960353,1
51966699,1
51961252,1
51825917,1
52011028,1
52008393,1
51942118,1
51994672,1
51996295,1
52008392,1
51581947,1
52007456,1
51993516,1
51999264,1
52013050,1
51795279,1
51991049,1
51894301,1
52008862,1
51931831,1
51999442,1
51970321,1
51999263,1
51973075,1
51926125,1
52014788,1
51982782,1
51993840,1
51832744,1
52006610,1
51969011,1
51871291,1
51994084,1
51919430,1
51919325,1
51856007,1
51987499,1
52012694,1
51897274,1
52008090,1
52004192,1
51865916,1
51998694,1
52015417,1
52010860,1
52012693,1
51990546,1
52001658,1
51904858,1
51808336,1
51823025,1
51944539,1
52000152,1
51793249,1
51614948,1
52015668,1
52016880,1
51956059,1
51938337,1
51843572,1
51963349,1
51993918,1
51996528,1
51974486,1
52011840,1
52014499,1
51945405,1
52007794,1
51987040,1
51981687,1
51998387,1
51934435,1
51740000,1
51966270,1
51835824,1
51990426,1
51929764,1
51762607,1
52016405,1
51860577,1
52018143,1
51973813,1
51957450,1
51833883,1
51969380,1
52016480,1
51816786,1
51933528,1
52010015,1
51957623,1
51750930,1
51988855,1
52016754,1
52011211,1
52015790,1
52013990,1
51994789,1
51996320,1
51980629,1
51939483,1
52015916,1
51942239,1
52006144,1
52006250,1
51989744,1
51981308,1
51955167,1
51840419,1
51827173,1
51871290,1
51992710,1
51990111,1
51971780,1
51684372,1
51803593,1
52003843,1
52005135,1
51837964,1
51849429,1
52000997,1
52014845,1
52002424,1
51648241,1
51965482,1
51862905,1
52013631,1
51974784,1
52006995,1
52017978,1
52018146,1
51950006,1
51990462,1
51927914,1
52016481,1
52010012,1
51619371,1
51842682,1
51787397,1
52016650,1
51891993,1
52010060,1
52014125,1
51726690,1
51719290,1
52008781,1
51979794,1
52018655,1
51976988,1
52013106,1
51943876,1
51940145,1
51985427,1
51985528,1
52013229,1
51923612,1
52017494,1
52016158,1
51998258,1
51908406,1
51988398,1
51987374,1
51994071,1
51780369,1
51921131,1
51991390,1
52004404,1
51948773,1
52012475,1
51856029,1
51794210,1
51972161,1
51939003,1
51988977,1
51987843,1
51913310,1
51888766,1
51972670,1
52018436,1
52005761,1
51924637,1
51964381,1
51884402,1
51972669,1
51942486,1
51993832,1
51905290,1
52021488,1
51931438,1
52013332,1
51975800,1
51999531,1
52016033,1
51945894,1
51990425,1
51955269,1
51784408,1
51830025,1
51949935,1
52013630,1
51940503,1
51991480,1
52001659,1
51936641,1
51980862,1
51985301,1
51914100,1
52002897,1
51986194,1
52004566,1
52011381,1
51971372,1
51952835,1
51999135,1
52021301,1
51878845,1
51987880,1
52003264,1
52013110,1
52003263,1
51573902,1
51767416,1
52019832,1
51951359,1
51998141,1
52017355,1
52005026,1
51984413,1
51908018,1
52021727,1
52015142,1
51939991,1
52002329,1
51980263,1
52012255,1
51965384,1
52020954,1
51789149,1
51915913,1
51860454,1
51771097,1
51929819,1
51702671,1
51987977,1
52005416,1
51913309,1
52008317,1
52016881,1
52019831,1
51903574,1
52013045,1
51929987,1
51969701,1
51948325,1
51825468,1
52010495,1
52021544,1
51986646,1
51939992,1
52009302,1
51898585,1
52005030,1
52001275,1
52023500,1
52015130,1
51887451,1
51841032,1
51919476,1
51915825,1
51635168,1
51924086,1
52018179,1
51860194,1
52018296,1
51813780,1
51816806,1
51996226,1
51964153,1
51916957,1
51957686,1
52003480,1
52021422,1
52015917,1
51988253,1
51884442,1
51907954,1
52019967,1
51942238,1
52018753,1
52021489,1
51975956,1
51947012,1
52017356,1
52024434,1
52017677,1
51583225,1
51890255,1
51956778,1
51948774,1
52004191,1
52023501,1
52005327,1
52004214,1
52016404,1
52010861,1
51996035,1
51942025,1
52018398,1
51975299,1
51975300,1
52026671,1
52023999,1
51976970,1
52002919,1
51982421,1
51867729,1
51950437,1
51989230,1
51917047,1
51875009,1
52025388,1
51825469,1
52011833,1
52019968,1
51883303,1
51993875,1
51906480,1
51989383,1
52025736,1
51595116,1
52025735,1
51938715,1
51934830,1
51562279,1
52025858,1
52020609,1
51970657,1
51979336,1
51933399,1
52016350,1
51935013,1
51837965,1
51947306,1
52011029,1
51958482,1
52018435,1
51964163,1
51982495,1
51934434,1
52018684,1
51991202,1
51930324,1
51969055,1
51920886,1
51993876,1
52021668,1
52021726,1
52006543,1
51904061,1
51826600,1
52015131,1
51962511,1
52027351,1
51810852,1
51912844,1
51923940,1
51966323,1
52026204,1
51887883,1
51717814,1
51966482,1
52026392,1
51991424,1
52024739,1
51983110,1
51932250,1
51908575,1
51986029,1
51772805,1
51925341,1
52010061,1
51987846,1
52019336,1
52004512,1
52021171,1
51980771,1
52021172,1
51922555,1
51954972,1
51988138,1
51978270,1
51989113,1
51988018,1
52025490,1
51934331,1
51883237,1
52017493,1
51970485,1
51970332,1
51945668,1
51987211,1
51887417,1
52001053,1
51998620,1
52026203,1
52027350,1
51969300,1
51932104,1
51962678,1
51948731,1
52020909,1
51890769,1
52021046,1
52018295,1
51835823,1
51957462,1
51644823,1
51907678,1
51718904,1
52030418,1
52019337,1
52029450,1
51942024,1
51988058,1
52027888,1
52000218,1
52019595,1
52012981,1
52018654,1
52021423,1
52024211,1
52028167,1
51999244,1
52028541,1
51944085,1
51938423,1
51921826,1
51840570,1
52011832,1
51915031,1
52028582,1
52001015,1
52010494,1
51796952,1
52013331,1
51992668,1
52021708,1
52020492,1
52030075,1
52006800,1
51987134,1
51941410,1
52008040,1
51971011,1
52031901,1
52031900,1
52024645,1
52010013,1
51966616,1
52002898,1
52030444,1
51853565,1
52025057,1
51913207,1
51886732,1
51827777,1
51990758,1
52021302,1
51982453,1
51935481,1
51905257,1
51944984,1
51992151,1
52011594,1
52015910,1
52023096,1
52013330,1
52021730,1
52017747,1
51947009,1
51969312,1
51994311,1
51987547,1
51937685,1
52015263,1
51902670,1
51984800,1
52005235,1
52032092,1
51996026,1
51925171,1
52007299,1
52029451,1
51999064,1
52026743,1
52033346,1
52030930,1
51935585,1
52001954,1
52032460,1
51972507,1
51996521,1
52032571,1
52020161,1
51940102,1
52021582,1
51982815,1
51835267,1
52032764,1
51980250,1
52027288,1
51962740,1
52030129,1
52030164,1
52012457,1
51926502,1
51593802,1
51947013,1
52026487,1
51927915,1
51993453,1
52016576,1
52011210,1
52030633,1
51708666,1
52019703,1
52000153,1
51953543,1
52010294,1
51956220,1
52014283,1
51994719,1
51923280,1
52027024,1
52028360,1
51948335,1
51835268,1
51985434,1
52027148,1
51887564,1
51881995,1
52035543,1
51943130,1
52028987,1
52031955,1
52035753,1
52034599,1
51998695,1
51940652,1
51759831,1
52018323,1
52026633,1
51863176,1
51863522,1
52022375,1
52021159,1
52030417,1
52023992,1
51994718,1
52005760,1
51954934,1
51982499,1
51983327,1
51830031,1
52013051,1
52024155,1
52035279,1
52029768,1
51953623,1
52035315,1
52029825,1
52017374,1
52024112,1
51952381,1
52021707,1
51913782,1
51810851,1
51880811,1
52028581,1
52014789,1
52021731,1
52006609,1
52024461,1
52035754,1
52029149,1
51987500,1
52012320,1
51966481,1
52030217,1
51889097,1
52033124,1
51980469,1
51941967,1
51877391,1
51918766,1
52030379,1
51871839,1
51664402,1
52012980,1
52033542,1
52019702,1
51970049,1
52017218,1
51895259,1
51942531,1
51935638,1
51864497,1
51996529,1
52025680,1
51993958,1
52021514,1
52022916,1
52033907,1
52031261,1
52032732,1
52032778,1
51946771,1
51916722,1
52026042,1
52024536,1
51996843,1
52001381,1
52030165,1
52026391,1
51949964,1
51979016,1
52012605,1
51960100,1
52034729,1
51925033,1
51941734,1
51871789,1
51927152,1
51951941,1
52033125,1
52021158,1
52002907,1
52037770,1
51754670,1
52015667,1
52033519,1
52032359,1
51961740,1
52039424,1
52036674,1
51596480,1
51910992,1
52017619,1
52028542,1
52021669,1
51996836,1
52016032,1
52032705,1
52007795,1
52026213,1
51970486,1
52034305,1
51901591,1
51787004,1
51966615,1
51926503,1
52037356,1
52034672,1
52008000,1
52040268,1
51995885,1
51988722,1
51652654,1
51806522,1
51863744,1
51996200,1
51977775,1
52016755,1
52037769,1
52036225,1
52036224,1
52030634,1
51863941,1
52036279,1
51575225,1
52035314,1
52013230,1
51956510,1
52040931,1
52015953,1
51979026,1
51956511,1
51833709,1
52025857,1
52012319,1
51949794,1
52018934,1
52012189,1
51974493,1
52026105,1
51946024,1
51761245,1
51882026,1
52041223,1
51855910,1
52041238,1
51988691,1
51955394,1
52034671,1
52034610,1
51877083,1
52034600,1
52023700,1
52018166,1
52026634,1
51614432,1
52030380,1
52030641,1
51793791,1
51973028,1
51988284,1
51963350,1
52032643,1
51899822,1
52032765,1
52032704,1
51895613,1
52015043,1
52030131,1
52024535,1
51609650,1
52034700,1
52038525,1
52015422,1
52001426,1
51955393,1
51865917,1
52009832,1
51985825,1
52019251,1
52018324,1
51968661,1
51974039,1
52038806,1
52008275,1
51924381,1
52005712,1
51838090,1
51895258,1
51978000,1
52042247,1
51921895,1
51950672,1
52003633,1
52029824,1
51973158,1
52022993,1
52041000,1
51901485,1
51865584,1
51938843,1
52041120,1
51727807,1
52030132,1
51940101,1
52027245,1
51592556,1
51956825,1
51890770,1
51958381,1
51957341,1
52029537,1
52027650,1
51880070,1
52037847,1
52037848,1
52008274,1
51971451,1
52036216,1
52025068,1
52044533,1
51877388,1
52002908,1
52033647,1
51988976,1
52039425,1
52044915,1
52009303,1
52025679,1
52021543,1
52035531,1
52042502,1
52001142,1
52043803,1
51868364,1
51970600,1
52005134,1
52034306,1
52018933,1
52031705,1
52032888,1
52035672,1
52042858,1
52041222,1
51944314,1
52041239,1
52038481,1
52017979,1
52040404,1
52044131,1
52026632,1
51961754,1
51910445,1
51986411,1
52041772,1
52024047,1
51592003,1
52014276,1
51965816,1
51852564,1
51982496,1
52041767,1
51927267,1
51910729,1
52024046,1
51959154,1
51718684,1
51886028,1
51942608,1
51953513,1
52032731,1
51971781,1
52042451,1
52042501,1
52039726,1
51984795,1
51966312,1
52034676,1
52037357,1
52041268,1
52031828,1
52027483,1
51901540,1
52004403,1
51764011,1
52040405,1
52001724,1
51855268,1
51988804,1
51969982,1
52019594,1
52039000,1
52029462,1
52024113,1
51898002,1
52033552,1
52032461,1
51996447,1
52042274,1
51959564,1
52039421,1
52046479,1
52027246,1
52039750,1
52045214,1
52045208,1
51923562,1
52048159,1
52045339,1
51833783,1
51797046,1
52038303,1
51997059,1
51948829,1
52020456,1
51916839,1
51904060,1
52040269,1
51960981,1
52020808,1
51927808,1
51985898,1
52004414,1
51905654,1
51994309,1
52005417,1
51797411,1
52023939,1
52005567,1
52010172,1
51945306,1
52049078,1
52044821,1
51975661,1
51792395,1
52040915,1
52039727,1
52047949,1
51992207,1
51886029,1
51970491,1
52034132,1
52048158,1
52042736,1
51920818,1
51923794,1
51990038,1
51991289,1
52001350,1
51997035,1
52031649,1
52035671,1
52037299,1
52031650,1
52040052,1
51641279,1
52040275,1
51984654,1
51984796,1
52026488,1
52027519,1
51915497,1
52048498,1
51886527,1
52002655,1
52033266,1
51966835,1
52018496,1
51983366,1
52033785,1
52041773,1
52044532,1
51957863,1
52032572,1
52038051,1
51936713,1
52028233,1
52039420,1
51991032,1
52040930,1
52017531,1
52009167,1
52046572,1
52045262,1
52032773,1
52021738,1
52042737,1
52026106,1
52032905,1
51996789,1
52032859,1
51992828,1
52049657,1
52041363,1
52049656,1
51852151,1
52012780,1
51939004,1
51947307,1
51958641,1
52018397,1
51980628,1
51983328,1
51966778,1
51991755,1
52002656,1
52002998,1
52027889,1
52024156,1
52000293,1
52048985,1
51965810,1
52050320,1
51994979,1
52038117,1
51894171,1
52036675,1
52042533,1
52045338,1
52050869,1
51970925,1
52042786,1
51971775,1
52046745,1
52051045,1
51888019,1
52032895,1
52034609,1
51770651,1
52044186,1
52049700,1
51990586,1
51979207,1
52026631,1
51789357,1
51802943,1
52023938,1
52038807,1
51913196,1
52052710,1
52046146,1
51969981,1
52002920,1
52013991,1
52016483,1
52001946,1
52011595,1
52033784,1
51953343,1
51959180,1
52038118,1
52050524,1
52007637,1
51974371,1
52006249,1
51991048,1
51988282,1
51703098,1
51960837,1
52043802,1
51908131,1
51858512,1
51692244,1
52051099,1
52052243,1
52030120,1
52042975,1
51780370,1
51971884,1
52042859,1
52051384,1
51963899,1
52030443,1
51977760,1
51924453,1
52048950,1
52005917,1
51966836,1
51996366,1
52022374,1
51628496,1
51947847,1
52039047,1
52039046,1
52044657,1
51989112,1
51988368,1
51909070,1
51995110,1
51961753,1
51959085,1
51907041,1
52003598,1
51993917,1
52049362,1
51974785,1
52023510,1
51796904,1
51966239,1
52027287,1
52017870,1
52045581,1
52030218,1
51970835,1
52002484,1
51952677,1
51940362,1
52044063,1
52042974,1
52048499,1
52030130,1
52034868,1
52041269,1
52030320,1
52054128,1
52037573,1
51783160,1
52010014,1
51980471,1
52054367,1
52054368,1
52043310,1
51982324,1
51987978,1
51988012,1
52040637,1
52044319,1
52047281,1
52046133,1
52046234,1
51888354,1
52052997,1
51921894,1
52018495,1
51924389,1
52026957,1
52051915,1
52047610,1
52008766,1
51954767,1
51999243,1
52054766,1
52056115,1
51973042,1
52056121,1
51817029,1
52052078,1
51985483,1
51987039,1
51689835,1
52050816,1
52007790,1
52050815,1
52053788,1
52015027,1
52042714,1
52053757,1
52048295,1
52048286,1
52042787,1
51977465,1
52001248,1
52029150,1
52056838,1
51999734,1
52048610,1
51872678,1
51727304,1
52046134,1
52040636,1
51988854,1
52041582,1
52052930,1
52022381,1
52048951,1
52046173,1
51941866,1
52055703,1
51983602,1
52033646,1
51905281,1
51971298,1
51867784,1
51715357,1
52039560,1
51992283,1
51931570,1
52043800,1
51968046,1
52032896,1
51968938,1
51991423,1
52056788,1
52049446,1
51929490,1
51902719,1
51901670,1
52057955,1
51984843,1
52049571,1
52016372,1
51883864,1
52055310,1
52032360,1
52052668,1
51740922,1
52052838,1
52047367,1
51819709,1
52000650,1
51974247,1
51978411,1
51993959,1
52046480,1
52056116,1
52057567,1
51987165,1
52050633,1
52045165,1
52052094,1
52054867,1
51966240,1
52038302,1
51760785,1
52057775,1
52002294,1
52017871,1
52056724,1
52056955,1
52044153,1
52054129,1
52029294,1
51979208,1
51674892,1
51808335,1
51930891,1
52023891,1
52052585,1
52057174,1
51822313,1
51991996,1
52057315,1
52052996,1
52057308,1
51950671,1
52011317,1
51891578,1
51917241,1
52015911,1
51995111,1
52013289,1
52051850,1
52036436,1
52039385,1
52035280,1
52054743,1
52000651,1
52053314,1
52042246,1
52008767,1
51828469,1
52046446,1
52031307,1
52021581,1
52003380,1
51881953,1
52031308,1
52056556,1
52046672,1
52018142,1
52038482,1
51952593,1
52023687,1
52044062,1
52057956,1
52056825,1
52056826,1
52059767,1
52032148,1
52060828,1
51860485,1
51835381,1
51890921,1
52059908,1
52059909,1
51892107,1
52027651,1
51996367,1
52055514,1
52058427,1
51960415,1
51997709,1
52053106,1
51948210,1
51986562,1
52003597,1
52050632,1
52050525,1
52060274,1
52053315,1
52025645,1
51744364,1
51963690,1
51999441,1
52050870,1
51996982,1
52059209,1
52002330,1
52042948,1
51955169,1
52053899,1
52043799,1
52052340,1
52038526,1
52012476,1
52056837,1
52040324,1
52048506,1
52059681,1
52056904,1
52026494,1
51910042,1
52060827,1
51955612,1
51980468,1
51957451,1
51949268,1
52055346,1
51961251,1
52060932,1
52040499,1
52058326,1
52055605,1
51957794,1
52060081,1
52055849,1
52022564,1
51954884,1
51928611,1
52061739,1
51968979,1
51942487,1
52013333,1
52038052,1
52056219,1
52009548,1
51937012,1
52061933,1
51991075,1
52052163,1
51905750,1
51992711,1
52056787,1
51982973,1
51965655,1
52020610,1
52060643,1
51985895,1
51963691,1
52044132,1
52012578,1
52035697,1
52060719,1
52004430,1
52041419,1
52037640,1
51863491,1
51869829,1
51621118,1
52055606,1
52033267,1
51991729,1
51972751,1
52061097,1
51983976,1
52047247,1
52025058,1
52041766,1
51891336,1
51995012,1
52024210,1
51898003,1
51935799,1
52027029,1
52064563,1
51959181,1
52052093,1
52063196,1
52060423,1
52063269,1
52062064,1
51749928,1
51857305,1
52010767,1
52027139,1
52057714,1
52052308,1
52048651,1
51875216,1
52056903,1
52043985,1
52059712,1
52013658,1
52015423,1
51844903,1
52026493,1
51931108,1
52043311,1
52041583,1
52052589,1
52052669,1
52049959,1
52012889,1
52047270,1
51963097,1
51963041,1
51872864,1
51988252,1
52031125,1
52027937,1
52063087,1
52060330,1
52036848,1
52057568,1
51992206,1
52027107,1
51953622,1
52052162,1
51974492,1
52006757,1
52027314,1
52057725,1
52063268,1
52035532,1
52024462,1
51895874,1
52024435,1
52021737,1
51758867,1
52041121,1
52034675,1
51899821,1
52027315,1
52001249,1
52065065,1
51883700,1
51973898,1
52001533,1
51983023,1
52041498,1
52052586,1
52046089,1
52058413,1
52025023,1
52062803,1
51986637,1
52057474,1
51996401,1
52049079,1
52061575,1
51989414,1
52061620,1
51882997,1
52061605,1
51983921,1
51921873,1
52062063,1
51995676,1
51952453,1
52056555,1
51954066,1
52035828,1
51998943,1
52038516,1
52038591,1
52038590,1
51633639,1
51689762,1
51924087,1
51863175,1
51859140,1
52057175,1
51983391,1
52008316,1
52027843,1
51986574,1
51906202,1
52058414,1
52055704,1
52013246,1
52051914,1
52065802,1
52064237,1
51997925,1
52057467,1
52014498,1
52006248,1
52063047,1
52008735,1
52057466,1
52033906,1
52061816,1
51916540,1
52032644,1
52060524,1
52067644,1
51927713,1
51844834,1
51931886,1
52032906,1
51972010,1
52067643,1
52041306,1
52055052,1
52051100,1
51951451,1
52059491,1
51998725,1
52068102,1
52069017,1
52066292,1
52066334,1
52033123,1
51691247,1
52063661,1
52058325,1
52022098,1
51991754,1
52052687,1
52068419,1
51975305,1
52023982,1
51914910,1
52054719,1
51714089,1
52055850,1
51935537,1
51985548,1
52070004,1
52061805,1
51901229,1
52039561,1
52068686,1
52041038,1
51973041,1
52012256,1
52059490,1
52028988,1
52010766,1
52031829,1
52001273,1
52062508,1
51805584,1
51994312,1
51717700,1
51980457,1
52013715,1
51977009,1
51933529,1
52071024,1
52060931,1
52069324,1
51997247,1
52055513,1
52008780,1
52050321,1
52022380,1
52068580,1
51999211,1
52061619,1
52067228,1
51996459,1
52067161,1
52043727,1
52061934,1
51994022,1
52061740,1
52022992,1
52060391,1
51858615,1
52070356,1
52003986,1
52039544,1
52049353,1
52067728,1
51958135,1
52020955,1
51938844,1
52051383,1
52068101,1
52041420,1
52027471,1
52066391,1
51891843,1
51874451,1
51907679,1
52058225,1
52021108,1
52069260,1
52072036,1
52025024,1
52013111,1
52022565,1
52068418,1
52046235,1
52068481,1
52071361,1
51931315,1
51971643,1
52063071,1
52069983,1
52025489,1
51836566,1
51931885,1
52040999,1
52067160,1
52022917,1
52067478,1
52063296,1
51978410,1
52062089,1
51966389,1
52046746,1
51933164,1
52071783,1
51987102,1
52073508,1
52073701,1
52016373,1
51894980,1
52054375,1
52069298,1
51963053,1
52022274,1
52000219,1
52062835,1
52033543,1
52051724,1
52039001,1
51936714,1
51985143,1
52046447,1
51968666,1
52038077,1
51968752,1
51968787,1
52063046,1
52072774,1
52021450,1
51999423,1
51981686,1
52060402,1
51903575,1
51869713,1
52032662,1
51813590,1
52023590,1
51993092,1
51962427,1
51948812,1
52051096,1
52071761,1
52070628,1
52034653,1
51988690,1
52008108,1
52013657,1
52002651,1
52011316,1
51994788,1
51996306,1
51768389,1
52066664,1
52058226,1
51937011,1
52062798,1
52062898,1
51996446,1
51884443,1
52075356,1
52014199,1
52053107,1
52072836,1
52072835,1
52074194,1
52074193,1
52060329,1
52049327,1
52049445,1
51957940,1
51985740,1
51983022,1
51966299,1
51956779,1
52069021,1
52066152,1
52071782,1
52038515,1
52046807,1
51922389,1
52048611,1
52071874,1
52066237,1
51710400,1
52049611,1
52044189,1
52071818,1
52020807,1
51905728,1
51955539,1
52073818,1
52076666,1
51976927,1
51992131,1
51982325,1
52066794,1
52052931,1
52057316,1
52073984,1
52030814,1
51906328,1
52010293,1
52002031,1
52072773,1
52064464,1
52074254,1
51636400,1
51998259,1
52074356,1
52057724,1
52049354,1
52074333,1
52024644,1
51974591,1
52067704,1
52006799,1
52024755,1
52063511,1
52076195,1
52043986,1
52074557,1
52074556,1
51902038,1
52005328,1
52065133,1
52030119,1
52070823,1
51930651,1
51860578,1
52062507,1
51866173,1
52068226,1
51941884,1
51748089,1
51975142,1
52052839,1
52006004,1
51992124,1
52066638,1
52077906,1
51828749,1
51999210,1
52075127,1
52075126,1
52063929,1
52003317,1
52050344,1
52058627,1
52069764,1
52036469,1
52075415,1
52063054,1
52075362,1
52076892,1
52072762,1
52003379,1
52071464,1
52063086,1
51956324,1
51985547,1
52004777,1
52052244,1
52021451,1
52060390,1
52074355,1
51891528,1
52070475,1
52077157,1
51990585,1
52067588,1
52038324,1
52001274,1
51923563,1
51999521,1
52012361,1
52077335,1
52063480,1
52049664,1
52068225,1
52070822,1
51918545,1
52044187,1
51825794,1
51987881,1
52033127,1
52033146,1
52063662,1
52073819,1
52046172,1
51944730,1
52005732,1
52058428,1
52065637,1
52072230,1
52073985,1
52014198,1
52000292,1
52028168,1
52004778,1
51972426,1
52058909,1
52072810,1
52026958,1
52067216,1
52038168,1
52017373,1
52011841,1
52042432,1
51984394,1
51837931,1
51992829,1
52070583,1
52066214,1
51998773,1
52068920,1
52078864,1
52012458,1
52031954,1
52079129,1
52046823,1
51973814,1
52071025,1
52041461,1
51990759,1
51996463,1
52033518,1
51822342,1
52021109,1
52079444,1
51991728,1
51803807,1
52069781,1
52057473,1
52081126,1
52071463,1
52077047,1
52057634,1
52079884,1
52050768,1
52053789,1
51935769,1
52078863,1
51982972,1
52020415,1
52060550,1
51971883,1
52040041,1
52020455,1
52055053,1
52021861,1
52073444,1
52020592,1
52077356,1
52076363,1
52079144,1
52035827,1
52004413,1
51991495,1
51852662,1
52072060,1
52080467,1
52060234,1
52075494,1
51978188,1
52057543,1
52081127,1
51829287,1
52079790,1
51995359,1
52060422,1
52001052,1
52071493,1
51941340,1
52079974,1
51821409,1
51950007,1
52056809,1
52063443,1
52020491,1
52053706,1
52040053,1
52009777,1
51852035,1
51692243,1
52080263,1
51957447,1
52008084,1
52015558,1
51888421,1
52026742,1
51949269,1
52027842,1
52079445,1
52081232,1
52056238,1
52081110,1
52081191,1
52058908,1
52074298,1
52065941,1
52029928,1
51748637,1
52002255,1
52071749,1
52056723,1
52067542,1
52032860,1
51997060,1
51995875,1
52048583,1
52081814,1
51797130,1
52043013,1
51957325,1
51963892,1
51908417,1
52071938,1
51976971,1
52016482,1
52049945,1
52005713,1
52048984,1
52074864,1
52066795,1
51903500,1
52019768,1
52051849,1
52075355,1
52071282,1
52067217,1
51930321,1
52038076,1
52021515,1
52083990,1
52083991,1
52013185,1
52079813,1
52078564,1
52067587,1
51640281,1
52063297,1
52070397,1
52079970,1
52079981,1
52084308,1
52057834,1
51997985,1
52035696,1
52082783,1
52030275,1
51962840,1
52029138,1
52071873,1
51955170,1
51985824,1
52027673,1
52005566,1
52023981,1
52010075,1
52018664,1
52055309,1
52044318,1
52015789,1
52077834,1
52079550,1
52030813,1
52074009,1
52044656,1
51754038,1
52038270,1
52068687,1
52084043,1
51972979,1
52002437,1
52077158,1
52004213,1
51789763,1
52053707,1
52082846,1
52063394,1
52085550,1
52076194,1
52079211,1
51908380,1
51955685,1
52085801,1
52087724,1
52052680,1
52080468,1
52059924,1
52030707,1
52080689,1
52079572,1
52086136,1
52043475,1
52006034,1
52027108,1
52004912,1
52060233,1
51977180,1
51994978,1
52086701,1
51960499,1
51992488,1
52078386,1
52078565,1
52050799,1
52051199,1
52079975,1
52084309,1
51990039,1
52030009,1
52079143,1
52021878,1
51833782,1
52033126,1
51836282,1
52022136,1
52080361,1
52054456,1
52087687,1
51918765,1
52088791,1
51999136,1
52001947,1
52068244,1
51955998,1
52086215,1
52025387,1
52082484,1
52079636,1
52061576,1
51972673,1
52047609,1
52078324,1
52020087,1
52058963,1
52010573,1
51715642,1
52060644,1
52045582,1
52018941,1
51971882,1
52071817,1
52081823,1
52006758,1
52063585,1
52013586,1
52024756,1
52026375,1
52021090,1
52059713,1
51853264,1
51996225,1
52010076,1
51997246,1
52071937,1
52005557,1
51972425,1
52076665,1
51918820,1
52063930,1
51975306,1
52051774,1
52063055,1
52018716,1
52088156,1
52074262,1
52061806,1
52032779,1
52054937,1
52060523,1
51737931,1
51975799,1
52086985,1
52084275,1
52054146,1
52040040,1
52077420,1
52042949,1
51934711,1
52082950,1
52079130,1
51912934,1
52012577,1
52084537,1
52082031,1
52085788,1
52010874,1
52091264,1
52018165,1
52002436,1
52091335,1
52052711,1
52055462,1
51921874,1
51994630,1
52054641,1
52079856,1
52055872,1
51645713,1
52086557,1
52079789,1
52088129,1
52031488,1
52084042,1
52074263,1
51995351,1
52048294,1
52059208,1
52009833,1
52067657,1
51978815,1
52067947,1
52024740,1
52077355,1
52082949,1
52082987,1
51929765,1
52063584,1
52085795,1
51925296,1
52079337,1
52069299,1
52047092,1
52072707,1
52036468,1
52033702,1
51995578,1
51988238,1
52014137,1
52060264,1
52078323,1
52086702,1
52021780,1
51902718,1
52047933,1
52082577,1
52056749,1
52003985,1
52001272,1
52082829,1
52079982,1
52055006,1
51908431,1
52038325,1
52070718,1
52085686,1
51857439,1
52029293,1
52092935,1
52066256,1
52063395,1
51995886,1
51834006,1
52091336,1
52085944,1
52044200,1
52072035,1
52091432,1
52049958,1
52090485,1
52088736,1
52088737,1
52087723,1
52079459,1
52077833,1
51961296,1
52080696,1
52091729,1
52047498,1
52086558,1
52094876,1
52075350,1
52018852,1
52036932,1
52088130,1
52084117,1
52045263,1
52084101,1
52095134,1
52059766,1
52095699,1
52073443,1
52095709,1
51802382,1
52087517,1
51994103,1
52093136,1
52080262,1
52052491,1
52093135,1
52040498,1
52062804,1
51987844,1
51963900,1
52076563,1
52065557,1
52088802,1
51976876,1
52057307,1
52091629,1
52091630,1
51997984,1
52094875,1
52081002,1
52081190,1
52081055,1
51626827,1
52061431,1
51996435,1
52093676,1
52085353,1
52027028,1
52072809,1
52088157,1
52018965,1
52092412,1
52017706,1
52095197,1
52095352,1
51762512,1
51968053,1
52088349,1
51803579,1
52088459,1
52027520,1
52077334,1
52021047,1
52015416,1
51769768,1
52022137,1
52080376,1
52047366,1
52074889,1
52061098,1
52060082,1
52077905,1
51916374,1
51945299,1
52097571,1
52072464,1
52094710,1
52031262,1
52029972,1
52060403,1
52017230,1
52094852,1
52071494,1
52028370,1
52088152,1
52074299,1
52078575,1
52073148,1
52020498,1
52055007,1
52095420,1
51660918,1
52055041,1
52098225,1
52095351,1
52066236,1
52041119,1
52015143,1
52012606,1
52079057,1
52082847,1
52080008,1
52056956,1
52095737,1
51973897,1
52049644,1
52066246,1
52096809,1
51922127,1
51850703,1
51886678,1
52026670,1
52059923,1
51993454,1
52024832,1
52048875,1
52095959,1
52098801,1
51825916,1
52084965,1
52037850,1
51981262,1
51963231,1
51931123,1
52097570,1
52003318,1
51992125,1
52005025,1
52079818,1
52065942,1
52064355,1
52092269,1
51970599,1
52056237,1
52097810,1
51978681,1
51998140,1
52079969,1
52089781,1
52097880,1
52054970,1
52086938,1
52001696,1
52070474,1
52098245,1
51830168,1
52049610,1
52037720,1
52094001,1
52040435,1
51803039,1
52080375,1
52095958,1
52096963,1
52063701,1
52097037,1
52073915,1
52062954,1
52093465,1
52089011,1
52017620,1
52094851,1
52023097,1
52074255,1
52036458,1
52063077,1
51908132,1
52053756,1
52099232,1
52092411,1
52034699,1
52088286,1
52099273,1
52050800,1
52078499,1
52064645,1
52062386,1
52090102,1
52012190,1
52091211,1
52076138,1
52074504,1
51700784,1
52056988,1
52092936,1
52040274,1
52101355,1
52001532,1
51911300,1
51963034,1
52036245,1
52029605,1
52084964,1
52096111,1
52088803,1
52014136,1
52086216,1
51992282,1
52023998,1
51963378,1
52075493,1
51952499,1
52000502,1
52058962,1
52088350,1
52045209,1
52030076,1
52095419,1
52002320,1
52056619,1
52015101,1
52084536,1
51655476,1
52032889,1
52099519,1
52053898,1
52093997,1
52096805,1
52049570,1
52077421,1
51980413,1
52096835,1
52023699,1
52076465,1
51772442,1
51910524,1
51999885,1
51966785,1
52007340,1
51991920,1
52054374,1
52022275,1
52023993,1
52076562,1
51963042,1
52058569,1
52080631,1
51814049,1
52086137,1
52042275,1
52013245,1
52003451,1
52081467,1
52075786,1
52067324,1
52058597,1
52057544,1
52084116,1
52036931,1
52070387,1
51769500,1
52103662,1
51857428,1
52021877,1
52100971,1
52035542,1
52098224,1
52102231,1
52076400,1
52077314,1
52007999,1
52103964,1
52101356,1
52045922,1
52049691,1
52099564,1
52102317,1
52063512,1
52076438,1
52096810,1
52093032,1
52021091,1
51977466,1
51963911,1
52073974,1
52069261,1
52091431,1
52096962,1
52021376,1
52049944,1
52055461,1
52096116,1
52082322,1
52100175,1
52058598,1
52045155,1
52093515,1
52010574,1
52020293,1
51848425,1
51915030,1
52015026,1
51906448,1
51991496,1
51733600,1
52070386,1
52013405,1
52066093,1
52099274,1
51970834,1
52007789,1
51999809,1
52052050,1
52100943,1
52098244,1
52103908,1
52030220,1
52099466,1
51938787,1
52054354,1
52094053,1
52091293,1
52105134,1
51793250,1
52087785,1
52105227,1
52105302,1
52022151,1
52041499,1
52096117,1
52062897,1
52089096,1
52002321,1
52097811,1
51992669,1
51728774,1
52103302,1
52093677,1
52104763,1
52045466,1
51783652,1
52104934,1
52106502,1
52104973,1
52099403,1
52103733,1
52073138,1
52045467,1
52098373,1
52088458,1
52095700,1
52052372,1
51993093,1
52105084,1
52093991,1
52091265,1
52019209,1
52079212,1
52105193,1
52074711,1
52105303,1
52014084,1
52104368,1
52105404,1
51969901,1
52047280,1
52087823,1
52103039,1
52041823,1
51955161,1
52100473,1
52038167,1
52095198,1
52038269,1
51952462,1
52106385,1
52025646,1
51931316,1
51998427,1
52092845,1
52007148,1
52015262,1
52056620,1
52044161,1
52051374,1
51958134,1
52107925,1
52091292,1
52105133,1
52073772,1
51911238,1
51706028,1
52023863,1
51679091,1
51964154,1
52102628,1
52098848,1
52038005,1
52036217,1
52107258,1
51983601,1
52030642,1
52068584,1
52043726,1
52100474,1
52085325,1
52082337,1
51970050,1
51997924,1
52099066,1
52036278,1
52100410,1
52089546,1
52100972,1
52098023,1
52095518,1
52070357,1
51858359,1
52107686,1
52018180,1
52091210,1
52107837,1
52045921,1
52102364,1
52107826,1
52107825,1
51665566,1
52098596,1
52066665,1
51734608,1
52085014,1
52017229,1
52052704,1
52071135,1
52047412,1
52109991,1
52098847,1
52104462,1
52102775,1
51981309,1
52086602,1
52103038,1
52105719,1
52094752,1
51932768,1
52029874,1
52039282,1
52099107,1
52074188,1
52077035,1
52018685,1
52108966,1
51703212,1
51996697,1
51965481,1
52049363,1
52104828,1
52102086,1
51971776,1
52092539,1
52009353,1
52102040,1
52082784,1
52046571,1
51990461,1
52055040,1
52017707,1
52104050,1
52099465,1
52109645,1
52093012,1
52054147,1
52016349,1
52107904,1
52085722,1
52044162,1
52047196,1
52027672,1
52051775,1
52097190,1
52087735,1
51924448,1
52086157,1
52048992,1
51903261,1
52101922,1
52097865,1
52068718,1
52077034,1
52044914,1
51992489,1
51999424,1
52101899,1
52093709,1
52106364,1
52092270,1
52106386,1
52054938,1
52089757,1
52099300,1
51871715,1
52102161,1
52067541,1
51886068,1
52087255,1
52082751,1
52051313,1
52048681,1
52110509,1
52030126,1
52063608,1
52095766,1
52013714,1
52010115,1
51988013,1
51939227,1
52105287,1
52068333,1
52074982,1
51864661,1
52105286,1
52110861,1
52065618,1
51740921,1
52029606,1
52111281,1
52097496,1
52088153,1
52085326,1
52085352,1
52070101,1
52097864,1
52099398,1
51857191,1
52097900,1
52111924,1
52073147,1
52099355,1
52088343,1
52103915,1
52095378,1
52037685,1
52112249,1
52059397,1
52092961,1
52080240,1
52102316,1
52107924,1
51949983,1
52110985,1
52102629,1
52077707,1
52041788,1
52097191,1
52027578,1
52036356,1
51983780,1
52056122,1
52111408,1
52111472,1
52005916,1
52112996,1
52110140,1
52079883,1
52108967,1
52106196,1
52082752,1
52114635,1
52034375,1
52114881,1
52059396,1
52015042,1
52066257,1
52081633,1
52110591,1
52112466,1
52063515,1
51905729,1
52029137,1
52037641,1
51910239,1
52080362,1
52101481,1
52079551,1
52087824,1
51971373,1
52110926,1
52108275,1
52108274,1
52115573,1
52107257,1
52110083,1
52041789,1
52069790,1
51950692,1
52112959,1
51995013,1
52110139,1
52097815,1
52020088,1
52114521,1
52097901,1
52020591,1
52076102,1
52088344,1
52095710,1
52054355,1
52052681,1
52105405,1
52014124,1
52072629,1
52097497,1
52100439,1
52047195,1
52060263,1
52079659,1
52115823,1
52114325,1
52117091,1
52040916,1
52108863,1
52067554,1
52097889,1
52037137,1
52091076,1
52113283,1
52056810,1
52009352,1
52116081,1
51944372,1
52116092,1
52099518,1
52102230,1
52112349,1
52109560,1
52046822,1
52099563,1
52065201,1
52045777,1
52062385,1
52084740,1
52082170,1
52033553,1
52052705,1
52061358,1
52091730,1
52024831,1
52112781,1
52112814,1
52065801,1
52050250,1
52112992,1
52004808,1
52101921,1
51908022,1
52074189,1
52108862,1
52099146,1
52104829,1
52118668,1
52029927,1
52049285,1
51880632,1
52111865,1
52056750,1
51999522,1
51968054,1
52090101,1
52079256,1
52049692,1
52070480,1
51824861,1
51958380,1
52077436,1
52112574,1
52116487,1
52013046,1
51867728,1
52061239,1
52057369,1
52051725,1
52061359,1
52097814,1
52107502,1
52111823,1
52118667,1
52111923,1
52103663,1
51992737,1
52013587,1
52088287,1
52082828,1
52109399,1
52116172,1
52084741,1
52113423,1
52008085,1
51825985,1
52015557,1
52112606,1
52109888,1
52088790,1
52082323,1
52039084,1
52065608,1
52121068,1
52069765,1
52002032,1
52029536,1
51989231,1
52087847,1
52068470,1
52110132,1
52027834,1
52090711,1
51997708,1
52093674,1
52113097,1
52027025,1
52115822,1
51961730,1
52067627,1
52034376,1
52113284,1
52099284,1
52069065,1
52082770,1
52118916,1
51972160,1
52112350,1
52116171,1
52107908,1
52118997,1
52040434,1
51821501,1
52068237,1
52034867,1
51957218,1
52030321,1
51980770,1
51836990,1
52073975,1
52085015,1
52061424,1
52022203,1
52122424,1
52110082,1
52116968,1
51956578,1
52117103,1
52088315,1
51956824,1
51957864,1
52100840,1
52075967,1
51995499,1
52118847,1
52023511,1
52086986,1
52118834,1
52060720,1
52062639,1
52037721,1
52099678,1
52051991,1
52090444,1
52066808,1
52077708,1
52061240,1
52027936,1
52076893,1
52114017,1
52077788,1
52122346,1
52074983,1
52116868,1
51962298,1
52051838,1
51862570,1
52111311,1
52110131,1
52112960,1
52119857,1
51979820,1
52122568,1
52097634,1
52061815,1
52074185,1
51962297,1
52122974,1
52048287,1
52031915,1
52067495,1
52098342,1
52111900,1
52103965,1
51966313,1
52120528,1
52112250,1
52017746,1
52115160,1
52116235,1
52044188,1
52093031,1
52082164,1
52107097,1
52022516,1
52061606,1
52108419,1
52057293,1
52069325,1
52079660,1
52117178,1
52018851,1
52113177,1
52123070,1
52093882,1
52124222,1
52114882,1
52116036,1
51830026,1
52091237,1
52104100,1
52116234,1
52123543,1
52032255,1
52016651,1
52099677,1
52052686,1
52016577,1
51800358,1
52068332,1
52047413,1
52087734,1
52039283,1
52122202,1
52054461,1
52077947,1
52121253,1
52049275,1
52031126,1
52116969,1
52028359,1
52100303,1
52089599,1
52099147,1
52074334,1
52125490,1
52094672,1
52041122,1
52125491,1
52039545,1
52026041,1
52082576,1
52122826,1
52079857,1
51915498,1
51987101,1
52080096,1
52124337,1
52102191,1
52125848,1
52032093,1
52063442,1
52118996,1
51919566,1
52071807,1
52063702,1
52127573,1
52115448,1
52119369,1
52123851,1
51804244,1
52104468,1
52049119,1
52121114,1
52115673,1
51733354,1
52126707,1
52095127,1
52128015,1
52060431,1
52100296,1
52063096,1
52003634,1
52122825,1
52121318,1
52074242,1
51867737,1
52082728,1
52062090,1
52111905,1
51955168,1
52092576,1
52114883,1
52120473,1
52073507,1
52073774,1
52005556,1
51842623,1
52072229,1
52085945,1
52127313,1
52079458,1
52121941,1
52111035,1
52110925,1
52110986,1
52113655,1
52119368,1
52046203,1
51931437,1
52056086,1
52039336,1
52124830,1
52077739,1
52111131,1
52112815,1
52047721,1
52100304,1
52118333,1
52128014,1
52046198,1
52027924,1
52057635,1
52125251,1
52110210,1
52118483,1
52031487,1
52103073,1
52129666,1
52119950,1
52128594,1
52038248,1
52006368,1
52001143,1
52109398,1
52114880,1
52128866,1
52127077,1
52128865,1
52118846,1
52020497,1
52123623,1
51948836,1
52079338,1
52063631,1
52087728,1
52080697,1
52113506,1
52110862,1
52061305,1
52003194,1
52080479,1
52119381,1
52028234,1
52087848,1
52103072,1
52125117,1
52118415,1
52082428,1
52129490,1
52089099,1
52094751,1
52117102,1
52068719,1
51980169,1
51992736,1
52114692,1
52100409,1
52089598,1
52114326,1
51968045,1
52057715,1
52027138,1
52113178,1
52093883,1
52123069,1
52070582,1
52077476,1
52013406,1
52128814,1
52129914,1
52092846,1
52065200,1
52109561,1
52023864,1
51963891,1
52126388,1
52105226,1
52099640,1
52082192,1
52108063,1
52087913,1
52121014,1
52046145,1
52119365,1
52127836,1
52080967,1
52109950,1
52130729,1
52132334,1
52129587,1
52126871,1
52079792,1
52114693,1
51905289,1
52127016,1
52114719,1
52067496,1
52120529,1
52076464,1
52092962,1
52132796,1
52021860,1
52113505,1
52124673,1
52091626,1
52091625,1
52132036,1
52124835,1
52097106,1
52129347,1
52061458,1
52039337,1
52122350,1
52050251,1
52126583,1
52125116,1
52036357,1
52078297,1
51719357,1
52035579,1
52132446,1
52125455,1
52129665,1
52111864,1
51941733,1
51969056,1
52126956,1
52121377,1
52116037,1
52128593,1
51991272,1
52099231,1
52114634,1
52117768,1
52102190,1
52109468,1
52099354,1
51980262,1
52107909,1
52104051,1
52120677,1
52104205,1
51938997,1
52052341,1
51681873,1
51913375,1
52094098,1
52132035,1
52090417,1
52104367,1
51983392,1
52047722,1
52122341,1
52115572,1
52079637,1
52057256,1
52130731,1
52007554,1
52072630,1
52089223,1
51708847,1
52130723,1
52080966,1
52063076,1
52132318,1
52102085,1
52097691,1
52117179,1
52132447,1
52090761,1
52099158,1
52077150,1
52128416,1
52128597,1
52066092,1
52046671,1
52135440,1
52069020,1
52105085,1
51984985,1
52129159,1
52132864,1
52082032,1
51962839,1
51968660,1
52095992,1
52047144,1
52132070,1
52111195,1
52129325,1
52111310,1
52124959,1
52033703,1
52100176,1
51988351,1
52100295,1
52093556,1
51991061,1
52130917,1
52130732,1
52086642,1
52042452,1
52124128,1
52126870,1
52133757,1
52097690,1
52064463,1
51945517,1
52070629,1
52128598,1
52125847,1
52129874,1
51995358,1
51951887,1
52037572,1
51842306,1
52060549,1
52073702,1
52123520,1
52048650,1
52123544,1
52073771,1
52004429,1
52027579,1
52094096,1
52127416,1
52065623,1
52027958,1
52127651,1
52068350,1
52087686,1
52132168,1
52107082,1
52081000,1
52122203,1
52130556,1
52124958,1
51885865,1
52101898,1
52101679,1
52136388,1
52134984,1
52061851,1
52026919,1
52100098,1
52119951,1
52121317,1
52111826,1
52048103,1
51858454,1
51952454,1
52107471,1
52131462,1
52079791,1
52067727,1
52135424,1
52137057,1
52087089,1
52089939,1
52071144,1
52093349,1
52061374,1
52081054,1
52136085,1
52080706,1
52136387,1
52132404,1
51989415,1
52114718,1
52132499,1
51901671,1
52092540,1
52136739,1
52026376,1
52138163,1
52137056,1
52098374,1
51810970,1
52046090,1
51993712,1
52135957,1
52112710,1
52130417,1
52138758,1
52140473,1
52041822,1
52076837,1
52084025,1
52075361,1
52055345,1
52072463,1
52126582,1
52068645,1
52125244,1
52121254,1
52079817,1
52135133,1
52139256,1
51696167,1
52139286,1
52121378,1
52139255,1
52089547,1
52056220,1
52054866,1
52133894,1
52109416,1
52029973,1
52099350,1
52073344,1
52090862,1
52063479,1
52087090,1
52134287,1
51916314,1
52128534,1
52076139,1
52126130,1
51846705,1
52042813,1
51930650,1
52118787,1
52104212,1
52129915,1
52008107,1
52033147,1
52113574,1
52137489,1
52005733,1
52090484,1
52126624,1
52138819,1
52134983,1
52116656,1
52105718,1
52089100,1
52126623,1
52125027,1
52066529,1
52090709,1
51960654,1
52119698,1
51987170,1
52129586,1
52142044,1
52057790,1
52001351,1
52092575,1
52138049,1
52029875,1
52102108,1
52138162,1
52044154,1
52118917,1
51966559,1
51950438,1
52087727,1
52027744,1
52113656,1
52119380,1
52138669,1
52124834,1
52130416,1
52127572,1
52138757,1
52028446,1
52062953,1
52076708,1
51904144,1
52136336,1
52118332,1
52135124,1
52090760,1
52117110,1
52135180,1
52136466,1
51826601,1
52065800,1
52130724,1
52133756,1
52143433,1
52097888,1
52124143,1
52142171,1
52139658,1
52067638,1
52081111,1
52142172,1
52133987,1
52100910,1
52110508,1
52142382,1
52120496,1
52099397,1
52124223,1
52131320,1
52136877,1
52107836,1
52106363,1
52116091,1
52085687,1
52096806,1
52056987,1
52084632,1
52103718,1
52141097,1
51998772,1
52105072,1
52115288,1
52012180,1
52052424,1
52084983,1
52029461,1
52121067,1
52109990,1
52048874,1
52143196,1
52132155,1
52140510,1
51938287,1
52082285,1
52141675,1
52094762,1
52057370,1
52132319,1
52144766,1
52111621,1
52105866,1
52131068,1
52140652,1
52128415,1
52135299,1
52140910,1
52129830,1
52142631,1
52132655,1
52127076,1
52064827,1
51922161,1
52052423,1
52131630,1
52059680,1
52076362,1
52069066,1
52087386,1
52138359,1
52135533,1
52066392,1
52138480,1
52102465,1
52085977,1
52126527,1
52119265,1
52130335,1
52143130,1
52145949,1
52129489,1
52047351,1
52064238,1
52136465,1
52119699,1
52140653,1
52115672,1
52111258,1
51895237,1
52086625,1
52144746,1
52054720,1
51946796,1
52099159,1
52130853,1
52132405,1
52112993,1
52137944,1
52143434,1
51881673,1
52101951,1
52113096,1
52039384,1
52131360,1
52021781,1
51891503,1
52135359,1
52017532,1
52067948,1
52145127,1
52135360,1
52140924,1
52020762,1
52114916,1
52126142,1
52099391,1
52107905,1
52112419,1
51896361,1
52037684,1
51743638,1
52127312,1
52082171,1
52065558,1
52072059,1
52131971,1
52127417,1
52146967,1
52134738,1
52125065,1
52144145,1
52101678,1
52130555,1
52138820,1
52125204,1
52136283,1
52136472,1
52144745,1
52128159,1
52131069,1
52086626,1
52064644,1
52133895,1
52070481,1
52135298,1
52132656,1
52132633,1
52139541,1
52138205,1
52118938,1
52030219,1
52080239,1
52043012,1
52105060,1
51759842,1
52032149,1
52007341,1
52144134,1
52130099,1
52090507,1
51977151,1
52044820,1
52146072,1
52141802,1
52090712,1
52087914,1
52069886,1
52149020,1
52030929,1
52089756,1
52147673,1
52049326,1
52142470,1
52131463,1
52146497,1
52102363,1
52139731,1
52079255,1
51733727,1
52009776,1
52146576,1
52149363,1
52146552,1
52095517,1
52138274,1
52131694,1
52123519,1
52135525,1
52096112,1
52124774,1
51804690,1
52090445,1
52143211,1
52107096,1
52140472,1
52127895,1
52148792,1
52077046,1
52147484,1
52119915,1
52082429,1
51977275,1
52045116,1
52149067,1
52149102,1
52149103,1
52111753,1
52051095,1
52139730,1
52150849,1
52123178,1
52064981,1
52140923,1
52142630,1
52109726,1
52095765,1
52126141,1
51781788,1
52015319,1
52087256,1
52115161,1
52081813,1
52120701,1
52091334,1
52068238,1
52066335,1
52109887,1
52115447,1
52076596,1
52097107,1
52141734,1
52090708,1
52115527,1
52135956,1
52146007,1
52123705,1
52136084,1
52047271,1
52143174,1
52146073,1
52112907,1
52080820,1
51977759,1
52146045,1
51961633,1
52147483,1
52068579,1
52013186,1
52147480,1
52084274,1
52142043,1
52124129,1
52150478,1
52150479,1
52110211,1
52030010,1
52147964,1
52125752,1
52142427,1
51869671,1
52120228,1
52052371,1
52113317,1
52118976,1
52145510,1
52148239,1
52118939,1
52109727,1
52138329,1
52110592,1
52080095,1
52152281,1
52133207,1
52151455,1
52145974,1
52104411,1
52143173,1
52078385,1
52100069,1
51709822,1
52117111,1
52150065,1
52075416,1
52110148,1
52144702,1
52144652,1
52124049,1
52135179,1
52147731,1
52107503,1
52153182,1
52103289,1
52137943,1
52139659,1
52102039,1
52063072,1
52078574,1
52019250,1
52153756,1
52091077,1
52020162,1
52046806,1
52152093,1
52141000,1
52105104,1
52118882,1
52135526,1
52120501,1
52105103,1
52116221,1
51925450,1
52131970,1
52095993,1
52115526,1
52102774,1
52121035,1
52148793,1
52109949,1
52151482,1
52151483,1
52074775,1
52152649,1
52141740,1
52028001,1
52060275,1
52015763,1
51941341,1
52152946,1
52130916,1
52118586,1
52103034,1
52139285,1
52119914,1
52140790,1
52103288,1
52144900,1
52046693,1
52028369,1
52139540,1
52103732,1
52153508,1
52125837,1
52126040,1
52140909,1
52046654,1
52136969,1
52016157,1
52148238,1
52149422,1
51922287,1
52022150,1
52131941,1
52116486,1
52143205,1
52074865,1
52126528,1
52048993,1
52046202,1
52152650,1
52125064,1
52130684,1
52148919,1
52148954,1
52136471,1
52114522,1
52153183,1
52154576,1
52020416,1
52156171,1
52139417,1
52081824,1
52154724,1
52149156,1
52045813,1
52150904,1
52112465,1
52148244,1
52110625,1
52149391,1
52156800,1
52152179,1
52108093,1
52134737,1
52118148,1
51886711,1
52104438,1
51842622,1
52121940,1
52127607,1
51716532,1
52022517,1
52157076,1
52155853,1
51928265,1
52118464,1
52146208,1
51867239,1
52122425,1
51995561,1
52144720,1
52147400,1
52120168,1
52151859,1
51842078,1
52145005,1
52147739,1
52156287,1
52150658,1
52039751,1
52146551,1
52042812,1
51712319,1
51887662,1
52143627,1
52154820,1
52150848,1
51827822,1
52152058,1
52149364,1
52128680,1
52077186,1
52079210,1
52149390,1
52105077,1
52149423,1
51811426,1
52126387,1
52152280,1
52098784,1
52003452,1
52099900,1
52102490,1
52148694,1
52115486,1
52123681,1
52079571,1
52127835,1
52154453,1
52155694,1
52134994,1
52093514,1
52055871,1
52118485,1
52128034,1
52140789,1
52154577,1
52100541,1
52153626,1
52159050,1
52154732,1
52129831,1
52082771,1
52153681,1
52104758,1
52085549,1
52149327,1
52085592,1
52152083,1
52104101,1
52084633,1
52148403,1
52137327,1
52091333,1
52155031,1
52157889,1
52076639,1
52099899,1
52157010,1
52018752,1
52137614,1
52110094,1
52118416,1
52148794,1
52042715,1
52158639,1
52146209,1
52119784,1
52125454,1
52157325,1
52111259,1
52137958,1
51858366,1
52158906,1
52061852,1
52159049,1
52158924,1
51858347,1
52030027,1
52117486,1
51995498,1
52076103,1
52100742,1
52159035,1
52046655,1
52065160,1
52077185,1
52103914,1
52051314,1
52080007,1
52138327,1
52018940,1
52023688,1
52138369,1
51957217,1
52022099,1
52099647,1
52159638,1
52027835,1
52087772,1
52157011,1
52155319,1
52124775,1
52104412,1
52071260,1
52124831,1
52151456,1
52141674,1
52154262,1
52155690,1
51923180,1
52039085,1
52065656,1
52147401,1
52159997,1
52068644,1
51993713,1
52135123,1
52158640,1
52011380,1
52151771,1
52111822,1
52151810,1
52144701,1
52153505,1
52114349,1
52100743,1
52005234,1
52048393,1
52142594,1
52048507,1
52129087,1
52131942,1
52122099,1
52104278,1
52076615,1
52111023,1
52076597,1
52143210,1
52097036,1
52105442,1
52090537,1
52157075,1
52134975,1
52159913,1
52148920,1
52137852,1
52155671,1
52143206,1
52128399,1
52112782,1
52132229,1
52118486,1
52155948,1
52153193,1
52132409,1
52161459,1
52039768,1
52161891,1
52087107,1
52091009,1
52157563,1
52066215,1
52157522,1
52146555,1
52146554,1
52145299,1
52128533,1
52148245,1
52031914,1
51988805,1
52101520,1
52162426,1
52145816,1
52124745,1
52144214,1
52074008,1
52132154,1
52113573,1
52163699,1
52122098,1
52116869,1
52141741,1
52147353,1
51992039,1
52157235,1
52054969,1
52104845,1
51971450,1
52147730,1
52158729,1
52104764,1
52147738,1
52132422,1
51863817,1
52161581,1
52149198,1
52131361,1
52147835,1
52139732,1
52159226,1
52161935,1
52060615,1
52051046,1
51999808,1
52162123,1
52030274,1
52137326,1
52105192,1
52076439,1
52044201,1
52134691,1
51976877,1
52132866,1
52157793,1
52101482,1
52085800,1
52118147,1
52065619,1
52162449,1
52163468,1
52084982,1
52102592,1
52047350,1
52115485,1
52117090,1
52114018,1
52129346,1
52163698,1
52163959,1
52058570,1
52165548,1
52089095,1
51972996,1
52147352,1
52155795,1
52097628,1
52077149,1
52162898,1
52157319,1
52132502,1
52093710,1
52051200,1
52100944,1
52156339,1
52142471,1
52118881,1
52079083,1
52162054,1
52103719,1
52077475,1
52143906,1
52041307,1
52127300,1
52145773,1
52151078,1
52048680,1
52041460,1
51925340,1
52160572,1
52148607,1
52094108,1
52077787,1
52151384,1
51823993,1
52129324,1
52165479,1
52148795,1
52103303,1
52165481,1
52163830,1
52050345,1
52130753,1
52144765,1
52153192,1
52063097,1
52154574,1
52095133,1
52009166,1
52162899,1
52098022,1
52165739,1
52052336,1
52164617,1
52165916,1
52146496,1
52099409,1
52159225,1
52126039,1
52146575,1
52068921,1
52153838,1
52109469,1
52063609,1
52166277,1
52062836,1
52163457,1
52137636,1
52157890,1
52129334,1
52163640,1
52111412,1
51997588,1
52139103,1
52157234,1
52111473,1
52163888,1
52148955,1
52165547,1
51922079,1
52118484,1
52165700,1
52045154,1
52117487,1
52165742,1
52109160,1
52159094,1
52158730,1
52104846,1
52118925,1
52168702,1
52153757,1
52162124,1
52159177,1
52091238,1
52143905,1
52148335,1
52166106,1
52155006,1
52048392,1
52047091,1
52066809,1
51932743,1
52145817,1
52166278,1
52137490,1
52132867,1
52127501,1
52050043,1
52069415,1
52144303,1
52157073,1
52079652,1
52154286,1
52163887,1
52162766,1
52053192,1
52162933,1
52166966,1
52166839,1
52086601,1
52154451,1
52161580,1
51966493,1
52124288,1
52160264,1
52150659,1
51937820,1
52145126,1
52156259,1
52170216,1
52132632,1
52160470,1
52142452,1
52054260,1
52148334,1
52138370,1
52152059,1
52112021,1
52110653,1
52152180,1
52106808,1
52167917,1
52170788,1
52116399,1
52130098,1
52086206,1
51997589,1
52113683,1
52057255,1
52010171,1
52159872,1
52169360,1
52141735,1
51959565,1
52057650,1
52133986,1
52070450,1
52165669,1
52165701,1
52165738,1
52122363,1
52006343,1
52148258,1
52165927,1
52121501,1
52153627,1
52167745,1
52134661,1
52034730,1
52142595,1
52162396,1
52151270,1
52167918,1
52080064,1
52163384,1
52162448,1
52162558,1
52163833,1
52108062,1
52108418,1
52155670,1
52067477,1
52162932,1
52008972,1
52089922,1
51965036,1
52171339,1
52171276,1
52157523,1
52057551,1
52114969,1
52151079,1
52046692,1
52087108,1
52131631,1
52068907,1
52106548,1
52154935,1
52157676,1
52071808,1
52047934,1
52087518,1
52146668,1
52127301,1
52155030,1
52170734,1
52127606,1
52076866,1
52170979,1
52140420,1
52169199,1
52093464,1
52065624,1
52130511,1
52099067,1
52104757,1
52093555,1
52171107,1
52128400,1
52104651,1
52110149,1
52157324,1
52161458,1
52008973,1
52092799,1
52145279,1
52161914,1
52168750,1
52135614,1
52012362,1
52121604,1
52030125,1
52155003,1
52170732,1
52170733,1
52130346,1
52162425,1
52168024,1
52105391,1
52112688,1
52163637,1
52173663,1
52076838,1
51993693,1
52125205,1
52144351,1
52162787,1
52163834,1
52116884,1
52136282,1
52165522,1
52151530,1
52151529,1
52144651,1
52160103,1
52154454,1
52161744,1
52140767,1
52174071,1
52139454,1
52167548,1
52105004,1
52154890,1
52164848,1
52168757,1
52113316,1
52139733,1
52118975,1
52173455,1
52138353,1
52170735,1
52160573,1
52174550,1
51982441,1
52127650,1
52151385,1
52171767,1
52163636,1
52169001,1
52176428,1
52102491,1
52176429,1
52173743,1
52079811,1
52130730,1
52137746,1
52115727,1
52030026,1
52165741,1
52175338,1
52172801,1
52168433,1
52171340,1
52128376,1
52173049,1
52154733,1
51995560,1
52084612,1
52063423,1
52173454,1
52132797,1
52154936,1
52118924,1
52085787,1
52094097,1
52071988,1
51914199,1
52162559,1
52109900,1
52173662,1
52133227,1
51721899,1
52123682,1
52111027,1
52111036,1
52130468,1
52157021,1
52166600,1
52112854,1
52171106,1
52147640,1
52147438,1
52175355,1
52161418,1
52124142,1
51998426,1
52118771,1
52170059,1
52112022,1
52089780,1
52149197,1
52128730,1
52174104,1
52159093,1
52120227,1
51914789,1
52177040,1
52177049,1
52171536,1
51937819,1
52171654,1
52156868,1
52132865,1
52168025,1
52130334,1
52144244,1
52177363,1
52000503,1
52134933,1
52118465,1
51931569,1
52124050,1
52170980,1
52053193,1
52065799,1
52176713,1
52061568,1
52164212,1
52179502,1
52161470,1
52176712,1
52107751,1
52174134,1
52159132,1
52173001,1
52175919,1
52175842,1
52167460,1
51971885,1
52170515,1
52174373,1
51880157,1
52174447,1
51964382,1
52102464,1
52109901,1
52144213,1
52138477,1
52169200,1
52176364,1
52179274,1
52165521,1
52176557,1
51737166,1
52094709,1
52171001,1
52165480,1
51952463,1
52051992,1
52059360,1
52153053,1
52166998,1
52158939,1
51894393,1
52111975,1
52172802,1
52153253,1
52162994,1
52174232,1
52179684,1
52099390,1
52165883,1
52176963,1
52152082,1
52165928,1
52104935,1
52171588,1
51926761,1
52179972,1
51949795,1
52020761,1
52179036,1
51988611,1
52038006,1
52110894,1
52071145,1
52169173,1
52148693,1
52121015,1
52155294,1
52173745,1
52137725,1
52155695,1
52176589,1
52171060,1
52172653,1
52147639,1
52111901,1
52179501,1
52067356,1
52045215,1
52179652,1
52152036,1
52138204,1
52160556,1
52162135,1
52179908,1
52160447,1
52128813,1
52167746,1
52145509,1
52112573,1
52171653,1
52112420,1
52010875,1
52066639,1
52163385,1
51914101,1
52179185,1
52133226,1
52100070,1
52149691,1
52133206,1
52176388,1
52179184,1
52112709,1
52163870,1
51931832,1
52177732,1
52177733,1
52135861,1
51977999,1
52037851,1
52182161,1
52132262,1
52100507,1
52081001,1
52161417,1
52107429,1
52118770,1
52116080,1
52178390,1
52179653,1
52156466,1
52134106,1
52170217,1
52165917,1
52165986,1
52146528,1
52177041,1
52154982,1
52110654,1
52168756,1
52015556,1
51979335,1
52177305,1
52026918,1
52154298,1
52154263,1
51989347,1
52169414,1
52100097,1
52141495,1
52029767,1
52145950,1
52174998,1
52162605,1
52147479,1
52174914,1
52137892,1
52184968,1
52128377,1
52185082,1
52182296,1
52183671,1
52121502,1
52070396,1
52170040,1
52153252,1
52093675,1
52069018,1
52175918,1
52114968,1
52181577,1
52082992,1
52129158,1
52099639,1
52181799,1
52148608,1
52127824,1
52182955,1
52182964,1
52182956,1
52154323,1
52069414,1
52137473,1
52144336,1
52141460,1
52146046,1
52075280,1
52127972,1
52161170,1
52180636,1
52148939,1
52175096,1
52079814,1
52183670,1
52155852,1
52114850,1
52180991,1
52153509,1
52132500,1
52100508,1
52084155,1
52097881,1
52084100,1
52103909,1
52138328,1
52139876,1
52087139,1
52045778,1
52179909,1
52139957,1
52173378,1
51870068,1
52181797,1
52135860,1
52173576,1
52159665,1
52127500,1
52057363,1
52182963,1
52113684,1
52158075,1
52173595,1
52157072,1
52028002,1
52184687,1
52130512,1
52179233,1
52036437,1
52158076,1
52180452,1
52115693,1
52169553,1
52169500,1
52166957,1
52153504,1
52187938,1
52057645,1
52184292,1
52137464,1
52184293,1
52170514,1
52116222,1
52049643,1
52107919,1
52177210,1
52184566,1
52145772,1
52090536,1
52163412,1
52115728,1
52143208,1
51847892,1
52154283,1
52181950,1
52079653,1
52148824,1
52185892,1
52182077,1
52187583,1
52176556,1
52079810,1
52129558,1
52075400,1
52187790,1
52158694,1
52158693,1
52181002,1
52182368,1
52178325,1
52158940,1
52182464,1
52174135,1
52161892,1
52181237,1
52095529,1
52148196,1
52188104,1
52165945,1
52185424,1
52147965,1
52109540,1
52141098,1
52146602,1
52146669,1
51990398,1
52112572,1
51855349,1
52112605,1
52188428,1
52187389,1
52132071,1
52184767,1
52074243,1
52188646,1
52184812,1
52069984,1
52185898,1
52186099,1
52175097,1
52140509,1
52176599,1
52090675,1
52111620,1
52165668,1
52186520,1
52166958,1
52045164,1
52168273,1
52057833,1
52140768,1
52181236,1
52120676,1
52163016,1
52010483,1
52152037,1
52142381,1
52153791,1
52184324,1
52185417,1
52071748,1
52073773,1
52162280,1
51995876,1
52076616,1
52148552,1
52181798,1
52152781,1
52160627,1
52099818,1
52159873,1
52062711,1
52129335,1
52176588,1
52054679,1
52030537,1
52171192,1
52130683,1
52189001,1
52182084,1
52184969,1
52071382,1
52171225,1
52187789,1
52128382,1
52175339,1
52151809,1
52187974,1
52171498,1
52192383,1
52150871,1
52173403,1
52186936,1
52106501,1
52063197,1
52106577,1
52192594,1
52192595,1
52177211,1
52153790,1
52162305,1
52105076,1
52173377,1
52190040,1
52048582,1
52116159,1
52188196,1
52160557,1
52079058,1
52152186,1
52154042,1
52027484,1
52169002,1
52191217,1
52108092,1
52191587,1
51982454,1
52014085,1
52122569,1
52135104,1
52189000,1
52188944,1
52147592,1
52188805,1
52148825,1
52092044,1
52168355,1
52160057,1
52070451,1
52191925,1
52107472,1
52169930,1
52037298,1
52142321,1
52147591,1
52038249,1
51977276,1
52135199,1
52174163,1
52114917,1
52159342,1
52190742,1
52122973,1
52131321,1
52159036,1
52187939,1
52192284,1
52104983,1
52162144,1
52171544,1
52193570,1
52174243,1
52174231,1
52148402,1
52138352,1
52132822,1
51988905,1
52169174,1
52144352,1
52061457,1
52076865,1
52174999,1
52180635,1
52180992,1
52187784,1
52172686,1
52125352,1
52178324,1
52176967,1
52150870,1
52160257,1
52109541,1
52190743,1
52179673,1
52192394,1
52163017,1
52195318,1
52168803,1
52186935,1
52168751,1
52171415,1
52185372,1
52190112,1
52167891,1
52162281,1
51985174,1
52145858,1
52159715,1
52190186,1
52176517,1
52057292,1
52060155,1
52157008,1
52144335,1
52171002,1
52121113,1
52180451,1
52065607,1
51822842,1
52190462,1
52114851,1
52099283,1
52104652,1
52148938,1
52194888,1
52136605,1
52192006,1
52074505,1
52187975,1
52192393,1
52175843,1
52182500,1
52196357,1
52179672,1
52057791,1
51948732,1
52152139,1
52167851,1
52191011,1
52154041,1
52190113,1
52007147,1
51776260,1
52144032,1
52191216,1
52187492,1
52166312,1
52062712,1
52195845,1
52125026,1
52179116,1
52196997,1
52187551,1
52155318,1
52163960,1
52190369,1
52173746,1
52159996,1
52050042,1
52099108,1
52134974,1
52194410,1
52168426,1
52182160,1
52194526,1
52194772,1
52095128,1
52061567,1
52151728,1
52186441,1
52138046,1
52167319,1
52178171,1
52111904,1
52194889,1
52099410,1
52138084,1
52165946,1
52195141,1
52195137,1
52196288,1
52093976,1
52165882,1
52188105,1
52178818,1
52173286,1
52193739,1
52087525,1
52106809,1
52126129,1
52065132,1
52190114,1
52177181,1
51768660,1
52198512,1
52160626,1
51768416,1
52122351,1
52138670,1
52171035,1
52183340,1
52185986,1
52194411,1
52147308,1
52197272,1
52169413,1
52198796,1
52164211,1
52150314,1
52194676,1
52191926,1
52198891,1
52087385,1
52186696,1
52154991,1
52195224,1
52196356,1
52182499,1
52089940,1
52195081,1
52173002,1
52193588,1
52171416,1
52156372,1
52174203,1
52196421,1
52136787,1
52040325,1
52126386,1
52132863,1
52119364,1
52159679,1
52196765,1
52155267,1
52166130,1
52119350,1
52198573,1
52198676,1
52186100,1
52140358,1
52159912,1
52197273,1
52194599,1
52182071,1
52100440,1
52002164,1
52102951,1
52185006,1
52068482,1
52038355,1
52190658,1
52174070,1
52192283,1
52174105,1
52200683,1
52065064,1
51820179,1
52135613,1
52160469,1
52033347,1
52166364,1
52173594,1
52144146,1
52193032,1
52170789,1
52192911,1
52193033,1
52166599,1
52145857,1
52130754,1
52165405,1
52177362,1
52182070,1
52179275,1
52191434,1
52144577,1
52198677,1
52191588,1
52112908,1
52200005,1
52162738,1
52200210,1
52077948,1
52172558,1
52200211,1
52164354,1
52129559,1
52194828,1
52154634,1
52192208,1
52168446,1
52085729,1
52167157,1
52193587,1
52124210,1
52154821,1
52049460,1
52085796,1
52105071,1
52157727,1
52143002,1
52188317,1
52171824,1
52194384,1
52190348,1
52190267,1
52199910,1
52177785,1
52123850,1
52155974,1
52171191,1
52201618,1
52168356,1
52193335,1
52067628,1
52158907,1
52145063,1
52087140,1
52203352,1
52199050,1
52200672,1
52038356,1
52186592,1
52081634,1
52200673,1
52195080,1
52182380,1
52146529,1
51770822,1
52080158,1
52202042,1
52085723,1
52159457,1
52041256,1
52189949,1
52099648,1
52167987,1
52159639,1
52182764,1
52188507,1
52110893,1
52176389,1
52063632,1
52082338,1
52202441,1
52157984,1
52105938,1
52161171,1
52179319,1
52198726,1
52185985,1
52201479,1
52176518,1
52127973,1
52198725,1
52134995,1
52183719,1
52194598,1
52137893,1
52154633,1
52178170,1
52174021,1
52168659,1
52203353,1
52088314,1
52196350,1
52190839,1
52196420,1
52131695,1
52123177,1
52120388,1
52145484,1
52109417,1
52093975,1
52123704,1
52199551,1
52202316,1
52201274,1
52185891,1
52163641,1
52185819,1
52194269,1
52202543,1
52193214,1
52197063,1
52176602,1
52114350,1
52166965,1
52190561,1
52156172,1
52192136,1
52169848,1
52195229,1
52185184,1
52188015,1
52195136,1
52060614,1
52161913,1
52084380,1
52113422,1
52206464,1
52149328,1
52206584,1
51855943,1
52204897,1
52145300,1
52202308,1
52192912,1
52159714,1
52171768,1
52202317,1
52112853,1
52176311,1
52183369,1
52205435,1
52198640,1
52204209,1
52198697,1
52141494,1
52205445,1
52141770,1
52158613,1
52147208,1
52143224,1
52202802,1
52075349,1
52204529,1
52186591,1
52107687,1
52142147,1
52156032,1
52161848,1
52197949,1
52196289,1
52200835,1
52197933,1
52182551,1
52200823,1
52206486,1
51948830,1
52201045,1
52190840,1
52173457,1
52188197,1
52143634,1
52127237,1
52142428,1
52199298,1
52163281,1
52157794,1
52036244,1
52190266,1
52202486,1
52190323,1
52166363,1
51985407,1
52204254,1
52194385,1
52174915,1
52144578,1
52126955,1
52094671,1
52203127,1
52047950,1
52151860,1
52192135,1
52132421,1
52200353,1
52186559,1
52099349,1
52164593,1
52196351,1
52198383,1
52206585,1
52185425,1
52201013,1
52152092,1
52101521,1
52170892,1
52171823,1
52193025,1
52179115,1
52202487,1
52185734,1
52202542,1
52154285,1
52208233,1
52140421,1
52208319,1
52205624,1
51945145,1
52021375,1
52075777,1
52144719,1
52209998,1
52147836,1
52057552,1
52208746,1
52143626,1
52203375,1
52200607,1
52167459,1
52161847,1
52159143,1
52174372,1
52098595,1
52148197,1
52206461,1
52206598,1
52032772,1
52137472,1
52152381,1
52191200,1
52207834,1
52174551,1
52099817,1
52191201,1
52146966,1
52209766,1
52202440,1
52201516,1
52155691,1
52179253,1
52193231,1
52204210,1
52191578,1
52169560,1
52150315,1
52202902,1
52205625,1
52207094,1
52210000,1
52162788,1
51991062,1
51848735,1
52187834,1
52175385,1
52198957,1
52010479,1
52062640,1
52211893,1
52193601,1
52207407,1
52159572,1
52171535,1
52162143,1
52182552,1
52207558,1
52204884,1
52145619,1
52206599,1
52195672,1
52189948,1
52045814,1
52148555,1
51988904,1
52201268,1
52202508,1
52210743,1
51783757,1
52165371,1
52122347,1
52188497,1
52208141,1
52186170,1
52061375,1
52205334,1
52188506,1
52201478,1
52200160,1
52130652,1
52204337,1
52137745,1
52136434,1
52101952,1
52078298,1
52143131,1
52205974,1
52210077,1
52201752,1
52172409,1
52119833,1
52200762,1
52198956,1
52208766,1
52205990,1
52120387,1
52175462,1
52112995,1
52211774,1
52212945,1
52208984,1
52150628,1
52197948,1
52210303,1
52199166,1
52182652,1
52209451,1
52137465,1
51775186,1
52095949,1
52207794,1
52212286,1
52144031,1
52177304,1
52140357,1
52085976,1
52144243,1
52163869,1
52202439,1
52076707,1
52205510,1
52201527,1
52212585,1
52208232,1
52213826,1
52153052,1
52197448,1
52211548,1
52201691,1
52194829,1
52187783,1
52056085,1
52170091,1
52030794,1
52153385,1
52106547,1
52206095,1
52200763,1
52207390,1
52212944,1
52118835,1
52127118,1
52195140,1
52168802,1
52213088,1
52204035,1
52201275,1
52149692,1
52166129,1
52171837,1
52159795,1
52187550,1
52198698,1
52202638,1
52184811,1
52137635,1
51974246,1
52183341,1
52193215,1
52187680,1
52155949,1
52205975,1
52094591,1
52081468,1
52180817,1
52212810,1
52190657,1
52198942,1
52208747,1
52163003,1
51972764,1
52157320,1
52207328,1
52167158,1
51915274,1
52199051,1
52084024,1
52167712,1
52135532,1
52212108,1
52096775,1
52107918,1
52193727,1
52152237,1
52174445,1
52209452,1
52199376,1
52204036,1
52215110,1
52216071,1
52206886,1
52195745,1
52205333,1
52143195,1
52209765,1
52106059,1
52151772,1
52203018,1
52201617,1
52132228,1
52194771,1
52168425,1
52212787,1
52215640,1
52135452,1
52207329,1
52143546,1
52215816,1
52201996,1
52185296,1
52152052,1
52201012,1
52190111,1
52217832,1
52187484,1
52207795,1
52198513,1
52141461,1
52030793,1
52146819,1
52207860,1
52147209,1
52216147,1
52185733,1
52104277,1
52187483,1
52102950,1
52212521,1
52182076,1
52216595,1
51969902,1
52067323,1
51968751,1
52136433,1
52183368,1
52171160,1
52194785,1
52186519,1
52074142,1
52182295,1
52122340,1
52208791,1
52186442,1
52138085,1
52215556,1
52214388,1
52195058,1
52215692,1
51974485,1
52170058,1
52034654,1
52176964,1
52134194,1
52154832,1
52027472,1
52206339,1
52162397,1
52174206,1
52218576,1
52085728,1
52209241,1
52212114,1
52206465,1
52210371,1
52199334,1
51976601,1
52206460,1
52198384,1
52156799,1
52162304,1
52188326,1
52195846,1
52193039,1
52166331,1
52212391,1
52210572,1
52216288,1
52184688,1
52141771,1
52213856,1
52193230,1
52213742,1
52137840,1
51984229,1
52154324,1
52199834,1
52213857,1
52204539,1
52102160,1
52219819,1
52170090,1
52171208,1
52198976,1
52168701,1
52208848,1
52154625,1
52134193,1
52208989,1
52145722,1
52125956,1
52217556,1
52217557,1
52177048,1
52211799,1
52204913,1
52182588,1
52184716,1
52220667,1
52207861,1
52213503,1
52215207,1
52215194,1
52207835,1
52130465,1
52216146,1
52202509,1
52188647,1
52213631,1
52219063,1
52179254,1
52184768,1
52213610,1
52075399,1
52126708,1
52212584,1
52113885,1
52219309,1
52069780,1
52082727,1
52137724,1
52193336,1
52218169,1
52194483,1
52216728,1
52202916,1
52171161,1
52212749,1
52211301,1
52212748,1
52201590,1
52216727,1
52176601,1
52080707,1
52215630,1
52067553,1
52215631,1
52198890,1
52198975,1
52214360,1
52164594,1
52125955,1
52218525,1
52121605,1
52200682,1
52212050,1
52159178,1
52099404,1
52199232,1
52145280,1
52220431,1
52217831,1
51803927,1
52177212,1
52212287,1
51977004,1
52220746,1
52133377,1
52220745,1
52206898,1
52177718,1
52208149,1
52196998,1
52128158,1
52222544,1
52052079,1
52210076,1
52214482,1
52189777,1
52175944,1
52139956,1
52221427,1
52214819,1
52087526,1
52220613,1
52146818,1
52176436,1
52171740,1
52221718,1
52057268,1
52188496,1
52133311,1
52206887,1
52223580,1
52217995,1
52208140,1
52194473,1
52218079,1
51977152,1
52218168,1
52136242,1
52216968,1
52145062,1
52219747,1
52219876,1
52222495,1
52192096,1
52215587,1
52183718,1
52199060,1
52077437,1
52207436,1
52215723,1
52178824,1
52196466,1
52190981,1
52190982,1
52209202,1
52193765,1
52126385,1
52120700,1
51966786,1
52218801,1
52215992,1
52188463,1
52157983,1
52221717,1
52198574,1
51866481,1
52180632,1
52219106,1
52210744,1
52204253,1
52198600,1
52209772,1
52071381,1
52168432,1
52201550,1
52222494,1
52174162,1
52222545,1
52161745,1
52111827,1
52136788,1
52185007,1
52225434,1
52203220,1
52084154,1
52138050,1
52192384,1
52171497,1
52179660,1
52161471,1
52203216,1
52208990,1
52215639,1
52214359,1
52224065,1
52224069,1
52199233,1
52163002,1
52209031,1
52225631,1
52099299,1
52167711,1
52202041,1
52199297,1
52221428,1
52220358,1
52153914,1
52196592,1
52184567,1
52165186,1
52027745,1
52159664,1
52210571,1
52218800,1
52193024,1
52221782,1
52208066,1
52057364,1
52025067,1
52093348,1
52223501,1
52157022,1
52184886,1
52115597,1
52219308,1
52222231,1
52225121,1
52213969,1
52145967,1
52203217,1
52216969,1
52175354,1
52214273,1
52196201,1
52218396,1
52210081,1
52219875,1
52214274,1
52204461,1
52028445,1
52160245,1
52018966,1
52196200,1
52222770,1
52220126,1
52220125,1
52148259,1
52173050,1
52215896,1
51994072,1
52065161,1
52204896,1
52054261,1
52165185,1
52166128,1
51796015,1
52155266,1
51932610,1
52221781,1
52159678,1
52202438,1
52176363,1
52224543,1
52068469,1
52216402,1
52218080,1
52222211,1
52216340,1
52219304,1
52212596,1
52191577,1
52222210,1
52222351,1
52144899,1
52223825,1
52097647,1
52228104,1
52217063,1
52190643,1
52226707,1
52169849,1
52143405,1
52225446,1
52199014,1
52222771,1
52220220,1
52221413,1
52064980,1
52217806,1
52152238,1
52094052,1
52052335,1
52146765,1
52156867,1
52220666,1
52193927,1
52170843,1
52226224,1
52166131,1
52196766,1
52201251,1
52199835,1
52157007,1
52222009,1
51982519,1
52229261,1
52027925,1
52215309,1
52222230,1
52201549,1
52200352,1
52171293,1
52196123,1
52208804,1
52228041,1
52211549,1
52203221,1
52143560,1
52154725,1
52218397,1
52228530,1
52159467,1
52157562,1
52171457,1
52228531,1
52228597,1
52084381,1
52220177,1
52228785,1
52178983,1
52226163,1
52229884,1
52227110,1
52152384,1
52224335,1
52229119,1
52226316,1
52218925,1
52216401,1
52193156,1
52166510,1
52109241,1
52226507,1
52015954,1
52172529,1
52213970,1
52172685,1
52225375,1
52154573,1
52043476,1
52156164,1
52214481,1
52210168,1
52221238,1
52129875,1
52231315,1
52142322,1
52214712,1
52171458,1
52200866,1
52221431,1
52220509,1
52220381,1
52162199,1
52204916,1
52230021,1
52198636,1
52199552,1
52229038,1
52229049,1
52221941,1
52213504,1
52227313,1
52202174,1
52219172,1
52205444,1
52179320,1
52213634,1
52171920,1
51941215,1
52223579,1
52104467,1
52087773,1
52011601,1
52070003,1
52201591,1
52111976,1
52115692,1
52232211,1
52200257,1
52226706,1
52102109,1
52232374,1
52185334,1
52231394,1
52057649,1
52190041,1
52054455,1
52223454,1
52226188,1
52227308,1
52229996,1
52166127,1
52179236,1
52190368,1
52198601,1
52221942,1
52179231,1
52114545,1
52216648,1
52216596,1
52064356,1
51944484,1
52202901,1
52170041,1
52228079,1
52218285,1
52197449,1
52185128,1
52219862,1
52226702,1
52228151,1
52157472,1
52221296,1
52118786,1
52212113,1
52135425,1
52232534,1
52213202,1
52226971,1
52185371,1
52093990,1
52228784,1
52209501,1
52199375,1
51988612,1
52154992,1
52148554,1
52221583,1
52215109,1
52198641,1
52206897,1
52202639,1
52234776,1
52190318,1
52135198,1
52229356,1
52232082,1
52197508,1
52233580,1
52216931,1
52217026,1
52219748,1
52136243,1
52142148,1
52182494,1
51996522,1
52221180,1
52226786,1
52142453,1
52225630,1
52189355,1
52104624,1
52156373,1
52152084,1
52206235,1
52228421,1
52210302,1
52159144,1
52196309,1
52220187,1
52156163,1
52231395,1
52228495,1
52153384,1
52178819,1
52041362,1
52223128,1
52221412,1
52166132,1
51949365,1
52202175,1
52144304,1
52124744,1
52221842,1
52227109,1
52163469,1
52220829,1
52168080,1
52215195,1
52190322,1
52163456,1
52187584,1
52194482,1
52235927,1
52215310,1
52180631,1
52201526,1
52182236,1
52227920,1
52207147,1
52215555,1
52178391,1
52192014,1
52236336,1
52229503,1
52232231,1
52215625,1
52225574,1
52232375,1
52229657,1
52212809,1
52074408,1
52107750,1
52195319,1
52120500,1
52213170,1
52213171,1
52196598,1
52148553,1
52163674,1
52188429,1
52163675,1
52234543,1
52057223,1
52188462,1
52230166,1
52235764,1
52165228,1
52208270,1
52194472,1
52172410,1
52190475,1
52234860,1
52229380,1
52208767,1
52229318,1
52236335,1
52207048,1
52234902,1
52182235,1
52228150,1
52217064,1
52203029,1
52232289,1
52179659,1
52184906,1
52189354,1
52226798,1
52236765,1
52125838,1
52228469,1
52184241,1
52235309,1
52181576,1
52187091,1
52193701,1
52174444,1
52232648,1
52193700,1
52188214,1
52107083,1
52134690,1
52177784,1
52230052,1
52196740,1
52030538,1
52152612,1
52185905,1
52200004,1
52119264,1
52213743,1
52051829,1
52080821,1
52122837,1
52139455,1
52238950,1
52229319,1
52198898,1
52153680,1
52160356,1
52239273,1
52237922,1
52214628,1
52226851,1
52236863,1
52205999,1
52182379,1
52232440,1
52223055,1
52225966,1
52235302,1
52188150,1
52192207,1
52234257,1
52210370,1
52220614,1
52152185,1
52190148,1
52240055,1
52226225,1
52215212,1
52224596,1
52232940,1
52232824,1
52229193,1
52238475,1
52193040,1
52238580,1
52235763,1
52237364,1
52215221,1
52201311,1
52216455,1
52208148,1
51949375,1
52160263,1
52197509,1
52170001,1
52204466,1
52222482,1
52237687,1
52237688,1
52111409,1
52239187,1
52203017,1
52225374,1
52073137,1
52196465,1
52215807,1
52183773,1
52169931,1
52153842,1
52221266,1
52220044,1
52225845,1
52226815,1
52181477,1
52136968,1
52238078,1
52240915,1
52179971,1
52217813,1
52184568,1
52104204,1
52132823,1
52074888,1
52167992,1
52047143,1
52201269,1
52162604,1
52134815,1
52184791,1
52240104,1
52229997,1
52224780,1
52241231,1
52115657,1
52149684,1
52121036,1
52224781,1
52223576,1
51994770,1
52235928,1
52226344,1
52201515,1
52190317,1
52198797,1
52170000,1
52239082,1
52180872,1
51865172,1
52222390,1
52203374,1
52162913,1
52164353,1
52198899,1
52182465,1
52204465,1
52240591,1
52192111,1
52174081,1
52232288,1
52218286,1
52226814,1
52239487,1
52105059,1
52232378,1
52175945,1
52206094,1
52214696,1
52190936,1
52195228,1
52209201,1
52234542,1
52221823,1
52181949,1
52166997,1
52179983,1
52188804,1
52184885,1
52224883,1
52166509,1
52237422,1
52219464,1
52226508,1
52004807,1
52222350,1
52198941,1
52137853,1
52236194,1
52201751,1
52026214,1
52226670,1
52230558,1
52110197,1
52135132,1
52130464,1
52175384,1
52166840,1
51996696,1
52198850,1
52216933,1
52141001,1
52184240,1
52193569,1
52236925,1
52240829,1
52215691,1
52232535,1
52240867,1
52243683,1
52203982,1
52238116,1
52207557,1
52227050,1
52240939,1
52204705,1
52112571,1
52145483,1
52199341,1
52204912,1
52012890,1
52170744,1
52240056,1
52188327,1
52237292,1
52237291,1
52223575,1
52119351,1
52238438,1
52242906,1
52244036,1
52232996,1
52233060,1
52222114,1
52196911,1
52163653,1
52080632,1
52116398,1
52094592,1
52222391,1
52194642,1
52234941,1
52219647,1
52232083,1
52241827,1
52132408,1
52235009,1
52132335,1
52160056,1
52240485,1
52182369,1
52142379,1
52220186,1
52193752,1
52211907,1
52224183,1
52196308,1
52046197,1
52190242,1
52206836,1
52171838,1
52237365,1
52135103,1
52221951,1
52242960,1
52242972,1
52237421,1
52199911,1
52226439,1
52188716,1
52229173,1
52132089,1
52234706,1
52190347,1
52219305,1
52203030,1
52036459,1
52090863,1
52240282,1
51877715,1
52202915,1
52240406,1
52222356,1
52240407,1
52241888,1
51996578,1
52214036,1
52176816,1
52230945,1
52192013,1
52074409,1
52179416,1
52215722,1
52225435,1
52188070,1
52199059,1
52174205,1
52189776,1
52242548,1
52236864,1
52193644,1
52243684,1
52220510,1
52177213,1
52204915,1
52242905,1
52229050,1
52212390,1
52152380,1
52199685,1
52234687,1
52062799,1
52241251,1
52233136,1
52244035,1
52116657,1
52212544,1
52238759,1
51888765,1
52247142,1
52241638,1
52137839,1
52123900,1
52205511,1
52155794,1
52185973,1
52171209,1
52104439,1
52090508,1
52226787,1
52174022,1
52179595,1
52182365,1
52243449,1
52237937,1
52245094,1
52217451,1
52220413,1
52217450,1
52184301,1
52206487,1
52209437,1
52221484,1
52094002,1
52220382,1
52152085,1
52240940,1
52248280,1
52231314,1
52245595,1
52049699,1
52232808,1
52246620,1
52243825,1
52242971,1
52241139,1
52238476,1
52232939,1
52221843,1
51911513,1
52188717,1
52234688,1
52229172,1
52244181,1
52238903,1
52229357,1
52134941,1
52244472,1
52067637,1
52228080,1
52236193,1
52247463,1
52171224,1
52246113,1
52188149,1
52245033,1
52225575,1
52150905,1
52245270,1
52175990,1
52248281,1
52199335,1
52242549,1
52228948,1
52073916,1
52143001,1
52234608,1
52245703,1
52198637,1
52242928,1
52248603,1
52241402,1
52188945,1
52248629,1
52212603,1
52248723,1
52162847,1
52152947,1
52248898,1
52248899,1
52168658,1
52215566,1
52109161,1
52165969,1
52248981,1
52221232,1
52215815,1
52211908,1
52208983,1
52237972,1
52226799,1
52209344,1
52248182,1
52084613,1
52204885,1
52224182,1
52235303,1
52195746,1
52215081,1
52246648,1
52215082,1
52242959,1
52246905,1
52248558,1
52243004,1
52221952,1
52152841,1
52213897,1
52219116,1
52229260,1
52220964,1
52061432,1
52105939,1
52232050,1
52248753,1
52246038,1
52221181,1
52198170,1
52242022,1
52236278,1
52215567,1
52207427,1
52247548,1
52207408,1
52248982,1
52221295,1
52185269,1
51847321,1
52212137,1
52251001,1
52249265,1
52193820,1
52138273,1
52177182,1
52218890,1
52251209,1
52249324,1
52187491,1
52218891,1
52219173,1
52212442,1
52179237,1
52220828,1
52248604,1
52248559,1
52226315,1
52237548,1
52207146,1
52236131,1
52196122,1
52182237,1
52243244,1
52228042,1
52243295,1
52230670,1
52198989,1
52251819,1
52209997,1
52212829,1
52226991,1
52193764,1
52232493,1
52212107,1
52152148,1
52179984,1
52074774,1
52249461,1
52243842,1
52230167,1
52071987,1
52229120,1
52230053,1
52242858,1
52241230,1
52248486,1
52238579,1
52249685,1
52221995,1
52190233,1
52139152,1
52130651,1
52071261,1
52252621,1
52254231,1
52247027,1
52219601,1
52254232,1
52147309,1
52239025,1
52204462,1
52217081,1
52193155,1
52247603,1
52125353,1
52194811,1
52231008,1
52207426,1
52172557,1
52251820,1
52232439,1
52142380,1
52242353,1
52193726,1
52225836,1
52249187,1
52093011,1
52182763,1
52162577,1
52232917,1
52237347,1
52246913,1
52241388,1
52244182,1
52255366,1
52111024,1
52249986,1
52249878,1
52220968,1
52119834,1
52236446,1
52229478,1
52241826,1
52248799,1
52194990,1
52194991,1
52165711,1
52253377,1
52242023,1
52179683,1
52193627,1
52124338,1
52256266,1
52159458,1
52251028,1
52154983,1
52225965,1
52238117,1
52251000,1
52224070,1
52248183,1
52199342,1
52171739,1
52226200,1
52255121,1
52216339,1
52255029,1
52252384,1
52134932,1
52191546,1
52177530,1
52240206,1
52256917,1
52014277,1
52237492,1
52215208,1
52247052,1
52100387,1
52232049,1
52209883,1
51979819,1
52111413,1
52035580,1
52045117,1
52237881,1
52246257,1
52111752,1
52214387,1
52232210,1
52253210,1
52204654,1
52182493,1
52245093,1
52242248,1
52237999,1
52193628,1
52232494,1
52245271,1
52165970,1
52235295,1
52191012,1
52102593,1
52181869,1
52232995,1
52254009,1
52255120,1
52184715,1
52255367,1
52254091,1
52212368,1
52246896,1
52256916,1
51992130,1
52104623,1
52237464,1
52124209,1
52207093,1
52172530,1
52258556,1
52223826,1
52246097,1
52186560,1
52174060,1
52147887,1
52222754,1
52251776,1
52235008,1
52174292,1
52159131,1
52223127,1
52256436,1
52209368,1
52245508,1
52217814,1
52198304,1
51894114,1
52167991,1
52238437,1
52254043,1
52190187,1
52240171,1
52227326,1
52219107,1
52246817,1
52249676,1
52255087,1
52199772,1
52217857,1
52173742,1
52192095,1
52176598,1
52224597,1
52128035,1
52254219,1
52254234,1
52176562,1
52209771,1
52243185,1
52237560,1
52204338,1
52113886,1
52250135,1
52252959,1
52233579,1
52177719,1
52247464,1
52128679,1
52237821,1
52137957,1
52232232,1
52257215,1
52222849,1
52243349,1
52147760,1
52196408,1
52045540,1
52225447,1
52197932,1
52237938,1
52136606,1
52249039,1
52134205,1
52254735,1
52240830,1
52247984,1
52188069,1
52196739,1
52140311,1
52246621,1
52243008,1
52226345,1
52229070,1
52181852,1
52227307,1
52243009,1
52241250,1
52258018,1
52258017,1
52246795,1
52194527,1
52155295,1
52255381,1
52204372,1
52255379,1
52248724,1
52241637,1
52237561,1
52213609,1
52261282,1
52240484,1
52237742,1
52122362,1
52219820,1
52236277,1
52191805,1
52257214,1
52255909,1
52054642,1
52258504,1
51984469,1
52261440,1
52258796,1
52251775,1
52243409,1
52253434,1
52139877,1
52249264,1
52250783,1
52213203,1
52176083,1
52079209,1
52252049,1
52226164,1
52200867,1
52155004,1
52219117,1
52259597,1
52260794,1
52212543,1
52258002,1
52222264,1
52255378,1
52240281,1
52259720,1
52245979,1
52234775,1
52254233,1
52213827,1
52252774,1
52171059,1
52230669,1
52243294,1
52229194,1
52246023,1
52238904,1
52247141,1
52246007,1
52252960,1
52246039,1
52254531,1
52258795,1
52221239,1
52057646,1
52239274,1
52258682,1
52136740,1
52240670,1
52261636,1
51941472,1
52228468,1
52257309,1
52256101,1
52160185,1
52226972,1
52233935,1
52251029,1
52260393,1
52242857,1
52232807,1
52230294,1
52094761,1
52259718,1
52241440,1
52170893,1
52185697,1
52198851,1
52086786,1
52221996,1
52227919,1
52132263,1
52208067,1
52208790,1
52145968,1
52250060,1
52249877,1
52258681,1
52212786,1
52261637,1
52182444,1
52156260,1
52257292,1
52183772,1
52236633,1
52260145,1
52164677,1
52207352,1
52259211,1
52228754,1
52259210,1
52256339,1
52228494,1
52095530,1
52235310,1
52166105,1
52022202,1
52246575,1
52246540,1
52218924,1
52176338,1
52046286,1
52260574,1
52260573,1
52240170,1
52265201,1
52105443,1
52159794,1
52105390,1
52260736,1
52248613,1
52246930,1
52245771,1
52260737,1
52152611,1
52247051,1
52262464,1
52237493,1
52230433,1
52244494,1
52263954,1
52252978,1
52172654,1
52219861,1
52261439,1
52247604,1
52257293,1
52192581,1
52253433,1
52246256,1
52220043,1
52261688,1
52243543,1
52243432,1
52243497,1
52193740,1
52250784,1
52127238,1
52173285,1
52265883,1
52242803,1
52209502,1
52168896,1
52246796,1
52095948,1
52218944,1
52224454,1
52149683,1
52265166,1
52263512,1
52260795,1
52265165,1
52257978,1
52255380,1
52197064,1
52231979,1
52249985,1
52224853,1
52208318,1
52222265,1
52262536,1
52212588,1
52194786,1
52241791,1
52232165,1
52244584,1
52265595,1
52236658,1
52240669,1
52052051,1
52160355,1
52210426,1
52257584,1
52265884,1
52254794,1
52181796,1
52054462,1
52076640,1
52173575,1
52218870,1
52187388,1
52215211,1
52240137,1
52263440,1
52212522,1
52185820,1
52240105,1
52227265,1
52260680,1
52263441,1
52259598,1
52262438,1
52246878,1
52258001,1
52265308,1
52256977,1
52265369,1
52241889,1
52258503,1
52162737,1
52262690,1
52020294,1
52067355,1
52255875,1
52081003,1
52219602,1
52259887,1
52090674,1
52242352,1
52182234,1
52153839,1
52234078,1
52239791,1
52265745,1
52220270,1
52078848,1
52092800,1
52228755,1
52211894,1
52214697,1
52236904,1
52267580,1
52257585,1
52259515,1
52246541,1
52224542,1
52229913,1
52245704,1
52263346,1
52257687,1
52242929,1
52245772,1
52223535,1
52266366,1
52229071,1
52260851,1
52246929,1
52226230,1
52014282,1
52184693,1
52186065,1
52068585,1
52265341,1
52213896,1
51836439,1
52262694,1
52269681,1
52236594,1
52257254,1
52247595,1
52254476,1
52247342,1
52228334,1
52231065,1
52179594,1
52236540,1
52239712,1
52265765,1
52226992,1
52256304,1
52247862,1
52214497,1
52265843,1
52213087,1
52263072,1
52252048,1
52223455,1
52267798,1
52188417,1
52237348,1
52230295,1
52232918,1
52260621,1
52190241,1
52265250,1
52220755,1
52074184,1
52224882,1
52238921,1
52269402,1
52248798,1
52268256,1
52244684,1
52262719,1
52269754,1
52181001,1
52264290,1
52267041,1
52254475,1
52156338,1
52236657,1
52265764,1
52267305,1
52221267,1
52229825,1
52224127,1
52168897,1
52268722,1
52204917,1
52051837,1
52180156,1
52270567,1
52088922,1
52270749,1
52265202,1
52270813,1
52260941,1
52255086,1
52259721,1
52226440,1
52260751,1
52168129,1
52188905,1
52270878,1
52046285,1
52098800,1
52213908,1
52239249,1
52268163,1
52247241,1
52220967,1
52256228,1
52272847,1
52263073,1
52270237,1
52223157,1
52167852,1
52206338,1
52146603,1
52259463,1
52098783,1
52241401,1
52229008,1
52269054,1
52240205,1
52266343,1
52267968,1
52255127,1
52260681,1
52265249,1
52134942,1
52169359,1
52263905,1
52230783,1
52230845,1
52234885,1
52252977,1
52247571,1
52272450,1
52200161,1
52262720,1
52265583,1
52214629,1
52261689,1
52204540,1
52243544,1
52185297,1
52247596,1
52229557,1
52220269,1
52261745,1
52271326,1
52271389,1
52235239,1
52209367,1
52260288,1
52188416,1
52259464,1
52249452,1
52241439,1
52246686,1
52262349,1
52210467,1
52266091,1
52207106,1
51989535,1
52255459,1
52268037,1
52273619,1
52254160,1
52272174,1
52269487,1
52216990,1
52245980,1
51920059,1
52104463,1
52272545,1
52258720,1
51993833,1
52272672,1
52195225,1
52253515,1
52249240,1
52264813,1
52239837,1
52203983,1
52232649,1
52268930,1
52263347,1
52255126,1
52169499,1
52274434,1
52254853,1
52179230,1
52268929,1
52269230,1
52248612,1
52272175,1
52270979,1
52132503,1
52198990,1
52275240,1
52246062,1
52275368,1
52188121,1
52240592,1
51954067,1
52264289,1
52100388,1
52253378,1
52272855,1
52276807,1
52259031,1
52246433,1
52250674,1
52267477,1
52220414,1
52215806,1
52275775,1
52200834,1
52236871,1
52271388,1
52064826,1
52274157,1
52231604,1
52215895,1
52193926,1
52130347,1
52226189,1
52232823,1
52254042,1
52032254,1
52224588,1
52266138,1
52268972,1
52226201,1
52276209,1
52191545,1
52262308,1
52199773,1
52273577,1
52170745,1
52251297,1
52263868,1
52267056,1
52234972,1
52275241,1
52272544,1
52207437,1
52264443,1
52261539,1
52276690,1
52261744,1
52262898,1
52102057,1
52256267,1
52226856,1
52240738,1
52272846,1
52212138,1
52201997,1
52249224,1
52249227,1
52243647,1
52221483,1
52240916,1
52241138,1
52258133,1
52254161,1
52071134,1
52272009,1
52018665,1
52194443,1
52209884,1
51983779,1
52266626,1
52208847,1
52233135,1
52223949,1
52182445,1
52258719,1
52248938,1
52269697,1
52272451,1
52226772,1
52220357,1
52213000,1
52275774,1
52205998,1
52270197,1
52228335,1
52259164,1
52010480,1
52278608,1
52274156,1
52254795,1
52167892,1
52256768,1
52278872,1
52269055,1
52271640,1
52262307,1
52268901,1
52279073,1
52271827,1
52279057,1
52272008,1
52259719,1
52248752,1
52185127,1
52262689,1
52268114,1
52165370,1
52279332,1
52269403,1
52258545,1
51991033,1
52188904,1
52279419,1
52258402,1
52226783,1
52272523,1
52200822,1
52220167,1
51999733,1
52259025,1
52271274,1
51934413,1
52278554,1
52279547,1
52155007,1
52267405,1
52210425,1
52229720,1
52221356,1
52173456,1
52257615,1
52159510,1
52251210,1
52223502,1
52234705,1
52171919,1
52270750,1
52246895,1
52244583,1
52274899,1
52281997,1
52252812,1
52246906,1
52276498,1
52280590,1
52143404,1
52273684,1
52265340,1
52251699,1
52280770,1
52243350,1
52253209,1
52270978,1
52255705,1
52233637,1
52262867,1
52262695,1
52250178,1
52232294,1
52279420,1
52162846,1
52234903,1
52260144,1
52246378,1
52279553,1
52228596,1
52270376,1
52278596,1
52260287,1
52267478,1
52223158,1
52270566,1
52281638,1
52181868,1
52278873,1
52254852,1
52279056,1
52276269,1
52215220,1
52243003,1
52138047,1
52269059,1
52255160,1
52163652,1
52266445,1
52192112,1
52270885,1
52237679,1
52277704,1
52183193,1
52269682,1
52216932,1
52257189,1
52283413,1
52236075,1
52254457,1
52276499,1
51935770,1
52263968,1
52272673,1
52240501,1
52264264,1
52283647,1
52246096,1
52255908,1
52272522,1
52278134,1
52278135,1
52268403,1
52209032,1
52256305,1
52282242,1
52181476,1
52242055,1
52242249,1
52195059,1
52239488,1
52247861,1
52187092,1
52210169,1
52275732,1
52279610,1
52275699,1
52245507,1
52212999,1
52282413,1
52265844,1
52235361,1
52196597,1
52221584,1
52276174,1
52256769,1
52202145,1
52217994,1
52257862,1
52277174,1
52278926,1
52259516,1
52265212,1
52190149,1
52277292,1
52278962,1
52227314,1
52237465,1
52260750,1
52277528,1
52255161,1
52256976,1
52155975,1
52230432,1
52262465,1
52283278,1
52277705,1
52279338,1
52282038,1
52261148,1
52284816,1
52269486,1
52263942,1
52216647,1
52280698,1
52039769,1
52250484,1
52161429,1
52243515,1
52149068,1
52285056,1
52237921,1
52267304,1
52282377,1
52271263,1
52283904,1
52143559,1
52236926,1
52278545,1
52204760,1
52236961,1
52206234,1
52160425,1
52128729,1
52239671,1
52213076,1
52229721,1
52254010,1
52276112,1
52276134,1
52281639,1
52246574,1
52270641,1
52277290,1
52284526,1
52281826,1
52279072,1
52274669,1
52248628,1
52185897,1
52243245,1
52225120,1
52262680,1
52273754,1
52279337,1
52229504,1
52275250,1
52282130,1
52257190,1
52272650,1
52285019,1
52218405,1
52267235,1
51987169,1
52285124,1
52285089,1
52283905,1
52177017,1
52285241,1
52239711,1
52184565,1
52245596,1
52051373,1
52279809,1
52245593,1
52077740,1
52278920,1
52284398,1
52227325,1
52266139,1
52277207,1
52116885,1
52244189,1
52284527,1
52274313,1
52163413,1
52280065,1
52274435,1
52285602,1
52263764,1
52270713,1
52277529,1
52281885,1
52284686,1
52238949,1
52247242,1
52286159,1
52234842,1
52280589,1
52250339,1
52179547,1
52258555,1
52196307,1
52185183,1
51886010,1
52286773,1
52195520,1
52274094,1
52282391,1
52243646,1
51940146,1
52271397,1
52249184,1
52217347,1
52112689,1
52229883,1
52285353,1
52165406,1
52285662,1
52270660,1
52243012,1
52271848,1
52285573,1
52260850,1
52287488,1
52287489,1
52179234,1
52281998,1
52273685,1
52276462,1
52284785,1
52268164,1
52274930,1
52236539,1
52251700,1
52254458,1
52282148,1
52069791,1
52243431,1
52223948,1
52228420,1
52181165,1
52264444,1
52256123,1
52267040,1
52286847,1
52267374,1
52284080,1
52221233,1
52281335,1
52238077,1
52109644,1
52287018,1
52239672,1
52245579,1
52207683,1
52285352,1
52166197,1
52265072,1
52248507,1
52241790,1
52278961,1
52134814,1
52288348,1
52284521,1
52262384,1
52229477,1
52263691,1
52285985,1
52282039,1
52243052,1
52273715,1
52246073,1
52092043,1
52190644,1
52201676,1
52272539,1
52086785,1
52164676,1
52285018,1
52281133,1
52282305,1
52249186,1
52279611,1
52135451,1
52285242,1
52286885,1
52259165,1
52290818,1
52228676,1
52260394,1
52163080,1
52228949,1
52212327,1
52271497,1
52290943,1
52237278,1
52245723,1
52229039,1
52285795,1
52154282,1
52257995,1
52274764,1
52266461,1
52243053,1
52165626,1
52284801,1
52290371,1
52286158,1
52283485,1
52275156,1
52163079,1
52205991,1
52278253,1
52216991,1
52286395,1
52230946,1
52200256,1
52261540,1
52282214,1
52257253,1
52285079,1
52278252,1
52285099,1
52268434,1
52285128,1
52254788,1
52070719,1
52287992,1
52286846,1
52202032,1
52287991,1
52193821,1
52142778,1
52281704,1
52163481,1
52241335,1
52168130,1
52291231,1
52290140,1
52260998,1
52207047,1
52240502,1
52110198,1
52261149,1
52250136,1
52236445,1
52187835,1
52242054,1
52162914,1
52293419,1
52262866,1
52244683,1
52287884,1
52251878,1
52289656,1
52284081,1
52290739,1
52162053,1
52227049,1
52212326,1
52290944,1
52285601,1
52184694,1
52291232,1
52293069,1
52286033,1
52284733,1
52014146,1
52286098,1
52286169,1
52284834,1
52250074,1
52293238,1
52260064,1
52283857,1
52294839,1
52293388,1
52265594,1
52287804,1
52271327,1
52049665,1
52239266,1
52249183,1
52190046,1
52224297,1
52273110,1
51996790,1
52279808,1
52232650,1
52246877,1
52287236,1
52284522,1
52278919,1
52267797,1
52212441,1
52268955,1
52290157,1
52290158,1
52255458,1
52216456,1
52234843,1
52268125,1
52185974,1
52111280,1
52243362,1
52283378,1
52290367,1
52294386,1
52284905,1
52074143,1
52212828,1
52290538,1
52290502,1
52264263,1
52250340,1
52290496,1
52290542,1
52283646,1
52109240,1
52250177,1
52290573,1
52293377,1
52269753,1
52279552,1
52293420,1
52204706,1
52293500,1
52292317,1
52293499,1
52292316,1
52289552,1
52282412,1
52239939,1
52073343,1
52167320,1
52287118,1
52182364,1
52263176,1
52227101,1
52134660,1
52068245,1
52230020,1
52265071,1
52266168,1
52221918,1
52267802,1
52266090,1
52276208,1
52133310,1
52259675,1
52271814,1
52287221,1
52281737,1
52295656,1
52187681,1
52285663,1
52263785,1
52290372,1
52284739,1
52295901,1
52251381,1
52286478,1
52251727,1
52217082,1
52278125,1
52284924,1
52297731,1
52267404,1
52276808,1
52243496,1
52286538,1
52267075,1
52296191,1
52285098,1
52294926,1
52254530,1
52274093,1
52293481,1
52249093,1
52262897,1
52120497,1
52270198,1
52298118,1
52288113,1
52256338,1
52211800,1
52285348,1
52267803,1
52234527,1
52202309,1
52271499,1
52288330,1
52123899,1
52257977,1
52295655,1
52249686,1
52295653,1
52259674,1
52222115,1
52237563,1
52268113,1
52260999,1
52265368,1
52295900,1
52223056,1
52226567,1
52162767,1
52169561,1
52279481,1
52215588,1
52257308,1
52287832,1
52257257,1
52282213,1
52297838,1
52207439,1
52281334,1
52273111,1
52152149,1
52296372,1
52204655,1
52229824,1
52196407,1
52218605,1
52288152,1
52219062,1
52293704,1
52234526,1
52286043,1
52269488,1
52103035,1
52290436,1
52268255,1
52291694,1
52252606,1
52297487,1
52291949,1
52300410,1
52154626,1
52295149,1
52264487,1
52240764,1
52246377,1
52296371,1
52276919,1
52260349,1
52298119,1
52279622,1
52274203,1
52240029,1
52014147,1
52237279,1
52268902,1
52288212,1
52276175,1
52276113,1
52276135,1
52288331,1
52295654,1
52291176,1
52207815,1
52299661,1
52298648,1
52298629,1
52247341,1
52226566,1
52300152,1
52300384,1
52110095,1
52250673,1
52294925,1
52289234,1
52293295,1
52286749,1
52293372,1
52297748,1
52301805,1
52292498,1
52292487,1
52296377,1
52214576,1
52159511,1
52268723,1
52299280,1
52216070,1
52253937,1
52299281,1
52262325,1
51988137,1
52302380,1
52270877,1
52295834,1
52144133,1
52298630,1
52266460,1
52283135,1
52289010,1
52245034,1
52264304,1
52293387,1
52300462,1
52287781,1
52287883,1
52296174,1
52221355,1
52297839,1
52278538,1
52286884,1
52281271,1
52299060,1
52256100,1
52270326,1
52276963,1
52228677,1
52236895,1
52246434,1
52157728,1
52096776,1
51852777,1
52218789,1
52274312,1
52215993,1
52115598,1
52243011,1
52277206,1
52281705,1
52302124,1
52299542,1
52265211,1
52263765,1
52263906,1
52182242,1
52283486,1
52297265,1
52244765,1
52244471,1
52297555,1
52231255,1
52300432,1
52127117,1
52226857,1
52279548,1
52300461,1
52281270,1
52226669,1
52259030,1
52265617,1
52245398,1
52300780,1
52301834,1
52270489,1
52290819,1
52096859,1
52176312,1
52304851,1
52238827,1
52271507,1
52254047,1
52291201,1
52298417,1
52132090,1
51988487,1
52177531,1
52288603,1
52301356,1
52158614,1
52243140,1
52252712,1
52300033,1
52303050,1
52267132,1
52096350,1
52268404,1
52237822,1
52290437,1
52234973,1
52146254,1
52290572,1
52175463,1
52250483,1
52275650,1
52212049,1
52213166,1
52292257,1
52299043,1
52301722,1
52142449,1
52245225,1
52290740,1
52304587,1
52243450,1
52292526,1
52253203,1
52293634,1
52249223,1
52295357,1
52240030,1
52176084,1
52280066,1
52146764,1
52293017,1
52293703,1
52262475,1
52302123,1
52302119,1
52259707,1
52292922,1
52292984,1
52299740,1
52246006,1
52257017,1
52305510,1
52301462,1
52293237,1
52301521,1
52244697,1
52302907,1
52279331,1
52303016,1
52290497,1
52242049,1
52300335,1
52294719,1
52201692,1
52158739,1
52267579,1
52253647,1
52299061,1
52295150,1
52299044,1
52303605,1
52306284,1
52240786,1
52286942,1
52254850,1
52251996,1
52232647,1
52301079,1
52303883,1
52303830,1
52287288,1
52290141,1
52268973,1
52248485,1
52271724,1
52263690,1
52240138,1
52265295,1
52293018,1
52179548,1
52257042,1
52290503,1
52219404,1
52304323,1
52293248,1
52222083,1
52258546,1
52079084,1
52207389,1
52267074,1
52231007,1
52304413,1
52239250,1
52298980,1
52306090,1
52264118,1
52301804,1
52296192,1
52306186,1
52306185,1
52292499,1
52222999,1
52236894,1
52250875,1
52309183,1
52289588,1
52292486,1
52149157,1
52009605,1
52245591,1
52284439,1
52184658,1
52215261,1
52238760,1
52281738,1
52262314,1
52262324,1
52256966,1
52223534,1
52251496,1
52308287,1
52249757,1
52288802,1
52237562,1
52293196,1
52221848,1
52300153,1
52236132,1
52248765,1
52297474,1
52238922,1
52260056,1
52171277,1
52307189,1
52207438,1
52093996,1
52265746,1
52306165,1
52300779,1
52307311,1
52308939,1
52308940,1
52306338,1
52301880,1
52234258,1
52262135,1
52248165,1
52307478,1
52304563,1
52242802,1
52278555,1
52252023,1
52271641,1
52267836,1
52271670,1
52285603,1
52248508,1
52299662,1
52057222,1
52257018,1
52273569,1
52265367,1
52094099,1
52310951,1
52194675,1
52286099,1
52311171,1
52297316,1
52255918,1
52295930,1
52293197,1
52297315,1
52297584,1
52262630,1
52309943,1
52303049,1
52297554,1
52289553,1
52275554,1
52285080,1
52306164,1
52285055,1
52276918,1
52310152,1
52276019,1
52253648,1
52296376,1
52289775,1
52298089,1
52303548,1
52289776,1
52279585,1
52240966,1
52274763,1
52310409,1
52285572,1
52276187,1
52296716,1
52252312,1
52304075,1
52304016,1
52262383,1
52299739,1
52308040,1
52245836,1
51873456,1
52306910,1
52106058,1
52060156,1
52310952,1
52258401,1
52255704,1
52312605,1
52126670,1
52296001,1
52307006,1
52257258,1
52283470,1
52275251,1
52265584,1
52160104,1
52243262,1
52271273,1
52272854,1
52286772,1
52270375,1
52303547,1
52284153,1
52304634,1
52313055,1
52307417,1
52269002,1
52166198,1
52271671,1
52307731,1
52307786,1
52310619,1
52310772,1
52269085,1
52276251,1
52291392,1
52298521,1
52289011,1
52259706,1
52286032,1
52261014,1
52255752,1
52308288,1
52305426,1
52284802,1
52250059,1
52277665,1
52290459,1
52309794,1
52201675,1
52105867,1
52243516,1
52248781,1
52284923,1
52231980,1
52200606,1
52308561,1
52272861,1
52233638,1
52236962,1
52247920,1
52251728,1
52260063,1
52278597,1
52310032,1
52314512,1
52312892,1
52304559,1
52251844,1
52304699,1
52275733,1
52193753,1
52274590,1
52313265,1
52313266,1
52312325,1
52284534,1
52309515,1
52296799,1
52194268,1
52057269,1
52111028,1
52309607,1
52268126,1
52179417,1
52285847,1
52263784,1
52152840,1
52030708,1
52288803,1
52165627,1
52309793,1
52284734,1
52262668,1
52311218,1
52304322,1
52312636,1
52278261,1
52186763,1
52244874,1
52267133,1
52281132,1
52314450,1
52307273,1
52315547,1
52298914,1
52243408,1
52236634,1
52285102,1
52214577,1
52293480,1
52311931,1
52285123,1
52309184,1
52267546,1
51941456,1
52312033,1
52263139,1
52287044,1
52292764,1
52023890,1
52180155,1
52245722,1
52312208,1
52309389,1
52310484,1
52307704,1
52287222,1
52224852,1
52304887,1
52243079,1
52251298,1
52315052,1
52315222,1
52299849,1
52286267,1
52239026,1
52286185,1
52205696,1
52286394,1
52311249,1
52244493,1
52290460,1
52291695,1
52309924,1
52298849,1
52309971,1
52251843,1
52260085,1
52188120,1
52310074,1
52307419,1
52315696,1
52300877,1
52312850,1
52153843,1
52117769,1
52279789,1
52313023,1
52310241,1
52317595,1
52159573,1
52282561,1
52262313,1
52309388,1
52269084,1
52313269,1
52292853,1
52302140,1
52307785,1
52294058,1
52316328,1
52283035,1
52238828,1
52316329,1
52254220,1
52286168,1
52315210,1
52315321,1
52287554,1
52300034,1
52311254,1
52256122,1
52315503,1
52304290,1
52247919,1
52285040,1
52298913,1
52294856,1
52315546,1
52307176,1
52299053,1
52315659,1
52285041,1
52251995,1
52317229,1
52283856,1
52167547,1
52224128,1
52311778,1
52311930,1
52221432,1
52312060,1
52313056,1
52286941,1
52290763,1
52224266,1
52207353,1
52315827,1
52263140,1
52312255,1
52315092,1
52299484,1
52299541,1
52317855,1
52315066,1
52271849,1
52308112,1
52284576,1
52264060,1
52280638,1
52294057,1
52262439,1
52311118,1
52311117,1
52239265,1
52222755,1
52308562,1
52287803,1
52275649,1
52272651,1
52312756,1
52304452,1
52201044,1
52319928,1
52308935,1
52295050,1
52318485,1
52310172,1
52317535,1
52312034,1
52302002,1
52310242,1
52245580,1
52231720,1
52318685,1
52298396,1
52255319,1
52315053,1
52307703,1
52307732,1
52274546,1
52268860,1
52316336,1
52296798,1
52197159,1
52313547,1
52237741,1
52285794,1
52292921,1
52313727,1
52190560,1
52089012,1
52266627,1
52243139,1
52294496,1
52290539,1
52318230,1
52277942,1
52316742,1
52222483,1
52304412,1
52315502,1
52276689,1
52223000,1
52294855,1
52272860,1
52319988,1
52232379,1
52307310,1
52315886,1
52317534,1
52317596,1
52321453,1
52201252,1
52224589,1
52224453,1
52287350,1
52302308,1
52320664,1
52298520,1
52320665,1
52285600,1
52322018,1
52263941,1
52320924,1
52315394,1
52316780,1
52192005,1
52057776,1
52160246,1
52317094,1
52285090,1
52319989,1
51993692,1
52293376,1
52314449,1
52321178,1
52285116,1
52312851,1
52314577,1
52318512,1
52239792,1
52321336,1
52289657,1
52292527,1
52318558,1
52295477,1
52295358,1
52320317,1
52303606,1
52196593,1
52076401,1
52323303,1
52207814,1
52323302,1
52312207,1
52270770,1
52288552,1
52251405,1
52321911,1
52322125,1
52196912,1
52322016,1
52319343,1
52225204,1
52208271,1
52255318,1
52321005,1
52261502,1
52321065,1
52322617,1
52312755,1
52317095,1
52297730,1
52304575,1
52282392,1
52185335,1
52318511,1
52195521,1
52317727,1
52318557,1
52320287,1
52263132,1
52224336,1
52317767,1
52262348,1
52310339,1
52307744,1
52269003,1
52285772,1
52318012,1
52322164,1
52308243,1
52210082,1
52290439,1
52316779,1
52210181,1
52273687,1
52273755,1
52262667,1
52278260,1
52301721,1
52323926,1
52325606,1
52294840,1
52259967,1
52325901,1
52320288,1
52246465,1
52288153,1
52317729,1
52304832,1
52246818,1
52247312,1
52304017,1
52322124,1
52207107,1
52274670,1
52293068,1
52320925,1
52316808,1
52304151,1
52251497,1
52165625,1
52191806,1
52259886,1
52294495,1
52309925,1
52315481,1
51963379,1
52275583,1
52284906,1
52285103,1
52316952,1
52303256,1
52323925,1
52308797,1
52323934,1
52311772,1
52276018,1
52301835,1
52272752,1
52311940,1
52313024,1
52271288,1
52324197,1
52253757,1
52259422,1
52301135,1
52318686,1
52310381,1
52324301,1
52323354,1
52324430,1
52323330,1
52304152,1
52324594,1
52312337,1
52282831,1
52304886,1
52310773,1
52279069,1
52296712,1
52326201,1
52296929,1
52319151,1
52305509,1
52324780,1
52294108,1
52107428,1
52262681,1
52316807,1
52249038,1
52309972,1
52086641,1
52309912,1
52323906,1
52322557,1
52328144,1
52325491,1
52228103,1
52321290,1
52328422,1
52311773,1
52301849,1
52324198,1
52152140,1
52288114,1
52307418,1
52299238,1
52204914,1
52249325,1
52326071,1
52287289,1
52219403,1
52257845,1
52279070,1
52326202,1
52288569,1
52312256,1
52277293,1
52312324,1
52315221,1
52161366,1
52274931,1
52266367,1
52269544,1
52311217,1
52283414,1
52250073,1
52271046,1
52275553,1
52226703,1
52318351,1
52322616,1
52279577,1
52307351,1
52325605,1
52329477,1
52325612,1
52319929,1
52328296,1
52328421,1
52311779,1
52329571,1
52311915,1
52324115,1
52324136,1
52317381,1
52296350,1
52321454,1
52240967,1
52324300,1
52210468,1
52326136,1
52270712,1
52213635,1
52291091,1
52324781,1
52309694,1
52326369,1
52252713,1
52316704,1
52284738,1
52218404,1
52292319,1
52306230,1
52318352,1
52320124,1
52321179,1
52287045,1
52300431,1
52325611,1
52321289,1
52323986,1
52310115,1
52318560,1
52331555,1
52329721,1
52301856,1
52279790,1
52273259,1
52284530,1
52328828,1
52331640,1
52326072,1
52329844,1
52291092,1
52303884,1
52176435,1
52299312,1
52330091,1
52328964,1
52316268,1
52302307,1
52308111,1
52320707,1
52315225,1
52122838,1
52269698,1
52327772,1
52322259,1
52327629,1
52259966,1
52328043,1
52307177,1
52260086,1
52246072,1
52328310,1
52267454,1
52234942,1
52286918,1
52317215,1
52314367,1
52280919,1
52307363,1
52296349,1
52264695,1
52324221,1
52271506,1
52267837,1
52284533,1
52332609,1
52321674,1
52291202,1
52321779,1
52321910,1
52321675,1
52324791,1
52287344,1
52262537,1
52302583,1
52329180,1
52327628,1
52318011,1
52261015,1
52333088,1
52162576,1
52332031,1
52286042,1
52230844,1
52333483,1
52317214,1
52329398,1
52314162,1
52328238,1
52325442,1
52307190,1
52331085,1
52329503,1
52328428,1
52287901,1
52324004,1
52325902,1
52298323,1
52287345,1
52316213,1
52224523,1
52320629,1
52298397,1
52307743,1
52247028,1
52324431,1
52329101,1
52288419,1
52222082,1
52315279,1
52274547,1
52260940,1
52301357,1
52329181,1
52315320,1
52297094,1
52330586,1
52286207,1
52333541,1
52326480,1
52286206,1
52287834,1
52328295,1
52332359,1
52329720,1
52272753,1
52195673,1
52323221,1
52313104,1
52240031,1
52328930,1
52310338,1
52252313,1
52329915,1
52331684,1
52317877,1
52335482,1
52335429,1
52218945,1
51906282,1
52335481,1
52270661,1
52288568,1
52320874,1
52335922,1
52318091,1
52335921,1
52326370,1
52332011,1
52293371,1
52278124,1
52244698,1
52333542,1
52329356,1
52222357,1
52329452,1
52261501,1
52323898,1
52332243,1
52333860,1
52310031,1
52318561,1
52315658,1
52275584,1
52332296,1
52320357,1
52256229,1
52279774,1
52332390,1
52237998,1
52304564,1
52321387,1
52332488,1
52308936,1
52166332,1
52313401,1
52313240,1
52332643,1
52326135,1
52318872,1
52335502,1
52328982,1
52317856,1
52328963,1
52051830,1
52333089,1
52327609,1
52276350,1
52304138,1
52323757,1
52330587,1
52194610,1
52249675,1
52312632,1
52296756,1
52337711,1
52332201,1
52337739,1
52325492,1
52220168,1
52325750,1
52298088,1
52295049,1
52287135,1
52190935,1
52285351,1
52329845,1
52304833,1
52338149,1
52080480,1
52296607,1
52279114,1
52338308,1
52251380,1
52270771,1
52337493,1
52298812,1
52318092,1
52336128,1
52312637,1
52322632,1
52329355,1
52328309,1
52334962,1
52319803,1
52332304,1
52333859,1
52246464,1
52337825,1
52335083,1
52324005,1
52337890,1
52312811,1
52264812,1
52312971,1
52287019,1
52311946,1
52286928,1
52312937,1
52339745,1
52337958,1
52328829,1
52256739,1
52337141,1
52323447,1
52335428,1
52338331,1
52328920,1
52310498,1
52329018,1
52333091,1
52318976,1
52296713,1
52271045,1
52338681,1
52118587,1
52233059,1
52337572,1
52275071,1
52337573,1
52337571,1
52326535,1
52283593,1
52204330,1
52298929,1
52253204,1
52231066,1
52337822,1
52339398,1
52315626,1
52337860,1
52319955,1
52279586,1
52286993,1
52225846,1
52339568,1
52329572,1
52310151,1
52340720,1
52334219,1
52300899,1
52263177,1
52295592,1
52278967,1
52312231,1
52309526,1
52341086,1
52304850,1
52288213,1
52338332,1
52341130,1
52329082,1
52287583,1
52338770,1
52154450,1
52263513,1
52243186,1
52065657,1
52274895,1
52329451,1
52269489,1
52287831,1
52321018,1
52340419,1
52272538,1
52267057,1
52339399,1
52332244,1
52297749,1
52311614,1
52340697,1
52306241,1
52301848,1
52336966,1
52277028,1
52290922,1
52135439,1
52174291,1
52331556,1
52263131,1
52301080,1
52285349,1
52298321,1
52317842,1
52338076,1
52338311,1
52231721,1
52334529,1
52342807,1
52324559,1
52318977,1
52255028,1
52313347,1
52276351,1
52332648,1
52252301,1
52271813,1
52220963,1
52291898,1
52304139,1
52285984,1
52343027,1
52321006,1
52341656,1
52327636,1
52336307,1
52294720,1
52307067,1
52337712,1
52275429,1
52326585,1
52340477,1
52312792,1
52333777,1
52267545,1
52340631,1
52289668,1
52342203,1
52340572,1
52322980,1
52342461,1
52300878,1
52338022,1
52334357,1
52288151,1
52314668,1
52285115,1
52287235,1
52332608,1
52335317,1
52288349,1
52317768,1
52338148,1
52342808,1
52282652,1
52285465,1
52338312,1
52339993,1
52241334,1
52318873,1
52305130,1
51882996,1
52266283,1
52176339,1
52318163,1
52287582,1
52315254,1
52333484,1
52290366,1
52145146,1
52309952,1
52343108,1
52341708,1
52246024,1
52340532,1
52331215,1
52283505,1
52342142,1
52337859,1
52340698,1
52318505,1
52332297,1
52337891,1
52340758,1
52343578,1
52249239,1
52334408,1
52340830,1
52335501,1
52260467,1
52332649,1
52265309,1
52330090,1
52323448,1
52262631,1
52324871,1
52326479,1
52308428,1
52320875,1
52340366,1
52321109,1
52307077,1
52297531,1
52328427,1
52222850,1
52340531,1
52314667,1
52306229,1
52340571,1
52309090,1
52254851,1
52342298,1
52312059,1
52289589,1
52337963,1
52329729,1
52254734,1
52309516,1
52332642,1
52345612,1
52323355,1
52317878,1
52288339,1
52315298,1
52344210,1
52315381,1
52334635,1
52315278,1
52335903,1
52268063,1
52345867,1
52254046,1
52345939,1
52340289,1
52345930,1
52319802,1
52205103,1
52239081,1
52340476,1
52306010,1
52347499,1
52282234,1
52342141,1
52343321,1
52295229,1
52312891,1
52159341,1
52334232,1
52321388,1
52342460,1
52220432,1
52343579,1
52331489,1
52345449,1
52346461,1
52331639,1
52339901,1
52323331,1
52335295,1
52339994,1
52345549,1
52313400,1
52316212,1
52320719,1
52331785,1
52296606,1
52313346,1
52176561,1
52269058,1
52346972,1
52283429,1
52312540,1
52198922,1
52252775,1
52272493,1
52348605,1
52320969,1
52263758,1
52343107,1
52261573,1
52344705,1
52303222,1
52126671,1
52347498,1
52307149,1
52340501,1
52336566,1
52348854,1
52345006,1
52304657,1
52322960,1
52342510,1
52337957,1
52348070,1
52315801,1
52345427,1
52307540,1
52229009,1
52346460,1
52343796,1
52345545,1
52348324,1
52345544,1
52299483,1
52257996,1
52322024,1
52282006,1
52334536,1
52349641,1
52316337,1
52349842,1
52283034,1
52348606,1
52315395,1
52247311,1
52323758,1
52345870,1
52275157,1
52337589,1
52246063,1
52335037,1
52342017,1
52323899,1
52335082,1
52337821,1
52344998,1
52345007,1
52349040,1
52301070,1
52310277,1
52295478,1
52345440,1
52345441,1
52140312,1
52271498,1
52343797,1
52301077,1
52328818,1
52310380,1
52341010,1
52286184,1
52349640,1
52309664,1
52344294,1
52338769,1
52334636,1
52286266,1
52341657,1
52248939,1
52211300,1
52297409,1
52275091,1
52346089,1
52348855,1
52286551,1
52336308,1
52348839,1
52235240,1
52332305,1
52346188,1
52347897,1
52346213,1
52350831,1
52332389,1
52100841,1
52328717,1
52288150,1
52298373,1
52345450,1
52349138,1
52306649,1
52339900,1
52349280,1
52306650,1
52315001,1
52336127,1
52244710,1
52348727,1
52275430,1
52298928,1
52340528,1
52351598,1
52253610,1
52345128,1
52340529,1
52310178,1
52279576,1
52301071,1
52311914,1
52349134,1
52299239,1
52277291,1
52342705,1
52345548,1
52349137,1
52351087,1
52298320,1
52346636,1
52296717,1
52349446,1
52282005,1
52351208,1
52352471,1
52342980,1
52351329,1
52352472,1
52233710,1
52354166,1
52354226,1
52307272,1
52351540,1
52350361,1
52344706,1
52337738,1
52320022,1
52353314,1
52345015,1
52312970,1
52309089,1
52304610,1
52273258,1
52301076,1
52234607,1
52340829,1
52349135,1
52351027,1
52351088,1
52352155,1
52351110,1
52354928,1
52354927,1
52322025,1
52349685,1
52306737,1
52351217,1
52331908,1
52340288,1
52352746,1
52345868,1
52296253,1
52344767,1
52347570,1
52310173,1
52312683,1
52346090,1
52351631,1
52356001,1
52351695,1
52320281,1
52320336,1
52299048,1
52232646,1
52279623,1
52145723,1
52260350,1
52292765,1
52351026,1
52334508,1
52328881,1
52288338,1
52353763,1
52268038,1
52194442,1
52341009,1
52333216,1
52241703,1
52315067,1
52331907,1
52356657,1
52232001,1
52291678,1
52085285,1
52284815,1
52320882,1
52334679,1
52344221,1
52349791,1
52337494,1
52344293,1
52287661,1
52314075,1
52314368,1
52352993,1
52351541,1
52336328,1
52237547,1
52236593,1
52353116,1
52354451,1
52251877,1
52328594,1
52317380,1
52315592,1
52281264,1
52350844,1
52313103,1
52286927,1
52348069,1
52209527,1
52349133,1
52354672,1
52251406,1
52348323,1
52321657,1
52352032,1
52356601,1
52351988,1
52301134,1
52291457,1
52343898,1
52319342,1
52257688,1
52344180,1
52346973,1
52343026,1
52335797,1
52275030,1
52354227,1
52312793,1
52210001,1
52353390,1
52227102,1
52340659,1
52329642,1
51927807,1
52340688,1
52357313,1
52328474,1
52354671,1
52307416,1
52331683,1
52328929,1
52354817,1
52359438,1
52341145,1
52329001,1
52281825,1
52348558,1
52319464,1
52355687,1
52284888,1
52267178,1
52205697,1
52356974,1
52287730,1
52305842,1
52348715,1
52292318,1
52355964,1
52304586,1
52307362,1
52358940,1
52333920,1
52318486,1
52204865,1
52292679,1
52318506,1
52282491,1
52312294,1
52312230,1
52356602,1
52278925,1
52145973,1
52341129,1
52335836,1
52315224,1
52357679,1
52186066,1
52355042,1
52306915,1
52133376,1
52354165,1
52359639,1
52244709,1
52315182,1
52243282,1
52325126,1
52358173,1
52322315,1
52322556,1
52288418,1
52355706,1
52322748,1
52353117,1
52186169,1
52186764,1
52361420,1
52287835,1
52323907,1
52346187,1
52264839,1
52356117,1
52333919,1
52342511,1
52184300,1
52346214,1
52298932,1
52323935,1
52357362,1
52339602,1
52360205,1
52271289,1
52362014,1
52209438,1
52328817,1
52309378,1
52302120,1
52338062,1
52243824,1
52337142,1
52318672,1
52334507,1
52291504,1
52357798,1
52247547,1
52349792,1
52338682,1
52360776,1
52356917,1
52318061,1
52356975,1
52362339,1
52214035,1
52345940,1
52322602,1
52362590,1
52355707,1
52312606,1
52319628,1
52357048,1
52334948,1
52236766,1
52331086,1
52314511,1
52315802,1
52351632,1
52361494,1
52358778,1
52347896,1
52329502,1
52334218,1
52351681,1
52356118,1
52357177,1
52351696,1
52329730,1
52331507,1
52340632,1
52301855,1
52359279,1
52350843,1
52351914,1
52279807,1
52262134,1
52338307,1
52357631,1
52359321,1
52362111,1
52316269,1
52334537,1
52349447,1
52309606,1
52363553,1
52305143,1
52265370,1
52328042,1
52358020,1
52282653,1
52361095,1
52280637,1
52260018,1
52352886,1
52301463,1
52328145,1
52320094,1
52364260,1
52353249,1
52304576,1
52364446,1
52310179,1
52320282,1
52307539,1
52351915,1
52278663,1
52348052,1
52360208,1
52356544,1
52298324,1
52362038,1
52349279,1
52337212,1
52349313,1
52357599,1
52321703,1
52285773,1
52326547,1
52356757,1
52298418,1
52362260,1
52347009,1
52362340,1
52283377,1
52297044,1
52291636,1
52362474,1
52298981,1
52364261,1
52359929,1
52334007,1
52361495,1
51977420,1
52357176,1
52285157,1
52331216,1
52293527,1
52362709,1
52359989,1
52281265,1
52357299,1
52303223,1
52325749,1
52357446,1
52340857,1
52354695,1
52328958,1
52318777,1
52352156,1
52292852,1
52320801,1
52320688,1
52305131,1
52365036,1
52362268,1
52316490,1
52255005,1
52363552,1
52284788,1
52287507,1
52324870,1
52289235,1
52185698,1
52365177,1
52290438,1
52287780,1
52243080,1
52362508,1
52320883,1
52315591,1
52362589,1
52362509,1
52306091,1
52310015,1
52318422,1
52364353,1
52367033,1
52337820,1
52335016,1
52300409,1
52364683,1
52364684,1
52359199,1
52350911,1
52304658,1
52353762,1
52362987,1
52341085,1
52305142,1
52340000,1
52366006,1
52365037,1
52362269,1
52362218,1
52343986,1
52258134,1
52010482,1
52363673,1
52316741,1
52365178,1
52267967,1
52336565,1
52330920,1
52313912,1
52365339,1
52359640,1
52348728,1
52348678,1
52337605,1
52364051,1
52337819,1
52343320,1
52305826,1
52305841,1
52317071,1
52361421,1
52348840,1
52353315,1
52224298,1
52304611,1
52362805,1
52331208,1
52351863,1
52359280,1
52334407,1
52362110,1
52284399,1
52333186,1
52270640,1
52357797,1
52352360,1
52329071,1
52365052,1
52287351,1
52218871,1
52361203,1
52368130,1
52369636,1
52314144,1
52368129,1
52237882,1
52307170,1
52364220,1
52329387,1
52317371,1
52232295,1
52347949,1
52356002,1
52360016,1
52343506,1
52349039,1
52326836,1
52317542,1
52329641,1
52362850,1
52364819,1
52368534,1
52307477,1
52368533,1
52315885,1
52328921,1
52362037,1
52349136,1
52367591,1
52359333,1
52346637,1
52368662,1
52341146,1
52290078,1
52280769,1
52249758,1
52256738,1
52362228,1
52362227,1
52351216,1
52363623,1
52338713,1
52297045,1
52323578,1
52365051,1
52369212,1
52353957,1
52369220,1
52294385,1
52311255,1
52313919,1
52327976,1
52311615,1
52311177,1
52370957,1
52364121,1
52369784,1
52360017,1
52355888,1
52293364,1
52353175,1
52342297,1
52355963,1
52371175,1
52331490,1
52340660,1
52303825,1
52163480,1
52317782,1
52360207,1
52365898,1
52365753,1
52352031,1
52362121,1
52285464,1
52357678,1
52359282,1
52221917,1
52318671,1
52362259,1
52306736,1
52345611,1
52344179,1
52335904,1
52356756,1
52349350,1
52295833,1
52303107,1
52369219,1
52352736,1
52350033,1
52273578,1
52348679,1
52307005,1
52364008,1
52230942,1
52288795,1
52369637,1
52369598,1
52363980,1
52325441,1
52095377,1
52322749,1
52364120,1
52348774,1
52304291,1
52358599,1
52342204,1
52322961,1
52371070,1
52293486,1
52358911,1
52350592,1
52371139,1
52364547,1
52359200,1
52285127,1
52337126,1
52324226,1
52337964,1
52337125,1
52360206,1
52301078,1
52279137,1
52321740,1
52367684,1
52305284,1
52252385,1
52371831,1
52313588,1
52318074,1
52270886,1
52219330,1
52348500,1
52372065,1
52297475,1
52352735,1
52340365,1
52372066,1
52293365,1
52359660,1
52325107,1
52373635,1
52243361,1
52317228,1
52365353,1
52308837,1
52286537,1
52344999,1
52315627,1
52293487,1
52364221,1
52233709,1
52321304,1
52350832,1
52368434,1
52354544,1
52364794,1
52350724,1
52370370,1
52313239,1
52367590,1
52315002,1
52356656,1
52315207,1
52370559,1
52349686,1
52358007,1
52276188,1
52194641,1
52374924,1
52361209,1
52363622,1
52373634,1
52369599,1
52373687,1
52307105,1
52308868,1
52359928,1
52350252,1
52364354,1
52364441,1
52372652,1
52350278,1
52312164,1
52292407,1
52375872,1
52368494,1
52364818,1
52245594,1
52292678,1
52278664,1
52365752,1
52240737,1
52368535,1
52317903,1
52357445,1
52329925,1
52374337,1
52367683,1
52352021,1
52296999,1
52367679,1
52373308,1
52185906,1
52341273,1
52315208,1
52367982,1
52151727,1
52363672,1
52291679,1
52369481,1
52368153,1
52150629,1
52372684,1
52361565,1
52369785,1
52359047,1
52339569,1
52342397,1
52334947,1
52367219,1
52372841,1
52353391,1
52343538,1
52368435,1
52324227,1
52320358,1
52295591,1
52356545,1
52364859,1
52371392,1
52362217,1
52376062,1
52308039,1
52333090,1
52307751,1
52316491,1
52357822,1
52342673,1
52376176,1
52318075,1
52313920,1
52318229,1
52359589,1
52320689,1
52345851,1
52376450,1
52326584,1
52373746,1
52373704,1
52353174,1
52378170,1
52371071,1
52376579,1
52347742,1
52320300,1
52324077,1
52372685,1
52371176,1
52376695,1
52378334,1
52340757,1
52375734,1
52378629,1
52342579,1
52376874,1
52340858,1
52371496,1
52182083,1
52366005,1
52365897,1
52338077,1
52357550,1
52324790,1
52367756,1
52263759,1
52347203,1
52373534,1
52372183,1
52297054,1
52372112,1
52355874,1
52290513,1
52373785,1
52315297,1
52364314,1
52373767,1
52379433,1
52364324,1
52369992,1
52378333,1
52371244,1
52379429,1
52340695,1
52368331,1
52357363,1
52378630,1
52264838,1
52371306,1
52351822,1
52379636,1
52290921,1
52317728,1
52377104,1
52348350,1
52343840,1
52370497,1
52256940,1
52380466,1
52333215,1
52296155,1
52374922,1
52376389,1
52347202,1
52352745,1
52369745,1
52364323,1
52331207,1
52283506,1
52255919,1
52367032,1
52304682,1
52365455,1
52358655,1
52378304,1
52246400,1
52336965,1
52306174,1
52343520,1
52362778,1
52326710,1
52372971,1
52353542,1
52270318,1
52372970,1
52374069,1
52379637,1
52348032,1
52247983,1
52307435,1
52335294,1
52370410,1
52362120,1
52367609,1
52255004,1
52368663,1
52376911,1
52379765,1
52365917,1
52333185,1
52378787,1
52349411,1
52318837,1
52376063,1
52332846,1
52349702,1
52291673,1
52374710,1
52379024,1
52293249,1
52369480,1
52319465,1
52369549,1
52298860,1
52314143,1
52367144,1
52371063,1
52305937,1
52229466,1
52328103,1
52376578,1
52378323,1
52362804,1
52356272,1
52307297,1
52325898,1
52332487,1
52350723,1
52374106,1
52329767,1
52227266,1
52365754,1
52345474,1
52354696,1
52353781,1
52365918,1
52345782,1
52341318,1
52334748,1
52369373,1
52334680,1
52372111,1
52365020,1
52379042,1
52365136,1
52367925,1
52325106,1
52306914,1
52364007,1
52322019,1
52376390,1
52381942,1
52373688,1
52342004,1
52368228,1
52380801,1
52329386,1
52373747,1
52382071,1
52380787,1
52373768,1
52364445,1
52376682,1
52382145,1
52378171,1
52367220,1
52332282,1
52364442,1
52347743,1
51955431,1
52312163,1
52373148,1
52378742,1
52365019,1
52357630,1
52376158,1
52367855,1
52371796,1
52277943,1
52307752,1
52349894,1
52355173,1
52373533,1
52377571,1
52336138,1
52379077,1
52263969,1
52379228,1
52384821,1
52354505,1
52319954,1
52306011,1
52351599,1
52383834,1
52378324,1
52378340,1
52296156,1
52385015,1
52383897,1
52340687,1
52361967,1
52372840,1
52332477,1
52309379,1
52362039,1
52359332,1
52378786,1
52278966,1
52232000,1
52371393,1
52363014,1
52309445,1
52359286,1
52370586,1
52379043,1
52086156,1
52312491,1
52345666,1
52384563,1
52376451,1
52384736,1
52287731,1
52373705,1
52350067,1
52358756,1
52371064,1
52367143,1
52384983,1
52384051,1
52373997,1
52373970,1
52382322,1
52381213,1
52066293,1
52285158,1
52317370,1
52360158,1
52345555,1
52329924,1
52382630,1
52379837,1
52374251,1
52343960,1
52367678,1
52313889,1
52370636,1
52319150,1
52387482,1
52381943,1
52287902,1
52330824,1
52350253,1
52286552,1
52380853,1
52382144,1
52355887,1
52367169,1
52314578,1
52385014,1
52376623,1
52326709,1
52239188,1
52383835,1
52340694,1
52360159,1
52111914,1
52354528,1
52270325,1
52340005,1
52382433,1
52362986,1
52304074,1
52377107,1
52387076,1
52379836,1
52368744,1
52370411,1
52364924,1
52291503,1
52283469,1
52371795,1
52327378,1
52384546,1
52388628,1
52379227,1
52387481,1
52242048,1
52384737,1
52350034,1
52379280,1
52379279,1
52352992,1
52389391,1
52386577,1
52378339,1
52324078,1
52324135,1
52381156,1
52325897,1
52296254,1
52361932,1
52374105,1
52246685,1
52373149,1
52385173,1
52364858,1
52333011,1
52308427,1
52351323,1
52349410,1
52384545,1
52385790,1
52380405,1
52277664,1
52281884,1
52381906,1
52387510,1
52309953,1
52335015,1
52282233,1
52353248,1
52387678,1
52369993,1
52320023,1
52354504,1
52325585,1
52282497,1
52362948,1
52343544,1
52390680,1
52370371,1
52239838,1
52385172,1
52266282,1
52329070,1
52387331,1
52335829,1
52315253,1
52296998,1
52373439,1
52297486,1
52350068,1
51996436,1
52351465,1
52352887,1
52311192,1
52358654,1
52343196,1
52318356,1
52375438,1
52342323,1
52373868,1
52373998,1
52389390,1
52386727,1
52360055,1
52386726,1
52389618,1
52379501,1
52367393,1
52390561,1
52364548,1
52390647,1
52376873,1
52266169,1
52378743,1
52389855,1
52389875,1
52357549,1
52389880,1
52389854,1
52389922,1
52344448,1
52319194,1
52352359,1
52371832,1
52380404,1
52358120,1
52318238,1
52254186,1
52369390,1
52385871,1
52320897,1
52366663,1
52365280,1
52386316,1
52308509,1
52376622,1
52362543,1
52320896,1
52358757,1
52361564,1
52392023,1
52391971,1
52387677,1
52381087,1
52364169,1
52371140,1
52375745,1
52376683,1
52392273,1
52315560,1
52303826,1
52376875,1
52382563,1
52357598,1
52294107,1
52335316,1
52367780,1
52390898,1
52374807,1
52392902,1
52333394,1
52279219,1
52326528,1
52390280,1
52361208,1
52367052,1
52386444,1
52353543,1
52393320,1
52382286,1
52384228,1
52376872,1
52389775,1
52349367,1
52392605,1
52345665,1
52370498,1
52309665,1
52395418,1
52388088,1
52359431,1
52315211,1
52344209,1
52111132,1
52359588,1
52394112,1
52366646,1
52284887,1
52343003,1
52338911,1
52249815,1
52369257,1
52348714,1
52358641,1
52388884,1
52298933,1
52384853,1
52386317,1
52387610,1
52357168,1
52367009,1
52384935,1
52393266,1
52358640,1
52275039,1
52387831,1
52393265,1
52293528,1
52375542,1
52311941,1
52392342,1
52374068,1
52382474,1
52389874,1
52377103,1
52337211,1
52396629,1
52388467,1
52373210,1
52394118,1
52328074,1
52395798,1
52342003,1
52397295,1
52379255,1
52373720,1
52394554,1
52392034,1
52307352,1
52389152,1
52059361,1
52373834,1
52394905,1
52270387,1
52375746,1
52392272,1
52249462,1
52395352,1
52367773,1
52252300,1
52396468,1
52388409,1
52306787,1
52290512,1
52338749,1
52391578,1
52368010,1
52361109,1
52373786,1
52394562,1
52305825,1
52390350,1
52389210,1
52383492,1
52332281,1
52372653,1
52344654,1
52393321,1
52308836,1
52301881,1
52330000,1
52373150,1
52349349,1
52388087,1
52393543,1
52373199,1
52373147,1
52352022,1
52312490,1
52395386,1
52396469,1
52335460,1
52280697,1
52367841,1
52398304,1
52310408,1
52367894,1
52395657,1
52356918,1
52394282,1
52323793,1
52312673,1
52397181,1
52373653,1
52397343,1
52347432,1
52353001,1
52384854,1
52397676,1
52367343,1
52310016,1
52351821,1
52397763,1
52095738,1
52381615,1
52257043,1
52393984,1
52302906,1
52302379,1
52383112,1
52315380,1
52388883,1
52400069,1
52290415,1
52291950,1
52182243,1
52344768,1
52397164,1
52325586,1
52283430,1
52392012,1
52291635,1
52328593,1
52299054,1
52400481,1
52318357,1
52393358,1
52354543,1
52266017,1
52389776,1
52374336,1
52363068,1
52400904,1
52388171,1
52378873,1
52367772,1
52219648,1
52357950,1
52368993,1
52388410,1
52394113,1
52320970,1
52318062,1
52220754,1
52297585,1
52384625,1
52372354,1
52379256,1
52352755,1
52387560,1
52300230,1
52400070,1
52394555,1
52397342,1
52383551,1
52322603,1
52386748,1
52403205,1
52318423,1
52342612,1
52343519,1
52379634,1
52384079,1
52350872,1
52265042,1
52265041,1
52337152,1
52400815,1
52392606,1
52360513,1
52309444,1
52398172,1
52399327,1
52395417,1
52399326,1
52391363,1
52322314,1
52383345,1
52397072,1
52391364,1
52374921,1
52372194,1
52383344,1
52398578,1
52328220,1
52394553,1
52394443,1
52319739,1
52344653,1
52394857,1
52390234,1
52134286,1
52392022,1
52402907,1
52394983,1
52371047,1
52389218,1
52321303,1
52400480,1
52381157,1
52387826,1
52384093,1
52389770,1
52392536,1
52343603,1
52166311,1
52400886,1
52404842,1
52290077,1
52403896,1
52318237,1
52337588,1
52399856,1
52404181,1
52390221,1
52400261,1
52384996,1
52346112,1
52405892,1
52403119,1
52362872,1
52356271,1
52361943,1
52345424,1
52252024,1
52138476,1
52398065,1
52373211,1
52378829,1
52393642,1
52354677,1
52348557,1
52392681,1
52345572,1
52332847,1
52404781,1
52377322,1
52335830,1
52319195,1
52401001,1
52402293,1
52329081,1
52343054,1
52403959,1
52390222,1
52405377,1
52328221,1
52394674,1
52405889,1
52405967,1
52334008,1
52405906,1
52370958,1
52406007,1
52373867,1
52375871,1
52342578,1
52384237,1
52298144,1
52201312,1
52384247,1
52384354,1
52398132,1
52373331,1
52301522,1
52388137,1
52321702,1
52344222,1
52407815,1
52326334,1
52329000,1
52343959,1
52268139,1
52298813,1
52405515,1
52359673,1
52394552,1
52320988,1
52330883,1
52387667,1
52401487,1
52332206,1
52398675,1
52384936,1
52406008,1
52404281,1
52375439,1
52368351,1
52348033,1
52408757,1
52389619,1
52375733,1
52398052,1
52239940,1
52371308,1
52343985,1
52334562,1
52244190,1
52401982,1
52402279,1
52297093,1
52398361,1
52367931,1
52345895,1
52375218,1
52399658,1
52358188,1
52256939,1
52384650,1
52332205,1
52406908,1
52406803,1
52301818,1
52333393,1
52389153,1
52405698,1
52408670,1
52367008,1
52362779,1
52409841,1
52397677,1
52403206,1
52392343,1
52394864,1
52374098,1
52381330,1
52373949,1
52384236,1
52409982,1
52398064,1
52364821,1
52393544,1
52390899,1
52399185,1
52406406,1
52274584,1
52276250,1
52378828,1
52393879,1
52396826,1
52320800,1
52396827,1
52408018,1
52409662,1
52371006,1
52397163,1
52409700,1
52365338,1
52297530,1
52405699,1
52397549,1
52348889,1
52357169,1
52404280,1
52389407,1
52403111,1
52405968,1
52379430,1
52340719,1
52401488,1
52234886,1
52409849,1
52359151,1
52390544,1
52357220,1
52359184,1
52382323,1
52362954,1
52409088,1
52352602,1
52373462,1
52409426,1
52310870,1
52410661,1
52367924,1
52407965,1
52237680,1
52358457,1
52409638,1
52372355,1
52397684,1
52409822,1
52408758,1
52408577,1
52370217,1
52375720,1
52292406,1
52397892,1
52359183,1
52408715,1
52398909,1
52411656,1
52237973,1
52374084,1
52357569,1
52400887,1
52388138,1
52409193,1
52407405,1
52398131,1
52376159,1
52377416,1
52288602,1
52405035,1
52402280,1
52387343,1
52413562,1
52367988,1
52386419,1
52398665,1
52413882,1
52400195,1
52361166,1
52337824,1
52382162,1
52369862,1
52393259,1
52394856,1
52347433,1
52394906,1
52409823,1
52412629,1
52379434,1
52394984,1
52404433,1
52414318,1
52398917,1
52398910,1
52384984,1
52412798,1
52353782,1
52382475,1
52342778,1
52395466,1
52333010,1
52388468,1
52291233,1
52409425,1
52344447,1
52373590,1
52412167,1
52414924,1
52385895,1
52383113,1
52309942,1
52344769,1
52405430,1
52348455,1
52264061,1
52355490,1
52402688,1
52343053,1
52354248,1
52398579,1
52411186,1
52369863,1
52387611,1
52409639,1
52368350,1
52328473,1
52389502,1
52361652,1
52412628,1
52393305,1
52334205,1
52389406,1
52412731,1
52398916,1
52409087,1
52406334,1
52371309,1
52376876,1
52379893,1
52317904,1
52412098,1
52394119,1
52412097,1
52405311,1
52410660,1
52392901,1
52412244,1
52405312,1
52381899,1
52381895,1
52333830,1
52400120,1
52327985,1
52380788,1
52239403,1
52415262,1
52405888,1
52334963,1
52415406,1
52138360,1
52412730,1
52381212,1
52245592,1
52412783,1
52417332,1
52295230,1
52411895,1
52115658,1
52373309,1
52296757,1
52409255,1
52385630,1
52345781,1
52338750,1
52412245,1
52284789,1
52354249,1
52396935,1
52361220,1
52378312,1
52383896,1
52415263,1
52406909,1
52376549,1
52306337,1
52415458,1
52373948,1
52329766,1
52379500,1
52347912,1
52357312,1
52182587,1
52350871,1
52411791,1
52235360,1
52205102,1
52318778,1
52414620,1
52407391,1
52335798,1
52370515,1
52400905,1
52379764,1
52384387,1
52274589,1
52355231,1
52413403,1
52274898,1
52416355,1
52307068,1
52402511,1
52374703,1
52402826,1
52405345,1
52348888,1
52409699,1
52361221,1
52412467,1
52405516,1
52382161,1
52409756,1
52320095,1
52415320,1
52415354,1
52415353,1
52408717,1
52348897,1
52408716,1
52405905,1
52418112,1
52376694,1
52418266,1
52357219,1
52381465,1
52415493,1
52404494,1
52254787,1
52400813,1
52359281,1
52362977,1
52411894,1
52414621,1
52406407,1
52393641,1
52236076,1
52418665,1
52410553,1
52300051,1
52338743,1
52308510,1
52416164,1
52374923,1
52394563,1
52332030,1
52415161,1
52406902,1
52365609,1
52382072,1
52392013,1
52397548,1
52419593,1
52211145,1
52376550,1
52418076,1
52322633,1
52373790,1
52411715,1
52386817,1
52419952,1
52397738,1
52421101,1
52379635,1
52412748,1
52386659,1
52364795,1
52417396,1
52409089,1
52362040,1
52407404,1
52313888,1
52420287,1
52409194,1
52334749,1
52418729,1
52403804,1
52303829,1
52351207,1
52377617,1
52385965,1
52417809,1
52341995,1
52386576,1
52361748,1
52383552,1
52420862,1
52420946,1
52409954,1
52411655,1
52412601,1
52412784,1
52421102,1
52419951,1
52420156,1
52358912,1
52184657,1
52384246,1
52357690,1
52330001,1
52411985,1
52401017,1
52373294,1
52403833,1
52421660,1
52399514,1
52357751,1
52402510,1
52396944,1
52395720,1
52404180,1
52330694,1
52327975,1
52406903,1
52422234,1
52312674,1
52323987,1
52418010,1
52350277,1
52375141,1
52395944,1
52310073,1
52415327,1
52400262,1
52403110,1
52419594,1
52412611,1
52415422,1
52387865,1
52415405,1
52417331,1
52382285,1
52418219,1
52406017,1
52390649,1
52409981,1
52420171,1
52388172,1
52407504,1
52357821,1
52376241,1
52417600,1
52343040,1
52410552,1
52323781,1
52361096,1
52417865,1
52353000,1
52412430,1
52420804,1
52386445,1
52382119,1
52420805,1
52416650,1
52362600,1
52364719,1
52423736,1
52417074,1
52390648,1
52387882,1
52359152,1
52371307,1
52425561,1
52372682,1
52421109,1
52421107,1
52269231,1
52420172,1
52377415,1
52384388,1
52392680,1
52309800,1
52367781,1
52366334,1
52296000,1
52417742,1
52417808,1
52394154,1
52373719,1
52264303,1
52295964,1
52321017,1
52404064,1
52365281,1
52364168,1
52367046,1
52380802,1
52426278,1
52425141,1
52423547,1
52422306,1
52420772,1
52371213,1
52412600,1
52417073,1
52415485,1
52270488,1
52423756,1
52386816,1
52291175,1
52378872,1
52387934,1
52401976,1
52379892,1
52379954,1
52366096,1
52423017,1
52415972,1
52424328,1
52414758,1
52337334,1
52392832,1
52424416,1
52420507,1
52367987,1
52370516,1
52385553,1
52394155,1
52406802,1
52412166,1
52397182,1
52422497,1
52390442,1
52408578,1
52397685,1
52425208,1
52389503,1
52422491,1
52423726,1
52417062,1
52415423,1
52415484,1
52425472,1
52386749,1
52384080,1
52362955,1
52364820,1
52277175,1
52421618,1
52407540,1
52423204,1
52385894,1
52405036,1
52219463,1
52353171,1
52420711,1
52330882,1
52247572,1
52336137,1
52422233,1
52373665,1
52420712,1
52425207,1
52409755,1
52420863,1
52351464,1
52392305,1
52411596,1
52401558,1
52411463,1
52425473,1
52425517,1
52361747,1
52361966,1
52368330,1
52406335,1
52387105,1
52006035,1
52379955,1
52423038,1
52359439,1
52287506,1
52425928,1
52428810,1
52424709,1
52430400,1
52417911,1
52427681,1
52349986,1
52413883,1
52416694,1
52429097,1
52328075,1
52425142,1
52429245,1
52387883,1
52428271,1
52425516,1
52386828,1
52426558,1
52431206,1
52362851,1
52423018,1
52424181,1
52381587,1
52404618,1
52382724,1
52384322,1
52424182,1
52401981,1
52370567,1
52414865,1
52360777,1
52381759,1
52424415,1
52276268,1
52268064,1
52336327,1
52416156,1
52370635,1
52408019,1
52419151,1
52093859,1
52427609,1
52387559,1
52352601,1
52394642,1
52430669,1
52426319,1
52327771,1
52406920,1
52423561,1
52402912,1
52429096,1
52343451,1
52378305,1
52430743,1
52415234,1
52429185,1
52429184,1
52432039,1
52420102,1
52328718,1
52390646,1
52420951,1
52428322,1
52429415,1
52342613,1
52382401,1
52421108,1
52426713,1
52407309,1
52421225,1
52431439,1
52388627,1
52266342,1
52430123,1
52430122,1
52349985,1
52406786,1
52424831,1
52420628,1
52330991,1
52393333,1
52370993,1
52398749,1
52419824,1
52345014,1
52432038,1
52328102,1
52382309,1
52345423,1
52431246,1
52423873,1
52349314,1
52391272,1
52366155,1
52355041,1
52388652,1
52343897,1
52391970,1
52416539,1
52417912,1
52417915,1
52426279,1
52369821,1
52398710,1
52330695,1
52387666,1
52351680,1
52418075,1
52415326,1
52433683,1
52432026,1
52393359,1
52411792,1
52386658,1
52434010,1
52409086,1
52298374,1
52409142,1
52373200,1
52432404,1
52432352,1
52426712,1
52407505,1
52298647,1
52432808,1
52425969,1
52385964,1
52374721,1
52362436,1
52347571,1
52338714,1
52427426,1
52434470,1
52397071,1
52434476,1
52426200,1
52359661,1
52430370,1
52424830,1
52429089,1
52389217,1
52367053,1
52427862,1
52427861,1
52390174,1
52428104,1
52430792,1
52426353,1
52433511,1
52411480,1
52428148,1
52433682,1
52436573,1
52434009,1
52417402,1
52404782,1
52421224,1
52382668,1
52378930,1
52426814,1
52395467,1
52434129,1
52432478,1
52414759,1
52334777,1
52415971,1
52435468,1
52365181,1
52432693,1
52425968,1
52308244,1
52373463,1
52254187,1
52387344,1
52342979,1
52263967,1
52370585,1
52402764,1
52432837,1
52413549,1
52369548,1
52434432,1
52437232,1
52426218,1
52434475,1
52390173,1
52218577,1
52417779,1
52376562,1
52380467,1
52436019,1
52433319,1
52430371,1
52365354,1
52420895,1
52430651,1
52418009,1
52426318,1
52419575,1
52428105,1
52414284,1
52437545,1
52429308,1
52426519,1
52434872,1
52420945,1
52403445,1
52409075,1
52400816,1
52342704,1
52431320,1
52410039,1
52382432,1
52423039,1
52426869,1
52438026,1
52399184,1
52323579,1
52432640,1
52428716,1
52329100,1
52432836,1
52374711,1
52362544,1
52434401,1
52430128,1
52420627,1
52333146,1
52437326,1
52436018,1
52369670,1
52423562,1
52430742,1
52437488,1
52409953,1
52421082,1
52382252,1
52423857,1
52429312,1
52434873,1
52425443,1
52342324,1
52428149,1
52315826,1
52426651,1
52404496,1
52420240,1
52439603,1
52414665,1
52382706,1
52376175,1
52398233,1
52403685,1
52432353,1
52360832,1
52366387,1
52400010,1
52420448,1
52311176,1
52439861,1
52435500,1
52262474,1
52423225,1
52437203,1
52373352,1
52324558,1
52400009,1
52368076,1
52437162,1
52372233,1
52329017,1
52432935,1
52434431,1
52438788,1
52427648,1
52321984,1
52437327,1
52438969,1
52439106,1
52408718,1
52434701,1
52434702,1
52419823,1
52387866,1
52390562,1
52429244,1
52417212,1
52437546,1
52429313,1
52186695,1
52423735,1
52382271,1
52426486,1
52423856,1
52408936,1
52420155,1
52382400,1
52439558,1
52428544,1
52439597,1
52434071,1
52249816,1
52381588,1
52404841,1
52395353,1
52439728,1
52400960,1
52322017,1
52437067,1
52430129,1
52437163,1
52438244,1
52428894,1
52432823,1
52438871,1
52433320,1
52414317,1
52405911,1
52420771,1
52439107,1
52431843,1
52389337,1
52436384,1
52440270,1
52442012,1
52432027,1
52423640,1
52442013,1
52431021,1
52415494,1
52381466,1
52226229,1
52436841,1
52400945,1
52377108,1
52434130,1
52440888,1
52428628,1
52438008,1
52358021,1
52438316,1
52275040,1
52414923,1
52427338,1
52371724,1
52329297,1
52419258,1
52441403,1
52410855,1
52433223,1
52122626,1
52365135,1
52438872,1
52373724,1
52440324,1
52437547,1
52440394,1
52422685,1
52371149,1
52368229,1
52411736,1
52426559,1
52422932,1
52376912,1
52437980,1
52282830,1
52335835,1
52373448,1
52441192,1
52442649,1
52442650,1
52432822,1
52428895,1
52260468,1
52393013,1
52398360,1
52307150,1
52434471,1
52290414,1
52442969,1
52419576,1
52415169,1
52444425,1
52410833,1
52401452,1
52440169,1
52436385,1
52442143,1
52436572,1
52398051,1
52356431,1
52439596,1
52436842,1
52440584,1
52438096,1
52439756,1
52416323,1
52413154,1
52391216,1
52417864,1
52442679,1
52437204,1
52397544,1
52435715,1
52439961,1
52400105,1
52433113,1
52440025,1
52386058,1
52440026,1
52345871,1
52416651,1
52402825,1
52445680,1
52437399,1
52376561,1
52334793,1
52394643,1
52437487,1
52369820,1
52382155,1
52431901,1
52443019,1
52444771,1
52430793,1
52443111,1
52417063,1
52379392,1
52422796,1
52430866,1
52444786,1
52444790,1
52433846,1
52445989,1
52439359,1
52425702,1
52417395,1
52217856,1
52364923,1
52283134,1
52446356,1
52443510,1
52263953,1
52305285,1
52403834,1
52442700,1
52394026,1
52392881,1
52416157,1
52445374,1
52358458,1
52405568,1
52435951,1
52437170,1
52338744,1
52401231,1
52432936,1
52343039,1
52369391,1
52444382,1
52437277,1
52425158,1
52445681,1
52445691,1
52398750,1
52396083,1
52444770,1
52425197,1
52437400,1
52341996,1
52412526,1
52422496,1
52440427,1
52420940,1
52444900,1
52407182,1
52443271,1
52444789,1
52365536,1
52407147,1
52428270,1
52440428,1
52423727,1
52442149,1
52428404,1
52436822,1
52443511,1
52431319,1
52439646,1
52409256,1
52443293,1
52385534,1
52329850,1
52437981,1
52437869,1
52400946,1
52440818,1
52440585,1
52317841,1
52413153,1
52367893,1
52416041,1
52446573,1
52439929,1
52374738,1
52372232,1
52374720,1
52445435,1
52448262,1
52330825,1
52420506,1
52426201,1
52416708,1
52393014,1
52448356,1
52445658,1
52447132,1
52447189,1
52445657,1
52436107,1
52411193,1
52447358,1
52440240,1
52415340,1
52448653,1
52420939,1
52448744,1
52448747,1
52400814,1
52447875,1
52365287,1
52437870,1
52401002,1
52407611,1
52429483,1
52443574,1
52373274,1
52440989,1
52369353,1
52424327,1
52416322,1
52424152,1
52229467,1
52407657,1
52437171,1
52446744,1
52413637,1
52292985,1
52412371,1
52410818,1
52416354,1
52394156,1
52433114,1
52448294,1
52413563,1
52419150,1
52447131,1
52320987,1
52412395,1
52375719,1
52430491,1
52442925,1
52409776,1
52439064,1
52439065,1
52365729,1
52403158,1
52414351,1
52448745,1
52423757,1
52448714,1
52448746,1
52443272,1
52382297,1
52384229,1
52392535,1
52439604,1
52410283,1
52450715,1
52328981,1
52409309,1
52449049,1
52438130,1
52449083,1
52415656,1
52370538,1
52398303,1
52357949,1
52366156,1
52340004,1
52449753,1
52407888,1
52451144,1
52446814,1
52222802,1
52448380,1
52402863,1
52447133,1
52365182,1
52357047,1
52450153,1
52451277,1
52405681,1
52448514,1
52429190,1
52448555,1
52451380,1
52450154,1
52447488,1
52443077,1
52425245,1
52407148,1
52433923,1
52450470,1
52442148,1
52422684,1
52403276,1
52376832,1
52420239,1
52399085,1
52391126,1
52423874,1
52384355,1
52340151,1
52343004,1
52345730,1
52426182,1
52345571,1
52366388,1
52443857,1
52445373,1
52416538,1
52381898,1
52419000,1
52448295,1
52437233,1
52430492,1
52441588,1
52449991,1
52404065,1
52409651,1
52440170,1
52440239,1
52441852,1
52397778,1
52450171,1
52414352,1
52425198,1
52440271,1
52429090,1
52417124,1
52402913,1
52443076,1
52434784,1
52433577,1
52392304,1
52444899,1
52448752,1
52404475,1
52338063,1
52181853,1
52420286,1
52348499,1
52450777,1
52420262,1
52446284,1
52340420,1
52349650,1
52438570,1
52380159,1
52421713,1
52444231,1
52402763,1
52451087,1
52453930,1
52436034,1
52454085,1
52447134,1
52397002,1
52423548,1
52450172,1
52440358,1
52400578,1
52454286,1
52357156,1
52383749,1
52354818,1
52403706,1
52453478,1
52448961,1
52451826,1
52385535,1
52448105,1
52440883,1
52384624,1
52445456,1
52443856,1
52448202,1
52426092,1
52366333,1
52452402,1
52387030,1
52438809,1
52341349,1
52424813,1
52453991,1
52449794,1
52380770,1
52447036,1
52451209,1
52441587,1
52449990,1
52412396,1
52416707,1
52448627,1
52451379,1
52439358,1
52448740,1
52429309,1
52415635,1
52439647,1
52418551,1
52370568,1
52449178,1
52454673,1
52321985,1
52438245,1
52398173,1
52407612,1
52205286,1
52384562,1
52442645,1
52442565,1
52442644,1
52291458,1
52451103,1
52392880,1
52329296,1
52444204,1
52447103,1
52454002,1
52428976,1
52342018,1
52426091,1
52437278,1
52444426,1
52447066,1
52450051,1
52454100,1
52454093,1
52409706,1
52455719,1
52264494,1
52454160,1
52440173,1
52454159,1
52420001,1
52429124,1
52428103,1
52439435,1
52433488,1
52430840,1
52362871,1
52453286,1
52390441,1
52436704,1
52453301,1
52428523,1
52302139,1
52439557,1
52451680,1
52457394,1
52451734,1
52451825,1
52449082,1
52432412,1
52409385,1
52428708,1
52435501,1
52451022,1
52328959,1
52454888,1
52432694,1
52441007,1
52403960,1
52441291,1
52427180,1
52456640,1
52326333,1
52448308,1
52448453,1
52438810,1
52454003,1
52366645,1
52440018,1
52458246,1
52422350,1
52426304,1
52454086,1
52448452,1
52409636,1
52367134,1
52396084,1
52430668,1
52267375,1
52411481,1
52442142,1
52457013,1
52451556,1
52422931,1
52419984,1
52328882,1
52423991,1
52456214,1
52312541,1
52418650,1
52381616,1
52449099,1
52453568,1
52453567,1
52450892,1
52449181,1
52307076,1
52357752,1
52427208,1
52444048,1
52451021,1
52368200,1
52453924,1
52447104,1
52456801,1
52382091,1
52413636,1
52417897,1
52412429,1
52459699,1
52451431,1
52401570,1
52454208,1
52457102,1
52382251,1
52457103,1
52309799,1
52428518,1
52453525,1
52450891,1
52405378,1
52456541,1
52437068,1
52460552,1
52448261,1
52453925,1
52395945,1
52406986,1
52451208,1
52455606,1
52461181,1
52454148,1
52454099,1
52415284,1
52447521,1
52458769,1
52412570,1
52453320,1
52451601,1
52414666,1
52459098,1
52414866,1
52423103,1
52459097,1
52457549,1
52174446,1
52395458,1
52414904,1
52416226,1
52387330,1
52334561,1
52434317,1
52368009,1
52373591,1
52458250,1
52424983,1
52461023,1
52384805,1
52434694,1
52434693,1
52411462,1
52371884,1
52456898,1
52420950,1
52272492,1
52408935,1
52454157,1
52459763,1
52459700,1
52445730,1
52357155,1
52412619,1
52428405,1
52434941,1
52401016,1
52462839,1
52427048,1
52354678,1
52345896,1
52463110,1
52461960,1
52452133,1
52438097,1
52453699,1
52373293,1
52451161,1
52368022,1
52455175,1
52459472,1
52343195,1
52462204,1
52462203,1
52458166,1
52458165,1
52423639,1
52393985,1
52456789,1
52459544,1
52459660,1
52384649,1
52456790,1
52436035,1
52315482,1
52454094,1
52392365,1
52412737,1
52422463,1
52366051,1
52464634,1
52434072,1
52428709,1
52457548,1
52449075,1
52246914,1
52446715,1
52377321,1
52435602,1
52412043,1
52434265,1
52459251,1
52406785,1
52448307,1
52410040,1
52401230,1
52390235,1
52348454,1
52451086,1
52399905,1
52441582,1
52450050,1
52442924,1
52462345,1
52459661,1
52463775,1
52455605,1
52436196,1
52451430,1
52419858,1
52464224,1
52465371,1
52266016,1
52447874,1
52442407,1
52382631,1
52457309,1
52456614,1
52428823,1
52392831,1
52410462,1
52466083,1
52413404,1
52445564,1
52447065,1
52452545,1
52458245,1
52389173,1
52427682,1
52412612,1
52365751,1
52420888,1
52453171,1
52461597,1
52442317,1
52407166,1
52461557,1
52414533,1
52451526,1
52421105,1
52328819,1
52467344,1
52418552,1
52403686,1
52420226,1
52460181,1
52464648,1
52451966,1
52412042,1
52035068,1
52453603,1
52409143,1
52418649,1
52446283,1
52373440,1
52461961,1
52395459,1
52378929,1
52457684,1
52465938,1
52407814,1
52457894,1
52459471,1
52459419,1
52438719,1
52466355,1
52467743,1
52412372,1
52400275,1
52376538,1
52431902,1
52409705,1
52463792,1
52417068,1
52447489,1
52433512,1
52461556,1
52441851,1
52464223,1
52433777,1
52420857,1
52468202,1
52384050,1
52418235,1
52407308,1
52467337,1
52467343,1
52391127,1
52426720,1
52437779,1
52373449,1
52464755,1
52396582,1
52439729,1
52459543,1
52456639,1
52448379,1
52436106,1
52452401,1
52454158,1
52466602,1
52423333,1
52458429,1
52458198,1
52397891,1
52464196,1
52448659,1
52456899,1
52387509,1
52459734,1
52420002,1
52456173,1
52421077,1
52421083,1
52412021,1
52399515,1
52467289,1
52442408,1
52465907,1
52470253,1
52466065,1
52417778,1
52405346,1
52469126,1
52470604,1
52438555,1
52458249,1
52425050,1
52461024,1
52447474,1
52285846,1
52430841,1
52461468,1
52444868,1
52444867,1
52468095,1
52439556,1
52412618,1
52430979,1
52412799,1
52184792,1
52391507,1
52420369,1
52453490,1
52462840,1
52435081,1
52464647,1
52434266,1
52367755,1
52438315,1
52381896,1
52363199,1
52466064,1
52391249,1
52464921,1
52417860,1
52465036,1
52463776,1
52411043,1
52462358,1
52466537,1
52463968,1
52454072,1
52382092,1
52469301,1
52443121,1
52465235,1
52458768,1
52426485,1
52468204,1
52472729,1
52468201,1
52284152,1
52363015,1
52407320,1
52451681,1
52443292,1
52443342,1
52470154,1
52472921,1
52460244,1
52431371,1
52468600,1
52468660,1
52470258,1
52465788,1
52376141,1
52457734,1
52468839,1
52445294,1
52451143,1
52445455,1
52428807,1
52470509,1
52440019,1
52405605,1
52018824,1
52456802,1
52437366,1
52463791,1
52458444,1
52451278,1
52448658,1
52465234,1
52375156,1
52370138,1
52426520,1
52472564,1
52440416,1
52454277,1
52456044,1
52470050,1
52468203,1
52404497,1
52331786,1
52468456,1
52437780,1
52457558,1
52440817,1
52465902,1
52463111,1
52399353,1
52423137,1
52471617,1
52473117,1
52473118,1
52464920,1
52459303,1
52273716,1
52309913,1
52456494,1
52453877,1
52473244,1
52438593,1
52469302,1
52377616,1
52475015,1
52475133,1
52321110,1
52454149,1
52466603,1
52472356,1
52443120,1
52459712,1
52451532,1
52434800,1
52473723,1
52459972,1
52470102,1
52382562,1
52438225,1
52464556,1
52448916,1
52403897,1
52403570,1
52438027,1
52384323,1
52468531,1
52390013,1
52355174,1
52438224,1
52449518,1
52427339,1
52445434,1
52446815,1
52453653,1
52449752,1
52441407,1
52424793,1
52447316,1
52463962,1
52474832,1
52379372,1
52474831,1
52475014,1
52414283,1
52434822,1
52448652,1
52473656,1
52453306,1
52434801,1
52475547,1
52462677,1
52389769,1
52476504,1
52453602,1
52440497,1
52476715,1
52420227,1
52442490,1
52464756,1
52459338,1
52475845,1
52456499,1
52385631,1
52475869,1
52424267,1
52428627,1
52475957,1
52432600,1
52448291,1
52459418,1
52473181,1
52351391,1
52379023,1
52460710,1
52426128,1
52469127,1
52426303,1
52405606,1
52458425,1
52472191,1
52477672,1
52395860,1
52474935,1
52448612,1
52422307,1
52463930,1
52476250,1
52476282,1
52464066,1
52458666,1
52445988,1
52473655,1
52453321,1
52425546,1
52310497,1
52476505,1
52462852,1
52370558,1
52367856,1
52453700,1
52385789,1
52386059,1
52448159,1
52423279,1
52452055,1
52471618,1
52448043,1
52385552,1
52469186,1
52441931,1
52465041,1
52448556,1
52470580,1
52474934,1
52447190,1
52350091,1
52459764,1
52447359,1
52458426,1
52472190,1
52479126,1
52476283,1
52470792,1
52443018,1
52408669,1
52440393,1
52475521,1
52464557,1
52442406,1
52423138,1
52409205,1
52432721,1
52412934,1
52474327,1
52477206,1
52399659,1
52438537,1
52467597,1
52478772,1
52465040,1
52410834,1
52470678,1
52382723,1
52464942,1
52452802,1
52475132,1
52448753,1
52433763,1
52461596,1
52479229,1
52431245,1
52434785,1
52425703,1
52393441,1
52461808,1
52479288,1
52459945,1
52470103,1
52473860,1
52478384,1
52449032,1
52476716,1
52449050,1
52465760,1
52451878,1
52445184,1
52478477,1
52409384,1
52435469,1
52477070,1
52479852,1
52428809,1
52468969,1
52451029,1
52266444,1
52394197,1
52458197,1
52472002,1
52418029,1
52434653,1
52467836,1
52477609,1
52412571,1
52349841,1
52434601,1
52480446,1
52442964,1
52447274,1
52480615,1
52470791,1
52418113,1
52459852,1
52420101,1
52449098,1
52399143,1
52400965,1
52470257,1
52370539,1
52382839,1
52452054,1
52475764,1
52479854,1
52482656,1
52463362,1
52420537,1
52478752,1
52439962,1
52384744,1
52478733,1
52438720,1
52447247,1
52480433,1
52480445,1
52465035,1
52389172,1
52480807,1
52382272,1
52458916,1
52453307,1
52432021,1
52429413,1
52324595,1
52481182,1
52473936,1
52475597,1
52315336,1
52476644,1
52459147,1
52476852,1
52481332,1
52482621,1
52452132,1
52358515,1
52477071,1
52475759,1
52468759,1
52445555,1
52456637,1
52427608,1
52394205,1
52397001,1
52423495,1
52464972,1
52416853,1
52473410,1
52385784,1
52483238,1
52437367,1
52483153,1
52288794,1
52447520,1
52379393,1
52450249,1
52476403,1
52404434,1
52426615,1
52481993,1
52481994,1
52478093,1
52433776,1
52421106,1
52459944,1
52457310,1
52479401,1
52412012,1
52460007,1
52468406,1
52479539,1
52440887,1
52443575,1
52465691,1
52432479,1
52484111,1
52446355,1
52438131,1
52473085,1
52441404,1
52478753,1
52421714,1
52485492,1
52474518,1
52426181,1
52467742,1
52300334,1
52462243,1
52470505,1
52463963,1
52483392,1
52457014,1
52479003,1
52483391,1
52483475,1
52405912,1
52480563,1
52416852,1
52458780,1
52447327,1
52453170,1
52475416,1
52478325,1
52393306,1
52475596,1
52478383,1
52424268,1
52448929,1
52475611,1
52468455,1
52440725,1
52369258,1
52478573,1
52374460,1
52453876,1
52484284,1
52445563,1
52276463,1
52426352,1
52487110,1
52391813,1
52485995,1
52404127,1
52439389,1
52458667,1
52449832,1
52459851,1
52476379,1
52451595,1
52481956,1
52468152,1
52480988,1
52313546,1
52456215,1
52482066,1
52428543,1
52462824,1
52482270,1
52456255,1
52454614,1
52463361,1
52486868,1
52382683,1
52486985,1
52347008,1
52388651,1
52453718,1
52459344,1
52453931,1
52429123,1
52487202,1
52477566,1
52451259,1
52487269,1
52470679,1
52487362,1
52456858,1
52455596,1
52487327,1
52455828,1
52488998,1
52384072,1
52431205,1
52464446,1
52382310,1
52309321,1
52470072,1
52483967,1
52449320,1
52421659,1
52441277,1
52409311,1
52441371,1
52437108,1
52486986,1
52489825,1
52470579,1
52367170,1
52369354,1
52489961,1
52467837,1
52435603,1
52442963,1
52465063,1
52487361,1
52409850,1
52469613,1
52431022,1
52472710,1
52468136,1
52473724,1
52434942,1
52475612,1
52476731,1
52373146,1
52465734,1
52440704,1
52468326,1
52481286,1
52475760,1
52402372,1
52478625,1
52474517,1
52478758,1
52478759,1
52451160,1
52416793,1
52456663,1
52456540,1
52389115,1
52449707,1
52489952,1
52469107,1
52483141,1
52477610,1
52477649,1
52441753,1
52433465,1
52454230,1
52480689,1
52456820,1
52422490,1
52412736,1
52417211,1
52470909,1
52451525,1
52429414,1
52460008,1
52478348,1
52492294,1
52472907,1
52448962,1
52484116,1
52474326,1
52412022,1
52488195,1
52477215,1
52434400,1
52470506,1
52380158,1
52439994,1
52487106,1
52487109,1
52492656,1
52461087,1
52492714,1
52491491,1
52384743,1
52480564,1
52483359,1
52428323,1
52491730,1
52470798,1
52439434,1
52419922,1
52392229,1
52448741,1
52440395,1
52432078,1
52367392,1
52448817,1
52481181,1
52492328,1
52484110,1
52490856,1
52479836,1
52481463,1
52439862,1
52459288,1
52425912,1
52485373,1
52473296,1
52408310,1
52367932,1
52492573,1
52430350,1
52469359,1
52415310,1
52480589,1
52488708,1
52451419,1
52487430,1
52458781,1
52470799,1
52486511,1
52472617,1
52484927,1
52449182,1
52288553,1
52476851,1
52492316,1
52495033,1
52486779,1
52376240,1
52489744,1
52243281,1
52477214,1
52493569,1
52434318,1
52485421,1
52482848,1
52428977,1
52351390,1
52353170,1
52438606,1
52448513,1
52455595,1
52450124,1
52490078,1
52436305,1
52470816,1
52414220,1
52492804,1
52494683,1
52493004,1
52447548,1
52478324,1
52467288,1
52470073,1
52243263,1
52446602,1
52489561,1
52425915,1
52306786,1
52463099,1
52465903,1
52454615,1
52470270,1
52442545,1
52453654,1
52463228,1
52494002,1
52470510,1
52459539,1
52422281,1
52478887,1
52480545,1
52490079,1
52447315,1
52462402,1
52436182,1
52458900,1
52489291,1
52480806,1
52472562,1
52472728,1
52489290,1
52443223,1
52418220,1
52481285,1
52496380,1
52438009,1
52427427,1
52386418,1
52428864,1
52428808,1
52448292,1
52437107,1
52462242,1
52491492,1
52375089,1
52488488,1
52491609,1
52477671,1
52438568,1
52425157,1
52491610,1
52476249,1
52398674,1
52480669,1
52498450,1
52458641,1
52494682,1
52478163,1
52498529,1
52489442,1
52484955,1
52482178,1
52496073,1
52478392,1
52459245,1
52401022,1
52457559,1
52452481,1
52435777,1
52498116,1
52496581,1
52456821,1
52466385,1
52459538,1
52489978,1
52481653,1
52464065,1
52484528,1
52397545,1
52371245,1
52469614,1
52489140,1
52483476,1
52358939,1
52464297,1
52495860,1
52483935,1
52449381,1
52476656,1
52484928,1
52471072,1
52492183,1
52432809,1
52448138,1
52482599,1
52468968,1
52371887,1
52490944,1
52481652,1
52470521,1
52300231,1
52483045,1
52499655,1
52499776,1
52478943,1
52499775,1
52475289,1
52501188,1
52498451,1
52492963,1
52489139,1
52492024,1
52497714,1
52457212,1
52490430,1
52462676,1
52492182,1
52465981,1
52427049,1
52472944,1
52463098,1
52496253,1
52451939,1
52389923,1
52501831,1
52468537,1
52495297,1
52475940,1
52482657,1
52484147,1
52502123,1
52371888,1
52456785,1
52492725,1
52412644,1
52165624,1
52082986,1
52480688,1
52487270,1
52447475,1
52453093,1
52464195,1
52405535,1
52371184,1
52451391,1
52494539,1
52469755,1
52502992,1
52446029,1
52495859,1
52483934,1
52484027,1
52501581,1
52371764,1
52488056,1
52493810,1
52485463,1
52490857,1
52442489,1
52501830,1
52473182,1
52495298,1
52492535,1
52456638,1
52499357,1
52481478,1
52463229,1
52390279,1
52461086,1
52390581,1
52469106,1
52463925,1
52424736,1
52435714,1
52499851,1
52501078,1
52490038,1
52501205,1
52481761,1
52480546,1
52501206,1
52502991,1
52420912,1
52439388,1
52479179,1
52454209,1
52365537,1
52359048,1
52399142,1
52443343,1
52504213,1
52410463,1
52503366,1
52460623,1
52392862,1
52296928,1
52496457,1
52495278,1
52463278,1
52473093,1
52452544,1
52503838,1
52443222,1
52477650,1
52502521,1
52472357,1
52452780,1
52486319,1
52501083,1
52492913,1
52448626,1
52505572,1
52483627,1
52315335,1
52502986,1
52498592,1
52387825,1
52489454,1
52473980,1
52465761,1
52438554,1
52387031,1
52417743,1
52465735,1
52486919,1
52416165,1
52446601,1
52504771,1
52504772,1
52504791,1
52506274,1
52457752,1
52435950,1
52470522,1
52492536,1
52411042,1
52487105,1
52492563,1
52480136,1
52496981,1
52506661,1
52503888,1
52458678,1
52343545,1
52503929,1
52479125,1
52498517,1
52478182,1
52476453,1
52365728,1
52476732,1
52485183,1
52493303,1
52483927,1
52488077,1
52468327,1
52432854,1
52468640,1
52507543,1
52495313,1
52427319,1
52457685,1
52488362,1
52495279,1
52475765,1
52435776,1
52473086,1
52506323,1
52460711,1
52404045,1
52502360,1
52416438,1
52487201,1
52484529,1
52497235,1
52492803,1
52483140,1
52466386,1
52492832,1
52503887,1
52441754,1
52481886,1
52506613,1
52498516,1
52458987,1
52342674,1
52474108,1
52432461,1
52423102,1
52507418,1
52509148,1
52494001,1
52469550,1
52507856,1
52477606,1
52419259,1
52509303,1
52275072,1
52509381,1
52499898,1
52506671,1
52455918,1
52465307,1
52466774,1
52501142,1
52469756,1
52461469,1
52454387,1
52490431,1
52500583,1
52482238,1
52467564,1
52428717,1
52508871,1
52398232,1
52474253,1
52504699,1
52507544,1
52468639,1
52492655,1
52417761,1
52416537,1
52498117,1
52465172,1
52505216,1
52406763,1
52362437,1
52497236,1
52506599,1
52491759,1
52487326,1
52470766,1
52441932,1
52418236,1
52498591,1
52487515,1
52419857,1
52426650,1
52481289,1
52417401,1
52470082,1
52345731,1
52493304,1
52345556,1
52496379,1
52473935,1
52374808,1
52396934,1
52441193,1
52374575,1
52451028,1
52427678,1
52426368,1
52433224,1
52402373,1
52483152,1
52374970,1
52326444,1
52454116,1
52438312,1
52506573,1
52499897,1
52505573,1
52492724,1
52508400,1
52456043,1
52447873,1
52486778,1
52486824,1
52492317,1
52476979,1
52440990,1
52506292,1
52504792,1
52417760,1
52449833,1
52460732,1
52507744,1
52513615,1
52452914,1
52433350,1
52506527,1
52501082,1
52466356,1
52485930,1
52491760,1
52464358,1
52508399,1
52489037,1
52492919,1
52484776,1
52492013,1
52428524,1
52437899,1
52500484,1
52503231,1
52492327,1
52486978,1
52468317,1
52507306,1
52512903,1
52486991,1
52451967,1
52495235,1
52460879,1
52510542,1
52513306,1
52504993,1
52478767,1
52499360,1
52513392,1
52403118,1
52509302,1
52509330,1
52503930,1
52495568,1
52509429,1
52415317,1
52481887,1
52380942,1
52477766,1
52495794,1
52466938,1
52497673,1
52436867,1
52508817,1
52479863,1
52437115,1
52425927,1
52489635,1
52507417,1
52448203,1
52482600,1
52507305,1
52506291,1
52457395,1
52514511,1
52514506,1
52481464,1
52488489,1
52489960,1
52506560,1
52509325,1
52514729,1
52499654,1
52412645,1
52440323,1
52473295,1
52505565,1
52512141,1
52506756,1
52511045,1
52490086,1
52476454,1
52500261,1
52495795,1
52497672,1
52464447,1
52393462,1
52459927,1
52487750,1
52460243,1
52479903,1
52486741,1
52358516,1
52479855,1
52391456,1
52515709,1
52456598,1
52441290,1
52511866,1
52437114,1
52449795,1
52480434,1
52430351,1
52481672,1
52491499,1
52487516,1
52498430,1
52506672,1
52480989,1
52508406,1
52512259,1
52492025,1
52482275,1
52428588,1
52497875,1
52454963,1
52514507,1
52515885,1
52501970,1
52476022,1
52483111,1
52515872,1
52459387,1
52509094,1
52452803,1
52395656,1
52501066,1
52470815,1
52514978,1
52516557,1
52489038,1
52420911,1
52505736,1
52512342,1
52314161,1
52392424,1
52479228,1
52476645,1
52489408,1
52506054,1
52479402,1
52518537,1
52445770,1
52517373,1
52496458,1
52506275,1
52511803,1
52503614,1
52516082,1
52423224,1
52507683,1
52348775,1
52463481,1
52518946,1
52500990,1
52350262,1
52484466,1
52502522,1
52517606,1
52517670,1
52492849,1
52477605,1
52472517,1
52361931,1
52436772,1
52426614,1
52502985,1
52517893,1
52484812,1
52412749,1
52392364,1
52485010,1
52503243,1
52484028,1
52478525,1
52486904,1
52496074,1
52431438,1
52493570,1
52520158,1
52507684,1
52486977,1
52513131,1
52390042,1
52509149,1
52459568,1
52518947,1
52459664,1
52462344,1
52521922,1
52512140,1
52516630,1
52475399,1
52487494,1
52520656,1
52512341,1
52481228,1
52503364,1
52501688,1
52517253,1
52465789,1
52449237,1
52500508,1
52520091,1
52495234,1
52448320,1
52475844,1
52499448,1
52518536,1
52506528,1
52523004,1
52507921,1
52509329,1
52517540,1
52433331,1
52402864,1
52426367,1
52480897,1
52511044,1
52519382,1
52521960,1
52506549,1
52519511,1
52451348,1
52441967,1
52476380,1
52522304,1
52519621,1
52455205,1
52524231,1
52465129,1
52520173,1
52460880,1
52511961,1
52492715,1
52479004,1
52466683,1
52479178,1
52514944,1
52513630,1
52493005,1
52448544,1
52480614,1
52403275,1
52508405,1
52522368,1
52517922,1
52522624,1
52522623,1
52445183,1
52518393,1
52515512,1
52511804,1
52451837,1
52406921,1
52511867,1
52477305,1
52524449,1
52466082,1
52514703,1
52419001,1
52517518,1
52455023,1
52512086,1
52472001,1
52494319,1
52454117,1
52525940,1
52464046,1
52483360,1
52509326,1
52514869,1
52519381,1
52475290,1
52494871,1
52447559,1
52419983,1
52515092,1
52086937,1
52396327,1
52482239,1
52068351,1
52518093,1
52506300,1
52518307,1
52506975,1
52495094,1
52488363,1
52477304,1
52374969,1
52506299,1
52491248,1
52496862,1
52517517,1
52488444,1
52451041,1
52478738,1
52514728,1
52446856,1
52525903,1
52527560,1
52520471,1
52525998,1
52505688,1
52522017,1
52486510,1
52512210,1
52517849,1
52526119,1
52418267,1
52433762,1
52453477,1
52417693,1
52486644,1
52462851,1
52464821,1
52442566,1
52528180,1
52439757,1
52461809,1
52454874,1
52526526,1
52495182,1
52486905,1
52440884,1
52475868,1
52459304,1
52465171,1
52484357,1
52477731,1
52473411,1
52528555,1
52478739,1
52497220,1
52514945,1
52478054,1
52448543,1
52459666,1
52527777,1
52503968,1
52494540,1
52516558,1
52498429,1
52491500,1
52519512,1
52509643,1
52515072,1
52482197,1
52504329,1
52529129,1
52492293,1
52489544,1
52467338,1
52528222,1
52464678,1
52463482,1
52520112,1
52515513,1
52497855,1
52517219,1
52477207,1
52416227,1
52432601,1
52495183,1
52484358,1
52509084,1
52528449,1
52375219,1
52436183,1
52510541,1
52473245,1
52521605,1
52516376,1
52520306,1
52500950,1
52521921,1
52510703,1
52513624,1
52484506,1
52516375,1
52527348,1
52525939,1
52524782,1
52475208,1
52514926,1
52433349,1
52505564,1
52530473,1
52516629,1
52318627,1
52493205,1
52501580,1
52440498,1
52501488,1
52468838,1
52529395,1
52528221,1
52487737,1
52512731,1
52499091,1
52497937,1
52528450,1
52395677,1
52477462,1
52529936,1
52490039,1
52509255,1
52530014,1
52427181,1
52503778,1
52511134,1
52509368,1
52498396,1
52530390,1
52511241,1
52488997,1
52498353,1
52519453,1
52501282,1
52528872,1
52372683,1
52468151,1
52478162,1
52478349,1
52531751,1
52225205,1
52519806,1
52474049,1
52405429,1
52526604,1
52449517,1
52521339,1
52314076,1
52531104,1
52423278,1
52520159,1
52526977,1
52485374,1
52500868,1
52497067,1
52527289,1
52415283,1
52514925,1
52510879,1
52522303,1
52433924,1
52533256,1
52494708,1
52522367,1
52475714,1
52531750,1
52523774,1
52472906,1
52497735,1
52478609,1
52485422,1
52530908,1
52428824,1
52460182,1
52485464,1
52475715,1
52444205,1
52526976,1
52399906,1
52489716,1
52464973,1
52518895,1
52459388,1
52513211,1
52525740,1
52525749,1
52448598,1
52462357,1
52505323,1
52531468,1
52524802,1
52531360,1
52478766,1
52456857,1
52533219,1
52463931,1
52534345,1
52523182,1
52517669,1
52519622,1
52394705,1
52533231,1
52462674,1
52492339,1
52503242,1
52448930,1
52497854,1
52512737,1
52454875,1
52530909,1
52486918,1
52239404,1
52531003,1
52499270,1
52533819,1
52493809,1
52532190,1
52478617,1
52293294,1
52532519,1
52449468,1
52467856,1
52488445,1
52496868,1
52525904,1
52458679,1
52525892,1
52513629,1
52524783,1
52494872,1
52526037,1
52514979,1
52515071,1
52531625,1
52528871,1
52484800,1
52528790,1
52505858,1
52484799,1
52465370,1
52534511,1
52512541,1
52481271,1
52470153,1
52497736,1
52529396,1
52512877,1
52401444,1
52097633,1
52532515,1
52457781,1
52520470,1
52503940,1
52514929,1
52535948,1
52534377,1
52533232,1
52448597,1
52517796,1
52497537,1
52486470,1
52371497,1
52506976,1
52508811,1
52492247,1
52394027,1
52528179,1
52531078,1
52531044,1
52490825,1
52485599,1
52531111,1
52527069,1
52476011,1
52533994,1
52517374,1
52527111,1
52444230,1
52532783,1
52516284,1
52448355,1
52437374,1
52486536,1
52505479,1
52472518,1
52506755,1
52509430,1
52484507,1
52528746,1
52516421,1
52529128,1
52490824,1
52503365,1
52460498,1
52472925,1
52536576,1
52420493,1
52492668,1
52501971,1
52521539,1
52485857,1
52491332,1
52451258,1
52487339,1
52535728,1
52535795,1
52528747,1
52451390,1
52535822,1
52512211,1
52537044,1
52539829,1
52533200,1
52500103,1
52467944,1
52499852,1
52531515,1
52534344,1
52537170,1
52390679,1
52440726,1
52485302,1
52534761,1
52536434,1
52537544,1
52537545,1
52450776,1
52472924,1
52508990,1
52536553,1
52490951,1
52475953,1
52503615,1
52430980,1
52484285,1
52509095,1
52531263,1
52372195,1
52509262,1
52534161,1
52165227,1
52494709,1
52509417,1
52536981,1
52539719,1
52541375,1
52530131,1
52531467,1
52513614,1
52539814,1
52531624,1
52494808,1
52494551,1
52530708,1
52458901,1
52482050,1
52482049,1
52533561,1
52504328,1
52530880,1
52536490,1
52518310,1
52522720,1
52476978,1
52529231,1
52530925,1
52506157,1
52460497,1
52499271,1
52532181,1
52513212,1
52540726,1
52538117,1
52478624,1
52507743,1
52527290,1
52540934,1
52499593,1
52454964,1
52518900,1
52467943,1
52535729,1
52534160,1
52478998,1
52527347,1
52514878,1
52536913,1
52530283,1
52494261,1
52541508,1
52522296,1
52531516,1
52535940,1
52514930,1
52389674,1
52520543,1
52469831,1
52506055,1
52532031,1
52536463,1
52507299,1
52522719,1
52394198,1
52500699,1
52466323,1
52515886,1
52540935,1
52543821,1
52502412,1
52541088,0
52505215,1
52454185,1
52532884,1
52535949,1
52514875,1
52528789,1
52537161,1
52542674,1
52542673,1
52508668,1
52494935,1
52517892,1
52429482,1
52451040,1
52533748,1
52539257,1
52468532,1
52541979,1
52532284,1
52543288,1
52543572,1
52535174,1
52509101,1
52535328,1
52441372,1
52521451,1
52445729,1
52441276,1
52473381,1
52531377,1
52541252,1
52505744,1
52520353,1
52536933,1
52542477,1
52528540,1
52487340,1
52520301,1
52544123,1
52467907,1
52424982,1
52545352,1
52519454,1
52544410,1
52538949,1
52490253,1
52494772,1
52512644,1
52536491,1
52545932,1
52536554,1
52544778,1
52465690,1
52530973,1
52512486,1
52512732,1
52453732,1
52522901,1
52535134,1
52535280,1
52466324,1
52535173,1
52525748,1
52543697,1
52535219,1
52472149,1
52519020,1
52500989,1
52536982,1
52535823,1
52533255,1
52453287,1
52542582,1
52547012,1
52508924,1
52504700,1
52512643,1
52523573,1
52349701,1
52473061,1
52515710,1
52526400,1
52414903,1
52518173,1
52489777,1
52507300,1
52535229,1
52533995,1
52545118,1
52539528,1
52507847,1
52375090,1
52546627,1
52545167,0
52465130,1
52498354,1
52546763,1
52530284,1
52528539,1
52542474,1
52544064,1
52461154,1
52517850,1
52547013,1
52494773,1
52464359,1
52526118,1
52486825,1
52501523,1
52536344,1
52487736,1
52543179,1
52548749,1
52475824,1
52488194,1
52493613,1
52531098,1
52544963,1
52535281,1
52403805,1
52546385,1
52511960,1
52481673,1
52547813,1
52469222,1
52469221,1
52477463,1
52538337,1
52419514,1
52499592,1
52528560,1
52542478,1
52505322,1
52537043,1
52546926,1
52466775,1
52548087,1
52495678,1
52473535,1
52548151,1
52541406,1
52548125,1
52517667,1
52470767,1
52539916,1
52544357,1
52514003,1
52508667,1
52517101,1
52493102,1
52529107,1
52496087,1
52545942,1
52504212,1
52543034,1
52501689,1
52531077,1
52479853,1
52518344,1
52473979,1
52499361,1
52499090,1
52478866,1
52546441,1
52409777,1
52529975,1
52503736,1
52520352,1
52531305,1
52510680,1
52465210,1
52506548,1
52541184,1
52517605,1
52550798,1
52550797,1
52549611,1
52544356,1
52549765,1
52548152,1
52538873,1
52395385,1
52507334,1
52551426,1
52478616,1
52545994,1
52543178,1
52518657,1
52495095,1
52530953,1
52550445,1
52511765,1
52399352,1
52533919,1
52524410,1
52492707,1
52535543,1
52549183,1
52505289,1
52550696,1
52544115,1
52549538,1
52539808,1
52539718,1
52531556,1
52528757,1
52527778,1
52550971,1
52541405,1
52525966,1
52547354,1
52538872,1
52542768,1
52481957,1
52526185,1
52523438,1
52490299,1
52444749,1
52493101,1
52534757,1
52550291,1
52543051,1
52514357,1
52540334,1
52551427,1
52484115,1
52548743,1
52545995,1
52482276,1
52504639,1
52551753,1
52532182,1
52532520,1
52544964,1
52546345,1
52502416,1
52453990,1
52510704,1
52544024,1
52543911,1
52521823,1
52525868,1
52513427,1
52478183,1
52544063,1
52539820,1
52548145,1
52486537,1
52492833,1
52534378,1
52544282,1
52512367,1
52536343,1
52520975,1
52539089,1
52537346,1
52542857,1
52465906,1
52503193,1
52528026,1
52519805,1
52530910,1
52544666,1
52446236,1
52514325,1
52543063,1
52541933,1
52553150,1
52553220,1
52468659,1
52543573,1
52532714,1
52474359,1
52517245,1
52535419,1
52539625,1
52484362,1
52493802,1
52500835,1
52465209,1
52552235,1
52549531,1
52544025,1
52524626,1
52506598,1
52534081,1
52555254,1
52535941,1
52553721,1
52545446,1
52553843,1
52551090,1
52551196,1
52528990,1
52511596,1
52520019,1
52553056,1
52548671,1
52548672,1
52455204,1
52554377,1
52550459,1
52513132,1
52546298,1
52553221,1
52415160,1
52533891,1
52532563,1
52545049,1
52551823,1
52516098,1
52541119,1
52555092,1
52478942,1
52552272,1
52555216,1
52496982,1
52538614,1
52550928,1
52555253,1
52539828,1
52516536,1
52538996,1
52553778,1
52526184,1
52553844,1
52533322,1
52494936,1
52497807,1
52470083,1
52440499,1
52554147,1
52551197,1
52530848,1
52545943,1
52554383,1
52557155,1
52517242,1
52539312,1
52556034,1
52446913,1
52548859,1
52535220,1
52550551,1
52553321,1
52485754,1
52455284,1
52539503,1
52543910,1
52442970,1
52552234,1
52480668,1
52417089,1
52367047,1
52558023,1
52546927,1
52534131,1
52549839,1
52533126,1
52514004,1
52532022,1
52542020,1
52496088,1
52558629,1
52542021,1
52512904,1
52384527,1
52544779,1
52541978,1
52539311,1
52555989,1
52547649,1
52485481,1
52551797,1
52485218,1
52556033,1
52518658,1
52550606,1
52525591,1
52538118,1
52475958,1
52513305,1
52459267,1
52461057,1
52533116,1
52536914,1
52512132,1
52528697,1
52544124,1
52550767,1
52550766,1
52559199,1
52517666,1
52553751,1
52544278,1
52537160,1
52547193,1
52511242,1
52519839,1
52497865,1
52551318,1
52523596,1
52532004,1
52553094,1
52526603,1
52455024,1
52559764,1
52554133,1
52543321,1
52559885,1
52536599,1
52514532,1
52557206,1
52557154,1
52488170,1
52524212,1
52558860,1
52523003,1
52560176,1
52531306,1
52533870,1
52509256,1
52549450,1
52552352,1
52556336,1
52550862,1
52549454,1
52550861,1
52538948,1
52544283,1
52531557,1
52552599,1
52558246,1
52498397,1
52550150,1
52508741,1
52550168,1
52555757,1
52511597,1
52536464,1
52519851,1
52514324,1
52558596,1
52559886,1
52484107,1
52526791,1
52548627,1
52532283,1
52554366,1
52560171,1
52546586,1
52529910,1
52546607,1
52536831,1
52543696,1
52560498,1
52552203,1
52509380,1
52489977,1
52552353,1
52535973,1
52561938,1
52522027,1
52512125,1
52562021,1
52512221,1
52562020,1
52537171,1
52558203,1
52472561,1
52553777,1
52520655,1
52374097,1
52512485,1
52506167,1
52495917,1
52558548,1
52497808,1
52545799,1
52558630,1
52512738,1
52509962,1
52529262,1
52560172,1
52517244,1
52561660,1
52411016,1
52559041,1
52556287,1
52411017,1
52440396,1
52555410,1
52556432,1
52520544,1
52527739,1
52541553,1
52454386,1
52558485,1
52561229,1
52556731,1
52530924,1
52558484,1
52558549,1
52532032,1
52456256,1
52531043,1
52561340,1
52554123,1
52511758,1
52535051,1
52529383,1
52557115,1
52527110,1
52493851,1
52560109,1
52549532,1
52463906,1
52521955,1
52483046,1
52499449,1
52495478,1
52561835,1
52514876,1
52557833,1
52557862,1
52489951,1
52557834,1
52553694,1
52563573,1
52559113,1
52516655,1
52564719,1
52561930,1
52560833,1
52553625,1
52559203,1
52537074,1
52562029,1
52467906,1
52524608,1
52533199,1
52524685,1
52471095,1
52511639,1
52550200,1
52489455,1
52564082,1
52548700,1
52564165,1
52515582,1
52517243,1
52554367,1
52556844,1
52562526,1
52534822,1
52549114,1
52551591,1
52559842,1
52543365,1
52558831,1
52558832,1
52478732,1
52559984,1
52553341,1
52452781,1
52549182,1
52524207,1
52504880,1
52543820,1
52560722,1
52537073,1
52542555,1
52489267,1
52505743,1
52564720,1
52558024,1
52503941,1
52527740,1
52548144,1
52395251,1
52539256,1
52564964,1
52529188,1
52457492,1
52523633,1
52459268,1
52462955,1
52514588,1
52459345,1
52558859,1
52552064,1
52460551,1
52546764,1
52299900,1
52554825,1
52563210,1
52481655,1
52527254,1
52546855,1
52521450,1
52501143,1
52462675,1
52443110,1
52553722,1
52555494,1
52516606,1
52563742,1
52555409,1
52550886,1
52522511,1
52520534,1
52418666,1
52566782,1
52537411,1
52561444,1
52478608,1
52526401,1
52400966,1
52529199,1
52568022,1
52553149,1
52557047,1
52565250,1
52566963,1
52532382,1
52558665,1
52566996,1
52554382,1
52564332,1
52527068,1
52550563,1
52529821,1
52474444,1
52547846,1
52494262,1
52563209,1
52506559,1
52563145,1
52563283,1
52504994,1
52513278,1
52561798,1
52535695,1
52567420,1
52553533,1
52462474,1
52512133,1
52553532,1
52533220,1
52560834,1
52567470,1
52558204,1
52479287,1
52563758,1
52484813,1
52523788,1
52554234,1
52543062,1
52457493,1
52567118,1
52401317,1
52528561,1
52547847,1
52547814,1
52400222,1
52560639,1
52527253,1
52546608,1
52557880,1
52561836,1
52566428,1
52561907,1
52506802,1
52569154,1
52553695,1
52533125,1
52523384,1
52484722,1
52530474,1
52436771,1
52534512,1
52543185,1
52562740,1
52566895,1
52495314,1
52559841,1
52403645,1
52510362,1
52500700,1
52514587,1
52549115,1
52568597,1
52535515,1
52565886,1
52570044,1
52570043,1
52549453,1
52544116,1
52523183,1
52568971,1
52570194,1
52373835,1
52520300,1
52446745,1
52547963,1
52544199,1
52567515,1
52527835,1
52561937,1
52542583,1
52548124,1
52566368,1
52558348,1
52566427,1
52572111,1
52566604,1
52453300,1
52561390,1
52520688,1
52555727,1
52520976,1
52565152,1
52518094,1
52506156,1
52564166,1
52568222,1
52572559,1
52568223,1
52556014,1
52542255,1
52563146,1
52424794,1
52567238,1
52568826,1
52268187,1
52546502,1
52550789,1
52466214,1
52570152,1
52528600,1
52568972,1
52556378,1
52548086,1
52566252,1
52523165,1
52527381,1
52503779,1
52523260,1
52545447,1
52566457,1
52545495,1
52569411,1
52505727,1
52515170,1
52489543,1
52486990,1
52569669,1
52569670,1
52537410,1
52489709,1
52530881,1
52554376,1
52572569,1
52567087,1
52497836,1
52567019,1
52481477,1
52531103,1
52572790,1
52514868,1
52568548,1
52558937,1
52547931,1
52566251,1
52550927,1
52557879,1
52573044,1
52569155,1
52537102,1
52560792,1
52545544,1
52512368,1
52572287,1
52463905,1
52564113,1
52569694,1
52565128,1
52544761,1
52572464,1
52561389,1
52543289,1
52569777,1
52536628,1
52511640,1
52523787,1
52548750,1
52540333,1
52572568,1
52540612,1
52555846,1
52573691,1
52561374,1
52561659,1
52567107,1
52571388,1
52475825,1
52563008,1
52561592,1
52485283,1
52518901,1
52570047,1
52571849,1
52525988,1
52561929,1
52545353,1
52573077,1
52567559,1
52320299,1
52550987,1
52530333,1
52567516,1
52562028,1
52563743,1
52459901,1
52539153,1
52567935,1
52576398,1
52542201,1
52537859,1
52547604,1
52572619,1
52499557,1
52465064,1
52568596,1
52572789,1
52434600,1
52567239,1
52550693,1
52563284,1
52518560,1
52512126,1
52560721,1
52574615,1
52511049,1
52574801,1
52556431,1
52567560,1
52574944,1
52549838,1
52279810,1
52544411,1
52542856,1
52555689,1
52545933,1
52537345,1
52556979,1
52532021,1
52576394,1
52539381,1
52551476,1
52540292,1
52576454,1
52569840,1
52578186,1
52542202,1
52524213,1
52575531,1
52349893,1
52570153,1
52433332,1
52502413,1
52550909,1
52570273,1
52560972,1
52577650,1
52558322,1
52570340,1
52550949,1
52558323,1
52550151,1
52577962,1
52576266,1
52577961,1
52432411,1
52553169,1
52576545,1
52539485,1
52535133,1
52542053,1
52297266,1
52543364,1
52578362,1
52577095,1
52556267,1
52567421,1
52578478,1
52527559,1
52542554,1
52553752,1
52526036,1
52304700,1
52523437,1
52425442,1
52551178,1
52575237,1
52569677,1
52579070,1
52507525,1
52576447,1
52578149,1
52576478,1
52554630,1
52542093,1
52559991,1
52495389,1
52450901,1
52580998,1
52496254,1
52550607,1
52549297,1
52492584,1
52570115,1
52571652,1
52535514,1
52572961,1
52556227,1
52566224,1
52570278,1
52549764,1
52552249,1
52546739,1
52577564,1
52570319,1
52560791,1
52561908,1
52580211,1
52580210,1
52547192,1
52554124,1
52548616,1
52578970,1
52540291,1
52476891,1
52541934,1
52517233,1
52559510,1
52581899,1
52523773,1
52543320,1
52531097,1
52558788,1
52554723,1
52476173,1
52582463,1
52533918,1
52549537,1
52550788,1
52572962,1
52552598,1
52573045,1
52572972,1
52569202,1
52574614,1
52564780,1
52544040,1
52511309,1
52575069,1
52454311,1
52544665,1
52575238,1
52583509,1
52572463,1
52554235,1
52578971,1
52573690,1
52560110,1
52583697,1
52492585,1
52521538,1
52338200,1
52582432,1
52581011,1
52534080,1
52579757,1
52535542,1
52491691,1
52539821,1
52577385,1
52575875,1
52581448,1
52577445,1
52563906,1
52542767,1
52471096,1
52534762,1
52567704,1
52548464,1
52573317,1
52539204,1
52569725,1
52520092,1
52565540,1
52535052,1
52572558,1
52503542,1
52578288,1
52546344,1
52529935,1
52509110,1
52557402,1
52585253,1
52583812,1
52531285,1
52572971,1
52581165,1
52582838,1
52584029,1
52560676,1
52527382,1
52541554,1
52584153,1
52537265,1
52486645,1
52492340,1
52515299,1
52562435,1
52581715,1
52508945,1
52536446,1
52452140,1
52557293,1
52567936,1
52576380,1
52565249,1
52584735,1
52553093,1
52580833,1
52575325,1
52576546,1
52562741,1
52584878,1
52569749,1
52550610,1
52542097,1
52585252,1
52561688,1
52571387,1
52550660,1
52546503,1
52583953,1
52547962,1
52486220,1
52559040,1
52571848,1
52560546,1
52584030,1
52564666,1
52544279,1
52584023,1
52582837,1
52528698,1
52523148,1
52581384,1
52559198,1
52555348,1
52580442,1
52577446,1
52525007,1
52580398,1
52494818,1
52544590,1
52586113,1
52563907,1
52555772,1
52548628,1
52586215,1
52584607,1
52575301,1
52587361,1
52569739,1
52561445,1
52581951,1
52584734,1
52566943,1
52584665,1
52579277,1
52562663,1
52532381,1
52559992,1
52539401,1
52391455,1
52496863,1
52488171,1
52569951,1
52575526,1
52587954,1
52516081,1
52550754,1
52552248,1
52570046,1
52567312,1
52523164,1
52588302,1
52533321,1
52516593,1
52585729,1
52557743,1
52543747,1
52588613,1
52512220,1
52550049,1
52522512,1
52436823,1
52556730,1
52583401,1
52573316,1
52576260,1
52565025,1
52562434,1
52562462,1
52539402,1
52576265,1
52548509,1
52587496,1
52587505,1
52561500,1
52587545,1
52518343,1
52582104,1
52584879,1
52562721,1
52589175,1
52551592,1
52475952,1
52589258,1
52569896,1
52559983,1
52582354,1
52561687,1
52535404,1
52534130,1
52579758,1
52579614,1
52545119,1
52566182,1
52546628,1
52552273,1
52588307,1
52578477,1
52489923,1
52588301,1
52582849,1
52567417,1
52532885,1
52515045,1
52589571,1
52522112,1
52586831,1
52588614,1
52472392,1
52588714,0
52564781,1
52587126,1
52547473,1
52569678,1
52584664,1
52514533,1
52581950,1
52547784,1
52553342,1
52532715,1
52510347,1
52511766,1
52532516,1
52536934,1
52574423,1
52525739,1
52502122,1
52539576,1
52550661,1
52570274,1
52574561,1
52567471,1
52570279,1
52555178,1
52508362,1
52538914,1
52585926,1
52585925,1
52585959,1
52550919,1
52569382,1
52555493,1
52588713,0
52465373,1
52330992,1
52442316,1
52565113,1
52586162,1
52590087,1
52570730,1
52591868,1
52449031,1
52503479,1
52587495,1
52564333,1
52537858,1
52532189,1
52579361,1
52542058,1
52579606,1
52476172,1
52543794,1
52588179,1
52497169,1
52572870,1
52465114,1
52588452,1
52585730,1
52580504,1
52522295,1
52583400,1
52504640,1
52580720,1
52590053,1
52519840,1
52576393,1
52548488,1
52531004,1
52581716,1
52589073,1
52573478,1
52590364,1
52490945,1
52574034,1
52569880,1
52560175,1
52578289,1
52590667,1
52587948,1
52567325,1
52590821,1
52556327,1
52589462,1
52582691,1
52574436,1
52591099,1
52589570,1
52585660,1
52569412,1
52541495,1
52594339,1
52528027,1
52533560,1
52555687,1
52493206,1
52575141,1
52553168,1
52555771,1
52441310,1
52503406,1
52569684,1
52591905,1
52587457,1
52555794,1
52589166,1
52575419,1
52593262,1
52499556,1
52594863,1
52495388,1
52507526,1
52593676,1
52546384,1
52527122,1
52524230,1
52554824,1
52578366,1
52566223,1
52539526,1
52541376,1
52591150,1
52584055,1
52535924,1
52542679,1
52578702,1
52570320,1
52588565,1
52560971,1
52585960,1
52592560,1
52508715,1
52472711,1
52539154,1
52595575,1
52595529,1
52540258,1
52592864,1
52549268,1
52561373,1
52566997,1
52551824,1
52518174,1
52569724,1
52587480,1
52500951,1
52594733,1
52576674,1
52161936,1
52441254,1
52560675,1
52162136,1
52525891,1
52592401,1
52582892,1
52573076,1
52580505,1
52572112,1
52569203,1
52558349,1
52594338,1
52588887,1
52547353,1
52555828,1
52523634,1
52575142,1
52570729,1
52591713,1
52592865,1
52543184,1
52579065,1
52573477,1
52564123,1
52516097,1
52547605,1
52565368,1
52567106,1
52459690,1
52590672,1
52585076,1
52596378,1
52586588,1
52592208,1
52586717,1
52582919,1
52588416,1
52591173,1
52575719,1
52477767,1
52511061,1
52591098,1
52582908,1
52544508,1
52508716,1
52597964,1
52490113,1
52598022,1
52572195,1
52304453,1
52545796,1
52579163,1
52590303,1
52536513,1
52586330,1
52540697,1
52540727,1
52565367,1
52569879,1
52548793,1
52558963,1
52592056,1
52596377,1
52596391,1
52563009,1
52161762,1
52531359,1
52592151,1
52587947,1
52556228,1
52594958,1
52590909,1
52590914,1
52566006,1
52592218,1
52521227,1
52592234,1
52593852,1
52556326,1
52571653,1
52599527,1
52588417,1
52596877,1
52597996,1
52567655,1
52583207,1
52596989,1
52558247,1
52486471,1
52495918,1
52589826,1
52517058,1
52564216,1
52565112,1
52509083,1
52518667,1
52548858,1
52567163,1
52575199,1
52572690,1
52583630,1
52561593,1
52556016,1
52568345,1
52594860,1
52559919,1
52226754,1
52582230,1
52572764,1
52557114,1
52596285,1
52583795,1
52567280,1
52546404,1
52560260,1
52574220,1
52521824,1
52494320,1
52453733,1
52574562,1
52511939,1
52556279,1
52550048,1
52599526,1
52597860,1
52597861,1
52589631,1
52575715,1
52588453,1
52596878,1
52597965,1
52550948,1
52600866,1
52498577,1
52500260,1
52419921,1
52600037,1
52555749,1
52586214,1
52598299,1
52579064,1
52576448,1
52601222,1
52600196,1
52575302,1
52565129,1
52589165,1
52591922,1
52529384,1
52590822,1
52600524,1
52534074,1
52533871,1
52594957,1
52559115,1
52556278,1
52578363,1
52578454,1
52572965,1
52575838,1
52596666,1
52493852,1
52575876,1
52602286,1
52589632,1
52577583,1
52499664,1
52598086,1
52578701,1
52566603,1
52594381,1
52566759,1
52598142,1
52600036,1
52555733,1
52572472,1
52426813,1
52545795,1
52564081,1
52597399,1
52591904,1
52600207,1
52591869,1
52555988,1
52504438,1
52371763,1
52596046,1
52495479,1
52571294,1
52596284,1
52601907,1
52600484,1
52600425,1
52583908,1
52582692,1
52590802,1
52575718,1
52592349,1
52570193,1
52602220,1
52589552,1
52560640,1
52600834,1
52602551,1
52596937,1
52600831,1
52551091,1
52515169,1
52512542,1
52564965,1
52555795,1
52551319,1
52597323,1
52594598,1
52444049,1
52579228,1
52595717,1
52601223,1
52503194,1
52600206,1
52566939,1
52564434,1
52482804,1
52531112,1
52542350,1
52600424,1
52603282,1
52594998,1
52601906,1
52558916,1
52599265,1
52602045,1
52591037,1
52602185,1
52165710,1
52596826,1
52549449,1
52603401,1
52573083,1
52603612,1
52404495,1
52551183,1
52594506,1
52576477,1
52597324,1
52575136,1
52586161,1
52553057,1
52556758,1
52524206,1
52576424,1
52571080,1
52551754,1
52482805,1
52598833,1
52582171,1
52582353,1
52590582,1
52590668,1
52593261,1
52474358,1
52497086,1
52601929,1
52593380,1
52596413,1
52574111,1
52535329,1
52574361,1
52582850,1
52602060,1
52590915,1
52550970,1
52511060,1
52602219,1
52515044,1
52566289,1
52602443,1
52583208,1
52580399,1
52605379,1
52605522,1
52575901,1
52517921,1
52566894,1
52528305,1
52589056,1
52601316,1
52544760,1
52605695,1
52597372,1
52550434,1
52512878,1
52602866,1
52521260,1
52598765,1
52594803,1
52565539,1
52517218,1
52523029,1
52594800,1
52566940,1
52604576,1
52531133,1
52581164,1
52574362,1
52560259,1
52602061,1
52570109,1
52556379,1
52603468,1
52595034,1
52599415,1
52468096,1
52603467,1
52596665,1
52582907,1
52475522,1
52501318,1
52573084,1
52567654,1
52520687,1
52583390,1
52547474,1
52555756,1
52590025,1
52598380,1
52590027,1
52606716,1
52569738,1
52595807,1
52597595,1
52478478,1
52582172,1
52594804,1
52600456,1
52596328,1
52583796,1
52607395,1
52570110,1
52600457,1
52555215,1
52607594,1
52467627,1
52584024,1
52592402,1
52572939,1
52603435,1
52591036,1
52592350,1
52588623,1
52588372,1
52524609,1
52603613,1
52574905,1
52588888,1
52608214,1
52602667,1
52421078,1
52489409,1
52586240,1
52567822,1
52578900,1
52606612,1
52562525,1
52576259,1
52600258,1
52371883,1
52600310,1
52576800,1
52593379,1
52584988,1
52590671,1
52431504,1
52606032,1
52505478,1
52606031,1
52599416,1
52608914,1
52603434,1
52604785,1
52572908,1
52586718,1
52606223,1
52606201,1
52593851,1
52520307,1
52600776,1
52564772,1
52610686,1
52609044,1
52600833,1
52608215,1
52530707,1
52577651,1
52503969,1
52537266,1
52611143,1
52578901,1
52587085,1
52606548,1
52606611,1
52595530,1
52581666,1
52604038,1
52601270,1
52606822,1
52522551,1
52605703,1
52597373,1
52609681,1
52582125,1
52589074,1
52594799,1
52608667,1
52585168,1
52608652,1
52582338,1
52568344,1
52534821,1
52577094,1
52565949,1
52610498,1
52499356,1
52608989,1
52602044,1
52599681,1
52600666,1
52572966,1
52602367,1
52599682,1
52539807,1
52588600,1
52550988,1
52538915,1
52598023,1
52609204,1
52595493,1
52612115,1
52586226,1
52611128,1
52537361,1
52598307,1
52605748,1
52568021,1
52598631,1
52598694,1
52606811,1
52596047,1
52575418,1
52603009,1
52567086,1
52609845,1
52567117,1
52597596,1
52509111,1
52610025,1
52608809,1
52610248,1
52521606,1
52583907,1
52606200,1
52608983,1
52578632,1
52613463,1
52577571,1
52592510,1
52559271,1
52545494,1
52612009,1
52587086,1
52588932,1
52589057,1
52612178,1
52598231,1
52591728,1
52611144,1
52606717,1
52602943,1
52573633,1
52614133,1
52608501,1
52587767,1
52609802,1
52604260,1
52556015,1
52553482,1
52611513,1
52589461,1
52520018,1
52583696,1
52612891,1
52603259,1
52509102,1
52608833,1
52579994,1
52577386,1
52595209,1
52574906,1
52610687,1
52588599,1
52542705,1
52608207,1
52598132,1
52464633,1
52555688,1
52591714,1
52606547,1
52482177,1
52583494,1
52606649,1
52606777,1
52611129,1
52590052,1
52507333,1
52600178,1
52575216,1
52614104,1
52614103,1
52603010,1
52536752,1
52581010,1
52604575,1
52608668,1
52594743,1
52536547,1
52575591,1
52565841,1
52551973,1
52611684,1
52582604,1
52605115,1
52543795,1
52577582,1
52611783,1
52563505,1
52512260,1
52555732,1
52597506,1
52550292,1
52602950,1
52609680,1
52616999,1
52607230,1
52539525,1
52615541,1
52600454,1
52614218,1
52601766,1
52547783,1
52604622,1
52582603,1
52604786,1
52487493,1
52589555,1
52610111,1
52572871,1
52574241,1
52611708,1
52609016,1
52600611,1
52611748,1
52616101,1
52570210,1
52596825,1
52591507,1
52602550,1
52564863,1
52588931,1
52614800,1
52613985,1
52601437,1
52615313,1
52561501,1
52583493,1
52615314,1
52601328,1
52612618,1
52548699,1
52607274,1
52601682,1
52615592,1
52615542,1
52564665,1
52617006,1
52611467,1
52549298,1
52528481,1
52604621,1
52586601,1
52607550,1
52582337,1
52618603,1
52578381,1
52505224,1
52608853,1
52610500,1
52591342,1
52603460,1
52581449,1
52572286,1
52562099,1
52561228,1
52578767,1
52612087,1
52590026,1
52614799,1
52616780,1
52556843,1
52603839,1
52583510,1
52606823,1
52616901,1
52595494,1
52605725,1
52607031,1
52614134,1
52589147,1
52606995,1
52583762,1
52513391,1
52596414,1
52607593,1
52573020,1
52611709,1
52438787,1
52618967,1
52580443,1
52575833,1
52486743,1
52588997,1
52609447,1
52594597,1
52604252,1
52612374,1
52521556,1
52617007,1
52582229,1
52597453,1
52610026,1
52619726,1
52601765,1
52582126,1
52618461,1
52618448,1
52617107,1
52438569,1
52611626,1
52567326,1
52613272,1
52619983,1
52599442,1
52600612,1
52619055,1
52600777,1
52609203,1
52610975,1
52563447,1
52589769,1
52611972,1
52620288,1
52555726,1
52587125,1
52588903,1
52575324,1
52536575,1
52618042,1
52580974,1
52612617,1
52594675,1
52604261,1
52543746,1
52590198,1
52615407,1
52576769,1
52622476,1
52586425,1
52599345,1
52563010,1
52621215,1
52484361,1
52543679,1
52607420,1
52571079,1
52603258,1
52610070,1
52607332,1
52619942,1
52524454,1
52608913,1
52611721,1
52603391,1
52558235,1
52561999,1
52617195,1
52570211,1
52618851,1
52619941,1
52599346,1
52614524,1
52573086,1
52620069,1
52622886,1
52592410,1
52240868,1
52423862,1
52603626,1
52565024,1
52367599,1
52593040,1
52590088,1
52587479,1
52620524,1
52606807,1
52459146,1
52618365,1
52619638,1
52567281,1
52579607,1
52600471,1
52623968,1
52603187,1
52619778,1
52575577,1
52623952,1
52594859,1
52384526,1
52614360,1
52585169,1
52578455,1
52588319,1
52616120,1
52597892,1
52611784,1
52602285,1
52621721,1
52573106,1
52608984,1
52624698,1
52598085,1
52599860,1
52616611,1
52497894,1
52528989,1
52497715,1
52588904,1
52598230,1
52576401,1
52578093,1
52617869,1
52605696,1
52594674,1
52567042,1
52589158,1
52587458,1
52587546,1
52614066,1
52566964,1
52574242,1
52508991,1
52623741,1
52500789,1
52618388,1
52594776,1
52547885,1
52607287,1
52614219,1
52586549,1
52604644,1
52624014,1
52510549,1
52440065,1
52611749,1
52587953,1
52624330,1
52600532,1
52566276,1
52616261,1
52606222,1
52592409,1
52613588,1
52575839,1
52608206,1
52605378,1
52620263,1
52620262,1
52584201,1
52584606,1
52590064,1
52594617,1
52608431,1
52587402,1
52568071,1
52616740,1
52589220,1
52601327,1
52620664,1
52548744,1
52510346,1
52568107,1
52586329,1
52542098,1
52616998,1
52625283,1
52622638,1
52607443,1
52618366,1
52607231,1
52552010,1
52479870,1
52563448,1
52618602,1
52624013,1
52491331,1
52613493,1
52609155,1
52625621,1
52609015,1
52588566,1
52625777,1
52609156,1
52611938,1
52622106,1
52498528,1
52567705,1
52540257,1
52616612,1
52625851,1
52576397,1
52557058,1
52627855,1
52619682,1
52626364,1
52614183,1
52627886,1
52602977,1
52627987,1
52551798,1
52622477,1
52623698,1
52623742,1
52600368,1
52614260,1
52524077,1
52622555,1
52615472,1
52504879,1
52622639,1
52621482,1
52607421,1
52622641,1
52607605,1
52578380,1
52557744,1
52536748,1
52441255,1
52624403,1
52567463,1
52568583,1
52585659,1
52602368,1
52602186,1
52577027,1
52605189,1
52588624,1
52567462,1
52628535,1
52578652,1
52598131,1
52592511,1
52627664,1
52453526,1
52583366,1
52625852,1
52609349,1
52529200,1
52395859,1
52585075,1
52619639,1
52578094,1
52619601,1
52627919,1
52518668,1
52600311,1
52623529,1
52623528,1
52627986,1
52615406,1
52587995,1
52625282,1
52564245,1
52626637,1
52598695,1
52629295,1
52473060,1
52618526,1
52628110,1
52625334,1
52626707,1
52628210,1
52595045,1
52607749,1
52600665,1
52624357,1
52629939,1
52595046,1
52614525,1
52624404,1
52580067,1
52606166,1
52535794,1
52574802,1
52596938,1
52616348,1
52624699,1
52609384,1
52612168,1
52623140,1
52590095,1
52612167,1
52595710,1
52515871,1
52620739,1
52625217,1
52580925,1
52600197,1
52625216,1
52567043,1
52608647,1
52592217,1
52605792,1
52583811,1
52590448,1
52629417,1
52623951,1
52626636,1
52626663,1
52613164,1
52623929,1
52615591,1
52610229,1
52198923,1
52584054,1
52610499,1
52605025,1
52578653,1
52628370,1
52563759,1
52611055,1
52597997,1
52573085,1
52515091,1
52605432,1
52572189,1
52517930,1
52620319,1
52569580,1
52583426,1
52598766,1
52616902,1
52567164,1
52587388,1
52618041,1
52632155,1
52611432,1
52619725,1
52625274,1
52623904,1
52513235,1
52600472,1
52630906,1
52612770,1
52608779,1
52588180,1
52628138,1
52629636,1
52619817,1
52629808,1
52625573,1
52535925,1
52592286,1
52582891,1
52618966,1
52619982,1
52628369,1
52625620,1
52607895,1
52630058,1
52628414,1
52627169,1
52614639,1
52628480,1
52621780,1
52611054,1
52530540,1
52562098,1
52611134,1
52600138,1
52623421,1
52631716,1
52627856,1
52613884,1
52615473,1
52576453,1
52610069,1
52565948,1
52618577,1
52542351,1
52625435,1
52599266,1
52624329,1
52592209,1
52628365,1
52609030,1
52592310,1
52611720,1
52600830,1
52592453,1
52574943,1
52573019,1
52623041,1
52630451,1
52534366,1
52506803,1
52198171,1
52573456,1
52602806,1
52602942,1
52605862,1
52629294,1
52632154,1
52614184,1
52598812,1
52611578,1
52605902,1
52511048,1
52568602,1
52626706,1
52633690,1
52616121,1
52631079,1
52635357,1
52631135,1
52588486,1
52621781,1
52629921,1
52631293,1
52631288,1
52522602,1
52620632,1
52598306,1
52590511,1
52624996,1
52609385,1
52626365,1
52620665,1
52576379,1
52630764,1
52627893,1
52626327,1
52612769,1
52598758,1
52592113,1
52629242,1
52628131,1
52384804,1
52607442,1
52623785,1
52629611,1
52629622,1
52572907,1
52575714,1
52608854,1
52632656,1
52617276,1
52632676,1
52553610,1
52481760,1
52628536,1
52555121,1
52611903,1
52605523,1
52620287,1
52559763,1
52617827,1
52603921,1
52578148,1
52597440,1
52612317,1
52611365,1
52634925,1
52609846,1
52630768,1
52630769,1
52579360,1
52633655,1
52633698,1
52610112,1
52626726,1
52575525,1
52631108,1
52592311,1
52635425,1
52563635,1
52531505,1
52625669,1
52619054,1
52538615,1
52501281,1
52625800,1
52602666,1
52635980,1
52624632,1
52616661,1
52614961,1
52638748,1
52617749,1
52614879,1
52602997,1
52638955,1
52629105,1
52638988,1
52634532,1
52615092,1
52597491,1
52632105,1
52598298,1
52633480,1
52598994,1
52619717,1
52562708,1
52625347,1
52606022,1
52628145,1
52601625,1
52593677,1
52597833,1
52575398,1
52637990,1
52618462,1
52615951,1
52629798,1
52532782,1
52639391,1
52579947,1
52610501,1
52639390,1
52472563,1
52603400,1
52635809,1
52628481,1
52592534,1
52566516,1
52544527,1
52611937,1
52636018,1
52598143,1
52204373,1
52569536,1
52570521,1
52616761,1
52613989,1
52576673,1
52639088,1
52627885,1
52603188,1
52622642,1
52611579,1
52630871,1
52570116,1
52637929,1
52631080,1
52589485,1
52636582,1
52577376,1
52627168,1
52566007,1
52631121,1
52632703,1
52574579,1
52586863,1
52577563,1
52526007,1
52569421,1
52635979,1
52639767,1
52590304,1
52604039,1
52600179,1
52587389,1
52640149,1
52597398,1
52629076,1
52510073,1
52639083,1
52542475,1
52586547,1
52567444,1
52640685,1
52628139,1
52618387,1
52582524,1
52546740,1
52614361,1
52603307,1
52636581,1
52636716,1
52614701,1
52630366,1
52545275,1
52638657,1
52542678,1
52605654,1
52489443,1
52609365,1
52597452,1
52594505,1
52608507,1
52641689,1
52642852,1
52589157,1
52627941,1
52605793,1
52497936,1
52523914,1
52631985,1
52632050,1
52626682,1
52601855,1
52593525,1
52618563,1
52633697,1
52623911,1
52637991,1
52624203,1
52639295,1
52643595,1
52635424,1
52628527,1
52622872,1
52503785,1
52639555,1
52634165,1
52609088,1
52638672,1
52638656,1
52611904,1
52592999,1
52639794,1
52570522,1
52642684,1
52586239,1
52530907,1
52522706,1
52629077,1
52580997,1
52601624,1
52637830,1
52612892,1
52625572,1
52470605,1
52607606,1
52594997,1
52466939,1
52641004,1
52483220,1
52597893,1
52603668,1
52642406,1
52619251,1
52644261,1
52625776,1
52633201,1
52642438,1
52602865,1
52614960,1
52616762,1
52644632,1
52633664,1
52604643,1
52627051,1
52629851,1
52618680,1
52603308,1
52572618,1
52635356,1
52564550,1
52627346,1
52646720,1
52632974,1
52645044,1
52553422,1
52603461,1
52616392,1
52584280,1
52613587,1
52581412,1
52612088,1
52616748,1
52559509,1
52630484,1
52620375,1
52608369,1
52611296,1
52612328,1
52608487,1
52608370,1
52617868,1
52606806,1
52606810,1
52641820,1
52645876,1
52644633,1
52645975,1
52640453,1
52626683,1
52620899,1
52615784,1
52574644,1
52635659,1
52641005,1
52622871,1
52632933,1
52623042,1
52589825,1
52647085,1
52616781,1
52641690,1
52479837,1
52642843,1
52644416,1
52627925,1
52542242,1
52636361,1
52603063,1
52562413,1
52608636,1
52608651,1
52620928,1
52643451,1
52571223,1
52628109,1
52608637,1
52646111,1
52585400,1
52625397,1
52599441,1
52542094,1
52647575,1
52632323,1
52560497,1
52612988,1
52553611,1
52599670,1
52646721,1
52594067,1
52556286,1
52641258,1
52635609,1
52622935,1
52630117,1
52545545,1
52437375,1
52649889,1
52626171,1
52605667,1
52631916,1
52640150,1
52643175,1
52640474,1
52644662,1
52648737,1
52650257,1
52637552,1
52647496,1
52637921,1
52596329,1
52647574,1
52644769,1
52644770,1
52643450,1
52612897,1
52646284,1
52643440,1
52592235,1
52585392,1
52640686,1
52626727,1
52636481,1
52316933,1
52647793,1
52624631,1
52627050,1
52631294,1
52631254,1
52614709,1
52610773,1
52616479,1
52627663,1
52571950,1
52588788,1
52603881,1
52647952,1
52598196,1
52627869,1
52615109,1
52626105,1
52523819,1
52648339,1
52631986,1
52631959,1
52650101,1
52632092,1
52611433,1
52590393,1
52643119,1
52633590,1
52623967,1
52633656,1
52646110,1
52625291,1
52618447,1
52651600,1
52633682,1
52651726,1
52629610,1
52568825,1
52589553,1
52608810,1
52598072,1
52604803,1
52591260,1
52633926,1
52633940,1
52563634,1
52622936,1
52630365,1
52650612,1
52630057,1
52634166,1
52475548,1
52561227,1
52611081,1
52624985,1
52642481,1
52594618,1
52640124,1
52638969,1
52598811,1
52582212,1
52565887,1
52623653,1
52652918,1
52625223,1
52648798,1
52643402,1
52618564,1
52622439,1
52634926,1
52645974,1
52600435,1
52638174,1
52646285,1
52653134,1
52624260,1
52563572,1
52618850,1
52636717,1
52599819,1
52633941,1
52603376,1
52627521,1
52652422,1
52614710,1
52633194,1
52649785,1
52540413,1
52651008,1
52625826,1
52620863,1
52648471,1
52600257,1
52617922,1
52503425,1
52605749,1
52627918,1
52594611,1
52652919,1
52590687,1
52637831,1
52654449,1
52654333,1
52585393,1
52635372,1
52593846,1
52636630,1
52650388,1
52653279,1
52642189,1
52620010,1
52554650,1
52645043,1
52616391,1
52647026,1
52641259,1
52506166,1
52606450,1
52563997,1
52648073,1
52606776,1
52647147,1
52584293,1
52609364,1
52620525,1
52639793,1
52623141,1
52651007,1
52630483,1
52637530,1
52594744,1
52604253,1
52651599,1
52578187,1
52643403,1
52651861,1
52642016,1
52653161,1
52616260,1
52545299,1
52632973,1
52647752,1
52578461,1
52620011,1
52654892,1
52547224,1
52652122,1
52627284,1
52656254,1
52647944,1
52556980,1
52649842,1
52655448,1
52636150,1
52652727,1
52627942,1
52651183,1
52626244,1
52622250,1
52622554,1
52537944,1
52655669,1
52636406,1
52634860,1
52619600,1
52615783,1
52654334,1
52648736,1
52601887,1
52651682,1
52644762,1
52650244,1
52639294,1
52505223,1
52580973,1
52543678,1
52638118,1
52522026,1
52608834,1
52628209,1
52649076,1
52654893,1
52608965,1
52564551,1
52656114,1
52613330,1
52595208,1
52647794,1
52657741,1
52638660,1
52631289,1
52559272,1
52517059,1
52616613,1
52622251,1
52645353,1
52631478,1
52633481,1
52651184,1
52633430,1
52457355,1
52656809,1
52634666,1
52629104,1
52633522,1
52615110,1
52648507,1
52614033,1
52655585,1
52648506,1
52608778,1
52648913,1
52653067,1
52632231,1
52611656,1
52653132,1
52618681,1
52653187,1
52596596,1
52656035,1
52652227,1
52643665,1
52627345,1
52617277,1
52649341,1
52643664,1
52654868,1
52653278,1
52634164,1
52639676,1
52636086,1
52649890,1
52659287,1
52608506,1
52616827,1
52602996,1
52638954,1
52616747,1
52630718,1
52654137,1
52580834,1
52587776,1
52652842,1
52630733,1
52657076,1
52640582,1
52657079,1
52632232,1
52651681,1
52603245,1
52655905,1
52655855,1
52658635,1
52630010,1
52660252,1
52652121,1
52586550,1
52650426,1
52643746,1
52645078,1
52566275,1
52619094,1
52635810,1
52641263,1
52530539,1
52653497,1
52642437,1
52614719,1
52626104,1
52641623,1
52625979,1
52644271,1
52626281,1
52641743,1
52622263,1
52648342,1
52656527,1
52631488,1
52642851,1
52644538,1
52644450,1
52639971,1
52659579,1
52650094,1
52650037,1
52536751,1
52457735,1
52661177,1
52654136,1
52531132,1
52639087,1
52591978,1
52658475,1
52592112,1
52644640,1
52652962,1
52492918,1
52647495,1
52654450,1
52654475,1
52651695,1
52658624,1
52661380,1
52603415,1
52630841,1
52658636,1
52618525,1
52631109,1
52660494,1
52566515,1
52658913,1
52645198,1
52645197,1
52591729,1
52428530,1
52636095,1
52613883,1
52648808,1
52655586,1
52659654,1
52639082,1
52644639,1
52633665,1
52554649,1
52601928,1
52658550,1
52651689,1
52601899,1
52622492,1
52614261,1
52626460,1
52660051,1
52596595,1
52651862,1
52624287,1
52616100,1
52627273,1
52649398,1
52589680,1
52620068,1
52653199,1
52660519,1
52653392,1
52653431,1
52627668,1
52633978,1
52628528,1
52638671,1
52603701,1
52636962,1
52656528,1
52627771,1
52601315,1
52627868,1
52662198,1
52597492,1
52659653,1
52654154,1
52659803,1
52625224,1
52597669,1
52662759,1
52596392,1
52654476,1
52644822,1
52516283,1
52629938,1
52652549,1
52664564,1
52505857,1
52653499,1
52634429,1
52620374,1
52652619,1
52629324,1
52630699,1
52633431,1
52650097,1
52640581,1
52659796,1
52569841,1
52662741,1
52662760,1
52658476,1
52654400,1
52595035,1
52608694,1
52654517,1
52600483,1
52650387,1
52561497,1
52664272,1
52663081,1
52629623,1
52622754,1
52582431,1
52661525,1
52665886,1
52660453,1
52661602,1
52646745,1
52664516,1
52642295,1
52658082,1
52664565,1
52652550,1
52631489,1
52490950,1
52627924,1
52602819,1
52628923,1
52663826,1
52658336,1
52664962,1
52552011,1
52664959,1
52659699,1
52655648,1
52662677,1
52608562,1
52619795,1
52561496,1
52622755,1
52651727,1
52640697,1
52651694,1
52657700,1
52665887,1
52660520,1
52611799,1
52644061,1
52656255,1
52638749,1
52652627,1
52650093,1
52659578,1
52630698,1
52587506,1
52591977,1
52663933,1
52631960,1
52642844,1
52652963,1
52626638,1
52644661,1
52629692,1
52558908,1
52657096,1
52587998,1
52606023,1
52589447,1
52664134,1
52660251,1
52664295,1
52572940,1
52605188,1
52658708,1
52534367,1
52660409,1
52643957,1
52639556,1
52614499,1
52656113,1
52605114,1
52626170,1
52630719,1
52663756,1
52569693,1
52630763,1
52661157,1
52654218,1
52630835,1
52661173,1
52632204,1
52652841,1
52228143,1
52642015,1
52625398,1
52665476,1
52637591,1
52662742,1
52589403,1
52596259,1
52643594,1
52652242,1
52661507,1
52642044,1
52653200,1
52668655,1
52660493,1
52669872,1
52634024,1
52668935,1
52584279,1
52617750,1
52517252,1
52642482,1
52487941,1
52664776,1
52619683,1
52627770,1
52642495,1
52583714,1
52669440,1
52657077,1
52610259,1
52632051,1
52648807,1
52668192,1
52601898,1
52427677,1
52662948,1
52671235,1
52658630,1
52662973,1
52661509,1
52633964,1
52592452,1
52668936,1
52664451,1
52667208,1
52612010,1
52614723,1
52606449,1
52616660,1
52658084,1
52650025,1
52605666,1
52648343,1
52641622,1
52568072,1
52672125,1
52606994,1
52643120,1
52582211,1
52629243,1
52669540,1
52669539,1
52639169,1
52643176,1
52578280,1
52652993,1
52658549,1
52636407,1
52559204,1
52640925,1
52466682,1
52671209,1
52672488,1
52665713,1
52632657,1
52661381,1
52640803,1
52671385,1
52627272,1
52629693,1
52668745,1
52652228,1
52476012,1
52602148,1
52653325,1
52641262,1
52663425,1
52650611,1
52634025,1
52653432,1
52644262,1
52661755,1
52672126,1
52633507,1
52669389,1
52623699,1
52662438,1
52672182,1
52604804,1
52611364,1
52668193,1
52623912,1
52669585,1
52498163,1
52672361,1
52662701,1
52630978,1
52631103,1
52668554,1
52668744,1
52674254,1
52628164,1
52641378,1
52644060,1
52611798,1
52615321,1
52644306,1
52628922,1
52664958,1
52638968,1
52634795,1
52592119,1
52673541,1
52673642,1
52655691,1
52625329,1
52669504,1
52673544,1
52660040,1
52641915,1
52646400,1
52586587,1
52621519,1
52613369,1
52654867,1
52524545,1
52671246,1
52669819,1
52667062,1
52613329,1
52674281,1
52674108,1
52622887,1
52635476,1
52664392,1
52647866,1
52634000,1
52675502,1
52480896,1
52574830,1
52592571,1
52671938,1
52655442,1
52670411,1
52550460,1
52623131,1
52672110,1
52619629,1
52662440,1
52637610,1
52672360,1
52585083,1
52625481,1
52669581,1
52642043,1
52638119,1
52655900,1
52643441,1
52640804,1
52639414,1
52635827,1
52647844,1
52658862,1
52627522,1
52495822,1
52541251,1
52605433,1
52612177,1
52656314,1
52672099,1
52663755,1
52390014,1
52673049,1
52637104,1
52631993,1
52627939,1
52626282,1
52625273,1
52645877,1
52604442,1
52502361,1
52676547,1
52670839,1
52670840,1
52629739,1
52592120,1
52624328,1
52667006,1
52664243,1
52675257,1
52675258,1
52633927,1
52654844,1
52671552,1
52653388,1
52639520,1
52591439,1
52647909,1
52613464,1
52598197,1
52630453,1
52652628,1
52664963,1
52672111,1
52674888,1
52640051,1
52550427,1
52672298,1
52675094,1
52650258,1
52669580,1
52629485,1
52646401,1
52671386,1
52664273,1
52676889,1
52663274,1
52583954,1
52646966,1
52646866,1
52656370,1
52652620,1
52645288,1
52659286,1
52630518,1
52662018,1
52644371,1
52669388,1
52640131,1
52630783,1
52633591,1
52677786,1
52613163,1
52654217,1
52662713,1
52666844,1
52672489,1
52676926,1
52657699,1
52642188,1
52632934,1
52646867,1
52657819,1
52663426,1
52656325,1
52672997,1
52640050,1
52627995,1
52608502,1
52676309,1
52679006,1
52681896,1
52629782,1
52679187,1
52658573,1
52629738,1
52586546,1
52682255,1
52680828,1
52589556,1
52678282,1
52517795,1
52630519,1
52631479,1
52681374,1
52648220,1
52603856,1
52669210,1
52678612,1
52667695,1
52670446,1
52666524,1
52681516,1
52631915,1
52633521,1
52673643,1
52483221,1
52681956,1
52630872,1
52658572,1
52611627,1
52655854,1
52658678,1
52626943,1
52676890,1
52647653,1
52680827,1
52621520,1
52675343,1
52678267,1
52636685,1
52671553,1
52671692,1
52589679,1
52652423,1
52592673,1
52682977,1
52641543,1
52653634,1
52648159,1
52678611,1
52659394,1
52681515,1
52641744,1
52631738,1
52648338,1
52669505,1
52554134,1
52661158,1
52669495,1
52657097,1
52611412,1
52642053,1
52678009,1
52658613,1
52578462,1
52682254,1
52678033,1
52661308,1
52613271,1
52671210,1
52654763,1
52613562,1
52661508,1
52685396,1
52653387,1
52677003,1
52639648,1
52641031,1
52647908,1
52635828,1
52674613,1
52653868,1
52659395,1
52641590,1
52648491,1
52672100,1
52683180,1
52625348,1
52667715,1
52666683,1
52679043,1
52659698,1
52678999,1
52652728,1
52653943,1
52582920,1
52661283,1
52617146,1
52673984,1
52666843,1
52661399,1
52662702,1
52660162,1
52650408,1
52676775,1
52674107,1
52642057,1
52674282,1
52597670,1
52675344,1
52685397,1
52658863,1
52656036,1
52639519,1
52678268,1
52686488,1
52591506,1
52611973,1
52673055,1
52677460,1
52656313,1
52658296,1
52620633,1
52685793,1
52684049,1
52634428,1
52687155,1
52678897,1
52685951,1
52482065,1
52623420,1
52592998,1
52637365,1
52626535,1
52633506,1
52661198,1
52654437,1
52665481,1
52662523,1
52685083,1
52662714,1
52663273,1
52676776,1
52668388,1
52647591,1
52629807,1
52685182,1
52674458,1
52646617,1
52679860,1
52669873,1
52669886,1
52652241,1
52649399,1
52647753,1
52664391,1
52633193,1
52677155,1
52625668,1
52660680,1
52682728,1
52669143,1
52639662,1
52622130,1
52685735,1
52684118,1
52642496,1
52652866,1
52683998,1
52686974,1
52670447,1
52686973,1
52641754,1
52652889,1
52676308,1
52683394,1
52681825,1
52677918,1
52679320,1
52641914,1
52663082,1
52671236,1
52589448,1
52588308,1
52660295,1
52564773,1
52654881,1
52635660,1
52689289,1
52669144,1
52657818,1
52649786,1
52637243,1
52648158,1
52651119,1
52686823,1
52619628,1
52609348,1
52644370,1
52688571,1
52662131,1
52670737,1
52688625,1
52678753,1
52595806,1
52614032,1
52681824,1
52673545,1
52655667,1
52636482,1
52654395,1
52658719,1
52642148,1
52646556,1
52680819,1
52689058,1
52591261,1
52671245,1
52680818,1
52686334,1
52687988,1
52647592,1
52677002,1
52689262,1
52678281,1
52669279,1
52656328,1
52663827,1
52559936,1
52665142,1
52634665,1
52665307,1
52683358,1
52664003,1
52673459,1
52684604,1
52691698,1
52671196,1
52675171,1
52691807,1
52647608,1
52690560,1
52685067,1
52687713,1
52667061,1
52613370,1
52603414,1
52689133,1
52689228,1
52680933,1
52625436,1
52689263,1
52686487,1
52689335,1
52689290,1
52646744,1
52630347,1
52689385,1
52608438,1
52659481,1
52688570,1
52612373,1
52662211,1
52677633,1
52691386,1
52412013,1
52691415,1
52687208,1
52662439,1
52633681,1
52679044,1
52687521,1
52691697,1
52691670,1
52687702,1
52679321,1
52686255,1
52679830,1
52683653,1
52690784,1
52688199,1
52689267,1
52647845,1
52620738,1
52667510,1
52683889,1
52664626,1
52691436,1
52678515,1
52651120,1
52665308,1
52684119,1
52650038,1
52666550,1
52620756,1
52607030,1
52692840,1
52626802,1
52672416,1
52693265,1
52673983,1
52678032,1
52648914,1
52688207,1
52693743,1
52689236,1
52598071,1
52658817,1
52658816,1
52606328,1
52688457,1
52634167,1
52616610,1
52664777,1
52644417,1
52632068,1
52669333,1
52661999,1
52686824,1
52666549,1
52589197,1
52662199,1
52648490,1
52692728,1
52650176,1
52683371,1
52655668,1
52672344,1
52691644,1
52650202,1
52695857,1
52693264,1
52566458,1
52683654,1
52639436,1
52665862,1
52696489,1
52657639,1
52624669,1
52669972,1
52696552,1
52455917,1
52681118,1
52689540,1
52644451,1
52279113,1
52666698,1
52640311,1
52665064,1
52692730,1
52637611,1
52664001,1
52662437,1
52669548,1
52650425,1
52665482,1
52695856,1
52649075,1
52676685,1
52673999,1
52697326,1
52678031,1
52691845,1
52693379,1
52375157,1
52682329,1
52689125,1
52639647,1
52675279,1
52653131,1
52667036,1
52674487,1
52685212,1
52696488,1
52658912,1
52689237,1
52696598,1
52693742,1
52675526,1
52680022,1
52647027,1
52656274,1
52637073,1
52611080,1
52685698,1
52694052,1
52680332,1
52673004,1
52667511,1
52696834,1
52667317,1
52661839,1
52645728,1
52687144,1
52687209,1
52697007,1
52697062,1
52672304,1
52697101,1
52694395,1
52679399,1
52666877,1
52633689,1
52690179,1
52669627,1
52698726,1
52673711,1
52657376,1
52644852,1
52674235,1
52608966,1
52689046,1
52694715,1
52671487,1
52638457,1
52688198,1
52623023,1
52669971,1
52672731,1
52572190,1
52674488,1
52602818,1
52656369,1
52608390,1
52661876,1
52661053,1
52685728,1
52669332,1
52623834,1
52699771,1
52517594,1
52695616,1
52677785,1
52666598,1
52683370,1
52681897,1
52601856,1
52668553,1
52697210,1
52687644,1
52666864,1
52688922,1
52696122,1
52661601,1
52685183,1
52674111,1
52649486,1
52699037,1
52696503,1
52669922,1
52688488,1
52670614,1
52689876,1
52658205,1
52694271,1
52680411,1
52697090,1
52674947,1
52638994,1
52698363,1
52663979,1
52676241,1
52701192,1
52697138,1
52688745,1
52652994,1
52536832,1
52625453,1
52642193,1
52690392,1
52666923,1
52645729,1
52624358,1
52699038,1
52609029,1
52526008,1
52653155,1
52688152,1
52645077,1
52688153,1
52646967,1
52672898,1
52661818,1
52678537,1
52683039,1
52694144,1
52647148,1
52667628,1
52688744,1
52690054,1
52698310,1
52639170,1
52670769,1
52640452,1
52673615,1
52679179,1
52700010,1
52651690,1
52701483,1
52686248,1
52619818,1
52700166,1
52640740,1
52675503,1
52674463,1
52700253,1
52697531,1
52653156,1
52678359,1
52678360,1
52681373,1
52689663,1
52669209,1
52652658,1
52672996,1
52633500,1
52644598,1
52262076,1
52701241,1
52555325,1
52675116,1
52668202,1
52669617,1
52662974,1
52651824,1
52678097,1
52685068,1
52700252,1
52693534,1
52667089,1
52703078,1
52658885,1
52692122,1
52691138,1
52660845,1
52661947,1
52645443,1
52678754,1
52691385,1
52670828,1
52703656,1
52667696,1
52661199,1
52636362,1
52698517,1
52596354,1
52684603,1
52675117,1
52699955,1
52632639,1
52698619,1
52693378,1
52664052,1
52649340,1
52262077,1
52679829,1
52682647,1
52622960,1
52672730,1
52699321,1
52631216,1
52689345,1
52696502,1
52674614,1
52659279,1
52676044,1
52681405,1
52663978,1
52699740,1
52702632,1
52652865,1
52653867,1
52653066,1
52680737,1
52662678,1
52686226,1
52701482,1
52691844,1
52557198,1
52674000,1
52629637,1
52685347,1
52668693,1
52607758,1
52699156,1
52675420,1
52689393,1
52691139,1
52633232,1
52680263,1
52597439,1
52697061,1
52658401,1
52652888,1
52623628,1
52683345,1
52660454,1
52684820,1
52701675,1
52676686,1
52700167,1
52662947,1
52674036,1
52702884,1
52702883,1
52662853,1
52664466,1
52667035,1
52680009,1
52704665,1
52703077,1
52658962,1
52689386,1
52682735,1
52700465,1
52594380,1
52683023,1
52689714,1
52667640,1
52686070,1
52688626,1
52662352,1
52666779,1
52687145,1
52704011,1
52670753,1
52694291,1
52637551,1
52648470,1
52679178,1
52686301,1
52672415,1
52678008,1
52686247,1
52639413,1
52699148,1
52679859,1
52686519,1
52693707,1
52654920,1
52689184,1
52655247,1
52678516,1
52661176,1
52691416,1
52659582,1
52630735,1
52655553,1
52700999,1
52702677,1
52677958,1
52639462,1
52699121,1
52660679,1
52622961,1
52685794,1
52675861,1
52678851,1
52677597,1
52673908,1
52689877,1
52702678,1
52674035,1
52664130,1
52673660,1
52534758,1
52687645,1
52651823,1
52693535,1
52664195,1
52676931,1
52693541,1
52637922,1
52686619,1
52658083,1
52613613,1
52700446,1
52331508,1
52688522,1
52689669,1
52702444,1
52696875,1
52684374,1
52681436,1
52643267,1
52629418,1
52660296,1
52679398,1
52687830,1
52686327,1
52700182,1
52661445,1
52635373,1
52629783,1
52668631,1
52610772,1
52592672,1
52689715,1
52678538,1
52695355,1
52659659,1
52661057,1
52674887,1
52661029,1
52684663,1
52670939,1
52695435,1
52670768,1
52630736,1
52596258,1
52687551,1
52634796,1
52600434,1
52694487,1
52689057,1
52696123,1
52665475,1
52675278,1
52675188,1
52632704,1
52697543,1
52629852,1
52688206,1
52655328,1
52696639,1
52685810,1
52678852,1
52605704,1
52689664,1
52627782,1
52661934,1
52661998,1
52700998,1
52674921,1
52698224,1
52703655,1
52687350,1
52681957,1
52654518,1
52650540,1
52642194,1
52677156,1
52682646,1
52696886,1
52663934,1
52701240,1
52670410,1
52623724,1
52674234,1
52669820,1
52704749,1
52668654,1
52689214,1
52669887,1
52693724,1
52688489,1
52675999,1
52669439,1
52689819,1
52677632,1
52680671,1
52630611,1
52664129,1
52680626,1
52690178,1
52683344,1
52699954,1
52644763,1
52694394,1
52630276,1
52699147,1
52690561,1
52693550,1
52571515,1
52627667,1
52661005,1
52654438,1
52659480,1
52694290,1
52669523,1
52703985,1
52668207,1
52670738,1
52625558,1
52682320,1
52535972,1
52690888,1
52693540,1
52693725,1
52689320,1
52674464,1
52688222,1
52285350,1
52695326,1
52650024,1
52675170,1
52374576,1
52658202,1
52684662,1
52659804,1
52632638,1
52634859,1
52679400,1
52637890,1
52694534,1
52704427,1
52676927,1
52678252,1
52689392,1
52690961,1
52700427,1
52675446,1
52552977,1
52699610,1
52697006,1
52692729,1
52691573,1
52673614,1
52698362,1
52686254,1
52698866,1
52699122,1
52644104,1
52699322,1
52691074,1
52683022,1
52703408,1
52699652,1
52674948,1
52673436,1
52665286,1
52695358,1
52662524,1
52676352,1
52664004,1
52704211,1
52665863,1
52614500,1
52689128,1
52676930,1
52689319,1
52630452,1
52705060,1
52597367,1
52672836,1
52695060,1
52701193,1
52623930,1
52691726,1
52686326,1
52635459,1
52704748,1
52685414,1
52689227,1
52664452,1
52667315,1
52703407,1
52642683,1
52649843,1
52650133,1
52695266,1
52655597,1
52692433,1
52675020,1
52699867,1
52675093,1
52607288,1
52651691,1
52657377,1
52702823,1
52697530,1
52653195,1
52557861,1
52700335,1
52636017,1
52691331,1
52670181,1
52691252,1
52687103,1
52657078,1
52680505,1
52665141,1
52652903,1
52681807,1
52632069,1
52686227,1
52680625,1
52664227,1
52687262,1
52675147,1
52625557,1
52687714,1
52703108,1
52700426,1
52678251,1
52652349,1
52639768,1
52661006,1
52691396,1
52683161,1
52699739,1
52658337,1
52689818,1
52695361,1
52597832,1
52660039,1
52650096,1
52699155,1
52661670,1
52689336,1
52699205,1
52699206,1
52700466,1
52660410,1
52699615,1
52658085,1
52684048,1
52684196,1
52703733,1
52702550,1
52699874,1
52655590,1
52702652,1
52704116,1
52307071,1
52700172,1
52672297,1
52509416,1
52692123,1
52693490,1
52635458,1
52698725,1
52703076,1
52625654,1
52680934,1
52694826,1
52664465,1
52533499,1
52454672,1
52703231,1
52684259,1
52603702,1
52679186,1
52666780,1
52699906,1
52664146,1
52693140,1
52697139,1
52653186,1
52701741,1
52683393,1
52698540,1
52693551,1
52689127,1
52686417,1
52686565,1
52685805,1
52638987,1
52684031,1
52691348,1
52696833,1
52696876,1
52702500,1
52699656,1
52666661,1
52676548,1
52701676,1
52696079,1
52698648,1
52474901,1
52700203,1
52677165,1
52697549,1
52578526,1
52686624,1
52667639,1
52700626,1
52673460,1
52698468,1
52699062,1
52685165,1
52701434,1
52641030,1
52702830,1
52657638,1
52492912,1
52693706,1
52680195,1
52691395,1
52694124,1
52702803,1
52695823,1
52693101,1
52696553,1
52661510,1
52681063,1
52700419,1
52494809,1
52699536,1
52700625,1
52696895,1
52675019,1
52687349,1
52688757,1
52694368,1
52674922,1
52701435,1
52674457,1
52697453,1
52661734,1
52683238,1
52691349,1
52650107,1
52650132,1
52672343,1
52650541,1
52680193,1
52699635,1
52680333,1
52653498,1
52603920,1
52683237,1
52658492,1
52662715,1
52658679,1
52696525,1
52681476,1
52631717,1
52695506,1
52698953,1
52622704,1
52689124,1
52588769,1
52667316,1
52700682,1
52696992,1
52662204,1
52669278,1
52625482,1
52702651,1
52658709,1
52685092,1
52697542,1
52700318,1
52676917,1
52701882,1
52694005,1
52661756,1
52614718,1
52673050,1
52700893,1
52702510,1
52696988,1
52691643,1
52687522,1
52700317,1
52689268,1
52690859,1
52315559,1
52689132,1
52705061,1
52647084,1
52583631,1
52373353,1
52688719,1
52688753,1
52678950,1
52688923,1
52666922,1
52652436,1
52694823,1
52703549,1
52691325,1
52680606,1
52701133,1
52665285,1
52533985,1
52703984,1
52699930,1
52651776,1
52672899,1
52666525,1
52695265,1
52702633,1
52630610,1
52687154,1
52699772,1
52703953,1
52578525,1
52702991,1
52703322,1
52658295,1
52701289,1
52697102,1
52680736,1
52686620,1
52692260,1
52694270,1
52699549,1
52691326,1
52607331,1
52687989,1
52583389,1
52699598,1
52695356,1
52557199,1
52690055,1
52702992,1
52661733,1
52699365,1
52671937,1
52696987,1
52696887,1
52702656,1
52691943,1
52696524,1
52649181,1
52685581,1
52704701,1
52597366,1
52699537,1
52699595,1
52699636,1
52698518,1
52698515,1
52704212,1
52321335,1
52694714,1
52686623,1
52563996,1
52598133,1
52669524,1
52679125,1
52546299,1
52704010,1
52691574,1
52677052,1
52693491,1
52613920,1
52695059,1
52342753,1
52655800,1
52687831,1
52588373,1
52691846,1
52647951,1
52691290,1
52566944,1
52589219,1
52695357,1
52595306,1
52612116,1
52696896,1
52619755,1
52700181,1
52700414,1
52703229,1
52692434,1
52703550,1
52698539,1
52702533,1
52619754,1
52623835,1
52693141,1
52698954,1
52699366,1
52648271,1
52704072,1
52332529,1
52675998,1
52671257,1
52599489,1
52699527,1
52691723,1
52686416,1
52672537,1
52696599,1
52683869,1
52692261,1
52701288,1
52668692,1
52681054,1
52664186,1
52697325,1
52696638,1
52700474,1
52698355,1
52703107,1
52704700,1
52699609,1
52672837,1
52666697,1
52630348,1
52648074,1
52703754,1
52684641,1
52700781,1
52525590,1
52700011,1
52609446,1
52701516,1
52699061,1
52647945,1
52703230,1
52620898,1
52637244,1
52678030,1
52704638,1
52699596,1
52703753,1
52657664,1
52691251,1
52678240,1
52652540,1
52700473,1
52655801,1
52680194,1
52696078,1
52695615,1
52702173,1
52379371,1
52691154,1
52689215,1
52695362,1
52645442,1
52691847,1
52691075,1
52695325,1
52702831,1
52685734,1
52694143,1
52698516,1
52633678,1
52630847,1
52685697,1
52685804,1
52689409,1
52650506,1
52700097,1
52601037,1
52635197,1
52697855,1
52638951,1
52694004,1
52610900,1
52668790,1
52692471,1
52525008,1
52689344,1
52688754,1
52659488,1
52645287,1
52700681,1
52677869,1
52675778,1
52672536,1
52658963,1
52689047,1
52703734,1
52671258,1
52699599,1
52659489,1
52567443,1
52603625,1
52691248,1
52698225,1
52662910,1
52560509,1
52692294,1
52669549,1
52682736,1
52681203,1
52672835,1
52574829,1
52463969,1
52447772,1
52615520,1
52700782,1
52648089,1
52393035,1
52702640,1
52686564,1
52681204,1
52590361,1
52692811,1
52691332,1
52683870,1
52652437,1
52664743,1
52653393,1
52661933,1
52687787,1
52592424,1
52473387,1
52701118,1
52650292,1
52669494,1
52662716,1
52691247,1
52688460,1
52704115,1
52525869,1
52702639,1
52446574,1
52641755,1
52681475,1
52698865,1
52669520,1
52694827,1
52663633,1
52680605,1
52683179,1
52655329,1
52666755,1
52570205,1
52479862,1
52557059,1
52669519,1
52569095,1
52690393,1
52530250,1
52535694,1
52694053,1
52536627,1
52635610,1
52548465,1
52606068,1
52640132,1
