"id","Cluster"
52705781,1
52707465,1
52707582,1
52705492,1
52705527,1
52708489,1
52707389,1
52707390,1
52705782,1
52705790,1
52706138,1
52705189,1
52706540,1
52706976,1
52705618,1
52705789,1
52705969,1
52709731,1
52710023,1
52710109,1
52710108,1
52707197,1
52707918,1
52709752,1
52710022,1
52711419,1
52709297,1
52712077,1
52710989,1
52715583,1
52716198,1
52710007,1
52714108,1
52716947,1
52708288,1
52715637,1
52711308,1
52715706,1
52715705,1
52716946,1
52717253,1
52716364,1
52716460,1
52713755,1
52716531,1
52711142,1
52715262,1
52706977,1
52707196,1
52713981,1
52713980,1
52714072,1
52716808,1
52711339,1
52711338,1
52711429,1
52716532,1
52720670,1
52713868,1
52711143,1
52713821,1
52705528,1
52711256,1
52708013,1
52708125,1
52719324,1
52720866,1
52709858,1
52708321,1
52722310,1
52719984,1
52719178,1
52708287,1
52720671,1
52715263,1
52718209,1
52721059,1
52719592,1
52719646,1
52719686,1
52724690,1
52721993,1
52718034,1
52719325,1
52720867,1
52718229,1
52725025,1
52725090,1
52710338,1
52713203,1
52707962,1
52716258,1
52718924,1
52721873,1
52723156,1
52712076,1
52721060,1
52716770,1
52722336,1
52724118,1
52724181,1
52721704,1
52714739,1
52720604,1
52723361,1
52723561,1
52722063,1
52726425,1
52711378,1
52715584,1
52716836,1
52725089,1
52721253,1
52716835,1
52717050,1
52720605,1
52708320,1
52713824,2
52722064,1
52724983,1
52726426,1
52727866,1
52719687,1
52725129,1
52720159,1
52727270,1
52721949,1
52719179,1
52723560,1
52726373,1
52719591,1
52727763,1
52708490,1
52727920,1
52719672,1
52724200,1
52725495,1
52730063,1
52706539,1
52721950,1
52723609,1
52706753,1
52715274,1
52726315,1
52720969,1
52716668,1
52707036,1
52730437,1
52730436,1
52711190,1
52724117,1
52721307,1
52729500,1
52732333,1
52707919,1
52717386,1
52709296,1
52714536,1
52705262,1
52725952,1
52728525,1
52733030,1
52733164,1
52733240,1
52725024,1
52710132,1
52722608,1
52713450,1
52711047,1
52734456,1
52726374,1
52730299,1
52734599,1
52730399,1
52732000,1
52733163,1
52721254,1
52711828,1
52733599,1
52705222,1
52716453,1
52734441,1
52723362,1
52708384,1
52730370,1
52727671,1
52714107,1
52734965,1
52725019,1
52722311,1
52735459,1
52732783,1
52727269,1
52734177,1
52737072,1
52726098,1
52711046,1
52723610,1
52718228,1
52710984,1
52737652,1
52727830,1
52735050,1
52732217,1
52729454,1
52729968,1
52716199,1
52728769,1
52731403,1
52713771,1
52706911,1
52705539,1
52731910,1
52720972,1
52734788,1
52737653,1
52719529,1
52732274,1
52710046,1
52736113,1
52730594,1
52738860,1
52727926,1
52724448,1
52710767,1
52724611,1
52738673,1
52734455,1
52733289,1
52737469,1
52740345,1
52726316,1
52726501,1
52733263,1
52736058,1
52732337,1
52711494,1
52722223,1
52715779,1
52729602,1
52705980,1
52715638,1
52722456,1
52706591,1
52730064,1
52712084,1
52728741,1
52733029,1
52720699,1
52705619,1
52737392,1
52729182,1
52733189,1
52737530,1
52715558,1
52731909,1
52733264,1
52736119,1
52738835,1
52741631,1
52729501,1
52707752,1
52737779,1
52708727,1
52713573,1
52721874,1
52733010,1
52728817,1
52731586,1
52726273,1
52710949,1
52737368,1
52707490,1
52734689,1
52709730,1
52711309,1
52736118,1
52737736,1
52719671,1
52741622,1
52732494,1
52740669,1
52741662,1
52711659,1
52716449,1
52706754,1
52720736,1
52716404,1
52740191,1
52726222,1
52718033,1
52740192,1
52741558,1
52741578,1
52738896,2
52733323,1
52721350,1
52744473,1
52738917,1
52707581,1
52744075,1
52744076,1
52745463,1
52709753,1
52705774,1
52733360,1
52744318,1
52732334,1
52710539,1
52707751,1
52738042,1
52705267,1
52708014,1
52744820,1
52713451,1
52705188,1
52710677,1
52744040,1
52730358,1
52710988,1
52742648,1
52727692,1
52745583,1
52716549,1
52735959,1
52743048,1
52711247,1
52740480,1
52711255,1
52708566,1
52744480,1
52714073,1
52744472,1
52732493,1
52738043,1
52711827,1
52744871,1
52717264,1
52723590,1
52720757,1
52730506,1
52723626,1
52720756,1
52737468,1
52748549,1
52709653,1
52710133,1
52738887,1
52746267,1
52714180,1
52724188,1
52710676,1
52728117,1
52739578,1
52716259,2
52709431,1
52711019,1
52716655,1
52741557,1
52711094,1
52715809,1
52744388,1
52708515,1
52732218,1
52708613,1
52740503,1
52732273,1
52741647,1
52741807,1
52731402,1
52731160,1
52733844,1
52746629,1
52735667,1
52750631,1
52715109,1
52723040,1
52720737,1
52707244,1
52751585,1
52725496,1
52713483,1
52739238,1
52717281,1
52710654,1
52744775,1
52735547,1
52750607,1
52720145,1
52728301,1
52748202,1
52730343,1
52751544,1
52719528,1
52705857,1
52750234,1
52727195,1
52710825,1
52747682,1
52739287,1
52706383,1
52749527,1
52716461,1
52749575,1
52720924,1
52749819,1
52715965,1
52742962,1
52748656,1
52708567,1
52732338,1
52714537,1
52747615,1
52731159,1
52753147,1
52746494,1
52742263,1
52747806,1
52717503,1
52720387,1
52706484,1
52709816,1
52742957,1
52748773,1
52714181,1
52754326,1
52754417,1
52726811,1
52735975,1
52725130,1
52733873,1
52755887,1
52754820,1
52739288,1
52752117,1
52733874,1
52731232,1
52720156,1
52716458,1
52710934,1
52751080,1
52751081,1
52752526,1
52744264,1
52720968,1
52729337,1
52744376,1
52757107,1
52743574,1
52724447,1
52733598,1
52736505,1
52728118,1
52735460,1
52757568,1
52712073,1
52753367,1
52733776,1
52756105,1
52728814,1
52730304,1
52755178,1
52744190,1
52757998,1
52747058,1
52709817,1
52743034,1
52716807,1
52733366,1
52746163,1
52737817,1
52757312,1
52732582,1
52715846,1
52732682,1
52713574,1
52719983,1
52741806,1
52725669,1
52750615,1
52750616,1
52724612,1
52757708,1
52735534,1
52734178,1
52734442,1
52723401,1
52716546,2
52716595,1
52726274,1
52745696,1
52741579,1
52746138,1
52723996,1
52713204,1
52743902,1
52746455,1
52710839,1
52755888,1
52720160,1
52754791,1
52716656,1
52720698,1
52709652,1
52708516,1
52724875,1
52753826,1
52759763,1
52738859,1
52741675,1
52758134,1
52711420,1
52717009,1
52730760,1
52751668,1
52730799,1
52732678,1
52736659,1
52716457,1
52761414,1
52761415,1
52760370,1
52758999,1
52709396,1
52742418,1
52752293,1
52728770,1
52751252,1
52751003,1
52757999,1
52705621,1
52710006,1
52747072,1
52758133,1
52751586,1
52722335,1
52726971,1
52743375,1
52720925,1
52719519,1
52733322,1
52754763,1
52754762,1
52761451,1
52749293,1
52713648,1
52731256,1
52763154,1
52731233,1
52761882,1
52730213,1
52755077,1
52741359,1
52742649,1
52728922,1
52749687,1
52740052,1
52763503,1
52718719,1
52730722,1
52711660,1
52757449,1
52758384,1
52735486,1
52728635,1
52756106,1
52730357,1
52721994,1
52731614,1
52705491,1
52760731,1
52736000,1
52755324,1
52759441,1
52759686,1
52722272,1
52757065,1
52725207,1
52717136,1
52764018,1
52754819,1
52738358,1
52714698,1
52737025,1
52733103,1
52730545,1
52719522,1
52763703,1
52763702,1
52763642,1
52760015,1
52749096,1
52735466,1
52731078,1
52734307,1
52720386,1
52766059,1
52737262,1
52740132,1
52730298,1
52767670,1
52705622,1
52731933,1
52745964,1
52716782,1
52765097,1
52737531,1
52768110,1
52744319,1
52747054,1
52759977,1
52733427,1
52712854,1
52715964,1
52726972,1
52760243,1
52742069,1
52752116,1
52710840,1
52736658,1
52732924,1
52728923,1
52742777,1
52766058,1
52745464,1
52733005,1
52738486,1
52746769,1
52767629,1
52713756,1
52745475,1
52751498,1
52757064,1
52766315,1
52763593,1
52738886,1
52759675,1
52726810,1
52742264,1
52757567,1
52745328,1
52743989,1
52752292,1
52733239,1
52736057,1
52748759,1
52765476,1
52769155,1
52719632,1
52714368,1
52751945,1
52717135,1
52736366,1
52761361,1
52714449,1
52766908,1
52722793,1
52755965,1
52760402,1
52739577,1
52761450,1
52716548,1
52739536,1
52724796,1
52768771,1
52738487,1
52736850,1
52727492,1
52733009,1
52722099,1
52759365,1
52770495,1
52755281,1
52741632,1
52746201,1
52766707,1
52727219,1
52758561,1
52753148,1
52716450,1
52725360,1
52710983,1
52761883,1
52750608,1
52730305,1
52727406,1
52706718,1
52734598,1
52771634,1
52718342,1
52729214,1
52733312,1
52770494,1
52770655,1
52773605,1
52729623,1
52743347,1
52763803,1
52705968,1
52752814,1
52730037,1
52754792,1
52747511,1
52716436,1
52772820,1
52755060,1
52713610,1
52735894,1
52771657,1
52746911,1
52770478,1
52763425,1
52738838,1
52759674,1
52773367,1
52737369,1
52736013,1
52723995,1
52738732,1
52770758,1
52771889,1
52763764,1
52730712,1
52772748,1
52767310,1
52766124,1
52745417,1
52724653,1
52760582,1
52774305,1
52759211,1
52759391,1
52774415,1
52745438,1
52775926,1
52749769,1
52763424,1
52747055,1
52770746,1
52741621,1
52744265,1
52747207,1
52751669,1
52771160,1
52747614,1
52746527,1
52741158,1
52733931,1
52765897,1
52753297,1
52756245,1
52723041,1
52721703,1
52764643,1
52768831,1
52710933,1
52724797,1
52745697,1
52768982,1
52744191,1
52774467,1
52744254,1
52707489,1
52768983,1
52776003,1
52771888,1
52709859,1
52754418,1
52722271,1
52734916,1
52769154,1
52770992,1
52759978,1
52725206,1
52729831,1
52760151,1
52774870,1
52762897,1
52774869,1
52765754,1
52772316,1
52775098,1
52754748,1
52750540,1
52716363,1
52749526,1
52772859,1
52725993,1
52774282,1
52709938,1
52726189,1
52774414,1
52745770,1
52735895,1
52773368,1
52730507,1
52751595,1
52777408,1
52747073,1
52747190,1
52777494,1
52747069,1
52751577,1
52777454,1
52743047,1
52738993,1
52757335,1
52729830,1
52760219,1
52774962,1
52771348,1
52725859,1
52750526,1
52755966,1
52733006,1
52777108,1
52778393,1
52749704,1
52744028,1
52712667,1
52749818,1
52734789,1
52777407,1
52727927,1
52745967,1
52741646,1
52750235,1
52765753,1
52728636,1
52766706,1
52774304,1
52777107,1
52710151,1
52777370,1
52751578,1
52746200,1
52744387,1
52763731,1
52754633,1
52774776,1
52763804,1
52711425,1
52735378,1
52774860,1
52782253,1
52779591,1
52749217,1
52717502,1
52763080,1
52725740,1
52747692,1
52756179,1
52750966,1
52770039,1
52776997,1
52739734,1
52739629,1
52764737,1
52777224,1
52748411,1
52776004,1
52781382,1
52733196,1
52716771,1
52733259,1
52741676,1
52729479,1
52743374,1
52782979,1
52777460,1
52768236,1
52774775,1
52752894,1
52730800,1
52774001,1
52772425,1
52760360,1
52724436,1
52750539,1
52775823,1
52749672,1
52775697,1
52764736,1
52751351,1
52735974,1
52734688,1
52781568,1
52710047,1
52762369,1
52744381,1
52757016,1
52748928,1
52777459,1
52748904,1
52748971,1
52751587,1
52735381,1
52757576,1
52758562,1
52757496,1
52707920,1
52757656,1
52756200,1
52730144,1
52739733,1
52722002,1
52775698,1
52719129,1
52771635,1
52742750,1
52759687,1
52763376,1
52752895,1
52763081,1
52786154,1
52777772,1
52728742,1
52769839,1
52749409,1
52774317,1
52771700,1
52759364,1
52785440,1
52723625,1
52708397,1
52785471,1
52740467,1
52737289,1
52740033,1
52780119,1
52757106,1
52779418,1
52760220,1
52750205,1
52758490,1
52758473,1
52747510,1
52753157,1
52786089,1
52705129,1
52733932,1
52769804,1
52757740,1
52760371,1
52758938,1
52785432,1
52738620,1
52785441,1
52759762,1
52759648,1
52730356,1
52766289,1
52767671,1
52743031,1
52715557,1
52780047,1
52784657,1
52773721,1
52715780,1
52735049,1
52728426,1
52706717,1
52758883,1
52706592,1
52724652,1
52710824,1
52779848,1
52781381,1
52788094,1
52763403,1
52777065,1
52752394,1
52742585,1
52770479,1
52751352,1
52705635,1
52773606,1
52773479,1
52747208,1
52749844,1
52750021,1
52780208,1
52762895,1
52733643,1
52786187,1
52782254,1
52769840,1
52789037,1
52739630,1
52713649,1
52768832,1
52769004,1
52779000,1
52761024,1
52727865,1
52768237,1
52758474,1
52774000,1
52755841,1
52757450,1
52753221,1
52757590,1
52748275,1
52757741,1
52770201,1
52767140,1
52781146,1
52788093,1
52745504,1
52737261,1
52724984,1
52722224,1
52769190,1
52762479,1
52788281,1
52768493,1
52772315,1
52764385,1
52761960,1
52789499,1
52764803,1
52760638,1
52775925,1
52757990,1
52745963,1
52759440,1
52779146,1
52750020,1
52770722,1
52791207,1
52747201,1
52763783,1
52715847,1
52764419,1
52761403,1
52789327,1
52772701,1
52767054,1
52739741,1
52764846,1
52793676,1
52766143,1
52710150,1
52748905,1
52740668,1
52711700,1
52755809,1
52772288,1
52753232,1
52772441,1
52789022,1
52757591,1
52731059,1
52735472,1
52735734,1
52793512,1
52750788,1
52752170,1
52788142,1
52780171,1
52795657,1
52784658,1
52744375,1
52770991,1
52743532,1
52742068,1
52777773,1
52796971,1
52764019,1
52755866,1
52771454,1
52760450,1
52756626,1
52745476,1
52729213,1
52764802,1
52749576,1
52744034,1
52793785,1
52780120,1
52798353,1
52776617,1
52774753,1
52740946,1
52779412,1
52796899,1
52771237,1
52768566,1
52761997,1
52783710,1
52764642,1
52797722,1
52783748,1
52746832,1
52766142,1
52730546,1
52760768,1
52722160,1
52740535,1
52765098,1
52768853,1
52798248,1
52759875,1
52780065,1
52749708,1
52759930,1
52799382,2
52798325,1
52791208,1
52732581,1
52736365,1
52742118,1
52788659,1
52752171,1
52780866,1
52787935,1
52790748,1
52800176,1
52797723,1
52791065,1
52800934,1
52788446,1
52766314,1
52771845,1
52795487,1
52763502,1
52748760,1
52763732,1
52757019,2
52799451,1
52763680,1
52749843,1
52768469,1
52793286,1
52731205,1
52734107,1
52749173,1
52753158,1
52753020,1
52765697,1
52780869,1
52774320,1
52779731,1
52763235,1
52717353,1
52782556,1
52717732,1
52749686,1
52780064,1
52788221,1
52800935,1
52714193,1
52799376,1
52719518,1
52770757,1
52798601,1
52777870,1
52772414,1
52705360,1
52779748,1
52745503,1
52801936,3
52799138,1
52722158,1
52749703,1
52738839,1
52777445,1
52776220,1
52791150,1
52802157,2
52791238,1
52784803,1
52791288,1
52799832,1
52772426,1
52785056,1
52782215,1
52731257,1
52772547,1
52709212,1
52769875,1
52743828,1
52778064,1
52778297,1
52732814,1
52722145,1
52774278,1
52764633,1
52767891,1
52778394,1
52793786,1
52770635,1
52804688,3
52748550,1
52773524,1
52803928,1
52795538,1
52747202,1
52770725,1
52726900,1
52779310,1
52746456,1
52757577,1
52771347,1
52761360,1
52799833,1
52778063,1
52783454,1
52788868,1
52800177,1
52770200,1
52798885,1
52801724,1
52738337,1
52740131,1
52786912,1
52757836,1
52803408,3
52711424,1
52757138,1
52800990,1
52785661,1
52769318,1
52749294,1
52733642,1
52763087,1
52749673,1
52774198,1
52717352,1
52764420,1
52766261,1
52805654,1
52794789,1
52748159,1
52738672,1
52741358,1
52734555,1
52806114,1
52739742,1
52719521,1
52804762,1
52738733,1
52755325,1
52770726,1
52805034,1
52750151,1
52747459,1
52765909,1
52792136,1
52720385,1
52768624,1
52805607,1
52769876,1
52770115,1
52755050,1
52738509,1
52806156,3
52755078,1
52737339,1
52789890,1
52809160,1
52770685,1
52778745,1
52779419,1
52736419,1
52755810,1
52785154,1
52805436,1
52750835,1
52772700,1
52772902,1
52777171,1
52779911,1
52789680,1
52759649,1
52760695,1
52802122,1
52785751,1
52751594,1
52803732,1
52747189,1
52782216,1
52786220,1
52809960,1
52752271,1
52788214,1
52740504,1
52776292,1
52762478,1
52804871,1
52810378,1
52763681,1
52791189,1
52796808,1
52732734,1
52794086,1
52793269,1
52785057,1
52753324,1
52779590,1
52731587,1
52783797,1
52763175,1
52756600,1
52727691,1
52803455,1
52778815,1
52737413,1
52764750,1
52743032,1
52760767,1
52812014,1
52780263,1
52765581,1
52708726,1
52786153,1
52802511,1
52752213,1
52747683,1
52809978,1
52749485,1
52757812,1
52760679,2
52776221,1
52744444,1
52755352,1
52785599,1
52813083,1
52788445,1
52813236,1
52805035,1
52751397,1
52762896,1
52812423,1
52763088,1
52806975,1
52797435,1
52768895,1
52764032,1
52790934,1
52778649,1
52792417,1
52757991,1
52792416,1
52795537,1
52708811,1
52742086,1
52799735,1
52815277,1
52782390,1
52808404,1
52780870,1
52792266,1
52771583,1
52752493,1
52779309,1
52749133,1
52799559,1
52812422,1
52805595,1
52744746,1
52777020,1
52760217,1
52793511,1
52759000,1
52777083,1
52770252,1
52808884,1
52781567,1
52814610,1
52758094,1
52759870,1
52788343,1
52765702,1
52728588,1
52794424,1
52771238,1
52742301,1
52796994,1
52813616,1
52755051,1
52785319,1
52768753,1
52805979,1
52816887,1
52809945,1
52783796,1
52809959,1
52785570,1
52781337,1
52806375,1
52737737,1
52798354,1
52782978,1
52793068,1
52791287,1
52795658,1
52793270,1
52780524,1
52796972,1
52810808,1
52807011,1
52760150,1
52765908,1
52783432,1
52776950,1
52797187,1
52741185,1
52780819,1
52772692,1
52778531,1
52793831,1
52777493,1
52789889,1
52777453,1
52755280,1
52812015,1
52785750,1
52790283,1
52787848,1
52788989,1
52785153,1
52820928,3
52820931,1
52742778,1
52819459,3
52785320,1
52766260,1
52710766,1
52819636,1
52759210,1
52796511,1
52789681,1
52764751,1
52770684,1
52760826,1
52752525,1
52802136,1
52810358,1
52769169,1
52820154,1
52821396,1
52766428,1
52780198,1
52815885,1
52793067,1
52782023,1
52783043,1
52771161,1
52804162,1
52788745,1
52799734,1
52786090,1
52764386,1
52801625,1
52713862,1
52785529,1
52730200,1
52788222,1
52790933,1
52756839,1
52785598,1
52773125,1
52822902,1
52743033,1
52807704,1
52795695,1
52764262,1
52768470,1
52821653,1
52806998,1
52764294,1
52796233,1
52783752,1
52781145,1
52800456,1
52823872,1
52825304,1
52782929,1
52765365,1
52825933,1
52802078,1
52735417,1
52752891,1
52821787,1
52743827,1
52772389,1
52760401,1
52772693,1
52805437,1
52819508,1
52826473,1
52754992,1
52826570,1
52822501,1
52781453,1
52775694,1
52778787,1
52748412,1
52770654,1
52752492,1
52806560,1
52757211,1
52780169,1
52773982,1
52812626,1
52735805,1
52803091,1
52783747,1
52762033,1
52779889,1
52823731,1
52821105,1
52778760,1
52793537,1
52810140,1
52821020,1
52826549,1
52772988,1
52719633,1
52795507,1
52823195,1
52822964,1
52801196,1
52754325,1
52798602,1
52744443,1
52823422,1
52823421,1
52774963,1
52824563,1
52758859,1
52824576,1
52787849,1
52762032,1
52792042,1
52824908,1
52808405,1
52803092,1
52777170,1
52709213,1
52716568,1
52800514,1
52807317,1
52786749,1
52826548,1
52823878,1
52800303,1
52705773,1
52773126,1
52771844,1
52824021,1
52740466,1
52793847,1
52780220,1
52824111,1
52799294,1
52820351,1
52791235,1
52803929,1
52785767,1
52742087,1
52781032,1
52786255,1
52761402,1
52796281,1
52795239,1
52778562,1
52774279,1
52767820,1
52812975,1
52800885,1
52804857,1
52795517,1
52831302,1
52785617,1
52785844,1
52774777,1
52785800,1
52803859,1
52771878,1
52821395,1
52768139,1
52831501,1
52758383,1
52804142,1
52717497,1
52788700,1
52805276,1
52788854,1
52744035,1
52829263,1
52732784,1
52787035,1
52825303,1
52795456,1
52766200,1
52831303,1
52831237,1
52762541,1
52770600,1
52769135,1
52828772,1
52807754,1
52743573,1
52780170,1
52749095,1
52832663,1
52788990,1
52805464,1
52808400,1
52759043,1
52757837,1
52832087,1
52749496,1
52829301,1
52791064,1
52804856,1
52824110,1
52831168,1
52798326,1
52833991,1
52807048,1
52776759,1
52787764,1
52786304,1
52733777,1
52772442,1
52785329,1
52831898,1
52793668,1
52783751,1
52832078,1
52832075,1
52789666,1
52822891,1
52832360,1
52810357,1
52833984,1
52774429,1
52773523,1
52813133,1
52781831,1
52714192,1
52780339,1
52798738,1
52788867,1
52779747,1
52794691,1
52808777,1
52819314,1
52834724,1
52833326,1
52808338,1
52803066,1
52793834,1
52833985,1
52774460,1
52784374,1
52755351,1
52783080,1
52744481,1
52807753,1
52802658,1
52797188,1
52783599,1
52784967,1
52816979,1
52834685,1
52798941,1
52796383,1
52832159,1
52791025,1
52800761,1
52782555,1
52811648,1
52825807,1
52836665,1
52837815,1
52836847,1
52800992,1
52740947,1
52796160,1
52837350,1
52783277,1
52803102,1
52775824,1
52727670,1
52788227,1
52824023,1
52837816,1
52836846,1
52768109,1
52832283,1
52821363,1
52782861,1
52815846,1
52801195,1
52778360,1
52832630,1
52793568,1
52835463,1
52783783,1
52827372,1
52797281,1
52777032,1
52777029,1
52803037,1
52793536,1
52800302,1
52774316,1
52793846,1
52770381,1
52789726,1
52783598,1
52809339,1
52785620,1
52820153,1
52733426,1
52793155,1
52802581,1
52739535,1
52827485,1
52819334,1
52827486,1
52767139,1
52777965,1
52767892,1
52806188,1
52784375,1
52832188,1
52832079,1
52791131,1
52826788,1
52773480,1
52828378,1
52811899,1
52809340,1
52834336,1
52783081,1
52820692,1
52805289,1
52772330,1
52807069,1
52791444,1
52734108,1
52808298,1
52794692,1
52818248,1
52807216,1
52749653,1
52829302,1
52826472,1
52748276,1
52833578,1
52800773,1
52803103,1
52799264,1
52776291,1
52806374,1
52811756,1
52758095,1
52840550,1
52802197,1
52799214,1
52785709,1
52836823,1
52821364,1
52766989,1
52786536,1
52824556,1
52769528,1
52800804,1
52821207,1
52824074,1
52831236,1
52826787,1
52832346,1
52828377,1
52814883,1
52762540,1
52750204,1
52780604,1
52791443,1
52824575,1
52813430,1
52787763,1
52802829,1
52806997,1
52808401,1
52789328,1
52763244,1
52837351,1
52830406,1
52826413,1
52789587,1
52784326,1
52811755,1
52741523,1
52825426,1
52814458,1
52752261,1
52831121,1
52776127,1
52828612,1
52844857,1
52815886,1
52782165,1
52821448,1
52774879,1
52838179,1
52805606,1
52729967,1
52806962,1
52788914,1
52819304,1
52774283,1
52808388,1
52803090,1
52797343,1
52804618,1
52844571,1
52770056,1
52816978,1
52822890,1
52823939,1
52840549,1
52803548,1
52812048,1
52762698,1
52837977,1
52848081,1
52794205,1
52821501,1
52809825,1
52821994,1
52826569,1
52795110,1
52777139,1
52823940,1
52828205,1
52825364,1
52826899,1
52760104,1
52806689,1
52829705,1
52840731,1
52832623,1
52832631,1
52821743,1
52793505,1
52832662,1
52763176,1
52788899,1
52829121,1
52848354,1
52848416,1
52801624,1
52810201,1
52815651,1
52818226,1
52829241,1
52823877,1
52807433,1
52821384,1
52813213,1
52823196,1
52806842,1
52846139,1
52785710,1
52751543,1
52788699,1
52774187,1
52832614,1
52846682,1
52822061,1
52843946,1
52823750,1
52819313,1
52821021,1
52811135,1
52844230,1
52799251,1
52805980,1
52829262,1
52771584,1
52789500,1
52746266,1
52822903,1
52781832,1
52837978,1
52802501,1
52779700,1
52758489,1
52803067,1
52811040,1
52730140,1
52760445,1
52844229,1
52774044,1
52852434,1
52843003,1
52821142,1
52815628,2
52841771,1
52852767,1
52847287,1
52705582,1
52828288,1
52782046,1
52825932,1
52834335,1
52793348,1
52806963,1
52796049,1
52813518,1
52851954,1
52851953,1
52791839,1
52739822,1
52830655,1
52790731,1
52813933,1
52811431,1
52800457,1
52775535,1
52830918,1
52800762,1
52768980,1
52778704,1
52779064,1
52837674,1
52793669,1
52834095,1
52816003,1
52843295,1
52782928,1
52779411,1
52796900,1
52802509,1
52785084,1
52834537,1
52845397,1
52801652,1
52813823,1
52844219,1
52738604,1
52829286,1
52793835,1
52852768,1
52734966,1
52840570,1
52716669,1
52834154,1
52854413,1
52824564,1
52817960,1
52758798,1
52794204,1
52821929,1
52804487,1
52816584,1
52727762,1
52834723,1
52792267,1
52833552,1
52852826,1
52856913,1
52828206,1
52779065,1
52789667,1
52795210,1
52813084,1
52820464,1
52821466,1
52821447,1
52851643,1
52821465,1
52802508,1
52786748,1
52825108,1
52829344,1
52814457,1
52852773,1
52832375,1
52808859,1
52790965,1
52830745,1
52810141,1
52839089,1
52818639,1
52826798,1
52834094,1
52858882,1
52818717,1
52832349,1
52802306,1
52816219,1
52793298,1
52819163,1
52783455,1
52799018,1
52808552,1
52777030,1
52776244,1
52852774,1
52847465,1
52856957,1
52813132,1
52828415,1
52851639,1
52777369,1
52858883,1
52769529,1
52758328,1
52826162,1
52854761,1
52852018,1
52860500,1
52810064,1
52785108,1
52820899,1
52814027,1
52808500,1
52825305,1
52785523,1
52811481,1
52851651,1
52804929,1
52824116,1
52818638,1
52821564,1
52861851,1
52725359,1
52793357,1
52802510,1
52820648,1
52807068,1
52824483,1
52830288,1
52819333,1
52808299,1
52851106,1
52732932,1
52858446,1
52795488,1
52844655,1
52861117,1
52806365,1
52851650,1
52814846,1
52856002,1
52836814,1
52804743,1
52831502,1
52842487,1
52802296,1
52835341,1
52835342,1
52817924,1
52856329,1
52823498,1
52861945,1
52862956,1
52792137,1
52732931,1
52817172,1
52781338,1
52861118,1
52846047,1
52724199,1
52783433,1
52846429,1
52816278,1
52846565,1
52837281,1
52827558,1
52821788,1
52845491,1
52837464,1
52799137,1
52816783,1
52797611,1
52839206,1
52835026,1
52861297,1
52709939,1
52770745,1
52791188,1
52842848,1
52793506,1
52845396,1
52805548,1
52819247,1
52777972,1
52825109,1
52803456,1
52841491,1
52803731,1
52802196,1
52832284,1
52821208,1
52859914,1
52864376,1
52766429,1
52788660,1
52835328,1
52867326,1
52854665,1
52783232,1
52821744,1
52802990,1
52763153,1
52841395,1
52866142,1
52840320,1
52800513,1
52859499,1
52856912,1
52855903,1
52839189,1
52842146,1
52824024,1
52788226,1
52762092,1
52832248,1
52784804,1
52850794,1
52864625,1
52867429,1
52865795,1
52840082,1
52830476,1
52829212,1
52851316,1
52834784,1
52863986,1
52838952,1
52839138,1
52869531,1
52795518,1
52784386,1
52864189,1
52847820,1
52866957,1
52867999,1
52824154,1
52836822,1
52790238,1
52772329,1
52760242,1
52827162,1
52823497,1
52805531,1
52821928,1
52780523,1
52848355,1
52836032,1
52857748,1
52860450,1
52868689,1
52837401,1
52789038,1
52815271,1
52866288,1
52847308,1
52850115,1
52790885,1
52822861,1
52821006,1
52863862,1
52808820,1
52832247,1
52803568,1
52855934,1
52788282,1
52847399,1
52840604,1
52806706,1
52802297,1
52834281,1
52851699,1
52850466,1
52847776,1
52810557,1
52857387,1
52871401,1
52841321,1
52829863,1
52831814,1
52814092,1
52838831,1
52827905,1
52862166,1
52808551,1
52851283,1
52811440,1
52833635,1
52869526,1
52811867,1
52869527,1
52869476,1
52780209,1
52850242,1
52806843,1
52864127,1
52844874,1
52755222,1
52802135,1
52790284,1
52840645,1
52776654,1
52827020,1
52857388,1
52813932,1
52863067,1
52841194,1
52817959,1
52802697,1
52841174,1
52838753,1
52799021,1
52871596,1
52765973,1
52840373,1
52816583,1
52822239,1
52818400,1
52836011,1
52836456,1
52855904,1
52793828,1
52791026,1
52856001,1
52872377,1
52873519,1
52847597,1
52872634,1
52832400,1
52818756,1
52837139,1
52823564,1
52764293,1
52820920,1
52867430,1
52846635,1
52758860,1
52857747,1
52844259,1
52813571,1
52749486,1
52854094,1
52734352,1
52785328,1
52746833,1
52815652,1
52852825,1
52872154,1
52829653,1
52870666,1
52873520,1
52865280,1
52851700,1
52836651,1
52847775,1
52798739,1
52809824,1
52818010,1
52854666,1
52792047,1
52829935,1
52844220,1
52874723,1
52863861,1
52869530,1
52863985,1
52836805,1
52848758,1
52791149,1
52848759,1
52833990,1
52837673,1
52847957,1
52801336,1
52845025,1
52819164,1
52812627,1
52849939,1
52840243,1
52875905,1
52763592,1
52795508,1
52854095,1
52840554,1
52877867,1
52846038,1
52843294,1
52829650,1
52872472,1
52799375,1
52845059,1
52824257,1
52861677,1
52809684,1
52870901,1
52843645,1
52870933,1
52874018,1
52840837,1
52856348,1
52796248,1
52834783,1
52878603,1
52851315,1
52822502,1
52831899,1
52841354,1
52877338,1
52856752,1
52873172,1
52806115,1
52749719,1
52855505,1
52843231,1
52862350,1
52828287,1
52784327,1
52810259,1
52852995,1
52807683,1
52785530,1
52876308,1
52846046,1
52872567,1
52853700,1
52837109,1
52820737,1
52846636,1
52852255,1
52849758,1
52855933,1
52840525,1
52858674,1
52763784,1
52779557,1
52751957,1
52809804,1
52873786,1
52827261,1
52797434,1
52871435,1
52842803,1
52871400,1
52870460,1
52878622,1
52806113,1
52856807,1
52859678,1
52859769,1
52844634,1
52803777,1
52867983,1
52858625,1
52837937,1
52878081,1
52835027,1
52747169,1
52854412,1
52807813,1
52848985,1
52826161,1
52856531,1
52865699,1
52809946,1
52852254,1
52816838,1
52804627,1
52880208,1
52880085,1
52812974,1
52881633,1
52817158,1
52760105,1
52846566,1
52850822,1
52854760,1
52820649,1
52838754,1
52882399,1
52882460,1
52815437,1
52852415,1
52828059,1
52841873,1
52842903,1
52830661,1
52859618,1
52818399,1
52858417,1
52869495,1
52875140,1
52874989,1
52883250,1
52844557,1
52837938,1
52825659,1
52833707,1
52883441,1
52883442,1
52829706,1
52826084,1
52850937,1
52829934,1
52837415,1
52857439,1
52829298,1
52880207,1
52862290,1
52823701,1
52829295,1
52859642,1
52859770,1
52845054,1
52839545,1
52804880,1
52850465,1
52836666,1
52837908,1
52737778,1
52886314,1
52883633,1
52848185,1
52854743,1
52843777,1
52841490,1
52853785,1
52803093,1
52758757,1
52833090,1
52848586,1
52883177,1
52823040,1
52847596,1
52842179,1
52850378,1
52855834,1
52886244,1
52879124,1
52810260,1
52828613,1
52711699,1
52821915,1
52849345,1
52739775,1
52827557,1
52866517,1
52850301,1
52824075,1
52887143,1
52815819,1
52840526,1
52877866,1
52846121,1
52829649,1
52832409,1
52821654,1
52811222,1
52878465,1
52841361,1
52829299,1
52823700,1
52799263,1
52825170,1
52765972,1
52835890,1
52825806,1
52870587,1
52825491,1
52807656,1
52888753,1
52848598,1
52776996,1
52844656,1
52878080,1
52889108,1
52769319,1
52736420,1
52830127,1
52849294,1
52841175,1
52830515,1
52874754,1
52818284,1
52866678,1
52859773,1
52844873,1
52865281,1
52872635,1
52867086,1
52881706,1
52845060,1
52835319,1
52843641,1
52875798,1
52857775,1
52876111,1
52854188,1
52858580,1
52876306,1
52846122,1
52868455,1
52830475,1
52793349,1
52829075,1
52864930,1
52869175,1
52859599,1
52851255,1
52889757,1
52865128,1
52851457,1
52787522,1
52870065,1
52850858,1
52865969,1
52863090,1
52812746,1
52813929,1
52866287,1
52866679,1
52829607,1
52863848,1
52892559,1
52892605,1
52842047,1
52879165,1
52863203,1
52865616,1
52780603,1
52890539,1
52808395,1
52890538,1
52836165,1
52860871,1
52833577,1
52892558,1
52872080,1
52836815,1
52868000,1
52842046,1
52873545,1
52892779,1
52887280,1
52850859,1
52829994,1
52790747,1
52826231,1
52865617,1
52857830,1
52841229,1
52848333,1
52814585,1
52873171,1
52830405,1
52807432,1
52832160,1
52886090,1
52848773,1
52889951,1
52883436,1
52869837,1
52845230,1
52867087,1
52850795,1
52796993,1
52816218,1
52875604,1
52840004,1
52851126,1
52865900,1
52755059,1
52818247,1
52831779,1
52871508,1
52898065,1
52870620,1
52878131,1
52880842,1
52816028,1
52898326,1
52870902,1
52862957,1
52848164,1
52797610,1
52851156,1
52790604,1
52789905,1
52856588,1
52852402,1
52857831,1
52830602,1
52863300,1
52856808,1
52847481,1
52876038,1
52877926,1
52858721,1
52858447,1
52877925,1
52801315,1
52868456,1
52850936,1
52707466,1
52897643,1
52898792,1
52849037,1
52840003,1
52862125,1
52793716,1
52900564,1
52857981,1
52844296,1
52836652,1
52788215,1
52862550,1
52892604,1
52892704,1
52848783,1
52870621,1
52874990,1
52829862,1
52879166,1
52870989,1
52837182,1
52873103,1
52885159,1
52855276,1
52900514,1
52873001,1
52896225,1
52900590,1
52884301,1
52825365,1
52788245,1
52799087,1
52895710,1
52903899,1
52831778,1
52827161,1
52791843,1
52830126,1
52845471,1
52903098,1
52834815,1
52894915,1
52801725,1
52817159,1
52738236,1
52900591,1
52855484,1
52856712,1
52772969,1
52834839,1
52892705,1
52843330,1
52858722,1
52850821,1
52876748,1
52860467,1
52872997,1
52874130,1
52878621,1
52843059,1
52852414,1
52837482,1
52830744,1
52885668,1
52841320,1
52848542,1
52833706,1
52846039,1
52855233,1
52875927,1
52880621,1
52878059,1
52862845,1
52807047,1
52824358,1
52855214,1
52907293,1
52870525,1
52906144,1
52848349,1
52906135,1
52874755,1
52873444,1
52870781,1
52906420,1
52902588,1
52898135,1
52890000,1
52816004,1
52829995,1
52863013,1
52843694,1
52890319,1
52802826,1
52795111,1
52777156,1
52894976,1
52864731,1
52892197,1
52841662,1
52848417,1
52777084,1
52853920,1
52855506,1
52889778,1
52891378,1
52869838,1
52872523,1
52840569,1
52769292,1
52868295,1
52901406,1
52894914,1
52829345,1
52875799,1
52830660,1
52873077,1
52866305,1
52848599,1
52870436,1
52891553,1
52858865,1
52875655,1
52852155,1
52854741,1
52879511,1
52837138,1
52841362,1
52813824,1
52863066,1
52851127,1
52855213,1
52839352,1
52877337,1
52864258,1
52859915,1
52883287,1
52881725,1
52864188,1
52846170,1
52887306,1
52806767,1
52871263,1
52886562,1
52912588,1
52867596,1
52884251,1
52880206,1
52880331,1
52873132,1
52871922,1
52903658,1
52887164,1
52909117,1
52857027,1
52876309,1
52869981,1
52849036,1
52804371,1
52863237,1
52860168,1
52863101,1
52868531,1
52783276,1
52881232,1
52847286,1
52846681,1
52910031,1
52875053,1
52844858,1
52887252,1
52895589,1
52840603,1
52856340,1
52788650,1
52880031,1
52838410,1
52912948,1
52807290,1
52847109,1
52819543,1
52893956,1
52876112,1
52877785,1
52867890,1
52837803,1
52914650,1
52909116,1
52899981,1
52864387,1
52877861,1
52829667,1
52728121,1
52864566,1
52882229,1
52864565,1
52898327,1
52912304,1
52854821,1
52878422,1
52854742,1
52870282,1
52883924,1
52908791,1
52896443,1
52771656,1
52829074,1
52903457,1
52883286,1
52866396,1
52880444,1
52840732,1
52886201,1
52878029,1
52913812,1
52826157,1
52846299,1
52886561,1
52881202,1
52895709,1
52892934,1
52912305,1
52857974,1
52791842,1
52842804,1
52874103,1
52860882,1
52874004,1
52884079,1
52846743,1
52851157,1
52857698,1
52822240,1
52885667,1
52873251,1
52814541,1
52853442,1
52846226,1
52744707,1
52865722,1
52874102,1
52843695,1
52863012,1
52875704,1
52863301,1
52887867,1
52859455,1
52844034,1
52874459,1
52872998,1
52870526,1
52914309,1
52885382,1
52851458,1
52869174,1
52874520,1
52856958,1
52919894,1
52888875,1
52914423,1
52896768,1
52858462,1
52919161,1
52903660,1
52748972,1
52875656,1
52882398,1
52867376,1
52892935,1
52779699,1
52895067,1
52838322,1
52895189,1
52878776,1
52849940,1
52877860,1
52887305,1
52899999,1
52854445,1
52884741,1
52919418,1
52871448,1
52905784,1
52862165,1
52900266,1
52892162,1
52782391,1
52802580,1
52880032,1
52919720,1
52917038,1
52914279,1
52825492,1
52900820,1
52895322,1
52872081,1
52904868,1
52785571,1
52872021,1
52823960,1
52848878,1
52914640,1
52898177,1
52816029,1
52838149,1
52807812,1
52886484,1
52897516,1
52846498,1
52876737,1
52863164,1
52887839,1
52911325,1
52914064,1
52887866,1
52905785,1
52834755,1
52892294,1
52841617,1
52831669,1
52906117,1
52918485,1
52906069,1
52917191,1
52899397,1
52883168,1
52854074,1
52902517,1
52828102,1
52889877,1
52886091,1
52858463,1
52840555,1
52833551,1
52899869,1
52902886,1
52864521,1
52901179,1
52780905,1
52853739,1
52919417,1
52846828,1
52867375,1
52886958,1
52815562,1
52810084,1
52889912,1
52918724,1
52895321,1
52917224,1
52855545,1
52900948,1
52873482,1
52872568,1
52902895,1
52865520,1
52875498,1
52925045,1
52925046,1
52871595,1
52890702,1
52915504,1
52888092,1
52907302,1
52925252,1
52905962,1
52861271,1
52921110,1
52803567,1
52891227,1
52922654,1
52883515,1
52894137,1
52917190,1
52877884,1
52800991,1
52914735,1
52924706,1
52850793,1
52873689,1
52892102,1
52887613,1
52924990,1
52879813,1
52886643,1
52806175,1
52841616,1
52864931,1
52926767,1
52895216,1
52892549,1
52756601,1
52928257,1
52876304,1
52856347,1
52881125,1
52870934,1
52927716,1
52884934,1
52908536,1
52885289,1
52890318,1
52900608,1
52911587,1
52732942,1
52924242,1
52864983,1
52895217,1
52889109,1
52927033,1
52843189,1
52846406,1
52922275,1
52908481,1
52928907,1
52800462,1
52904231,1
52888311,1
52874521,1
52901755,1
52891202,1
52885757,1
52844558,1
52861272,1
52873335,1
52889837,1
52919982,1
52831169,1
52831320,1
52847819,1
52905411,1
52806897,1
52883988,1
52813475,1
52797300,1
52925010,1
52903186,1
52840882,1
52871449,1
52871434,1
52914196,1
52905961,1
52874235,1
52876003,1
52811223,1
52902054,1
52874722,1
52888795,1
52924167,1
52909043,1
52887138,1
52859654,1
52928258,1
52891720,1
52873538,1
52906419,1
52892778,1
52837802,1
52784921,1
52886483,1
52883961,1
52865698,1
52859965,1
52879456,1
52830259,1
52896200,1
52855349,1
52907515,1
52902097,1
52932237,1
52824907,1
52924168,1
52907779,1
52876303,1
52898159,1
52821104,1
52894475,1
52889878,1
52903659,1
52925569,1
52873435,1
52791237,1
52810869,1
52897529,1
52925009,1
52843947,1
52892161,1
52927796,1
52934628,1
52899129,1
52737290,1
52834840,1
52890947,1
52868991,1
52829240,1
52931024,1
52887142,1
52884510,1
52879032,1
52840883,1
52924859,1
52895632,1
52936015,1
52930512,1
52907136,1
52785433,1
52796247,1
52810271,1
52844368,1
52892712,1
52907752,1
52910459,1
52888782,1
52876274,1
52878948,1
52898158,1
52887161,1
52900069,1
52925910,1
52873825,1
52919375,1
52925879,1
52909564,1
52923171,1
52881063,1
52842942,1
52887588,1
52901783,1
52876753,1
52783233,1
52929267,1
52925178,1
52936153,1
52907243,1
52855566,1
52880383,1
52815820,1
52903422,1
52936485,1
52913667,1
52854075,1
52880531,1
52876242,1
52870780,1
52837994,1
52847958,1
52925878,1
52938587,1
52893268,1
52917852,1
52876736,1
52925037,1
52868668,1
52875814,1
52911443,1
52878626,1
52927931,1
52896444,1
52871966,1
52880320,1
52937836,1
52828058,1
52876034,1
52931025,1
52939255,1
52927346,1
52873367,1
52880622,1
52894393,1
52888732,1
52873436,1
52889990,1
52892798,1
52899980,1
52829666,1
52864522,1
52860249,1
52922146,1
52934315,1
52884006,1
52917793,1
52854604,1
52920303,1
52903108,1
52930602,1
52864880,1
52879936,1
52903319,1
52934890,1
52759390,1
52880588,1
52886110,1
52897023,1
52876232,1
52900949,1
52917385,1
52873785,1
52919376,1
52938607,1
52909606,1
52887804,1
52903974,1
52786459,1
52884055,1
52715094,4
52923563,1
52874458,1
52814026,1
52911477,1
52932192,1
52910199,1
52862296,1
52895396,1
52883027,1
52891419,1
52840321,1
52942128,1
52883632,1
52842486,1
52939530,1
52897651,1
52931714,1
52920744,1
52923638,1
52855651,1
52904336,1
52784191,1
52880269,1
52930889,1
52897934,1
52902439,1
52875227,1
52910792,1
52909198,1
52913850,1
52828842,1
52934135,1
52920538,1
52912269,1
52856644,1
52925122,1
52901651,1
52858069,1
52912679,1
52934715,1
52896175,1
52867467,1
52901652,1
52886929,1
52890673,1
52896597,1
52748551,1
52907634,1
52917097,1
52907480,1
52935096,1
52728813,4
52902589,1
52870900,1
52879093,1
52807705,1
52789021,1
52925920,1
52919353,1
52889293,1
52941545,1
52944249,1
52907017,1
52917792,1
52923803,1
52945537,1
52927898,1
52940265,1
52937686,1
52921111,1
52927979,1
52928077,1
52925270,1
52860883,1
52935095,1
52898064,1
52903661,1
52913592,1
52913849,1
52875400,1
52831563,1
52879164,1
52927606,1
52938606,1
52917703,1
52917853,1
52925123,1
52830230,1
52840081,1
52909607,1
52887953,1
52883989,1
52945907,1
52885991,1
52889911,1
52932438,1
52929644,1
52917404,1
52891721,1
52764251,1
52925038,1
52917951,1
52879455,1
52871599,1
52881062,1
52893669,1
52897574,1
52909560,1
52948387,1
52930603,1
52892293,1
52927954,1
52944391,1
52901800,1
52931854,1
52823956,1
52930826,1
52907715,1
52947281,1
52891460,1
52913702,1
52913602,1
52938588,1
52911180,1
52942286,1
52923376,1
52905898,1
52934391,1
52941544,1
52901180,1
52889391,1
52919602,1
52910182,1
52927953,1
52862112,1
52908946,1
52947297,1
52936286,1
52851284,1
52950030,1
52891612,1
52921329,1
52895397,1
52925534,1
52942165,1
52946589,1
52916310,1
52876483,1
52853740,1
52916631,1
52898329,1
52946852,1
52900418,1
52916789,1
52922204,1
52933240,1
52949758,1
52941447,1
52876786,1
52915228,1
52948298,1
52900384,1
52912561,1
52927974,1
52951327,1
52885252,1
52932415,1
52928057,1
52885383,1
52947319,1
52933720,1
52910501,1
52925507,1
52922653,1
52897971,1
52930986,1
52921500,1
52908947,1
52947458,1
52935555,1
52922003,1
52927464,1
52897573,1
52919330,1
52746630,4
52949728,1
52930511,1
52909565,1
52823563,1
52908435,1
52947979,1
52923346,1
52948123,1
52920790,1
52884056,1
52879552,1
52807291,1
52912530,1
52900563,1
52767309,1
52810118,1
52949878,1
52808885,1
52887906,1
52862572,1
52847464,1
52908912,1
52925438,1
52885753,1
52899767,1
52942057,1
52909189,1
52935498,1
52943839,1
52848772,1
52925570,1
52950327,1
52872278,1
52814611,1
52760216,1
52919524,1
52950752,1
52920436,1
52950867,1
52920783,1
52911324,1
52944260,1
52925155,1
52916978,1
52942848,1
52945538,1
52919649,1
52909974,1
52947320,1
52933562,1
52933747,1
52917225,1
52895212,1
52943316,1
52877473,1
52822965,1
52925506,1
52911803,1
52887316,1
52900068,1
52850901,1
52920537,1
52953502,1
52895879,1
52952462,1
52950868,1
52918098,1
52871130,1
52842943,1
52940721,1
52888874,1
52952948,1
52921328,1
52929656,1
52927347,1
52778814,1
52921882,1
52889112,1
52928908,1
52902894,1
52941446,1
52899165,1
52898831,1
52948299,1
52933395,1
52903335,1
52910181,1
52859487,1
52955552,1
52952926,1
52933825,1
52869982,1
52872378,1
52955873,1
52935556,1
52913601,1
52879163,1
52956139,1
52927737,1
52930388,1
52924904,1
52941371,1
52953480,1
52922205,1
52941492,1
52903097,1
52933169,1
52947056,1
52956391,1
52930653,1
52885756,1
52945764,1
52929464,1
52899396,1
52954213,1
52910406,1
52946080,1
52955728,1
52918711,1
52873483,1
52902440,1
52935742,1
52918646,1
52913416,1
52883634,1
52947819,1
52956277,1
52882062,1
52948228,1
52864881,1
52947280,1
52959832,1
52892621,1
52909188,1
52925439,1
52906068,1
52916075,1
52939087,1
52954472,1
52885527,1
52935211,1
52895043,1
52936595,1
52925759,1
52942164,1
52894284,1
52944827,1
52821383,1
52947820,1
52728122,4
52930470,1
52942412,1
52876482,1
52936030,1
52949727,1
52925911,1
52953798,1
52875635,1
52885640,1
52934825,1
52921149,1
52919762,1
52955553,1
52955727,1
52930987,1
52960112,1
52885976,1
52918504,1
52957216,1
52933705,1
52862549,1
52942040,1
52916309,1
52924957,1
52942397,1
52924936,1
52920743,1
52920642,1
52953503,1
52937250,1
52958125,1
52952643,1
52925198,1
52885526,1
52805675,1
52940264,1
52857982,1
52859364,1
52961039,1
52926914,1
52860942,1
52923804,1
52962783,1
52903568,1
52963000,1
52883847,1
52885092,1
52963376,1
52905708,1
52914868,1
52942287,1
52907292,1
52903187,1
52941367,1
52917950,1
52953727,1
52920641,1
52844367,1
52898882,1
52929655,1
52951480,1
52962317,1
52961040,1
52932105,1
52959771,1
52722455,4
52961075,1
52924082,1
52921499,1
52957157,1
52928199,1
52962999,1
52907635,1
52939416,1
52851722,1
52796759,1
52901287,1
52856330,1
52958856,1
52942453,1
52939531,1
52960598,1
52922175,1
52941422,1
52961524,1
52920657,1
52959009,1
52963660,1
52963731,1
52947215,1
52874822,1
52918645,1
52935451,1
52894476,1
52919162,1
52918875,1
52847660,1
52837993,1
52957969,1
52919611,1
52952486,1
52961988,1
52912374,1
52901288,1
52915336,1
52922379,1
52898941,1
52965078,1
52950031,1
52853863,1
52961116,1
52953120,1
52933023,1
52917386,1
52952238,1
52794111,1
52924903,1
52949616,1
52956264,1
52900344,1
52842577,1
52912784,1
52943070,1
52917037,1
52962516,1
52962512,1
52929643,1
52869275,1
52954283,1
52941982,1
52929463,1
52922920,1
52933826,1
52922004,1
52910845,1
52922913,1
52829749,1
52960637,1
52960599,1
52963352,1
52897650,1
52963375,1
52945325,1
52800977,1
52931572,1
52964479,1
52955316,1
52933396,1
52967321,1
52967624,1
52873057,1
52948386,1
52967678,1
52907475,1
52963732,1
52947326,1
52952811,1
52928262,1
52932878,1
52899766,1
52899868,1
52874011,1
52903109,1
52958839,1
52939851,1
52845572,1
52964443,1
52959194,1
52920658,1
52926539,1
52873276,1
52951096,1
52969208,1
52919678,1
52932031,1
52963752,1
52924041,1
52870459,1
52823773,1
52899164,1
52891613,1
52880530,1
52940808,1
52971183,1
52901050,1
52950948,1
52923375,1
52914989,1
52953493,1
52933168,1
52909676,1
52959195,1
52955596,1
52912949,1
52948421,1
52940807,1
52932728,1
52903423,1
52903646,1
52939256,1
52965819,1
52916306,1
52938318,1
52938448,1
52898328,1
52909561,1
52949630,1
52952487,1
52932032,1
52927841,1
52911483,1
52958124,1
52921128,1
52929268,1
52912562,1
52969287,1
52972075,1
52853786,1
52925334,1
52939355,1
52872277,1
52968709,1
52941230,1
52942039,1
52878130,1
52845229,1
52969831,1
52966115,1
52919525,1
52966175,1
52973000,1
52927736,1
52972999,1
52956453,1
52967691,1
52838178,1
52929140,1
52901801,1
52833325,1
52946002,1
52917205,1
52887094,1
52966753,1
52892785,1
52919056,1
52969531,1
52941252,1
52940946,1
52941211,1
52969838,1
52971712,1
52970139,1
52947057,1
52945132,1
52901405,1
52970045,1
52963629,1
52949877,1
52964970,1
52932256,1
52947272,1
52974815,1
52960057,1
52976466,1
52872471,1
52918484,1
52973931,1
52975035,1
52927073,1
52962809,1
52952079,1
52935513,1
52947673,1
52865569,1
52969830,1
52969839,1
52975385,1
52950646,1
52908535,1
52972808,1
52930583,1
52977270,1
52958989,1
52919556,1
52941725,1
52945566,1
52922424,1
52967677,1
52873036,1
52938742,1
52969143,1
52952644,1
52974814,1
52947271,1
52952912,1
52952806,1
52908790,1
52922685,1
52937972,1
52878926,1
52873504,1
52928076,1
52942204,1
52938526,1
52971341,1
52880955,1
52978067,1
52952366,1
52978368,1
52926207,1
52772749,4
52933289,1
52967437,1
52890792,1
52936201,1
52977402,1
52914392,1
52969530,1
52864375,1
52955749,1
52901051,1
52906344,1
52911111,1
52861768,1
52978006,1
52950527,1
52942454,1
52957970,1
52978369,1
52967436,1
52967322,1
52915337,1
52945613,1
52959641,1
52974684,1
52878627,1
52868990,1
52886905,1
52934372,1
52902944,1
52933290,1
52980148,1
52941688,1
52937251,1
52951356,1
52903227,1
52906116,1
52944472,1
52897806,1
52843232,1
52871925,1
52977800,1
52954676,1
52928393,1
52848984,1
52912110,1
52977216,1
52924858,1
52904451,1
52980058,1
52955290,1
52963562,1
52964689,1
52980059,1
52823774,1
52982856,1
52982855,1
52969220,1
52962316,1
52921189,1
52921188,1
52983084,1
52874429,1
52912907,1
52945928,1
52880669,1
52977799,1
52962733,1
52869534,1
52954728,1
52932711,1
52889950,1
52977926,1
52921733,1
52843642,1
52958966,1
52953353,1
52933241,1
52977209,1
52917001,1
52981431,1
52981432,1
52978815,1
52910460,1
52972074,1
52965287,1
52874422,1
52955487,1
52943351,1
52930827,1
52954510,1
52948747,1
52952831,1
52935450,1
52881632,1
52792932,1
52953018,1
52952019,1
52886245,1
52880445,1
52869274,1
52916495,1
52861660,1
52934152,1
52978168,1
52959008,1
52974434,1
52985421,1
52843756,1
52899062,1
52955292,1
52941606,1
52984229,1
52919893,1
52954511,1
52976685,1
52982117,1
52964092,1
52923188,1
52870066,1
52946831,1
52978169,1
52958988,1
52977308,1
52983963,1
52926310,1
52981116,1
52928858,1
52959642,1
52985628,1
52974685,1
52959677,1
52876033,1
52987143,1
52830520,1
52973304,1
52841856,1
52962307,1
52881476,1
52907456,1
52839207,1
52977719,1
52959833,1
52975147,1
52908390,1
52978005,1
52966116,1
52918141,1
52977208,1
52958064,1
52851985,1
52848337,1
52974612,1
52953722,1
52962000,1
52956796,1
52859500,1
52926766,1
52970771,1
52924243,1
52960092,1
52961456,1
52957501,1
52873690,1
52964463,1
52975749,1
52933258,1
52983964,1
52986811,1
52914244,1
52965005,1
52986810,1
52981521,1
52919603,1
52935320,1
52989752,1
52755415,4
52932330,1
52953017,1
52990228,1
52940920,1
52958711,1
52968794,1
52768437,4
52961523,1
52953352,1
52964462,1
52977247,1
52933463,1
52990999,1
52955293,1
52978605,1
52907016,1
52938991,1
52925251,1
52925177,1
52986993,1
52989715,1
52987142,1
52907305,1
52925473,1
52941983,1
52963019,1
52961392,1
52932877,1
52953620,1
52949703,1
52953474,1
52815276,1
52951136,1
52924935,1
52991990,1
52970138,1
52971876,1
52982756,1
52985627,1
52911592,1
52988415,1
52978941,1
52978814,1
52984230,1
52935406,1
52811410,1
52959678,1
52951829,1
52985132,1
52957500,1
52955024,1
52862594,1
52906550,1
52980939,1
52855186,1
52981117,1
52961721,1
52988285,1
52915327,1
52938763,1
52975750,1
52938927,1
52904573,1
52985630,1
52927978,1
52991096,1
52981373,1
52992432,1
52969372,1
52992477,1
52919757,1
52907700,1
52933597,1
52955748,1
52858250,1
52952078,1
52935514,1
52952018,1
52832406,1
52964093,1
52922919,1
52991643,1
52988064,1
52961653,1
52990823,1
52986607,1
52949793,1
52930396,1
52981176,1
52944261,1
52922264,1
52940177,1
52986992,1
52952777,1
52962515,1
52978940,1
52932257,1
52993940,1
52951065,1
52963856,1
52924175,1
52902671,1
52953108,1
52935741,1
52991644,1
52958550,1
52953481,1
52964478,1
52975386,1
52981003,1
52883846,1
52884007,1
52848165,1
52986606,1
52912465,1
52972869,1
52949754,1
52965006,1
52991028,1
52963630,1
52989691,1
52911631,1
52985638,1
52970461,1
52944450,1
52883251,1
52917089,1
52950417,1
52939272,1
52941215,1
52956452,1
52958967,1
52872807,1
52956278,1
52969018,1
52996576,1
52947071,1
52945763,1
52901938,1
52982923,1
52975891,1
52981559,1
52993939,1
52925625,1
52966575,1
52947457,1
52990359,1
52941251,1
52976927,1
52998932,1
52936484,1
52942396,1
52884935,1
52963396,1
52971653,1
52958917,1
52981287,1
52896008,1
52909863,1
52997538,1
52992229,1
52994958,1
52988230,1
52990998,1
52967433,1
52974602,1
52995216,1
52952827,1
52994063,1
52737816,4
52966730,1
52938015,1
52949034,1
52994312,1
52957520,1
52924871,1
52956138,1
52952520,1
52988284,1
52997539,1
52993748,1
52977246,1
52952519,1
52921248,1
52966639,1
52995337,1
52943527,1
52896817,1
52999654,1
52937899,1
52979566,1
52968551,1
52997119,1
52950416,1
52939354,1
52936887,1
52981002,1
52939983,1
52953793,1
52944250,1
52936281,1
53000659,1
52965313,1
52963890,1
52982984,1
52933356,1
52779019,4
52962306,1
52949035,1
52914600,1
52999653,1
52879162,1
52944768,1
52987665,1
53001360,1
52942058,1
52925670,1
52936444,1
52924416,1
52965805,1
52958599,1
52998931,1
52942129,1
52868063,1
53000304,1
52948122,1
52988292,1
52955427,1
52952634,1
52996575,1
52749555,4
52988414,1
52940106,1
52993930,1
52973272,1
53002233,1
52916298,1
52953109,1
52980570,1
52877784,1
52938449,1
53001671,1
52890053,1
52906551,1
52997358,1
52980757,1
52968852,1
52825083,1
52988229,1
52991989,1
52921051,1
53003038,1
52972715,1
52957848,1
52950947,1
52929035,1
52993747,1
52978632,1
52941669,1
52963407,1
52921249,1
52985629,1
52996746,1
52921404,1
52936031,1
52998264,1
52999621,1
52961342,1
52906014,1
52943355,1
52725018,4
52958551,1
52969373,1
52957521,1
52973932,1
52941212,1
52935407,1
52944837,1
52966124,1
52994548,1
53005874,1
52952434,1
52933548,1
52993776,1
53001959,1
53004716,1
52992331,1
52999369,1
52906115,1
52996754,1
52970772,1
52958236,1
52999447,1
52992808,1
52954677,1
52943315,1
52944823,1
52969468,1
52902332,1
52940937,1
52982116,1
52904867,1
52980523,1
52947070,1
52974435,1
52964618,1
52938777,1
52977309,1
52971901,1
52940105,1
52977401,1
52941687,1
52974075,1
52991640,1
52924557,1
52996129,1
52969647,1
52913811,1
52902893,1
52920302,1
52923030,1
53005538,1
52859133,1
53000151,1
52989119,1
52953534,1
52980051,1
52942817,1
52992177,1
53001960,1
53004790,1
53004949,1
53002115,1
53002116,1
52940736,1
52969648,1
52965818,1
52933719,1
52961140,1
52957285,1
53005539,1
52924872,1
52972785,1
52964611,1
53004715,1
52995087,1
53006271,1
52992368,1
53006272,1
52966516,1
52985788,1
52999620,1
52962734,1
52843329,1
52984594,1
52845897,1
52961226,1
52985898,1
52908008,1
53008009,1
52954423,1
52935321,1
52957659,1
53008306,1
52919758,1
52985306,1
52952435,1
52942849,1
53005975,1
53011523,1
52997844,1
52989475,1
52991097,1
53006084,1
52993926,1
53008910,1
53004870,1
52847480,1
52984593,1
52979100,1
52945662,1
52901778,1
53002281,1
52977589,1
52995784,1
52971128,1
52784080,4
52971342,1
52928475,1
53011035,1
52975710,1
52949850,1
53010268,1
53001968,1
52978684,1
52981558,1
52994959,1
52951135,1
52992330,1
52948698,1
52955471,1
52961210,1
52969423,1
52922837,1
52917310,1
52846225,1
52863204,1
52810556,1
52928516,1
52868424,1
52955161,1
53005840,1
52939818,1
52977353,1
52945408,1
52950013,1
52978633,1
52997979,1
52973271,1
52963753,1
52970371,1
53000658,1
52919719,1
52995338,1
53013185,1
52985771,1
53013267,1
52985784,1
52952947,1
52965804,1
52976427,1
52972151,1
53006982,1
52870800,1
52862595,1
52880956,1
52834282,1
52980756,1
52974305,1
52985305,1
52997359,1
53005726,1
53010161,1
52949631,1
53005991,1
52978526,1
52994004,1
52971954,1
53012038,1
52980363,1
52997978,1
53004950,1
53013279,1
52955628,1
52966638,1
52940895,1
52936666,1
52979511,1
52952390,1
52952404,1
52984023,1
52993655,1
52991738,1
52934786,1
52971675,1
52972784,1
52994799,1
52945667,1
53014324,1
53014323,1
52954220,1
52985832,1
53013274,1
52985854,1
52922673,1
52803778,4
52859655,1
52901975,1
52957286,1
52958610,1
52973813,1
52949525,1
52975173,1
52917498,1
52969782,1
52993656,1
52990824,1
52996424,1
53018488,1
52982922,1
53005907,1
52972714,1
53014268,1
53013078,1
52988363,1
52906634,1
52984022,1
52995215,1
52952785,1
53002249,1
52998116,1
53004869,1
53007754,1
52933871,1
52966731,1
52963867,1
52898027,1
52985175,1
53009619,1
52909199,1
52994311,1
52829654,1
52969783,1
52997210,1
53018384,1
52986650,1
52958916,1
53018467,1
52955403,1
52938726,1
52974601,1
53005974,1
53018489,1
53014267,1
52983975,1
52997845,1
52903318,1
52996747,1
52995088,1
52977354,1
52979101,1
52919654,1
52931002,1
52990475,1
52990474,1
52976755,1
52991659,1
52991658,1
52906635,1
53016642,1
53001967,1
53021268,1
52945565,1
52981398,1
53013079,1
53013147,1
53013148,1
53015855,1
52988420,1
52936296,1
53004936,1
52943354,1
53015946,1
53021593,1
52946079,1
52974705,1
52886962,1
52979359,1
53020873,1
52905669,1
52964610,1
53021036,1
52991880,1
52964498,1
53018391,1
53001964,1
53001963,1
52948390,1
53011522,1
53021267,1
53015740,1
52931791,1
52939912,1
53022636,1
53015856,1
53020139,1
52982952,1
52946001,1
53011878,1
52969515,1
53012170,1
52992622,1
52988510,1
52980522,1
52947296,1
52988706,1
52960077,1
52801337,4
52968552,1
53019074,1
53012623,1
52933983,1
52928577,1
52953792,1
53005725,1
52890791,1
52950647,1
52938626,1
52971873,1
53021331,1
53021330,1
52961004,1
53022651,1
52949945,1
53022635,1
52997787,1
53004935,1
52964939,1
53022652,1
52999446,1
52959722,1
53002280,1
52945754,1
53020140,1
53024205,1
52919574,1
52984566,1
53014877,1
53023103,1
52954742,1
53024331,1
52980548,1
52993036,1
53004208,1
52995898,1
53024584,1
52990385,1
52816027,4
52958712,1
52997327,1
52986705,1
52964243,1
53008305,1
52949851,1
52970061,1
52964499,1
52808369,4
53024016,1
53024142,1
53024141,1
52985831,1
53022640,1
52935044,1
52996753,1
53017403,1
52937856,1
53024328,1
52999624,1
52975153,1
52966130,1
53013728,1
52978171,1
52996403,1
53001974,1
53000303,1
52997690,1
53008727,1
53014275,1
53013115,1
52999418,1
53025589,1
53024228,1
52958277,1
53022936,1
52998265,1
53016135,1
52969467,1
52922997,1
52976756,1
52896818,1
53001779,1
53011036,1
52915143,1
53026771,1
53010217,1
53014276,1
53007533,1
53024015,1
52996402,1
53026841,1
53028036,1
53025453,1
52958107,1
53022639,1
53025588,1
52966517,1
52945659,1
53013278,1
52903569,1
52993931,1
53016095,1
52870697,1
53024583,1
52988845,1
52980547,1
52980597,1
52966843,1
52911112,1
52739184,4
53029258,1
52989556,1
53026764,1
52991029,1
53025276,1
53026934,1
52961005,1
53006254,1
53012140,1
52983050,1
53001383,1
52987430,1
52945658,1
52965288,1
53003825,1
53012275,1
52947214,1
52898026,1
52991454,1
52954807,1
52987666,1
53029257,1
52949749,1
53022278,1
53008728,1
52923189,1
53000349,1
53029497,1
52971959,1
52999368,1
53029648,1
52933623,1
52967728,1
52941870,1
53007755,1
52990360,1
52811898,4
53006983,1
52955872,1
52966075,1
52974306,1
52966103,1
53032007,1
53022151,1
53022150,1
53029496,1
53005841,1
53029647,1
52890672,1
53020128,1
52992386,1
53003826,1
52988501,1
52965350,1
52876231,1
53024376,1
52988705,1
53012141,1
53009618,1
52993293,1
52983226,1
53002563,1
52927034,1
52838323,1
53013727,1
53000063,1
53018288,1
53002853,1
52993556,1
53011041,1
53005805,1
52938627,1
52978713,1
53030704,1
53025275,1
52952463,1
53028095,1
52955289,1
52821007,4
52895022,1
53024001,1
53022768,1
52962147,1
53025454,1
52971892,1
52998243,1
52805878,4
52902670,1
52990369,1
52867725,1
52968851,1
52963353,1
52996425,1
53016747,1
53032241,1
52970370,1
53018376,1
53005745,1
52988293,1
52985422,1
52896410,1
53000204,1
52984338,1
53015885,1
52905813,1
52951461,1
52944501,1
53015867,1
53012013,1
52974820,1
52972041,1
53031520,1
52995951,1
52965220,1
53034553,1
52949342,1
53002564,1
52999846,1
52988846,1
52994800,1
52953492,1
53036016,1
53033216,1
53023919,1
53032242,1
52982659,1
53028035,1
52991193,1
53026933,1
53033946,1
53018824,1
53016022,1
53024372,1
52958587,1
53008051,1
52985769,1
52971224,1
52995742,1
53028762,1
52974126,1
53031717,1
52986039,1
52969703,1
53030080,1
52998771,1
53009875,1
53005420,1
52957658,1
52991739,1
53018390,1
53011063,1
52970028,1
52993613,1
52973303,1
53035945,1
53027770,1
53026772,1
53029521,1
53018568,1
53030894,1
52822110,4
52906145,1
52965421,1
52960056,1
52973892,1
52968024,1
53024373,1
53014932,1
53029807,1
53025862,1
52994335,1
53004323,1
52993294,1
53027610,1
53037574,1
52964690,1
52946830,1
53033217,1
53036148,1
52985637,1
53030832,1
53027859,1
53001973,1
53032358,1
53033402,1
52984140,1
53035023,1
53028096,1
53003520,1
53039535,1
52954284,1
53011942,1
53031716,1
53028785,1
53021844,1
53004150,1
52925758,1
53012908,1
53023815,1
53024972,1
52999114,1
53034957,1
53038658,1
53035944,1
52993615,1
52999172,1
53021234,1
53018468,1
53019809,1
53040558,1
52936285,1
53036484,1
52967567,1
53036483,1
53016912,1
53033575,1
52992623,1
53027154,1
52974636,1
52934891,1
53039534,1
53021804,1
52961341,1
52872552,1
52960111,1
53038494,1
52988986,1
53007510,1
52948229,1
52953691,1
52953931,1
53007530,1
52999331,1
52961117,1
52820573,4
52991070,1
53016023,1
52921350,1
52969400,1
53017441,1
52943594,1
52962745,1
52994064,1
52972328,1
52974045,1
52976712,1
52997118,1
52938592,1
53016643,1
53035787,1
52979981,1
53040559,1
53036149,1
53000466,1
53001902,1
52993643,1
52997463,1
53029520,1
53035089,1
53003177,1
52944553,1
53041760,1
53041897,1
53026840,1
52988419,1
52984459,1
53007771,1
52910108,1
52955402,1
53043560,1
52954808,1
53016208,1
53032698,1
52979402,1
53037433,1
52977024,1
53002680,1
52996292,1
53016601,1
53027463,1
53041310,1
53032929,1
53043086,1
52999113,1
52870105,1
53015721,1
53043364,1
53003691,1
52880382,1
52985714,1
53010558,1
53015886,1
53031426,1
52955836,1
52939201,1
52940468,1
52788298,4
52949615,1
53032044,1
53032006,1
53025173,1
53004832,1
53033574,1
53030705,1
53044402,1
53035024,1
53013116,1
53046193,1
52945909,1
52976125,1
53007851,1
53031338,1
53020450,1
52986066,1
53023104,1
52966804,1
53034336,1
52922914,1
53010788,1
52966131,1
53038503,1
53034870,1
53034871,1
52978170,1
53038959,1
53021336,1
53014353,1
53031001,1
53021422,1
53046198,1
52853708,1
53029722,1
53003736,1
52970837,1
53004282,1
52921403,1
53004063,1
53004352,1
53012216,1
52928187,1
52999912,1
53005382,1
53004185,1
52985347,1
53012907,1
52933262,1
53046847,1
52996291,1
53011139,1
53041590,1
53008783,1
53047200,1
53047201,1
53027034,1
52957301,1
53039702,1
53029806,1
53047827,1
52974919,1
53046343,1
53034374,1
53038083,1
53019033,1
53049342,1
53049354,1
52975154,1
52964370,1
53018375,1
53018287,1
53019642,1
53018402,1
53043085,1
52982698,1
53012848,1
53044403,1
52963866,1
52933265,1
53048798,1
52959326,1
53039332,1
53002232,1
53044949,1
52992431,1
52906136,1
52984949,1
53044950,1
53043559,1
52866858,1
53003877,1
53012436,1
53006649,1
53032808,1
53007875,1
52983334,1
53004151,1
52958885,1
53024887,1
53048593,1
53035786,1
53038571,1
53040398,1
53008278,1
52986429,1
53043214,1
53047218,1
53040529,1
53047219,1
53036017,1
53039099,1
52991195,1
52972056,1
53047400,1
53048898,1
53048944,1
53020082,1
52786559,4
53051752,1
52970426,1
52977588,1
52974046,1
53006892,1
53016199,1
53049261,1
53037010,1
53013632,1
53005383,1
52939415,1
53038504,1
52970046,1
53018385,1
52994875,1
53045810,1
53015494,1
52992228,1
53019394,1
52801390,4
53014049,1
53045953,1
53021128,1
53024973,1
53036385,1
53052717,1
53027853,1
53038958,1
53014060,1
53021480,1
53044777,1
53021423,1
53044782,1
52976152,1
53040680,1
53027033,1
52922686,1
53042343,1
53031682,1
53000952,1
52925490,1
52969675,1
53005170,1
53048042,1
53048102,1
53046553,1
53039703,1
53021803,1
53038833,1
53018397,1
53043303,1
52980149,1
52985897,1
53019810,1
52961979,1
53019641,1
52904520,1
53051766,1
53026035,1
53025753,1
53051800,1
52972185,1
52995833,1
53053574,1
53031323,1
53043751,1
52974821,1
53038369,1
53054775,1
53005421,1
52972271,1
53034635,1
52969676,1
52952274,1
52953549,1
52993555,1
52945131,1
53048799,1
53055577,1
53041898,1
52965077,1
52974772,1
53052964,1
52978570,1
53027153,1
52967566,1
53002412,1
53004184,1
52986045,1
53031709,1
53006779,1
53053739,1
53038253,1
52976684,1
53010786,1
53034636,1
52968795,1
53044097,1
53034867,1
52975555,1
53051423,1
53027990,1
53055468,1
53041759,1
52995157,1
53054406,1
52954212,1
53020127,1
53018569,1
53051707,1
53044776,1
53054444,1
53051652,1
53030893,1
53024229,1
52917098,1
53006253,1
53032470,1
52957158,1
53047877,1
53018787,1
53028589,1
52985738,1
52961139,1
52975069,1
52851237,4
53048103,1
52922672,1
52814568,4
53053801,1
53010858,1
52999911,1
53054774,1
53053740,1
52960076,1
53038321,1
53018190,1
52894394,1
53049560,1
53054090,1
53052718,1
53043178,1
53033403,1
53054344,1
53052848,1
53007509,1
53019845,1
53037958,1
53018788,1
53052965,1
53024058,1
53007839,1
53050577,1
53007840,1
52977765,1
53017809,1
53046475,1
53054747,1
53049236,1
52979223,1
52962746,1
52970702,1
52878058,1
52965631,1
53052133,1
53057646,1
52944838,1
53020994,1
52780340,4
53049643,1
53008475,1
52974331,1
53007534,1
52965281,1
53052849,1
52960716,1
53036444,1
53053213,1
53059925,1
53019870,1
53057151,1
53043443,1
52996821,1
53007879,1
53016198,1
53041025,1
53059063,1
53046450,1
53018810,1
53059316,1
52990370,1
52966805,1
52977842,1
53057861,1
53046848,1
53058471,1
53017442,1
53006772,1
53017426,1
53050576,1
53005231,1
53038225,1
52994336,1
53019154,1
52993417,1
53037256,1
52968845,1
53051547,1
52952951,1
53058544,1
52875938,1
52995751,1
53022935,1
53058543,1
53018733,1
53062793,1
52943362,1
52996831,1
52998574,1
52996792,1
53035316,1
53021867,1
53004506,1
53009876,1
52936728,1
53010168,1
53037684,1
53062432,1
53058234,1
53044459,1
53039098,1
52959721,1
53019846,1
53061148,1
53021432,1
53035208,1
53048897,1
53028518,1
53035209,1
53003531,1
53051838,1
53061668,1
53038333,1
52911383,1
53057669,1
52985168,1
52917496,1
52900182,1
52952367,1
53037685,1
52972924,1
53025202,1
53041460,1
52904574,1
53059764,1
52996857,1
52996669,1
52969142,1
53059962,1
53058583,1
53029747,1
53053372,1
52937687,1
52930147,1
53061831,1
52957215,1
53052159,1
53049312,1
52952297,1
53034839,1
53027611,1
52739237,5
53030485,1
53058212,1
53051551,1
53013089,1
53065377,1
53061293,1
53054345,1
53028169,1
53064100,1
53050462,1
53064239,1
53061571,1
53046199,1
52961334,1
52960242,1
53012039,1
53032699,1
53050761,1
53027249,1
53054736,1
53021811,1
52979708,1
52953121,1
53045763,1
53021129,1
53034940,1
53054201,1
53008890,1
53058213,1
53057094,1
53029748,1
52996631,1
52973711,1
53059961,1
53015911,1
53037959,1
53058705,1
53049067,1
52938363,1
52985713,1
53057473,1
52916299,1
52952952,1
52963406,1
53054039,1
53067847,1
53000052,1
53032184,1
53027858,1
52989692,1
52953477,1
53024092,1
53062678,1
53066906,1
53060152,1
53057250,1
53024281,1
53068353,1
53010672,1
53006487,1
53059317,1
53068485,1
53024314,1
53035511,1
53005203,1
53068628,1
53034750,1
53024886,1
53049559,1
53038578,1
53057862,1
53044413,1
52837414,4
53036115,1
53019723,1
53047208,1
53032185,1
53044543,1
53019865,1
53069315,1
53070928,1
53068222,1
52940074,1
53070877,1
53043383,1
53036382,1
52981288,1
52922425,1
52966574,1
53044811,1
52961145,1
53031282,1
53065695,1
53070074,1
53027373,1
52969422,1
53002681,1
53040106,1
53007987,1
53067714,1
53049540,1
53054038,1
53046935,1
53048592,1
53038493,1
53043211,1
53070743,1
53019724,1
53023874,1
53066403,1
53005990,1
53070825,1
53066348,1
53069387,1
52975920,1
53072222,1
53017208,1
53070927,1
53066742,1
53069588,1
53059926,1
53051801,1
53008072,1
53058891,1
53065665,1
53024315,1
53071225,1
53007766,1
52954863,1
52925736,1
53071424,1
53041357,1
53021244,1
53034868,1
53016570,1
53035006,1
53071745,1
53047209,1
53051550,1
52955263,1
52961978,1
53057093,1
53065376,1
53025469,1
53065354,1
53054484,1
52997971,1
53054445,1
53011877,1
53065565,1
53068365,1
53031359,1
52999330,1
53024357,1
53013536,1
53063033,1
53043926,1
52725052,5
52985176,1
53051309,1
53023816,1
53073408,1
53070742,1
52966093,1
52989276,1
53025559,1
53065505,1
52976515,1
53072436,1
53004922,1
53054631,1
53064283,1
53027088,1
53034051,1
53031451,1
53008052,1
53052053,1
53041103,1
52950375,1
52939413,1
53000033,1
53025189,1
52994547,1
53027769,1
53067936,1
53037575,1
52974613,1
53044450,1
53071665,1
53052357,1
52980050,1
52955426,1
53027010,1
53018656,1
53048810,1
53026909,1
52952925,1
53027011,1
52984327,1
53050614,1
52971958,1
53060026,1
52999358,1
53043503,1
53010671,1
52878949,1
52999824,1
52707037,5
53049191,1
53026006,1
53031657,1
53071280,1
53006800,1
53037009,1
52997181,1
53071425,1
53032928,1
53056886,1
53021222,1
53015747,1
53074659,1
53061127,1
53035229,1
52955262,1
53076431,1
53059986,1
53074976,1
53074830,1
53068121,1
53036398,1
53074916,1
53065564,1
53069515,1
53029740,1
53074977,1
53072435,1
53021509,1
53066821,1
52974255,1
53078550,1
53039953,1
53037328,1
53071551,1
53076053,1
53041687,1
53011062,1
53054135,1
53059774,1
53029629,1
53068022,1
53076274,1
53076253,3
53074917,1
53035103,1
53074831,1
53069388,1
53058584,1
53066881,1
53043444,1
53077894,1
53075147,1
53060025,1
53028590,1
53068403,1
52984815,1
53034484,1
53021805,1
53030081,1
53041309,1
53037650,1
53065143,1
53052449,1
52886963,1
53029322,1
53066346,1
53055195,1
53073463,1
53073462,1
53026585,1
53040503,1
53055415,1
53069316,1
53036399,1
52995005,1
53053114,1
53075146,1
52991331,1
53042177,1
53078158,1
53078037,1
53043715,1
53062895,1
53034373,1
52960121,1
53041026,1
52930972,1
53076003,1
53051319,1
53049448,1
53057968,1
53056876,1
53055159,1
53045768,1
53040504,1
52993978,1
53081837,1
53080240,3
53032234,1
53052897,1
53054365,1
53080593,1
53072009,1
53081957,1
53068364,1
53009271,1
52965219,1
52950012,1
53006691,1
53079622,1
53006692,1
53057582,1
52961654,1
52935934,1
53043157,1
53051397,1
52842576,4
53054173,1
53074741,1
53073509,1
53044408,1
53061126,1
53052723,1
53059773,1
53039389,1
53080411,1
53059906,1
53080529,1
53013172,1
53066880,1
53077641,1
53080477,1
53065504,1
53083659,1
53076621,1
53042325,1
53009758,1
53082213,1
52969514,1
53013631,1
53056837,1
53082534,1
53041323,1
53035737,1
53048642,1
53057138,1
53058472,1
53065170,1
53074703,1
53066347,1
53044309,1
52931573,1
53073656,1
53065312,1
53036280,1
53073717,1
53044781,1
53079205,1
53040887,1
53080739,1
53050463,1
53082119,1
53045343,1
53037283,1
53031683,1
53030484,1
53041324,1
53071522,1
53068036,1
53021221,1
53052356,1
52925269,1
53080127,1
52988124,1
53083002,3
53059794,1
53084665,1
53086072,1
53084675,1
53082022,1
53055871,1
53042284,1
53003942,1
53054482,1
53072545,1
53062894,1
53083572,1
53079612,1
53021868,1
52872587,4
52997586,1
53041358,1
52983819,1
53040425,1
53077296,1
53087251,1
53052466,1
53055730,1
53077625,1
53041956,1
53068223,1
53084708,1
53082021,1
53084808,1
53071042,1
53006674,1
53082245,1
53062025,1
53023437,1
53044025,1
53054089,1
53087121,1
53067848,1
53071666,1
52997462,1
53074660,1
53084587,1
53068120,1
53087319,3
53025558,1
53079086,1
53077787,1
53088639,1
53062677,1
52971654,1
53088844,1
53054407,1
53043365,1
53037815,1
53075198,1
53078016,1
52995952,1
53084966,1
53038322,1
52985837,1
52994209,1
53016254,1
53082615,1
53077220,1
53015757,1
53090020,1
52978657,1
53090055,3
53013088,1
53031000,1
52983882,1
52735379,5
53088640,1
53048971,1
53084707,1
53076432,1
53079219,1
53059907,1
53090230,1
53015866,1
53084809,1
53084745,1
52830579,4
53020041,1
53059987,1
52990124,1
53078549,1
53076807,1
53068629,1
53076054,1
52952273,1
53051396,1
53084429,1
53052273,1
53084430,1
53090050,1
53084666,1
53051771,1
53079218,1
53086104,1
53079172,1
53061506,1
53091666,1
53019142,1
52979445,1
53090501,1
53004505,1
53071320,1
53005266,1
52988063,1
53052411,1
53073407,1
53036066,1
53022010,1
53065393,1
53032233,1
53066418,1
53084588,1
52994996,1
52992385,1
53088843,1
53057127,1
52945908,1
53091729,1
53004043,1
53086363,1
53091855,1
53061753,1
53054741,1
53020747,1
52977718,1
53019034,1
52946897,1
53071552,1
53093682,1
53073282,1
53052448,1
53025188,1
53074704,1
53059765,1
53051441,1
53021160,1
53087342,1
53075013,1
53085798,1
53043326,1
53068135,1
53000609,1
53016913,1
53092984,1
53091623,1
53080594,1
53091665,1
53091526,1
53056073,1
53060151,1
52973712,1
53084967,1
53058899,1
53074006,1
53010085,1
53054136,1
53077168,1
53089837,1
53068023,1
53077304,1
53083117,1
53087252,1
53085697,1
53060995,1
53065392,1
53090170,1
52999357,1
53028566,1
53092920,1
53088921,1
53091525,1
53046194,1
53092979,1
53060001,1
53081958,1
53032471,1
53064183,1
52807669,4
53069587,1
53057361,1
53090456,1
53064539,1
53071348,1
53026518,1
53095341,1
53051250,1
53081681,1
53067815,1
53088321,1
53095516,1
53080369,1
53037906,1
53034956,1
53090146,1
53095760,1
52988435,1
53046084,1
53094355,1
53090231,1
53096979,1
53080738,1
53090293,1
53035456,1
53065508,1
53057431,1
52986040,1
53034114,1
53086431,1
53065010,1
53019036,1
53081531,1
52884132,4
53090801,1
53066099,1
53076036,1
53068876,1
52733118,5
53074478,1
53084623,1
53043327,1
53092960,1
53035104,1
53095625,1
53069405,1
53092983,1
53072299,1
53095759,1
53079204,1
53011796,1
53064314,1
53086362,1
52913417,1
53093149,1
53094928,1
52881707,4
52996172,1
53049449,1
53093452,1
53062431,1
53011138,1
53001778,1
53096433,1
53073325,1
53095340,1
53059795,1
53096672,1
53008630,1
53091312,1
53091466,1
53098444,1
53092961,1
53099849,1
53064009,1
53073841,1
53050943,1
53064486,1
53038299,1
53073933,1
53060387,1
53074005,1
53043932,1
53100801,1
53082616,1
53088131,1
53085685,1
53027650,1
53085698,1
53071914,1
53054293,1
53032359,1
53079087,1
52997970,1
53058994,1
53080412,1
53096978,1
53080639,1
53007743,1
53020724,1
53056214,1
53006801,1
52969399,1
53060368,1
53060264,1
53079549,1
53070075,1
53017962,1
52986135,1
52911006,1
53032809,1
52879094,4
53022025,1
53044026,1
53100800,1
53092676,1
53100908,1
53010013,1
53084624,1
53084557,1
53099550,1
53099626,1
53098423,1
53101157,1
53098443,1
53098447,1
52852403,4
53064206,1
53087589,1
53072487,1
52992827,1
53045512,1
53001215,1
53068477,1
53082214,1
53098766,1
53103163,1
53007885,1
53049353,1
53054181,1
53056883,1
53041377,1
53099257,1
53003256,1
53091210,1
53083118,1
53080165,1
53014428,1
53095502,1
53087341,1
53099551,1
53099654,1
53005660,1
53094106,1
53073593,1
53064008,1
53080530,1
53102422,1
53086005,1
53048816,1
53090145,1
53002292,1
53099907,1
53099906,1
53094595,1
52905968,1
53073842,1
53082118,1
53086376,1
53054572,1
53100165,1
53102979,1
53037103,1
53098767,1
53067713,1
53052158,1
53049435,1
53090733,1
53103543,1
53085430,1
53092677,1
53003437,1
53099256,1
53051506,1
53058328,1
53096534,1
53040424,1
53079213,1
53102535,1
53098424,1
52856113,4
52990123,1
53071128,1
53091854,1
53025889,1
53094594,1
53057472,1
53034483,1
53029952,1
53062024,1
53038227,1
53073953,1
53059532,1
53101873,1
53078782,1
53077303,1
53008277,1
53088320,1
53098209,1
53106465,1
53084508,1
53062741,1
53087290,1
53022697,1
53004791,1
53084614,1
53074752,1
53102300,1
53105102,1
52944554,1
53103937,1
53046083,1
53105338,1
53098570,1
53097096,1
53098631,1
53098669,1
53100164,1
53013273,1
53060192,1
52900183,4
53087990,1
53057967,1
53060730,1
53096687,1
53105026,1
53105027,1
53105087,1
52993977,1
53105147,1
53088812,1
53105146,1
53031360,1
53082044,1
53105340,1
53103936,1
53074753,1
52954729,1
52986065,1
53090294,1
53108475,1
53002597,1
53104228,1
53047828,1
53007886,1
53045924,1
53106295,1
53107315,1
53052410,1
53073508,1
53036669,1
53043179,1
53077295,1
53016746,1
52995158,1
53025172,1
53098384,1
53006488,1
53069572,1
53076559,1
53030985,1
52961989,1
53047849,1
53054804,1
53052061,1
53106112,1
53101586,1
52968023,1
53051926,1
53103552,1
53034786,1
53041459,1
53079958,1
52933266,1
53108043,1
53106677,1
53095701,1
53105232,1
53079173,1
53077945,1
53105339,1
53101175,1
53080478,1
53088630,1
53046147,1
53098517,1
53057126,1
53108044,1
53064240,1
53008008,1
53061217,1
53086432,1
53056088,1
53091714,1
53020467,1
53020221,1
53103162,1
53053573,1
53002330,1
53086911,1
53026334,1
53054803,1
53034749,1
53060784,1
53046687,1
53084376,1
53093688,1
53099145,1
53068992,1
53095571,1
53109445,1
53094524,1
53099850,1
53058706,1
53087627,1
53056058,1
53108277,1
53108278,1
53112363,1
53111152,1
53111153,1
53056625,1
53004923,1
53051767,1
53032844,1
52892784,4
53046451,1
53039937,1
53078654,1
53051273,1
53044098,1
53089917,1
53041378,1
53111969,1
53071746,1
53091349,1
53032371,1
53107687,1
53041688,1
53088550,1
53109447,1
53051706,1
53043502,1
53088922,1
53111186,1
53105414,1
53065608,1
53104164,1
53101482,1
53054789,1
52997177,1
53073954,1
53065004,1
53054013,1
53040399,1
53079957,1
53078896,1
53077169,1
53025470,1
53085686,1
53085777,1
53107864,1
53099627,1
53114950,1
53075199,1
53062773,1
53091503,1
53091624,1
53060019,1
53105484,1
53075313,1
53061029,1
52899998,4
53034335,1
53104229,1
53083515,1
53029098,1
53070316,1
52781508,5
53063100,1
53082311,1
52986112,1
53020995,1
53111801,1
53085395,1
53092803,1
53037651,1
52965282,1
53102301,1
53116069,1
53094205,1
53095566,1
53112206,1
53105117,1
53072312,1
53110824,1
53105485,1
53045216,1
53071067,1
53086073,1
53109570,1
53095835,1
53054581,1
53003532,1
53047724,1
53049262,1
53050762,1
53049343,1
53019153,1
53107314,1
53071727,1
53115718,1
53041553,1
53116070,1
53085923,1
53105144,1
53109368,1
53096876,1
53025100,1
53112166,1
53079176,1
53112240,1
53041955,1
53117742,1
53109396,1
53113605,1
53036790,1
53077820,1
53115149,1
53097417,1
53108474,1
53101475,1
53048282,1
53093320,1
53114477,1
53038214,1
53117194,1
53112712,1
53026578,1
53066100,1
53115500,1
53077091,1
53101924,1
53109107,1
53082002,1
53093946,1
53010183,1
53091350,1
53114902,1
53112167,1
52938874,1
53113606,1
53102534,1
53095626,1
53020572,1
53060076,1
53113667,1
53109547,1
53105413,1
53047625,1
53070317,1
53063044,1
52985968,1
53115327,1
53081272,1
53119783,1
53081424,1
53049396,1
53082184,1
52800976,5
53055160,1
53106361,1
53096371,1
53013014,1
53099132,1
53112951,1
53061028,1
53081589,1
53084746,1
53073584,1
53112141,1
52912587,4
52961292,1
53042326,1
53117809,1
53101327,1
53097501,1
53104166,1
53101542,1
53078454,1
53069960,1
53053572,1
53089655,1
53082442,1
53119997,1
53077195,1
53087238,1
53091046,1
53107503,1
53109241,1
53084398,1
53107741,1
53105044,1
53074521,1
53084680,1
53025101,1
53114951,1
53120453,1
53071915,1
53113673,1
53059207,1
53060148,1
53112279,1
53113900,1
53070001,1
53115150,1
53115084,1
53120625,1
53028565,1
53043730,1
52965422,1
53098887,1
53120957,1
53030125,1
53078760,1
53109986,1
53085396,1
53067816,1
53060783,1
53101788,1
53115747,1
53099113,1
52854792,4
53095510,1
53102111,1
53074518,1
53109242,1
53112139,1
53112140,1
53002596,1
53123350,1
53017667,1
52854446,4
53120624,1
53119421,1
53007850,1
53038082,1
53027087,1
53035455,1
53060263,1
53070212,1
53073256,1
53093453,1
52931281,1
53085429,1
53093683,1
53067950,1
53081657,1
53008891,1
53114802,1
53045923,1
53087544,1
53121884,1
53048972,1
53113668,1
53097133,1
53102895,1
53109737,1
53078247,1
52979358,1
53122365,1
53120748,1
53063101,1
53114478,1
53122673,1
53048043,1
53084151,1
53042818,1
53001670,1
53063144,1
53109953,1
53023888,1
53120036,1
53101787,1
53093689,1
53081658,1
53088175,1
53106464,1
53121152,1
53084397,1
53093784,1
53123103,1
53109165,1
53123133,1
53058191,1
53074520,1
53106678,1
53120464,1
53025531,1
53105486,1
53123258,1
53072520,1
53044814,1
53076648,1
53041982,1
53058950,1
53126163,1
53084185,1
53123446,1
53058989,1
53027250,1
53095996,1
53071224,1
52985133,1
53078759,1
52938525,1
53090800,1
53125654,1
53118463,1
53081608,1
53117528,1
53095652,1
53110294,1
53095570,1
53091447,1
53078299,1
53095702,1
53072318,1
53119422,1
53123447,1
53059231,1
53076731,1
53031708,1
53051272,1
53013013,1
53117527,1
53103799,1
53105231,1
53095554,1
53120452,1
53126017,1
53120486,1
53120544,1
53093030,1
53103133,1
53089578,1
53038431,1
53085205,1
52985233,1
53088148,1
52963303,1
53115748,1
53096370,1
53044498,1
53123957,1
53081740,1
53120459,1
53038148,1
53113416,1
53120397,1
53078047,1
53073667,1
53095786,1
53069783,1
53120764,1
53101633,1
53024580,1
53042891,1
53128359,1
53125655,1
53048541,1
53120178,1
53077211,1
53114586,1
53081680,1
53131403,1
53014995,1
53075012,1
53083490,1
53035380,1
53098630,1
53128823,1
53091701,1
53102835,1
53089319,1
53058910,1
53082244,1
53086756,1
53098749,1
53056351,1
53048347,1
53058929,1
53045370,1
53098861,1
53130966,1
53059191,1
53097943,1
53120177,1
53087267,1
53096971,1
53055705,1
53107688,1
53072317,1
53124511,1
53121792,1
53128712,1
53091574,1
53097418,1
53112364,1
53044780,1
53132981,1
52986122,1
53126095,1
53128822,1
53039854,1
53115298,1
53124998,1
53098860,1
53084152,1
53062190,1
53012624,1
52915056,4
52966104,1
53078781,1
53076936,1
53123942,1
53077333,1
53096671,1
53101923,1
53107787,1
53081696,1
53110258,1
53021243,1
53127131,1
53112182,1
53105255,1
53127315,1
53120345,1
53130102,1
53093979,1
53134178,1
53120465,1
53101326,1
53124712,1
53116299,1
53039442,1
53134224,1
53127391,1
53101246,1
53124713,1
53116634,1
53116633,1
53094575,1
53117878,1
53057432,1
53116727,1
53105853,1
53092346,1
53071212,1
53111548,1
53068486,1
53066167,1
53060525,1
53084444,1
52997209,1
53132115,1
53120116,1
53126516,1
53066685,1
53061218,1
53124013,1
53110420,1
53060524,1
53126957,1
53082962,1
53121626,1
53077194,1
53096731,1
53118941,1
53012215,1
53090067,1
53105186,1
53127314,1
53088689,1
53119065,1
53039481,1
53098446,1
52884133,4
53105145,1
53046280,1
53095682,1
53134397,1
53086295,1
53116728,1
53076715,1
53133282,1
53056624,1
53076730,1
53095995,1
53129173,1
53076834,1
53117195,1
53092369,1
53041115,1
52980698,1
53046688,1
53055196,1
53117377,1
53132116,1
53135042,1
53104978,1
53109413,1
53124510,1
53099580,1
53115927,1
53118997,1
53121692,1
53129942,1
53088629,1
53124205,1
53112207,1
53135543,1
53120467,1
53137176,1
53115083,1
53078653,1
53128952,1
53136053,1
53013523,1
53134642,1
53018823,1
53111549,1
53130967,1
53065003,1
53117250,1
53111802,1
53112952,1
53109319,1
53114801,1
53136822,1
53119064,1
53127130,1
53078944,1
53133000,1
53138446,1
53077744,1
53097060,1
53105755,1
53135916,1
53126096,1
53138638,1
53113841,1
53128953,1
53136083,1
53106957,1
53104207,1
52977667,1
53047876,1
53114060,1
53123628,1
53060265,1
53133706,1
53139173,1
52890001,4
53067426,1
53129172,1
53095952,1
53042942,1
53076935,1
53098170,1
53123956,1
53129564,1
53106473,1
53106484,1
53138156,1
53112142,1
53135620,1
53127261,1
53106585,1
53137038,1
53135548,1
53104054,1
53110972,1
53137175,1
53090279,1
53126162,1
53070213,1
53135893,1
53097612,1
53025682,1
53140013,1
53010775,1
53103194,1
53054748,1
53101554,1
53086753,1
53073229,1
53076833,1
53126513,1
53035736,1
53133807,1
53099112,1
53070792,1
53107592,1
53124012,1
53077821,1
53138213,1
53110419,1
53081977,1
53110901,1
53135529,1
53053459,1
53123320,1
53077743,1
53137039,1
53117743,1
53135745,1
53139894,1
52990193,1
53078106,1
53067223,1
53111301,1
52974256,1
53057693,1
53087106,1
53136634,1
53107442,1
53110257,1
53083153,1
53134172,1
53129889,1
53123012,1
53000150,1
53118996,1
53128889,1
53076481,1
53122150,1
53059206,1
53142601,1
53135746,1
53054790,1
53097322,1
53046552,1
53016134,1
53112525,1
53081247,1
53085100,1
53107161,1
53027374,1
53079000,1
53139550,1
53100979,1
53106485,1
53123033,1
53142284,1
53143424,1
53118758,1
53095503,1
53140888,1
52949759,1
53117729,1
53120396,1
53038149,1
53135513,1
53142582,1
53141138,1
53141263,1
53120466,1
53139893,1
53028761,1
53068352,1
53117873,1
53126257,1
53021592,1
53017668,1
53120807,1
53018873,1
52997182,1
53062065,1
53032264,1
53131191,1
53123011,1
53124277,1
53143503,1
53110823,1
53098069,1
53096970,1
53143790,1
53109317,1
53112237,1
53106733,1
53080744,1
53131538,1
53104032,1
53145380,1
53145381,1
53128888,1
53135888,1
53090509,1
53130902,1
53015310,1
53053802,1
52878925,4
53068881,1
53107502,1
53107467,1
53077210,1
53091504,1
53109411,1
52996517,1
53118757,1
53091573,1
53142602,1
53124932,1
53106975,1
53124933,1
53139974,1
53125226,1
53056213,1
53101538,1
53122713,1
53111637,1
53085099,1
53096432,1
53051934,1
53054462,1
53127390,1
53145378,1
53077670,1
53123351,1
53117872,1
53078107,1
53145430,1
53135889,1
53136082,1
53102112,1
53118212,1
53073281,1
53146327,1
53076297,1
53106732,1
53145183,1
53141028,1
53149412,1
53148095,1
53134398,1
53116759,1
53149574,1
53035541,1
53131726,1
53060266,1
53035190,1
53111423,1
53142036,1
53081568,1
52980772,1
53122901,1
53111905,1
53071626,1
53115952,1
53137907,1
53143791,1
53120344,1
53123156,1
53129957,1
53142528,1
53123325,1
53147947,1
53141027,1
53143905,1
53149411,1
53116358,1
53139850,1
53076517,1
53138639,1
53096941,1
53103066,1
53009759,1
53145417,1
53141426,1
53109446,1
53101585,1
53018946,1
53122534,1
52925669,4
53148463,1
52920163,4
53118394,1
53135045,1
53145006,1
53135107,1
53123127,1
53069414,1
53112162,1
53142440,1
53076232,1
53120358,1
53141101,1
53131504,1
53127260,1
53117702,1
53135549,1
53059190,1
53150829,1
53150828,1
53144100,1
53152760,1
53032886,1
53144566,1
53082827,1
53139518,1
53146147,1
53135050,1
53128577,1
53143673,1
53128772,1
53134179,1
53134274,1
53022530,1
53029739,1
53145379,1
53049332,1
53139922,1
53141393,1
53144212,1
53105852,1
52931188,4
53148378,1
53133436,1
53117971,1
53089656,1
53133594,1
53095272,1
53041114,1
53057694,1
53150339,1
53106324,1
53125639,1
52991681,1
52990762,1
53122969,1
53147831,1
53136859,1
53150651,1
53147946,1
53151796,1
53153458,1
53145160,1
53109448,1
53127423,1
53142569,1
53142570,1
53152262,1
53148187,1
53111302,1
53106850,1
53011903,1
53093319,1
53018189,1
53152871,1
53026517,1
53140415,1
53137610,1
53071625,1
53124204,1
53104608,1
53141139,1
53153413,1
53087639,1
53135621,1
53152155,1
53152326,1
53148094,1
53122071,1
53125050,1
53109738,1
53063136,1
53108714,1
53052060,1
53075314,1
53141933,1
53114141,1
53133806,1
53082533,1
53131086,1
53093789,1
53138092,1
53126956,1
53043372,1
53137044,1
53145159,1
53151818,1
52747693,5
53117767,1
53142441,1
53153500,1
53130101,1
53140887,1
52999264,1
53152138,1
53112320,1
53123291,1
53138816,1
53123466,1
52962844,1
53126441,1
53095273,1
53015493,1
53067951,1
53122968,1
53074519,1
53101874,1
53104707,1
53049042,1
53136727,1
53129645,1
53103689,1
53080392,1
53118785,1
53140960,1
52979196,1
53153340,1
53085936,1
53138273,1
53101085,1
53134091,1
53135377,1
53114975,1
53138093,1
53142415,1
53136993,1
53057249,1
53113700,1
53099879,1
53144101,1
53149791,1
53108461,1
53102978,1
53063006,1
53024581,1
53057537,1
53043927,1
53098955,1
53151262,1
53052862,1
53137647,1
53158761,1
53138087,1
53058327,1
53159047,1
53116465,1
53155050,1
53160583,1
53149585,1
53153652,1
53106956,1
53103065,1
53038334,1
53133375,1
53137342,1
53107124,1
53139145,1
53132168,1
53106447,1
53121121,1
53135041,1
53124242,1
53151771,1
53136932,1
53156168,1
53158901,1
53157594,1
53156235,1
53098365,1
53116526,1
53157629,1
53125008,1
53124999,1
53152298,1
53112524,1
53105662,1
53140062,1
53161004,1
53129025,1
53127723,1
53112640,1
53030141,1
53077626,1
53145032,1
53140414,1
53159772,1
53153302,1
53153459,1
53126915,1
53151797,1
53083099,1
53154689,1
53138272,1
53152044,1
53102443,1
53152139,1
53121693,1
53142527,1
53120357,1
53152154,1
53152327,1
53153620,1
52988512,1
53119273,1
53153621,1
53135892,1
53141425,1
53152427,1
53141394,1
53133378,1
53107044,1
52978527,1
53133328,1
53160921,1
53161003,1
53141928,1
53133707,1
53158465,1
53114327,1
53139181,1
53155737,1
53005804,1
53092733,1
53121722,1
53132780,1
53160091,1
53098385,1
53100012,1
53114885,1
53164507,1
53154882,1
53143904,1
53157630,1
53135917,1
53136052,1
53148186,1
53136057,1
53106972,1
53164731,1
53045215,1
53128156,1
53145588,1
53163884,1
53164880,1
53087903,1
53151263,1
53129646,1
53132313,1
53136728,1
53146177,1
53070615,1
53134090,1
53164372,1
53164375,1
53158882,1
53079122,1
53140959,1
53110453,1
53156118,1
53164376,1
53156169,1
53164476,1
53163092,1
53153518,1
53154883,1
53133019,1
53160425,1
53164506,1
53146527,1
53163366,1
53163125,1
53135530,1
53163315,1
53115158,1
53127422,1
53164638,1
53149573,1
53075446,1
53162015,1
53145538,1
53145418,1
53145587,1
53109108,1
53147669,1
53126659,1
53136616,1
52997587,1
53147689,1
53083100,1
53087237,1
53120487,1
53142471,1
53158966,1
53164457,1
53141176,1
53075306,1
53152086,1
53135514,1
53145331,1
53164501,1
53154942,1
53157750,1
53072774,1
53167320,1
53160584,1
53153653,1
53076516,1
53162050,1
53078556,1
53164860,1
53158518,1
53145713,1
53045507,1
53104527,1
52938657,4
53125640,1
53126770,1
53126658,1
53142083,1
53139440,1
53090068,1
53128576,1
53110454,1
53145005,1
53129958,1
53146526,1
53164458,1
53157555,1
53154987,1
53135771,1
53112598,1
53164861,1
53144591,1
53126240,1
53004044,1
53133329,1
53136619,1
53158630,1
53095291,1
53112019,1
53146178,1
53123943,1
53136633,1
53054180,1
53162562,1
53169985,3
53168582,1
53149586,1
53164502,1
53059311,1
53168892,1
53166067,1
53168893,1
53109548,1
53115157,1
53137320,1
53139923,1
53152440,1
53140087,1
53140243,1
53131804,1
53112725,1
53137648,1
53076298,1
53136691,1
53169733,1
53134073,1
53085343,1
53142309,1
53139519,1
53123104,1
53146587,1
53171307,3
53169979,1
53158965,1
53165884,1
53161811,1
53096940,1
53168725,1
53167374,1
53148224,1
53171814,1
53134522,1
52962784,4
53127944,1
53134523,1
53170671,1
53131190,1
53125591,1
53142317,1
53167101,1
53168198,1
53156234,1
53146676,1
53172735,3
53137052,1
53168699,1
53064335,1
53164650,1
53156366,1
53048945,1
53172966,1
53139810,1
53148337,1
53171813,1
53169042,1
52925737,4
53128075,1
53164949,1
53049395,1
53123725,1
53131046,1
53055704,1
53153221,1
53159570,1
53103688,1
53025430,1
53162563,1
53159945,1
53142316,1
53023887,1
53160012,1
53114954,1
53152087,1
53174056,3
53170083,1
53168619,1
53172785,1
53137207,1
53168620,1
53167295,1
53172907,1
53164630,1
53094262,1
53155184,1
53169101,1
53140012,1
53155183,1
53138817,1
53141934,1
53104395,1
53125592,1
53038579,1
53136823,1
53172488,1
53087302,1
53120460,1
53167136,1
53121441,1
53173960,1
53154771,1
53160275,1
53159046,1
53041981,1
53144236,1
53155443,1
53136235,1
53106715,1
53117008,1
53144693,1
53081423,1
53082462,1
53098171,1
53170717,1
53169732,1
53172486,1
53111959,1
53143636,1
53175273,3
53136903,1
53167232,1
53127500,1
53141294,1
53163314,1
53155199,1
53103002,1
53177271,1
53043714,1
53134695,1
53133593,1
53120886,1
53158464,1
53158599,1
53170718,1
53007269,1
53159571,1
53176276,1
53156917,1
53176406,1
53153389,1
53154690,1
53167261,1
53160270,1
53131636,1
53108083,1
53164481,1
53117693,1
53039938,1
53136056,1
53177270,1
53032356,1
53142693,1
53140037,1
53064922,1
53082312,1
53126401,1
53100907,1
53169593,1
53169594,1
53134854,1
53159773,1
53178047,1
53175301,1
53164313,1
53114728,1
53175274,3
53150623,1
53178054,3
53171455,1
53172906,1
53157749,1
53164639,1
53162041,1
53057536,1
53155736,1
53139146,1
53122670,1
53114610,1
53166916,1
53159844,1
53178899,1
53178900,1
53166891,1
53158827,1
53157554,1
53145189,1
53144059,1
53137169,1
53148077,1
53140086,1
53146709,1
53142738,1
53130710,1
53127616,1
53136138,1
53059310,1
53079964,1
53181607,1
53179018,1
53169749,1
53134225,1
53180776,3
53176468,1
53178240,1
53137045,1
53127103,1
53138447,1
53159126,1
53167321,1
53137068,1
53111053,1
53117879,1
53159199,1
52996045,1
53167423,1
53134280,1
53133123,1
53159226,1
53166445,1
53182898,1
53181608,1
53131215,1
53166921,1
53135150,1
53158621,1
53178026,1
53183518,3
53146162,1
53074546,1
53182258,1
53175369,1
53150495,1
53051440,1
53125778,1
53168583,1
53178195,1
53144060,1
53170056,1
53154772,1
53168776,1
53164580,1
53139936,1
53149792,1
53181183,1
53148207,1
53178451,1
53112657,1
53137067,1
53109715,1
52887212,4
53123499,1
53182899,1
53172006,1
53161123,1
53137474,1
52887211,4
53136236,1
53158396,1
53139174,1
53038432,1
53082653,1
53156916,1
53158629,1
53110261,1
53180775,3
53151616,1
53162701,1
53160092,1
53179497,1
53102570,1
53147901,1
53175586,1
53117701,1
53112479,1
53181182,1
52995006,1
53181147,1
53179949,1
53113946,1
53174500,1
53038226,1
53137493,1
53139975,1
53182914,1
53105661,1
53141537,1
53119825,1
53103542,1
53123862,1
53080142,1
53167050,1
53183519,3
53158826,1
53178055,3
53156040,1
53137956,1
53175455,1
53134173,1
53162840,1
53158973,1
53167198,1
53168777,1
53179830,1
53185219,1
53185407,1
53141417,1
53183900,1
53105431,1
53185408,1
53148238,1
53141418,1
53186693,1
53113969,1
53133446,1
53119812,1
53159358,1
53144612,1
53144565,1
53078895,1
53159574,1
53173418,1
53184289,1
53151427,1
53166892,1
53120037,1
53183502,1
53136684,1
53112894,1
53167100,1
53102275,1
53167199,1
53184947,1
53173961,1
53121627,1
53184948,1
53158939,1
53185220,1
53170107,1
53132907,1
53185154,1
53167520,1
53182687,1
53180079,1
53186773,1
53133336,1
53163665,1
53148464,1
53034586,1
53092370,1
53074479,1
53181795,1
53172487,1
53180744,1
53146148,1
53157268,1
53146249,1
53136897,1
53107780,1
53160226,1
53184983,1
53135390,1
53154787,1
53182259,1
53136960,1
53139815,1
53174230,1
53172837,1
53125111,1
53159282,1
53183987,1
53186796,1
53051927,1
53159227,1
53141835,1
53093219,1
53175805,1
53095911,1
53122625,1
53128182,1
53073158,1
53145669,1
53133427,1
52937849,4
53026488,1
53118213,1
53172406,1
53126527,1
53184401,1
53167921,1
53123787,1
53147830,1
53161579,1
53125835,1
53152083,1
53121413,1
53164463,1
53187961,1
53188038,1
53156409,1
53182618,1
53183797,1
53183966,1
53157765,1
53183870,1
53125441,1
53057510,1
53158123,1
53108923,1
53085204,1
53060369,1
53089838,1
53156913,1
53131087,1
53188943,1
53156114,1
53169822,1
53190132,1
53078945,1
53187414,3
53147900,1
53160013,1
53189146,1
53169721,1
53140804,1
53167300,1
53128561,1
53160548,1
53171584,1
53175682,1
53141604,1
53169102,1
53128235,1
53152898,1
53139182,1
53159575,1
53147647,1
53126476,1
53178743,1
53112901,1
53115717,1
53166920,1
53164192,1
53190133,1
53169813,1
53105009,1
53187421,1
53167156,1
53152045,1
53160159,1
53167301,1
53164444,1
53137014,1
53116312,1
53188056,1
53189397,1
53100149,1
53120749,1
53168724,1
53183871,1
53167424,1
53188119,1
53108274,1
53177184,1
53190962,1
53036375,1
53164655,1
53180080,1
53162154,1
53170382,1
53090506,1
53030129,1
52998860,1
53183424,1
53170672,1
53187310,1
53181796,1
53075329,1
53187413,3
53111904,1
53114955,1
53159923,1
53187578,1
53194529,1
53172558,1
53193054,1
53186318,1
53111968,1
53190268,1
53122900,1
53194619,1
53193208,1
53186489,1
53190598,1
53143761,1
53178212,1
53160227,1
53182475,1
53192178,1
53158114,1
53079177,1
52985739,1
53006759,1
53056732,1
53162049,1
53152870,1
53160922,1
52958609,4
53194346,1
53176275,1
53179019,1
53181590,1
53194528,1
53180718,1
53142391,1
53169847,1
53193055,1
53152357,1
53178196,1
53189369,1
53116313,1
53164712,1
53152263,1
53196550,1
53186721,1
52995699,1
53191131,1
53119996,1
53175760,1
53112474,1
53125009,1
53172427,1
53184290,1
53121078,1
53147683,1
52997430,1
53142222,1
53197448,1
53085355,1
53196118,1
53194721,1
53168537,1
53192004,1
53150650,1
53152082,1
53188037,1
53183818,1
53151003,1
53194934,1
53093220,1
53133311,1
53183986,1
53186740,1
53139967,1
53175806,1
53155410,1
53140242,1
53145663,1
53060281,1
53173529,1
53184646,1
53172557,1
53190343,1
53197376,1
53189099,1
53197449,1
53152299,1
53185065,1
53176965,1
53196119,1
53185077,1
53167176,1
53199005,1
53149153,1
53188193,1
53191089,1
53118092,1
53139814,1
53173064,1
53182941,1
53144614,1
53147571,1
53169685,1
53136898,1
53123786,1
53183421,1
53164193,1
53198312,1
53154326,1
53195759,1
53197375,1
53194640,1
53176467,1
53175368,1
53168550,1
53172967,1
53175559,1
53183819,1
53194933,1
53120590,1
53148223,1
53120939,1
53130903,1
53155517,1
53199717,1
53078248,1
53120942,1
52986121,4
53191692,1
53104882,1
53176644,1
53151909,1
53121440,1
53187579,1
53196036,1
53174231,1
53189368,1
53165797,1
53201754,1
53199006,1
53096877,1
53097061,1
53101474,1
53179829,1
53146586,1
53144081,1
53200537,1
53156598,1
53164950,1
53138056,1
53126996,1
53201115,1
53085356,1
53179496,1
53200160,1
53201312,1
53194639,1
53201288,1
53168563,1
53073630,1
53164361,1
53201753,1
53179739,1
53116512,1
53201841,1
53189398,2
53123344,1
53194941,1
53174295,1
53161970,1
53177322,1
53145598,1
53181146,1
53174464,1
53189521,1
53172005,1
52996128,4
53196840,1
53161971,1
53148483,1
53104883,1
53175304,1
53167922,1
53176643,1
53114836,1
53099581,1
53189202,1
53201439,1
53166068,1
53123321,1
53200251,1
53170057,1
53104204,1
53149356,1
53182595,1
53137264,1
53135976,1
53177219,1
53083660,1
53195015,1
53147076,1
53194968,1
53200516,1
53020872,1
53186754,1
53203365,1
53192401,1
53203364,1
53166534,1
53140174,1
52988362,4
53137492,1
53169686,1
53195580,1
53025291,1
53182021,1
53195627,1
53201287,1
53096688,1
53204056,1
53184647,1
53172649,1
53158833,1
53205758,1
53145122,1
53182596,1
53179994,1
53182436,1
53167382,1
53192177,1
53152349,1
53191211,1
53158060,1
53150978,1
53199658,1
53152761,1
53155681,1
53163976,1
53120887,1
53156732,1
53188896,1
53113087,1
53197327,1
53190168,1
53201190,1
53172603,1
53091311,1
53146326,1
53143045,1
53197392,1
53194746,1
53195917,1
53157317,1
53152356,1
53153553,1
53200322,1
53175544,1
53185025,1
53204434,1
53004241,1
53132908,1
53203206,1
53164759,1
53199161,1
53173065,1
53166125,1
53171796,1
53177684,1
53180719,1
53121723,1
53145121,1
53204038,1
53176781,1
53136992,1
53082963,1
53183779,1
53207418,1
53179930,1
53151004,1
53202061,1
53208770,1
53186692,1
53191299,1
53162140,1
53117104,1
53194347,1
53194349,1
53151499,1
53192874,1
53169793,1
53205591,1
53167019,1
53118940,1
53180853,1
53206875,1
53095555,1
53194720,1
53205726,1
53200235,1
53190508,1
53164362,1
53193490,1
53201842,1
53194806,1
53190841,1
53194927,1
53187962,1
53165734,1
53163367,1
53137001,1
53205926,1
53172764,1
53135977,1
53207419,1
53208670,1
53199162,1
53208769,1
53173032,1
53203186,1
53006893,1
53206008,1
53188403,1
53199129,1
53180303,1
53191212,1
53207793,1
53144613,1
53164754,1
53197168,1
53201311,1
53187602,1
53168419,1
53200093,1
53168418,1
53205688,1
53186416,1
53198834,1
53198835,1
53194718,1
53192109,1
53207173,1
53200314,1
53150979,1
53194969,1
53072775,1
53191088,1
53192245,1
53174729,1
53169163,1
53199657,1
53172204,1
53136902,1
53188993,1
53189138,1
53194747,1
53186455,1
53167137,1
53212802,1
53212929,1
53187803,1
53116513,1
53137015,1
53203185,1
53102894,1
53208727,1
53202276,1
53196687,1
53207743,1
53207722,1
53180302,1
53112641,1
53191681,1
53167740,1
53173445,1
53191649,1
53109367,1
53194496,1
53189012,1
53204039,1
53209616,1
53201233,1
53193041,1
53139549,1
53205619,1
53190599,1
53185076,1
53170082,1
53163091,1
53168432,1
53208531,1
53211373,1
53205840,1
53183760,1
53167260,1
53211406,1
53212801,1
53212948,1
53114142,1
53197723,1
53212930,1
53162172,1
53182617,1
53199305,1
53206007,1
53174730,1
53204793,1
53177716,1
53082654,1
53184400,1
53165252,1
53209551,1
53204096,1
53085344,1
53215502,1
53194990,1
53204435,1
53103211,1
53215561,1
53131505,1
53215784,1
53144213,1
53203212,1
53120647,1
53204794,1
53095153,1
53194199,1
53205142,1
53158519,1
53194348,1
53192643,1
53204057,1
53180760,1
53211217,1
53208578,1
53192110,1
53164631,1
53179584,1
53186619,1
53196328,1
53205998,1
53190967,1
53192251,1
53214181,1
53150840,1
53186744,1
53211540,1
53119194,1
53172127,1
53175924,1
53152613,1
53194200,1
53122674,1
53216267,1
53213281,1
53207842,1
53170610,1
53186117,1
53205592,1
53173528,1
53183503,1
53189145,1
53195916,1
53189259,1
53160328,1
53212738,1
53215560,1
53211405,1
53204650,1
53178692,1
53205990,1
53156367,1
53218629,1
53142739,1
53163823,1
53140005,1
52803547,5
53188737,1
53153861,1
53018360,1
53081567,1
53162620,1
53200064,1
53204097,1
53204612,1
53218425,1
53213061,1
53215817,1
53120938,1
53186849,1
53213282,1
53126255,1
53169472,1
53181302,1
53026335,1
53192664,1
53202752,1
53215003,1
53215004,1
53175261,1
53175587,1
53190305,1
53215178,1
53165683,1
53203066,1
53203079,1
53209791,1
53191993,1
53139694,1
53061754,1
53203334,1
53166578,1
53217076,1
53218807,1
53090606,1
53148432,1
53199718,1
53218976,1
53188653,1
53062064,1
53026497,1
53159598,1
53195581,1
53147690,1
53168307,1
53191680,1
53136809,1
53213921,1
53216663,1
53125840,1
53121883,1
53189203,1
53208563,1
53203042,1
53222386,1
53155444,1
53195016,1
53077504,1
53174487,1
53219634,1
53171454,1
53203159,1
53211478,1
53211477,1
53188436,1
53218556,1
53211476,1
53163494,1
53143998,1
53142806,1
53218811,1
53218977,1
53112658,1
53175998,1
53048540,1
53170590,1
53167739,1
53200947,1
53223109,1
53214772,1
53212195,1
53208326,1
53208327,1
53208360,1
53213920,1
53200260,1
53215201,1
53222234,1
53161587,1
53175545,1
53175454,1
53193383,1
53211256,1
53024375,1
53212698,1
53118464,1
53109539,1
53223937,1
53175669,1
53159321,1
53133020,1
53117189,1
53199739,1
53185853,1
53155839,1
53211822,1
53197167,1
53219265,1
53151498,1
53128474,1
53208343,1
53201234,1
53208342,1
53224983,1
53165477,1
53078046,1
53187766,1
53176782,1
53205841,1
53215311,1
53134360,1
53218305,1
53196327,1
53201748,1
53223861,1
53164882,1
53213062,1
53170264,1
53163684,1
53127770,1
53185818,1
53134641,1
53211821,1
53208251,1
53224728,1
53183425,1
53202751,1
53144961,1
53143674,1
53202843,1
53215202,1
53220612,1
53183759,1
53215503,1
53119274,1
53214043,1
53128469,1
53223938,1
53225142,1
53203067,1
53221306,1
53205952,1
53133437,1
53219961,1
53163975,1
53195737,1
53120343,1
53219427,1
53224826,1
53220613,1
53224889,1
53198560,1
53218077,1
53200313,1
53208585,1
53218204,1
53087570,1
53199130,1
53218466,1
53223862,1
53225076,1
53214196,1
53192246,1
53175997,1
53174908,1
53188756,1
53151233,1
53169627,1
53184337,1
53197326,1
53216662,1
53189137,1
53135261,1
53208577,1
53218078,1
53022529,4
53208584,1
53184970,1
53216854,1
53216853,1
53226437,1
53148237,1
53223713,1
53218557,1
53227903,1
53183960,1
53218614,1
53177537,1
53214346,1
53228085,1
53216985,1
53211541,1
53117103,1
53118077,1
53213479,1
53071349,1
53141967,1
53071753,1
53155822,1
53159559,1
53186159,1
53222950,1
53189098,1
53201072,1
53212465,1
53206593,1
53228773,1
53219349,1
53227700,1
53195674,1
53230416,1
53188192,1
53212466,1
53179810,1
53211339,1
53201747,1
53193491,1
53215638,1
53211391,1
53205925,1
53171795,1
53142807,1
53207723,1
53031425,1
53230867,1
53221644,1
53191472,1
53127943,1
53227379,1
53180570,1
53170721,1
53227457,1
53225642,1
53224734,1
53223053,1
53230415,1
53224861,1
53192959,1
53211218,1
53193467,1
53229273,1
53158061,1
53208798,1
53230767,1
53215818,1
53208726,1
53211435,1
53204865,1
53225297,1
53200565,1
53224405,1
53221796,1
53188481,1
53192347,1
53200697,1
53112711,1
53170393,1
53065009,1
53170756,1
53227456,1
53194439,1
53225643,1
53194419,1
53233034,1
53206644,1
53214996,1
53208359,1
53212533,1
53187884,1
53204329,1
53218137,1
53225025,1
53117507,1
53226438,1
53139935,1
53225115,1
53212697,1
53229274,1
53215863,1
53134361,1
53229514,1
53232442,1
53222562,1
53201941,1
53200536,1
53207924,1
53166577,1
53210698,1
53189573,1
53188654,1
53207691,1
53178691,1
53156731,1
53214795,1
53186083,1
53192665,1
53233969,1
53220325,1
53202794,1
53232995,1
53230270,1
53233033,1
53213865,1
53195668,1
53184491,1
53195787,1
53204110,1
53212206,1
53179369,1
53095681,1
53215312,1
53226339,1
53231790,1
53178255,1
53167485,1
53221493,1
53232443,1
53214325,1
53208886,1
53227311,1
53233810,1
53109716,1
52966877,4
53195321,1
53151426,1
53230201,1
53213884,1
53222096,1
53216671,1
53235804,1
53230269,1
53176375,1
53184969,1
53231437,1
53200161,1
53227582,1
53231564,1
53224888,1
53230483,1
53160064,1
53226502,1
53230482,1
53236035,1
53174017,1
53205687,1
53231789,1
53234677,1
53234790,1
53234764,1
53222283,1
53234788,1
53234789,1
53225114,1
53197760,1
53232194,1
53221307,1
53217077,1
53177323,1
53207792,1
53186918,1
53101481,1
53148484,1
52984948,4
53198127,1
53231486,1
53191884,1
53233160,1
53224827,1
53186307,1
53228949,1
53212349,1
53189329,1
53227837,1
53223492,1
53142465,1
53204460,1
53175579,1
53218124,1
53189320,1
53196497,1
53229200,1
53167120,1
53230672,1
53237790,1
53237738,1
53120765,1
53226686,1
53218740,1
53230716,1
53167604,1
53196943,1
53233756,1
53139966,1
53197028,1
53214546,1
53214545,1
53209336,1
53235805,1
53205757,1
53237382,1
53180852,1
53237383,1
53234787,1
53234794,1
53196210,1
53218205,1
53233433,1
53188055,1
53187765,1
53213257,1
53237789,1
53227902,1
53236296,1
53212947,1
53171786,1
53227204,1
53229827,1
53205044,1
53175761,1
53126440,1
53207843,1
53183026,1
53009812,4
53128468,1
53195626,1
53170591,1
53236920,1
53212196,1
53233150,1
53209491,1
53237105,1
53168602,1
53213885,1
53227770,1
53214042,1
53218342,1
53237356,1
53215371,1
53234763,1
53226501,1
53215683,1
53237678,1
53240550,1
53191257,1
53214526,1
53217595,1
53236791,1
53227547,1
53172428,1
53237150,1
53228950,1
53191842,1
53212534,1
53211402,1
53212452,1
53026799,4
53237560,1
53198721,1
53179859,1
53240485,1
53240374,1
53208530,1
53211392,1
53232200,1
53237737,1
53199272,1
53224046,1
53224047,1
53214222,1
53063032,1
53204819,1
53153862,1
53178676,1
53233970,1
53208290,1
53205526,1
53241293,1
53238607,1
53209617,1
53235881,1
53173417,1
53236934,1
53237149,1
53231563,1
53230491,1
53241509,1
53222323,1
53240006,1
53204575,1
53229323,1
53223785,1
53178434,1
53205989,1
53200250,1
53224147,1
53238017,1
53162016,1
53202316,1
52796161,5
53222685,1
53191425,1
53228270,1
53241113,1
53196839,1
53132092,1
53178744,1
53225585,1
53200946,1
53236919,1
53159930,1
53241418,1
53230463,1
53222233,1
53230605,1
53238939,1
53240443,1
53227938,1
53233462,1
53240501,1
53240500,1
53240484,1
53197702,1
53214347,1
53118091,1
53218524,1
53195143,1
53205045,1
53185945,1
53241112,1
53079548,1
53112902,1
53216381,1
53223029,1
53223030,1
53227676,1
53202844,1
53245261,1
53239630,1
53200092,1
53215353,1
53195786,1
53238809,1
53242868,1
53223762,1
53211385,1
53244433,1
53212737,1
53230606,1
53204864,1
53240394,1
53215684,1
53234793,1
53214326,1
53051891,1
53139052,1
53222630,1
53219873,1
52898134,5
53219266,1
53228774,1
53164182,1
53222154,1
53189039,1
53192099,1
53237357,1
53222324,1
53237617,1
53244432,1
53243161,1
53243196,1
53190810,1
53232231,1
53213029,1
53244530,1
53213030,1
53218467,1
53230766,1
53167605,1
53170374,1
53244845,1
53139213,1
53246707,1
53225798,1
53125779,1
53223191,1
53223190,1
53224862,1
53246884,1
53246914,1
53242605,1
53241502,1
53146161,1
53246998,1
53227677,1
53186774,1
53231744,1
53207307,1
53232195,1
53243137,1
53205941,1
53247238,1
53248635,1
53214176,1
53209792,1
53246008,1
53186745,1
53243306,1
53219781,1
53219805,1
53233518,1
53206180,1
53166230,1
53226919,1
53224404,1
53233811,1
53241208,1
53216382,1
53219428,1
53211073,1
53192960,1
53162367,1
53194416,1
53246836,1
53213866,1
53192897,1
53235951,1
53233151,1
53234209,1
53248017,1
53230492,1
53242779,1
53243085,1
53221108,1
53192136,1
53247175,1
53247226,1
53233432,1
53243197,1
53185600,1
53247216,1
53247260,1
53240551,1
53246165,1
53232425,1
53233517,1
53218808,1
53213624,1
53169494,1
53195391,1
53217332,1
53236579,1
53176138,1
53221909,1
53194418,1
53239631,1
53192898,1
53250725,1
53211124,1
53234413,1
53237016,1
53227686,1
53211100,1
53173982,1
53219350,1
53241636,1
53215354,1
53240393,1
53241637,1
53240306,1
53248728,1
53248659,1
53205965,1
53159357,1
53204626,1
53243307,1
53233618,1
53217201,1
53194289,1
53225584,1
53245073,1
53236792,1
53238603,1
53237106,1
53234556,1
53241417,1
53203966,1
53190314,1
53242893,1
53238828,1
53248418,1
53247176,1
53167373,1
53238940,1
53190680,1
53248784,1
53244621,1
53182552,1
53251745,1
53250070,1
53222648,1
53181301,1
53065921,1
53181421,1
53252962,1
53181435,1
53185978,1
53081666,1
53180739,1
53138055,1
53228694,1
53231436,1
53242604,1
53244223,1
53249750,1
53251297,1
53211338,1
53211372,1
53235004,1
53244531,1
53235146,1
53205885,1
53155588,1
53228096,1
53254774,1
53164942,1
53186937,1
53223054,1
53235767,1
53195738,1
53213844,1
53206983,1
53244222,1
53211257,1
53226310,1
53210027,1
53164649,1
53243084,1
53196576,1
53196099,1
53198942,1
53174294,1
53230662,1
53235145,1
53208536,1
53248911,1
53235394,1
53225499,1
53244713,1
53223296,1
53254989,1
53181507,1
53187141,1
53236580,1
53245072,1
53255052,1
53219219,1
53230181,1
53244128,1
53225872,1
53214895,1
53231472,1
53206774,1
53215177,1
53179062,1
53253484,1
53253485,1
53242597,1
53237236,1
53224999,1
53226340,1
53222186,1
53247070,1
53214003,1
53218123,1
53251475,1
53225193,1
53247259,1
53221109,1
53113901,1
53254229,1
53197673,1
53248785,1
53249963,1
53257189,1
53244727,1
53207916,1
53219982,1
53195222,1
53175189,1
53195322,1
53250406,1
53250405,1
53167923,1
53224735,1
53253454,1
53249634,1
53159747,1
53250701,1
53234110,1
53256315,1
53250881,1
53256365,1
53255232,1
53190267,1
53208445,1
53224982,1
53175266,1
53222185,1
53171625,1
53251459,1
53234557,1
53218525,1
53194942,1
53251568,1
53196551,1
53251746,1
53235274,1
53250102,1
53178572,1
53197895,1
53233663,1
53215798,1
53148465,1
53257765,1
53214735,1
53257838,1
53249575,1
53257870,1
53259024,1
53253455,1
53250790,1
53250880,1
53246883,1
53256247,1
53257965,1
53238714,1
53227656,1
53242780,1
53193384,1
53186650,1
53252692,1
53258251,1
53252691,1
53256892,1
53185481,1
53201658,1
53215864,1
53247500,1
53188250,1
53217074,1
53186078,1
53236730,1
53257808,1
53238602,1
53257825,1
53253579,1
53257889,1
53253578,1
53257964,1
53259193,1
53153414,1
53208669,1
53244452,1
53230762,1
53247227,1
53251453,1
53175925,1
52985051,4
53239091,1
53170265,1
53221494,1
53240930,1
53197833,1
52975172,4
53236705,1
53258751,1
53161439,1
53261715,1
53253621,1
53165478,1
53235995,1
53240305,1
53255355,1
53223786,1
53190809,1
53259635,1
53215689,1
53240373,1
53261153,1
53145597,1
53262898,1
53250280,1
53260338,1
53219962,1
53258730,1
53225551,1
53231193,1
53260632,1
53260557,1
53244129,1
53250741,1
53156094,1
53238761,1
53230462,1
53245646,1
53256505,1
53237235,1
53232197,1
53251452,1
53249922,1
53186795,1
53237798,1
53259830,1
53236295,1
53250101,1
53240752,1
53180209,1
53233562,1
53059230,1
53071736,1
53180571,1
53198128,1
53206334,1
53233827,1
53260558,1
53231265,1
53260631,1
53241357,1
53263366,1
53261714,1
53132167,1
53203735,1
53240014,1
53243055,1
53252440,1
53169823,1
53242745,1
53264838,1
53247069,1
53207008,1
53243138,1
53185590,1
53255693,1
53204625,1
53240959,1
53262895,1
53233651,1
53230046,1
53202565,1
53235717,1
53257764,1
53239583,1
53266157,1
53261897,1
53205525,1
53228693,1
53260748,1
53251098,1
53079098,1
53263425,1
53256364,1
53266283,1
53227687,1
53241356,1
53261966,1
53242596,1
53241597,1
53248503,1
53237225,1
53251458,1
53258267,1
53259505,1
53260980,1
53243301,1
53229433,1
53263731,1
53216933,1
53227771,1
53225143,1
53171557,1
53239331,1
53238322,1
53243808,1
53241154,1
53065451,1
53248010,1
53257946,1
53264615,1
53234412,1
53241508,1
53263631,1
53249749,1
53236062,1
53184984,1
53249918,1
53262505,1
53259791,1
53258261,1
53257188,1
53255427,1
53236266,1
53245941,1
53152388,1
53233638,1
53264076,1
53130889,1
53175168,1
53178939,1
53231264,1
53220316,1
53258900,1
53249641,1
53236933,1
53227830,1
53241598,1
53219451,1
53248636,1
53258263,1
53256976,1
53269314,1
53126426,1
53235474,1
53225452,1
53176000,1
53241209,1
53235725,1
53259129,1
53249635,1
53205892,1
53267531,1
53227701,1
53209632,1
53251366,1
53266345,1
53248572,1
53238898,1
53255354,1
53261029,1
53247298,1
53265082,1
53262504,1
53230673,1
53257047,1
53230866,1
53247457,1
53232350,1
53240879,1
53221645,1
53224148,1
53156678,1
53244746,1
53120958,1
53142922,1
53194573,1
53232994,1
53176137,1
53267450,1
53242434,1
53266158,1
53267532,1
53260747,1
53226309,1
53252680,1
53203967,1
53229199,1
53257001,1
53255580,1
53246007,1
53259504,1
53255428,1
53258209,1
53251367,1
53247276,1
53219983,1
53216934,1
53202277,1
53197896,1
53235395,1
53240878,1
53056733,4
53142923,1
53267053,1
53188942,1
53242401,1
53269901,1
53257871,1
53250882,1
53267334,1
53250702,1
53248018,1
53270110,1
53205599,1
53248009,1
53252441,1
53267538,1
53256484,1
53192252,1
53238713,1
53267776,1
53258050,1
53264837,1
53177348,1
53218304,1
53226918,1
53250131,1
53271110,1
53128244,1
53272240,1
53233650,1
53274008,1
53252055,1
53225453,1
53213258,1
53186079,1
53020723,4
53155854,1
53245262,1
53219179,1
53263424,1
53256248,1
53272657,1
53261967,1
53252483,1
53242764,1
53267431,1
53267432,1
53269071,1
53267477,1
53238938,1
53270461,1
53260941,1
53232069,1
53258210,1
53268064,1
53246164,1
53265495,1
53207742,1
53233771,1
53271111,1
53239230,1
53254615,1
53185677,1
53170486,1
53150319,1
53267052,1
53257846,1
53257826,1
53246913,1
53259201,1
53135658,1
53266284,1
53251097,1
53241545,1
53263632,1
53271851,1
53230506,1
53244172,1
53249762,1
53191724,1
53234564,1
53219749,1
53273452,1
53274728,1
52985050,4
53257104,1
53223607,1
53260981,1
53269313,1
53272024,1
53235026,1
53226539,1
53261154,1
53232349,1
53248910,1
53269434,1
53276388,1
53272216,1
53200721,1
53219780,1
53272266,1
53224345,1
53241183,1
53197910,1
53195669,1
53271506,1
53244043,1
53198267,1
53249526,1
53264234,1
53235842,1
53208235,1
53267390,1
53275602,1
53205618,1
53193926,1
53230632,1
53238988,1
53267854,1
53267777,1
53260950,1
53269208,1
53263775,1
53205964,1
53246208,1
53276381,1
53273568,1
53273864,1
53276382,1
53259944,1
53231045,1
53265581,1
53246675,1
53276686,1
53199344,1
53250281,1
53252066,1
53243807,1
53191108,1
53259023,1
53258901,1
53208354,1
53264448,1
53235880,1
53272829,1
53277178,1
53258039,1
53230528,1
53260896,1
53273207,1
53267855,1
53273400,1
53269271,1
53267882,1
53259943,1
53240317,1
53273569,1
53211363,1
53243270,1
53257105,1
53268258,1
53224037,1
53151232,1
53277823,1
53244728,1
53257450,1
53260601,1
53272830,1
53238808,1
53264443,1
53274449,1
53269114,1
53273075,1
53274482,1
53273074,1
53278484,1
53238760,1
53274641,1
53240318,1
53243092,1
53277456,1
53273206,1
53223778,1
53277459,1
53171556,1
53276387,1
53239229,1
53240929,1
53252765,1
53208844,1
53276685,1
53252065,1
53118088,1
53235025,1
53244844,1
53191258,1
53232960,1
53257849,1
53242435,1
53256301,1
53259130,1
53277354,1
53266346,1
53274608,1
53227829,1
53242867,1
53274642,1
53269070,1
53271925,1
53190382,1
53259733,1
53259676,1
53263706,1
53255489,1
53259886,1
53277460,1
53276274,1
53219577,1
53240407,1
53279149,1
53225352,1
53274842,1
53279150,1
53279267,1
53262761,1
53232232,1
53186848,1
53257457,1
53277824,1
53272267,1
53265582,1
53279692,1
53238459,1
53212350,1
53235911,1
53272656,1
53255056,1
53252473,1
53262011,1
53280006,1
53250791,1
53248120,1
53252385,1
53233170,1
53281357,1
53267478,1
53259347,1
53245645,1
53282878,1
53262208,1
53244300,1
53281528,1
53282934,1
53281610,1
53259965,1
53280252,1
53252681,1
53244536,1
53230715,1
53276413,1
53250089,1
53251736,1
53279268,1
53241839,1
53276518,1
53273889,1
53188482,1
53280552,1
53280553,1
53232872,1
53272271,1
53115365,1
53170381,1
53278001,1
53244042,1
53260600,1
53216670,1
53257837,1
53275601,1
53271718,1
53281049,1
53277136,1
53284000,1
53281232,1
53267537,1
53242744,1
53199217,1
53236037,1
53270687,1
53235003,1
53278937,1
53246149,1
53192348,1
53237797,1
53279332,1
53280401,1
53241993,1
53263786,1
53229432,1
53109538,1
53211531,1
53265449,1
53262762,1
53283239,1
53247499,1
53188861,1
53194415,1
53280702,1
53184484,1
53261627,1
53195650,1
53278358,1
53255233,1
53253744,1
53285525,1
53269017,1
53245306,1
53282803,1
53183843,1
53260789,1
53260824,1
53167033,1
53237285,1
53281612,1
53277328,1
53253985,1
53197615,1
53282935,1
53251298,1
53283040,1
53252770,1
53278936,1
53280342,1
53208724,1
53226687,1
53279088,1
53239092,1
53043587,4
53261034,1
53284980,1
53197101,1
53222726,1
53145656,1
53258980,1
53286699,1
53245305,1
53284001,1
53268999,1
53227598,1
53285686,1
53284268,1
53285741,1
53211434,1
53052111,4
53281611,1
53225351,1
53265379,1
53230631,1
53284576,1
53272023,1
53243457,1
53283227,1
53283290,1
53286003,1
53282246,1
53235484,1
53246417,1
53164941,1
53286118,1
53266068,1
53233171,1
53285470,1
53270460,1
53286700,1
53282804,1
53238804,1
53244301,1
53256506,1
53282847,1
53227838,1
53280193,1
53287281,1
53243054,1
53265151,1
53253970,1
53287245,1
53269353,1
53256780,1
53283100,1
53266673,1
53283101,1
53254370,1
53280357,1
53281996,1
53288695,1
53239143,1
53178452,1
53265496,1
53286004,1
53272184,1
53259831,1
53272183,1
53279691,1
53269634,1
53261896,1
53281050,1
53285494,1
53274483,1
53190567,1
53275535,1
53288316,1
53266541,1
53223297,1
53277522,1
53224066,1
53290114,1
53290104,1
53288598,1
53287483,1
53252872,1
53285969,1
53265655,1
53174907,1
53178571,1
53254839,1
53236533,1
53260239,1
53232536,1
52897024,5
53170509,1
53241292,1
53274334,1
53270032,1
53285438,1
53225007,1
53274443,1
53266262,1
53222340,1
53288447,1
53270536,1
53238897,1
53262010,1
53271926,1
53291298,1
53291299,1
53288516,1
53245942,1
53259790,1
53283013,1
53280194,1
53206181,1
53276273,1
53247294,1
53215797,1
53219943,1
53272299,1
53250123,1
53260371,1
53265768,1
53262899,1
53261408,1
53263239,1
53250736,1
53288209,1
53235912,1
53245152,1
53240408,1
53289719,1
53287060,1
53282871,1
53269115,1
53267883,1
53265081,1
53289961,1
53230761,1
53250071,1
53284577,1
53289977,1
53287244,1
53290162,1
53247275,1
53238869,1
53249996,1
53244502,1
53279331,1
53259634,1
53276414,1
53288694,1
53273662,1
53211479,1
53264075,1
53244622,1
53225123,1
53263902,1
53225414,1
53291712,1
52979707,5
53279737,1
53239348,1
53266070,1
53225871,1
53274319,1
53098068,1
53238644,1
53279848,1
53206773,1
53285403,1
53288210,1
53259202,1
53278359,1
53292101,1
53253620,1
53270111,1
53275633,1
53284269,1
53277416,1
53288439,1
53285685,1
53289720,1
53267637,1
53232196,1
53294037,1
53256781,1
53239050,1
53274843,1
53265344,1
53185591,1
53292953,1
53285931,1
53185592,1
53258491,1
53286042,1
53283291,1
53291660,1
53185979,1
53291713,1
53206182,1
53258729,1
53291823,1
53252269,1
53248237,1
53275752,1
53282913,1
53284122,1
53256302,1
53263705,1
53294036,1
53249814,1
53283094,1
53290201,1
53290336,1
53285907,1
53222553,1
53290462,1
53294341,1
53283340,1
53283341,1
53269635,1
53274521,1
53269000,1
53289538,1
53271717,1
53266261,1
53296757,1
53292952,1
53274630,1
53243360,1
53228167,1
53265450,1
53254423,1
53274009,1
53294387,1
53294338,1
53293417,1
53216268,1
53226061,1
52997431,4
53277135,1
53289209,1
53263240,1
53281308,1
53279847,1
53277343,1
53285737,1
53273250,1
53296756,1
53288515,1
53296829,1
53296830,1
53277342,1
53284630,1
53294030,1
53294193,1
53295713,1
53285908,1
53292969,1
53111608,1
53240753,1
53254623,1
53290413,1
53286041,1
53221623,1
53078555,4
53230982,1
53274320,1
53235716,1
53258898,1
53289118,1
53195651,1
53191883,1
53275536,1
53285526,1
53260835,1
53296646,1
53135262,1
53277314,1
53296624,1
53294040,1
53282914,1
53273453,1
53225077,1
53293988,1
53287213,1
53290179,1
53290161,1
53298500,1
53251301,1
53299692,1
53294192,1
53298469,1
53293137,1
53282031,1
53277638,1
53268257,1
53280335,1
53227378,1
53295942,1
53233699,1
53266752,1
53235485,1
53220189,1
53079963,4
53293590,1
53277060,1
53246837,1
53289117,1
53294848,1
53294885,1
53288315,1
53294847,1
53293977,1
53275800,1
53158902,1
53299537,1
53256967,1
53295536,1
53299691,1
53295943,1
53297148,1
53286296,1
53294652,1
53300141,1
53277177,1
53273079,1
53295034,1
53291232,1
53285717,1
53277546,1
53289960,1
53258484,1
53267954,1
53285894,1
53249995,1
53235157,1
53268085,1
53294340,1
53297149,1
53274040,1
53299946,1
53293416,1
53301686,1
53235325,1
53271382,1
53285203,1
53173091,1
53264173,1
53233916,1
53275206,1
53249525,1
53270132,1
53302010,1
53294693,1
53275799,1
53285469,1
53286705,1
53266067,1
53252434,1
53297899,1
53299391,1
53274520,1
53273251,1
53270139,1
53294006,1
53296695,1
53258250,1
53284165,1
53299494,1
53282848,1
53300914,1
53294031,1
53269228,1
53300986,1
53273340,1
53294039,1
53284713,1
53289976,1
53290202,1
53301441,1
53258492,1
53290461,1
53290484,1
53272225,1
53301672,1
53207690,1
53128181,1
53255051,1
53301865,1
53187142,1
53299125,1
53281358,1
53274450,1
53273078,1
53284286,1
53275688,1
53249950,1
53292803,1
53293989,1
53288478,1
53301189,1
53272217,1
53296915,1
53252769,1
53268462,1
53304302,1
53293220,1
53128245,1
53076233,4
53180677,1
53255057,1
53277059,1
53304636,1
53285442,1
53296647,1
53304826,1
53257980,1
53292493,1
53300712,1
53256669,1
53300870,1
53305037,1
53292707,1
53279036,1
53295853,1
53235293,1
53279424,1
53290396,1
53288782,1
53205338,1
53276828,1
53246432,1
53291711,1
53275141,1
53299099,1
53209492,1
53257703,1
53289537,1
53304789,1
53270041,1
53281231,1
53266178,1
53306187,1
53295323,1
53303768,1
53306491,1
53288477,1
53280400,1
53298478,1
53262812,1
53268461,1
53307008,1
53120943,1
53305337,1
53266800,1
53232873,1
53232753,1
53185601,1
53272227,1
53170375,1
53285103,1
53227548,1
53234009,1
53263365,1
53305509,1
53231485,1
53296418,1
53304720,1
53254951,1
53293736,1
53299290,1
53297711,1
53190383,1
53283855,1
53226062,1
53244173,1
53274560,1
53263505,1
53254039,1
53285736,1
53300913,1
53292759,1
53254572,1
53303788,1
53283164,1
53266751,1
53302571,1
53299851,1
53288783,1
53130449,1
53310084,1
53269902,1
53299126,1
53257699,1
53305751,1
53291045,1
53308510,1
53304788,1
53264616,1
53253986,1
53296696,1
53306268,1
53281527,1
53290209,1
53310620,1
53285862,1
53283163,1
53268063,1
53301232,1
53295790,1
53249166,1
53273882,1
53308073,1
53280542,1
53276517,1
53222727,1
53233664,1
53252073,1
53233770,1
53246676,1
53258621,1
53302819,1
53235781,1
53191725,1
53307369,1
53279985,1
53304721,1
53294749,1
53294886,1
53272843,1
53299291,1
53207174,1
53307616,1
53300660,1
53302202,1
53283935,1
53280175,1
53310621,1
53279124,1
53292708,1
53305113,1
53282996,1
53301347,1
53285938,1
53217118,1
53293136,1
53309752,1
53283279,1
53290395,1
53254622,1
53294230,1
53183139,1
53285100,1
53308244,1
53271523,1
53305750,1
53237015,1
53281192,1
53286864,1
53304864,1
53214223,1
53306186,1
53277492,1
53254208,1
53306492,1
53294007,1
53299549,1
53303787,1
53299601,1
53255490,1
53304303,1
53285099,1
53309753,1
53290414,1
53296914,1
53313588,1
52946692,5
53158397,1
53293329,1
53266775,1
53304532,1
53308243,1
53238235,1
53260372,1
52874061,5
53225799,1
53186116,1
53311028,1
53312826,1
53311138,1
53249532,1
53238624,1
53307368,1
53286597,1
53283775,1
53305997,1
53311378,1
53290979,1
53269016,1
53304936,1
53271833,1
53276036,1
53288475,1
53300813,1
53285718,1
53284525,1
53281613,1
53290113,1
53211516,1
53281956,1
53294122,1
53279353,1
53306735,1
53302474,1
53313494,1
53292968,1
53269352,1
53313485,1
53313587,1
53308053,1
53224410,1
53286119,1
53275072,1
53294487,1
53290483,1
53272228,1
53279738,1
53260064,1
53291630,1
53090605,4
53253120,1
53312825,1
53312827,1
53275247,1
53311137,1
53304604,1
53206876,1
53305996,1
53198475,1
53311379,1
53304825,1
53295035,1
53294931,1
53311558,1
53290978,1
53307712,1
53291213,1
53307760,1
53302226,1
53285779,1
53277397,1
53287212,1
53306734,1
53302473,1
53288746,1
53283109,1
53313484,1
53195012,1
53279483,1
53266674,1
53308138,1
53283226,1
53291621,1
53178675,1
53185593,1
52963891,5
52933257,5
53283683,1
53316855,1
53283924,1
53269969,1
53289520,1
53286849,1
53310320,1
53314194,1
53274631,1
53284123,1
53302225,1
53302203,1
53288349,1
53286962,1
53271834,1
53216917,1
53306366,1
53314721,1
53304991,1
53317539,1
53223608,1
53269207,1
53272272,1
53312285,1
53265380,1
53287280,1
53261296,1
53305328,1
53261297,1
53316437,1
53280465,1
53316525,1
53283682,1
53310142,1
53311554,1
53313174,1
53313150,1
53297750,1
53284156,1
53318814,1
53317474,1
53238805,1
53298501,1
53305043,1
53313339,1
53279087,1
53307713,1
53292802,1
53262660,1
53310575,1
53318938,1
53275013,1
53282356,1
53231743,1
53305327,1
53315267,1
53298837,1
53313598,1
53308054,1
53291656,1
53272226,1
53280609,1
53316529,1
53300070,1
53252435,1
53286452,1
53237226,1
53292197,1
53318584,1
53318686,1
53319912,1
53191821,1
53264516,1
53318689,1
53262209,1
53269356,1
53306365,1
53297900,1
53317377,1
53317376,1
53296786,1
53295448,1
53314720,1
53318933,1
53282958,1
53313394,1
53276729,1
53276760,1
53319166,1
53316361,1
53312738,1
53293328,1
53279741,1
53279719,1
53271340,1
53258622,1
53073324,4
53315641,1
53307401,1
53291832,1
53315693,1
53319566,1
53302025,1
53304863,1
53197616,1
53274559,1
53297824,1
53314450,1
53224994,1
53318788,1
53274717,1
53185026,1
53301142,1
53252632,1
53266549,1
53320418,1
53305336,1
53320759,1
53310866,1
53316492,1
53266774,1
53123863,1
53186158,1
53271744,1
53296450,1
53299192,1
53296319,1
53303067,1
53225816,1
53316856,1
53321361,1
53322687,1
53320000,1
53313149,1
53300985,1
53282964,1
53280269,1
53293923,1
53309619,1
53299600,1
53277534,1
53294231,1
53294177,1
53316200,1
53319014,1
53309618,1
53294102,1
53320760,1
53318147,1
53315299,1
53299852,1
53285126,1
53285204,1
53309956,1
53207925,1
53313756,1
53054170,4
53175999,1
53257730,1
53321152,1
53300140,1
53264252,1
53315808,1
53318618,1
53317090,1
53318734,1
53272529,1
53289508,1
53300869,1
53321597,1
53300814,1
53299493,1
53283039,1
53277402,1
53266416,1
53310547,1
53317475,1
53321568,1
53292748,1
53318815,1
53298410,1
53229838,1
53285780,1
53287338,1
53305114,1
53291561,1
53301413,1
53310865,1
53323800,1
53296280,1
53282721,1
53266057,1
53248067,1
53291023,1
53291053,1
53313222,1
53280048,1
53307721,1
53267445,1
53322979,1
53318934,1
53307821,1
53295425,1
53287218,1
53298409,1
53305121,1
53285948,1
53211515,1
53290180,1
53309739,1
53297240,1
53312737,1
53283452,1
53300306,1
53250789,1
53293754,1
53289509,1
53287061,1
53318782,1
53324239,1
53295234,1
53305011,1
53281591,1
53325744,1
53327178,1
53327179,1
53257046,1
53282247,1
53284790,1
53299842,1
53303861,1
53262620,1
53317921,1
53304157,1
53291399,1
53301440,1
53316346,1
53230045,1
53269324,1
53315329,1
53315268,1
53185920,1
53304603,1
53293735,1
53161440,1
53275374,1
53313024,1
53282540,1
53278148,1
53279986,1
53310386,1
53318690,1
53278648,1
53300711,1
53325697,1
53316008,1
53325745,1
53186710,1
53310546,1
53320263,1
53321527,1
53283014,1
53286957,1
53327115,1
53305010,1
53320314,1
53287005,1
53289783,1
53317857,1
53316284,1
53323519,1
53291661,1
53316457,1
53313597,1
53316491,1
53327562,1
53264251,1
53266052,1
53318369,1
53240013,1
53216455,1
53293924,1
53325553,1
53319921,1
53322674,1
53304990,1
53291311,1
53329908,1
53329872,1
53327116,1
53238812,1
53322980,1
53293978,1
53328920,1
53296158,1
53323518,1
53326417,1
53321941,1
53301412,1
53280566,1
53288822,1
53316360,1
53274041,1
53169473,1
53316599,1
53305621,1
53329457,1
53316974,1
53183422,1
53286706,1
53259194,1
53326769,1
53303066,1
53291052,1
53278649,1
53319922,1
53321454,1
53328226,1
53315909,1
53236061,1
53327114,1
53321735,1
53324301,1
53288813,1
53316155,1
53318937,1
53326004,1
53294262,1
53296848,1
53312362,1
53317967,1
53316285,1
53324555,1
53320729,1
53308072,1
53276761,1
53302572,1
53329010,1
53323737,1
53316347,1
53329187,1
53252056,1
53324887,1
53286598,1
53322327,1
53329528,1
53325067,1
53285404,1
53294824,1
53293668,1
53313023,1
53321353,1
53325304,1
53303237,1
53288350,1
53302011,1
53317077,1
53314420,1
53322816,1
53287219,1
53329871,1
53329910,1
53332663,1
53320396,1
53306332,1
53283069,1
53317479,1
53320395,1
53330074,1
53317956,1
53327255,1
53279123,1
53326298,1
53318285,1
53317922,1
53185668,1
53238234,1
53319302,1
53291714,1
53307402,1
53332151,1
53315627,1
53316755,1
53278485,1
53283776,1
53333593,1
53294881,1
53282705,1
53331003,1
53286761,1
53332519,1
53316009,1
53072008,4
53318755,1
53329886,1
53313265,1
53298662,1
53285991,1
53305044,1
53326063,1
53330073,1
53243666,1
53251474,1
53283240,1
53310841,1
53332976,1
53282493,1
53278149,1
53310273,1
53292169,1
53308644,1
53320256,1
53308804,1
53291233,1
53326962,1
53317538,1
53329885,1
53320257,1
53321565,1
53305120,1
53325644,1
53325716,1
53306638,1
53326078,1
53313757,1
53253121,1
53308509,1
53297751,1
53309068,1
53263732,1
53293931,1
53332627,1
53334300,1
53277533,1
53330190,1
53314832,1
53324558,1
53262659,1
53335685,1
53326297,1
53319167,1
53302396,1
53319148,1
53262811,1
53316527,1
53323906,1
53187151,1
53315692,1
53332277,1
53315807,1
53300069,1
53285400,1
53308805,1
53217904,1
53321354,1
53307865,1
53316079,1
53323116,1
53295535,1
53307822,1
53292656,1
53319007,1
53334299,1
53191132,1
53288599,1
53261342,1
53317856,1
53250090,1
53142048,1
53304322,1
53317955,1
53316436,1
53337665,1
53308745,1
53333287,1
53321338,1
53310367,1
53274459,1
53310274,1
53281307,1
53307658,1
53333639,1
53317091,1
53339496,1
53310510,1
53316150,1
53321579,1
53332689,1
53235308,1
53301399,1
53306914,1
53332921,1
53320686,1
53275075,1
53288814,1
53335689,1
53273835,1
53321940,1
53329193,1
53058892,4
53252234,1
53332150,1
53334958,1
53329458,1
53332278,1
53250748,1
53313889,1
53322420,1
53286762,1
53327965,1
53316975,1
53331002,1
53304941,1
53309069,1
53332462,1
53321450,1
53294882,1
53333773,1
53336676,1
53332581,1
53306645,1
53335399,1
53313338,1
53329907,1
53314823,1
53316113,1
53311984,1
53339578,2
53316112,1
53313576,1
53306915,1
53315300,1
53277806,1
53293317,1
53338449,1
53309629,1
53315362,1
53331961,1
53223763,1
53334875,1
53293534,1
53315729,1
53341727,1
53292282,1
53300557,1
53321548,1
53329739,1
53329740,1
53288416,1
53332655,1
53298479,1
53320262,1
53327126,1
53325698,1
53332656,1
53309738,1
53338275,1
53238323,1
53321927,1
53335688,1
53296159,1
53309911,1
53197107,1
53319426,1
53272706,1
53258899,1
53341583,1
53322305,1
53313090,1
53304760,1
53318685,1
53307617,1
53321526,1
53322421,1
53313221,1
53322782,1
53328373,1
53294033,1
53311983,1
53277455,1
53280336,1
53327288,1
53320417,1
53335513,1
53335591,1
53339791,1
53342716,1
53339974,1
53328919,1
53341117,1
53339975,1
53310840,1
53312580,1
53341187,1
53343874,1
53335686,1
53329117,1
53315439,1
53323736,1
53316449,1
53257704,1
53293676,1
53326770,1
53293932,1
53191693,1
53311555,1
53340694,1
53331222,1
53314822,1
53321564,1
53342402,1
53343752,1
53320313,1
53338274,1
53342380,1
53334283,1
53343753,1
53324559,1
53342705,1
53332846,1
53338420,1
53338410,1
53321819,1
53329118,1
53313493,1
53331943,1
53329453,1
53325066,1
53300113,1
53340607,1
53294823,1
53344443,1
53283985,1
53322326,1
53344491,1
53344706,1
53343493,1
53343525,1
53326971,1
53335308,1
53324300,1
53234678,1
53327039,1
53342346,1
53339577,1
53334208,1
53304011,1
53335527,1
53346516,1
53332813,1
53338411,1
53339902,1
53346543,1
53320641,1
53342717,1
53331773,1
53328832,1
53305344,1
53326003,1
53304323,1
53338450,1
53294368,1
53332975,1
53345856,1
53308084,1
53279482,1
53326418,1
53345840,1
53340240,1
53092609,4
53334957,1
53313888,1
53266051,1
53333286,1
53333419,1
53324006,1
53333594,1
53340678,1
53332384,1
53208236,1
53281191,1
53267389,1
53319999,1
53343556,1
53345004,1
53343527,1
53320023,1
53346454,3
53346453,3
53345262,1
53324495,1
53334447,1
53334503,1
53317775,1
53285970,1
53331739,1
53233561,1
53331869,1
53332922,1
53320787,1
53240880,1
53180480,1
53310408,1
53307585,1
53325668,1
53300353,1
53328372,1
53336420,1
53329772,1
53295324,1
53343662,1
53273341,1
53333909,1
53310368,1
53346354,1
53317076,1
53319911,1
53314449,1
53343663,1
53313237,1
53329882,1
53343683,1
53309588,1
53345160,1
53317774,1
53326079,1
53349348,1
53312581,1
53312555,1
53315330,1
53329259,1
53310070,1
53345676,1
53345677,1
53316456,1
53276876,1
53246964,1
53246965,1
53326875,1
53300556,1
53318583,1
53346270,1
53304937,1
53325645,1
53347575,1
53321549,1
53350458,1
53350588,1
53310616,1
53329883,1
53336747,1
53273405,1
53327127,1
53345261,1
53346515,1
53336865,1
53323175,1
53340944,1
53349347,1
53334514,1
53328874,1
53346634,1
53331772,1
53341100,1
53304545,1
53341154,1
53280610,1
53299100,1
53279891,1
53341475,1
53351708,1
53332520,1
53350191,1
53318637,1
53347678,1
53331294,1
53349086,1
53324322,1
53320307,1
53338113,1
53301141,1
53335386,1
53328833,1
53342194,1
53350690,1
53329976,1
53324491,1
53310595,1
53342694,1
53318001,1
53349401,1
53331738,1
53315442,1
53331834,1
53316464,1
53217117,1
53348654,1
53278035,1
53304649,1
53329527,1
53329549,1
53333394,1
53322670,1
53351707,1
53330388,1
53347241,1
53304860,1
53344707,1
53340733,1
53347677,1
53283095,1
53327040,1
53314457,1
53328613,1
53348056,1
53305036,1
53196688,1
53352154,1
53312300,1
53337171,1
53319147,1
53346594,1
53352140,1
53342695,1
53265847,1
53316292,1
53244795,1
53312640,1
53293535,1
53309869,1
53337666,1
53335004,1
53337832,1
53346041,1
53333482,1
53321378,1
53310228,1
53347232,1
53340693,1
53324033,1
53277225,1
53333772,1
53351856,1
53350459,1
53320304,1
53332774,1
53330071,1
53319008,1
53303947,1
53345281,1
53324505,1
53349463,1
53321088,1
53345841,1
53331992,1
53197909,1
53324709,1
53324708,1
53266179,1
53266184,1
53304650,1
53332381,1
53333640,1
53318733,1
53338035,1
53318756,1
53339487,1
53350412,1
53354655,1
53353465,1
53336677,1
53339826,1
53329977,1
53339901,1
53349370,1
53353964,1
53348256,1
53346679,1
53115366,4
53348544,1
53351262,1
53348565,1
53335083,1
53316530,1
53354372,1
53313091,1
53338917,1
53333695,1
53314195,1
53347796,1
53333967,1
53356177,1
53320308,1
53349231,3
53342347,1
53354777,1
53310576,1
53338356,1
53309628,1
53299743,1
53354878,1
53346635,1
53357706,1
53353974,1
53297015,1
53308149,1
53298790,1
53356957,1
53325057,1
53310085,1
53323941,1
53316919,1
53333418,1
53357191,1
53333395,1
53292102,1
53288371,1
53355828,1
52938462,5
53339566,1
53343557,1
53351871,1
53354677,1
53345282,1
53342292,1
53354776,1
53301348,1
53357517,1
53346595,1
53325986,1
53351274,1
53331962,1
53235475,1
53328835,1
53349464,1
53357762,1
53326284,1
53319216,1
53305510,1
53359750,1
53358060,1
53358059,1
53338897,1
53341901,1
53343528,1
53343526,1
53349112,1
53358763,1
53342293,1
53334050,1
53360249,1
53353459,1
53323049,1
53335370,1
53330072,1
53324556,1
53330189,1
53305343,1
53352167,1
53297014,1
53322063,1
53286451,1
53310136,1
53341690,1
53360001,1
53248729,1
53349358,1
53360260,1
53350587,1
53336806,1
53336866,1
53356212,1
53318913,1
53340073,1
53328834,1
53359275,1
53356604,1
53340257,1
53331942,1
53304531,1
53317890,1
53354940,1
53299947,1
53312980,1
53362474,1
53310143,1
53358231,1
53332380,1
53344575,1
53361078,1
53351616,1
53339214,1
53344822,1
53354496,1
53268238,1
53340910,1
53347972,1
53342252,1
53350818,1
53353727,1
53346655,1
53339825,1
53351153,1
53334515,1
53359199,1
53348328,1
53357763,1
53352235,1
53319254,1
53308137,1
53342997,1
53207923,1
53326747,1
53183314,1
53188897,1
53362475,1
53345949,1
53335125,1
53358522,1
53310350,1
53347242,1
53322815,1
53327049,1
53332690,1
53358946,1
53358947,1
53342441,1
53340941,1
53334051,1
53269141,1
53357516,1
53361784,1
53352047,1
53305322,1
53354869,1
53339792,1
53349369,1
53364804,1
53348545,1
53318284,1
53352304,1
53355014,1
53360646,1
53348732,1
53359749,1
53336234,1
53341582,1
53354371,1
53310135,1
53337892,1
53313055,1
53332535,1
53326970,1
53321362,1
53357369,1
53357397,1
53339497,1
53351872,1
53204649,1
53354654,1
53347795,1
53305052,1
53332662,1
53294111,1
53361769,1
53365798,1
53321820,1
53346656,1
53284791,1
53304362,1
53316526,1
53365251,1
53366217,1
53319425,1
53333237,1
53326963,1
53350189,1
53347576,1
53342195,1
53336746,1
53366926,1
53367216,1
53363040,1
53352073,1
53365735,1
53364688,1
53364687,1
53335592,1
53367370,1
53362070,1
53342812,1
53332853,1
53362206,1
53366050,1
53321089,1
53191416,1
53316528,1
53210899,1
53348733,1
53344404,1
53344459,1
53303236,1
53361394,1
53354495,1
53351848,1
53349111,1
53335369,1
53367018,1
53350404,1
53362982,1
53365770,1
53361646,1
53362975,1
53365769,1
53360461,1
53318000,1
53349486,1
53309589,1
53341099,1
53360478,1
53365920,1
53315140,1
52916979,5
53329258,1
53356956,1
53324750,1
53244796,1
53338616,1
53346872,1
53264449,1
53348875,1
53341527,1
53267003,1
53348893,1
53357340,1
53340734,1
53357359,1
53365646,1
53351950,1
53350497,1
53358893,1
53364451,1
53353277,1
53368427,1
53365719,1
53354696,1
53331295,1
53349230,3
53345230,1
53312301,1
53370234,1
53349396,1
53328995,1
53345493,1
53318082,1
53351208,1
53315361,1
53370534,1
53291508,1
53197912,1
53367976,1
53219972,1
53279720,1
53368910,1
53357009,1
53335003,1
53368040,1
53335084,1
53341474,1
53360812,1
53340608,1
53336235,1
53333667,1
53369345,1
53357140,1
53353240,1
53344829,1
53357339,1
53335309,1
53357398,1
53367215,1
53369955,1
53365856,1
53370103,1
53280358,1
53354879,1
53368611,1
53329909,1
53368610,1
53348327,1
53365985,1
53301685,1
53364857,1
53370341,1
53264097,1
53251735,1
53265848,1
53355075,1
53269708,1
53368909,1
53357982,1
53346871,1
53283684,1
53355364,1
53350192,1
53275911,1
53344574,1
53329477,1
53349194,1
53360183,1
53361645,1
53325715,1
53353203,1
53371212,1
53314833,1
53202060,1
53324496,1
53365736,1
53368550,1
53359200,1
53345434,1
53342773,1
53357603,1
53327289,1
53363263,1
53371560,1
53359646,1
53197106,1
53346190,1
53371997,1
53348868,1
53335126,1
53335263,1
53332461,1
53366925,1
53372453,1
53346503,1
53360184,1
53361573,1
53371151,1
53371203,1
53369954,1
53369856,1
53350498,1
53360426,1
53342704,1
53348095,1
53373106,1
53355015,1
53355011,1
53331946,1
53371559,1
53333514,1
53348892,1
53370916,1
53344366,1
53372452,1
53357243,1
53350405,1
53353264,1
53371096,1
53369963,1
53349318,1
53304926,1
53354676,1
53373996,1
53310749,1
53372720,1
53372905,1
53354843,1
53357602,1
53345433,1
53339709,1
53341238,1
53363254,1
53346756,1
53373105,1
53351209,1
53308005,1
53329188,1
53343318,1
53360811,1
53304861,1
53349913,1
53162368,4
53359881,1
53329814,1
53127581,4
53329773,1
53338114,1
53350482,1
53376761,1
53365775,1
53347859,1
53334480,1
53370320,1
53368598,1
53376978,1
53377016,1
53331993,1
53351263,1
53360424,1
53362071,1
53360477,1
53346727,1
53371517,1
53316754,1
53299191,1
53322086,1
53341480,1
53350036,1
53329548,1
53323907,1
53347133,1
53318598,1
53347774,1
53315916,1
53292178,1
53374990,1
53376600,1
53334284,1
53351855,1
53354716,1
53351949,1
53376783,1
53350817,1
53339710,1
53365897,1
53376977,1
53304116,1
53294263,1
53357707,1
53363246,1
53371647,1
53363386,1
53241994,1
53363469,1
53341341,1
53357981,1
53348869,1
53348789,1
53344295,1
53379204,1
53354393,1
53369512,1
53374969,1
53376655,1
53364310,1
53353263,1
53376690,1
53360250,1
53343600,1
53373997,1
53353419,1
53349319,1
53370102,1
53352089,1
53374183,1
53320730,1
53375834,1
53367572,1
53375835,1
53342998,1
53316413,1
53365216,1
53343873,1
53356970,1
53257784,1
53374568,1
53348903,1
53369346,1
53329454,1
53351667,1
53377752,1
53374991,1
53353092,1
53372483,1
53356086,1
53362974,1
53341043,1
53353460,1
53350623,1
53378477,1
53335528,1
53340054,1
53346726,1
53379769,1
53378789,1
53376058,1
53363279,1
53378788,1
53381618,1
53355076,1
53365921,1
52979446,5
53298789,1
53322232,1
53277396,1
53379205,1
53342401,1
53361270,1
53371152,1
53353420,1
53375255,1
53331271,1
53367019,1
53351937,1
53379565,1
53379564,1
53369962,1
53374164,1
53382393,1
53376911,1
53376973,1
53345159,1
53374191,1
53356812,1
53356631,1
53370335,1
53365125,1
53382613,1
53362152,1
53348564,1
53374412,1
53309910,1
53162497,4
53337831,1
53372176,1
53338916,1
53335205,1
53321580,1
53382077,1
53364129,1
53333908,1
53336431,1
53294034,1
53355829,1
53383373,1
53375254,1
53353278,1
53350397,1
53383462,1
53360127,1
53380884,1
53380883,1
53379488,1
53378020,1
53369789,1
53380927,1
53367089,1
53372974,1
53317478,1
53352048,1
53346502,1
53361785,1
53382445,1
53370321,1
53360559,1
53382446,1
53363247,1
53359453,1
53186082,1
53370888,1
53384614,1
53324966,1
53294694,1
53350322,1
53381946,1
53365297,1
53373585,1
53315908,1
53377751,1
53344490,1
53372272,1
53344978,1
53361768,1
53378021,1
53348055,1
53371302,1
53369857,1
53365799,1
53374190,1
53376876,1
53346755,1
53381286,1
53353935,1
53353728,1
53363253,1
53352090,1
53373071,1
53247215,1
53356797,1
53379768,1
53170392,4
53344377,1
53338587,1
53385673,1
53340673,1
53357139,1
53205453,1
53384971,1
53366991,1
53376760,1
53351981,1
53211104,1
53350321,1
53376689,1
53352155,1
53386529,1
53376782,1
53372721,1
53364805,1
53378661,1
53386839,1
53385245,1
53381686,1
53214796,1
53319565,1
53385672,1
53355509,1
53341900,1
53382076,1
53339213,1
53384862,1
53307584,1
53385000,1
53385001,1
53368428,1
53352074,1
53378321,1
53361749,1
53363039,1
53382384,1
53370303,1
53374165,1
53370282,1
53348257,1
53379709,1
53382518,1
53307009,1
53359629,1
53316414,1
53352391,1
53373502,1
53379042,1
53384615,1
53340674,1
53365298,1
53371804,1
53340677,1
53373745,1
53370915,1
53361077,1
52954473,5
53341650,1
53322673,1
53388820,1
53361393,1
53333668,1
53384863,1
53350413,1
53364130,1
53371114,1
53384955,1
53371204,1
53329813,1
53371095,1
53382383,1
53385190,1
53359060,1
53381222,1
53354857,1
53360402,1
53365004,1
53335651,1
53384236,1
53348264,1
53356796,1
53382488,1
53219220,1
53373586,1
53362630,1
53390170,1
53343599,1
53366776,1
53359919,1
53388819,1
53365718,1
53387778,1
53379487,1
53386530,1
53354827,1
53306281,1
53379573,1
53381199,1
53306637,1
53339971,1
53373359,1
53381565,1
53389874,1
53338586,1
53312979,1
53366218,1
53379236,1
53348913,1
53388752,1
53355363,1
53365529,1
53390318,1
53390317,1
53358521,1
53369715,1
53388968,1
53382237,1
53382239,1
53384969,1
53346534,1
53362980,1
53348557,1
53368649,1
53362110,1
53384237,1
53382576,1
53389875,1
53384509,1
53133701,4
53366384,1
53369077,1
53354315,1
53358316,1
53335262,1
53380482,1
53371012,1
53341689,1
53385996,1
53341918,1
53386330,1
53371182,1
53387748,1
53365679,1
53342285,1
53374006,1
53364452,1
53358764,1
53387874,1
53337172,1
53177715,4
53321928,1
53324749,1
53342951,1
53381755,1
53288031,1
53296320,1
53366385,1
53370901,1
53377493,1
53380412,1
53328353,1
53283984,1
53385958,1
53387749,1
53379294,1
53384903,1
53388967,1
53384954,1
53361574,1
53383683,1
53364102,1
53371165,1
53387779,1
53380928,1
53393283,1
53384047,1
53303946,1
53370334,1
53379847,1
53212205,1
53252270,1
53387357,1
53380023,1
53348902,1
53370773,1
53393811,1
53381860,1
53390248,1
53366656,1
53391532,1
53365528,1
53369511,1
53379354,1
53390443,1
53368269,1
53372437,1
53386398,1
53360128,1
53376674,1
53382238,1
53312423,1
53393345,1
53387875,1
53390627,1
53384046,1
53353973,1
53341188,1
53396365,1
53364856,1
53392836,1
53379120,1
53326845,1
53371766,1
53349054,1
53329903,1
53397271,1
53364303,1
53380847,1
53380848,1
53365857,1
53365749,1
53375587,1
53362960,1
53386840,1
53313356,1
53392589,1
53362111,1
53378846,1
53382556,1
53376059,1
53382557,1
53136810,4
53391021,1
53252633,1
53380129,1
53391473,1
53363786,1
53355481,1
53343462,1
53354518,1
53383372,1
53372482,1
53384852,1
53397316,1
53390482,1
53375441,1
53389099,1
53365712,1
53383463,1
53376739,1
53376673,1
53371183,1
53393284,1
53332582,1
53397513,1
53371301,1
53378172,1
53329869,1
53397820,1
53374047,1
53341212,1
53389640,1
53371492,1
53399088,1
53230983,1
53379848,1
53371646,1
53390064,1
53381826,1
53348860,1
53363799,1
53377649,1
53366641,1
53314533,1
53379101,1
53391518,1
53350190,1
53390306,1
53380483,1
53355726,1
53249761,1
53390417,1
53393128,1
53349087,1
53397272,1
53389147,1
53393187,1
53397397,1
53397517,1
53389148,1
53389331,1
53377015,1
53385244,1
53371429,1
53370281,1
53382487,1
53396364,1
53400881,1
53395526,1
53271341,1
53266037,1
53379022,1
53324052,1
53368057,1
53376373,1
53391519,1
53366640,1
53394257,1
53329535,1
53393089,1
53332534,1
53377724,1
53375356,1
53397398,1
53382236,1
53354868,1
53341070,1
53372904,1
53386976,1
53360645,1
53356813,1
53382614,1
53334841,1
53181458,4
53272241,1
53294486,1
53373610,1
53314409,1
53392929,1
53377479,1
53348800,1
53395705,1
53361269,1
53401292,1
53371113,1
53310380,1
53386201,1
53375334,1
53362983,1
53269142,1
53397514,1
53282957,1
53379695,1
53390757,1
53375877,1
53319217,1
53403316,1
53371330,1
53362361,1
53399075,1
53367571,1
53399132,1
53365217,1
53396479,1
53379940,1
53357071,1
53401188,1
53348975,1
53390169,1
53377648,1
53379332,1
53368301,1
53402911,1
53396003,1
53374046,1
53401544,1
53394829,1
53368549,1
53335672,1
53387931,1
53396330,1
53403571,1
53401888,1
53388101,1
53373358,1
53403788,1
53379939,1
53354400,1
53370772,1
53374886,1
53366717,1
53373792,1
53336530,1
53365713,1
53356213,1
53402910,1
53401580,1
53367088,1
53387932,1
53359276,1
53385189,1
53403322,1
53370535,1
53396329,1
53403581,1
53399101,1
53399102,1
53393593,1
53384510,1
53313600,1
53357010,1
53329440,1
53327644,1
53390132,1
53402052,1
53371993,1
53380413,1
53363798,1
53385818,1
53372177,1
53399806,1
53384884,1
53405604,1
53352873,1
53397315,1
53328486,1
53407076,1
53406126,1
53407188,1
53399087,1
53368670,1
53363262,1
53390758,1
53377028,1
53279425,1
53312554,1
53334862,1
53363396,1
53406563,1
53373589,1
53318370,1
53368010,1
53406564,1
53315626,1
53395704,1
53403934,1
53374876,1
53338992,1
53395832,1
53369244,1
53354519,1
53275751,1
53379353,1
53406914,1
53376633,1
53396025,1
53397199,1
53371011,1
53376889,1
53389281,1
53375442,1
53390626,1
53405836,1
53342750,1
53375840,1
53385157,1
53367743,1
53309864,1
53370340,1
53389778,1
53407367,1
53279634,1
53401807,1
53384370,1
53367975,1
53401032,1
53252299,1
53399262,1
53381900,1
53381825,1
53381967,1
53401189,1
53311209,1
53385817,1
53383025,1
53398534,1
53394250,1
53408018,1
53386357,1
53404138,1
53406915,1
53409809,1
53385158,1
53376890,1
53383792,1
53386358,1
53395092,1
53342952,1
53409981,1
53400666,1
53404714,1
53392835,1
53380128,1
53385959,1
53404040,1
53402462,1
53406877,1
53373760,1
53375355,1
53397198,1
53409728,1
53400026,1
53409748,1
53407044,1
53386397,1
53407043,1
53407189,1
53384229,1
53408924,1
53384228,1
53401761,1
53390808,1
53316516,1
53373501,1
53409317,1
53409316,1
53410286,1
53410287,1
53399263,1
53385710,1
53184668,4
53316822,1
53398391,1
53388367,1
53407960,1
53390403,1
53329613,1
53410886,1
53394308,1
53396024,1
53394249,1
53336531,1
53395992,1
53398800,1
53407075,1
53409836,1
53394534,1
53412566,1
53411358,1
53411359,1
53385122,1
53401767,1
53401768,1
53364777,1
53411622,1
53310748,1
53287898,1
53380117,1
53410475,1
53409353,1
53373609,1
53381901,1
53382147,1
53394182,1
53393090,1
53406878,1
53351847,1
53409831,1
53409907,1
53396000,1
53407102,1
53412567,1
53373979,1
53333966,1
53407234,1
53367369,1
53411493,1
53389425,1
53366049,1
53343905,1
53404478,1
53332852,1
53393344,1
53412809,1
53381685,1
53406378,1
53407348,1
53375934,1
53400880,1
53341340,1
53393957,1
53410598,1
53374569,1
53398453,1
53376467,1
53351746,1
53385997,1
53412299,1
53371994,1
53351692,1
53389332,1
53390444,1
53412565,1
53380961,1
53413854,1
53378150,1
53391883,1
53401517,1
53381285,1
53369788,1
53400341,1
53401741,1
53362205,1
53389779,1
53410126,1
53390753,1
53415596,1
53390825,1
53388100,1
53406515,1
53399131,1
53412054,1
53371803,1
53338020,1
53382843,1
53413397,1
53407939,1
53415989,1
53349053,1
53413477,1
53412306,1
53412380,1
53384762,1
53359861,1
53398738,1
53416907,1
53393507,1
53386690,1
53411494,1
53379735,1
53373072,1
53374209,1
53410027,1
53415597,1
53393594,1
53131903,4
53412055,1
53359920,1
53390247,1
53414953,1
53409522,1
53386200,1
53394292,1
53416609,1
53404139,1
53409703,1
53400119,1
53389100,1
53415370,1
53416906,1
53376847,1
53359454,1
53401740,1
53412765,1
53408883,1
53345165,1
53334840,1
53344080,1
53354245,1
53416017,1
53393810,1
53410599,1
53333513,1
53397224,1
53385025,1
53415431,1
53408512,1
53403186,1
53411396,1
53418225,1
53386637,1
53416945,1
53418207,1
53356439,1
53385209,1
53368894,1
53349400,1
53400771,1
53407349,1
53382575,1
53375987,1
53412986,1
53396665,1
53415928,1
53412153,1
53417674,1
53395736,1
53388368,1
53407556,1
53401317,1
53355482,1
53338036,1
53412305,1
53416182,1
53384763,1
53416608,1
53407007,1
53380802,1
53394815,1
53372879,1
53386759,1
53419809,1
53417068,1
53404572,1
53384506,1
53359628,1
53395486,1
53095407,5
53402340,1
53413651,1
53366796,1
53363787,1
53393127,1
53406822,1
53412433,1
53401291,1
53390418,1
53390389,1
53397189,1
53394633,1
53397573,1
53415385,1
53378476,1
53418208,1
53408884,1
53384054,1
53422962,1
53390826,1
53412887,1
53407453,1
53407389,1
53401831,1
53395525,1
53386990,1
53329441,1
53420419,1
53421460,1
53308575,1
53377492,1
53402465,1
53421620,1
53379493,1
53423432,1
53422049,1
53391971,1
53376632,1
53253969,1
53383793,1
52978656,5
53422559,1
53353584,1
53421056,1
53418382,1
53417249,1
53373195,1
53407330,1
53344294,1
53391150,1
53390125,1
53420420,1
53396478,1
53412152,1
53403945,1
53359793,1
53395872,1
53360037,1
53417886,1
53395871,1
53394521,1
53423433,1
53412400,1
53389306,1
53398801,1
53398739,1
53423590,1
53374210,1
53420893,1
53411395,1
53419536,1
53393380,1
53404429,1
53420974,1
53386790,1
53422773,1
53407366,1
53406516,1
53359577,1
53368039,1
53404039,1
53415990,1
53420428,1
53421614,1
53423340,1
53402520,1
53412536,1
53409747,1
53363887,1
53394535,1
53378151,1
53420807,1
53408923,1
53348974,1
53390683,1
53365774,1
53373948,1
53422558,1
53417250,1
53397978,1
53412764,1
53374137,1
53400926,1
53421227,1
53278014,1
53387353,1
53407683,1
53425871,1
53396612,1
53413000,1
53401171,1
53418749,1
53314458,1
53406831,1
53363886,1
53396888,1
53384885,1
53397004,1
53426178,1
53426183,1
53383470,1
53398864,1
53426363,1
53404479,1
53417067,1
53386789,1
53374048,1
53386867,1
53420973,1
53410066,1
53401832,1
53385285,1
53428289,1
53412866,1
53381756,1
53283453,1
53385711,1
53417676,1
53387536,1
53421613,1
53421615,1
53400001,1
53400041,1
53397003,1
53426028,1
53406732,1
53394520,1
53387700,1
53423403,1
53377815,1
53395993,1
53368340,1
53422396,1
53384055,1
53414059,1
53426585,1
53393508,1
53404571,1
53425601,1
53398159,1
53422963,1
53271507,1
53390063,1
53366351,1
53424290,1
53392976,1
53409729,1
53427405,1
53401336,1
53425022,1
53390353,1
53374005,1
53429150,1
53397572,1
53419810,1
53404430,1
53378660,1
53152348,4
53426584,1
53385284,1
53418445,1
53414681,1
53426600,1
53348556,1
53417420,1
53371798,1
53344458,1
53428712,1
53423153,1
53387507,1
53403944,1
53385782,1
53388962,1
53406741,1
53401391,1
53371166,1
53400230,1
53403187,1
53372878,1
53415340,1
53386760,1
53427877,1
53400393,1
53429230,1
53404562,1
53348395,1
53419796,1
53410065,1
53430988,1
53418507,1
53401179,1
53352556,1
53418701,1
53425872,1
53432601,1
53417792,1
53426112,1
53421612,1
53413727,1
53400108,1
53433097,1
53384867,1
53394816,1
53427878,1
53416994,1
53416944,1
53407329,1
53412808,1
53403317,1
53388332,1
53428563,1
53416096,1
53421540,1
53392975,1
53373799,1
53377478,1
53401163,1
53408019,1
53431600,1
53413909,1
53415184,1
53433096,1
53416704,1
53400118,1
53420892,1
53433354,1
53417419,1
53425523,1
53431110,1
53430987,1
53417346,1
53410153,1
53114340,5
53417554,1
53357047,1
53409319,1
53412987,1
53431411,1
53399604,1
53390126,1
53377397,1
53435152,1
53410438,1
53314408,1
53335204,1
53435463,1
53410723,1
53397213,1
53394459,1
53410722,1
53413720,1
53435840,1
53393188,1
53427620,1
53426508,1
53423684,1
53392164,1
53393550,1
53390812,1
53407390,1
53406127,1
53436748,1
53423980,1
53409406,1
53424088,1
53399593,1
53385897,1
53426014,1
53401316,1
53406832,1
53338019,1
53384970,1
53393069,1
53277401,1
53409679,1
53399951,1
53393351,1
53431945,1
53398868,1
53386977,1
53387994,1
53417315,1
53384505,1
53428504,1
53395485,1
53426657,1
53417719,1
53409405,1
53355510,1
53409555,1
53434420,1
53430233,1
53422048,1
53438430,1
53438436,1
53404277,1
53415183,1
53434697,1
53386991,1
53418249,1
53411635,1
53399076,1
53431191,1
53404795,1
53412085,1
53431408,1
53396827,1
53426926,1
53434273,1
53405133,1
53427554,1
53413993,1
53431679,1
53435839,1
53415198,1
53394622,1
53407103,1
53411621,1
53428254,1
53360460,1
53438056,1
53409454,1
53432602,1
53416175,1
53429862,1
53400040,1
53426088,1
53424732,1
53427553,1
53437128,1
53412535,1
53433266,1
53401393,1
53438678,1
53390699,1
53390759,1
53338372,1
53433632,1
53401760,1
53426509,1
53412865,1
53428655,1
53440552,1
53431412,1
53412981,1
53413476,1
53377342,1
53341933,1
53441230,1
53329963,1
53400058,1
53425021,1
53392165,1
53421062,1
53373376,1
53379043,1
53402109,1
53425862,1
53418700,1
53355817,1
53344979,1
53421459,1
53415044,1
53429896,1
53387508,1
53407985,1
53426299,1
53401545,1
53394776,1
53426411,1
53359304,1
53421050,1
53423778,1
53409964,1
53431944,1
53420931,1
53422968,1
53423904,1
53405973,1
53412970,1
53421127,1
53304646,1
53421497,1
53434989,1
53418506,1
53440551,1
53421262,1
53410476,1
53417679,1
53398535,1
53402547,1
53374877,1
53423481,1
53399952,1
53416747,1
53424818,1
53438431,1
53440043,1
53429151,1
53419535,1
53415576,1
53445833,1
53429345,1
53445948,1
53434062,1
53446096,1
53415927,1
53428562,1
53401390,1
53420665,1
53416628,1
53435646,1
53437172,1
53431678,1
53423587,1
53416737,1
53420861,1
53409965,1
53399012,1
53343904,1
53447397,1
53432026,1
53397821,1
53403755,1
53403789,1
53401031,1
53445947,1
53446039,1
53399592,1
53426927,1
53340650,1
53377274,1
53417791,1
53405301,1
53426295,1
53442663,1
53429057,1
53438594,1
53436013,1
53442935,1
53421048,1
53426601,1
53423934,1
53445020,1
53428550,1
53417678,1
53417764,1
53428764,1
53416255,1
53424523,1
53315999,1
53438276,1
53442664,1
53404112,1
53419206,1
53421621,1
53442709,1
53438562,1
53401581,1
53391972,1
53404466,1
53431963,1
53435943,1
53376706,1
53444235,1
53448350,1
53426410,1
53438958,1
53443020,1
53447396,1
53390813,1
53415637,1
53422772,1
53393381,1
53363395,1
53440793,1
53428765,1
53390131,1
53410626,1
53434272,1
53221440,4
53438679,1
53449561,1
53426362,1
53405837,1
53423635,1
53445516,1
53416738,1
53415386,1
53433513,1
53442919,1
53418239,1
53430681,1
53434698,1
53414551,1
53418240,1
53434759,1
53379736,1
53414312,1
53445832,1
53429346,1
53417505,1
53255743,1
53396265,1
53302026,1
53402461,1
53446465,1
53413387,1
53423634,1
53452362,1
53402670,1
53346544,1
53415142,1
53445517,1
53401518,1
53436012,1
53422397,1
53452822,1
53440312,1
53440311,1
53428255,1
53451352,1
53437582,1
53439498,1
53445939,1
53410223,1
53407486,1
53371797,1
53447928,1
53423345,1
53405302,1
53400155,1
53453707,1
53451017,1
53430301,1
53423683,1
53373978,1
53437427,1
53376943,1
53434685,1
53441856,1
53281995,1
53420986,1
53429398,1
53451312,1
53346680,1
53423879,1
53367898,1
53396826,1
53435282,1
53424233,1
53360013,1
53377341,1
53428901,1
53398414,1
53419117,1
53428813,1
53453708,1
53388961,1
53448351,1
53429172,1
53433287,1
53453787,1
53405553,1
53411376,1
53411636,1
53452694,1
53434832,1
53436476,1
53442920,1
53452883,1
53445841,1
53436462,1
53453057,1
53451351,1
53403790,1
53410513,1
53387352,1
53429997,1
53437202,1
53435841,1
53431852,1
53410022,1
53430533,1
53414680,1
53436463,1
53437556,1
53431109,1
53425602,1
53428695,1
53420427,1
53428713,1
53421575,1
53434419,1
53427406,1
53434401,1
53321532,1
53402835,1
53452361,1
53446855,1
53440152,1
53455299,1
53325719,1
53455298,1
53413994,1
53456703,1
53419677,1
53428288,1
53448619,1
53450199,1
53455514,1
53371574,1
53410113,1
53423903,1
53448693,1
53456011,1
53436907,1
53438275,1
53418748,1
53432544,1
53449368,1
53449246,1
53431599,1
53401394,1
53426087,1
53432693,1
53431698,1
53391884,1
53448300,1
53368669,1
53395370,1
53409949,1
53452697,1
53429229,1
53451386,1
53432151,1
53422932,1
53425522,1
53414873,1
53435281,1
53450639,1
53429996,1
53436968,1
53445256,1
53435645,1
53409595,1
53448197,1
53413910,1
53441517,1
53422537,1
53430682,1
53459350,1
53452882,1
53382406,1
53456721,1
53427836,1
53445667,1
53451162,1
53431082,1
53448581,1
53403754,1
53436927,1
53442392,1
53451924,1
53399769,1
53425884,1
53442439,1
53459147,1
53450888,1
53437215,1
53431902,1
53400027,1
53407235,1
53459469,1
53456736,1
53445585,1
53450302,1
53432161,1
53398390,1
53407772,1
53421539,1
53445157,1
53445219,1
53439670,1
53388561,1
53442508,1
53450755,1
53461827,1
53454759,1
53446594,1
53384877,1
53441301,1
53453734,1
53442822,1
53451064,1
53401579,1
53459261,1
53400386,1
53462082,1
53422508,1
53444632,1
53456642,1
53450198,1
53445714,1
53429399,1
53458476,1
53458232,1
53459468,1
53439416,1
53461393,1
53432162,1
53448639,1
53180481,4
53331973,1
53413044,1
53407467,1
53436870,1
53428634,1
53458953,1
53383024,1
53462933,1
53448155,1
53413650,1
53423497,1
53413726,1
53452505,1
53398736,1
53437444,1
53449906,1
53453996,1
53462234,1
53371638,1
53437581,1
53454099,1
53371573,1
53447775,1
53429628,1
53410887,1
53359303,1
53409835,1
53460733,1
53442673,1
53442672,1
53445722,1
53443002,1
53390711,1
53419446,1
53335673,1
53463878,1
53276829,1
53443456,1
53424087,1
53439926,1
53432833,1
53460358,1
53464640,1
53450859,1
53397212,1
53405741,1
53347773,1
53427985,1
53434553,1
53416629,1
53414445,1
53444852,1
53443019,1
53420043,1
53425409,1
53443156,1
53466868,1
53456818,1
53381859,1
53419018,1
53443573,1
53434400,1
53423441,1
53437428,1
53449905,1
53466428,1
53464985,1
53447629,1
53445701,1
53440348,1
53355125,1
53469611,1
53466974,1
53447774,1
53437959,1
53456136,1
53442391,1
53440005,1
53466160,1
53441269,1
53448304,1
53460871,1
53418062,1
53452693,1
53447167,1
53452506,1
53409059,1
53456649,1
53437557,1
53443157,1
53469610,1
53236578,4
53205143,4
53446086,1
53440792,1
53443353,1
53442440,1
53409596,1
53413721,1
53423482,1
53412399,1
53414060,1
53451035,1
53429015,1
53445849,1
53429213,1
53462199,1
53432025,1
53407466,1
53432241,1
53438057,1
53409668,1
53419303,1
53417763,1
53450860,1
53448056,1
53456271,1
53438595,1
53439925,1
53463151,1
53468874,1
53448328,1
53463451,1
53392516,1
53427666,1
53455513,1
53426292,1
53464890,1
53442165,1
53462406,1
53412980,1
53436828,1
53429797,1
53432559,1
53081588,5
53437127,1
53456424,1
53443849,1
53433075,1
53430668,1
53473020,1
53433355,1
53464989,1
53436477,1
53444467,1
53464900,1
53356426,1
53462235,1
53426474,1
53452823,1
53327563,1
53448638,1
53472439,1
53425883,1
53407555,1
53472597,1
53459974,1
53412249,1
53450751,1
53456256,1
53470088,1
53437065,1
53430360,1
53429016,1
53451060,1
53459262,1
53426473,1
53420158,1
53404467,1
53450093,1
53405958,1
53469336,1
53466427,1
53454001,1
53470537,1
53451337,1
53466869,1
53436797,1
53454158,1
53459653,1
53454314,1
53436946,1
53445226,1
53434132,1
53439784,1
53451723,1
53457477,1
53435381,1
53438563,1
53416381,1
53446611,1
53446820,1
53452492,1
53452448,1
53474388,1
53453813,1
53445702,1
53454100,1
53473186,1
53458430,1
53458475,1
53448618,1
53442166,1
53453193,1
53444851,1
53472453,1
53398735,1
53425863,1
53442524,1
53460159,1
53438374,1
53432754,1
53461919,1
53478515,1
53433518,1
53453814,1
53473185,1
53454157,1
53475965,1
53456791,1
53470565,1
53425560,1
53455935,1
53431081,1
53417555,1
53456131,1
53461651,1
53439576,1
53461663,1
53404018,1
53413396,1
53366777,1
53432876,1
53438419,1
53470256,1
53478409,1
53456562,1
53456561,1
53455488,1
53480313,1
53447628,1
53461117,1
53439497,1
53478820,1
53426027,1
53437958,1
53355519,1
53464447,1
53478142,1
53476485,1
53471014,1
53460562,1
53466161,1
53464760,1
53477435,1
53467623,1
53463604,1
53469391,1
53458275,1
53456819,1
53453997,1
53422933,1
53446095,1
53448843,1
53464352,1
53457254,1
53429923,1
53462625,1
53456126,1
53467187,1
53454758,1
53459083,1
53380962,1
53441270,1
53409680,1
53476998,1
53437443,1
53448198,1
53431901,1
53445721,1
53480255,1
53462298,1
53456792,1
53432229,1
53349632,1
53472343,1
53461582,1
53454315,1
53434078,1
53458952,1
53428656,1
53448917,1
53472596,1
53464436,1
53464315,1
53473928,1
53460160,1
53448157,1
53448233,1
53441454,1
53428900,1
53471702,1
53453800,1
53456448,1
53452435,1
53467622,1
53433631,1
53448580,1
53453058,1
53462299,1
53338419,1
53421498,1
53459823,1
53473900,1
53435482,1
53432560,1
53461828,1
53468518,1
53462891,1
53449562,1
53464639,1
53483733,1
53456321,1
53478375,1
53478314,1
53467534,1
53471562,1
53415357,1
53448299,1
53415532,1
53452886,1
53477500,1
53477436,1
53480121,1
53456704,1
53461302,1
53398158,1
53459985,1
53460100,1
53434106,1
53483889,1
53463605,1
53451034,1
53456650,1
53477293,1
53474759,1
53464955,1
53440166,1
53464986,1
53454002,1
53459434,1
53464013,1
53472440,1
53414446,1
53480662,1
53470634,1
53466975,1
53406685,1
53484457,1
53464351,1
53476396,1
53482102,1
53404111,1
53451923,1
53429627,1
53460657,1
53461918,1
53451059,1
53459186,1
53475863,1
53486869,1
53437552,1
53466816,1
53472344,1
53481587,1
53422969,1
53410222,1
53459679,1
53428549,1
53484394,1
53448842,1
53453506,1
53459185,1
53455113,1
53435842,1
53424817,1
53460475,1
53482539,1
53474277,1
53485255,1
53460785,1
53485396,1
53458231,1
53456612,1
53486660,1
53471804,1
53445404,1
53442826,1
53474612,1
53460842,1
53445772,1
53439550,1
53477916,1
53440379,1
53326529,1
53142047,5
53464366,1
53472452,1
53472577,1
53430080,1
53445227,1
53471399,1
53465674,1
53438112,1
53468702,1
53455003,1
53488161,1
53478509,1
53468951,1
53465055,1
53486838,1
53458665,1
53464990,1
53455834,1
53404796,1
53446404,1
53458856,1
53429556,1
53484685,1
53478134,1
53462934,1
53434498,1
53466008,1
53483872,1
53457886,1
53487965,1
53486661,1
53467491,1
53485296,1
53432034,1
53469435,1
53477488,1
53455701,1
53469337,1
53486868,1
53468072,1
53483570,1
53482101,1
53463452,1
53400059,1
53468703,1
53468873,1
53475798,1
53494094,1
53451311,1
53461212,1
53465442,1
53174127,5
53469922,1
53486433,1
53456381,1
53430361,1
53467451,1
53487966,1
53468799,1
53467490,1
53367170,1
53469434,1
53470489,1
53484105,1
53470488,1
53470536,1
53494095,1
53488549,1
53472101,1
53407454,1
53491609,1
53483404,1
53492563,1
53494388,1
53459822,1
53476393,1
53473630,1
53365247,1
53478116,1
53462890,1
53465741,1
53491946,1
53492060,1
53492061,1
53446856,1
53493653,1
53488162,1
53466418,1
53484104,1
53481456,1
53491608,1
53465241,1
53464365,1
53474047,1
53449341,1
53475568,1
53476915,1
53497535,1
53448305,1
53493643,1
53464708,1
53486757,1
53495042,1
53461301,1
53485840,1
53497879,1
53477847,1
53497154,1
53450717,1
53469764,1
53445345,1
53450640,1
53494611,1
53497536,1
53472820,1
53453733,1
53441168,1
53463286,1
53427575,1
53498925,1
53486669,1
53497669,1
53496437,1
53490949,1
53493865,1
53496723,1
53429171,1
53497880,1
53475864,1
53489950,1
53457036,1
53468115,1
53480735,1
53497196,1
53487340,1
53457077,1
53459038,1
53478030,1
53456183,1
53447931,1
53484814,1
53437106,1
53476849,1
53459037,1
53497373,1
53435390,1
53431783,1
53481088,1
53468718,1
53464825,1
53385134,1
53490604,1
53496272,1
53460552,1
53456449,1
53485185,1
53490894,1
53412434,1
53453879,1
53467581,1
53448232,1
53491062,1
53467580,1
53464899,1
53464956,1
53467750,1
53466817,1
53492432,1
53478690,1
53491720,1
53445204,1
53461650,1
53446403,1
53478097,1
53458961,1
53495767,1
53464535,1
53450863,1
53450875,1
53475501,1
53438437,1
53467346,1
53452449,1
53446835,1
53460658,1
53500298,1
53456423,1
53427743,1
53474273,1
53482485,1
53493644,1
53493762,1
53415358,1
53495041,1
53500588,1
53496923,1
53492433,1
53423933,1
53462918,1
53393814,1
53468605,1
53485005,1
53481069,1
53481070,1
53498924,1
53478410,1
53474400,1
53491137,1
53480122,1
53433478,1
53477493,1
53484090,1
53491141,1
53489644,1
53483117,1
53480256,1
53500611,1
53469366,1
53483023,1
53466801,1
53484285,1
53480779,1
53467109,1
53394307,1
53478098,1
53470023,1
53464774,1
53478399,1
53384931,1
53486668,1
53489374,1
53463593,1
53503129,1
53478394,1
53485397,1
53478670,1
53478711,1
53505105,1
53493954,1
53472102,1
53462225,1
53478803,1
53465154,1
53437767,1
53480778,1
53500779,1
53480753,1
53415113,1
53440650,1
53500974,1
53476507,1
53502862,1
53483625,1
53478135,1
53489354,1
53483777,1
53498815,1
53504395,1
53444236,1
53503035,1
53500294,1
53504487,1
53474276,1
53475799,1
53470241,1
53504667,1
53488169,1
53455369,1
53500423,1
53482884,1
53502291,1
53480452,1
53483024,1
53486950,1
53408893,1
53478689,1
53492564,1
53489951,1
53488934,1
53492566,1
53480736,1
53500975,1
53489026,1
53483601,1
53475397,1
53478126,1
53475442,1
53450741,1
53480942,1
53491952,1
53384902,1
53476778,1
53494784,1
53496129,1
53466069,1
53496114,1
53500297,1
53471603,1
53455112,1
53492276,1
53493456,1
53444060,1
53490948,1
53486839,1
53310069,1
53481453,1
53474744,1
53506196,1
53473152,1
53484250,1
53483597,1
53486233,1
53484684,1
53483626,1
53428773,1
53501302,1
53504029,1
53479460,1
53474399,1
53481227,1
53507175,1
53481161,1
53508834,1
53489638,1
53483403,1
53445019,1
53483594,1
53504030,1
53497372,1
53508355,1
53475526,1
53476486,1
53445405,1
53489145,1
53507015,1
53490743,1
53503130,1
53460561,1
53508601,1
53505963,1
53484091,1
53507361,1
53508726,1
53461116,1
53489637,1
53415498,1
53482984,1
53475964,1
53484458,1
53477985,1
53359880,1
53502777,1
53479481,1
53401238,1
53500230,1
53489129,1
53489311,1
53509737,1
53441060,1
53501551,1
53508600,1
53511398,1
53464683,1
53429895,1
53455318,1
53426210,1
53507728,1
53496730,1
53445595,1
53481586,1
53439549,1
53470089,1
53292747,4
53502861,1
53475502,1
53507176,1
53400154,1
53504486,1
53511346,1
53494941,1
53494884,1
53512858,1
53478315,1
53473021,1
53462090,1
53496824,1
53453194,1
53480664,1
53464147,1
53489949,1
53451748,1
53511080,1
53473899,1
53453741,1
53502949,1
53437107,1
53454948,1
53479437,1
53502948,1
53451763,1
53479482,1
53485044,1
53453586,1
53507362,1
53497670,1
53471854,1
53485938,1
53491417,1
53488622,1
53484501,1
53497391,1
53497301,1
53509403,1
53500231,1
53436969,1
53512729,1
53515481,1
53503065,1
53512730,1
53456735,1
53385121,1
53496722,1
53488601,1
53485841,1
53464977,1
53486959,1
53453261,1
53486346,1
53497138,1
53481939,1
53453587,1
53504271,1
53507016,1
53486509,1
53470257,1
53500360,1
53515482,1
53514099,1
53443680,1
53496273,1
53500400,1
53481327,1
53501928,1
53477457,1
53477917,1
53475869,1
53514486,1
53511719,1
53476364,1
53501764,1
53490565,1
53518108,1
53516818,1
53505809,1
53486564,1
53490744,1
53481160,1
53468844,1
53400109,1
53488550,1
53504956,1
53500589,1
53502330,1
53488899,1
53405134,1
53472576,1
53505417,1
53498433,1
53156039,5
53518109,1
53500286,1
53500359,1
53471805,1
53481111,1
53477489,1
53497787,1
53519790,1
53507727,1
53481457,1
53486126,1
53432292,1
53501053,1
53492791,1
53508245,1
53511020,1
53476249,1
53495768,1
53481958,1
53490449,1
53512597,1
53476850,1
53490504,1
53509859,1
53477492,1
53472951,1
53516969,1
53501970,1
53494069,1
53474743,1
53493976,1
53491312,1
53503466,1
53513489,1
53508072,1
53413001,1
53486411,1
53474048,1
53505693,1
53519509,1
53515679,1
53511510,1
53488277,1
53506019,1
53504885,1
53475116,1
53510757,1
53514523,1
53500830,1
53500778,1
53521949,1
53488935,1
53498666,1
53497346,1
53486412,1
53486463,1
53484738,1
53498814,1
53515125,1
53417896,1
53513965,1
53515180,1
53501618,1
53516723,1
53508525,1
53508524,1
53482538,1
53434638,1
53520843,1
53510022,1
53507387,1
53475617,1
53521002,1
53503151,1
53511509,1
53482983,1
53504884,1
53496830,1
53504696,1
53496848,1
53483182,1
53502385,1
53480064,1
53495180,1
53516055,1
53489769,1
53464146,1
53488898,1
53491698,1
53509238,1
53403791,1
53492826,1
53491697,1
53506454,1
53489128,1
53502684,1
53489310,1
53489333,1
53489375,1
53485242,1
53398711,1
53501690,1
53520942,1
53512859,1
53500401,1
53503197,1
53519656,1
53501951,1
53499536,1
53507930,1
53486127,1
53478220,1
53486434,1
53483902,1
53526216,1
53526245,1
53503034,1
53517974,1
53384972,1
53514083,1
53504852,1
53522484,1
53488745,1
53483568,1
53489968,1
53483569,1
53506573,1
53501054,1
53520150,1
53506772,1
53495847,1
53430300,1
53441229,1
53416256,1
53524855,1
53526246,1
53516724,1
53502973,1
53512596,1
53438343,1
53524988,1
53527785,1
53507714,1
53527903,1
53488510,1
53507788,1
53460784,1
53496797,1
53485939,1
53493955,1
53489645,1
53505169,1
53508210,1
53525691,1
53509265,1
53487393,1
53477984,1
53446836,1
53485329,1
53520857,1
53496102,1
53505867,1
53505955,1
53516970,1
53508632,1
53490877,1
53508725,1
53507348,1
53529860,1
53527178,1
53477918,1
53458666,1
53491646,1
53509266,1
53500931,1
53501042,1
53508325,1
53459326,1
53497578,1
53518141,1
53434637,1
53471719,1
53494940,1
53490907,1
53477182,1
53464790,1
53514107,1
53525308,1
53518617,1
53502419,1
53529883,1
53488509,1
53519008,1
53211679,5
53522707,1
53509404,1
53508211,1
53499994,1
53489146,1
53521948,1
53512175,1
53503042,1
53504012,1
53460249,1
53528922,1
53515043,1
53503041,1
53519508,1
53518156,1
53518404,1
53516856,1
53091209,5
53529536,1
53530684,1
53502057,1
53488278,1
53508775,1
53529711,1
53477350,1
53500639,1
53525366,1
53480663,1
53480666,1
53508319,1
53465673,1
53508280,1
53508246,1
53490252,1
53491945,1
53508327,1
53502849,1
53530264,1
53481087,1
53502909,1
53531695,1
53507001,1
53519447,1
53504272,1
53526215,1
53521001,1
53392049,1
53501765,1
53530531,1
53514122,1
53478508,1
53499535,1
53513488,1
53515952,1
53202682,5
53521926,1
53525712,1
53470633,1
53508363,1
53524675,1
53534034,1
53508277,1
53511081,1
53479036,1
53511126,1
53502848,1
53487724,1
53533066,1
53507002,1
53514024,1
53498683,1
53509941,1
53508714,1
53504582,1
53506023,1
53508818,1
53502058,1
53510758,1
53533581,1
53514487,1
53525429,1
53533634,1
53521960,1
53528440,1
53521929,1
53506773,1
53493033,1
53501169,1
53484801,1
53505785,1
53511193,1
53467357,1
53531694,1
53506828,1
53534544,1
53527783,1
53524989,1
53493194,1
53511399,1
53412568,1
53491140,1
53502418,1
53533503,1
53518880,1
53507858,1
53496831,1
53495192,1
53532789,1
53397979,1
53533738,1
53380024,1
53511864,1
53404713,1
53503811,1
53502745,1
53516491,1
53494612,1
53533017,1
53512425,1
53524878,1
53515096,1
53515181,1
53486444,1
53494783,1
53525035,1
53529056,1
53537458,1
53409669,1
53505769,1
53530683,1
53408894,1
53510449,1
53507857,1
53445946,1
53467188,1
53506283,1
53509415,1
53475334,1
53516549,1
53538597,1
53511127,1
53530488,1
53533392,1
53492346,1
53504957,1
53508913,1
53322109,4
53538364,1
53536628,1
53491721,1
53500028,1
53534035,1
53522050,1
53501619,1
53479035,1
53515428,1
53514023,1
53535999,1
53514108,1
53499052,1
53507319,1
53513163,1
53507347,1
53533435,1
53525140,1
53521152,1
53519859,1
53510450,1
53506174,1
53533633,1
53528363,1
53533739,1
53531255,1
53497197,1
53511244,1
53520278,1
53536870,1
53528836,1
53541371,1
53491821,1
53516913,1
53519631,1
53517086,1
53504853,1
53518794,1
53486151,1
53528302,1
53486336,1
53519448,1
53501550,1
53534395,1
53541422,1
53428752,1
53520941,1
53533310,1
53526512,1
53521551,1
53503170,1
53517113,1
53525594,1
53543962,1
53511234,1
53415349,1
53486464,1
53528824,1
53508318,1
53538672,1
53525082,1
53515680,1
53525237,1
53539037,1
53496825,1
53536321,1
53536320,1
53459638,1
53521731,1
53304010,4
53514533,1
53536627,1
53511859,1
53538405,1
53502778,1
53481798,1
53535815,1
53542420,1
53522226,1
53509738,1
53509726,1
53538720,1
53531891,1
53544318,1
53544319,1
53530592,1
53536235,1
53525236,1
53505135,1
53541742,1
53533502,1
53523235,1
53483611,1
53517855,1
53522229,1
53545383,1
53544136,1
53534399,1
53546898,1
53546899,1
53538719,1
53472800,1
53508618,1
53521053,1
53523982,1
53519632,1
53530549,1
53526495,1
53389719,1
53541697,1
53541607,1
53540521,1
53519844,1
53514214,1
53519789,1
53547245,1
53517140,1
53529884,1
53532977,1
53508557,1
53527696,1
53548214,1
53533118,1
53541423,1
53459170,1
53478127,1
53508389,1
53545709,1
53545710,1
53544276,1
53548554,1
53525120,1
53492157,1
53533461,1
53512974,1
53547182,1
53522517,1
53539036,1
53529712,1
53513164,1
53537916,1
53518795,1
53524495,1
53440347,1
53502685,1
53535759,1
53401366,1
53473925,1
53549555,1
53526312,1
53534396,1
53548213,1
53545545,1
53534743,1
53519601,1
53534703,1
53548337,1
53508639,1
53530530,1
53519600,1
53525239,1
53522473,1
53518524,1
53538990,1
53550016,1
53547244,1
53466417,1
53489969,1
53530224,1
53525593,1
53525779,1
53502899,1
53541363,1
53534545,1
53524880,1
53523295,1
53227581,5
53546846,1
53524881,1
53525043,1
53494883,1
53526710,1
53514121,1
53535135,1
53547183,1
53511546,1
53546207,1
53475175,1
53465153,1
53538365,1
53523236,1
53539815,1
53486515,1
53547056,1
53525240,1
53552800,1
53530113,1
53532946,1
53546540,1
53535691,1
53524797,1
53534189,1
53542735,1
53501733,1
53496113,1
53549733,1
53537198,1
53427635,1
53552615,1
53507320,1
53529461,1
53511718,1
53548760,1
53507931,1
53524306,1
53549062,1
53525365,1
53538256,1
53546470,1
53412084,1
53530223,1
53528368,1
53528441,1
53534192,1
53541188,1
53526283,1
53535735,1
53480863,1
53524800,1
53486514,1
53541400,1
53545546,1
53530431,1
53532074,1
53414231,1
53526513,1
53551246,1
53535998,1
53548581,1
53555458,1
53536193,1
53552799,1
53550116,1
53515767,1
53505168,1
53519845,1
53498020,1
53538159,1
53506378,1
53554791,1
53511910,1
53533979,1
53531127,1
53541161,1
53532965,1
53514962,1
53547882,1
53524913,1
53537199,1
53520858,1
53520844,1
53549610,1
53529096,1
53533460,1
53533393,1
53550009,1
53555427,1
53546208,1
53507787,1
53527308,1
53542112,1
53532877,2
53555993,1
53538478,1
53532947,1
53513803,1
53542406,1
53552319,1
53511187,1
53552320,1
53518140,1
53544137,1
53537004,1
53556589,1
53551024,1
53538743,1
53503169,1
53551093,1
53551404,1
53535004,1
53549810,1
53483890,1
53507897,1
53555426,1
53550060,1
53550030,1
53520103,1
53554795,1
53522015,1
53534094,1
53531240,1
53538598,1
53527477,1
53556353,1
53549634,1
53530685,1
53522571,1
53543417,1
53540681,1
53552802,1
53540680,1
53559793,1
53525334,1
53531010,1
53520151,1
53543813,1
53554859,1
53528391,1
53532876,1
53501168,1
53518077,1
53546853,1
53550941,1
53509940,1
53500424,1
53549663,1
53548313,1
53477181,1
53544278,1
53551188,1
53548617,1
53533436,1
53555412,1
53552738,1
53559916,1
53532656,1
53439313,1
53514524,1
53451562,1
53541175,1
53542111,1
53536841,1
53530265,1
53551025,1
53559193,1
53534704,1
53534868,1
53538671,1
53515204,1
53551245,1
53531892,1
53453748,1
53508902,1
53505868,1
53521436,1
53536277,1
53525393,1
53530930,1
53536278,1
53524639,1
53472454,1
53511186,1
53539382,1
53561720,1
53560583,1
53549635,1
53544097,1
53527697,1
53511372,1
53519575,1
53562154,1
53543058,1
53524017,1
53564082,1
53536840,1
53513846,1
53524674,1
53547881,1
53557843,1
53440745,1
53541503,1
53525081,1
53537401,1
53530647,1
53530427,1
53518497,1
53541557,1
53535154,1
53486150,1
53432293,1
53557604,1
53550418,1
53505436,1
53501138,1
53528891,1
53542405,1
53524833,1
53541370,1
53530493,1
53533208,1
53504723,1
53533214,1
53526494,1
53512801,1
53535155,1
53505082,1
53539148,1
53532538,1
53524496,1
53519007,1
53562969,1
53538336,1
53514961,1
53565896,1
53541160,1
53541187,1
53441061,1
53501115,1
53565998,1
53534195,1
53564656,1
53522361,1
53507475,1
53448462,1
53560700,1
53541515,1
53496436,1
53540665,1
53526997,1
53557220,1
53528217,1
53503465,1
53562968,1
53557603,1
53564083,1
53521927,1
53524832,1
53534244,1
53536938,1
53505810,1
53559102,1
53552340,1
53563373,1
53561887,1
53553606,1
53518403,1
53551092,1
53548616,1
53567702,1
53538865,1
53544279,1
53558051,1
53430454,1
53548406,1
53568432,1
53532511,1
53440649,1
53533928,1
53464278,1
53542061,1
53535825,1
53542419,1
53516756,1
53508627,1
53538647,1
53544078,1
53563368,1
53528923,1
53549667,1
53525095,1
53551405,1
53508833,1
53551444,1
53562715,1
53557468,1
53480661,1
53403580,1
53554794,1
53546552,1
53546568,1
53564146,1
53561437,1
53538477,1
53538427,1
53500051,1
53545175,1
53571570,1
53541362,1
53570329,1
53501805,1
53511555,1
53529666,1
53551443,1
53569198,1
53552801,1
53550029,1
53395369,1
53536691,1
53558767,1
53544079,1
53545384,1
53571423,1
53559036,1
53553573,1
53567256,1
53526120,1
53552374,1
53571571,1
53555244,1
53573133,1
53551339,1
53548591,1
53548582,1
53567764,1
53555243,1
53559622,1
53562489,1
53554137,1
53543485,1
53541631,1
53560874,1
53544494,1
53543486,1
53573648,1
53536204,1
53521552,1
53550017,1
53540760,1
53550059,1
53505106,1
53492565,1
53525819,1
53555852,1
53552114,1
53568632,1
53560371,1
53571335,1
53537294,1
53570071,1
53563391,1
53567492,1
53570328,1
53529579,1
53559694,1
53560934,1
53574662,1
53560006,1
53572072,1
53573929,1
53519996,1
53538372,1
53565828,1
53552109,1
53511233,1
53552375,1
53500072,1
53570177,1
53537459,1
53551416,1
53474609,1
53563531,1
53574614,1
53543440,1
53574661,1
53573497,1
53557228,1
53557172,1
53543667,1
53511858,1
53569573,1
53561338,1
53552110,1
53572290,1
53535667,1
53539237,1
53568604,1
53557580,1
53535822,1
53560296,1
53528873,1
53547992,1
53564479,1
53563276,1
53561913,1
53550901,1
53524912,1
53574310,1
53552426,1
53563471,1
53556734,1
53559693,1
53549822,1
53532024,1
53556809,1
53574615,1
53574710,1
53568170,1
53550044,1
53550115,1
53448916,1
53489840,1
53554860,1
53532964,1
53555992,1
53534386,1
53525818,1
53550902,1
53578421,1
53578689,1
53541788,1
53555463,1
53574682,1
53574709,1
53560005,1
53558261,1
53576562,3
53529859,1
53569364,1
53544495,1
53546569,1
53546553,1
53555807,1
53554813,1
53528872,1
53545292,1
53568631,1
53552395,1
53547868,1
53553478,1
53565999,1
53559037,1
53560582,1
53571424,1
53578460,1
53555195,1
53564679,1
53552507,1
53493355,1
53575737,1
53526393,1
53575885,1
53577239,1
53552666,1
53549911,1
53574696,1
53544508,1
53568265,1
53550008,1
53546451,1
53573647,1
53559884,1
53557319,1
53555464,1
53549061,1
53499781,1
53558504,2
53538494,1
53557679,1
53572471,1
53528876,1
53546854,1
53577053,1
53559235,1
53561842,1
53556636,1
53563470,1
53534869,1
53569233,1
53527307,1
53571188,1
53569574,1
53555981,1
53558746,1
53552327,1
53535769,1
53513171,1
53571595,1
53559359,1
53549666,1
53559194,1
53415497,1
53537478,1
53576037,1
53571860,1
53563760,1
53573498,1
53488170,1
53432230,1
53532657,1
53535811,1
53542062,1
53556272,1
53557840,1
53561971,1
53414874,1
53574386,1
53549734,1
53540522,1
53547222,1
53556810,1
53560701,1
53521153,1
53567980,1
53562350,1
53558078,1
53517141,1
53584800,3
53580289,3
53517344,1
53554792,1
53294752,4
53535778,1
53434133,1
53552113,1
53537053,1
53479607,1
53564655,1
53581444,1
53505871,1
53562490,1
53562270,1
53558079,1
53559915,1
53569144,1
53580163,1
53579009,1
53582065,3
53557111,1
53497153,1
53577785,1
53576839,1
53557678,1
53582494,1
53556429,1
53581005,1
53553477,1
53583941,1
53566177,1
53581445,1
53574541,1
53501804,1
53555562,1
53582072,1
53583044,3
53544803,1
53533929,1
53560372,1
53561436,1
53585254,1
53556202,1
53557849,1
53581209,1
53583966,1
53559160,1
53574387,1
53566259,1
53570596,1
53587063,1
53552739,1
53563758,1
53581799,1
53552665,1
53588515,3
53582073,1
53579309,3
53560328,1
53536919,1
53577888,1
53563081,1
53563275,1
53581208,1
53557850,1
53581006,1
53559159,1
53540021,1
53574428,1
53585618,1
53544497,1
53568433,1
53525483,1
53558505,2
53502703,1
53515205,1
53519157,1
53550736,1
53564774,1
53567623,1
53556430,1
53567254,1
53586846,1
53501294,1
53589473,1
53585403,1
53570346,1
53563674,1
53567979,1
53560966,1
53558209,1
53522560,1
53558210,1
53587539,3
53542035,1
53572305,1
53546698,1
53587816,1
53572568,1
53534309,1
53566169,1
53567749,1
53585468,1
53586847,1
53563595,1
53548739,1
53505872,1
53560933,1
53562599,1
53415537,1
53569234,1
53557227,1
53582000,1
53590274,3
53506379,1
53557521,1
53572304,1
53577798,1
53585977,1
53575039,1
53565829,1
53577927,1
53589173,1
53556209,1
53558849,1
53561841,1
53489164,1
53574192,1
53552339,1
53570022,1
53532025,1
53541649,1
53563367,1
53570493,1
53590281,1
53568482,1
53583643,1
53589341,1
53586361,1
53568777,1
53555227,1
53585378,1
53541648,1
53537845,1
53593809,1
53562716,1
53571920,1
53587606,1
53577512,1
53465116,1
53566812,1
53594756,1
53507388,1
53575886,1
53576217,1
53562155,1
53593810,1
53548807,1
53574622,1
53593013,1
53593868,1
53591426,2
53588750,1
53574118,1
53588987,1
53558768,1
53576840,1
53587862,1
53594621,1
53580919,1
53574202,1
53540022,1
53571476,1
53529095,1
53590676,1
53574311,1
53575574,1
53534572,1
53589254,1
53570498,1
53592285,1
53574455,1
53596443,1
53587096,1
53577444,1
53562600,1
53528216,1
53579236,1
53538158,1
53572470,1
53564230,1
53557573,1
53580933,1
53579475,1
53586199,1
53561431,1
53574117,1
53578252,1
53583900,1
53562112,1
53588065,1
53561952,1
53596345,1
53592190,1
53563372,1
53564898,1
53568950,1
53583899,1
53529540,1
53582921,1
53596697,1
53596698,1
53535760,1
53568603,1
53585102,1
53546639,1
53528863,1
53560483,1
53598905,1
53568866,1
53563160,1
53571632,1
53592191,1
53514049,1
53564949,1
53578717,1
53219870,5
53571731,1
53577400,1
53570501,1
53593869,1
53582030,1
53593963,1
53593012,1
53577549,1
53532647,1
53599484,1
53572269,1
53575213,1
53578134,1
53594420,1
53545254,1
53598813,1
53570012,1
53575212,1
53547905,1
53577052,1
53539716,1
53598995,1
53578253,1
53585467,1
53576216,1
53587174,1
53558052,1
53576342,1
53582122,1
53579320,1
53580204,1
53573486,1
53599483,1
53450522,1
53569558,1
53572667,1
53578277,1
53570013,1
53581282,1
53601755,1
53589342,1
53575738,1
53571594,1
53578378,1
53601939,1
53603447,1
53587173,1
53559337,1
53560790,1
53574683,1
53574778,1
53574690,1
53602235,1
53520102,1
53576866,1
53486234,1
53552148,1
53586198,1
53568680,1
53552190,1
53536953,1
53565885,1
53564480,1
53559312,1
53595106,1
53603446,1
53578716,1
53574731,1
53574542,1
53598124,1
53580172,1
53566452,1
53576343,1
53516254,1
53512624,1
53598956,1
53583942,1
53589474,1
53578420,1
53565060,1
53581329,1
53606254,1
53563715,1
53582779,1
53598123,1
53596734,1
53529539,1
53581883,1
53580357,1
53542036,1
53582217,2
53571341,1
53546882,1
53524897,1
53570499,1
53583943,1
53562349,1
53596442,1
53582885,1
53601938,1
53606285,1
53603671,1
53574457,1
53598355,1
53592643,1
53577445,1
53580171,1
53606632,1
53603762,1
53590282,1
53569363,1
53532788,1
53580358,1
53602565,1
53579571,1
53585143,1
53579756,1
53605819,1
53578276,1
53580924,1
53548314,1
53571647,1
53592270,1
53574306,1
53588023,1
53600474,1
53603290,1
53604583,1
53592198,1
53608985,1
53577306,1
53600793,1
53516912,1
53585566,1
53584425,1
53525139,1
53555627,1
53569262,1
53582218,2
53564229,1
53605140,1
53546640,1
53583644,1
53561912,1
53604409,1
53578179,1
53600205,1
53594639,1
53563392,1
53572894,1
53557946,1
53549611,1
53568919,1
53577238,1
53591045,1
53569261,1
53591312,1
53550261,1
53544804,1
53561141,1
53561140,1
53599638,1
53580642,1
53572501,1
53577821,1
53607233,1
53585379,1
53567369,1
53611678,1
53601976,1
53580085,1
53603841,1
53590019,1
53596630,1
53609209,1
53581942,1
53581844,1
53538255,1
53575014,1
53539705,1
53580934,1
53598818,1
53582504,1
53611081,1
53599963,1
53592155,1
53598884,1
53588064,1
53582642,1
53567224,1
53607234,1
53404192,4
53593612,1
53593611,1
53594848,1
53580886,1
53581236,1
53610093,1
53610092,1
53531991,1
53562113,1
53608986,1
53585567,1
53589916,1
53596626,1
53603840,1
53610396,1
53572071,1
53612333,1
53583315,1
53607959,1
53569751,1
53533098,1
53522169,1
53590788,1
53604504,1
53610020,1
53566212,1
53577363,1
53578870,1
53548553,1
53603670,1
53588432,1
53593946,1
53576673,1
53602206,1
53609367,1
53593959,1
53609586,1
53579556,1
53574129,1
53569557,1
53567253,1
53571295,1
53577763,1
53572291,1
53588988,1
53582330,1
53579733,1
53589174,1
53585550,1
53606192,1
53611677,1
53582780,1
53538174,1
53570500,1
53614600,1
53609097,1
53588235,1
53574779,1
53603868,1
53610468,1
53603898,1
53609466,1
53605079,1
53585978,1
53588751,1
53566919,1
53580587,1
53575573,1
53556354,1
53596143,1
53571508,1
53512368,1
53600396,1
53593564,1
53589610,1
53606298,1
53604712,1
53610249,1
53466368,1
53615794,1
53590013,1
53533528,1
53571093,1
53615886,1
53609465,1
53593206,1
53591427,2
53617884,1
53598723,1
53586107,1
53525496,1
53572500,1
53582365,1
53607995,2
53585987,1
53618114,1
53567255,1
53598883,1
53564875,1
53585446,1
53598269,1
53614580,1
53580244,1
53609368,1
53617541,1
53582038,1
53603885,1
53615901,1
53601229,1
53577550,1
53525464,1
53558260,1
53596733,1
53610626,1
53580576,1
53602564,1
53566861,1
53533934,1
53516586,1
53618115,1
53594438,1
53614364,1
53606064,1
53587050,1
53599115,1
53607485,1
53606065,1
53617445,1
53600792,1
53598322,1
53593962,1
53577344,1
53614947,1
53373377,4
53594229,1
53599881,1
53605207,1
53616352,1
53574193,1
53613970,1
53581173,1
53611292,1
53592068,1
53610008,1
53595107,1
53559338,1
53588266,1
53592642,1
53613086,1
53593796,1
53587306,1
53599366,1
53593958,1
53617645,1
53613085,1
53470681,1
53598917,1
53602624,1
53590570,1
53611174,1
53611291,1
53593515,1
53525046,1
53610068,1
53589735,1
53618349,1
53589609,1
53593761,1
53592732,1
53576147,1
53581943,1
53602205,1
53551861,1
53489770,1
53591313,1
53593234,1
53599880,1
53586312,1
53618094,1
53598957,1
53609964,1
53600390,1
53581237,1
53618407,1
53570524,1
53606299,1
53588236,1
53576146,1
53614819,1
53617542,1
53581798,1
53585842,1
53602645,1
53601541,1
53589187,1
53625111,1
53548886,1
53583886,1
53590770,1
53606193,1
53625449,1
53617446,1
53596625,1
53602236,1
53613173,1
53610467,1
53605022,1
53427168,1
53598812,1
53579474,1
53599940,1
53585305,1
53602807,1
53602802,1
53608373,1
53602808,1
53602945,1
53612790,1
53604543,1
53600475,1
53603111,1
53595130,1
53625450,1
53593693,1
53600627,1
53587305,1
53543668,1
53569290,1
53599639,1
53620663,1
53620725,1
53577784,1
53602646,1
53590499,1
53486337,1
53624829,1
53623538,1
53613746,1
53579768,1
53600453,1
53596325,1
53614365,1
53617286,1
53611793,1
53607520,1
53610349,1
53486160,1
53593269,1
53599854,1
53594421,1
53571303,1
53605391,1
53627246,1
53502944,1
53620724,1
53623552,1
53591770,1
53538561,1
53618095,1
53618145,1
53604563,1
53588192,1
53622480,1
53566170,1
53601793,1
53577409,1
53608892,1
53626685,1
53590018,1
53607490,1
53629612,1
53524633,1
53511865,1
53618834,1
53617860,1
53576731,1
53585085,1
53613702,1
53590677,1
53600204,1
53620779,1
53600110,1
53626391,1
53599116,1
53566147,1
53625110,1
53630596,1
53451764,1
53612799,1
53621133,1
53629409,1
53626639,1
53609288,1
53602218,1
53621429,1
53603884,1
53621430,1
53617646,1
53571189,1
53605179,1
53443352,1
53627551,1
53609950,1
53590541,1
53611128,1
53530432,1
53619487,1
53600391,1
53600111,1
53584169,1
53621225,1
53631035,1
53618406,1
53585549,1
53609148,1
53604945,1
53615767,1
53626864,1
53624140,1
53615998,1
53566886,1
53573952,1
53607994,2
53620721,1
53330391,4
53596142,1
53609849,1
53594755,1
53630346,1
53590789,1
53594700,1
53579769,1
53610181,1
53626808,1
53604880,1
53609287,1
53603869,1
53606562,1
53634028,1
53634011,1
53501139,1
53597046,1
53599688,1
53624554,1
53630064,1
53602436,1
53546742,1
53624707,1
53601754,1
53601792,1
53609978,1
53601703,1
53604713,1
53617163,1
53584230,1
53607491,1
53598030,1
53601977,1
53615781,1
53617681,1
53606577,1
53618643,1
53580205,1
53594127,1
53498040,1
53595884,1
53605265,1
53617859,1
53631634,1
53616025,1
53631662,1
53612449,1
53586106,1
53610982,1
53627552,1
53634611,1
53596165,1
53528825,1
53593268,1
53614102,1
53598912,1
53294407,5
53602962,1
53608775,1
53631034,1
53614581,1
53609210,1
53634974,1
53599493,1
53557173,1
53613090,1
53607641,1
53609585,1
53583314,1
53575013,1
53623539,1
53492027,1
53590769,1
53568677,1
53629225,1
53625211,1
53598922,1
53627685,1
53636095,1
53599207,1
53601913,1
53633573,1
53588265,1
53608957,1
53599163,1
53614820,1
53611642,1
53626686,1
53610374,1
53607521,1
53603763,1
53629562,1
53604848,1
53602217,1
53613469,1
53609835,1
53601638,1
53630643,1
53618263,1
53630505,1
53615510,1
53633211,1
53611127,1
53623809,1
53637511,1
53604582,1
53618348,1
53608705,1
53615766,1
53622936,1
53580340,1
53620512,1
53529915,1
53634296,1
53594128,1
53618835,1
53618854,2
53602437,1
53599855,1
53616217,1
53616351,1
53638331,1
53599795,1
53611082,1
53613747,1
53609817,1
53613943,1
53604487,1
53618127,1
53613911,1
53622330,1
53635897,1
53638965,1
53638787,1
53601986,1
53592681,1
53604731,1
53634973,1
53614283,1
53604946,1
53632302,1
53580164,1
53639483,1
53580243,1
53620513,1
53640866,2
53615158,1
53616152,1
53616222,1
53626122,1
53613703,1
53620893,1
53619010,1
53638398,1
53591867,1
53531882,1
53613872,1
53605796,1
53614155,1
53619735,1
53610009,1
53569015,1
53621226,1
53617162,1
53637672,1
53629561,1
53620523,1
53580321,1
53621792,1
53638231,1
53594068,1
53627251,1
53635733,1
53582329,1
53635732,1
53634538,1
53642947,1
53622379,1
53619734,1
53601952,1
53616142,1
53590536,1
53619019,1
53642610,1
53618936,1
53605180,1
53624828,1
53611151,1
53616601,1
53623579,1
53501387,1
53619376,1
53619329,1
53603110,1
53613942,1
53630701,1
53623799,1
53640205,1
53633134,1
53638770,1
53615491,1
53582669,1
53590765,1
53597869,1
53622709,1
53625506,1
53615782,1
53620230,1
53622957,1
53632388,1
53555626,1
53575008,1
53612530,1
53638503,1
53597047,1
53631799,1
53608626,1
53556713,1
53603027,1
53603291,1
53641953,1
53608958,1
53620118,1
53617398,1
53612926,1
53643364,1
53620359,1
53632387,1
53638230,1
53618855,2
53633013,1
53637297,1
53645559,1
53640143,1
53647377,1
53598916,1
53637671,1
53639268,1
53643202,1
53643201,1
53623064,1
53610261,1
53628317,1
53621334,1
53623014,1
53593207,1
53550509,1
53630065,1
53570176,1
53629136,1
53601679,1
53501295,1
53619375,1
53623551,1
53646866,1
53585420,1
53566234,1
53614260,1
53628126,1
53625238,1
53615610,1
53578379,1
53625210,1
53592680,1
53648705,1
53548696,1
53642223,1
53632332,1
53642605,1
53640915,1
53630122,1
53607146,1
53622134,1
53640148,1
53630726,1
53647378,1
53628099,1
53622699,1
53640504,1
53623065,1
53536445,1
53610511,1
53618939,1
53632733,1
53648155,2
53634493,1
53620664,1
53619025,1
53580401,1
53643846,1
53631749,1
53624708,1
53649479,1
53612622,1
53631800,1
53614032,1
53614033,1
53615739,1
53650231,1
53574822,1
53636913,1
53632431,1
53617885,1
53601577,1
53621665,1
53631702,1
53634397,2
53645669,1
53594797,1
53599030,1
53632124,1
53626640,1
53617365,1
53604729,1
53635051,1
53580320,1
53628881,1
53623580,1
53628952,1
53605310,1
53633012,1
53648198,1
53619330,1
53642948,1
53651103,1
53618065,1
53647122,1
53645657,1
53638788,1
53516585,1
53627752,1
53633133,1
53626570,1
53627850,1
53650044,1
53633686,1
53654176,1
53615887,1
53632333,1
53645962,1
53601228,1
53506268,1
53557844,1
53623840,1
53631748,1
53627684,1
53590846,1
53623666,1
53655295,1
53645596,1
53616602,1
53636199,1
53651285,1
53639004,1
53555367,1
53655884,1
53620229,1
53640470,1
53624167,1
53651570,1
53632376,1
53642131,1
53620410,1
53219750,5
53642604,1
53560323,1
53605264,1
53627154,1
53634398,2
53594632,1
53653638,2
53616461,1
53655049,1
53655122,1
53633280,1
53655296,1
53608706,1
53629246,1
53645687,1
53639037,1
53654076,1
53650094,1
53615690,1
53621132,1
53614259,1
53610223,1
53610397,1
53634029,1
53636818,1
53635056,1
53620552,1
53620177,1
53584883,1
53634301,1
53631635,1
53651858,1
53656498,1
53649569,1
53655048,1
53627563,1
53637469,1
53617009,1
53643017,1
53615492,1
53631128,1
53650054,1
53629410,1
53647383,1
53639269,1
53625505,1
53628251,1
53648868,1
53613207,1
53648867,1
53637830,1
53594055,1
53640865,2
53579570,1
53568506,1
53638330,1
53640988,1
53651960,1
53557693,1
53644020,1
53633261,1
53614186,1
53570525,1
53623860,1
53628210,1
53637795,1
53635046,1
53648806,1
53629469,1
53633882,1
53636830,1
53562970,1
53653512,1
53635456,1
53640989,1
53651961,1
53612393,1
53637234,1
53637296,1
53609963,1
53640301,1
53636463,1
53652990,1
53639179,1
53659676,1
53624086,1
53212407,5
53625906,1
53628686,1
53607628,1
53437545,4
53654338,1
53636815,1
53588850,1
53653511,1
53619246,1
53634517,1
53643951,1
53635882,1
53622311,1
53633260,1
53651168,1
53657974,1
53652690,1
53645762,1
53652507,1
53659428,1
53640302,1
53621210,1
53624062,1
53630700,1
53636769,1
53626892,1
53640653,1
53637857,1
53576674,1
53612331,1
53610871,1
53642725,1
53638099,1
53636164,1
53652691,1
53203722,5
53645982,1
53492986,1
53642724,1
53660253,1
53637161,1
53645498,1
53650958,1
53645560,1
53627536,1
53635484,1
53623687,1
53655043,1
53656601,1
53652312,1
53527611,1
53634539,1
53653943,1
53651330,1
53633687,1
53644509,1
53600626,1
53642000,1
53637634,1
53645942,1
53635457,1
53610627,1
53637121,1
53638098,1
53642778,1
53649480,1
53652219,1
53623667,1
53525047,1
53637468,1
53640206,1
53622481,1
53607252,1
53660818,1
53632065,1
53607279,1
53628052,1
53630859,1
53633905,1
53620178,1
53645943,1
53648615,1
53636245,1
53613127,1
53666818,1
53618647,1
53618665,1
53654339,1
53612332,1
53634279,1
53637122,1
53645623,1
53656551,1
53634610,1
53640379,1
53645914,1
53667726,1
53658605,1
53666817,1
53639611,1
53632430,1
53640654,1
53667253,1
53631663,1
53642611,1
53659100,1
53641038,1
53640119,1
53665965,1
53657975,1
53648614,1
53666611,1
53636770,1
53648807,1
53643363,1
53664373,1
53626865,1
53647993,1
53648197,1
53645497,1
53645363,1
53635485,1
53624759,1
53630002,1
53667570,1
53645615,1
53642985,1
53627849,1
53656602,1
53631948,1
53650045,1
53645642,1
53641780,1
53650057,1
53667872,1
53651329,1
53664107,1
53656947,1
53648852,1
53643391,1
53657378,2
53639882,1
53657418,1
53648156,2
53659264,1
53670103,1
53630311,1
53629135,1
53645647,1
53640287,1
53654075,1
53669203,1
53659453,1
53643149,1
53659675,1
53666634,1
53601856,1
53636736,1
53639498,1
53635055,1
53621423,1
53661425,1
53624166,1
53664372,1
53626097,1
53637065,1
53662750,1
53620732,1
53651901,1
53654511,1
53612392,1
53661928,1
53661836,1
53646577,1
53640034,1
53645641,1
53642938,1
53641597,1
53645719,1
53673200,1
53659429,1
53573398,1
53659655,1
53647867,1
53620411,1
53562851,1
53610834,1
53639883,1
53628960,1
53663139,1
53646578,1
53652220,1
53611383,1
53667659,1
53557692,1
53656785,1
53637357,1
53673199,1
53626562,1
53639482,1
53648851,1
53670755,1
53655942,1
53673489,1
53612318,1
53538335,1
53605352,1
53637160,1
53613683,1
53642607,1
53649788,1
53658047,1
53610262,1
53634782,1
53667740,1
53628127,1
53654007,1
53634000,1
53662496,1
53642222,1
53670012,1
53670011,1
53521973,1
53675519,1
53660252,1
53645371,1
53651120,1
53630289,1
53641232,1
53673008,1
53673007,1
53655320,1
53641365,1
53663672,1
53639090,1
53623841,1
53657004,1
53655755,1
53658322,1
53673445,1
53661308,1
53661349,1
53620522,1
53599492,1
53627155,1
53651857,1
53645336,1
53645264,1
53629735,1
53653593,1
53672802,1
53645520,1
53629993,1
53652000,1
53668484,1
53654812,1
53654893,1
53678357,1
53675612,1
53655319,1
53654171,1
53635920,1
53648707,1
53670604,1
53659870,1
53670754,1
53657334,1
53619020,1
53637257,1
53678358,1
53631923,1
53678477,1
53646865,1
53678496,1
53645686,1
53648565,1
53658502,1
53654172,1
53662378,1
53669614,1
53662379,1
53675071,1
53624083,1
53659871,1
53658746,1
53639680,1
53679015,1
53667254,1
53657335,1
53648247,1
53641087,1
53655042,1
53652311,1
53615212,1
53653924,1
53505694,1
53645668,1
53673042,1
53651104,1
53667660,1
53675876,1
53626569,1
53642022,1
53662257,1
53659559,1
53655756,1
53648639,1
53673419,1
53655941,1
53647560,1
53668020,1
53676154,1
53659834,1
53647992,1
53653637,2
53640967,1
53656497,1
53627853,1
53641420,1
53673267,1
53664054,1
53670550,1
53656942,1
53658604,1
53658710,1
53653438,1
53626906,1
53662855,1
53628948,1
53661831,1
53656620,1
53648248,1
53667539,1
53637397,1
53644633,1
53623015,1
53682005,1
53643494,1
53632772,1
53679410,1
53620838,1
53642843,1
53592199,1
53678646,1
53663248,1
53607253,1
53658094,1
53640286,1
53660759,1
53667871,1
53648638,1
53645961,1
53670567,1
53636819,1
53664267,1
53681591,1
53653345,1
53661582,1
53410627,4
53657379,2
53653592,1
53641088,1
53645419,1
53661863,1
53684916,1
53660211,1
53678382,1
53632773,1
53657655,1
53676613,1
53678381,1
53659263,1
53641522,1
53620783,1
53678497,1
53682678,1
53666418,1
53645718,1
53670504,1
53643049,1
53672059,1
53662479,1
53684404,1
53653439,1
53620546,1
53582125,1
53634278,1
53653538,1
53658971,1
53604230,1
53665779,1
53640026,1
53679401,1
53681136,1
53641131,1
53655321,1
53668829,1
53649527,1
53618180,1
53645646,1
53663541,1
53678555,1
53666075,1
53684036,1
53641421,1
53671907,1
53671716,1
53663408,1
53667693,1
53679991,1
53674684,1
53659558,1
53666419,1
53661085,1
53650055,1
53683044,1
53647589,1
53684403,1
53587815,1
53678226,1
53673770,1
53687467,2
53679418,1
53672935,1
53663134,1
53678438,1
53671427,1
53641286,1
53634698,1
53674365,1
53616540,1
53636200,1
53685523,1
53686949,1
53669070,1
53667879,1
53687004,1
53673338,1
53659835,1
53584924,1
53681030,1
53641269,1
53667440,1
53690492,1
53631922,1
53652306,1
53689523,1
53644558,1
53642021,1
53664941,1
53669882,1
53639681,1
53660348,1
53660111,1
53645487,1
53672846,2
53638531,1
53682653,1
53690837,1
53690756,1
53633040,1
53685272,1
53669071,1
53664852,1
53671679,1
53671890,1
53689592,1
53677545,1
53659573,1
53671925,1
53642366,1
53656998,1
53659787,1
53692185,1
53649442,1
53666242,1
53663206,1
53637403,1
53688287,1
53650509,1
53673446,1
53592963,1
53657005,1
53672530,1
53683645,1
53670834,1
53678227,1
53661832,1
53687562,1
53492985,1
53671249,1
53681137,1
53675696,1
53650889,1
53674075,1
53686713,1
53658032,1
53670505,1
53662128,1
53691274,1
53675070,1
53640471,1
53659574,1
53662518,1
53676202,1
53664266,1
53538021,1
53692701,1
53681754,1
53695498,1
53612334,1
53692984,1
53695686,1
53654734,1
53696060,1
53687669,1
53690992,1
53646934,1
53668039,1
53662497,1
53691746,1
53691745,1
53694512,1
53668245,1
53680894,1
53653537,1
53687468,2
53657157,1
53670152,1
53687823,1
53659347,1
53630310,1
53677166,1
53689536,1
53659418,1
53678645,1
53679933,1
53663673,1
53636246,1
53647610,1
53665131,1
53669615,1
53678917,1
53676153,1
53661354,1
53640818,1
53671102,1
53679402,1
53673825,1
53480665,4
53664622,1
53667299,1
53675613,1
53682345,1
53694949,1
53650056,1
53689535,1
53638530,1
53655462,1
53677384,1
53699482,1
53683197,1
53621308,1
53670603,1
53667805,1
53689980,1
53687104,1
53662480,1
53697283,1
53679014,1
53657065,1
53698239,1
53660112,1
53635612,1
53676532,1
53664530,1
53656572,1
53696039,1
53646893,1
53696061,1
53698855,1
53681156,1
53655314,1
53666444,1
53657971,1
53677297,1
53649931,1
53673268,1
53680340,1
53689750,1
53699432,3
53678839,1
53573399,1
53700884,1
53678901,1
53694311,1
53566205,1
53656939,1
53689981,1
53695687,1
53665689,1
53697476,1
53668485,1
53684915,1
53667530,1
53657864,1
53674228,1
53620837,1
53687937,1
53652263,1
53637376,1
53622620,1
53671924,1
53692393,1
53667594,1
53696577,1
53683057,1
53689749,1
53663769,1
53686926,1
53700761,1
53665130,1
53658503,1
53687003,1
53692491,1
53680657,1
53675323,1
53673476,1
53658766,1
53687287,1
53654771,1
53698420,1
53673769,1
53661837,1
53700309,1
53545291,1
53568676,1
53665780,1
53671593,1
53703181,1
53674400,1
53679960,1
53699079,1
53681491,1
53676203,1
53677941,1
53683704,2
53676533,1
53679495,1
53682327,1
53703212,1
53678554,1
53682559,1
53699174,1
53671717,1
53703484,1
53699481,1
53703457,1
53659668,1
53696744,1
53699584,1
53700846,1
53705251,1
53677740,1
53672529,1
53672609,1
53695517,1
53679417,1
53671250,1
53703011,1
53671594,1
53706017,1
53675947,1
53678608,1
53682950,1
53678698,1
53673178,1
53688305,1
53696541,1
53702361,1
53699487,1
53691275,1
53692527,1
53673475,1
53705250,1
53683196,1
53687097,1
53706287,1
53699843,1
53683318,1
53658745,1
53658759,1
53582031,1
53670837,1
53675154,1
53695515,1
53683646,1
53673826,1
53662751,1
53637035,1
53621801,1
53646215,1
53703012,1
53550417,1
53689522,1
53682679,1
53686830,1
53678781,1
53694045,1
53687103,1
53684354,1
53663768,1
53707934,1
53684527,1
53700987,1
53703721,1
53642525,1
53684665,1
53682006,1
53650957,1
53605311,1
53681092,1
53682326,1
53703126,1
53687822,1
53672871,1
53707132,1
53668764,1
53708733,1
53691076,1
53708734,1
53662127,1
53673043,1
53658315,1
53705265,1
53696957,1
53658471,1
53678838,1
53677942,1
53683240,1
53673418,1
53676250,1
53700986,1
53662531,1
53697143,1
53681755,1
53692702,1
53667189,1
53514558,1
53673665,1
53695669,1
53690318,1
53687747,1
53679409,1
53597868,1
53604564,1
53681279,1
53690516,1
53682560,1
53703211,1
53683938,1
53708700,1
53689458,1
53705905,1
53689501,1
53673291,1
53701976,3
53701853,1
53689640,1
53681490,1
53689755,1
53662391,1
53681595,1
53703607,1
53710970,1
53662624,1
53684528,1
53695516,1
53705498,1
53698238,1
53669999,1
53701236,1
53698421,1
53709700,1
53690483,1
53701338,1
53667538,1
53681204,1
53686844,1
53575376,1
53682920,1
53689641,1
53707515,1
53689761,1
53689656,1
53579008,1
53702599,1
53697414,1
53702934,1
53703943,1
53700198,1
53690278,1
53678398,1
53635723,1
53689593,1
53713017,1
53708933,1
53711654,1
53708934,1
53669202,1
53273865,5
53689805,1
53709126,1
53695668,1
53689187,1
53667561,1
53642657,1
53687636,1
53705906,1
53704530,1
53686909,1
53703358,1
53678697,1
53689681,1
53700617,1
53674685,1
53645913,1
53676049,1
53700845,1
53684355,1
53679425,1
53708333,1
53683725,1
53705643,2
53686434,1
53665781,1
53682388,1
53665936,1
53701735,1
53663247,1
53695068,1
53703359,1
53640144,1
53686950,1
53681577,1
53667827,1
53710565,1
53683294,1
53673359,1
53708117,1
53705499,1
53677967,1
53689116,1
53690460,1
53695001,1
53693708,1
53699175,1
53699143,1
53685682,1
53691318,1
53697144,1
53657066,1
53563662,1
53711995,1
53642526,1
53653527,1
53630047,1
53642997,1
53649197,1
53692113,1
53693257,2
53674541,1
53696354,1
53691075,1
53682949,1
53707584,1
53678782,1
53683241,1
53692693,1
53710931,1
53698161,1
53684505,1
53607958,1
53713825,1
53714820,1
53711168,1
53716617,1
53696014,1
53672829,1
53666074,1
53689547,1
53685221,1
53705958,1
53682338,1
53697649,1
53674475,1
53663407,1
53673179,1
53655303,1
53667633,1
53696576,1
53699585,1
53699723,1
53699646,1
53687058,1
53700180,1
53679208,1
53683705,2
53580725,1
53652012,1
53708548,1
53708547,1
53602665,1
53692129,1
53701608,1
53688288,1
53715557,1
53693620,1
53682291,1
53707402,1
53674496,1
53719744,1
53719796,1
53686925,1
53719797,1
53625589,1
53675951,1
53703284,1
53693621,1
53686831,1
53692526,1
53682957,1
53693941,1
53698142,1
53684458,1
53702554,1
53673488,1
53697155,1
53720174,1
53711975,1
53697048,1
53668021,1
53720208,1
53578965,1
53722054,2
53690279,1
53686424,1
53713912,1
53695867,1
53679426,1
53693232,1
53703224,1
53709956,1
53699028,1
53693633,1
53689676,1
53702130,1
53713084,1
53707797,1
53703456,1
53708897,1
53696764,1
53718968,1
53681592,1
53708318,1
53711994,1
53714821,1
53701152,1
53698631,1
53711167,1
53662713,1
53681029,1
53671432,1
53695762,1
53660324,1
53693680,1
53715677,1
53628316,1
53703393,1
53696745,1
53702360,1
53720131,1
53710930,1
53689020,1
53669886,1
53669883,1
53713660,1
53716567,1
53698570,1
53704316,1
53682505,1
53711456,1
53693612,1
53664853,1
53710035,1
53659669,1
53707935,1
53703563,1
53710566,1
53722707,1
53692694,1
53706450,1
53717433,1
53717434,1
53716643,1
53706735,1
53690569,1
53690319,1
53679378,1
53711455,1
53718270,1
53721226,1
53613985,1
53711684,1
53722706,1
53703485,1
53727015,1
53716054,1
53709031,1
53705264,1
53673457,1
53706435,1
53722966,1
53613470,1
53698254,1
53675606,1
53703870,1
53705821,1
53664518,1
53652011,1
53687619,1
53698826,1
53704507,1
53682506,1
53695067,1
53706086,1
53693613,1
53703562,1
53702207,1
53721270,1
53714424,1
53707798,1
53706246,1
53709056,1
53700747,1
53708174,1
53695400,1
53719012,1
53721869,1
53643713,1
53703869,1
53690493,1
53700256,1
53684806,1
53701407,1
53706724,1
53705656,1
53665978,1
53727865,1
53726718,1
53711653,1
53721225,1
53700784,1
53629163,1
53683295,1
53722794,1
53703729,1
53699724,1
53687501,1
53700197,1
53711398,1
53711426,1
53700310,1
53689510,1
53704531,1
53730774,1
53700589,1
53715913,1
53721324,1
53681636,1
53727016,1
53681767,1
53708249,1
53700975,1
53637024,1
53661715,1
53709701,1
53723490,1
53697650,1
53711346,1
53693258,2
53711503,1
53594943,1
53730773,1
53701838,1
53693603,1
53706245,1
53706231,1
53684360,1
53728195,1
53708194,1
53695499,1
53711217,1
53730432,1
53692090,1
53722259,1
53560243,1
53699080,1
53497786,4
53689478,1
53703105,1
53708701,1
53731807,1
53732257,1
53729459,1
53730814,1
53707905,1
53706332,1
53709049,1
53711879,1
53688757,1
53703608,1
53687219,1
53717330,1
53613126,1
53731160,1
53716553,1
53710913,1
53539906,1
53720760,1
53649209,1
53711410,1
53731808,1
53729069,1
53700465,1
53706016,1
53727866,1
53713183,1
53703333,1
53724084,1
53729627,1
53724099,1
53729626,1
53721271,1
53703677,1
53708066,1
53710673,1
53725605,1
53728428,1
53679074,1
53693063,1
53705841,1
53701526,1
53712618,1
53734499,1
53731822,1
53694948,1
53703239,1
53695399,1
53716303,1
53710741,1
53722870,1
53728429,1
53732843,1
53725685,1
53672520,1
53608118,1
53687886,1
53709709,1
53689325,1
53711529,1
53651414,1
53703656,1
53699541,1
53722830,1
53730117,1
53699496,1
53698141,1
53717402,1
53736836,1
53711212,1
53679225,1
53700318,1
53686591,1
53712234,1
53660325,1
53730500,1
53710117,1
53706232,1
53694040,1
53709030,1
53703471,1
53713911,1
53722035,1
53689367,1
53725066,1
53704237,1
53711399,1
53722270,1
53722350,1
53723555,1
53715831,1
53721325,1
53710732,1
53692492,1
53725529,1
53730039,1
53707792,1
53719976,1
53650510,1
53711213,1
53679516,1
53741396,1
53689335,1
53715199,1
53722532,1
53711438,1
53687077,1
53717167,1
53710847,1
53628793,1
53601445,1
53717649,1
53741395,1
53719621,2
53725182,1
53711460,1
53719707,1
53695040,1
53714291,1
53721222,1
53711633,1
53722602,1
53695332,1
53735383,1
53718969,1
53724781,1
53732889,1
53742137,1
53702935,1
53621664,1
53722334,1
53734596,1
53720812,1
53722577,1
53722576,1
53716991,1
53724085,1
53739022,1
53717166,1
53736378,1
53530487,4
53712892,1
53715948,1
53710656,1
53741929,1
53735208,1
53721594,1
53741928,1
53700762,1
53716304,1
53744796,1
53673842,1
53709410,1
53709708,1
53712233,1
53712398,1
53734194,1
53728882,1
53739849,1
53719599,1
53736064,1
53687736,1
53716860,1
53693632,1
53693707,1
53631947,1
53715832,1
53717050,1
53736292,1
53746215,1
53707904,1
53729735,1
53736379,1
53738216,1
53700885,1
53744797,1
53711502,1
53723560,1
53731754,1
53716840,1
53686712,1
53697890,1
53703179,1
53707379,1
53721083,1
53687746,1
53715676,1
53718282,1
53713050,1
53722564,1
53703470,1
53688390,1
53728014,1
53725436,1
53744655,1
53723082,1
53722217,1
53687737,1
53741441,1
53744161,2
53725795,1
53705840,1
53701235,1
53687952,1
53704458,1
53720912,1
53712453,1
53716923,1
53729304,1
53743151,1
53722457,1
53691199,1
53733590,1
53747267,1
53741807,1
53734997,1
53739233,1
53729882,1
53711854,1
53738140,1
53735394,1
53746456,1
53657203,1
53637085,1
53746837,1
53731725,1
53749646,1
53665979,1
53711437,1
53734603,1
53734583,1
53748176,1
53689494,1
53702079,1
53715556,1
53718271,1
53741709,1
53722584,1
53735207,1
53714423,1
53722721,1
53729648,1
53724136,1
53659684,1
53675487,1
53583398,1
53739808,1
53737131,1
53729070,1
53629734,1
53720795,1
53749645,1
53724885,1
53741532,1
53733338,2
53749760,1
53704411,1
53743047,1
53745852,1
53749910,1
53718658,1
53743461,1
53746214,1
53722713,1
53720058,1
53703521,1
53732842,1
53714526,1
53722902,1
53731161,1
53747518,1
53712009,1
53650326,1
53708402,1
53676339,1
53716618,1
53716778,1
53583779,1
53723375,1
53748078,1
53733478,1
53713083,1
53729458,1
53744378,1
53744461,1
53743150,1
53749956,1
53722531,1
53716990,1
53707583,1
53714527,1
53707815,1
53729708,1
53735375,1
53698108,1
53725606,1
53719013,1
53686433,1
53649564,1
53736065,1
53729183,1
53745810,1
53724098,1
53724198,1
53750076,1
53711634,1
53752957,1
53725686,1
53706436,1
53676377,1
53708463,1
53703774,1
53676598,1
53723139,1
53744160,1
53730359,1
53733339,2
53734604,1
53710074,1
53722429,1
53736293,1
53723991,1
53725528,1
53717211,1
53749024,1
53754386,1
53747407,1
53752956,1
53750218,1
53739297,1
53732864,1
53724782,1
53720209,1
53744834,1
53710912,1
53738487,1
53723140,1
53753235,1
53730351,1
53731465,1
53748244,1
53737418,1
53723738,1
53729303,1
53711345,1
53748504,1
53753927,1
53747096,1
53722458,1
53751334,1
53715798,1
53710470,1
53754418,1
53706286,1
53738215,1
53729750,1
53738172,1
53699844,1
53753234,1
53726081,1
53724965,1
53730388,1
53720885,1
53731821,1
53745853,1
53725235,1
53729707,1
53715949,1
53736433,1
53747268,1
53707791,1
53731079,1
53738171,1
53741935,1
53722909,1
53757564,1
53728442,1
53741269,1
53726024,1
53749635,1
53731466,1
53749634,1
53734500,1
53749640,1
53737106,1
53719700,1
53726556,1
53722464,1
53757994,1
53756668,1
53704344,1
53758096,1
53726539,1
53752651,1
53730968,1
53757565,1
53672870,1
53735906,1
53714004,1
53757824,1
53760587,1
53734446,1
53725022,1
53741442,1
53747008,1
53733314,1
53752650,1
53724273,1
53722831,1
53747408,1
53757383,1
53728217,1
53757384,1
53710742,1
53733798,1
53731150,1
53725687,1
53613206,1
53616143,1
53720773,1
53734195,1
53760621,1
53760622,1
53711216,1
53730445,1
53750945,1
53732031,1
53753942,1
53733516,1
53741708,1
53718451,1
53747250,1
53736287,1
53724137,1
53746139,1
53751567,1
53729869,1
53753014,1
53722720,1
53757547,1
53733878,1
53689021,1
53700974,1
53749529,1
53673841,1
53758880,1
53752410,1
53730446,1
53730360,1
53701319,1
53760588,1
53760592,1
53742602,1
53714135,1
53700215,1
53748231,1
53762018,1
53752502,1
53695058,1
53718727,1
53735630,1
53750217,1
53727297,1
53758469,1
53739298,1
53744100,1
53728443,1
53744340,1
53729315,1
53722428,1
53757031,1
53724471,1
53730813,1
53743460,1
53739322,1
53628880,1
53662834,1
53755067,1
53738630,1
53760503,1
53764433,1
53719577,1
53733360,1
53741533,1
53748612,1
53740391,1
53741806,1
53637921,1
53727352,1
53754490,1
53754491,1
53746455,1
53730038,1
53735649,1
53729868,1
53655883,1
53761539,1
53757767,1
53757823,1
53738724,1
53763356,1
53709834,1
53725070,1
53719506,1
53704236,1
53733361,1
53763579,1
53732080,1
53750001,1
53755635,1
53763826,1
53730116,1
53763999,1
53760141,1
53758780,1
53760577,1
53739613,1
53753171,1
53727782,1
53711278,1
53735907,1
53763578,1
53762075,1
53710581,1
53746079,1
53672058,1
53736510,1
53765709,1
53762965,1
53746314,1
53754792,1
53717478,1
53693347,1
53749526,1
53734248,1
53756144,1
53728694,1
53746838,1
53744099,1
53764364,1
53728794,1
53748088,1
53756394,2
53751049,1
53729190,1
53753999,1
53737419,1
53758095,1
53733540,1
53744423,1
53769084,1
53749962,1
53724274,1
53757030,1
53747251,1
53754387,1
53667770,1
53739234,1
53757530,1
53744972,1
53744006,1
53716642,1
53761736,1
53741270,1
53720792,1
53752536,1
53700468,1
53723671,1
53747218,1
53745992,1
53727020,1
53751502,1
53751530,1
53728146,1
53717212,1
53759969,1
53740776,1
53746080,1
53759968,1
53735652,1
53741939,1
53747447,1
53760083,1
53746501,1
53747517,1
53755842,1
53711968,1
53744973,1
53689324,1
53746828,1
53756271,1
53752385,1
53727733,1
53737105,1
53746974,1
53749764,1
53769157,1
53744451,1
53773570,1
53732597,1
53739403,1
53708183,1
53677968,1
53708332,1
53742228,1
53769858,1
53753482,1
53727673,1
53659101,1
53750979,1
53719453,1
53752515,2
53756393,2
53771798,1
53754085,1
53744542,1
53748432,1
53770757,1
53752912,1
53773613,1
53774102,1
53694272,1
53708319,1
53755927,1
53739600,1
53772635,1
53764363,1
53700141,1
53767389,1
53749787,1
53741514,1
53772876,1
53751529,1
53747061,1
53737542,1
53659654,1
53773411,1
53770756,1
53763709,1
53755527,1
53773569,1
53758468,1
53760104,1
53765710,1
53665778,1
53774170,1
53746774,1
53772915,1
53700466,1
53754084,1
53675789,1
53755249,1
53773089,1
53756669,1
53756859,1
53756860,1
53747217,1
53769158,1
53772150,1
53766621,1
53752951,1
53777735,1
53733730,1
53724791,1
53715054,1
53629956,1
53752461,1
53771637,2
53772916,1
53753503,1
53749812,1
53748491,1
53750002,1
53622708,1
53732366,1
53754483,1
53761177,1
53725659,1
53777736,1
53727438,1
53758779,1
53738654,1
53746859,1
53748079,1
53748175,1
53746917,1
53755248,1
53728853,1
53770005,1
53745525,1
53756589,1
53752443,1
53774507,1
53750946,1
53762260,1
53737274,1
53778576,1
53736288,1
53773410,1
53762259,1
53735342,1
53780317,1
53777584,1
53720000,1
53738139,1
53753043,1
53680895,1
53772286,1
53735854,1
53758894,1
53776999,1
53735925,1
53775419,1
53737275,1
53753576,1
53758083,1
53744397,1
53755425,1
53780118,1
53781631,1
53772014,1
53731016,1
53755634,1
53772013,1
53757262,1
53724472,1
53735382,1
53747402,1
53747448,1
53763016,1
53774103,1
53749571,1
53775330,1
53681155,1
53724951,1
53712373,1
53748312,1
53761788,1
53738838,1
53712619,1
53781630,1
53693348,1
53733541,1
53773407,1
53717220,1
53773350,1
53767974,1
53717329,1
53748813,1
53761178,1
53776414,1
53777585,1
53753015,1
53739277,1
53776854,1
53783282,1
53776998,1
53768780,1
53742501,1
53750720,1
53748427,1
53778716,1
53758040,1
53759616,1
53741871,1
53766625,1
53752844,1
53760103,1
53735339,1
53712010,1
53779582,1
53722034,1
53722028,1
53742455,1
53550262,4
53760483,1
53771483,1
53752326,1
53728783,1
53760642,1
53762076,1
53778575,1
53781312,1
53667529,1
53759526,1
53744492,1
53756748,1
53751335,1
53782975,1
53736536,1
53751778,1
53740775,1
53766624,1
53785903,1
53766973,1
53758881,1
53768779,1
53763255,1
53759207,1
53782749,1
53749957,1
53776100,1
53745811,1
53733515,1
53763708,1
53784627,1
53729751,1
53751779,1
53697184,1
53752990,1
53615997,1
53716568,1
53738653,1
53738837,1
53781311,1
53786885,1
53749811,1
53767673,1
53753943,1
53778818,1
53736278,1
53753962,1
53734998,1
53760012,1
53746120,1
53778817,1
53748955,1
53750155,1
53780281,1
53780405,1
53782045,1
53757656,1
53744654,1
53768411,1
53764060,1
53769872,1
53755066,1
53746918,1
53775584,1
53722585,1
53786612,1
53766321,1
53788212,1
53752516,2
53788373,1
53788374,1
53784535,1
53740715,1
53755500,1
53756875,1
53703553,1
53765544,1
53771985,1
53698160,1
53783281,1
53722055,1
53785991,1
53780577,1
53722216,1
53775692,2
53726094,1
53666337,1
53726557,1
53767923,1
53768181,1
53762806,1
53754849,1
53787834,1
53771405,1
53791560,1
53764355,1
53765962,1
53761582,1
53764458,1
53756105,1
53776984,1
53768993,1
53781100,1
53775696,2
53778518,1
53778715,1
53759525,1
53760308,1
53791296,1
53783185,1
53742136,1
53742456,1
53744965,1
53771638,2
53753697,1
53775697,2
53777111,1
53640966,1
53786894,1
53727019,1
53751691,1
53791183,1
53777450,1
53773720,1
53784626,1
53763714,1
53752950,1
53771096,1
53768180,1
53722793,1
53785854,1
53771111,1
53738321,1
53760084,1
53763422,1
53764478,1
53764518,1
53752501,1
53768994,1
53789610,1
53773296,1
53773229,1
53768393,1
53740718,1
53703720,1
53772515,1
53758853,1
53776892,1
53794287,1
53774253,1
53785193,1
53772755,1
53659276,1
53686749,1
53771825,1
53771896,1
53769085,1
53751018,1
53795503,1
53791293,1
53791295,1
53783040,1
53769473,1
53766760,1
53681762,1
53794288,1
53779879,1
53780781,1
53772398,1
53781013,1
53786727,1
53794863,2
53760757,1
53767548,1
53796419,1
53777255,1
53769272,1
53763786,1
53762942,1
53765668,1
53758250,1
53790164,1
53795643,1
53747468,1
53763810,1
53773896,1
53793255,1
53763962,1
53744870,1
53774169,1
53749530,1
53722172,1
53793415,1
53796249,1
53752409,1
53771571,1
53769859,1
53797411,1
53775693,2
53775953,1
53736039,1
53778519,1
53777089,1
53795502,1
53707576,1
53769271,1
53773558,1
53788559,1
53735573,1
53763904,1
53759236,1
53764356,1
53763350,1
53753926,1
53763412,1
53734445,1
53659277,1
53764756,1
53778567,1
53791213,1
53763827,1
53796988,1
53727527,1
53787903,1
53741515,1
53799096,1
53794743,2
53764489,1
53781131,1
53789864,1
53751247,1
53790330,1
53780790,1
53786117,1
53700469,1
53649208,1
53772516,1
53801712,1
53766338,1
53703281,1
53780019,1
53781401,1
53788381,1
53799415,1
53777451,1
53773317,1
53802136,1
53781749,1
53795556,1
53748822,1
53773721,1
53741878,1
53740616,1
53798489,1
53757657,1
53768409,1
53673716,1
53774297,1
53800182,1
53763423,1
53800181,1
53763485,1
53748549,1
53786906,1
53784304,1
53781748,1
53764889,1
53759615,1
53782858,1
53802137,1
53755501,1
53768270,1
53738322,1
53773907,1
53768410,1
53582017,4
53768394,1
53778003,1
53752191,1
53765958,1
53764585,1
53805619,1
53782549,1
53777127,1
53782976,1
53791168,1
53804921,1
53799425,1
53765545,1
53759879,1
53796781,1
53755766,1
53799505,1
53765399,1
53757529,1
53783100,1
53790589,1
53757995,1
53714239,1
53781087,1
53615393,1
53767922,1
53787286,1
53792705,1
53795513,1
53762760,1
53795888,1
53805082,1
53762883,1
53780505,1
53785989,1
53769819,1
53774374,1
53805649,1
53790858,1
53787940,1
53768939,1
53771812,1
53767975,1
53750139,1
53785554,1
53774651,1
53751578,1
53784638,1
53792786,1
53804828,1
53792674,1
53632010,1
53787363,1
53766529,1
53784639,1
53807769,1
53806867,1
53722967,1
53765961,1
53786223,1
53709835,1
53794742,2
53781012,1
53792124,2
53717221,1
53778788,1
53789917,1
53783005,1
53768092,1
53769469,1
53783144,1
53801394,1
53790452,1
53673624,1
53779659,1
53762017,1
53764477,1
53786544,1
53809967,1
53804648,1
53810116,1
53784370,1
53754447,1
53757261,1
53804917,1
53791212,1
53809386,1
53785790,1
53787569,1
53796987,1
53804231,1
53790654,1
53790590,1
53810991,1
53724966,1
53805648,1
53799072,1
53809966,1
53780031,1
53745400,1
53786728,1
53807503,1
53776090,1
53811828,1
53776091,1
53790000,1
53788526,1
53804920,1
53807717,1
53785855,1
53799502,1
53720132,1
53620551,1
53780576,1
53761623,1
53788999,1
53808310,1
53790859,1
53800362,1
53751124,1
53739888,1
53774375,1
53783888,1
53793651,2
53786895,1
53814228,1
53774462,1
53778572,1
53797923,1
53799424,1
53788425,1
53795679,1
53780272,1
53787570,1
53790275,1
53772122,1
53801297,1
53813368,1
53797077,1
53785194,1
53813929,1
53811354,2
53813928,1
53790975,1
53764890,1
53794952,1
53782703,1
53789774,1
53790983,1
53744541,1
53815816,1
53806631,1
53807718,1
53814897,1
53785878,1
53772287,1
53783640,1
53813933,1
53760655,1
53807251,1
53777230,1
53781146,1
53805946,1
53781275,1
53789652,1
53778781,1
53796595,1
53792785,1
53789888,1
53785694,1
53768093,1
53762805,1
53795773,1
53763155,1
53646216,1
53785308,1
53815470,1
53793528,1
53812729,1
53800361,1
53780018,1
53729883,1
53810154,1
53772992,1
53791167,1
53793791,1
53797952,1
53806341,1
53811997,1
53806642,1
53790276,1
53795603,1
53807797,1
53814935,1
53812365,1
53794309,1
53799071,1
53777090,1
53814358,1
53796407,1
53773090,1
53795338,1
53787364,1
53758300,1
53790451,1
53806761,1
53665688,1
53796197,1
53782450,1
53771462,1
53794864,2
53814227,1
53788293,1
53788426,1
53790129,1
53801018,1
53818821,1
53775289,1
53771683,1
53793334,1
53767264,1
53818207,1
53807252,1
53782626,1
53766415,1
53800285,2
53775603,1
53772983,1
53782704,1
53746111,1
53750077,1
53795634,1
53799421,1
53818628,1
53795889,1
53743836,1
53809580,1
53664398,1
53657202,1
53771361,1
53780827,1
53704343,1
53823678,1
53807226,1
53822254,2
53793481,1
53793650,2
53783960,1
53796481,1
53791004,2
53796482,1
53818516,1
53791251,1
53804842,1
53795644,1
53818683,1
53818651,1
53798468,1
53820319,1
53798536,1
53774289,1
53780776,1
53804406,1
53768809,1
53785229,1
53816530,1
53820957,1
53818206,1
53771819,1
53799301,1
53810115,1
53819895,1
53796418,1
53802001,1
53785555,1
53785712,1
53801075,1
53795512,1
53754507,1
53806762,1
53808101,1
53793482,1
53811054,2
53770164,1
53799110,1
53800517,1
53783943,1
53805905,1
53797782,1
53789419,1
53789865,1
53799157,1
53786869,1
53760839,1
53784315,1
53755104,1
53799385,1
53754646,1
53783060,1
53814934,1
53754791,1
53804230,1
53823539,1
53826352,1
53785418,1
53819463,1
53823677,1
53822255,2
53818243,1
53801762,1
53816881,1
53775896,1
53826598,1
53819863,1
53806259,1
53821207,1
53792706,1
53786870,1
53802272,1
53792938,1
53799660,1
53763156,1
53768733,1
53799683,1
53796168,1
53797205,1
53819267,1
53790804,1
53826416,1
53815368,1
53797412,1
53803009,1
53816880,1
53777328,1
53802002,1
53730374,1
53771799,1
53747159,1
53817161,1
53783061,1
53749703,1
53820106,1
53810354,1
53806147,1
53826732,1
53820046,1
53799506,1
53828694,1
53815801,1
53825707,1
53799599,1
53797206,1
53790653,1
53798897,1
53808301,1
53826417,1
53801704,1
53793527,1
53794790,1
53804827,1
53762453,1
53820105,1
53806340,1
53806620,1
53813169,1
53772214,1
53805045,1
53795860,1
53821486,1
53785992,1
53809997,1
53808311,1
53777110,1
53811053,2
53768734,1
53804407,1
53811143,1
53819462,1
53801703,1
53819475,1
53827778,1
53733589,1
53804632,1
53647011,1
53785556,1
53801017,1
53771751,1
53801002,1
53796763,1
53774995,1
53809257,1
53805135,1
53790329,1
53804355,1
53800286,2
53803061,1
53733386,1
53822511,1
53818414,1
53789821,1
53757132,1
53779295,1
53832468,1
53793993,1
53758567,1
53815243,1
53808100,1
53789000,1
53800040,1
53831869,1
53779878,1
53826455,1
53805678,1
53781048,1
53818415,1
53812948,1
53787279,1
53807669,1
53822682,1
53826797,1
53825706,1
53831187,1
53811986,1
53813170,1
53820173,1
53796762,1
53792937,1
53810480,1
53739278,1
53813461,1
53810877,1
53829956,1
53804399,1
53801732,1
53792123,2
53826666,1
53810130,1
53832141,1
53791003,2
53807688,1
53822865,1
53832325,1
53836504,1
53822866,1
53809385,1
53814654,1
53781982,1
53803671,1
53832360,1
53783099,1
53813126,1
53835429,1
53791559,1
53815382,1
53783699,1
53797968,1
53832978,2
53801806,1
53833544,1
53806024,1
53815590,2
53806224,1
53784247,1
53810314,1
53795345,1
53813215,1
53834419,1
53801821,1
53815487,1
53792155,1
53829200,1
53830577,1
53813932,1
53814194,1
53815479,1
53825104,2
53825168,1
53823789,1
53803160,1
53838960,1
53833543,1
53770687,1
53777438,1
53832326,1
53829565,1
53825850,1
53835052,1
53739402,1
53806980,1
53838252,1
53823778,2
53829199,1
53781276,1
53760806,1
53816782,1
53835948,1
53819593,1
53816797,1
53817046,1
53831078,1
53826667,1
53814357,1
53782984,1
53818472,1
53797953,1
53832361,1
53837835,1
53837838,1
53814607,1
53837839,1
53775065,1
53839857,1
53805492,1
53827263,1
53775288,1
53833024,1
53815469,1
53753170,1
53807227,1
53818186,1
53840045,1
53830350,1
53812730,1
53819592,1
53834752,1
53817037,1
53807502,1
53793790,1
53810355,1
53842001,1
53809071,1
53774930,1
53820482,1
53815994,1
53758568,1
53831640,1
53823506,1
53815358,1
53823547,1
53826431,1
53812681,1
53768895,1
53818242,1
53841425,1
53843035,1
53830578,1
53840243,1
53805947,1
53837628,2
53811831,1
53840495,1
53825528,1
53819908,1
53843283,1
53837727,1
53833903,1
53743933,1
53821691,1
53813695,1
53793445,1
53809998,1
53834681,2
53798914,1
53840195,1
53826430,1
53823777,2
53844375,1
53819474,1
53836164,1
53814193,1
53815589,2
53843034,1
53804775,1
53821226,1
53806210,1
53813205,1
53840479,1
53841907,1
53791117,1
53801076,1
53799420,1
53815973,1
53799684,1
53827152,1
53757768,1
53845591,1
53796196,1
53804585,1
53827825,1
53835949,1
53815623,1
53834753,1
53845745,1
53844662,1
53843137,1
53842090,1
53833819,1
53831079,1
53806866,1
53807841,1
53799995,1
53802482,1
53799850,1
53807100,1
53793407,1
53793408,1
53837335,1
53819449,1
53701607,1
53847035,1
53831970,1
53844188,1
53822510,1
53844189,1
53845788,1
53818407,1
53843138,1
53784249,1
53836503,1
53845857,1
53844663,1
53809118,1
53840480,1
53810422,1
53826855,1
53809570,1
53795680,1
53809571,1
53698255,1
53771388,1
53722123,1
53816130,1
53794951,1
53801740,1
53823736,1
53826539,1
53847061,1
53842998,1
53815622,1
53826712,1
53833572,1
53811969,1
53837790,1
53831110,1
53846040,1
53812342,1
53817723,1
53846290,1
53815369,1
53782503,1
53786545,1
53815486,1
53848457,1
53848458,1
53838806,1
53823983,1
53830917,1
53848633,1
53844726,1
53826733,1
53826713,1
53681768,1
53774890,1
53815944,1
53805009,1
53797078,1
53839858,1
53805491,1
53838295,1
53812519,1
53832977,2
53831868,1
53842999,1
53830619,1
53771820,1
53826612,1
53840203,1
53849775,1
53844357,1
53758140,1
53821208,1
53815802,1
53804918,1
53827974,1
53847577,1
53833699,1
53848792,1
53844727,1
53817646,1
53815945,1
53807798,1
53807842,1
53719336,1
53785990,1
53848169,1
53848168,1
53736038,1
53831911,1
53827636,1
53811026,1
53823613,1
53827893,1
53818328,1
53818556,1
53852739,1
53810234,1
53820174,1
53834280,1
53847974,1
53825737,1
53829957,1
53793284,1
53827303,2
53830167,1
53816613,1
53818252,1
53848459,1
53821149,1
53823819,1
53837629,2
53804774,1
53854145,1
53789635,1
53848755,1
53846003,1
53809447,1
53839424,1
53818684,1
53829795,1
53820798,1
53829972,1
53848114,1
53823744,1
53833136,1
53849808,1
53827709,1
53836121,1
53847036,1
53836480,1
53839033,1
53825169,1
53829493,1
53841939,1
53848696,1
53847520,1
53837726,1
53815815,1
53829564,1
53825595,1
53735572,1
53836726,1
53809258,1
53812174,1
53799685,1
53793476,1
53832944,1
53810990,1
53833025,1
53813886,1
53852107,2
53809886,1
53832910,1
53823743,1
53845744,1
53856701,1
53855515,1
53789671,1
53829486,1
53675877,1
53829640,1
53826882,1
53857070,1
53821427,1
53843412,1
53774929,1
53854435,1
53772215,1
53676340,1
53827264,1
53813462,1
53832911,1
53761737,1
53854719,2
53838251,1
53807176,1
53835956,1
53709605,1
53827916,1
53834871,1
53830558,1
53829242,1
53821148,1
53827907,1
53852523,1
53829419,1
53822984,1
53858393,1
53798467,1
53814792,1
53812341,1
53837852,1
53832469,1
53853398,1
53720175,1
53783639,1
53842765,1
53827304,2
53842823,1
53830449,1
53756272,1
53826396,1
53847062,1
53771573,1
53818327,1
53829331,1
53839219,1
53777410,1
53852941,1
53826997,1
53856936,1
53848815,1
53818517,1
53859816,1
53856138,1
53807684,1
53854436,1
53831233,1
53834229,1
53851745,3
53744869,1
53774238,1
53853855,1
53834699,1
53842967,1
53778566,1
53838996,2
53811703,1
53822933,1
53820045,1
53810404,1
53831320,1
53857016,1
53825736,1
53846098,1
53848791,1
53820481,1
53824170,1
53843454,1
53835535,1
53667220,1
53837240,1
53837248,1
53841375,1
53824883,1
53819628,1
53859514,1
53862290,2
53827850,1
53837551,1
53814791,1
53834169,1
53834228,1
53842822,1
53843650,1
53826351,1
53846773,1
53830351,1
53825151,1
53851135,1
53844374,1
53841426,1
53852646,1
53862291,2
53849852,1
53843207,1
53840497,1
53842193,1
53836864,1
53840006,1
53782504,1
53843887,1
53807018,1
53764254,1
53794967,1
53804460,1
53819448,1
53864801,1
53841406,1
53821034,1
53826613,1
53856688,1
53840194,1
53800444,1
53845862,1
53841908,1
53848634,1
53817036,1
53837778,1
53836709,1
53821426,1
53828668,1
53821457,1
53828897,1
53848969,1
53705642,1
53832811,1
53842670,1
53843649,1
53831683,1
53821915,1
53831835,1
53835811,1
53824575,1
53845616,1
53846892,1
53841405,1
53768808,1
53797629,1
53859469,1
53857026,1
53833902,1
53824292,1
53725660,1
53843740,1
53829145,1
53864800,1
53851142,1
53815455,1
53864945,1
53840287,1
53866271,1
53852483,1
53866489,1
53857017,1
53846011,1
53847578,1
53856922,1
53843350,1
53820320,1
53832419,1
53858977,1
53842146,1
53788580,1
53849081,1
53842766,1
53859441,1
53837552,1
53867586,1
53857776,1
53859392,1
53845777,1
53841940,1
53845801,2
53866432,1
53861373,1
53850358,1
53832348,1
53837885,1
53824180,1
53836767,1
53800008,1
53826339,1
53835810,1
53760805,1
53830408,1
53837247,1
53848176,1
53840244,1
53814188,1
53856689,1
53852634,1
53845800,2
53851368,1
53848695,1
53828075,1
53830914,1
53862314,1
53851479,1
53826798,1
53829492,1
53846010,1
53774996,1
53776853,1
53867387,1
53843972,1
53841574,1
53845708,1
53870425,1
53790882,1
53810230,1
53862315,1
53823913,1
53869574,1
53824043,1
53870792,1
53824069,1
53754506,1
53816131,1
53848164,1
53867391,1
53851826,1
53842812,1
53863107,1
53853815,1
53860338,2
53842811,1
53860466,1
53841433,1
53866270,1
53845787,1
53852820,1
53866488,1
53851367,1
53865189,1
53844805,1
53835208,1
53810407,1
53809717,1
53786214,1
53851825,1
53846289,1
53843516,1
53835520,1
53865767,1
53852106,2
53869062,1
53829372,1
53813887,1
53870512,1
53852821,1
53834682,2
53827957,1
53830948,1
53844921,1
53850185,1
53869818,1
53855997,1
53845468,1
53867467,1
53838507,1
53875682,2
53871208,1
53853856,1
53849719,1
53845733,2
53849774,1
53855110,1
53824070,1
53876008,1
53853082,1
53840701,1
53842194,1
53867480,1
53875564,1
53857299,1
53842669,1
53835534,1
53860374,1
53854868,1
53826315,1
53856798,1
53865000,1
53874415,1
53873211,1
53871851,2
53865002,1
53858351,1
53875955,1
53856758,1
53871948,1
53784248,1
53863730,1
53871832,1
53875943,1
53875013,1
53817349,1
53875014,1
53853496,1
53848308,1
53875596,1
53870322,1
53782550,1
53842895,1
53874416,1
53845642,1
53768940,1
53854120,1
53872315,1
53852940,1
53869724,1
53870857,1
53853407,1
53858914,1
53785013,1
53856139,1
53755841,1
53859097,1
53815480,1
53843721,1
53871364,1
53864846,1
53865981,1
53864780,1
53857699,1
53849809,1
53857640,1
53831912,1
53852635,1
53838995,2
53845861,1
53850052,1
53817348,1
53856785,1
53880407,1
53848736,1
53837697,1
53829487,1
53872215,1
53840498,1
53850084,1
53861374,1
53857022,1
53837886,1
53880869,1
53857187,1
53862911,1
53845445,1
53826454,1
53878597,1
53815635,1
53859593,1
53862378,1
53853083,1
53861232,1
53861656,1
53880811,1
53867354,1
53865462,1
53873984,1
53774271,1
53864779,1
53881220,1
53849853,1
53878596,1
53800443,1
53870483,2
53851434,1
53872216,1
53873380,1
53858352,1
53810408,1
53883231,1
53848872,1
53811968,1
53835330,1
53856312,1
53854720,2
53862917,1
53870117,1
53875655,1
53848348,1
53853955,1
53856661,1
53827906,1
53855305,1
53845732,2
53881523,2
53873216,1
53844356,1
53818471,1
53852958,1
53880406,1
53856921,1
53862571,1
53804902,1
53869573,1
53853071,1
53859107,1
53884678,2
53830039,1
53813367,1
53856313,1
53867453,1
53851991,1
53848307,1
53848177,1
53849446,1
53860339,2
53882203,1
53845592,1
53808400,1
53859408,1
53864901,1
53877214,1
53873128,1
53854144,1
53735963,1
53878694,1
53771120,1
53843284,1
53857071,1
53828319,1
53831603,1
53873777,1
53875656,1
53881162,1
53818187,1
53870321,1
53857587,1
53882196,1
53863106,1
53873080,1
53870307,1
53855109,1
53852140,1
53868888,1
53848586,1
53856799,1
53866483,1
53862366,1
53815695,1
53844920,1
53832142,1
53884339,1
53884341,1
53885958,1
53885959,1
53816045,1
53839543,1
53854410,1
53883616,1
53861655,1
53804396,1
53876563,1
53854725,1
53857636,1
53887877,1
53838482,1
53853932,1
53863288,1
53841575,1
53858318,1
53851378,1
53874625,1
53856935,1
53865317,1
53861648,1
53862627,1
53756046,1
53841192,2
53835521,1
53827385,1
53859106,1
53886640,2
53865766,1
53856553,1
53889555,1
53878714,1
53860724,1
53886868,1
53888206,1
53859646,1
53878746,1
53877405,1
53878677,1
53856160,1
53858530,1
53859807,1
53850357,1
53889320,1
53868364,1
53818201,1
53801805,1
53878427,1
53754448,1
53879895,1
53841636,1
53874276,1
53878678,1
53840421,1
53852647,1
53888349,1
53870459,1
53845882,1
53866756,1
53855984,1
53857021,1
53801469,1
53865780,1
53875681,2
53779806,1
53890557,1
53865994,1
53856682,1
53881287,1
53867541,1
53878750,1
53852484,1
53830963,1
53831188,1
53837792,1
53861572,1
53821579,1
53873935,1
53863289,1
53826358,1
53842725,1
53841191,2
53849715,1
53859401,1
53892458,1
53848626,1
53883089,1
53870760,1
53865362,1
53878888,1
53858622,1
53844804,1
53868029,1
53828693,1
53862502,1
53702716,1
53875565,1
53875494,1
53860212,1
53874151,1
53877017,2
53824790,1
53862174,1
53803022,1
53893865,1
53893864,1
53881522,2
53875977,1
53858901,1
53861573,1
53870764,1
53889830,1
53868028,1
53862570,1
53862501,1
53895614,1
53886612,1
53894828,1
53874150,1
53881219,1
53893453,1
53857957,1
53850083,1
53859513,1
53866593,1
53887116,1
53850557,1
53763961,1
53821580,1
53895615,1
53886490,1
53808264,1
53878320,1
53881248,1
53871471,1
53864703,1
53830076,1
53869002,1
53849716,1
53869061,1
53876154,1
53878745,1
53863693,1
53891480,1
53869757,1
53881688,1
53895367,1
53895407,1
53873502,1
53728337,1
53887849,1
53871287,1
53894893,1
53893348,1
53865926,1
53877213,1
53870225,1
53874435,1
53876997,1
53846784,1
53875976,1
53875989,2
53897916,1
53875886,1
53848445,1
53840257,1
53859145,1
53867363,1
53881161,1
53884824,1
53873928,1
53859119,1
53886624,1
53884825,1
53870310,1
53893647,1
53840135,1
53859517,1
53873284,1
53855516,1
53875990,2
53883328,1
53861111,1
53869582,1
53861112,1
53899775,1
53858621,1
53881692,1
53859899,1
53765753,1
53887632,1
53867386,1
53878321,1
53887631,1
53868637,1
53857639,1
53866282,1
53886867,1
53870460,1
53891093,1
53878887,1
53881568,1
53876146,1
53899774,1
53864393,1
53888955,1
53870858,1
53895498,1
53879298,1
53886474,1
53892047,1
53875641,1
53885092,1
53898856,1
53899081,1
53881603,1
53839146,1
53806211,1
53897057,1
53862559,1
53878012,1
53879120,1
53858978,1
53741278,1
53879358,1
53876640,1
53898626,1
53867479,1
53881239,1
53862124,1
53860656,1
53844143,1
53894977,1
53889683,1
53886880,1
53900566,2
53834704,1
53872122,1
53881658,1
53894317,1
53866893,1
53869699,1
53876291,1
53851435,1
53859815,1
53862718,1
53901207,1
53832594,1
53893097,2
53865753,1
53902976,1
53878371,1
53878382,1
53898501,1
53886613,1
53883959,1
53881273,1
53857568,1
53834703,1
53897917,1
53891120,1
53828206,1
53856822,1
53865001,1
53903432,1
53905084,1
53847519,1
53842145,1
53864146,1
53880810,1
53847975,1
53787902,1
53821778,1
53879299,1
53884677,2
53874105,1
53885156,1
53883958,1
53877016,2
53851134,1
53874081,1
53878660,1
53881249,1
53882828,1
53852720,1
53887129,1
53885811,1
53875085,1
53885908,1
53897109,1
53880824,1
53860543,1
53907163,1
53859468,1
53878484,1
53884078,1
53879880,1
53889751,1
53848627,1
53887130,1
53802271,1
53869723,1
53888987,1
53906492,1
53826048,1
53878428,1
53881167,1
53908489,1
53755896,1
53908577,1
53900356,1
53860213,1
53909937,1
53874104,1
53885143,1
53855306,1
53907492,1
53881368,1
53871989,1
53902264,2
53886012,1
53883013,1
53908992,1
53898249,1
53905470,1
53864027,1
53869700,1
53868106,1
53875642,1
53906839,1
53857300,1
53886590,1
53887972,1
53890556,1
53798865,1
53853892,1
53909936,1
53894181,1
53888430,1
53892647,1
53727437,1
53850262,1
53878013,1
53902977,1
53853710,1
53886585,1
53873103,1
53860657,1
53907060,1
53890885,1
53905972,1
53799247,1
53856823,1
53879896,1
53888552,1
53883230,1
53881689,1
53875285,1
53886623,1
53854039,1
53908723,1
53874624,1
53892566,1
53911687,1
53887182,1
53871139,1
53912326,1
53886641,2
53912325,1
53871209,1
53893540,1
53871580,1
53885777,1
53908968,1
53884340,1
53897004,1
53914510,1
53887115,1
53869581,1
53867024,1
53867007,1
53859958,1
53859260,1
53886473,1
53883784,1
53901208,1
53884761,1
53878383,1
53866112,1
53908706,1
53846891,1
53886687,1
53885478,2
53890924,1
53892469,1
53866101,1
53901810,1
53900526,1
53853995,1
53664942,4
53910413,1
53848756,1
53914509,1
53889950,1
53877901,1
53866894,1
53895644,1
53916704,2
53897621,1
53909841,1
53918294,1
53888182,1
53871852,2
53855423,1
53892345,1
53861141,1
53892646,1
53910796,1
53875132,1
53883615,1
53881238,1
53900314,1
53898627,1
53894950,2
53901429,1
53873102,1
53888257,1
53885157,1
53905960,1
53896444,1
53866516,1
53878749,1
53907493,1
53885957,1
53917283,1
53903549,1
53895406,1
53871132,1
53893096,2
53890350,1
53889298,1
53907019,1
53878370,1
53912311,1
53859274,1
53901315,1
53912566,1
53915232,1
53908705,1
53833003,1
53889507,1
53885479,2
53880256,1
53885390,1
53888348,1
53836329,1
53888307,1
53917181,1
53921410,1
53888827,1
53851692,1
53853580,1
53560242,5
53875495,1
53890305,2
53922209,1
53890460,1
53853711,1
53894949,2
53903219,1
53833704,1
53903220,1
53798864,1
53901897,1
53871947,1
53871831,1
53870482,2
53884262,1
53889732,1
53903627,1
53906342,1
53895318,1
53889112,1
53829796,1
53793303,1
53856311,1
53894713,1
53898502,1
53862912,1
53903007,1
53901340,1
53923569,1
53922393,1
53896259,2
53922551,1
53914442,1
53897948,1
53897949,1
53895218,1
53880305,1
53881644,1
53891423,1
53918876,1
53892640,1
53903008,1
53903942,1
53904007,1
53924922,1
53901559,1
53886795,1
53884263,1
53923630,1
53888183,1
53900643,1
53922552,1
53885778,1
53881693,1
53782328,1
53902830,1
53920165,1
53881906,1
53840770,1
53924812,1
53860204,1
53851030,1
53912304,1
53908476,2
53890461,1
53886784,1
53888258,1
53902372,1
53896715,1
53881578,1
53907607,1
53892591,1
53897058,1
53881659,1
53903439,1
53890014,1
53911917,3
53862728,1
53902829,1
53906344,1
53881907,1
53902504,1
53906770,1
53901430,1
53904321,1
53892084,1
53900435,1
53900626,1
53926630,1
53925200,2
53864999,1
53907626,1
53911546,1
53892567,1
53907831,1
53903606,1
53928339,1
53895476,1
53884495,1
53889442,1
53919482,1
53890670,1
53919522,1
53879939,1
53909842,1
53923631,1
53899062,1
53908730,1
53896260,2
53907540,1
53924124,1
53917180,1
53905155,1
53784712,1
53878893,1
53896947,1
53903644,1
53903628,1
53908359,1
53895495,1
53881679,1
53895497,1
53888828,1
53782409,1
53917890,1
53906838,1
53920636,2
53887858,1
53900501,1
53919757,2
53902253,1
53921411,1
53904836,1
53881571,1
53823917,1
53902265,2
53891706,1
53907830,1
53903550,1
53902505,1
53897154,1
53859959,1
53854492,1
53911196,1
53920567,1
53905810,1
53905932,1
53912549,1
53922220,1
53881343,1
53866139,1
53908576,1
53895043,1
53905973,1
53922462,2
53910242,1
53895219,1
53902036,1
53922463,2
53923773,1
53899549,1
53896716,1
53910809,1
53930998,1
53859842,1
53884632,1
53908534,1
53865781,1
53919523,1
53900375,1
53916685,1
53908462,1
53879719,1
53916872,1
53916844,1
53927800,1
53855424,1
53885294,1
53776129,1
53928190,1
53910588,1
53909179,1
53855647,1
53899761,1
53872376,1
53890114,1
53892782,1
53867287,1
53927649,1
53912387,1
53914082,1
53916705,2
53912388,1
53928811,1
53922156,1
53933151,1
53748287,1
53903229,1
53906815,1
53926433,1
53900436,1
53925201,2
53878693,1
53899593,1
53892457,1
53906226,1
53928157,1
53888956,1
53905266,1
53795861,1
53851780,1
53908417,1
53923354,1
53935896,1
53721231,4
53934694,1
53899124,1
53900390,1
53922511,1
53911499,1
53908949,1
53894010,1
53905267,1
53914441,1
53905523,1
53903645,1
53892783,1
53891541,1
53925782,1
53923225,1
53908475,2
53898342,1
53906814,1
53933422,1
53885391,1
53934693,1
53913178,1
53863560,1
53883088,1
53924219,1
53892454,1
53925354,1
53568041,5
53913733,1
53906349,1
53925768,1
53924780,1
53906687,1
53904034,1
53905752,1
53908533,1
53920851,1
53911386,1
53894892,1
53897831,1
53926414,1
53892367,1
53903230,1
53906176,1
53909076,1
53913222,1
53907606,1
53902409,1
53884494,1
53906301,1
53910795,1
53912011,1
53917513,1
53938593,2
53902968,1
53938850,1
53878492,1
53926648,1
53928082,1
53897887,1
53915796,1
53928055,1
53937969,1
53894318,1
53813121,1
53932618,1
53930986,1
53902357,1
53921671,1
53935916,1
53905798,1
53920855,1
53914250,1
53923432,2
53938851,1
53936050,1
53903099,1
53927863,1
53914299,1
53874924,1
53937810,1
53914300,1
53917240,1
53917132,1
53906300,1
53932584,1
53913337,1
53932617,1
53917557,1
53939539,1
53939855,1
53937466,1
53868905,1
53933471,1
53838807,1
53933431,1
53902298,1
53906288,1
53925352,1
53932438,2
53909102,1
53899564,1
53936376,1
53932583,1
53928191,1
53924423,1
53938286,1
53884631,1
53935874,2
53860205,1
53922150,1
53922257,1
53889319,1
53923431,2
53900391,1
53917941,1
53924923,1
53912567,1
53914126,1
53926434,1
53898887,1
53915572,1
53905961,1
53885668,1
53915571,1
53888547,1
53899608,1
53881628,1
53911906,1
53913686,1
53912312,1
53938609,1
53911327,1
53942679,2
53914107,1
53933340,1
53923570,1
53885295,1
53944361,1
53900520,1
53918293,1
53942879,1
53908838,1
53819894,1
53918877,1
53902574,1
53851658,1
53800039,1
53943961,3
53871270,1
53936927,1
53920704,1
53917848,1
53922283,1
53909843,1
53892085,1
53918307,1
53918682,1
53937970,1
53932393,1
53918970,1
53906372,1
53920124,1
53913734,1
53931106,1
53935649,1
53880870,1
53939408,1
53916559,1
53919415,1
53922123,2
53925769,1
53926200,1
53927660,1
53945221,2
53887822,1
53948036,1
53945460,1
53851003,1
53920705,1
53914161,1
53911746,1
53873503,1
53924131,1
53917284,1
53895425,1
53939298,1
53941983,1
53927164,1
53947517,1
53936590,1
53848871,1
53735545,4
53947610,3
53924779,1
53923224,1
53920430,1
53941465,1
53905710,1
53911376,1
53857487,1
53930594,1
53925347,1
53916845,1
53944360,1
53924438,1
53922869,1
53902877,1
53950365,1
53922122,2
53950899,1
53948037,1
53919732,1
53947130,1
53942878,1
53921165,1
53950059,1
53932437,2
53932683,1
53906373,1
53928366,1
53939407,1
53911167,1
53930431,1
53925789,1
53933203,1
53935853,1
53945426,1
53936000,1
53945587,1
53942649,1
53884099,1
53881529,1
53914362,1
53918301,1
53926667,1
53952799,2
53915795,1
53925438,1
53908154,1
53847903,1
53918906,1
53912012,1
53806805,1
53948102,1
53953600,1
53909774,1
53952534,1
53918225,1
53889721,1
53907373,1
53926485,1
53944589,1
53929956,1
53932684,1
53911931,1
53928400,1
53950256,1
53906771,1
53936890,1
53934124,1
53947005,1
53940011,1
53877176,1
53918286,1
53935999,1
53929205,1
53926397,1
53936051,1
53914277,1
53908724,1
53926647,1
53922601,1
53931107,1
53920164,1
53931103,1
53862729,1
53927623,1
53933191,1
53956312,1
53911232,1
53918304,1
53943394,1
53929204,1
53929486,1
53924220,1
53943581,1
53935392,1
53955717,1
53941982,1
53928347,1
53936604,1
53928380,1
53903109,1
53935895,1
53935873,2
53914016,1
53950715,1
53945459,1
53949698,1
53933323,1
53913929,1
53920838,1
53947109,1
53945586,1
53907603,1
53937385,1
53867579,1
53928054,1
53940544,1
53913161,1
53954519,1
53957009,1
53933677,1
53943230,1
53935335,1
53939111,1
53944778,1
53935525,1
53943582,1
53930999,1
53949165,1
53950255,1
53929777,1
53957720,1
53928964,1
53931757,1
53935995,1
53950716,1
53953567,1
53920854,1
53914249,1
53888071,1
53918741,1
53888559,1
53895424,1
53950165,1
53946553,1
53860375,1
53887490,1
53927801,1
53914162,1
53867642,1
53933394,1
53935994,1
53921026,1
53925351,1
53936283,1
53921670,1
53930756,1
53960118,1
53959988,1
53929957,1
53949351,1
53935852,1
53935889,1
53938615,1
53918110,1
53927891,1
53943053,1
53917239,1
53947395,1
53927091,1
53940691,1
53944595,1
53935334,1
53899858,1
53928260,1
53935698,1
53916684,1
53927659,1
53934228,1
53946887,1
53930507,1
53960671,1
53959095,1
53930506,1
53923871,1
53943238,1
53924132,1
53913221,1
53907791,1
53941862,1
53896989,1
53929871,1
53925501,1
53886483,1
53945222,2
53929386,1
53908731,1
53953565,1
53934541,1
53936130,1
53932063,1
53911545,1
53940333,1
53938982,1
53936129,1
53936388,1
53888752,1
53929778,1
53939281,1
53932727,1
53944567,1
53862518,1
53940921,1
53945183,1
53930432,1
53853814,1
53890304,1
53960687,1
53947004,1
53934540,1
53935951,1
53923789,1
53965109,1
53963702,1
53948804,1
53932330,1
53937942,1
53955606,1
53904843,1
53930907,1
53922733,1
53944723,1
53941961,1
53944612,1
53959987,1
53944637,1
53939282,1
53930987,1
53941271,1
53949530,1
53966019,2
53939564,1
53942657,1
53912696,1
53960784,1
53952565,1
53962313,1
53939013,1
53866431,1
53944470,1
53944545,1
53968089,1
53937811,1
53917211,1
53944638,1
53958463,1
53777819,1
53902969,1
53922067,1
53917508,1
53942650,1
53953601,1
53946937,1
53953566,1
53922284,1
53878659,1
53945398,1
53936287,1
53943085,1
53918923,1
53933770,1
53950233,1
53887821,1
53968632,1
53964047,1
53938608,1
53938592,2
53950731,1
53935890,1
53864702,1
53917889,1
53933166,1
53949533,1
53948107,1
53937467,1
53945821,1
53932521,1
53940495,1
53950018,1
53958464,1
53940922,1
53941270,1
53942368,1
53934227,1
53913928,1
53961620,1
53950498,1
53938614,1
53946936,1
53968762,1
53966018,2
53939912,1
53947166,1
53943054,1
53952566,1
53959474,1
53955302,1
53919856,1
53940389,1
53940494,1
53943437,1
53896988,1
53966529,1
53941821,1
53949190,1
53935699,1
53914751,1
53969667,1
53949517,2
53946888,1
53945315,1
53934293,1
53905995,1
53950680,1
53969921,1
53966116,1
53972606,1
53949733,1
53930489,1
53951022,1
53963459,1
53941592,1
53929212,1
53930622,1
53930621,1
53943239,1
53875956,1
53940545,1
53840494,1
53929387,1
53957010,1
53944588,1
53959845,1
53969364,1
53951944,1
53959022,1
53923607,1
53929079,1
53956562,1
53923774,1
53945820,1
53941808,1
53965110,1
53944566,1
53954324,1
53967878,1
53960121,1
53960005,1
53917339,1
53950499,1
53975215,1
53964472,1
53974263,1
53945399,1
53955303,1
53954230,1
53919852,1
53963703,1
53950152,1
53951945,1
53946490,1
53936928,1
53939903,1
53966047,1
53939565,1
53972930,1
53971684,1
53969020,1
53966528,1
53969122,1
53974652,1
53862234,1
53968051,1
53816076,1
53977648,1
53952979,1
53861569,1
53974184,2
53971481,1
53974203,1
53922189,1
53967387,1
53953667,1
53959172,1
53951177,1
53942928,1
53950050,1
53976103,1
53973113,1
53939113,1
53955510,1
53927892,1
53952757,1
53952921,1
53955755,1
53930048,1
53956057,1
53956311,1
53841376,1
53939902,1
53967437,1
53845947,1
53955511,1
53943231,1
53946157,1
53978895,1
53950153,1
53938203,1
53973914,1
53966708,1
53963987,1
53953256,1
53967121,1
53969019,1
53896305,1
53952758,1
53969246,1
53958174,1
53930960,1
53939160,1
53925355,1
53963890,1
53957511,1
53949211,1
53980358,1
53870700,1
53971153,1
53960215,1
53977941,1
53945158,1
53957778,1
53960708,1
53979803,1
53945503,1
53929329,1
53947131,1
53940246,1
53941788,1
53959808,1
53982944,1
53980234,1
53922732,1
53949350,1
53962719,1
53953412,1
53975216,1
53908488,1
53969998,1
53979804,1
53945204,1
53927624,1
53950848,1
53958141,1
53969099,1
53967835,1
53922478,1
53969121,1
53931938,1
53958225,1
53980233,1
53978885,1
53970770,1
53940778,1
53853579,1
53956270,1
53960464,1
53963208,1
53958961,2
53956463,1
53975526,1
53983718,1
53983933,1
53980007,1
53954231,1
53941820,1
53959688,1
53940644,1
53949147,1
53958391,1
53958392,1
53983042,1
53947555,1
53972443,1
53971418,2
53953257,1
53939798,1
53979813,1
53916906,1
53959319,1
53956474,1
53934929,1
53968259,1
53944777,1
53932522,1
53984734,1
53983078,1
53962728,1
53968657,1
53949518,2
53953101,1
53979707,1
53971543,1
53986445,1
53966272,1
53956573,1
53962102,1
53948367,1
53954103,1
53903199,1
53977319,1
53940179,1
53906289,1
53985630,1
53985631,1
53962442,1
53834078,1
53955718,1
53925564,1
53983164,1
53958499,1
53983163,1
53963209,1
53961459,1
53979708,1
53959320,1
53980887,1
53989469,1
53966323,1
53985512,1
53933324,1
53955363,1
53951229,1
53980130,1
53936414,1
53969363,1
53974805,1
53925392,1
53957510,1
53960161,1
53825851,1
53933861,1
53952940,1
53982383,1
53988718,2
53958962,2
53958746,1
53972893,1
53963523,1
53954130,1
53964715,1
53965006,1
53966204,1
53980008,1
53954336,1
53987056,1
53979027,1
53965313,1
53985140,1
53963242,1
53957894,1
53977940,1
53924811,1
53966205,1
53974382,1
53956576,1
53955320,1
53962077,1
53966465,1
53963760,1
53968064,1
53972124,1
53968763,1
53940122,1
53985244,1
53947059,1
53974451,1
53991897,1
53988092,1
53955266,1
53933193,1
53970298,1
53950045,1
53969137,1
53992695,1
53923870,1
53965465,1
53987432,1
53954753,1
53961234,1
53957528,1
53972125,1
53949440,1
53967012,1
53969666,1
53974225,1
53964362,1
53960647,1
53973175,1
53989468,1
53950051,1
53943438,1
53959846,1
53978884,1
53960951,1
53962231,1
53965412,1
53982956,1
53966572,1
53988676,1
53969788,1
53993329,1
53949545,1
53969999,1
53991871,2
53974346,1
53988085,1
53956521,1
53992252,1
53992251,1
53974815,1
53931044,1
53974912,1
53968258,1
53949148,1
53954325,1
53968427,1
53958412,1
53952116,1
53988677,1
53990680,1
53991870,2
53856552,1
53972657,1
53979814,1
53973114,1
53971825,1
53960701,1
53969144,1
53974814,1
53964198,1
53998701,1
53949546,1
53892140,1
53961460,1
53982601,1
53960670,1
53953666,1
53962230,1
53911653,1
53980033,1
53958175,1
53967946,1
53963917,1
53955754,1
53887489,1
53953078,1
53997087,1
53971556,1
53933423,1
53974282,1
53975979,1
53940334,1
53962103,1
53967879,1
53974651,1
53974806,1
53977498,1
53983095,1
53960122,1
53993330,1
53980696,1
53977994,1
53958977,1
53977001,1
53974283,1
53967396,1
53996272,1
53979884,1
54000418,1
53966365,1
53983972,1
53973289,1
53981545,1
53999221,1
53990051,1
53971154,1
53973831,1
53966568,1
53996031,1
53974202,1
53964197,1
53974262,1
53977000,1
53989509,1
53983838,1
53938839,1
53919758,1
53956444,1
54001918,1
53973176,1
53966299,1
53965013,1
53975924,1
53983055,1
53877742,1
53970771,1
53988554,1
53998417,1
53995725,1
54001137,1
53890377,1
53971580,1
53971683,1
54004451,1
53968913,1
53965014,1
53977389,1
53982828,1
53951228,1
53933339,1
53969236,1
54002090,1
53982924,1
53968249,1
53998530,1
53930461,1
53974183,2
53986389,2
53964363,1
54004357,1
53964347,1
53977123,1
54003038,1
53976102,1
53963522,1
53977318,1
53963752,1
53978936,1
53963783,1
53957115,1
53996652,1
53973742,1
53991349,1
54002499,1
53949482,1
53961619,1
53983710,1
53983717,1
54000530,1
54005820,1
53919776,1
54001921,1
54000473,1
53986996,1
53907372,1
53974649,1
53988439,1
53984735,1
53986077,1
53972278,1
54008081,1
54007144,1
53997353,1
53974369,1
53982602,1
53974275,1
54001872,1
53918264,1
53988124,1
53992696,1
53988398,1
53940818,1
53970924,1
53851691,1
54007683,1
53982265,1
53916558,1
54007915,1
54002498,1
53971367,1
53990657,1
54007068,2
53993394,1
54007069,2
53970048,1
53938942,1
53948200,1
53977099,1
53988166,1
53974464,1
53973434,1
53989546,1
54002043,1
53991002,1
53987398,1
53980387,1
53870701,1
53993349,1
54007014,2
54006955,1
53971482,1
53985155,1
53959108,1
53999038,1
53956399,1
54001922,1
53985416,1
53973435,1
53991183,1
53947396,1
53974673,1
53988438,1
54009139,1
53894256,1
53954722,1
53941207,1
53991457,1
54002584,1
53972583,1
54009846,1
53979729,1
53988086,1
54003111,1
53989374,1
53833557,1
53980034,1
53953970,1
53977581,1
53963889,1
53985701,1
53960162,1
53980359,1
53999828,1
54010704,1
53937049,1
53986358,1
53990517,1
53987833,1
53991896,1
53986211,1
53993527,1
53979934,1
53985342,1
54012685,1
54002971,1
53979946,1
54010012,1
53989488,1
53981532,1
53997557,1
54000419,1
53967774,1
53982885,1
53985657,1
53995504,1
53998700,1
54001493,1
53971452,1
54001585,1
53985156,1
53907018,1
53996271,1
53989018,1
54012686,1
53985141,1
53989411,1
54010116,2
53918265,1
53959603,1
54011719,1
53978894,1
53966504,1
53979448,1
53983079,1
53963113,1
53931136,1
53985987,1
54004270,1
53996051,1
54015184,1
53986390,2
53992193,1
53985243,1
53993602,1
53985547,1
53970461,1
54004681,1
54011720,1
54010258,1
53982925,1
54012983,1
53983041,1
54005001,1
53961183,1
53971399,1
53976822,1
53992085,1
53983807,1
54018210,1
53997558,1
53979966,1
54012871,1
54012876,1
53996456,1
54012921,1
53987055,1
53993954,1
54015001,1
53998475,1
53946720,1
53917514,1
53953437,1
54016148,1
54001494,1
54010752,1
54004356,1
53892141,1
54002611,1
54013968,1
53993677,1
53984267,1
54003264,1
53942678,1
53986464,1
54011390,1
54004682,1
53970089,1
53973232,1
53958503,1
53991314,1
53938445,1
53777820,4
53985073,1
53967250,1
53994292,1
53920637,1
53995986,1
53992086,1
53968934,1
54005712,1
53969100,1
53991984,1
54000529,1
53969237,1
54002091,1
54002179,1
53985658,1
53988490,1
53998486,1
53957617,1
53964048,1
53987918,1
53999827,1
54016572,1
53900594,1
54000274,1
54004530,1
53772636,4
54020913,1
53999039,1
54018304,1
53936415,1
54013030,1
54007576,1
53960997,1
53985672,1
53998474,1
53983054,1
54001176,1
53991270,1
53976807,1
53996123,1
53989019,1
53953564,1
53998921,1
53994677,1
54020914,1
54018305,1
54018376,1
54015552,1
53954139,1
54018507,1
54010343,1
54001030,1
53985702,1
53999426,1
53993955,1
53998529,1
54002158,1
53990374,1
54015096,1
53995771,1
54018742,1
53976556,1
54015097,1
53988751,1
53977122,1
54015354,1
54020803,1
54009883,1
54019320,1
54024959,1
53937382,1
54023753,1
53962312,1
54004698,1
53993836,1
53995339,1
53981546,1
54022710,1
53992591,1
53993716,1
53846004,1
54012982,1
54024003,1
54001177,1
54007595,1
53987433,1
54003991,1
53961182,1
54023158,1
54004889,1
53908360,1
54023359,1
53897620,1
54009845,1
54024627,1
53961897,1
53973227,1
53998931,1
53995236,1
53985535,1
53980167,1
53990956,1
54025413,1
54025698,1
54021317,1
54017633,1
54015922,1
54024164,1
53996769,1
53966709,1
53998605,1
54002612,1
53947811,1
54015183,1
53802481,4
53947879,1
53983591,1
53961916,1
53971461,1
54012551,1
54023594,1
53971462,1
54019513,1
53980109,1
53992585,1
53981555,1
54004661,1
54008829,1
53985673,1
54018506,1
53995704,1
54004835,1
53998288,1
53987399,1
54015000,1
53990282,1
54026932,1
53999646,1
53990679,1
54000073,1
54015452,1
54018225,1
54007190,1
53990997,1
54022297,1
54029282,1
53998097,1
53997838,1
54025228,1
53946034,1
53988226,1
53999304,1
53998098,1
53991125,1
53991042,1
54024004,1
54022882,1
53980117,1
53995615,1
53935576,1
53886489,1
53971366,1
54009676,1
53966048,1
53994676,1
53998960,1
54007092,1
53906006,1
54003253,1
54008615,1
53938838,1
54004524,1
53992204,1
54019821,1
53996421,1
53921007,1
54021132,1
54013040,1
54026637,1
53996603,1
54000426,1
54021117,1
53988489,1
53996604,1
54003924,1
54025549,1
54006518,1
54025697,1
54015847,1
54004012,1
54012465,1
53985269,1
54000072,1
54030424,1
53994900,1
54005821,1
53989904,1
54007390,1
54008830,1
54032144,1
54014761,1
54006619,1
54010503,1
54007015,2
53987834,1
54009674,1
53957719,1
53969578,1
54026222,1
53998922,1
54013502,1
54005457,1
54000275,1
54005789,1
53867596,1
54027709,1
53989903,1
53993644,1
53990955,1
53999222,1
53975929,1
54029365,1
54018476,1
54031039,1
54020128,1
54003923,1
53928381,1
53969665,1
53972442,1
53986210,1
54010703,1
53958553,1
54010751,1
54013805,1
54020709,1
54002725,1
53997573,1
54000863,1
54005940,1
54014213,1
53993877,1
53996422,1
54032190,1
54017391,1
53994291,1
54004275,1
54007916,1
54020710,1
54015415,1
54026309,1
54031821,1
54007398,1
53975930,1
54008340,1
54011391,1
54010952,1
53994973,1
53969191,1
53984372,1
53996589,1
53932412,1
54032189,1
53976086,1
54024196,1
53938287,1
53894714,1
53996015,1
53985262,1
54018018,2
54002820,1
53997330,1
54033131,1
54016510,1
54015342,1
53994867,1
54010130,1
54031990,1
53944339,1
53992414,1
53991182,1
54015737,1
53952920,1
54029452,1
54032243,1
53878742,1
54016101,1
54035377,1
54031696,1
54001952,1
53992586,1
53971890,1
54029437,1
53980118,1
54031369,1
54026886,1
54018913,1
53930351,1
54002726,1
53988750,1
54017878,1
53999993,1
54024393,1
54002819,1
54020833,1
54037178,1
54007218,1
54031695,1
54009866,1
54027768,1
54008614,1
54029436,1
54031040,1
53996683,1
53881035,1
54016100,1
54015269,1
54029951,1
54034504,1
54018017,2
53972658,1
54016532,1
54022109,1
54022217,1
53989547,1
54014119,1
54033356,1
54028171,1
54004688,1
54002042,1
54034995,1
54009247,1
54005156,1
54019321,1
54011043,1
54034503,1
54027406,1
53993358,1
54015551,1
54016603,1
54011317,1
54018375,1
54041554,1
53975923,1
53934656,1
54009140,1
54007412,1
54011767,1
54007596,1
54034994,1
54004687,1
53968170,1
53917433,1
53949596,1
54024605,1
54016937,1
53982945,1
54030950,1
54026638,1
54014886,1
54029620,1
54028744,1
54026933,1
54015263,1
53990658,1
54012558,1
53994694,1
54042706,1
54015341,1
54027405,1
54023648,1
54026551,1
54044282,1
53987293,1
54010117,2
54030651,1
54040299,1
53974672,1
53996455,1
54044888,1
54032333,1
54025833,1
54017462,1
54002336,1
53955731,1
54026938,1
54023358,1
54021737,1
54022123,1
54034626,1
54047277,1
53933388,1
53981926,1
54039098,1
54021116,1
54014903,1
54047622,1
54022983,1
54024165,1
54028663,1
54018743,1
53991350,1
54027433,1
54045354,1
54015326,1
53959109,1
53994547,1
54011436,1
54010129,1
54041866,1
54029410,1
54047623,1
53995770,1
54025866,1
54021808,1
54038309,2
54021648,1
54043758,1
54040975,1
54042710,2
54008467,1
54026308,1
54015461,1
54031928,1
54034549,1
54018180,1
54018236,1
53955321,1
54036178,1
53996682,1
54026895,1
54043255,1
54026847,1
53938434,1
53953077,1
54043759,1
54020834,1
54042705,1
54018914,1
54022118,1
54026552,1
54044360,1
54043032,1
54039140,1
54047404,1
54048637,1
54022881,1
54040395,1
54026846,1
54026885,1
54029586,1
54028820,1
54004276,1
54013464,1
54049207,1
54016533,1
53997408,1
54050923,1
54016451,1
54022262,1
53992413,1
54031999,1
53989688,1
54032143,1
54004634,1
54004697,1
54043031,1
54021093,1
54025414,1
54032287,1
54037671,1
53927088,1
54025865,1
54026131,1
54013467,1
54021807,1
53971419,1
54034606,1
53975353,1
54025200,1
54012875,1
54027933,1
54025486,1
54013041,1
54047405,1
54026577,1
54011560,1
54054119,1
54026849,1
54034198,1
54034385,2
54017877,1
54024588,1
54027588,1
54037366,1
54026531,1
54029281,1
54018301,1
54012920,1
54029453,1
54050351,1
54039309,1
54044797,1
54055746,1
54053123,1
54029619,1
54007707,1
54051726,1
54018915,1
54034386,2
54043989,1
54015396,1
54037202,1
53974269,1
54016774,1
54055092,1
54022124,1
53982644,1
54038764,1
54021094,1
54026681,1
53965155,1
54052957,1
54050207,1
54024014,1
54056834,1
54050350,1
54012027,1
54025895,1
54012026,1
53968426,1
54051727,1
54037122,1
54023429,1
54012559,1
54031886,1
53920908,1
54010953,1
54037320,1
54034742,1
54036208,1
54036273,1
54030357,1
54033279,1
54053981,1
54041555,1
54030709,1
54029446,1
54033624,1
54007546,1
54051500,1
54032334,1
54053127,1
54047786,1
54059123,1
54057681,1
54032057,1
54042755,1
54034607,1
54037356,1
54011559,1
53998959,1
53966322,1
54044508,1
54056709,1
54055466,1
54054114,1
54040412,1
54035014,1
53862463,1
54032262,1
54028594,1
54051501,1
54024222,1
54029587,1
54037958,1
54053505,1
53950364,1
54029952,1
54040773,1
54017907,1
54029908,1
53996130,1
54029004,1
54016511,1
54044119,1
54030708,1
54037527,1
54033357,1
54032058,1
54050006,1
54040411,1
54047802,1
54047801,1
54026050,1
53972293,1
54034401,1
54040978,1
54053504,1
54023370,1
54037117,1
54034408,1
54049042,1
54059016,1
54010839,1
54046398,1
54042717,1
54035732,1
54059283,1
54046683,1
54046682,1
54052196,1
54059381,1
53981509,1
54052498,1
54015707,1
54049999,1
54005969,1
54047276,1
54029364,1
54030957,1
54012104,1
54020157,1
54061243,1
54010382,1
54025834,1
54057321,1
54057320,1
54027434,1
54043725,1
54046705,1
54057804,1
54029057,1
54052497,1
54042930,1
54059507,1
54053988,1
54059380,1
54037358,1
54036326,1
53985536,1
54056887,1
54007708,1
54039784,1
54062761,1
54059015,1
54050774,1
53947878,1
54037357,1
54015523,1
54036203,1
54034779,1
54054115,1
54028170,1
54003112,1
54010315,1
53954814,1
54037201,1
54042709,2
54035669,1
54057682,1
54042869,1
54063321,1
53984553,1
54061088,1
54045820,1
54062284,1
54056855,1
54065122,1
54013077,1
54021473,1
54050698,1
54038143,1
54038235,1
54037121,1
54028989,1
54041015,1
54038432,1
54020667,1
54023582,1
54037399,1
54051028,1
54027769,1
54033623,1
54045640,1
54056640,1
54067717,1
53976087,1
54045984,1
54006020,1
54059743,1
54025459,1
54025638,1
54059768,1
54042130,1
54037957,1
53912303,1
54040974,1
54051975,1
54060482,1
54044118,1
53981082,1
54038763,1
54033278,1
54035991,1
54042998,1
54044747,1
53881817,1
54032216,1
54052956,1
54031398,1
54064084,1
54031010,1
54028745,1
54020479,1
54047780,1
54047785,1
54050590,1
54037116,1
54042577,1
54065444,1
54043556,1
53978191,1
54064707,1
54060531,1
54067431,2
54018209,1
54046956,1
54024626,1
54037553,1
54063664,1
54028445,1
54026921,1
54010316,1
54035015,1
54029562,1
54028444,1
54035171,1
54048792,1
54035358,1
54038234,1
54065445,1
54037177,1
54038308,2
54051029,1
54053706,1
54044281,1
54024716,1
54031805,1
54027840,1
54044509,1
54034836,1
54062276,1
54061109,1
54069377,1
54063776,1
54014200,1
54039310,1
54044796,1
54069431,1
54069900,1
54054517,1
54059022,1
54061868,1
54070075,1
54027858,1
54071420,1
54032077,1
54033586,1
54055267,1
53933389,1
54067716,1
54036327,1
54032213,1
54063952,1
54045985,1
54023975,1
54040563,1
53990283,1
54072528,1
54064536,1
54062766,1
54046289,1
54067261,1
54021778,1
54061811,1
54045400,1
54071370,1
54042734,1
54007411,1
54015527,1
54019444,1
54070485,1
54001951,1
54008714,1
54029636,1
54055649,1
54047705,1
54072301,1
54044704,1
53916463,1
54057349,2
54051974,1
54040825,1
54046397,1
54060584,1
54046957,1
54067477,1
54064771,1
54034780,1
54074548,1
54004529,1
54044678,1
54051194,1
54032217,1
53998253,1
54053122,1
54048767,1
54064041,1
54044679,1
54032242,1
54069615,1
54050591,1
54072529,1
54056249,2
54071141,1
54046603,1
54076673,1
54049431,1
54038630,1
54050937,1
54030517,1
54030518,1
54063665,1
54051147,1
54034862,1
54072009,1
54033835,1
54074577,1
54006245,1
54070554,1
54076111,1
54037721,1
54052807,1
54074997,1
54070600,1
54050699,1
54053345,1
54048766,1
54065374,1
54053493,1
54075428,1
54076672,1
54067262,1
54050914,1
54058113,1
54070250,1
54047075,1
54041867,1
54059508,1
54034844,1
54072101,1
54069413,1
54054221,1
54029637,1
54058430,1
54078073,1
54067987,1
53928401,1
54040827,1
54056322,1
54071140,1
54029056,1
54075669,1
54067430,2
54076905,1
54068763,1
54076993,1
54053843,1
54038607,1
54059469,1
54053980,1
54054032,1
54070712,1
53998632,1
54048849,1
54050915,1
54048196,1
54053649,1
54060431,1
54043878,1
54038535,1
54049656,1
54056710,1
54045821,1
54030824,1
54051200,1
54058431,1
54056886,1
54072232,1
54054219,1
54074986,1
54054220,1
54002335,1
54056321,1
54041094,1
54051952,1
54061978,1
54060481,1
54060575,1
54031949,1
54055252,1
54065123,1
54069388,1
54032156,1
54073360,1
53991286,1
53940779,1
54050206,1
54074787,1
54077768,1
54026704,1
54048848,1
53988719,1
54040826,1
54062762,1
54073851,1
54023649,1
54052030,1
54059282,1
54052031,1
54048356,1
54055388,1
54058442,1
54025201,1
54074652,1
54056708,1
54059591,1
54061078,1
54036582,1
54048698,1
54026922,1
54028774,1
54061865,1
54038550,1
54042870,1
54060551,1
54046696,1
53992602,1
54026597,1
54066531,1
54045147,1
54053344,1
54059767,1
54061812,1
54053663,1
54055093,1
54071419,1
54059181,1
54061979,1
54060552,1
54056543,1
54037374,1
54027587,1
54064803,1
54063419,1
54068848,1
54075830,1
54056551,1
54063484,1
54067819,1
54065025,1
54058443,1
54059532,1
54020158,1
54069376,1
54023174,1
54070750,1
54023171,1
54059052,1
54057803,1
54059271,1
54053705,1
54063418,1
54015526,1
54059272,1
54074576,1
54062180,1
54062253,1
54066272,1
54058895,1
54061727,1
54054546,1
54051953,1
54057348,2
54056372,1
54040957,1
54054746,1
54051003,1
54044126,1
54064903,1
54021036,1
54073273,1
54073214,1
54047704,1
54061527,1
54048641,1
53965246,1
54068288,1
54028876,1
54050886,1
54068720,1
54028967,1
53959325,1
54070249,1
54066355,1
54067820,1
54058651,1
54044889,1
53983096,1
54070785,1
53867355,4
54049041,1
54004271,1
54032956,1
54059124,1
54068491,1
54039113,1
54068806,1
54057738,1
54064855,1
54060954,1
54019672,1
54063553,1
54048570,1
54070599,1
54012145,1
54042508,1
54075510,1
54076565,1
54020971,1
54060432,1
54071369,1
53990991,1
54050007,1
54004867,1
54064930,1
54059353,1
54037590,1
54072010,1
54069414,1
54073272,1
54023964,1
54073368,1
54072567,1
54012550,1
54032490,1
54072731,1
54047008,2
54064804,1
54029198,1
54066532,1
54077728,1
54058650,1
54056036,1
54034277,1
54070786,1
53889211,4
54076359,2
54035388,1
54076525,1
54059053,1
54068398,1
54070361,1
54058043,1
54045775,1
54062232,1
54066587,1
54063953,1
54058768,1
54064040,1
54064085,1
54072375,1
54075511,1
54072667,1
54076564,1
54072841,1
54054745,1
54068807,1
54053869,1
54074549,1
54077561,1
54077813,1
54076055,1
54062285,1
54070667,1
54065375,1
54053537,1
54063109,1
54073012,1
54011078,1
54063680,1
54063769,1
54046984,1
54061488,1
54026132,1
54061132,1
54058014,1
54034753,1
54056833,1
54044962,1
54035257,1
54068267,1
54070011,1
54065854,1
54071464,1
54034845,1
54050922,1
54073021,1
54062179,1
54061079,1
54000522,1
54047983,1
54017894,1
54075427,1
54040774,1
54046380,1
54053897,1
54073852,1
54060863,1
54072302,1
54056248,2
54064537,1
54065853,1
54059383,1
54017264,1
54059587,1
54066356,1
54066165,1
54056839,1
54053986,1
54076095,1
54076190,1
54053126,1
54070076,1
54057676,1
54075798,1
54071463,1
54040330,1
54057027,1
54069432,1
54062604,1
54031552,1
54063084,1
54059259,1
54068939,1
54074847,1
54051201,1
54058112,1
54063320,1
54065178,1
54073237,1
54059691,1
54075321,1
53944001,1
54076524,1
54070318,1
54070447,1
54055465,1
54060955,1
54062605,1
54049388,1
54034429,1
54059023,1
54074788,1
54063809,1
54053662,1
54067524,1
54075560,1
54076904,1
53923680,1
54075982,1
54070307,1
54076112,1
54007569,1
54077915,1
54072233,1
54077900,1
54015187,1
54075559,1
54074068,1
54032157,1
54075970,1
54077916,1
54062602,1
54031672,1
54062603,1
54057703,1
54032955,1
53986831,1
54077197,1
54075831,1
54040564,1
54057028,1
54076358,2
54043419,1
54076992,1
54001866,1
54011028,1
54041401,1
54050885,1
54077602,1
54070617,1
54074069,1
54051352,1
54055947,1
54071442,1
54077272,1
54075944,1
53986076,1
54062644,1
54070864,1
54077273,1
54044407,1
54078074,1
54072668,1
54067525,1
53898567,4
54064900,1
54077492,1
54069760,1
54028877,1
54062905,1
54068500,1
54044359,1
54073138,1
54030873,1
54073236,1
54047007,1
53851717,4
53945145,1
54064584,1
54059419,1
54026718,1
54075763,1
54069761,1
54021472,1
54071441,1
54064901,1
54072554,1
54021549,1
54031573,1
54014294,1
54067075,1
54068377,1
54073917,1
54077633,1
54031551,1
53959761,1
54027857,1
54074998,1
54075368,1
53963057,1
53972492,1
54071172,1
54076051,1
54038805,1
54065800,1
54062765,1
54075322,1
54072730,1
54060532,1
54004834,1
54056838,1
54031944,1
54066822,1
54067610,1
54072300,1
54059531,1
54059744,1
54050775,1
54028994,1
54070224,1
53933236,4
54077042,1
53991313,1
54046288,1
54068669,1
54020480,1
54077767,1
54073359,1
54056466,1
54032439,1
54076094,1
54034637,1
54055089,1
54057809,1
54040956,1
53987572,4
54070967,1
54075367,1
54072657,1
53963112,4
54069901,4
54051463,5
