"id","Cluster"
55448554,1
55449757,1
55448873,1
55449099,1
55450249,1
55450248,1
55449074,1
55453761,1
55449737,1
55449758,1
55452935,1
55450119,1
55451828,1
55448687,1
55452936,1
55452089,1
55455481,1
55448478,1
55454081,1
55456833,1
55456921,1
55449100,1
55449193,1
55457519,1
55456834,1
55452345,1
55459775,1
55451662,1
55459970,1
55456386,1
55456746,1
55449496,1
55455171,1
55456861,1
55456928,1
55455416,1
55459776,1
55461381,1
55460351,1
55449731,1
55460667,1
55448661,1
55448839,1
55458384,1
55462668,1
55461382,1
55462728,1
55461945,1
55449408,1
55456233,1
55455482,1
55465489,1
55459964,1
55454544,1
55465610,1
55466405,1
55455715,1
55466675,2
55451795,1
55449303,1
55465803,1
55460652,1
55465488,1
55454850,1
55457653,1
55462288,1
55466153,1
55465203,1
55460914,1
55465202,1
55451632,1
55467298,1
55467297,1
55459202,1
55470184,1
55460668,1
55468770,1
55467929,1
55465417,1
55466908,1
55469651,1
55469865,1
55462982,1
55468487,1
55460712,1
55470668,1
55467866,1
55448724,1
55458387,1
55465687,1
55473003,1
55460711,1
55467867,1
55463880,1
55466580,1
55455354,1
55452236,1
55450118,1
55464010,1
55476464,1
55467095,1
55456747,1
55451333,1
55460523,1
55465122,1
55476089,1
55456944,1
55470669,1
55468152,1
55461454,1
55468323,1
55454710,1
55475606,1
55471314,1
55473208,1
55478815,1
55473411,1
55448688,1
55469949,1
55451878,1
55452088,1
55453673,1
55451261,1
55473408,1
55474357,1
55458064,1
55478960,1
55470889,1
55479066,1
55455843,1
55455716,1
55468242,1
55467411,1
55452134,1
55467588,2
55457652,1
55473294,1
55474420,1
55481732,1
55473929,1
55475605,1
55449304,1
55479065,1
55481843,1
55468241,1
55449188,1
55482238,1
55452344,1
55448723,1
55462667,1
55479099,1
55466579,1
55481844,1
55466980,1
55483941,1
55462041,1
55479431,1
55467930,1
55449730,1
55455415,1
55478904,1
55468048,1
55464013,1
55451822,1
55460267,1
55478297,1
55483940,1
55481137,1
55452151,1
55463215,1
55481496,1
55477174,1
55477162,1
55460913,1
55471773,1
55465121,1
55478816,1
55456874,1
55481634,1
55481633,1
55463593,1
55458003,1
55485656,1
55463693,1
55474710,1
55482951,1
55486452,1
55482237,1
55488183,1
55471788,1
55484436,1
55483719,1
55456504,1
55449407,1
55468774,1
55463315,1
55473512,1
55482209,1
55460260,1
55475682,1
55448479,1
55475926,1
55449495,1
55485504,1
55473511,1
55459872,1
55490115,1
55481963,1
55456387,1
55452316,1
55463594,1
55458002,1
55478716,1
55478907,1
55490983,1
55466456,1
55485978,1
55448840,1
55487363,1
55454430,1
55490198,1
55473842,1
55476465,1
55460009,1
55454711,1
55464578,1
55449781,1
55477277,1
55490924,1
55482696,1
55471725,1
55481583,1
55492678,1
55467983,1
55452589,1
55481802,1
55481801,1
55492891,1
55454849,1
55480884,1
55450794,1
55475681,1
55451332,1
55492431,1
55449575,1
55468775,1
55490984,1
55488271,1
55456943,1
55455531,1
55489970,1
55455556,1
55454635,1
55487665,1
55468486,1
55456927,1
55488412,1
55494467,1
55497468,1
55495808,1
55480940,1
55467665,1
55451133,1
55488338,1
55498081,1
55493632,1
55448811,1
55495376,1
55451813,1
55494792,1
55449187,1
55462287,1
55452235,1
55463220,1
55463269,1
55493649,1
55495329,1
55466300,1
55493975,1
55494071,1
55453388,1
55491695,1
55472919,1
55460010,1
55454698,1
55497467,1
55467561,1
55462082,1
55463298,1
55474421,1
55484239,1
55481582,1
55493650,1
55455672,1
55461946,1
55497992,1
55479993,1
55500741,1
55499444,2
55496834,1
55451796,1
55462074,1
55501234,1
55451134,1
55490689,1
55500787,1
55470859,1
55476019,1
55490923,1
55501857,1
55498080,1
55488182,1
55470747,1
55494137,1
55455589,1
55496833,1
55495640,1
55497260,1
55503951,1
55462981,1
55473004,1
55448555,1
55492432,1
55487885,1
55452588,1
55500817,1
55493606,1
55501791,1
55478906,1
55504826,1
55466676,1
55503928,1
55493275,1
55504524,1
55479674,1
55482691,1
55477175,1
55504825,1
55478903,1
55451576,1
55468178,1
55492759,1
55486393,1
55459873,1
55472920,1
55449871,1
55500786,1
55472049,1
55503731,2
55469482,1
55453311,1
55455844,1
55457201,1
55461718,1
55475485,1
55462961,1
55460261,1
55448662,1
55501790,1
55477163,1
55500943,1
55459849,1
55476328,1
55504022,1
55454634,1
55501377,2
55498744,1
55459497,1
55497993,1
55471411,1
55507320,1
55457124,1
55499188,1
55481839,1
55494138,1
55508151,1
55497152,1
55470125,1
55484736,1
55504021,1
55479552,1
55463337,1
55471499,1
55504523,1
55501856,1
55504561,1
55495389,1
55493607,1
55507272,1
55484435,1
55499187,1
55489920,1
55457202,1
55506447,2
55494072,1
55509275,1
55494073,1
55505348,1
55457448,1
55503969,1
55456369,1
55503419,1
55481393,1
55463694,1
55488325,1
55507611,1
55473591,1
55481693,1
55504991,1
55487398,1
55469804,1
55511010,1
55503970,1
55482210,1
55468292,1
55481138,1
55484900,1
55501506,1
55467549,1
55506070,1
55497964,1
55454291,1
55503449,1
55470509,1
55485292,1
55506177,1
55463297,1
55452694,1
55504695,1
55504562,1
55506264,1
55504990,1
55465385,1
55495639,1
55514878,1
55449205,1
55512254,1
55464590,1
55457449,1
55471366,1
55498605,1
55460352,1
55506113,1
55471412,1
55490783,1
55478717,1
55467892,1
55484240,1
55496301,1
55501771,1
55463759,1
55466781,1
55501119,1
55468293,1
55495799,1
55473818,1
55478296,1
55489348,1
55490392,1
55511009,1
55452106,1
55487724,1
55515450,1
55507207,1
55514435,1
55495111,1
55509995,1
55485116,1
55512832,1
55470748,1
55503629,1
55465384,1
55509297,2
55516716,1
55494779,1
55456505,1
55463270,1
55452317,1
55512586,1
55481497,1
55496300,1
55512833,1
55488413,1
55518488,1
55500933,1
55487196,1
55487197,1
55511917,1
55460091,1
55464258,1
55458385,1
55502679,1
55519017,1
55462917,1
55509602,1
55506783,1
55492192,1
55454152,1
55518142,1
55488071,1
55491044,1
55511916,1
55478885,1
55500942,1
55487343,1
55508152,1
55449192,1
55487425,1
55517693,1
55511082,1
55483849,1
55487618,1
55482076,1
55512371,1
55479430,1
55498717,1
55519609,1
55517117,1
55457772,1
55517118,1
55449752,1
55451661,1
55521001,1
55500953,1
55518489,1
55463230,1
55507610,1
55520188,1
55473410,1
55521415,3
55520189,1
55489971,1
55494074,1
55512002,1
55513331,1
55479100,1
55487426,1
55479225,1
55455857,1
55487669,1
55522193,1
55517941,1
55460343,1
55497965,1
55481394,1
55476088,1
55454080,1
55487200,1
55519972,1
55485624,1
55448812,1
55489927,1
55521398,1
55494097,1
55523009,1
55466979,1
55517759,1
55516639,1
55493137,1
55467438,1
55465877,1
55517955,1
55519971,1
55515711,1
55506265,1
55520111,1
55514688,1
55517412,1
55450218,1
55507861,1
55523077,1
55490452,1
55451188,1
55482695,1
55487936,1
55489662,1
55487034,1
55521223,1
55522828,1
55457074,1
55466152,1
55499369,1
55477581,1
55491009,1
55522913,1
55521397,1
55474689,1
55473675,1
55522945,1
55501120,1
55465611,1
55503950,1
55462960,1
55517954,1
55468503,1
55463229,1
55467893,1
55507565,1
55495591,1
55490365,1
55495941,1
55503070,1
55464589,1
55497850,1
55523461,1
55451318,1
55514436,1
55497048,1
55451575,1
55480741,1
55486757,1
55449206,1
55516938,1
55490453,1
55523414,1
55460175,1
55462081,1
55488079,1
55449782,1
55476222,1
55495534,1
55514512,1
55485360,1
55485505,1
55528327,1
55489952,1
55492892,1
55495638,1
55524677,1
55492928,1
55494778,1
55473037,1
55528836,1
55467550,1
55519813,1
55500696,1
55500628,1
55463214,1
55522912,1
55452302,1
55524079,2
55522879,1
55524157,1
55493976,1
55525716,1
55524080,2
55525622,1
55458386,1
55466907,1
55489000,1
55528658,1
55468324,1
55521869,1
55515093,1
55522360,1
55462177,1
55492239,1
55528888,1
55525284,1
55526265,1
55485361,1
55514446,1
55495390,1
55481725,1
55499445,1
55527318,1
55456071,1
55484783,1
55487386,1
55531442,1
55490296,1
55484899,1
55525194,1
55481374,1
55517037,1
55492105,1
55463316,1
55498781,1
55509994,1
55471888,1
55495470,1
55525621,1
55532410,1
55495533,1
55481923,1
55492238,1
55487670,1
55503173,1
55501385,1
55471365,1
55503450,1
55459498,1
55482692,1
55495375,1
55467991,1
55477544,1
55454621,1
55533195,1
55456070,1
55462918,1
55493276,1
55463290,1
55517104,1
55501690,1
55496208,1
55490890,1
55489921,1
55480112,1
55485977,1
55479237,1
55534114,1
55500024,1
55497185,1
55492193,1
55483944,1
55486674,1
55533493,1
55482322,1
55465876,1
55468635,1
55533527,1
55526264,1
55485293,1
55479854,1
55525500,1
55473295,1
55521002,1
55474356,1
55482952,1
55511737,1
55467992,1
55523731,1
55533773,1
55468250,1
55534058,1
55495620,1
55481964,1
55497259,1
55496508,1
55500835,1
55487033,1
55513002,1
55496209,1
55515710,1
55476192,1
55525501,1
55494122,1
55526947,1
55464009,1
55522967,1
55504963,1
55521573,1
55539550,1
55538385,1
55513560,1
55490505,1
55525055,1
55475486,1
55519610,1
55475749,1
55451153,1
55539202,1
55536609,1
55517561,1
55534129,1
55527319,1
55487364,1
55471141,1
55460108,1
55493136,1
55501419,1
55534205,1
55464681,1
55513996,1
55538863,1
55516939,1
55452107,1
55487617,1
55529153,1
55508939,1
55515433,1
55455590,1
55472048,1
55471887,1
55495328,1
55515773,1
55509182,1
55506335,1
55472348,1
55540859,1
55495641,1
55542244,1
55453698,1
55505349,1
55512467,1
55536373,1
55528040,1
55522624,1
55518143,1
55539055,1
55540257,1
55478886,1
55539236,1
55506250,1
55501237,1
55535095,1
55532409,1
55521336,1
55514679,1
55496721,1
55459969,1
55485872,1
55532532,1
55522944,1
55534052,1
55494661,1
55509591,1
55469950,1
55517105,1
55504569,1
55511573,1
55523730,1
55488425,1
55517100,1
55525499,1
55509298,1
55480740,1
55457433,1
55521868,1
55530035,1
55506710,1
55517749,1
55517692,1
55520564,1
55512253,1
55542440,1
55487937,1
55501770,1
55537572,1
55544773,1
55488485,1
55499368,1
55535210,1
55466782,1
55509390,1
55545071,1
55517560,1
55464259,1
55498625,1
55508550,1
55517731,1
55545298,1
55545824,1
55476323,1
55520115,1
55513508,1
55457259,1
55521574,1
55546444,1
55531391,1
55508435,1
55546889,1
55500335,1
55517760,1
55517038,1
55514468,1
55543209,1
55544816,1
55535094,1
55482098,1
55547783,1
55506784,1
55503844,1
55458535,1
55539715,1
55542439,1
55544171,1
55509592,1
55482075,1
55538864,1
55512468,1
55479675,1
55538977,1
55547356,1
55456862,1
55512597,1
55484398,1
55520110,1
55535211,1
55507862,1
55513332,1
55544817,1
55544917,1
55533864,2
55494660,1
55512370,1
55516986,1
55533492,1
55538962,1
55522425,1
55486769,1
55536310,1
55545610,1
55507273,1
55544563,1
55511736,1
55513001,1
55537389,1
55526807,1
55549025,1
55522878,1
55542379,1
55481840,1
55517788,1
55547965,1
55514447,1
55536374,1
55504696,1
55514459,1
55452303,1
55551199,1
55545823,1
55512882,1
55551268,1
55506270,1
55520030,1
55533774,1
55543399,1
55543398,1
55491045,1
55501138,1
55549026,1
55550380,1
55532531,1
55540771,1
55459965,1
55552058,1
55473676,1
55516987,1
55473046,1
55452135,1
55500740,1
55520031,1
55488324,1
55512585,1
55531018,1
55484544,1
55517317,1
55544821,1
55509183,1
55532359,1
55487287,1
55476324,1
55534115,1
55463879,1
55547946,1
55530036,1
55492104,1
55465879,1
55526239,1
55553818,1
55509274,1
55476327,1
55506389,1
55556001,1
55481267,1
55479165,1
55515029,1
55490391,1
55500006,1
55514950,1
55555201,1
55505945,1
55537006,1
55555200,1
55515016,1
55525283,1
55486768,1
55545611,1
55525502,1
55528328,1
55554433,1
55543622,1
55506711,1
55556000,1
55527242,1
55547782,1
55516717,1
55553433,1
55534206,1
55520576,1
55449357,1
55451317,1
55504570,1
55530926,1
55551356,1
55551357,1
55531759,1
55523878,1
55553004,1
55526806,1
55516195,1
55549064,1
55558654,1
55516119,1
55521920,1
55497151,1
55550511,1
55517787,1
55520248,1
55498451,1
55557864,1
55533357,1
55515028,1
55517055,1
55507206,1
55496925,1
55553916,1
55555789,1
55506546,1
55512881,1
55557104,1
55536716,1
55488477,1
55557291,1
55525755,1
55545005,1
55542243,1
55498626,1
55515019,1
55525056,1
55508342,1
55528835,1
55519743,1
55465878,1
55476018,1
55534621,1
55515623,1
55531017,1
55559645,1
55543276,1
55555790,1
55558653,1
55554599,1
55558769,1
55560457,1
55512199,1
55464682,1
55557863,1
55517748,1
55520649,1
55491694,1
55453762,1
55451189,1
55538976,1
55515622,1
55485655,1
55522643,1
55559646,1
55517316,1
55457073,1
55513142,1
55494511,1
55502282,1
55456368,1
55560458,1
55460109,1
55557779,1
55528914,1
55555414,1
55534420,1
55523460,1
55498782,1
55537390,1
55536309,1
55543113,1
55543168,1
55562471,1
55455671,1
55557103,1
55536599,1
55513141,1
55492758,1
55551781,1
55522192,1
55528923,1
55522361,1
55538974,1
55493371,1
55515434,1
55542776,1
55564847,1
55519854,1
55536368,1
55540405,1
55543277,1
55561238,1
55534051,1
55488484,1
55564198,1
55549182,1
55550381,1
55541297,1
55556105,1
55558920,1
55557780,1
55490567,1
55506380,1
55506071,1
55454290,1
55559299,1
55555576,1
55555629,1
55540455,1
55474464,1
55559835,1
55562470,1
55554048,1
55518433,1
55553158,1
55542310,1
55488339,1
55561623,1
55481819,1
55543623,1
55478102,1
55501384,1
55497186,1
55531497,1
55528933,1
55460342,1
55540182,1
55566525,1
55566664,1
55501691,1
55499858,1
55520136,1
55517619,1
55479509,1
55454556,1
55564370,1
55561644,1
55534057,1
55542598,1
55542451,1
55527740,1
55511684,1
55551047,1
55474648,1
55564197,1
55521645,1
55495600,1
55547899,1
55469866,1
55498606,1
55465074,1
55475927,1
55537381,1
55540189,1
55567578,1
55539041,1
55515449,1
55525718,1
55502534,1
55457434,1
55473812,1
55513507,1
55561572,1
55537005,1
55546686,1
55486453,1
55561838,1
55550846,1
55538963,1
55528913,1
55485085,1
55542777,1
55539040,1
55542934,1
55518148,1
55484399,1
55468179,1
55537382,1
55535248,1
55526926,1
55496550,1
55538068,1
55568317,1
55541183,1
55545209,1
55572565,1
55524950,1
55508551,1
55522414,1
55566304,1
55530450,1
55550749,1
55528924,1
55495112,1
55530750,1
55530751,1
55571973,1
55506334,1
55561095,1
55544509,1
55573325,1
55470655,1
55485618,1
55492677,1
55565335,1
55483720,1
55564292,1
55538416,1
55558890,1
55480704,1
55533196,1
55564935,1
55536239,1
55552831,1
55539198,1
55562376,1
55515772,1
55488078,1
55530032,1
55523072,1
55535249,1
55568318,1
55538239,1
55512001,1
55564130,1
55559922,1
55538412,1
55494485,1
55571670,1
55575493,1
55476791,1
55519814,1
55515539,1
55574704,1
55567471,1
55541773,1
55488476,1
55561397,1
55561368,1
55468251,1
55558701,1
55546435,1
55563070,1
55508341,1
55514951,1
55547980,1
55520575,1
55542647,1
55526575,1
55567577,1
55572987,1
55545648,1
55572156,1
55466404,1
55562377,1
55506251,1
55576092,1
55516194,1
55513738,1
55565336,1
55479236,1
55527243,1
55542309,1
55534200,1
55516638,1
55523413,1
55552459,1
55534418,1
55543169,1
55572988,1
55540231,1
55552832,1
55565058,1
55473409,1
55572155,1
55522968,1
55526791,1
55547494,1
55456192,1
55509478,1
55566910,1
55490004,1
55543972,1
55571669,1
55545268,1
55536211,1
55572797,1
55526344,1
55540302,1
55518149,1
55500600,1
55449736,1
55573056,1
55558283,1
55578761,1
55554600,1
55564131,1
55577931,1
55495692,1
55501238,1
55563069,1
55550729,1
55563436,1
55542553,1
55534345,1
55545267,1
55469796,1
55558100,1
55573057,1
55529154,1
55555628,1
55578593,1
55540230,1
55518214,1
55521474,1
55575018,1
55524050,1
55467096,1
55501222,1
55525754,1
55501451,1
55534201,1
55539197,1
55575706,1
55544520,1
55533494,1
55582985,1
55529759,1
55481731,1
55551682,1
55547647,1
55506547,1
55557292,1
55580630,1
55579372,1
55582289,1
55509479,1
55558057,1
55454431,1
55552560,1
55530749,1
55544519,1
55540456,1
55521193,1
55555565,1
55580332,1
55488424,1
55531218,1
55506390,1
55533863,1
55544840,1
55547681,1
55558770,1
55528586,1
55505537,1
55557793,1
55533370,1
55539714,1
55449576,1
55529004,1
55578592,1
55572073,1
55540256,1
55567704,1
55578848,1
55567703,1
55555849,1
55585942,1
55550510,1
55544172,1
55585140,1
55509424,1
55536014,1
55552465,1
55530624,1
55582836,1
55524895,1
55585587,1
55537441,1
55488070,1
55539054,1
55512733,1
55586869,1
55581445,1
55574837,1
55555856,1
55576541,1
55509515,1
55534417,1
55533170,1
55568904,1
55575350,1
55582837,1
55531621,1
55519831,1
55585689,1
55534622,1
55582986,1
55580316,1
55559455,1
55561137,1
55544772,1
55569407,1
55514662,1
55560071,1
55565562,1
55529874,1
55546443,1
55589118,1
55588111,1
55569872,1
55547945,1
55523427,1
55506112,1
55563777,1
55588371,1
55585690,1
55553823,1
55581413,1
55585943,1
55578904,1
55544916,1
55532377,1
55555848,1
55560070,1
55547627,1
55531219,1
55556140,1
55495809,1
55538909,1
55516484,1
55460266,1
55496094,1
55591169,1
55585815,1
55587003,1
55522734,1
55573322,1
55532167,1
55523972,1
55545845,1
55577918,1
55558702,1
55590468,1
55587729,1
55590469,1
55553412,1
55572593,1
55498624,1
55550820,1
55534128,1
55522606,1
55552848,1
55583011,1
55544822,1
55512732,1
55545846,1
55492587,1
55567450,1
55535073,1
55591388,1
55576155,1
55584635,1
55591519,1
55546602,1
55559921,1
55584634,1
55450219,1
55587614,1
55507616,1
55568672,1
55589116,1
55523143,1
55505944,1
55552464,1
55569010,1
55593696,1
55468634,1
55583930,1
55582963,1
55526782,1
55536810,1
55575017,1
55500005,1
55544930,1
55566725,1
55515545,1
55472500,1
55540827,1
55546436,1
55592902,1
55511081,1
55553434,1
55557796,1
55531531,1
55513961,1
55585400,1
55579997,1
55556412,1
55594953,1
55580279,1
55510540,1
55494098,1
55594340,1
55565561,1
55509320,1
55569011,1
55594428,1
55560178,1
55561571,1
55557762,1
55550750,1
55538995,1
55570127,1
55556534,1
55566631,1
55581230,1
55591170,1
55594952,1
55585803,1
55573913,1
55594427,1
55568673,1
55549181,1
55540826,1
55469803,1
55542469,1
55535991,1
55594653,1
55542622,1
55467764,1
55593912,1
55553824,1
55477276,1
55534743,1
55563776,1
55581444,1
55576154,1
55539203,1
55595367,1
55509489,1
55598890,1
55544929,1
55537075,1
55575363,1
55572798,1
55569912,1
55599439,1
55562066,1
55593900,1
55569303,1
55599562,1
55551048,1
55565248,1
55540858,1
55595716,2
55545006,1
55542369,1
55558921,1
55563905,1
55575881,1
55496722,1
55525717,1
55538975,1
55589935,1
55474647,1
55587615,1
55555726,1
55597117,1
55560007,1
55575364,1
55500023,1
55601875,1
55600082,1
55578177,1
55550821,1
55544564,1
55571974,1
55602203,1
55555707,1
55543208,1
55561239,1
55595602,1
55501235,1
55509401,1
55549855,1
55559084,1
55575720,1
55602202,1
55603188,1
55495621,1
55564934,1
55514687,1
55558519,1
55513559,1
55598721,1
55597118,1
55598699,1
55547964,1
55542646,1
55496095,1
55500599,1
55578760,1
55599556,1
55575707,1
55567879,1
55561138,1
55538240,1
55558576,1
55601193,2
55501223,1
55558977,1
55560560,1
55574428,1
55589206,1
55605657,1
55566405,1
55533526,1
55538996,1
55553922,1
55547355,1
55567472,1
55500629,1
55586640,1
55559836,1
55589602,1
55553921,1
55580447,1
55573347,1
55565059,1
55476185,1
55595531,1
55545210,1
55602845,1
55542470,1
55596454,1
55578235,1
55457773,1
55581223,1
55555575,1
55511647,1
55559618,1
55547628,1
55569538,1
55544809,1
55519018,1
55566934,1
55555883,1
55532945,1
55601677,1
55546687,1
55569146,1
55536367,1
55537627,1
55536600,1
55606080,1
55596886,1
55554434,1
55546603,1
55517036,1
55599563,1
55519855,1
55547329,1
55552768,1
55544671,1
55589665,1
55607774,1
55555857,1
55473930,1
55554617,1
55580993,1
55563684,1
55571964,1
55564702,1
55589603,1
55581229,1
55581168,1
55611467,1
55604945,1
55527015,1
55516052,1
55578886,1
55602566,1
55595717,2
55512125,1
55549281,1
55569974,1
55582691,1
55594652,1
55566406,1
55569302,1
55607579,1
55586817,1
55611468,1
55526723,1
55607775,1
55573273,1
55520172,1
55577770,1
55550560,1
55516485,1
55468153,1
55582706,1
55585155,1
55572564,1
55579946,1
55495906,1
55549804,1
55544849,1
55550941,1
55599405,1
55490690,1
55580157,1
55553915,1
55540303,1
55610527,1
55563068,1
55553159,1
55567101,1
55568969,1
55605656,1
55597420,1
55567652,1
55610245,1
55550196,1
55615942,1
55555706,1
55583248,1
55566663,1
55591444,1
55586075,1
55566935,1
55563435,1
55542286,1
55607353,1
55589205,1
55590795,1
55579996,1
55485177,1
55532166,1
55564703,1
55577503,1
55558577,1
55585804,1
55523010,1
55577919,1
55601085,1
55494510,1
55583386,1
55571278,1
55540964,1
55598828,1
55568534,1
55575388,1
55575348,1
55546958,1
55534331,1
55593899,1
55588429,1
55580417,1
55576293,1
55611529,1
55578887,1
55496509,1
55576093,1
55489860,1
55601086,1
55539455,1
55606675,1
55569637,1
55580644,1
55568831,1
55598827,1
55572594,1
55588110,1
55615528,1
55590937,1
55578152,1
55591112,1
55456873,1
55581192,1
55615805,1
55531114,1
55570939,1
55577603,1
55580276,1
55614678,1
55569638,1
55594341,1
55591570,1
55470185,1
55473843,1
55618108,1
55523243,1
55561482,1
55608333,1
55530623,1
55544508,1
55534419,1
55519830,1
55517054,1
55616634,1
55593972,1
55588444,1
55593894,1
55532186,1
55619913,1
55613329,1
55545070,1
55621748,1
55488270,1
55535990,1
55545223,1
55589115,1
55513962,1
55571681,1
55547898,1
55597658,1
55563974,1
55605116,1
55586076,1
55592901,1
55586080,1
55561122,1
55620328,1
55550561,1
55521224,1
55593448,1
55513633,1
55619231,1
55615527,1
55608341,1
55574629,1
55574628,1
55570126,1
55586639,1
55615742,1
55611530,1
55588571,1
55591174,1
55594236,1
55594494,1
55569518,1
55530172,1
55563288,1
55495601,1
55546601,1
55609816,1
55539214,1
55552849,1
55556413,1
55527014,1
55596622,1
55551175,1
55602234,1
55599497,1
55563975,1
55540750,1
55624516,1
55494574,1
55485619,1
55594663,1
55593449,1
55594627,1
55620888,1
55564846,1
55576236,1
55602125,1
55621341,1
55591445,1
55583559,1
55590033,1
55582175,1
55619026,1
55586183,1
55589119,1
55613752,1
55620862,1
55489347,1
55624755,1
55563428,1
55596623,1
55607501,1
55554047,1
55593913,1
55540485,1
55591374,1
55607779,1
55573035,1
55574857,1
55535929,1
55621651,1
55624515,1
55568535,1
55571175,1
55626143,1
55617965,1
55533371,1
55618163,1
55596248,1
55624756,1
55524886,1
55530171,1
55619230,1
55621944,1
55624663,1
55596247,1
55566081,1
55591865,1
55596317,1
55478103,1
55526576,1
55597742,1
55627766,1
55619815,1
55611542,1
55563841,1
55527035,1
55587002,1
55517497,1
55579249,1
55579392,1
55532683,1
55627275,1
55573791,1
55628895,1
55569855,1
55630143,1
55600185,1
55578178,1
55603244,1
55580277,1
55600496,1
55604952,1
55583929,1
55585814,1
55590034,1
55628313,1
55592505,1
55569517,1
55610528,1
55567102,1
55550586,1
55533818,1
55566960,1
55591569,1
55583385,1
55623592,1
55613716,1
55628896,1
55627404,1
55538415,1
55563287,1
55591928,1
55600083,1
55522623,1
55629576,1
55584019,1
55591232,1
55521335,1
55572195,1
55582176,1
55618109,1
55518748,1
55600184,1
55564571,1
55589247,1
55619357,1
55573324,1
55607538,1
55582962,1
55553878,1
55532185,1
55568766,1
55591520,1
55594235,1
55621650,1
55573323,1
55620286,1
55494121,1
55594216,1
55577932,1
55632803,1
55629231,1
55632913,1
55572810,1
55568099,1
55573216,1
55610413,1
55599555,1
55605176,1
55619914,1
55480353,1
55553141,1
55586199,1
55566909,1
55617966,1
55553413,1
55586429,1
55623478,1
55587927,1
55594662,1
55629232,1
55630285,1
55550845,1
55636267,1
55589942,1
55579391,1
55579947,1
55598700,1
55607354,1
55637465,1
55627468,1
55588355,1
55615806,1
55614341,1
55572462,1
55531496,1
55596116,1
55595558,1
55630142,1
55637404,1
55622039,1
55546888,1
55566564,1
55634949,1
55615777,1
55585855,1
55603189,1
55583010,1
55589719,1
55561483,1
55607073,1
55620887,1
55576760,1
55630157,1
55549756,1
55551198,1
55619665,1
55634948,1
55610244,1
55619677,1
55451814,1
55588428,1
55630712,1
55565247,1
55596887,1
55566724,1
55512143,1
55583249,1
55563224,1
55558889,1
55593145,1
55525079,1
55602737,1
55588075,1
55509389,1
55630454,1
55566757,1
55585610,1
55641576,1
55555564,1
55608988,1
55594217,1
55591500,1
55633923,1
55521921,1
55627403,1
55632905,1
55596060,1
55501357,1
55495023,1
55534344,1
55600497,1
55621368,1
55463289,1
55632248,1
55633432,1
55452271,1
55636350,1
55566758,1
55636351,1
55598722,1
55583476,1
55566816,1
55631672,1
55634377,1
55581888,1
55513995,1
55638400,1
55588074,1
55612709,1
55612710,1
55593791,1
55553693,1
55641344,1
55622103,1
55641387,1
55644238,1
55615943,1
55564132,1
55580317,1
55635209,1
55634376,1
55600154,1
55642738,1
55586182,1
55563071,1
55560539,1
55601874,1
55604606,1
55624009,1
55503747,1
55580158,1
55632264,1
55595368,1
55565180,1
55640582,1
55640581,1
55630713,1
55555725,1
55595603,1
55584414,1
55562411,1
55555869,1
55608237,1
55637405,1
55640068,1
55596892,1
55591375,1
55573346,1
55568349,1
55600827,1
55584917,1
55613588,1
55524756,1
55564291,1
55645502,1
55600136,1
55638378,1
55633064,1
55642892,1
55591898,1
55638659,1
55567880,1
55607539,1
55592670,1
55607778,1
55606120,1
55602567,1
55642141,1
55566817,1
55517801,1
55602264,1
55646314,1
55600058,1
55646543,1
55645376,1
55630118,1
55602736,1
55460326,1
55615569,1
55600576,1
55647095,1
55609067,1
55628312,1
55522008,1
55564133,1
55646478,1
55575213,1
55574299,1
55645339,1
55642870,1
55645501,1
55594641,1
55566407,1
55604944,1
55615824,1
55567649,1
55602233,1
55643398,1
55562410,1
55624199,1
55643509,1
55589718,1
55610567,1
55574072,1
55449075,1
55624630,1
55587926,1
55613751,1
55613587,1
55618063,1
55560723,1
55520648,1
55610412,1
55582056,1
55598468,1
55629885,1
55580631,1
55650345,1
55635386,1
55613443,1
55508234,1
55546600,1
55651919,1
55597262,1
55615532,1
55619281,1
55597423,1
55559300,1
55615743,1
55619774,1
55621476,1
55591387,1
55458534,1
55559832,1
55567085,1
55541258,1
55650612,1
55604284,1
55595024,1
55626808,1
55654084,1
55607578,1
55606231,1
55547495,1
55494484,1
55505536,1
55642739,1
55461711,1
55575721,1
55561262,1
55578291,1
55585588,1
55607576,1
55599502,1
55649842,1
55602263,1
55595331,1
55544839,1
55635325,1
55580649,1
55591403,1
55655748,1
55635301,1
55605302,1
55651918,1
55654559,1
55580581,1
55492929,1
55545297,1
55601676,1
55603245,1
55595532,1
55561369,1
55484641,1
55659169,1
55650976,1
55624631,1
55620895,1
55645885,1
55629577,1
55615825,1
55584547,1
55648732,1
55658435,1
55655747,1
55591499,1
55605418,1
55625493,1
55629886,1
55654606,1
55608309,1
55598580,1
55543955,1
55558850,1
55650975,1
55650911,1
55650912,1
55621102,1
55626742,1
55607806,1
55553692,1
55570670,1
55581224,1
55630455,1
55643156,1
55613444,1
55628409,1
55607691,1
55644547,1
55598579,1
55606588,1
55660055,1
55615444,1
55566080,1
55602844,1
55626795,1
55629407,1
55627793,1
55543138,1
55530950,1
55592441,1
55634984,1
55589934,1
55626940,1
55458357,1
55549063,1
55470890,1
55618818,1
55621604,1
55624499,1
55515018,1
55523076,1
55653660,1
55606830,1
55643807,1
55608236,1
55575349,1
55618162,1
55662385,1
55594011,1
55652117,1
55584732,1
55661894,1
55596455,1
55663303,1
55614191,1
55586818,1
55599503,1
55595557,1
55644572,1
55523973,1
55629636,1
55583053,1
55605417,1
55550264,1
55612128,1
55620896,1
55575492,1
55582755,1
55661897,1
55608332,1
55602903,1
55659467,1
55645624,1
55619358,1
55656782,1
55622261,1
55632225,1
55583054,1
55656896,1
55625344,1
55586883,1
55663654,1
55617183,1
55642142,1
55577769,1
55666561,1
55543740,1
55595498,1
55569991,1
55618809,1
55632792,1
55625685,1
55663054,1
55642891,1
55597169,1
55638401,1
55601505,1
55634738,1
55664946,1
55626741,1
55553877,1
55614190,1
55632253,1
55666328,1
55663948,1
55597482,1
55654509,1
55580643,1
55646479,1
55520565,1
55630182,1
55629215,1
55615443,1
55648135,1
55646565,1
55667412,1
55653781,1
55630168,1
55547979,1
55622549,1
55659640,1
55663595,1
55655212,1
55644546,1
55632226,1
55550195,1
55580582,1
55575880,1
55572463,1
55530173,1
55623097,1
55555069,1
55602882,1
55624662,1
55640249,1
55591929,1
55552561,1
55660692,1
55641388,1
55550942,1
55647096,1
55542037,1
55555068,1
55572196,1
55615373,1
55662994,1
55630192,1
55630257,1
55597707,1
55621186,1
55627776,1
55667751,1
55617025,1
55624198,1
55669305,1
55606119,1
55621477,1
55631314,1
55669304,1
55633924,1
55671034,1
55664340,1
55619108,1
55601504,1
55670135,1
55613921,1
55629535,1
55627775,1
55632249,1
55613085,1
55595497,1
55671773,1
55671774,1
55574856,1
55613456,1
55609249,1
55487385,1
55654560,1
55642250,1
55471772,1
55602625,1
55661444,1
55451827,1
55651160,1
55620861,1
55651225,1
55630217,1
55608690,1
55636008,1
55599438,1
55583158,1
55618638,1
55622466,1
55471977,1
55629942,1
55632721,1
55576199,1
55626233,1
55602626,1
55598671,1
55591797,1
55645623,1
55656325,1
55661896,1
55667429,1
55633065,1
55531530,1
55659466,1
55590796,1
55503554,1
55635324,1
55628538,1
55568100,1
55577808,1
55645340,1
55658905,1
55473813,1
55638256,1
55668515,1
55637492,1
55667618,1
55613086,1
55576198,1
55569793,1
55661895,1
55542287,1
55678291,1
55454620,1
55651029,1
55644308,1
55648731,1
55666329,1
55634985,1
55581191,1
55634269,1
55590265,1
55480885,1
55675215,1
55636998,1
55593146,1
55595853,1
55673883,1
55629216,1
55668532,1
55613827,1
55616619,1
55641379,1
55671554,1
55628748,1
55639778,1
55539454,1
55541298,1
55669684,1
55615614,1
55539549,1
55619107,1
55679330,1
55632878,1
55536212,1
55676638,1
55641038,1
55678401,1
55530031,1
55582501,1
55616553,1
55578236,1
55545413,1
55597743,1
55632476,1
55625727,1
55632791,1
55624429,1
55676637,1
55532378,1
55649413,1
55681144,1
55668516,1
55654085,1
55611564,1
55648923,1
55594471,1
55609815,1
55608308,1
55673882,1
55653780,1
55596603,1
55594081,1
55635280,1
55578849,1
55463852,1
55596061,1
55620287,1
55624498,1
55645375,1
55654773,1
55640987,1
55576391,1
55585139,1
55509402,1
55646919,1
55555868,1
55651380,1
55644216,1
55600828,1
55624140,1
55621241,1
55607996,1
55587728,1
55632900,1
55643722,1
55682164,1
55678385,1
55632141,1
55621185,1
55650449,1
55564174,1
55680516,1
55681766,1
55487666,1
55680746,1
55642328,1
55645090,1
55645361,1
55664653,1
55630880,1
55589606,1
55627206,1
55588683,1
55682005,1
55660061,1
55583424,1
55621983,1
55662070,1
55604659,1
55634964,1
55643157,1
55621605,1
55553003,1
55622839,1
55637964,1
55654726,1
55655963,1
55624407,1
55630167,1
55654815,1
55675321,1
55631711,1
55679331,1
55679303,1
55678400,1
55627420,1
55598889,1
55660282,1
55662245,1
55633512,1
55618808,1
55609402,1
55636245,1
55610538,1
55654458,1
55569871,1
55681970,1
55649079,1
55681971,1
55687597,1
55678051,1
55559083,1
55679484,1
55580840,1
55559144,1
55622104,1
55662244,1
55673255,1
55663360,1
55629428,1
55652625,1
55647114,1
55625315,1
55626804,1
55586887,1
55641575,1
55664652,1
55572476,1
55649154,1
55679485,1
55604607,1
55678384,1
55604774,1
55645899,1
55643122,1
55656913,1
55689687,1
55566408,1
55666127,1
55649841,1
55682992,1
55666538,1
55632802,1
55550428,1
55642281,1
55640065,1
55689308,1
55665689,1
55618512,1
55552769,1
55648924,1
55629534,1
55649954,1
55523879,1
55580441,1
55690756,1
55640609,1
55574577,1
55692853,1
55608948,1
55615374,1
55645089,1
55682006,1
55627207,1
55678254,1
55646740,1
55689307,1
55695769,1
55664540,1
55630193,1
55561624,1
55646567,1
55634963,1
55619666,1
55632508,1
55695245,1
55599496,1
55688939,1
55653162,1
55679304,1
55686457,1
55687596,1
55683648,1
55598672,1
55578221,1
55555439,1
55656787,1
55543139,1
55691080,1
55662412,1
55677437,1
55542368,1
55651731,1
55632507,1
55673727,1
55669683,1
55592862,1
55692981,1
55623719,1
55691894,1
55654951,1
55665690,1
55571965,1
55616920,1
55652893,1
55610566,1
55695244,1
55555440,1
55605303,1
55661284,1
55532944,1
55697349,1
55698452,1
55700088,1
55697437,1
55630156,1
55616618,1
55647073,1
55613037,1
55693253,1
55660693,1
55662338,1
55647113,1
55651622,1
55657941,1
55585981,1
55641794,1
55699295,1
55642335,1
55642249,1
55640986,1
55683721,1
55697182,1
55662979,1
55630244,1
55698453,1
55527034,1
55686458,1
55695770,1
55694757,1
55497849,1
55667516,1
55668551,1
55619314,1
55479226,1
55534744,1
55673256,1
55577604,1
55697863,1
55644573,1
55611565,1
55676396,1
55646566,1
55582500,1
55654619,1
55682132,1
55616635,1
55674133,1
55681442,1
55649911,1
55655548,1
55647155,1
55697864,1
55700652,1
55636244,1
55652556,1
55564175,1
55617638,1
55615861,1
55659917,1
55577841,1
55651977,1
55627419,1
55676787,1
55635076,1
55657891,1
55697968,1
55602529,1
55673865,1
55680315,1
55646544,1
55692854,1
55702892,1
55692998,1
55670134,1
55667523,1
55652626,1
55658043,1
55638988,1
55693320,1
55701777,1
55595910,1
55618896,1
55619773,1
55576540,1
55702598,1
55653105,1
55644858,1
55502409,1
55702891,1
55513590,1
55657361,1
55687540,1
55599003,1
55573912,1
55670214,1
55643255,1
55647547,1
55541764,1
55610358,1
55702673,1
55638293,1
55667428,1
55680699,1
55584966,1
55691893,1
55670062,1
55663428,1
55600762,1
55693576,1
55635133,1
55652695,1
55661695,1
55620534,1
55702793,1
55672674,1
55676788,1
55618380,1
55646739,1
55615776,1
55663361,1
55618511,1
55699294,1
55670751,1
55542623,1
55635302,1
55709446,1
55623392,1
55673866,1
55607298,1
55637464,1
55667832,1
55645993,1
55674307,1
55686921,1
55692538,1
55679981,1
55703623,1
55688636,1
55652709,1
55609248,1
55706557,1
55709327,1
55708088,1
55668531,1
55683861,1
55670215,1
55562067,1
55670739,1
55674232,1
55700806,1
55656166,1
55666562,1
55622038,1
55661285,1
55668252,1
55627276,1
55709282,1
55588682,1
55660054,1
55637028,1
55669959,1
55662980,1
55682042,1
55630352,1
55613036,1
55667801,1
55711664,1
55663486,1
55711665,1
55563899,1
55666257,1
55641407,1
55652708,1
55713070,1
55650346,1
55566526,1
55668231,1
55669605,1
55593285,1
55714665,1
55708089,1
55699860,1
55628747,1
55626150,1
55654727,1
55599952,1
55640250,1
55682133,1
55639777,1
55683907,1
55657747,1
55700651,1
55708885,1
55715534,1
55695114,1
55651730,1
55540404,1
55707605,1
55643510,1
55602208,1
55666537,1
55668230,1
55676541,1
55675002,1
55687386,1
55569692,1
55716334,1
55671223,1
55647954,1
55668253,1
55615531,1
55680771,1
55653639,1
55559143,1
55666256,1
55632475,1
55662411,1
55684312,1
55662396,1
55580418,1
55653106,1
55550265,1
55622838,1
55630881,1
55603455,1
55586886,1
55664211,1
55651904,1
55676575,1
55631917,1
55653946,1
55549803,1
55558284,1
55573352,1
55658416,1
55621342,1
55576294,1
55655592,1
55628406,1
55710399,1
55647419,1
55708071,1
55716157,1
55661421,1
55680517,1
55612396,1
55684807,1
55695876,1
55712136,1
55708286,1
55698536,1
55686788,1
55668576,1
55561645,1
55569990,1
55607502,1
55668622,1
55673362,1
55586882,1
55715402,1
55715509,1
55687037,1
55717155,1
55686985,1
55696284,1
55614421,1
55671067,1
55484743,1
55546485,1
55571140,1
55654637,1
55686354,1
55699991,1
55621982,1
55683720,1
55716904,1
55701868,1
55721061,1
55602418,1
55704628,1
55679003,1
55594493,1
55658278,1
55721555,1
55721652,1
55710980,1
55714771,1
55691605,1
55697565,1
55537076,1
55714147,1
55641161,1
55582680,1
55701577,1
55629637,1
55614413,1
55668934,1
55657890,1
55707047,1
55600761,1
55511777,1
55674503,1
55657003,1
55652952,1
55721060,1
55721554,1
55523073,1
55639762,1
55646606,1
55676526,1
55669606,1
55660315,1
55623593,1
55572364,1
55645221,1
55629466,1
55662337,1
55693575,1
55717099,1
55714317,1
55720087,1
55629806,1
55715861,1
55629663,1
55649155,1
55684507,1
55724324,1
55691604,1
55717459,1
55709332,1
55631313,1
55702674,1
55682151,1
55632901,1
55643723,1
55686293,1
55693497,1
55666126,1
55667787,1
55663973,1
55717156,1
55685607,1
55705014,1
55531870,1
55673580,1
55722760,1
55673726,1
55686446,1
55664339,1
55681765,1
55708381,1
55595814,1
55699990,1
55470860,1
55471269,1
55651161,1
55720388,1
55688940,1
55662770,1
55642903,1
55722076,1
55563683,1
55684313,1
55707048,1
55662384,1
55647156,1
55545412,1
55595911,1
55663653,1
55671033,1
55714760,1
55699861,1
55727526,1
55724878,1
55700159,1
55700424,1
55621057,1
55588443,1
55617184,1
55695030,1
55707283,1
55717338,1
55726842,1
55639761,1
55703905,1
55649100,1
55653163,1
55638292,1
55714893,1
55724879,1
55725002,1
55631940,1
55701340,1
55703057,1
55648401,1
55500836,1
55701403,1
55723502,1
55682689,1
55704339,1
55667887,1
55723739,1
55658280,1
55542074,1
55725538,1
55629807,1
55617426,1
55594472,1
55683906,1
55725003,1
55682198,1
55722261,1
55716719,1
55654814,1
55697436,1
55723667,1
55597766,1
55692416,1
55595332,1
55632660,1
55662487,1
55515544,1
55721469,1
55718995,1
55728413,1
55727144,1
55714761,1
55697566,1
55670099,1
55626662,1
55720632,1
55687020,1
55696044,1
55687019,1
55655591,1
55662494,1
55631104,1
55639763,1
55580331,1
55720472,1
55717510,1
55672675,1
55680917,1
55725866,1
55722182,1
55714154,1
55716627,1
55716903,1
55725144,1
55693319,1
55690569,1
55723492,1
55723740,1
55725273,1
55645362,1
55732800,1
55675547,1
55692997,1
55692238,1
55722260,1
55660408,1
55717915,1
55695151,1
55662533,1
55650032,1
55670063,1
55664363,1
55613457,1
55662071,1
55653609,1
55727388,1
55651905,1
55730621,1
55703094,1
55673581,1
55676833,1
55673181,1
55620533,1
55619027,1
55662631,1
55736786,1
55604658,1
55716720,1
55606034,1
55647020,1
55673361,1
55658279,1
55726304,1
55662630,1
55694346,1
55607997,1
55722973,1
55720232,1
55708057,1
55664116,1
55732799,1
55734115,1
55709484,1
55626288,1
55667714,1
55703264,1
55733483,1
55727987,1
55670745,1
55675951,1
55699170,1
55739359,1
55642495,1
55651224,1
55579835,1
55730421,1
55708379,1
55702960,1
55702959,1
55527333,1
55689224,1
55685009,1
55535474,1
55704189,1
55608987,1
55691079,1
55693676,1
55702382,1
55730006,1
55736711,1
55684841,1
55647695,1
55736787,1
55498623,1
55604775,1
55663446,1
55635028,1
55674308,1
55644277,1
55698779,1
55685490,1
55725272,1
55623096,1
55704443,1
55669066,1
55695449,1
55648954,1
55649729,1
55641073,1
55698267,1
55730316,1
55694752,1
55733359,1
55736009,1
55731471,1
55723306,1
55700807,1
55693677,1
55662486,1
55695152,1
55617427,1
55701813,1
55624408,1
55708070,1
55623393,1
55632688,1
55738688,1
55693015,1
55675662,1
55716950,1
55704474,1
55719699,1
55658720,1
55743159,1
55715592,1
55558056,1
55625726,1
55720282,1
55668142,1
55682152,1
55743839,1
55653608,1
55649356,1
55705603,1
55744203,1
55712310,1
55741553,1
55657746,1
55645884,1
55736221,1
55636009,1
55699604,1
55637173,1
55730096,1
55697012,1
55678050,1
55739481,1
55741104,1
55454543,1
55717776,1
55680955,1
55725888,1
55586254,1
55744204,1
55608340,1
55613920,1
55704338,1
55671555,1
55682767,1
55719931,1
55747337,1
55658454,1
55713071,1
55741884,1
55663485,1
55691449,1
55703815,1
55731409,1
55712118,1
55736861,1
55722077,1
55641162,1
55680954,1
55638379,1
55649730,1
55596602,1
55512850,1
55702284,1
55681950,1
55716313,1
55508233,1
55730422,1
55711247,1
55747928,1
55720707,1
55744463,1
55577842,1
55654774,1
55619816,1
55684467,1
55673556,1
55736659,1
55669067,1
55727527,1
55720335,1
55690237,1
55648136,1
55728615,1
55741393,1
55690455,1
55656326,1
55734230,1
55591864,1
55554004,1
55701405,1
55712778,1
55700564,1
55670863,1
55663972,1
55654638,1
55739421,1
55664212,1
55749218,1
55749313,1
55710947,1
55703922,1
55736008,1
55708644,1
55524885,1
55716819,1
55709785,1
55736095,1
55513589,1
55711524,1
55718061,1
55632494,1
55748247,1
55657940,1
55692596,1
55462727,1
55727389,1
55588991,1
55740909,1
55739444,1
55674886,1
55750464,1
55749495,1
55713923,1
55716628,1
55563427,1
55652555,1
55641343,1
55619678,1
55639524,1
55700882,1
55640608,1
55610539,1
55749346,1
55750463,1
55681758,1
55661420,1
55746840,1
55590784,1
55709483,1
55615246,1
55696043,1
55647326,1
55658042,1
55641793,1
55711522,1
55696969,1
55754026,1
55726814,1
55707661,1
55614320,1
55606035,1
55664476,1
55702829,1
55612377,1
55750599,1
55682243,1
55676035,1
55753405,1
55670513,1
55693623,1
55649078,1
55643254,1
55668933,1
55699097,1
55647074,1
55697181,1
55714772,1
55702383,1
55639523,1
55747929,1
55542422,1
55712682,1
55758118,1
55744479,1
55717098,1
55719810,1
55756768,1
55756767,1
55707660,1
55742172,1
55739366,1
55561396,1
55667419,1
55694549,1
55670098,1
55753236,1
55709333,1
55725223,1
55725276,1
55706017,1
55641408,1
55671088,1
55702285,1
55607692,1
55727143,1
55684508,1
55727222,1
55602881,1
55758545,1
55666855,1
55728614,1
55693001,1
55688704,1
55717576,1
55753235,1
55758740,1
55576636,1
55738689,1
55722600,1
55730722,1
55701861,1
55727986,1
55716951,1
55698016,1
55532360,1
55759439,1
55761101,1
55703520,1
55695448,1
55720231,1
55758511,1
55709281,1
55752065,1
55749345,1
55670932,1
55691764,1
55741103,1
55708382,1
55581889,1
55753404,1
55701402,1
55726234,1
55711523,1
55761795,1
55719903,1
55616317,1
55759438,1
55741955,1
55747495,1
55698268,1
55693014,1
55707996,1
55643806,1
55639764,1
55699603,1
55449663,1
55761757,1
55705996,1
55730900,1
55706018,1
55670740,1
55728238,1
55759800,1
55721376,1
55712891,1
55631572,1
55762772,1
55515092,1
55762771,1
55683860,1
55620171,1
55676574,1
55716428,1
55668489,1
55716820,1
55697759,1
55597483,1
55700563,1
55675947,1
55720825,1
55699096,1
55687007,1
55763761,1
55667924,1
55714589,1
55667221,1
55747581,1
55716312,1
55744939,1
55735741,1
55635387,1
55765976,1
55686835,1
55463338,1
55728027,1
55708864,1
55714300,1
55715902,1
55662395,1
55679892,1
55704801,1
55740113,1
55712890,1
55674983,1
55677540,1
55761394,1
55730315,1
55692183,1
55724857,1
55719421,1
55730626,1
55730625,1
55681441,1
55673260,1
55599404,1
55547667,1
55644237,1
55721377,1
55712779,1
55666398,1
55761393,1
55697564,1
55714874,1
55717790,1
55714146,1
55675829,1
55701404,1
55730705,1
55725222,1
55723432,1
55697838,1
55636474,1
55669356,1
55675322,1
55754920,1
55632912,1
55749314,1
55703852,1
55720465,1
55760128,1
55766898,1
55747822,1
55708529,1
55663055,1
55719587,1
55731900,1
55761796,1
55687035,1
55737079,1
55646129,1
55714588,1
55769600,1
55702854,1
55676747,1
55722568,1
55718060,1
55707420,1
55676215,1
55675135,1
55728414,1
55714713,1
55711913,1
55754899,1
55683649,1
55615737,1
55714316,1
55718094,1
55770253,1
55704800,1
55620233,1
55699171,1
55693433,1
55544808,1
55654453,1
55558684,1
55769601,1
55716407,1
55727468,1
55739607,1
55487383,1
55712169,1
55722183,1
55726529,1
55684316,1
55748611,1
55715999,1
55714752,1
55744925,1
55761296,1
55681324,1
55752438,1
55734166,1
55731410,1
55758774,1
55760792,1
55670669,1
55774610,1
55762418,1
55726986,1
55684904,1
55755987,1
55741554,1
55735742,1
55730622,1
55726603,1
55742554,1
55723668,1
55729307,1
55770284,1
55668126,1
55731901,1
55592504,1
55665167,1
55739367,1
55725639,1
55771086,1
55773719,1
55720462,1
55734116,1
55771118,1
55754950,1
55775118,1
55623656,1
55734165,1
55744275,1
55705876,1
55702051,1
55677436,1
55723771,1
55725662,1
55596891,1
55766593,1
55771087,1
55542421,1
55776591,1
55717458,1
55710830,1
55730095,1
55753217,1
55776756,1
55776958,1
55757867,1
55679982,1
55696531,1
55551681,1
55635029,1
55704597,1
55751137,1
55687034,1
55748666,1
55687518,1
55630736,1
55753056,1
55725863,1
55780523,1
55779450,1
55680916,1
55730052,1
55741394,1
55763107,1
55776959,1
55690380,1
55616318,1
55737191,1
55709840,1
55759249,1
55760978,1
55715473,1
55726530,1
55714664,1
55650031,1
55699707,1
55730901,1
55777530,1
55754489,1
55758458,1
55718692,1
55780410,1
55719086,1
55771421,1
55747803,1
55725809,1
55782371,1
55719085,1
55667788,1
55674231,1
55734452,1
55745280,1
55614414,1
55770097,1
55767615,1
55687539,1
55699540,1
55726742,1
55719064,1
55780411,1
55724290,1
55753226,1
55717364,1
55755986,1
55687387,1
55734054,1
55734231,1
55771422,1
55782370,1
55668991,1
55734331,1
55752581,1
55726272,1
55780892,1
55643397,1
55702052,1
55756254,1
55723622,1
55782804,1
55682993,1
55677695,1
55766808,1
55764043,1
55623511,1
55777928,1
55747941,1
55715077,1
55693254,1
55734579,1
55763473,1
55760791,1
55744465,1
55722569,1
55727947,1
55676368,1
55756354,1
55704533,1
55682766,1
55696532,1
55670933,1
55718715,1
55657144,1
55761295,1
55776590,1
55744926,1
55708528,1
55776945,1
55541862,1
55786325,1
55632345,1
55745281,1
55670750,1
55783043,1
55783044,1
55675892,1
55771130,1
55765692,1
55784708,1
55735676,1
55673555,1
55763024,1
55780719,1
55653638,1
55675828,1
55736094,1
55756311,1
55786326,1
55736220,1
55717281,1
55658493,1
55695550,1
55724606,1
55717501,1
55689223,1
55717418,1
55631449,1
55717729,1
55752076,1
55745105,1
55686787,1
55763696,1
55732281,1
55618876,1
55783081,1
55736663,1
55716156,1
55747580,1
55770751,1
55779449,1
55722759,1
55743956,1
55714888,1
55735590,1
55784707,1
55733289,1
55753323,1
55785183,1
55752387,1
55692982,1
55739855,1
55727948,1
55696026,1
55733412,1
55763695,1
55762782,1
55785894,1
55700665,1
55708380,1
55728496,1
55764052,1
55727525,1
55690456,1
55758775,1
55756075,1
55591113,1
55763474,1
55554003,1
55695939,1
55756582,1
55786571,1
55791057,1
55676018,1
55786759,1
55733482,1
55731976,1
55673261,1
55717500,1
55753313,1
55733886,1
55712412,1
55752508,1
55762022,1
55737080,1
55635075,1
55729458,1
55770252,1
55743191,1
55743203,1
55522019,1
55781959,1
55791395,1
55791394,1
55781912,1
55521194,1
55613826,1
55792989,1
55739455,1
55782325,1
55531390,1
55720824,1
55466301,1
55763514,1
55725275,1
55725640,1
55725539,1
55745825,1
55768126,1
55718716,1
55725663,1
55752056,1
55588990,1
55793825,1
55602617,1
55780281,1
55795632,1
55754490,1
55630011,1
55631573,1
55754951,1
55724511,1
55738528,1
55653661,1
55704400,1
55778070,1
55739056,1
55782805,1
55793738,1
55755552,1
55778552,1
55730723,1
55724540,1
55670864,1
55755676,1
55755677,1
55709326,1
55798373,1
55632493,1
55747815,1
55793098,1
55791588,1
55718366,1
55760734,1
55794681,1
55764601,1
55703521,1
55697969,1
55755407,1
55799215,1
55758223,1
55774620,1
55785489,1
55692801,1
55731257,1
55754647,1
55765455,1
55739482,1
55749658,1
55718542,1
55765709,1
55787437,1
55761454,1
55743849,1
55755887,1
55698535,1
55733384,1
55695029,1
55782694,1
55559831,1
55705330,1
55755406,1
55695408,1
55721599,1
55692802,1
55671662,1
55756253,1
55701860,1
55705083,1
55775625,1
55755553,1
55798180,1
55733593,1
55733635,1
55726841,1
55792990,1
55729921,1
55658920,1
55777783,1
55801164,1
55692751,1
55790288,1
55765975,1
55771591,1
55738579,1
55677588,1
55712545,1
55759250,1
55706524,1
55770098,1
55785684,1
55784267,1
55765579,1
55777795,1
55794230,1
55768701,1
55774049,1
55786160,1
55746839,1
55749659,1
55750283,1
55725867,1
55761184,1
55801228,1
55777929,1
55805219,1
55634883,1
55744276,1
55747022,1
55526046,1
55708878,1
55761694,1
55696165,1
55624141,1
55740344,1
55762417,1
55724323,1
55783342,1
55805202,1
55746690,1
55777900,1
55725889,1
55745143,1
55668621,1
55701576,1
55800086,1
55777262,1
55686096,1
55715582,1
55749057,1
55729951,1
55758544,1
55791443,1
55769716,1
55779496,1
55793403,1
55804266,1
55756132,1
55723493,1
55779981,1
55693450,1
55786664,1
55800510,1
55704534,1
55791346,1
55724334,1
55802344,1
55788528,1
55728237,1
55781806,1
55755839,1
55688703,1
55766899,1
55702828,1
55804292,1
55712170,1
55626289,1
55641380,1
55645900,1
55764643,1
55744462,1
55692602,1
55760733,1
55700664,1
55487565,1
55690048,1
55733869,1
55787189,1
55788529,1
55650359,1
55727020,1
55801349,1
55807942,1
55740992,1
55739734,1
55727221,1
55742573,1
55775643,1
55654459,1
55663596,1
55810443,1
55803770,1
55747021,1
55685972,1
55752007,1
55719442,1
55788854,1
55809498,1
55736724,1
55785182,1
55761556,1
55768702,1
55701690,1
55723536,1
55714717,1
55750075,1
55690049,1
55713168,1
55591173,1
55785895,1
55752905,1
55781807,1
55700945,1
55810442,1
55685742,1
55769692,1
55684905,1
55735591,1
55779435,1
55785054,1
55761342,1
55804293,1
55747940,1
55759039,1
55734453,1
55745826,1
55781231,1
55644335,1
55740033,1
55811545,1
55811546,1
55715839,1
55687038,1
55765221,1
55636971,1
55798374,1
55812214,1
55812213,1
55774168,1
55771592,1
55779652,1
55721598,1
55764196,1
55741327,1
55761758,1
55770115,1
55809979,1
55723313,1
55750076,1
55795179,1
55753637,1
55618897,1
55618955,1
55668047,1
55741956,1
55692647,1
55696283,1
55771932,1
55761046,1
55667042,1
55744838,1
55724605,1
55754688,1
55750598,1
55813382,1
55681323,1
55775185,1
55807035,1
55768753,1
55582692,1
55739002,1
55756583,1
55782616,1
55715711,1
55810192,1
55718365,1
55762453,1
55676424,1
55815938,1
55720264,1
55814836,1
55610233,1
55774028,1
55715712,1
55809782,1
55776551,1
55794346,1
55786159,1
55752439,1
55733290,1
55752401,1
55766197,1
55774506,1
55696244,1
55733411,1
55746048,1
55569691,1
55695586,1
55741328,1
55763954,1
55703845,1
55783341,1
55816227,1
55793404,1
55755872,1
55763177,1
55771608,1
55782540,1
55675663,1
55646099,1
55650448,1
55620172,1
55594026,1
55717403,1
55675136,1
55742165,1
55784365,1
55717473,1
55765580,1
55820139,1
55807849,1
55814837,1
55763300,1
55728495,1
55772454,1
55667619,1
55780997,1
55816370,1
55813674,1
55792247,1
55723312,1
55761185,1
55750092,1
55747428,1
55758409,1
55815949,1
55748544,1
55761093,1
55790287,1
55763955,1
55764110,1
55788735,1
55784900,1
55816206,1
55775243,1
55720463,1
55801772,1
55747942,1
55818194,1
55756634,1
55767683,1
55710151,1
55822752,1
55731256,1
55822998,1
55743848,1
55676675,1
55768862,1
55817803,1
55820772,1
55820773,1
55720474,1
55785367,1
55723503,1
55733592,1
55775776,1
55718541,1
55818462,1
55763760,1
55786758,1
55758408,1
55715840,1
55814673,1
55802343,1
55818789,1
55818874,1
55791568,1
55768670,1
55791497,1
55779392,1
55788746,1
55791666,1
55498450,1
55731505,1
55745990,1
55753638,1
55754027,1
55728137,1
55731046,1
55803176,1
55822753,1
55825509,1
55681840,1
55815888,1
55811808,1
55664541,1
55823380,1
55691611,1
55823201,1
55823188,1
55804267,1
55747943,1
55786603,1
55761619,1
55821961,1
55655213,1
55614342,1
55743190,1
55640853,1
55746133,1
55789741,1
55768179,1
55790387,1
55783407,1
55653159,1
55766188,1
55622242,1
55796374,1
55611541,1
55796372,1
55813135,1
55826001,1
55592861,1
55806784,1
55760977,1
55759040,1
55768979,1
55823714,1
55789027,1
55821979,1
55652892,1
55818196,1
55743196,1
55816933,1
55793664,1
55775914,1
55816934,1
55761100,1
55731070,1
55769222,1
55825510,1
55645222,1
55691610,1
55775069,1
55747023,1
55753550,1
55753610,1
55788122,1
55796373,1
55829212,1
55793805,1
55802020,1
55789849,1
55830766,1
55771119,1
55751726,1
55822893,1
55583475,1
55761283,1
55785055,1
55777794,1
55753322,1
55514877,1
55625684,1
55769114,1
55778152,1
55788172,1
55572074,1
55674134,1
55800527,1
55673546,1
55717309,1
55826730,1
55817083,1
55770750,1
55787665,1
55770909,1
55796943,1
55784957,1
55721468,1
55804356,1
55551518,1
55760842,1
55690568,1
55831943,1
55829211,1
55799216,1
55830446,1
55679891,1
55780234,1
55811807,1
55763790,1
55832347,1
55663905,1
55826002,1
55810661,1
55773969,1
55784899,1
55449356,1
55752400,1
55630353,1
55705997,1
55774505,1
55766592,1
55800140,1
55811119,1
55799306,1
55800244,1
55485871,1
55778405,1
55783711,1
55817011,1
55830765,1
55731047,1
55832346,1
55775070,1
55743158,1
55766807,1
55687517,1
55499363,1
55765605,1
55520468,1
55713922,1
55832600,1
55725497,1
55791467,1
55723307,1
55787983,1
55753390,1
55660409,1
55786248,1
55603454,1
55733385,1
55531871,1
55712546,1
55810992,1
55834704,1
55786358,1
55795197,1
55765228,1
55833678,1
55763791,1
55826932,1
55765289,1
55814843,1
55798298,1
55816129,1
55755871,1
55780527,1
55763023,1
55731071,1
55769765,1
55813515,1
55775242,1
55667802,1
55730789,1
55794482,1
55720706,1
55777263,1
55786602,1
55715078,1
55785490,1
55784364,1
55836198,1
55765290,1
55662534,1
55675316,1
55787590,1
55777531,1
55751727,1
55775098,1
55788736,1
55795668,1
55810660,1
55712137,1
55835314,1
55757622,1
55787982,1
55760561,1
55807959,1
55725107,1
55786247,1
55764830,1
55809978,1
55789478,1
55774511,1
55577810,1
55829312,1
55800528,1
55811668,1
55576759,1
55822651,1
55836454,1
55815948,1
55803548,1
55813253,1
55787438,1
55839598,1
55782361,1
55816134,1
55757408,1
55793396,1
55815529,1
55748545,1
55688601,1
55802883,1
55757421,1
55676152,1
55780233,1
55782962,1
55637027,1
55744644,1
55809198,1
55839424,1
55779495,1
55806783,1
55839597,1
55824493,1
55652116,1
55643951,1
55807259,1
55833250,1
55833005,1
55767428,1
55726303,1
55813004,1
55798647,1
55557885,1
55839393,1
55837952,1
55633511,1
55842202,1
55752006,1
55798475,1
55813413,1
55552590,1
55824494,1
55835361,1
55813481,1
55824748,1
55762003,1
55830155,1
55795180,1
55824982,1
55742753,1
55763959,1
55806106,1
55793826,1
55766467,1
55803402,1
55831103,1
55810597,1
55842339,1
55839423,1
55714753,1
55838085,1
55810950,1
55834732,1
55824884,1
55672227,1
55739456,1
55624285,1
55806195,1
55783114,1
55843401,1
55817693,1
55721220,1
55834087,1
55780102,1
55748113,1
55747024,1
55744712,1
55840587,1
55819803,1
55783922,1
55825593,1
55835028,1
55844560,1
55554452,1
55725586,1
55780491,1
55780528,1
55747823,1
55842613,1
55842614,1
55772350,1
55816277,1
55756987,1
55782360,1
55754921,1
55771736,1
55813675,1
55831942,1
55807441,1
55816682,1
55832043,1
55804793,1
55793663,1
55762781,1
55839514,1
55798604,1
55763176,1
55847751,1
55847958,1
55843654,1
55813497,1
55818976,1
55820707,1
55840157,1
55800085,1
55845732,1
55640569,1
55769234,1
55782846,1
55784546,1
55814369,1
55846025,1
55784164,1
55695409,1
55810436,1
55843402,1
55784667,1
55795873,1
55824368,1
55815140,1
55759801,1
55843655,1
55846302,1
55806337,1
55817112,1
55816769,1
55758239,1
55667925,1
55745989,1
55847351,1
55847360,1
55825429,1
55817060,1
55780280,1
55835027,1
55776519,1
55829812,1
55741292,1
55840729,1
55795679,1
55737006,1
55713169,1
55793804,1
55723433,1
55803147,1
55783629,1
55844388,1
55826909,1
55822729,1
55814563,1
55630839,1
55769223,1
55836375,1
55778868,1
55765924,1
55815115,1
55823381,1
55825958,1
55795667,1
55820798,1
55793408,1
55818197,1
55844036,1
55822468,1
55825152,1
55840424,1
55844561,1
55732191,1
55707342,1
55674885,1
55845001,1
55836728,1
55850610,1
55835309,1
55847864,1
55808084,1
55850824,1
55847865,1
55826202,1
55795874,1
55790667,1
55819031,1
55772436,1
55752507,1
55853763,1
55852230,1
55845731,1
55845866,1
55832042,1
55793774,1
55849692,1
55733885,1
55814608,1
55732416,1
55851732,1
55814776,1
55846301,1
55788680,1
55826203,1
55837281,1
55821749,1
55815114,1
55807958,1
55742986,1
55823651,1
55834733,1
55827416,1
55758167,1
55647325,1
55844035,1
55838418,1
55744448,1
55852532,1
55772015,1
55810437,1
55850431,1
55772349,1
55822975,1
55854676,1
55820865,1
55792815,1
55712681,1
55742526,1
55741766,1
55804551,1
55794680,1
55849623,1
55785532,1
55633809,1
55752819,1
55739303,1
55817748,1
55817258,1
55803771,1
55625968,1
55793111,1
55809514,1
55816228,1
55779651,1
55816266,1
55689688,1
55819350,1
55723537,1
55849505,1
55772734,1
55771745,1
55551293,1
55829331,1
55849506,1
55830156,1
55836021,1
55844387,1
55778656,1
55719941,1
55762975,1
55796867,1
55815167,1
55856367,1
55582705,1
55673547,1
55840156,1
55789796,1
55832339,1
55815141,1
55840730,1
55791894,1
55782857,1
55839153,1
55809164,1
55792914,1
55858655,1
55782264,1
55839730,1
55856297,1
55810672,1
55617026,1
55824562,1
55826505,1
55679806,1
55821237,1
55701778,1
55780103,1
55803401,1
55822728,1
55788871,1
55852929,1
55842040,1
55851615,1
55818873,1
55829813,1
55835310,1
55801163,1
55856034,1
55807941,1
55836856,1
55790046,1
55827227,1
55494575,1
55829028,1
55839914,1
55690069,1
55832844,1
55818417,1
55786897,1
55833249,1
55659639,1
55774611,1
55792248,1
55755545,1
55852199,1
55743067,1
55757137,1
55822999,1
55779436,1
55837951,1
55818001,1
55810864,1
55629406,1
55745360,1
55775777,1
55811120,1
55856675,1
55822478,1
55810951,1
55779982,1
55800640,1
55578290,1
55783710,1
55791058,1
55751136,1
55614829,1
55865167,1
55803549,1
55854147,1
55741291,1
55851530,1
55776550,1
55593998,1
55837069,1
55809499,1
55765456,1
55804357,1
55734330,1
55471724,1
55848480,1
55767967,1
55804916,1
55863626,1
55747429,1
55863800,1
55840586,1
55814607,1
55778934,1
55850430,1
55864012,1
55821736,1
55598467,1
55554451,1
55791665,1
55673180,1
55764485,1
55837418,1
55830381,1
55774656,1
55833432,1
55782856,1
55736463,1
55818648,1
55851529,1
55855579,1
55832340,1
55720088,1
55727019,1
55778869,1
55823209,1
55839625,1
55836727,1
55720633,1
55846634,1
55739001,1
55859334,1
55714608,1
55816344,1
55729922,1
55759531,1
55866446,1
55803838,1
55863765,1
55869192,1
55847361,1
55847284,1
55824232,1
55818775,1
55790045,1
55791468,1
55817766,1
55762976,1
55658415,1
55869765,1
55816681,1
55818290,1
55811199,1
55764486,1
55864841,1
55636266,1
55860503,1
55862166,1
55647546,1
55524158,1
55869191,1
55870600,1
55858130,1
55851437,1
55787589,1
55731222,1
55732280,1
55869537,1
55735915,1
55793097,1
55842340,1
55816267,1
55801205,1
55742166,1
55826161,1
55839394,1
55714301,1
55795062,1
55848378,1
55804550,1
55865999,1
55617335,1
55793740,1
55762023,1
55860607,1
55754086,1
55806196,1
55870587,1
55800509,1
55850213,1
55852731,1
55814564,1
55818776,1
55834028,1
55787196,1
55783268,1
55714716,1
55867266,1
55809581,1
55854461,1
55846711,1
55856507,1
55824883,1
55871443,1
55717308,1
55833004,1
55818580,1
55799481,1
55854081,1
55867884,1
55676425,1
55819804,1
55810486,1
55816205,1
55872620,1
55853221,1
55843585,1
55779765,1
55809783,1
55857393,1
55813583,1
55715581,1
55860504,1
55859395,1
55871445,1
55781304,1
55852730,1
55866580,1
55869142,1
55873411,1
55803532,1
55824409,1
55793407,1
55873693,1
55827226,1
55823650,1
55818416,1
55871489,1
55859302,1
55873047,1
55830382,1
55677587,1
55809199,1
55816770,1
55786901,1
55876119,1
55863801,1
55859616,1
55866247,1
55820138,1
55761047,1
55787190,1
55824233,1
55764042,1
55796911,1
55801592,1
55843635,1
55594642,1
55824397,1
55693108,1
55725106,1
55873910,1
55832957,1
55721414,1
55783970,1
55712693,1
55871444,1
55833431,1
55875781,1
55825446,1
55840293,1
55873389,1
55751548,1
55840496,1
55871936,1
55866581,1
55761284,1
55877652,1
55818850,1
55820282,1
55760168,1
55837070,1
55810801,1
55756074,1
55707419,1
55824981,1
55767392,1
55800056,1
55799263,1
55764831,1
55718575,1
55739055,1
55739304,1
55863554,1
55827883,1
55865260,1
55866515,1
55850272,1
55730051,1
55839505,1
55848184,1
55836791,1
55769751,1
55808085,1
55810191,1
55846693,1
55808367,1
55873046,1
55838417,1
55879829,1
55604906,1
55761084,1
55880187,1
55773720,1
55798297,1
55822892,1
55799509,1
55842336,1
55833913,1
55806338,1
55826160,1
55870888,1
55827104,1
55838148,1
55856403,1
55767300,1
55871442,1
55875826,1
55801788,1
55881491,1
55801147,1
55844259,1
55685987,1
55821132,1
55852829,1
55867883,1
55782064,1
55877651,1
55880457,1
55805215,1
55881875,1
55849140,1
55854574,1
55877956,1
55817765,1
55801549,1
55867636,1
55769235,1
55849622,1
55878718,1
55867843,1
55796752,1
55793739,1
55873379,1
55880400,1
55813412,1
55852928,1
55799541,1
55880456,1
55864228,1
55826933,1
55834152,1
55846222,1
55836547,1
55849131,1
55816314,1
55861702,1
55839966,1
55816369,1
55783571,1
55715401,1
55838563,1
55846694,1
55802019,1
55792643,1
55838564,1
55764602,1
55878832,1
55840425,1
55816130,1
55823202,1
55789850,1
55877584,1
55842335,1
55832845,1
55739856,1
55841274,1
55843986,1
55799203,1
55642494,1
55747494,1
55874608,1
55885826,1
55595575,1
55706525,1
55741543,1
55839915,1
55779253,1
55854573,1
55817900,1
55791646,1
55862072,1
55825151,1
55878831,1
55852708,1
55840495,1
55821362,1
55885827,1
55836546,1
55865473,1
55851614,1
55883625,1
55862615,1
55795780,1
55887391,1
55873698,1
55884637,1
55884718,1
55838007,1
55772726,1
55835707,1
55802980,1
55778153,1
55814218,1
55743204,1
55884199,1
55818463,1
55740034,1
55873280,1
55876120,1
55721653,1
55711855,1
55885942,1
55742128,1
55887294,1
55845097,1
55853562,1
55868250,1
55805267,1
55832956,1
55804792,1
55865920,1
55840381,1
55854148,1
55721221,1
55888386,1
55885603,1
55800998,1
55888850,1
55848027,1
55847993,1
55708886,1
55841106,1
55864734,1
55763497,1
55841275,1
55822650,1
55799305,1
55774668,1
55796614,1
55781451,1
55891075,1
55854462,1
55890124,1
55834153,1
55887392,1
55884719,1
55858847,1
55862828,1
55835706,1
55830021,1
55741754,1
55824759,1
55856989,1
55891074,1
55885602,1
55888589,1
55759367,1
55812535,1
55864013,1
55842201,1
55856368,1
55883679,1
55875637,1
55812534,1
55862845,1
55737287,1
55830023,1
55819351,1
55856506,1
55868532,1
55819538,1
55663967,1
55813254,1
55850273,1
55817012,1
55838002,1
55756988,1
55881763,1
55884663,1
55854528,1
55853563,1
55848183,1
55837369,1
55876872,1
55884034,1
55857753,1
55891003,1
55750975,1
55784163,1
55882968,1
55874754,1
55872053,1
55813274,1
55780524,1
55891591,1
55856458,1
55894312,1
55853151,1
55821625,1
55892920,1
55854597,1
55894687,1
55520862,1
55856688,1
55835933,1
55810865,1
55889760,1
55837632,1
55895338,1
55870601,1
55835036,1
55883143,1
55800986,1
55758224,1
55851684,1
55894292,1
55522996,1
55832586,1
55762134,1
55786898,1
55884620,1
55818702,1
55850741,1
55835456,1
55837847,1
55820907,1
55794507,1
55837368,1
55863398,1
55878490,1
55849693,1
55893870,1
55812843,1
55764197,1
55893869,1
55796866,1
55815889,1
55858383,1
55872567,1
55898176,1
55869451,1
55898272,1
55790174,1
55866828,1
55827076,1
55854677,1
55789237,1
55826776,1
55824561,1
55789128,1
55878565,1
55814200,1
55892248,1
55864858,1
55895988,1
55893304,1
55866231,1
55837467,1
55842959,1
55855292,1
55803531,1
55896653,1
55803949,1
55891592,1
55872219,1
55835455,1
55839965,1
55883678,1
55852533,1
55900383,1
55900400,1
55867637,1
55875782,1
55734578,1
55840380,1
55859626,1
55898062,1
55807770,1
55753743,1
55822479,1
55878892,1
55708445,1
55898304,1
55881895,1
55854669,1
55830059,1
55842842,1
55900399,1
55884035,1
55870394,1
55886949,1
55850042,1
55864786,1
55820075,1
55889701,1
55825430,1
55900671,1
55767714,1
55803794,1
55837044,1
55877445,1
55855629,1
55864528,1
55877735,1
55884520,1
55870866,1
55894688,1
55897269,1
55872813,1
55788953,1
55835522,1
55873055,1
55900384,1
55855293,1
55859396,1
55838385,1
55897905,1
55821361,1
55780057,1
55839441,1
55882967,1
55821238,1
55801350,1
55839442,1
55902319,1
55878891,1
55840770,1
55864529,1
55850631,1
55819032,1
55875445,1
55783628,1
55881271,1
55900379,1
55856616,1
55900452,1
55898061,1
55840262,1
55902245,1
55888549,1
55733836,1
55846050,1
55850750,1
55847554,1
55901073,1
55895729,1
55872810,1
55895728,1
55739733,1
55753389,1
55802884,1
55826560,1
55827463,1
55852231,1
55904158,1
55804699,1
55886779,1
55821978,1
55783007,1
55846712,1
55825445,1
55788324,1
55817113,1
55742704,1
55906274,1
55903658,1
55864198,1
55877842,1
55865319,1
55459753,1
55865556,1
55890201,1
55834340,1
55905754,1
55873699,1
55788853,1
55853628,1
55742525,1
55870168,1
55898664,1
55853886,1
55708879,1
55888548,1
55747567,1
55899455,1
55866940,1
55889903,1
55896652,1
55905043,1
55875308,1
55846103,1
55864606,1
55857394,1
55835521,1
55903148,1
55904157,1
55810007,1
55852198,1
55903195,1
55750091,1
55781112,1
55465416,1
55810008,1
55907287,1
55853220,1
55881492,1
55867001,1
55836455,1
55828383,1
55856983,1
55869536,1
55888851,1
55879036,1
55864410,1
55839731,1
55866829,1
55853756,1
55864923,1
55841218,1
55460174,1
55800639,1
55760841,1
55815571,1
55864842,1
55826777,1
55854121,1
55851318,1
55837848,1
55783158,1
55843421,1
55875021,1
55702121,1
55685439,1
55790388,1
55898444,1
55879229,1
55889077,1
55820866,1
55780720,1
55835656,1
55866079,1
55909861,1
55907068,1
55745833,1
55854080,1
55762454,1
55799468,1
55904519,1
55695602,1
55909115,1
55909114,1
55829768,1
55908088,1
55900953,1
55835360,1
55865472,1
55886228,1
55856308,1
55808109,1
55851155,1
55909694,1
55904518,1
55864744,1
55833559,1
55911684,1
55867916,1
55830604,1
55821399,1
55910260,1
55902246,1
55906275,1
55748246,1
55877849,1
55841959,1
55889977,1
55821748,1
55861703,1
55869764,1
55835532,1
55468771,1
55821960,1
55830445,1
55866080,1
55785685,1
55837696,1
55783969,1
55893810,1
55591231,1
55872212,1
55914506,1
55837466,1
55744480,1
55850751,1
55864214,1
55910943,1
55849150,1
55905644,1
55887383,1
55864605,1
55812289,1
55872611,1
55857416,1
55664477,1
55808110,1
55845595,1
55766713,1
55838386,1
55848658,1
55832304,1
55632622,1
55876094,1
55903331,1
55909080,1
55874753,1
55906222,1
55913217,1
55914603,1
55880421,1
55859615,1
55881876,1
55903778,1
55784577,1
55847994,1
55512236,1
55748112,1
55873056,1
55878564,1
55909721,1
55867803,1
55557549,1
55873173,1
55871464,1
55807771,1
55791342,1
55847619,1
55844327,1
55833094,1
55912991,1
55914507,1
55861303,1
55884458,1
55913218,1
55906315,1
55913468,1
55890056,1
55880694,1
55870837,1
55766893,1
55807818,1
55839934,1
55857418,1
55881246,1
55878444,1
55799642,1
55454330,1
55918388,1
55836020,1
55844260,1
55898277,1
55880531,1
55917387,1
55858824,1
55876229,1
55895328,1
55818859,1
55769693,1
55852130,1
55879830,1
55911633,1
55839305,1
55866157,1
55918725,1
55880296,1
55911880,1
55870737,1
55801148,1
55804397,1
55819042,1
55893109,1
55870305,1
55815583,1
55909740,1
55907235,1
55858204,1
55807334,1
55706558,1
55732417,1
55911685,1
55783269,1
55569856,1
55672928,1
55809177,1
55631712,1
55919077,1
55913455,1
55870752,1
55784578,1
55873506,1
55850632,1
55880297,1
55717339,1
55891748,1
55856053,1
55872218,1
55911090,1
55879027,1
55622241,1
55788325,1
55911284,1
55767369,1
55868839,1
55890480,1
55892421,1
55732578,1
55918651,1
55858673,1
55882671,1
55920095,1
55884457,1
55837757,1
55856054,1
55881032,1
55881928,1
55803837,1
55878328,1
55827882,1
55892247,1
55892316,1
55878717,1
55831850,1
55908984,1
55897915,1
55815690,1
55909079,1
55827900,1
55873507,1
55920162,1
55905120,1
55841794,1
55895549,1
55891430,1
55864411,1
55875446,1
55890481,1
55894914,1
55885045,1
55890361,1
55738920,1
55900470,1
55657362,1
55918170,1
55856990,1
55843000,1
55844305,1
55799480,1
55656967,1
55919917,1
55751687,1
55917226,1
55908985,1
55717591,1
55839286,1
55874452,1
55881642,1
55875022,1
55899729,1
55879034,1
55873279,1
55924242,1
55745144,1
55843383,1
55792644,1
55870738,1
55846051,1
55922863,1
55758267,1
55880695,1
55894287,1
55902226,1
55883559,1
55892892,1
55881894,1
55919076,1
55869558,1
55846223,1
55924670,1
55891747,1
55858848,1
55879328,1
55890598,1
55909524,1
55894849,1
55864859,1
55680578,1
55871393,1
55907070,1
55914204,1
55912660,1
55915523,1
55800139,1
55881247,1
55904483,1
55813136,1
55888387,1
55918724,1
55925457,1
55859627,1
55918536,1
55726743,1
55874535,1
55920092,1
55917386,1
55872529,1
55905121,1
55922920,1
55910942,1
55883885,1
55866232,1
55916593,1
55875307,1
55686355,1
55799911,1
55903130,1
55863555,1
55875825,1
55755271,1
55835531,1
55889552,1
55876954,1
55892420,1
55879929,1
55802979,1
55915695,1
55799204,1
55924088,1
55878815,1
55918652,1
55914415,1
55899340,1
55918549,1
55918533,1
55918550,1
55826731,1
55760159,1
55852849,1
55920094,1
55911879,1
55913695,1
55879026,1
55899950,1
55850609,1
55825957,1
55891605,1
55840304,1
55904341,1
55480705,1
55929094,1
55882931,1
55891002,1
55926593,1
55895327,1
55881643,1
55928206,1
55818849,1
55825742,1
55873266,1
55755702,1
55818649,1
55898264,1
55922814,1
55927113,1
55884638,1
55800869,1
55890123,1
55923023,1
55908257,1
55905753,1
55905736,1
55882030,1
55884704,1
55914948,1
55909337,1
55928705,1
55864596,1
55720016,1
55726235,1
55882091,1
55894915,1
55786794,1
55929089,1
55927958,1
55926758,1
55906237,1
55926827,1
55873694,1
55899716,1
55926988,1
55822469,1
55887226,1
55926987,1
55793032,1
55900936,1
55889902,1
55889076,1
55890200,1
55912090,1
55927662,1
55872566,1
55856497,1
55712311,1
55772733,1
55866000,1
55892164,1
55894959,1
55693498,1
55878540,1
55927957,1
55928035,1
55925192,1
55822970,1
55851438,1
55882930,1
55815930,1
55876095,1
55884264,1
55873473,1
55867917,1
55894293,1
55870912,1
55924341,1
55933125,1
55884733,1
55928704,1
55807850,1
55905735,1
55882029,1
55820500,1
55879327,1
55890360,1
55874104,1
55906878,1
55879682,1
55775642,1
55729238,1
55912992,1
55881674,1
55520173,1
55815530,1
55844326,1
55830533,1
55796753,1
55830586,1
55870889,1
55876457,1
55899730,1
55922862,1
55930253,1
55810673,1
55771607,1
55908488,1
55933252,1
55824408,1
55758813,1
55777784,1
55484742,1
55785368,1
55927881,1
55892175,1
55856649,1
55839306,1
55880420,1
55895226,1
55870395,1
55924243,1
55855628,1
55822779,1
55873380,1
55843407,1
55872812,1
55888995,1
55837633,1
55924864,1
55862707,1
55911273,1
55934165,1
55908538,1
55864538,1
55742553,1
55882325,1
55851154,1
55916930,1
55866158,1
55887967,1
55930969,1
55852848,1
55869559,1
55836662,1
55817053,1
55918304,1
55884734,1
55925747,1
55786102,1
55679414,1
55877841,1
55815929,1
55472349,1
55879228,1
55907067,1
55925193,1
55907320,1
55816970,1
55925395,1
55782065,1
55887082,1
55880401,1
55928205,1
55931041,1
55876502,1
55843363,1
55884453,1
55804396,1
55908087,1
55929868,1
55925619,1
55897096,1
55930042,1
55883624,1
55894313,1
55899915,1
55726985,1
55934493,1
55930675,1
55934649,1
55702153,1
55936342,1
55896596,1
55778553,1
55874105,1
55820283,1
55927269,1
55930041,1
55915991,1
55815166,1
55829767,1
55928395,1
55898443,1
55881976,1
55892919,1
55903946,1
55626939,1
55857415,1
55461453,1
55892163,1
55903196,1
55849413,1
55934705,1
55938950,1
55808957,1
55906898,1
55938971,1
55856676,1
55933515,1
55874298,1
55936538,1
55929630,1
55895399,1
55927328,1
55864215,1
55931245,1
55799510,1
55916380,1
55850592,1
55933123,1
55878260,1
55812661,1
55819041,1
55763498,1
55917956,1
55849581,1
55863090,1
55767393,1
55931562,1
55902012,1
55878551,1
55925060,1
55704795,1
55866142,1
55851319,1
55915779,1
55927149,1
55891606,1
55920163,1
55872811,1
55909440,1
55648402,1
55922153,1
55860089,1
55856404,1
55933253,1
55816343,1
55870204,1
55856819,1
55922426,1
55941785,1
55942932,1
55943015,1
55866141,1
55910669,1
55884454,1
55889043,1
55859303,1
55870169,1
55904353,1
55882184,1
55830587,1
55931563,1
55835681,1
55906915,1
55879376,1
55914203,1
55941730,1
55771735,1
55944463,1
55930845,1
55923611,1
55941773,1
55840150,1
55851348,1
55888994,1
55836857,1
55780488,1
55916435,1
55822778,1
55928505,1
55876458,1
55635132,1
55780891,1
55936977,1
55936976,1
55897594,1
55900537,1
55918003,1
55859276,1
55933514,1
55892315,1
55889536,1
55882635,1
55936351,1
55778767,1
55929547,1
55910589,1
55933071,1
55908258,1
55889042,1
55821879,1
55914137,1
55901242,1
55941729,1
55893348,1
55921159,1
55929546,1
55873242,1
55946031,1
55874453,1
55774707,1
55906305,1
55925458,1
55941088,1
55939494,1
55812660,1
55813566,1
55914906,1
55890599,1
55893347,1
55863399,1
55876945,1
55914390,1
55900670,1
55939156,1
55908843,1
55888588,1
55930970,1
55940917,1
55741544,1
55869020,1
55758240,1
55939397,1
55942268,1
55898215,1
55934184,1
55920526,1
55889535,1
55923265,1
55945498,1
55917146,1
55947179,1
55917955,1
55914136,1
55902013,1
55904772,1
55897889,1
55859327,1
55886807,1
55948696,1
55791498,1
55881764,1
55867936,1
55831104,1
55870770,1
55884646,1
55864303,1
55928506,1
55878261,1
55947824,1
55903769,1
55854529,1
55925930,1
55856502,1
55668048,1
55918131,1
55889498,1
55941645,1
55905916,1
55901582,1
55904124,1
55950923,1
55870465,1
55934494,1
55885498,1
55940468,1
55906316,1
55945796,1
55890775,1
55948695,1
55814777,1
55882634,1
55936537,1
55950321,1
55840836,1
55939641,1
55916497,1
55952220,1
55946861,1
55908541,1
55490568,1
55882090,1
55882670,1
55918014,1
55909693,1
55863257,1
55793837,1
55843437,1
55928176,1
55721415,1
55865261,1
55703778,1
55909108,1
55895550,1
55868148,1
55887352,1
55923024,1
55892893,1
55946862,1
55906680,1
55933299,1
55878746,1
55909523,1
55905858,1
55927870,1
55926010,1
55879845,1
55914234,1
55870464,1
55855257,1
55565593,1
55870771,1
55950320,1
55898273,1
55898367,1
55886039,1
55955030,1
55914913,1
55955337,1
55879681,1
55725496,1
55894286,1
55915694,1
55903779,1
55873551,1
55892719,1
55952221,1
55826081,1
55906681,1
55946796,1
55848028,1
55771746,1
55944349,1
55923729,1
55951312,1
55856820,1
55884200,1
55925536,1
55930830,1
55791893,1
55937786,1
55952860,1
55932367,1
55910718,1
55915965,1
55946311,1
55935659,1
55919318,1
55923047,1
55955053,1
55957704,1
55935820,1
55955206,1
55830022,1
55793687,1
55945193,1
55933298,1
55892330,1
55879928,1
55920754,1
55952816,1
55952841,1
55897823,1
55932522,1
55929527,1
55780492,1
55908997,1
55957231,1
55957368,1
55838149,1
55869470,1
55872370,1
55876228,1
55898396,1
55916372,1
55942297,1
55911153,1
55916592,1
55892988,1
55926191,1
55925117,1
55927807,1
55930674,1
55899225,1
55904805,1
55958460,1
55909109,1
55942269,1
55928396,1
55939224,1
55903676,1
55949236,1
55872213,1
55917583,1
55957703,1
55883884,1
55917584,1
55909990,1
55925188,1
55889499,1
55919916,1
55958232,1
55910259,1
55892403,1
55929631,1
55935471,1
55811869,1
55955031,1
55955052,1
55931428,1
55846268,1
55953589,1
55922640,1
55871311,1
55893108,1
55866248,1
55959720,1
55868652,1
55928118,1
55925470,1
55813005,1
55818701,1
55874542,1
55940798,1
55957278,1
55898175,1
55961582,1
55912072,1
55935821,1
55942407,1
55862846,1
55916857,1
55952505,1
55906803,1
55961956,1
55899226,1
55917294,1
55918496,1
55951283,1
55908844,1
55922641,1
55877571,1
55761261,1
55867781,1
55903477,1
55941105,1
55961290,1
55938381,1
55941128,1
55929762,1
55911976,1
55898368,1
55934166,1
55835139,1
55816982,1
55919069,1
55952334,1
55908489,1
55884820,1
55952539,1
55907170,1
55859233,1
55953562,1
55884243,1
55778182,1
55914106,1
55918305,1
55904354,1
55947425,1
55851323,1
55910719,1
55940801,1
55953228,1
55867782,1
55926924,1
55777901,1
55769764,1
55905393,1
55966136,1
55903036,1
55802087,1
55824760,1
55881270,1
55919565,1
55900451,1
55927978,1
55925116,1
55917227,1
55928036,1
55942933,1
55887081,1
55897916,1
55929498,1
55933704,1
55962604,1
55893809,1
55925440,1
55803545,1
55965293,1
55874534,1
55926915,1
55920149,1
55966137,1
55849149,1
55927928,1
55923728,1
55906877,1
55958124,1
55949781,1
55890774,1
55959272,1
55926009,1
55922425,1
55921160,1
55816981,1
55926914,1
55950138,1
55962603,1
55931024,1
55915698,1
55920148,1
55957192,1
55927202,1
55966827,1
55933122,1
55913848,1
55924147,1
55924710,1
55882956,1
55967030,1
55908540,1
55879375,1
55755270,1
55933680,1
55969050,1
55852828,1
55897888,1
55897822,1
55911817,1
55837756,1
55936566,1
55961287,1
55939441,1
55927150,1
55905364,1
55901056,1
55908539,1
55941252,1
55969756,1
55816278,1
55859229,1
55697839,1
55970122,1
55937021,1
55889500,1
55947227,1
55959191,1
55876873,1
55932607,1
55914647,1
55885305,1
55727277,1
55901015,1
55936567,1
55950360,1
55818489,1
55913891,1
55914914,1
55969757,1
55924810,1
55960435,1
55949655,1
55966994,1
55714894,1
55843720,1
55815487,1
55914971,1
55945398,1
55830060,1
55921009,1
55969131,1
55966350,1
55904806,1
55969399,1
55916019,1
55898258,1
55780469,1
55969616,1
55951823,1
55897344,1
55972457,1
55931429,1
55968822,1
55912073,1
55927360,1
55867788,1
55855256,1
55971064,1
55932809,1
55927130,1
55931314,1
55914488,1
55972458,1
55966993,1
55936912,1
55949563,1
55923124,1
55971832,1
55911522,1
55884466,1
55936458,1
55916373,1
55928391,1
55941106,1
55922959,1
55925663,1
55931416,1
55805016,1
55878111,1
55964363,1
55860088,1
55908571,1
55926070,1
55952527,1
55966370,1
55906897,1
55972132,1
55973572,1
55921672,1
55955844,1
55890155,1
55800987,1
55975056,1
55972401,1
55923075,1
55945005,1
55919341,1
55947743,1
55963594,1
55945497,1
55852709,1
55931099,1
55935472,1
55935658,1
55966873,1
55976977,1
55955100,1
55942406,1
55931449,1
55934135,1
55916856,1
55931857,1
55753551,1
55934650,1
55904123,1
55939210,1
55854110,1
55953673,1
55958274,1
55959628,1
55977708,1
55916999,1
55910600,1
55881975,1
55898257,1
55971065,1
55527332,1
55741883,1
55960434,1
55977153,1
55884819,1
55831920,1
55941725,1
55980052,1
55787195,1
55914416,1
55980005,1
55934784,1
55917309,1
55900707,1
55926996,1
55922853,1
55973571,1
55929763,1
55975118,1
55941127,1
55911091,1
55977881,1
55931417,1
55901192,1
55963432,1
55917563,1
55944280,1
55927773,1
55934239,1
55907169,1
55927895,1
55931856,1
55980053,1
55853150,1
55939225,1
55936350,1
55933679,1
55851347,1
55957193,1
55932608,1
55898097,1
55977709,1
55933767,1
55901072,1
55731509,1
55969718,1
55831413,1
55909336,1
55770285,1
55944394,1
55607862,1
55942753,1
55933325,1
55974563,1
55925237,1
55909989,1
55900515,1
55973776,1
55924148,1
55869135,1
55915888,1
55876922,1
55832489,1
55925774,1
55944279,1
55934136,1
55934167,1
55840149,1
55972988,1
55713047,1
55982823,1
55977400,1
55933473,1
55966475,1
55926579,1
55924201,1
55900514,1
55938646,1
55983202,1
55961288,1
55985066,1
55898665,1
55715508,1
55737286,1
55934240,1
55952550,1
55933768,1
55915411,1
55945749,1
55976065,1
55889497,1
55926592,1
55838001,1
55984529,1
55944828,1
55604285,1
55935448,1
55965772,1
55927661,1
55961567,1
55900244,1
55937436,1
55953712,1
55914235,1
55945484,1
55966476,1
55922813,1
55967822,1
55928175,1
55930127,1
55965879,1
55854254,1
55944995,1
55838086,1
55858656,1
55947823,1
55943882,1
55898214,1
55987870,1
55979426,1
55985067,1
55845000,1
55922154,1
55955101,1
55906814,1
55955323,1
55828240,1
55896153,1
55943420,1
55920139,1
55922517,1
55928392,1
55916498,1
55889959,1
55921519,1
55933124,1
55897301,1
55813582,1
55881176,1
55835655,1
55952532,1
55926995,1
55969307,1
55921671,1
55932759,1
55794348,1
55972467,1
55958796,1
55931475,1
55858131,1
55928878,1
55923670,1
55895227,1
55873241,1
55937655,1
55942298,1
55917293,1
55911816,1
55944996,1
55952246,1
55909439,1
55976978,1
55958795,1
55880186,1
55982464,1
55865919,1
55947180,1
55991793,1
55865610,1
55951079,1
55929095,1
55914646,1
55936632,1
55931078,1
55982210,1
55973854,1
55969592,1
55914489,1
55914702,1
55960069,1
55973855,1
55977887,1
55987494,1
55977822,1
55980437,1
55990355,1
55930128,1
55969617,1
55988810,1
55967100,1
55974251,1
55990615,1
55821400,1
55827075,1
55911336,1
55958125,1
55911285,1
55988193,1
55954114,1
55912555,1
55929088,1
55929457,1
55907236,1
55952830,1
55968080,1
55994109,1
55938382,1
55979425,1
55935222,1
55990269,1
55976786,1
55939484,1
55936876,1
55965773,1
55924671,1
55968823,1
55974252,1
55923074,1
55949782,1
55864924,1
55979968,1
55860608,1
55593973,1
55926997,1
55807532,1
55965298,1
55954493,1
55959797,1
55994219,1
55975057,1
55898096,1
55972149,1
55869471,1
55928292,1
55951891,1
55996034,1
55982294,1
55942184,1
55966188,1
55994596,1
55914107,1
55994577,1
55950805,1
55959271,1
55811366,1
55801789,1
55928872,1
55926403,1
55901016,1
55985974,1
55926998,1
55951982,1
55932760,1
55927428,1
55974223,1
55912089,1
55949669,1
55944197,1
55994597,1
55759530,1
55921126,1
55870203,1
55935168,1
55915966,1
55915992,1
55996942,1
55948956,1
55980436,1
55990356,1
55894598,1
55994388,1
55996035,1
55990616,1
55967029,1
55952538,1
55991008,1
55919523,1
55945750,1
55927201,1
55929556,1
55917308,1
55996941,1
55979704,1
55914602,1
55540430,1
55994355,1
55925929,1
55961955,1
56000633,1
55993892,1
55969445,1
55911830,1
55989989,1
55702152,1
55901243,1
55960872,1
55997449,1
55989367,1
55952831,1
55899269,1
55962311,1
55935223,1
55936766,1
55973880,1
55864199,1
56001136,1
55951741,1
56001393,1
55796613,1
55938645,1
55927329,1
55994354,1
55975156,1
55979691,1
55964364,1
55982549,1
55914949,1
55994912,1
55945483,1
55919068,1
56000634,1
55814520,1
55953713,1
55926578,1
55954372,1
55980349,1
55981804,1
55918389,1
55994193,1
55985975,1
56001392,1
55996151,1
55916436,1
55939427,1
55958907,1
55970239,1
55934514,1
55941598,1
55933671,1
55998399,1
55710152,1
55944178,1
55905394,1
56005239,1
55971181,1
55949564,1
55944177,1
55895650,1
55898734,1
55845594,1
55967524,1
55999295,1
55932232,1
55886038,1
55995672,1
55957230,1
55994194,1
56005330,1
55982463,1
55924811,1
55975339,1
55859391,1
55532176,1
55956505,1
55993699,1
56002909,1
55958284,1
55925535,1
55973777,1
56005094,1
55961399,1
56001137,1
55932510,1
55898181,1
55963985,1
55966091,1
55916513,1
55942310,1
55972466,1
55999911,1
55974327,1
55925187,1
55971831,1
55871392,1
55977401,1
55984530,1
55936457,1
55933755,1
55924340,1
55958387,1
55943881,1
55981829,1
55937882,1
55877736,1
55731415,1
55965852,1
55985197,1
55945192,1
55800243,1
55958906,1
55945659,1
55969094,1
55966411,1
55971818,1
55576311,1
55958231,1
55937699,1
55969130,1
55969283,1
56005054,1
55969484,1
56010481,1
55748610,1
55968029,1
55988660,1
55963953,1
55933070,1
55930254,1
55971390,1
55955831,1
55977880,1
55917114,1
55985586,1
55933636,1
55959643,1
55916931,1
56010335,1
56006241,1
55903640,1
55912790,1
55995229,1
55967821,1
55576312,1
55946272,1
55987211,1
56005069,1
55962688,1
55974280,1
56005329,1
56012516,1
55960843,1
55986368,1
56010028,3
56010981,3
56010029,3
55966410,1
56008552,1
56011311,1
56002115,1
55964979,1
55950922,1
56010401,1
56008792,1
55926047,1
55936343,1
55945795,1
55874607,1
55934958,1
55954492,1
55961289,1
55931084,1
55981830,1
55993262,1
55976359,1
55927129,1
56009771,1
55963127,1
55930538,1
55995913,1
55985196,1
55947026,1
55894939,1
55983691,1
55918197,1
56000314,1
55994904,1
55958388,1
55912554,1
55949963,1
56002116,1
55952859,1
55958461,1
55895649,1
56007813,1
55955779,1
55847620,1
55978006,1
55928522,1
55885265,1
56010020,1
55942557,1
56012772,3
56010982,3
55964520,1
55952581,1
55954115,1
55929557,1
55611563,1
55873009,1
55878491,1
55936767,1
56014929,1
55908369,1
55971401,1
55972411,1
56009790,1
55942417,1
56008105,1
55960713,1
55903147,1
55992040,1
55929499,1
56012773,3
55903131,1
55952873,1
55987129,1
55970121,1
55969400,1
55969413,1
55965299,1
55994063,1
56005145,1
56010553,1
55993080,1
55994253,1
55906466,1
55963011,1
55975338,1
55939512,1
55960125,1
55980795,1
55970240,1
55928790,1
56016475,3
55959096,1
55938951,1
55949964,1
55947230,1
55930844,1
55958273,1
55885499,1
55970737,1
55851449,1
55968168,1
55911876,1
55939259,1
55976796,1
56016476,3
56015656,1
55967443,1
55995123,1
55933485,1
55969268,1
55948507,1
55931100,1
55944348,1
56005115,1
56009338,1
55971180,1
56012381,1
55995914,1
55983201,1
55950240,1
55983414,1
55975091,1
55993486,1
55968659,1
55956087,1
55997194,1
55988990,1
55905643,1
55977152,1
55955237,1
55963541,1
55950905,1
55977217,1
55870283,1
55934785,1
55993618,1
55963595,1
55892427,1
55964519,1
55921125,1
55895337,1
55960068,1
56017836,1
55985913,1
55880530,1
55987879,1
56015204,1
55993338,1
55982777,1
55928873,1
55942574,1
55956558,1
55969267,1
55982986,1
56003309,1
55984243,1
55986891,1
55991252,1
56010334,1
55933754,1
55914433,1
55960111,1
56006689,1
55939211,1
55929757,1
55971402,1
55924719,1
55996993,1
55948697,1
55993465,1
56009829,1
56010813,1
56013496,1
55952247,1
55982530,1
55812156,1
55998759,1
55972438,1
55785735,1
55967385,1
55808934,1
56016954,1
55905859,1
55876771,1
55767672,1
55960826,1
55981561,1
56005053,1
55965292,1
55914560,1
55998758,1
56015258,1
55953243,1
55963126,1
55857417,1
55955624,1
56024970,1
56010207,1
56010206,1
56009221,1
55982015,1
55968273,1
55977823,1
55966876,1
55982209,1
56018073,1
56005240,1
56007214,1
55856498,1
55960721,1
55909862,1
55955348,1
55923253,1
56015720,1
56013031,1
56010552,1
55966872,1
55927393,1
56009337,1
55870588,1
55922789,1
55957279,1
55985912,1
55988888,1
55983415,1
55575389,1
55965953,1
56021847,1
55744466,1
55967525,1
55982778,1
55959627,1
55713046,1
55965307,1
55931023,1
55929365,1
56014548,1
55969446,1
55919845,1
55977724,1
55989990,1
55995349,1
55977816,1
56001201,1
56007909,1
55983368,1
55969729,1
55747867,1
55928553,1
55930184,1
55958694,1
55980796,1
56010400,1
56011725,1
55940222,1
55929364,1
56000889,1
55996862,1
55970736,1
55942154,1
55947994,1
55947231,1
55947168,1
55833677,1
56018423,1
55984192,1
55986404,1
55921010,1
56030791,1
56024058,1
56024170,1
55967858,1
55911875,1
56009426,1
55929716,1
55988829,1
55894117,1
56028705,1
55982293,1
55647636,1
55958724,1
56021818,1
55988879,1
56024569,1
55920400,1
55872621,1
55989026,1
55886780,1
55937020,1
55963693,1
55955336,1
55988194,1
55970241,1
55959192,1
55951313,1
55922325,1
55923452,1
55934959,1
56011655,1
56029510,1
56029580,1
56016070,1
55998543,1
55982016,1
55965306,1
55973881,1
56018956,1
55909379,1
55956086,1
55922960,1
56004334,1
55899951,1
55843586,1
55915186,1
55926069,1
55928879,1
55948508,1
56032096,1
55937437,1
55981348,1
56030792,1
55955801,1
55981530,1
55973246,1
56009222,1
56023181,1
55844413,1
55974224,1
56028756,1
56023326,1
56004456,1
55805015,1
56024606,1
56005436,1
55947993,1
55952533,1
55944395,1
55923264,1
55956559,1
55969308,1
56011656,1
55919844,1
55814842,1
56026980,1
55939428,1
55921520,1
55923020,1
55997195,1
55962687,1
56018904,1
55897270,1
55976787,1
56032742,1
55778071,1
55926048,1
55942556,1
55989146,1
55928706,1
55950904,1
55585856,1
55717404,1
55988461,1
56029814,1
56028743,1
55988593,1
55959644,1
55998866,1
56026323,1
56035464,1
55993248,1
55960692,1
55859538,1
55986502,1
56002894,1
55964890,1
55884213,1
55971194,1
56026057,1
55975166,1
55936833,1
55996150,1
56034327,1
55988941,1
55960124,1
55911130,1
55931474,1
55972738,1
55936188,1
56007348,1
56033087,1
55969360,1
55835140,1
55936189,1
55992667,1
55967634,1
55989670,1
55995464,1
55976066,1
56032583,1
55833560,1
55997071,1
55929717,1
56038267,1
55936820,1
55952635,1
55982752,1
56033043,1
55933484,1
55982751,1
55958242,1
56018783,1
55999495,1
55766187,1
55958358,1
56005095,1
56039645,1
56006905,1
55942416,1
56032754,1
56004289,1
56040067,1
55987869,1
55979705,1
55960691,1
56032846,1
55955449,1
55994911,1
56018353,1
55937787,1
56025751,1
56001200,1
55715591,1
56018630,1
56029509,1
55961400,1
55979417,1
56023182,1
55972412,1
55991577,1
56042552,1
56029018,1
56016313,1
56004148,1
56035458,1
55925441,1
55900367,1
55969051,1
56002252,1
55988255,1
55990220,1
56042007,1
56011931,1
55791587,1
56042553,1
55998564,1
56032741,1
55999873,1
56038233,1
56015379,1
55974016,1
55997286,1
55955623,1
56008460,1
55937656,1
56005968,1
56013078,1
55947228,1
55952582,1
55966826,1
56029845,1
55993160,1
56043558,1
55994343,1
55821719,1
56018090,1
55966788,1
56006835,1
56018992,1
55930421,1
56017864,1
56010891,1
56034412,1
55983369,1
55993485,1
55980798,1
55953590,1
55977220,1
55992041,1
55985758,1
56034940,1
56018639,1
56013082,1
55986890,1
55987210,1
55998565,1
55984640,1
56032780,1
55780470,1
55980797,1
56016823,1
56035847,1
55931115,1
55940223,1
56036089,1
55986696,1
55988447,1
56001904,1
55951268,1
55566632,1
56040736,1
55931205,1
55984480,1
56014928,1
56045224,1
56021759,1
56024416,1
55993159,1
56035465,1
55994297,1
55950509,1
56033044,1
55885266,1
56029297,1
55811667,1
55929526,1
55926463,1
56004730,1
55999496,1
56003504,1
55786902,1
55976090,1
55858506,1
55990032,1
55985778,1
56004024,1
55961366,1
55988885,1
56045506,1
55996056,1
55954991,1
55991821,1
55986695,1
55912789,1
56019435,1
55986643,1
56026671,1
56004922,1
55933705,1
55969483,1
55951851,1
56042126,1
56039623,1
56046387,1
55954884,1
56046382,1
56045384,1
55927808,1
55969095,1
56011242,1
56019238,1
56016633,1
55963540,1
56048605,1
55985755,1
55961189,1
55982822,1
55980261,1
55971367,1
55859539,1
56039646,1
55938521,1
56013287,1
55998398,1
55988661,1
55996057,1
56051957,1
55938775,1
56032847,1
55613445,1
56011230,1
56027741,1
55928291,1
55999455,1
55969412,1
55949113,1
55969546,1
56023221,1
55988906,1
55973713,1
56023660,1
56015313,1
55999872,1
55947025,1
55976089,1
55922589,1
55941717,1
55983014,1
56052746,1
55745834,1
56037841,1
55988807,1
56013193,1
55981529,1
56035233,1
55994242,1
55939392,1
56045289,1
56049049,1
56024567,1
55982554,1
55972739,1
56046677,1
55947253,1
56027946,1
55951078,1
56016638,1
56008791,1
55941679,1
55925059,1
56021203,1
55971897,1
56034941,1
55997452,1
56023220,1
55993619,1
56045721,1
55944462,1
55985442,1
55854109,1
56004950,1
56001905,1
56019221,1
56007533,1
56018629,1
56014441,1
56037840,1
55996559,1
56045957,1
55954373,1
56010446,1
55883144,1
55951832,1
55791206,1
56041968,1
56048880,1
55939142,1
55939483,1
56053194,1
55993466,1
56026024,1
56019075,1
56054753,1
56023661,1
55938572,1
55956504,1
55901583,1
56049531,1
55961936,1
55966349,1
56014388,1
56021578,1
55942155,1
55976036,1
55851322,1
56026952,1
56039624,1
56053151,1
55608769,1
55896597,1
55997026,1
55783082,1
56023491,1
56019031,1
56021618,1
55993247,1
55996180,1
55876770,1
55958283,1
56011312,1
56005825,1
55984479,1
55995733,1
56007814,1
55994247,1
56010534,1
56058613,1
56054505,1
55930183,1
56046321,1
56043559,1
55984927,1
56009425,1
56028755,1
56028704,1
56027136,1
56017837,1
55993261,1
56028819,1
55960714,1
55923123,1
56050779,1
55988183,1
56013974,1
56032080,1
56019523,1
55911540,1
56022183,1
56052229,1
55951981,1
56029644,1
55859234,1
55951999,1
56061165,1
55968167,1
56061166,1
56015205,1
56056685,1
55847205,1
56021202,1
55967374,1
55885943,1
56052937,1
55903453,1
55952815,1
55984244,1
55969026,1
56044795,1
55961935,1
56061368,1
56021839,1
55997027,1
55890156,1
56037353,1
56049100,1
55995671,1
55996334,1
56062210,1
55922331,1
56059487,1
55941644,1
56059488,1
56024022,1
55996777,1
56004701,1
55841219,1
56004883,1
55925448,1
56059816,1
56021466,1
56061369,1
56061509,1
56037940,1
56059940,1
56045383,1
55781111,1
56050778,1
56048112,1
55925854,1
55911154,1
55966268,1
55972831,1
56022146,1
56040187,1
56043803,1
56014276,1
56015899,1
56057936,1
56049530,1
56016824,1
55952636,1
55981147,1
56032065,1
56033448,1
55999296,1
56014547,1
55935171,1
56014692,1
56004025,1
56050173,1
56001312,1
55933672,1
56029746,1
56064266,1
56064267,1
55988446,1
56028565,1
55949819,1
55952504,1
56000173,1
56033088,1
56065012,1
55990219,1
56066254,1
55936322,1
56019932,1
56026981,1
55972148,1
56055803,1
56032454,1
56055722,1
56058398,1
55922571,1
56014555,1
56003753,1
56062817,1
56013341,1
55993307,1
56061805,1
56028722,1
56018236,1
56004731,1
56064940,1
56015686,1
56011648,1
55844340,1
56025284,1
56030956,1
56063970,1
56006559,1
56010610,1
56029581,1
56004951,1
56032529,1
56046273,1
55975107,1
56068209,1
56014556,1
56013274,1
56051872,1
56064635,1
56061967,1
56045505,1
56050885,1
55900366,1
56013975,1
55991009,1
56058269,1
55947169,1
56014793,1
56029669,1
55995228,1
56068066,1
56065404,1
56029684,1
56024530,1
56019032,1
56037352,1
56034150,1
55859230,1
55990330,1
55967386,1
55955322,1
56059323,1
55996333,1
56064938,1
56015687,1
56013225,1
56048606,1
56069287,1
56058255,1
56010480,1
55999714,1
55862570,1
56039857,1
55955830,1
56065570,1
56019040,1
56065569,1
56065708,1
55982529,1
56059322,1
56022182,1
56041228,1
55963952,1
56024106,1
56038821,1
56033449,1
56013201,1
56043313,1
55911539,1
56069286,1
55632252,1
56066387,1
56009085,1
56016006,1
56010447,1
56046272,1
56054438,1
56065421,1
56072676,1
56064290,1
56005435,1
56049101,1
56015285,1
56046378,1
55972500,1
55784690,1
55919564,1
55663445,1
55982663,1
56015490,1
56071604,1
56011241,1
55926402,1
55849414,1
56054052,1
56035163,1
55867935,1
56072093,1
55945660,1
56072094,1
56070683,1
56033904,1
56016007,1
55985779,1
56061674,1
55996877,1
56067077,1
56072748,1
55782842,1
56046388,1
56045290,1
56051958,1
56029923,1
56042512,1
55949668,1
55990824,1
55904342,1
55939141,1
55986405,1
55963673,1
55999076,1
56065984,1
56056808,1
56070544,1
55992668,1
55854253,1
55626803,1
56024212,1
56013226,1
56059812,1
56012149,1
56051751,1
56015900,1
56053205,1
56072749,1
56046481,1
56050840,1
55995965,1
56007213,1
55876480,1
56043001,1
56023890,1
56016869,1
55983985,1
55985733,1
55953811,1
56070693,1
55947310,1
56025398,1
56029545,1
55970968,1
55990017,1
56003310,1
56017762,1
56036671,1
55999715,1
56012517,1
56076509,1
55953242,1
55964350,1
56016438,1
55933867,1
55971896,1
56035933,1
56030803,1
55996990,1
56075127,1
56056063,1
55988828,1
56077867,1
56075073,1
56050475,1
56068226,1
56067076,1
56076468,1
56005347,1
56049198,1
56038227,1
56024531,1
56024568,1
56026298,1
55983576,1
56018235,1
55906916,1
55933499,1
56076103,1
55944587,1
56025750,1
56061582,1
56079076,1
55938972,1
56070896,1
56077892,1
55975108,1
56028474,1
56056062,1
56020743,1
56061804,1
55938677,1
55886955,1
55940314,1
55987039,1
56022513,1
56019753,1
56073415,1
56015947,1
55929456,1
56011635,1
56044459,1
56035187,1
56054620,1
56031329,1
56060086,1
56032658,1
56024409,1
56057307,1
56012380,1
56029846,1
56075538,1
55770808,1
56059210,1
55999910,1
56012815,1
55972830,1
56014038,1
56075847,1
56041330,1
56024962,1
56055597,1
56051402,1
56022514,1
56033874,1
56029776,1
55998653,1
56080593,1
56073593,1
56029916,1
56024391,1
55856457,1
56040859,1
56039670,1
55979967,1
56033270,1
56073261,1
56004921,1
56035134,1
55981779,1
56007910,1
56029915,1
55947932,1
55938678,1
56023832,1
56007349,1
56081393,1
56054060,1
56013672,1
56011083,1
56023969,1
56051184,1
55927977,1
55985690,1
55993005,1
56073401,1
56067980,1
56011930,1
56084452,1
56042127,1
56061259,1
56044750,1
56083314,1
55988806,1
56012157,1
55939513,1
55988940,1
56064432,1
55853629,1
56026463,1
56049352,1
55988184,1
55979015,1
56032079,1
55993653,1
56023968,1
56074790,1
56054506,1
56015948,1
56013200,1
56053673,1
56043731,1
56019074,1
55941253,1
56026464,1
56037577,1
56085159,1
56071346,1
55984555,1
56008461,1
55995125,1
56051551,1
56012920,1
55933730,1
56027285,1
56083313,1
56053150,1
56077783,1
55848481,1
55864539,1
56028796,1
55960110,1
56037404,1
55961583,1
55979882,1
56054056,1
56057989,1
56036396,1
56042912,1
56021330,1
56085326,1
55991794,1
56035012,1
56050007,1
56036742,1
56033530,1
56066092,1
56080533,1
55903370,1
56064000,1
56046172,1
56065599,1
56079200,1
56084712,1
56020465,1
56007178,1
56038232,1
55988254,1
56034741,1
56004702,1
56040305,1
56081584,1
56052245,1
56032898,1
56016833,1
56088356,1
56082781,1
56060801,1
56021262,1
56073594,1
56088738,1
56066679,1
56080794,1
56039858,1
55994200,1
56030075,1
56042974,1
56064937,1
56066055,1
56086994,1
56085448,1
56069050,1
55983692,1
56030882,1
56069568,1
56058268,1
56018814,1
56084533,1
56086057,1
55995734,1
56021679,1
55939430,1
56012156,1
56038218,1
56004288,1
56024566,1
56034477,1
56034673,1
55981136,1
55870306,1
56052382,1
56089637,1
56036088,1
56048619,1
56033271,1
56089849,1
56059842,1
56066874,1
56070684,1
56016043,1
56088739,1
56006834,1
55935649,1
55988889,1
55999601,1
56039350,1
56040995,1
56054756,1
55999075,1
56022076,1
56018638,1
56085063,1
56038734,1
56051495,1
56025285,1
56021619,1
56040699,1
55986771,1
56093970,1
56077917,1
56026023,1
56046461,1
56071176,1
56016346,1
55894850,1
56035951,1
56066465,1
56045804,1
56062094,1
56029576,1
56079868,1
56065941,1
56082790,1
56019522,1
56094154,1
56037941,1
56076440,1
56092932,1
56079201,1
56056504,1
56035303,1
56029209,1
56040264,1
56056576,1
56062102,1
56015824,1
56022218,1
55988462,1
56024169,1
55786665,1
56038052,1
55962051,1
55932521,1
56083544,1
56082013,1
56043787,1
56095753,1
56070176,1
55999051,1
56078300,1
56090320,1
56073108,1
56063138,1
56048618,1
56052936,1
56005969,1
55991491,1
55962052,1
56032528,1
55866259,1
56097280,1
56060090,1
56076469,1
56071056,1
55966036,1
55772435,1
56056574,1
56075788,1
56052230,1
56027626,1
56055406,1
56045935,1
56037478,1
56065985,1
56061094,1
56079245,1
56087277,1
56035304,1
56097281,1
56069948,1
56075499,1
56040068,1
56004455,1
56059211,1
56098614,1
56044031,1
56021263,1
55958243,1
56099368,1
55915522,1
56040467,1
56022409,1
56054378,1
56098206,1
56043734,1
56027069,1
56064636,1
56061560,1
56073107,1
56066054,1
56057954,1
56049607,1
56085543,1
55998542,1
56058377,1
56041967,1
56098205,1
56040493,1
56102208,1
56038980,1
55926436,1
55966564,1
56064431,1
56021638,1
56043443,1
56095647,1
56087514,1
56065420,1
56048994,1
56098526,1
56020434,1
56068446,1
56016437,1
55992384,1
56025399,1
56057953,1
55933500,1
56046109,1
56077782,1
56040737,1
56100938,1
56092786,1
56006904,1
56063871,1
56068306,1
56019039,1
56098501,1
56098558,1
56061673,1
56046499,1
56085695,1
56063999,1
56047292,1
56018815,1
56029685,1
56018957,1
55987128,1
56058549,1
56076372,1
56059843,1
56102755,1
56101138,1
56059185,1
56101177,1
56004253,1
56006688,1
56034478,1
56033231,1
56058331,1
56040492,1
56036672,1
56105075,1
55977726,1
56103646,1
56046279,1
56023195,1
56106694,1
56043647,1
56029019,1
56061968,1
56093096,1
55979883,1
56048589,1
56040466,1
56065329,1
56068267,1
56032455,1
56069733,1
56063855,1
55791474,1
56036550,1
56046353,1
56082012,1
55972499,1
56072613,1
56067121,1
55998652,1
55961461,1
56042913,1
56045729,1
55983938,1
55931206,1
56082621,1
56052158,1
56093390,1
56095227,1
55966359,1
56009086,1
55633810,1
56059800,1
56044879,1
56080532,1
56032584,1
56105519,1
56043646,1
56106620,1
56109500,1
56100072,1
56054754,1
55745047,1
56068570,1
56082251,1
56104477,1
56052651,1
56094259,1
56087278,1
55761092,1
56029745,1
56091754,1
56097235,1
56034139,1
56061771,1
56046500,1
56061617,1
56061878,1
55934168,1
56073949,1
56051163,1
55971817,1
56046715,1
56056697,1
56081465,1
56074392,1
56063574,1
56052650,1
56029645,1
56063870,1
56081800,1
55996778,1
56106302,1
56107605,1
56044878,1
56103645,1
56033745,1
55955448,1
55941772,1
56060802,1
56070808,1
56093095,1
56098559,1
56098525,1
55943014,1
56098770,1
56023782,1
56037479,1
56033490,1
56055505,1
56096770,1
56021819,1
56096769,1
56102495,1
56048993,1
56026012,1
56106730,1
56035549,1
56082025,1
56105742,1
56105623,1
56103944,1
56102880,1
56111270,1
56084001,1
56098615,1
56055267,1
56049606,1
56064941,1
56056843,1
56066566,1
56056822,1
56093931,1
56059878,1
56113148,1
56002253,1
56058469,1
56076336,1
55963820,1
55985754,1
56105537,1
56080781,1
56010892,1
56092053,1
56042588,1
55994387,1
56032794,1
55857231,1
55930539,1
56022147,1
56021107,1
56056733,1
55961853,1
56092318,1
56010021,1
56032095,1
56045756,1
56081617,1
56114427,1
55995124,1
56016902,1
56106338,1
56074559,1
56083341,1
56064215,1
56070980,1
56061561,1
56070177,1
56103945,1
56040781,1
56109427,1
56051008,1
56035459,1
56056575,1
55934966,1
56034740,1
56073032,1
56076866,1
56044030,1
56035164,1
55965143,1
56051821,1
55996950,1
56083335,1
56061415,1
56046392,1
56024023,1
56082554,1
56054073,1
55950804,1
56064883,1
56111486,1
56037461,1
56095191,1
56065847,1
56095081,1
56057935,1
56075846,1
55983839,1
56015893,1
56021356,1
56090924,1
55940469,1
56080592,1
56051552,1
55988592,1
56078122,1
56077916,1
56070001,1
56117658,1
55951852,1
56024404,1
56115054,1
56030074,1
55967225,1
55830032,1
56073539,1
56114554,1
56091318,1
56105076,1
56091157,1
56082024,1
56083644,1
56112090,1
56083782,1
56065598,1
56111271,1
55818579,1
56103276,1
56115058,1
56084059,1
56119725,1
56063442,1
56071549,1
56076335,1
56081576,1
56021355,1
56075364,1
56054621,1
56086056,1
56077661,1
56072729,1
55983295,1
56015312,1
56059939,1
56083951,1
55966269,1
55923918,1
56117207,1
55979016,1
56069536,1
56069537,1
56105743,1
56072675,1
56086481,1
56102988,1
56032732,1
55982664,1
56085158,1
56084060,1
55907069,1
55824747,1
55914970,1
56089850,1
56067666,1
55997072,1
56019752,1
56090117,1
56069569,1
56061797,1
56036939,1
56048952,1
56097561,1
55682294,1
55958725,1
55933324,1
56090556,1
56051496,1
56069393,1
56015892,1
56120207,1
56087291,1
56073540,1
56091805,1
56069546,1
56086482,1
56038053,1
56058330,1
56042513,1
56053672,1
56065654,1
56098771,1
56038981,1
55835860,1
56080279,1
56071420,1
56036560,1
56122914,1
56077525,1
56080980,1
56114136,1
56052383,1
56088130,1
56002893,1
56125500,1
56123930,1
56056853,1
56066420,1
56077866,1
56109109,1
56122864,1
56109151,1
55981778,1
56125757,1
56055723,1
56097560,1
56125091,1
56096011,1
56119722,1
56040584,1
56073362,1
56092448,1
56076090,1
56129183,1
56093677,1
56114553,1
56069547,1
56045755,1
56123931,1
56101094,1
56018782,1
55972989,1
56092735,1
56075384,1
56088826,1
56053024,1
56040996,1
56061796,1
56104041,1
56103959,1
56123288,1
56009995,1
55949818,1
55928791,1
55969023,1
55985587,1
56088250,1
56054051,1
56085354,1
56070446,1
56025119,1
56085694,1
56051822,1
56049086,1
56106498,1
56079118,1
56123006,1
56127463,1
56045223,1
56089075,1
56051009,1
56116711,1
56053700,1
56043802,1
56056729,1
56056730,1
56087858,1
56130871,1
56048418,1
56093645,1
56075128,1
56081840,1
56072508,1
56115059,1
56023800,1
55685743,1
56085327,1
56096219,1
56090941,1
56033472,1
56006242,1
55986644,1
56049872,1
56029296,1
56023953,1
55995348,1
56074892,1
56079117,1
56091146,1
56066678,1
56068210,1
56068307,1
56040860,1
56106732,1
56070195,1
56060062,1
56127766,1
56133321,1
56116768,1
55989145,1
56081417,1
56047022,1
56086897,1
56089601,1
56117206,1
56045958,1
56073400,1
56073363,1
56033529,1
56066875,1
56054437,1
55780489,1
56070445,1
56087859,1
56126250,1
56066314,1
56093559,1
56067913,1
56095307,1
56091753,1
56135407,1
56043312,1
56098302,1
56135538,1
56001313,1
56069732,1
56075500,1
56097694,1
55783570,1
55966358,1
56089718,1
56067902,1
56080795,1
56092889,1
56027286,1
56138521,1
56080748,1
55914905,1
56039669,1
56015378,1
56041227,1
56062103,1
56117103,1
55983575,1
55887537,1
56100614,1
56100862,1
56122865,1
56054101,1
56135171,1
56082791,1
55970969,1
56056014,1
56056029,1
56075468,1
56095838,1
56086264,1
56122366,1
56073956,1
55967224,1
56014675,1
55997673,1
56085588,1
56102330,1
56062513,1
56106419,1
56129807,1
56135389,1
55942185,1
56132776,1
55951892,1
55872610,1
56024597,1
56109546,1
56138902,1
56138903,1
56100531,1
56127919,1
56138888,1
55959719,1
56066313,1
56114639,1
56130870,1
56099520,1
56070809,1
56132771,1
56081656,1
56094677,1
56083545,1
56120442,1
56101251,1
56068268,1
56138887,1
56112705,1
56085355,1
56055802,1
56073386,1
56089717,1
56058502,1
56069145,1
56080609,1
56136652,1
56117621,1
56075365,1
56115055,1
56059316,1
56073033,1
56122369,1
56109899,1
56112365,1
56063489,1
56045730,1
56096153,1
56095226,1
56129462,1
56073144,1
55724333,1
56021329,1
56116012,1
56077526,1
56136444,1
56058376,1
56101178,1
56081655,1
56087285,1
56071195,1
56120397,1
56084002,1
56056696,1
56050008,1
55947309,1
56104905,1
55928134,1
56047593,1
56112036,1
56135443,1
55990823,1
56103824,1
56069660,1
55988991,1
56066996,1
56126125,1
56096010,1
56102042,1
56090929,1
56130928,1
56104657,1
56081583,1
56097987,1
56095308,1
56084494,1
55994243,1
56048951,1
55983216,1
56029998,1
56092867,1
56056505,1
56106695,1
56028744,1
56141518,1
56060161,1
56087657,1
55965142,1
56099519,1
56066567,1
56148680,1
56088330,1
56109058,1
56074715,1
56049050,1
56106619,1
56129785,1
56135390,1
56091806,1
56024408,1
56077444,1
56114937,1
56072614,1
56087513,1
56109317,1
56079396,1
56147766,1
56075467,1
56103807,1
56076510,1
56119431,1
55927114,1
56119711,1
56136193,1
56082622,1
56088357,1
56145570,1
55997664,1
56104719,1
56143211,1
56150291,1
55993893,1
56059801,1
56020466,1
56009994,1
56110599,1
56112096,1
56139469,1
56074891,1
56079114,1
56139599,1
55969545,1
56030883,1
56136195,1
56029575,1
56132115,1
55674504,1
56146297,1
56050224,1
56150292,1
56110895,1
56114899,1
56005116,1
55977027,1
56121932,1
56075537,1
56133332,1
56077443,1
56096028,1
56115459,1
56096183,1
56117022,1
56091317,1
56077517,1
56135060,1
56075959,1
56110598,1
56144658,1
56144733,1
56100937,1
56075217,1
56116212,1
56081443,1
56103544,1
55961462,1
56153072,1
56146177,1
56040782,1
56088693,1
56018089,1
56087588,1
56105869,1
56103275,1
56097695,1
56078567,1
56099203,1
56088331,1
56109909,1
56103619,1
56067788,1
56143131,1
56117497,1
56050223,1
56069408,1
56150314,1
56153073,1
55964889,1
56095646,1
56089076,1
56117533,1
56079115,1
56106731,1
56059317,1
56145421,1
56117079,1
56086896,1
56091158,1
56085589,1
56096220,1
56148678,1
56102331,1
55719940,1
56141990,1
56015298,1
56010533,1
56154445,1
56095754,1
56102358,1
56088627,1
55928133,1
56081839,1
56152277,1
56120362,1
56105868,1
55868651,1
56136081,1
56045720,1
56119875,1
56122457,1
56058144,1
56073260,1
56093644,1
56113031,1
55953810,1
56033489,1
56150315,1
56135444,1
56062816,1
56153182,1
56157463,1
56105536,1
56120361,1
56120335,1
56130433,1
56093072,1
56082180,1
56054865,1
56059408,1
56151369,1
56143210,1
56157257,1
56152954,1
56146286,1
56142101,1
56093930,1
56157462,1
56021190,1
56077893,1
56078123,1
56109253,1
56113643,1
56042777,1
55928707,1
56066093,1
56016044,1
56115458,1
56117937,1
55793031,1
56065405,1
56085866,1
56085867,1
56102209,1
56085430,1
56154465,1
56104978,1
56117620,1
56075779,1
56115057,1
56059407,1
56051185,1
56115056,1
56099204,1
56130604,1
56015721,1
56109900,1
55977304,1
56157251,1
56158499,1
56094640,1
56113349,1
56154466,1
56151880,1
56108001,1
56127057,1
56107604,1
56161417,1
56152217,1
56121610,1
56098511,1
56160261,1
56117657,1
56135943,1
56032443,1
56102881,1
56137102,1
56086847,1
56118218,1
56130660,1
56000172,1
56112688,1
56100644,1
56144507,1
56139289,1
56105105,1
56095328,1
56131139,1
56114767,1
56116363,1
56082067,1
56130256,1
56108482,1
56035232,1
56073143,1
56142636,1
56119795,1
56045805,1
56094990,1
56065848,1
55947136,1
56107434,1
56069419,1
56077321,1
56131143,1
56117532,1
56125092,1
55752582,1
56112166,1
56079327,1
56164332,1
56096154,1
56112346,1
56134536,1
56069390,1
55997587,1
56121394,1
56154285,1
56074556,1
56161154,1
56108002,1
56101989,1
56087607,1
56163060,1
56090259,1
56122367,1
56112239,1
56024392,1
55977305,1
56103169,1
56134441,1
56037460,1
56112548,1
56163640,1
56086969,1
56087286,1
56093310,1
56095082,1
56091145,1
56073541,1
56115778,1
56074560,1
56066997,1
56081818,1
56155941,1
56135726,1
56090220,1
56094387,1
55947135,1
56167193,1
56167312,1
56051164,1
56119886,1
56091060,1
56151368,1
56002486,1
56103615,1
56092866,1
56020433,1
56139468,1
56143949,1
56108473,1
56108483,1
56084713,1
56112269,1
56071196,1
56164372,1
56112324,1
56152620,1
56112891,1
56099112,1
56092759,1
56132855,1
56109203,1
56124953,1
56158794,1
55951742,1
56040255,1
56127918,1
56116880,1
56127992,1
56130808,1
56109616,1
56062163,1
56118217,1
55816943,1
56161182,1
56118832,1
56160048,1
56157134,1
56169512,1
56163945,1
56114638,1
56080608,1
56169800,1
56142364,1
56106855,1
56132223,1
56096435,1
56140012,1
56054866,1
56126742,1
56073385,1
56142018,1
56076283,1
56125771,1
56132114,1
56152953,1
56061618,1
56032542,1
56164020,1
56106733,1
56127399,1
56123289,1
56149693,1
56152268,1
55766445,1
56119753,1
56148273,1
56112954,1
56122710,1
56128441,1
56161210,1
55934991,1
56168207,1
56154474,1
56128440,1
56122069,1
56116364,1
56127408,1
56127368,1
56141519,1
56070194,1
56112167,1
56075778,1
56095839,1
55873550,1
56060162,1
56090468,1
56117936,1
56130775,1
56132049,1
56101813,1
56062489,1
56103631,1
56155583,1
56089713,1
56119752,1
56159883,1
56150208,1
56133901,1
56138228,1
56133727,1
56033903,1
56161183,1
56101250,1
56101248,1
56105518,1
56175214,1
56100307,1
55969596,1
56137458,1
56155297,1
56137168,1
56143130,1
56130744,1
56036741,1
56120149,1
56172160,1
56127211,1
56157785,1
56141251,1
56122070,1
56114851,1
56105827,1
56175213,1
55968658,1
56122368,1
56057990,1
56175693,1
56115926,1
55903330,1
56070545,1
55977815,1
56092760,1
56103753,1
56012148,1
56098301,1
56177918,1
56112012,1
56101326,1
56131567,1
56119651,1
55996421,1
56109617,1
56178315,1
56126743,1
56173611,1
56121393,1
56106303,1
56063307,1
56129738,1
56153181,1
56177850,1
56147804,1
56098538,1
56138227,1
56125874,1
56175196,1
56088692,1
55941225,1
56046460,1
56105826,1
56094989,1
56049353,1
56024963,1
56145381,1
56136082,1
56178437,1
56116997,1
56111667,1
56137493,1
56119903,1
56104812,1
56116181,1
56114025,1
56158584,1
56118882,1
56112095,1
56062093,1
56144378,1
56092576,1
56062514,1
56013273,1
56101093,1
56147793,1
56117732,1
56130903,1
56177349,1
56110671,1
56138020,1
56180471,1
56104040,1
56140689,1
56131325,1
56139634,1
56143948,1
56127630,1
56130432,1
55986369,1
56144377,1
56122574,1
56170172,1
56178401,1
56152619,1
56125159,1
55983294,1
56129786,1
56081442,1
56118881,1
56170825,1
56021467,1
56080747,1
56120334,1
56169786,1
56114938,1
55975244,1
55994248,1
56149784,1
56142637,1
56103250,1
56074555,1
56125196,1
56133616,1
56060798,1
56122595,1
56089636,1
56155659,1
56130971,1
56130918,1
56173213,1
56126934,1
56120206,1
56058550,1
56182135,1
56119022,1
56176774,1
56109453,1
56174313,1
55996989,1
56045736,1
56100530,1
56130745,1
56114168,1
56113021,1
56117225,1
56148272,1
56014275,1
55991492,1
56130927,1
56056823,1
56135069,1
56184509,1
56077518,1
56131297,1
56131240,1
56155996,1
56151998,1
56169746,1
56036985,1
56115591,1
56145761,1
56113032,1
56099111,1
56143089,1
56170824,1
56176391,1
56113147,1
56174955,1
56187370,1
56177644,1
56124926,1
56122361,1
56124927,1
56149327,1
56127369,1
56183476,1
55960506,1
56183822,1
56188374,1
56148350,1
56158423,1
56180242,1
56105048,1
56150083,1
56014387,1
55906532,1
56123142,1
56163124,1
56082089,1
55958887,1
56165726,1
56139515,1
56163222,1
56094678,1
56132945,1
56185213,1
56134410,1
56175554,1
56151176,1
56143334,1
56112953,1
56154174,1
56075074,1
56070797,1
56115779,1
56124422,1
56150442,1
56140897,1
56185937,1
56129780,1
56141347,1
56163221,1
56109378,1
56071175,1
56054755,1
56015823,1
56138901,1
56179966,1
56177350,1
56171665,1
55923671,1
56130972,1
56160232,1
56192753,1
56087292,1
56061414,1
56055596,1
55998740,1
56163017,1
56164019,1
56135944,1
56112706,1
56178402,1
56096054,1
56119858,1
56065013,1
55746047,1
56185819,1
56129779,1
56159882,1
56176184,1
56113153,1
56146298,1
56122785,1
56111668,1
56110670,1
56165548,1
56193183,1
56106339,1
56185116,1
56131298,1
56119021,1
56164369,1
56069661,1
56145569,1
56114169,1
56109856,1
56156352,1
56150969,1
56181316,1
56115590,1
56144557,1
56186616,1
56137802,1
56154375,1
56113372,1
56123143,1
56194139,1
56046377,1
56177994,1
56132946,1
56136038,1
56149728,1
56109664,1
56103249,1
56125158,1
56174743,1
55981135,1
56144363,1
56049807,1
56117226,1
56067789,1
56190121,1
56140806,1
56140690,1
56188839,1
56191602,1
56119293,1
56101137,1
55873911,1
56123042,1
55987968,1
56026462,1
56141617,1
56090940,1
56152616,1
56101812,1
56162085,1
56163519,1
55892176,1
56194900,1
56131929,1
56180243,1
56188521,1
56127631,1
56198303,1
56103752,1
56115927,1
56194342,1
56151990,1
56155126,1
56157784,1
56193519,1
56125875,1
56139555,1
56164371,1
56042975,1
56125145,1
56151056,1
56145655,1
56196415,1
56158028,1
56149785,1
56150378,1
56092531,1
56173647,1
56146387,1
56196920,1
56045525,1
56195786,1
56114892,1
56105622,1
56167040,1
56154116,1
56178438,1
56150984,1
56108817,1
56189877,1
56177816,1
56112013,1
56109377,1
56132770,1
56172354,1
56152278,1
56120449,1
56092991,1
55977218,1
56166188,1
56158027,1
56155415,1
56189239,1
56158184,1
55969025,1
56161660,1
56093311,1
56107572,1
56098038,1
56077252,1
56156415,1
56100863,1
56127210,1
56182119,1
56155766,1
56146631,1
56121247,1
56130257,1
56202586,1
56114024,1
56136027,1
56125030,1
56119707,1
56125144,1
56163641,1
56122806,1
56121248,1
56081575,1
56036397,1
56140487,1
56127398,1
56081990,1
56188827,1
56124952,1
56168565,1
56109204,1
56036559,1
56119859,1
56155557,1
56072119,1
56145422,1
56136219,1
56067912,1
56158610,1
56135537,1
56117538,1
56132856,1
56102662,1
56108472,1
56153329,1
56196322,1
56090469,1
56130807,1
55980006,1
56007667,1
56131795,1
56141956,1
56163061,1
56088827,1
56175081,1
56083645,1
56155040,1
56035769,1
56134693,1
55993700,1
56062196,1
56206145,1
56181317,1
56155558,1
56143335,1
56140805,1
55765220,1
56203898,1
56189878,1
56147487,1
56201100,1
56117031,1
56034674,1
56105047,1
56164370,1
56045176,1
55903342,1
55780998,1
56141750,1
56161693,1
56172889,1
56174405,1
56140368,1
56040263,1
56144362,1
56186824,1
56052747,1
56201017,1
56092447,1
56177815,1
56193301,1
56147610,1
56138522,1
56122456,1
56035950,1
56204662,1
56169144,1
56141918,1
55994296,1
56134442,1
56157133,1
56114711,1
56199596,1
56165179,1
56090118,1
56166984,1
56158775,1
56202498,1
56162840,1
56193038,1
56098537,1
56166080,1
56171385,1
56086846,1
56092319,1
56211186,1
56156432,1
56208962,1
56147495,1
56155784,1
56133726,1
56146080,1
56201016,1
56209242,1
56188826,1
56136055,1
56163472,1
56201929,1
56145453,1
56069049,1
56210308,1
56173456,1
56175999,1
56203785,1
56122325,1
56160262,1
56073416,1
56160292,1
56106642,1
56143518,1
56146437,1
56128412,1
56127458,1
56155081,1
56199976,1
56166241,1
56188210,1
56078810,1
56188159,1
56188162,1
56205683,1
56196462,1
56154175,1
56155446,1
56210307,1
56104656,1
56104813,1
56176000,1
56166729,1
56118831,1
56195311,1
56094098,1
56135408,1
56187371,1
56185808,1
56101988,1
56204112,1
56196921,1
56182314,1
56174232,1
56156351,1
56197453,1
56153397,1
56023952,1
56140334,1
56208990,1
55946795,1
56093971,1
56202499,1
56166026,1
56201796,1
56202585,1
56197235,1
56046714,1
56169848,1
56182658,1
56211262,1
56104904,1
56156416,1
56173389,1
56162793,1
56110582,1
55994037,1
55999600,1
56182190,1
56119294,1
56145185,1
56191054,1
56144558,1
56155298,1
56186710,1
56125499,1
56110583,1
56135070,1
56122003,1
56121609,1
56102043,1
56155696,1
56166604,1
56176353,1
56191618,1
56160792,1
56117023,1
56158498,1
56187297,1
56166762,1
56155783,1
56213416,1
56218924,1
56175283,1
56145184,1
56162084,1
56148609,1
55999074,1
56210330,1
56167707,1
56106314,1
56058836,1
56155695,1
55980348,1
56217819,1
56184633,1
56186204,1
56191644,1
55950241,1
56106525,1
56075789,1
56172880,1
56153642,1
56088552,1
56131128,1
56158609,1
56197075,1
56188838,1
56186150,1
56174231,1
55756355,1
56171664,1
56097909,1
56112345,1
56213876,1
56081604,1
56163514,1
56193859,1
56171970,1
56128109,1
56077079,1
56222986,1
56205039,1
56136653,1
56175197,1
56133106,1
56149727,1
56183477,1
56126251,1
56074770,1
56209241,1
56211795,1
56148707,1
56215996,1
56113642,1
56109254,1
56182189,1
56193462,1
56175282,1
56143722,1
56098500,1
56175518,1
56166253,1
56170049,1
55786357,1
56045737,1
56154117,1
56192423,1
56223808,1
56083132,1
56103620,1
55799584,1
56225321,1
56181768,1
56132222,1
56168823,1
56209446,1
56209869,1
56198581,1
56191697,1
56177917,1
56184931,1
56138685,1
56111476,1
56174414,1
56188160,1
56171784,1
56175694,1
56197740,1
56162574,1
56104718,1
56131928,1
56212939,1
56148368,1
56222695,1
56153683,1
56157223,1
56149041,1
56150515,1
56224476,1
56169645,1
55983215,1
56198994,1
55988905,1
56169847,1
56027427,1
56223807,1
56155224,1
56185470,1
56219476,1
56053033,1
56199178,1
56197681,1
56150131,1
56150968,1
56077564,1
56145762,1
56162792,1
56165547,1
56173602,1
56192780,1
56167919,1
56221591,1
56087194,1
56182339,1
56228686,1
56213415,1
56216140,1
56166730,1
56150409,1
56139598,1
56172505,1
55946622,1
55874299,1
56148369,1
56230273,1
56181288,1
56199193,1
56077078,1
56194754,1
56129463,1
56160914,1
56210329,1
55788151,1
56143088,1
56215061,1
56190533,1
56201440,1
56204006,1
56125772,1
56219011,1
56166970,1
56191696,1
55940315,1
56090557,1
56119706,1
56194768,1
56230274,1
56200337,1
56022105,1
56161659,1
56027947,1
56230418,1
56176822,1
56224022,1
56226786,1
56228299,1
56226944,1
56191252,1
56168067,1
56218718,1
56212081,1
56203877,1
56059877,1
56176543,1
56131326,1
56151879,1
56142409,1
56101327,1
56100643,1
56188161,1
56171699,1
56211036,1
56194769,1
56138832,1
56230808,1
56230743,1
56155946,1
56188525,1
56149077,1
56189986,1
56185807,1
56068065,1
56233885,1
55845096,1
56165725,1
56180415,1
56158795,1
56160793,1
56145380,1
56234765,1
56205824,1
56099367,1
56151177,1
56150985,1
56108013,1
56178927,1
56180368,1
56156910,1
56188590,1
56229960,1
56176279,1
56147255,1
56211037,1
56232965,1
56100655,1
56074789,1
55884263,1
56154446,1
56176156,1
56150514,1
56155945,1
56231398,1
56169799,1
56224475,1
56207033,1
56163273,1
56062164,1
56237439,1
56181105,1
56189285,1
56200273,1
56185579,1
56192173,1
56197805,1
56156431,1
56232242,1
56188373,1
56230809,1
56200906,1
56218923,1
56132974,1
56217820,1
56217914,1
56151845,1
56180604,1
56168449,1
56166081,1
56186326,1
56186327,1
56098864,1
56200333,1
56054061,1
56172699,1
56076102,1
56137457,1
56160932,1
56195355,1
56155660,1
56208981,1
56092577,1
56179634,1
56216139,1
56234099,1
56163059,1
56196182,1
56149326,1
56185262,1
56079395,1
56085225,1
56201950,1
56201864,1
56208429,1
56152745,1
56109665,1
56107435,1
56151057,1
56172506,1
56231369,1
56158754,1
56168208,1
56201456,1
56193182,1
56205350,1
56186029,1
56038266,1
56067665,1
56175326,1
56142595,1
56232004,1
56227346,1
56210281,1
56192422,1
56013673,1
56175849,1
56142594,1
56177510,1
56236344,1
56196862,1
56192706,1
56160336,1
56240814,1
56220303,1
56238017,1
56231539,1
56207216,1
56199108,1
56207314,1
56234764,1
56056957,1
56219654,1
56153945,1
56230845,1
56013192,1
56177509,1
56148470,1
56128351,1
56092930,1
56231397,1
56238135,1
56232688,1
56220877,1
56215466,1
56180571,1
56141250,1
55974279,1
56199177,1
56196399,1
56201949,1
56169076,1
56229409,1
56213955,1
56211189,1
56201930,1
56229314,1
56130902,1
56191053,1
56167798,1
56230634,1
56160931,1
56141957,1
56221409,1
56166680,1
56160335,1
56243488,1
56169787,1
56150384,1
56191683,1
56094099,1
56199984,1
56175327,1
56241156,1
56175928,1
56175519,1
56119794,1
56181210,1
56136445,1
56036940,1
56191290,1
56157258,1
56236639,1
56158240,1
56226989,1
56060085,1
56205325,1
56158323,1
56113373,1
56240990,1
56169795,1
56186028,1
56177248,1
56234691,1
56185520,1
56245746,1
56245747,1
56107573,1
56161405,1
56197408,1
56122004,1
56146438,1
56097908,1
56208989,1
56203704,1
56160200,1
56155127,1
56217913,1
56223319,1
56229936,1
56232663,1
56198810,1
56190554,1
56185338,1
56163282,1
56017761,1
56166189,1
56125195,1
56075889,1
56203176,1
56230396,1
56216688,1
56167342,1
56194901,1
56226943,1
56246122,1
56236640,1
56146388,1
56131235,1
55950329,1
56234239,1
56206998,1
56193520,1
56075958,1
56110227,1
56180843,1
56219231,1
56167313,1
56185569,1
56131144,1
56191251,1
56247887,1
56122807,1
56185907,1
56234240,1
56180369,1
56050174,1
56228852,1
56168822,1
56148471,1
56035770,1
56188446,1
56192220,1
56213107,1
56245733,1
56110226,1
56110894,1
56116110,1
56143741,1
56170549,1
56182982,1
56169568,1
56250551,1
56182120,1
56149694,1
56198811,1
56191585,1
56205326,1
56218221,1
56095918,1
55864743,1
56240374,1
56197454,1
56167797,1
56141991,1
56171506,1
56173740,1
55821878,1
56207182,1
56235113,1
56233982,1
56239633,1
56188522,1
56206814,1
56243667,1
56197076,1
56207215,1
56169513,1
56199977,1
56121118,1
56188589,1
56187296,1
56123214,1
56200945,1
56231540,1
56214860,1
56182136,1
56151778,1
56201457,1
56161418,1
56169796,1
56147254,1
56174406,1
56071347,1
56208430,1
55841107,1
56203784,1
56174742,1
56180385,1
56210354,1
56169807,1
56249134,1
56233970,1
56152267,1
56224424,1
56117612,1
56240031,1
56171756,1
56237442,1
56227627,1
56182657,1
56247013,1
56164579,1
56199209,1
56165879,1
56140867,1
56195995,1
56245342,1
56024213,1
56164027,1
56245343,1
56215164,1
56043759,1
56164333,1
56171794,1
56164578,1
56150883,1
56162716,1
56191135,1
56172698,1
56192754,1
56195610,1
56257072,1
56254601,1
56249156,1
56149879,1
56227291,1
56200944,1
56155490,1
56215765,1
56214461,1
56138019,1
56244616,1
56253238,1
56194258,1
56257130,1
56141330,1
56147604,1
56182340,1
56240989,1
56239968,1
56117496,1
56051133,1
56210014,1
56235605,1
56169077,1
55810487,1
56153946,1
56203705,1
56128411,1
56176183,1
56240476,1
56156909,1
56240806,1
56109152,1
56255948,1
56235148,1
56221534,1
56254570,1
56112091,1
56155767,1
56231776,1
56152218,1
56086386,1
56123547,1
56243953,1
56180842,1
56137323,1
56196750,1
56096184,1
56218635,1
56153963,1
56229843,1
56249155,1
56191639,1
56205151,1
55996422,1
56226414,1
56125382,1
56044458,1
56210170,1
56103545,1
55877570,1
56192781,1
56246179,1
56191299,1
56220121,1
56247888,1
56196321,1
56198302,1
56188765,1
56229935,1
56018074,1
56210171,1
56193879,1
56230395,1
56132048,1
56260813,1
56251238,1
56225515,1
56022410,1
55790059,1
56254214,1
56188239,1
56197682,1
56233623,1
56163944,1
56194138,1
56207855,1
56162717,1
56135172,1
56240813,1
56243555,1
56201441,1
56112238,1
56065709,1
56202722,1
56256902,1
56196751,1
56204901,1
56255854,1
56154376,1
56258809,1
56187806,1
56185115,1
56239990,1
56212599,1
56101145,1
56131794,1
56158183,1
56192172,1
55965946,1
56112892,1
56165108,1
56211796,1
56250287,1
56199595,1
56131046,1
56255949,1
56153117,1
56168068,1
55814201,1
56162705,1
56238212,1
56227232,1
56228907,1
56219230,1
56212938,1
56210077,1
56219612,1
56191134,1
56240475,1
56218719,1
56266742,1
56184944,1
56220654,1
56267166,1
56231280,1
55998741,1
56196265,1
55852131,1
55813275,1
56243954,1
56251239,1
56167343,1
56130605,1
56237438,1
56200332,1
56184930,1
56200907,1
56163062,1
56227694,1
56265360,1
56269623,1
56204038,1
56251866,1
56035267,1
56084453,1
56035548,1
56218330,1
56188444,1
56153684,1
56249501,1
56240563,1
56158585,1
56250288,1
56266579,1
56175037,1
56157252,1
56269624,1
56180605,1
56134198,1
56227231,1
56205388,1
56259169,1
56175278,1
56229376,1
56252043,1
56263051,1
56235803,1
56185575,1
56131138,1
56155705,1
56168833,1
56272571,1
56238192,1
56199957,1
56171078,1
56134197,1
56202059,1
56253992,1
56119690,1
56181211,1
56262598,1
56195772,1
56243556,1
56215004,1
56214859,1
56232783,1
56231634,1
56255075,1
56238742,1
56265883,1
56140488,1
56181289,1
56136633,1
56233101,1
56225254,1
56181767,1
56217351,1
56272471,1
56207899,1
56227303,1
56179635,1
56199107,1
56268667,1
56211187,1
56232032,1
56210078,1
56058041,1
56171079,1
56186709,1
56206216,1
56174881,1
56154284,1
56137167,1
56200272,1
56114137,1
56235571,1
56241297,1
55835037,1
56112549,1
56203175,1
56206700,1
56263890,1
56203899,1
56236150,1
56143519,1
56093676,1
56215914,1
56233912,1
56160231,1
56160060,1
56246296,1
56273678,1
56258929,1
56275371,1
56238211,1
56148351,1
56175208,1
56166983,1
56273895,1
56209927,1
56249291,1
56234692,1
56199983,1
56203288,1
56238741,1
56236543,1
56112323,1
56236544,1
56215184,1
56154354,1
56269642,1
56233969,1
56273649,1
56180386,1
56239652,1
56276484,1
56231281,1
56273894,1
56249273,1
56226412,1
56155940,1
56215546,1
56240184,1
56273426,1
56280185,1
56049788,1
56226787,1
56272152,1
56171384,1
56203876,1
56255974,1
56276485,1
56231777,1
56256214,1
56238018,1
56147805,1
56174415,1
56264915,1
56263320,1
56235570,1
56214368,1
56228300,1
56195461,1
56225320,1
56273411,1
56259718,1
56272151,1
56192831,1
56176387,1
56224338,1
56234100,1
56177902,1
56232531,1
56251867,1
56185938,1
56239989,1
56124769,1
56248320,1
56085025,1
56210204,1
56282334,1
56196588,1
56188350,1
56212040,1
56205387,1
56086385,1
56177933,1
56186151,1
56210639,1
56282104,1
56180848,1
56213852,1
56279638,1
56271323,1
56182981,1
56035848,1
56151997,1
56238002,1
56220653,1
56191291,1
56183114,1
56228144,1
56264296,1
56163905,1
56280827,1
56232662,1
56264278,1
56280828,1
56266840,1
56270071,1
56283743,1
56201797,1
56227330,1
56248486,1
56276772,1
56256696,1
56218454,1
56210282,1
56218540,1
56170548,1
56120443,1
56199854,1
56225886,1
56179526,1
56257313,1
56216323,1
56273782,1
56242658,1
56202678,1
56248413,1
56204678,1
56216614,1
56235802,1
56266156,1
56219613,1
56280218,1
56247407,1
56116712,1
56247378,1
56188691,1
56273648,1
56186868,1
56289691,1
56245809,1
56229313,1
56188447,1
56250051,1
56119885,1
56173303,1
56280179,1
56273425,1
56204111,1
56222275,1
56287308,1
55843044,1
56221592,1
56247622,1
56284550,1
55843045,1
56240019,1
56235336,1
56083952,1
56289374,1
56226411,1
56180649,1
56123213,1
56122360,1
56161694,1
56263050,1
56285140,1
56224901,1
56228114,1
56196587,1
56244558,1
56263758,1
56149382,1
56264277,1
56132688,1
56287535,1
56242657,1
56205351,1
56201865,1
56232003,1
56281386,1
56289520,1
56194755,1
56242918,1
56248414,1
56278669,1
56290816,1
56208982,1
56211188,1
56246054,1
56280178,1
56231667,1
56287128,1
56170930,1
56176386,1
56198287,1
56288872,1
56287380,1
56257334,1
56215997,1
56193300,1
56283742,1
56216286,1
56196266,1
56249292,1
56163513,1
56229272,1
56289563,1
56286818,1
56231960,1
56240413,1
56233624,1
56288467,1
56216038,1
56227673,1
56284434,1
56278866,1
56146132,1
56209293,1
56185818,1
56283510,1
56281860,1
56257335,1
56238101,1
56028795,1
56253769,1
56198580,1
56286676,1
56251152,1
56282288,1
56263124,1
56158154,1
56145656,1
55967857,1
56264987,1
56144583,1
56293683,1
56202954,1
56262347,1
56225253,1
56210640,1
56288266,1
56236151,1
56255975,1
56198352,1
56229509,1
56218541,1
56061508,1
56295530,1
56163018,1
56232669,1
56199870,1
56240805,1
56135725,1
56215003,1
56286675,1
56163283,1
56155225,1
56292199,1
56245762,1
56025279,1
56167636,1
56289690,1
56240564,1
56228933,1
56166681,1
56220304,1
56283215,1
56175082,1
56262597,1
56236345,1
56231267,1
56215041,1
56295600,1
56246200,1
56287534,1
56242780,1
56247751,1
56275547,1
56179094,1
56250866,1
56282054,1
56116767,1
56237441,1
56227347,1
56147488,1
56246772,1
56292345,1
56222985,1
56252192,1
55828113,1
56290767,1
56130774,1
56095919,1
56077563,1
56187121,1
56238728,1
56266578,1
56248827,1
55843422,1
56248874,1
56191298,1
56216037,1
56215060,1
56221535,1
56143723,1
56260011,1
56154473,1
56269937,1
56190596,1
56232668,1
56216155,1
56227292,1
56257500,1
56238515,1
56290815,1
56232104,1
56225265,1
56207854,1
56195312,1
56296897,1
56298247,1
56245040,1
56262677,1
56295623,1
56217043,1
56242392,1
56264526,1
56271133,1
56259091,1
56256652,1
56299009,1
56203298,1
56264986,1
56245913,1
56191486,1
56292588,1
56191586,1
56257073,1
56196863,1
56299572,1
56292691,1
56248875,1
56190555,1
56282103,1
56240956,1
56158774,1
56257499,1
56238582,1
56292200,1
56300558,1
56196486,1
56215780,1
55855530,1
56150410,1
56212041,1
56284679,1
56267165,1
56238100,1
56232687,1
56176775,1
56292051,1
56254713,1
56254714,1
56121931,1
56297710,1
56260776,1
56266157,1
56276892,1
56086995,1
56238001,1
56242290,1
56291260,1
56297293,1
56254600,1
56273882,1
56303132,1
56303133,1
56174207,1
56183401,1
56171793,1
56234741,1
56021189,1
56158263,1
56256760,1
56096436,1
56252305,1
56296333,1
56261114,1
56301931,1
56248757,1
56226098,1
56185906,1
56246180,1
56182313,1
56228143,1
56212219,1
56229844,1
56151989,1
56187670,1
56249133,1
56246522,1
56304050,1
56238191,1
56150552,1
56199175,1
56215662,1
56266073,1
56218270,1
56263321,1
56295238,1
56260775,1
55923919,1
56195236,1
56161155,1
56151779,1
56303936,1
56265560,1
56234357,1
56227302,1
56284778,1
56232670,1
56304049,1
56293027,1
56147765,1
56117030,1
56188478,1
56274080,1
56250052,1
56240185,1
56271594,1
56215547,1
56243324,1
56218666,1
56203299,1
56295364,1
56303598,1
56204037,1
56289903,1
56215229,1
56194343,1
56299755,1
56261505,1
56246339,1
56206609,1
56117696,1
56297555,1
56209926,1
56264525,1
56185263,1
56109396,1
56272995,1
56245692,1
56238782,1
56245655,1
56270409,1
56292346,1
56185830,1
56196624,1
56307388,1
56304841,1
56161129,1
56161165,1
56215915,1
56287192,1
56298278,1
56140868,1
56221858,1
56253689,1
56271134,1
56246521,1
56231633,1
56248364,1
56272994,1
56229408,1
56234988,1
56235091,1
56196625,1
56240537,1
56221410,1
56248761,1
56195631,1
56306428,1
56302508,1
56270950,1
56303926,1
56298384,1
56160199,1
56190252,1
56289530,1
56276891,1
56308727,1
56276771,1
56286738,1
56230578,1
56234858,1
56263125,1
56240414,1
56246849,1
56252671,1
56252813,1
56185580,1
56206701,1
56254215,1
56292762,1
56295624,1
56169569,1
56284630,1
56306637,1
56295601,1
56289233,1
56256406,1
56249274,1
56295815,1
56309532,1
56248365,1
56123546,1
56311456,1
56274004,1
56308791,1
56311626,1
56296414,1
56244557,1
56215663,1
56304842,1
56248863,1
56288466,1
56265361,1
56231370,1
56306636,1
56288986,1
56292050,1
56248005,1
56213875,1
56116998,1
56170173,1
56310081,1
56260814,1
56283511,1
56170931,1
56254571,1
56312038,1
56188766,1
56313808,1
56133101,1
56164229,1
56295788,1
56300206,1
56278396,1
56204386,1
56171507,1
56150557,1
56248376,1
56215781,1
56248756,1
56215835,1
56260010,1
56237721,1
56254511,1
56268346,1
56242516,1
56300155,1
56314943,1
56282055,1
56314944,1
56294523,1
56117613,1
56303182,1
56216613,1
56314280,1
56194974,1
56308813,1
56207313,1
56189611,1
56277368,1
56267790,1
56266499,1
56307411,1
56067120,1
56265561,1
56163123,1
56235320,1
56253637,1
56230774,1
56099853,1
56273936,1
56256697,1
56211897,1
56238650,1
56230844,1
56150579,1
56274079,1
56279838,1
56238923,1
56204881,1
56223320,1
56235196,1
56301057,1
56266500,1
56160291,1
56299833,1
56287381,1
56216156,1
56313807,1
56221859,1
56283867,1
56278530,1
56317763,1
56213139,1
56119662,1
56218329,1
56290768,1
56196487,1
56268851,1
56240536,1
56282801,1
56298058,1
56270621,1
56306187,1
56211070,1
56259717,1
56176352,1
56215471,1
56309400,1
56129182,1
55878445,1
56274003,1
56234987,1
56252304,1
56273029,1
56247018,1
56279548,1
56243413,1
56313108,1
56197701,1
56292587,1
56314571,1
56202490,1
56298376,1
56320312,1
56310829,1
56316519,1
56258928,1
56268366,1
56270252,1
56238503,1
56065244,1
55929756,1
56243026,1
56321010,1
56132689,1
56218271,1
56280184,1
56308960,1
56318303,1
56241597,1
56296734,1
56268041,1
56213140,1
56306485,1
56295531,1
56242291,1
56184510,1
56277743,1
56320311,1
56247971,1
56205301,1
56213851,1
56263380,1
56311617,1
56251263,1
56307410,1
56295382,1
56243027,1
56281806,1
56307389,1
56321264,1
56256651,1
56169745,1
56307779,1
56299832,1
56316224,1
56287232,1
56287373,1
55987038,1
56174956,1
56248998,1
56256397,1
56191684,1
56308292,1
56305783,1
56260078,1
56249221,1
56199871,1
56323240,1
56293270,1
56281385,1
56202955,1
56125612,1
55885046,1
56155447,1
56321263,1
56185576,1
56213207,1
56134497,1
56303838,1
56224337,1
56202649,1
56264295,1
56317736,1
56242704,1
56175277,1
56215593,1
56220122,1
56208961,1
56219527,1
56307871,1
56240895,1
56320179,1
56324457,1
56257314,1
56318834,1
56228419,1
56317480,1
56294819,1
56283866,1
56109499,1
56195975,1
56245968,1
56189240,1
56169145,1
56203291,1
56279407,1
56125383,1
56215836,1
56281631,1
56060917,1
56296733,1
56321422,1
56258454,1
56307576,1
56284334,1
56259750,1
56280588,1
56247406,1
56194377,1
56256256,1
56306541,1
56248004,1
56219872,1
56312359,1
56074225,1
56320832,1
56186867,1
56215891,1
56254228,1
56327410,1
56309205,1
56275318,1
56276489,1
56254635,1
56139556,1
56268387,1
56256398,1
56232784,1
56271634,1
56238502,1
56293137,1
56257759,1
56241563,1
56293136,1
56304238,1
56293685,1
56304415,1
56231304,1
56270445,1
56287922,1
56266255,1
56262352,1
56254227,1
56329364,1
56276060,1
56246055,1
56226306,1
56269420,1
56169646,1
56161166,1
56273738,1
56305748,1
56303937,1
56323221,1
56331438,1
56190597,1
56265882,1
56271635,1
56252193,1
56331861,1
56136220,1
56203235,1
56128352,1
56329453,1
56290033,1
56284680,1
56290034,1
56173955,1
56263965,1
56193077,1
56314050,1
56284798,1
56265697,1
56202721,1
56118030,1
56279637,1
56193638,1
56241598,1
56303599,1
56271975,1
56233911,1
56230775,1
56288807,1
56309221,1
56234857,1
56017819,1
56273783,1
56317764,1
56251151,1
56284119,1
56293260,1
56282800,1
56325695,1
56070716,1
56324565,1
55884647,1
56314765,1
56335578,1
56192777,1
56284799,1
56227235,1
56320708,1
56230633,1
56183115,1
56269641,1
56267839,1
56298197,1
56328398,1
56328328,1
56281861,1
56319190,1
56168832,1
56279434,1
55917140,1
56270408,1
56243112,1
56308814,1
56270489,1
56243089,1
56083340,1
56112044,1
56321206,1
56332249,1
56269467,1
56313351,1
56251628,1
56328327,1
56299852,1
56298263,1
56177932,1
56335404,1
56200336,1
56177851,1
56330243,1
56256405,1
56293068,1
56225887,1
56309518,1
56293069,1
56233135,1
56076991,1
56234821,1
56238583,1
56244615,1
56288267,1
56230417,1
56181342,1
56299281,1
56320273,1
56281877,1
56266839,1
56283758,1
56330132,1
56195976,1
56141917,1
56320193,1
56242703,1
56190532,1
56212542,1
55940916,1
56189286,1
56179967,1
56278645,1
56178316,1
56207898,1
56324564,1
56298458,1
56293028,1
56325942,1
56262827,1
56150462,1
56259299,1
56224684,1
56241298,1
56193637,1
56257760,1
56268668,1
56329365,1
56303413,1
56291359,1
56173646,1
55937572,1
56207813,1
56275317,1
56273609,1
56303839,1
56336831,1
56253638,1
56268365,1
56265593,1
56268354,1
56331559,1
56310029,1
56287829,1
56282335,1
56318302,1
56252812,1
56293684,1
56271729,1
56289902,1
56276513,1
56299853,1
56270951,1
56341062,1
56275497,1
56341061,1
56324846,1
56245656,1
56279542,1
56297701,1
56286737,1
56293269,1
56298717,1
56322592,1
56259556,1
56248762,1
56155489,1
56341868,1
56344709,1
56339309,1
56298264,1
56265258,1
56206551,1
56292094,1
56214710,1
56341303,1
56288987,1
56186361,1
56188211,1
56337139,1
56312521,1
56154529,1
56286854,1
56265364,1
56289521,1
56339136,1
56204880,1
56247752,1
56323962,1
56321421,1
55900538,1
56343548,1
56343547,1
56248828,1
56343690,1
56339341,1
56342155,1
56266651,1
56183821,1
56136277,1
56245732,1
56286817,1
56287711,1
56306066,1
56345399,1
56202787,1
56299164,1
56233512,1
56278644,1
56341869,1
56185829,1
56262353,1
56210655,1
56210654,1
56301167,1
56291989,1
56306788,1
56295790,1
56308569,1
56313992,1
56276540,1
56311085,1
56294559,1
55903945,1
56171755,1
56301679,1
56310075,1
56267791,1
56276061,1
56347342,1
56270936,1
56338053,1
56310554,1
56298279,1
56248997,1
56260079,1
56320272,1
56316606,1
56298459,1
56338351,1
56344013,1
56204379,1
56333204,1
56259298,1
56259557,1
56312358,1
56333413,1
56333412,1
56340019,1
56284335,1
56312520,1
56240453,1
56296482,1
56234998,1
56295138,1
56322793,1
56259502,1
56269609,1
56293675,1
56308291,1
56122784,1
56234999,1
56255725,1
56347543,1
56339340,1
56152746,1
56329893,1
56306581,1
56338350,1
56272572,1
56212218,1
56334076,1
56349703,1
56231882,1
56309864,1
56238781,1
56331658,1
56119650,1
56280386,1
56244645,1
56166027,1
56327629,1
56287307,1
56253690,1
56306462,1
56284141,1
56289531,1
56223977,1
56272080,1
56312897,1
56351318,1
56307161,1
56340795,1
56298246,1
56277367,1
56300798,1
56273679,1
56347589,1
56294820,1
56316401,1
56352243,1
56245041,1
56316607,1
56309401,1
56311360,1
56205302,1
56175209,1
56303146,1
56311455,1
56257958,1
56245969,1
56351099,1
56265027,1
56286855,1
56278678,1
56320833,1
56315410,1
56252924,1
56338981,1
56149878,1
56049087,1
56265257,1
56325535,1
56331090,1
56336659,1
56305040,1
56213108,1
56246201,1
56347544,1
56324845,1
56254510,1
56338052,1
56321954,1
56343771,1
56305749,1
56287193,1
56300207,1
56311361,1
56237363,1
56282289,1
56238514,1
56331462,1
56224683,1
56315265,1
56296002,1
56353542,1
56145823,1
56219655,1
56188349,1
56350148,1
56152617,1
56302253,1
56270488,1
56325596,1
56324269,1
56142824,1
56351587,1
56278984,1
56351729,1
56207814,1
56231266,1
56238075,1
56311084,1
56259090,1
56298399,1
56197407,1
56323241,1
56314281,1
56319818,1
56308726,1
56277156,1
56263889,1
56319639,1
56318431,1
56315936,1
56197806,1
56356970,1
56355715,1
56301092,1
56283759,1
56352242,1
56262006,1
56320405,1
56313869,1
56291919,1
56326159,1
56166254,1
56124423,1
56296499,1
56199210,1
56292314,1
56325638,1
56288806,1
55979418,1
56322863,1
56205251,1
56273410,1
56273883,1
56253739,1
56336028,1
56231959,1
56342527,1
56279839,1
56318362,1
56315621,1
56266029,1
56318483,1
56275548,1
56325950,1
56328468,1
56127409,1
56301168,1
55918673,1
56284651,1
56227164,1
56283937,1
56246543,1
56350628,1
56345332,1
56312483,1
56309967,1
56272063,1
56248673,1
56243211,1
56245912,1
56278858,1
56257960,1
56047023,1
56291360,1
56332509,1
56361393,1
56343867,1
56314636,1
56350398,1
56319214,1
56331437,1
56286570,1
56317761,1
56298915,1
56266360,1
56351098,1
56300557,1
56296434,1
56359371,1
56189985,1
56329696,1
56254431,1
56347590,1
56283234,1
56306540,1
56287379,1
56284652,1
56360474,1
56361490,1
56252925,1
56347643,1
56227331,1
56358739,1
56177926,1
56215764,1
56336027,1
56307160,1
56216548,1
56284210,1
56332062,1
56358361,1
56315935,1
56306484,1
56262560,1
55914434,1
56254071,1
56302306,1
56280192,1
56280219,1
56148679,1
56280624,1
56262543,1
56294608,1
55944272,1
56301058,1
56357290,1
56306420,1
56310828,1
56358741,1
56248321,1
56284779,1
56239634,1
56352427,1
56325941,1
56259398,1
56297700,1
56352560,1
56279541,1
56284209,1
56303412,1
56365022,1
56347386,1
56358330,1
56308722,1
56302238,1
56363913,1
56221505,1
56198353,1
56213162,1
56354501,1
56288840,1
56364241,1
56364240,1
56352439,1
56289232,1
56333203,1
56317762,1
56357960,1
56266194,1
56295034,1
56137324,1
56212080,1
56332061,1
56323703,1
56318574,1
56337911,1
56299165,1
56329811,1
56176390,1
56365728,1
56350397,1
56327756,1
56294558,1
56345008,1
56361593,1
56273739,1
56295789,1
56305782,1
56329154,1
56356589,1
56158368,1
56294255,1
56333727,1
56228851,1
56314635,1
56287378,1
56317520,1
56361394,1
56316487,1
56206608,1
56349599,1
56328620,1
56251772,1
56367094,1
55920527,1
56275771,1
56309807,1
56016868,1
56331657,1
56302084,1
56310080,1
56275849,1
56176089,1
56357315,1
56351757,1
56252906,1
56309049,1
56305655,1
56355013,1
56253580,1
56364140,1
56333123,1
56317521,1
56312203,1
56217352,1
56171785,1
56205152,1
56196879,1
56308322,1
56298383,1
56365831,1
56297294,1
56371427,1
56330174,1
56361530,1
56349598,1
56242779,1
56355367,1
56241155,1
56355293,1
56142825,1
56365023,1
56280616,1
56284270,1
56319817,1
56312838,1
56306072,1
56284579,1
56324268,1
56358504,1
56354502,1
56229970,1
56349706,1
56240030,1
56241234,1
56167708,1
56155584,1
56197830,1
56293555,1
56217044,1
56303181,1
56351392,1
56257108,1
56252672,1
56277744,1
56094260,1
56369585,1
56316488,1
56209447,1
56090221,1
56265217,1
56344012,1
56320404,1
56295787,1
56095406,1
56254483,1
56312466,1
56309666,1
56358138,1
56230577,1
56358039,1
56298916,1
56298896,1
56222392,1
56296747,1
56344742,1
56228685,1
56299728,1
56107846,1
56369776,1
56298412,1
56160059,1
56270070,1
56371512,1
56248499,1
56323586,1
56229341,1
56312482,1
56358362,1
56356778,1
56370286,1
56319070,1
56223278,1
56216285,1
56317605,1
56361390,1
56255724,1
55925853,1
56280589,1
56301113,1
56254584,1
56308321,1
56240955,1
56322522,1
56278529,1
56344426,1
56374528,1
56312467,1
56245693,1
56366456,1
56275915,1
55911521,1
56373689,1
56271976,1
56291277,1
56368472,1
56140341,1
56165180,1
56355014,1
56372521,1
56371511,1
55934513,1
56236520,1
56309204,1
56302173,1
56327409,1
56272064,1
56317606,1
56339666,1
56350627,1
56352561,1
56309863,1
56315264,1
56351049,1
56355491,1
56328240,1
56257180,1
56281506,1
56291259,1
56273610,1
56269646,1
56350460,1
56375032,1
56333173,1
56364198,1
56226305,1
56363125,1
56246542,1
56347883,1
56362084,1
56338859,1
56252364,1
56173302,1
56278859,1
56296640,1
56311821,1
56310494,1
56355121,1
56342324,1
56344219,1
56219270,1
56347882,1
56320709,1
56089600,1
56306062,1
56233102,1
56216687,1
56329825,1
56294607,1
56301974,1
56324515,1
56302908,1
56262918,1
56331718,1
56271730,1
56176542,1
56343240,1
56316223,1
56376511,1
56242127,1
56376929,1
56376928,1
56088131,1
56303147,1
56287828,1
56340210,1
56285491,1
56253918,1
56374527,1
56280193,1
56329695,1
56329810,1
56365752,1
56286351,1
56239967,1
56331380,1
56376739,1
56088834,1
56191638,1
56298196,1
56317735,1
56328804,1
56369852,1
56273935,1
56348064,1
56311764,1
56284118,1
56296481,1
56363914,1
56270446,1
56275218,1
56288873,1
56281630,1
56319213,1
56335467,1
56342335,1
56353275,1
56236143,1
56277155,1
56375513,1
56292690,1
56266650,1
56245808,1
56318432,1
56356969,1
56268042,1
56299553,1
56284435,1
56311841,1
56342319,1
56313993,1
56304237,1
56295069,1
56356309,1
56364545,1
56331866,1
56347163,1
56388426,1
56380382,1
56351730,1
56369465,1
56375019,1
56355979,1
56339346,1
56349704,1
56312243,1
56345142,1
56285139,1
56145402,1
56157224,1
56317911,1
56312898,1
56271595,1
56311625,1
56247379,1
56337830,1
56295508,1
56331835,1
56298076,1
56373688,1
56311324,1
56369761,1
56298400,1
56298413,1
56251777,1
55951424,1
56338851,1
56344533,1
56247181,1
56291160,1
56328622,1
56299645,1
56355790,1
56311221,1
56352404,1
56375239,1
56283936,1
56204672,1
56353537,1
56308737,1
56353868,1
56224902,1
56338982,1
56361687,1
56355387,1
56271702,1
56355415,1
56306073,1
56229342,1
56374671,1
56350345,1
56347662,1
56371428,1
56349163,1
56292627,1
56294522,1
56352405,1
56362021,1
56386634,1
56331978,1
56197829,1
56151852,1
56306582,1
56380381,1
56339581,1
56284529,1
56355122,1
56179527,1
56320599,1
56314527,1
56331860,1
56306065,1
56383904,1
56358040,1
56349777,1
56315622,1
56301678,1
56179095,1
56288426,1
56378586,1
56306407,1
56300819,1
56317445,1
56202491,1
56354413,1
56306406,1
56308570,1
56320359,1
56331351,1
56188219,1
56279547,1
56361984,1
56353543,1
56391966,1
56322735,1
56338852,1
56350068,1
56285492,1
56392644,1
56307872,1
56355978,1
56376510,1
56365724,1
56262828,1
56387742,1
56369627,1
56390631,1
56286197,1
55914391,1
56210792,1
56219475,1
56360956,1
55960842,1
56392085,1
56305039,1
56351037,1
56348143,1
56397546,1
56316977,1
56151844,1
56337910,1
56392613,1
56334830,1
56347578,1
56392645,1
56309024,1
56306461,1
56283235,1
56261113,1
56272472,1
56355791,1
56312037,1
56355813,1
56371414,1
56341004,1
56352219,1
56343747,1
56363177,1
56377792,1
56314842,1
56350477,1
56228420,1
56355197,1
56296056,1
56308792,1
56345626,1
56344527,1
56312954,1
56173601,1
56344861,1
56357585,1
56368819,1
56331851,1
56339889,1
56399191,1
56397714,1
56298895,1
56289459,1
56400782,1
56347349,1
56363939,1
56231883,1
56134210,1
56331192,1
56372343,1
56361389,1
56283214,1
56368700,1
56328469,1
56216324,1
56138833,1
56378078,1
56380072,1
56321028,1
55963672,1
56280387,1
56341855,1
56367893,1
56314526,1
56299573,1
56400933,1
56351038,1
56302509,1
56342156,1
56191643,1
56369782,1
56330166,1
55928358,1
56350459,1
56383384,1
56311606,1
56345799,1
56325396,1
56309025,1
56403105,1
56392452,1
56366633,1
56374589,1
56317075,1
56195356,1
56347343,1
56355849,1
56288841,1
56355668,1
56114445,1
56245412,1
56341304,1
56347663,1
56346716,1
56251776,1
56336038,1
56361613,1
56328133,1
56226871,1
56309048,1
56347164,1
56343239,1
56256901,1
56385649,1
56331910,1
56295340,1
56331091,1
56077322,1
56284528,1
56223537,1
56396999,1
56297526,1
56257957,1
56358927,1
56186823,1
56292331,1
56386956,1
56317912,1
56274307,1
56352685,1
56226660,1
56362952,1
56222696,1
56088251,1
56368820,1
56346390,1
56349705,1
56085062,1
56344708,1
56384294,1
56355768,1
56233024,1
56317479,1
56407674,1
56080622,1
56325874,1
56335403,1
56333124,1
56366899,1
56309533,1
56352438,1
56161891,1
56226413,1
56272079,1
56375589,1
56299244,1
56329745,1
56256759,1
56378587,1
56344396,1
56369310,1
56238136,1
56325233,1
56346251,1
56389843,1
56404988,1
56319497,1
56358609,1
56239304,1
56313352,1
56235427,1
56375168,1
56323222,1
56387644,1
56224423,1
56186205,1
56227695,1
56295941,1
56313032,1
56224023,1
56366765,1
56346555,1
56381678,1
56365327,1
56117697,1
56410650,1
56351685,1
56382347,1
56333971,1
56259397,1
56295341,1
56373051,1
56312634,1
56333583,1
56257107,1
56347199,1
56219873,1
56400807,1
56188524,1
56275372,1
56361529,1
56387870,1
56385141,1
56279286,1
56280849,1
56357961,1
56392002,1
56211071,1
56407310,1
56380767,1
56270622,1
56309808,1
56318835,1
56295346,1
56390714,1
56291914,1
56327595,1
56382348,1
56398965,1
56375114,1
56335901,1
56188692,1
56331461,1
56287923,1
56350808,1
56040348,1
56253956,1
56295919,1
56403005,1
56347198,1
56363644,1
56321027,1
56280617,1
56398216,1
55962584,1
56379139,1
56394323,1
56379738,1
56405401,1
56388860,1
56333970,1
56399834,1
56371349,1
56262007,1
56235604,1
56279406,1
56153118,1
56404700,1
56397457,1
56337138,1
56397742,1
56397715,1
56305996,1
56329516,1
56396622,1
56411687,1
56340794,1
56219012,1
56301930,1
56407033,1
56383365,1
56325985,1
56356222,1
56355240,1
56394475,1
56345400,1
56355239,1
56333726,1
56354262,1
56374590,1
56192221,1
56361053,1
56323963,1
56284629,1
56372411,1
56364099,1
56401403,1
56391589,1
56260015,1
56229699,1
56356093,1
56339759,1
56342620,1
56382794,1
56258714,1
56390813,1
56390867,1
56408369,1
56313031,1
56362135,1
56329452,1
56342320,1
56387488,1
56412504,1
56347577,1
56349650,1
56361491,1
56311849,1
56372414,1
56393332,1
56149076,1
56372893,1
56310495,1
56419174,1
56315449,1
56322596,1
56411389,1
56322794,1
56358329,1
56298283,1
56311220,1
56360473,1
56371175,1
56233981,1
56367276,1
56370205,1
56416500,1
56339888,1
56397456,1
56416675,1
56266565,1
56380341,1
56262346,1
56404989,1
56348742,1
56400806,1
56362136,1
56422952,1
56413241,1
56421725,1
56416242,1
56372558,1
56200265,1
56238651,1
56402862,1
56319625,1
56326695,1
56400775,1
56295363,1
56361117,1
56396723,1
56331303,1
56306421,1
56265411,1
56365840,1
56387487,1
56423287,1
56351686,1
56280977,1
56206997,1
56325992,1
56344347,1
56364640,1
56348366,1
56314206,1
56358137,1
56418408,1
56299169,1
56372948,1
56347235,1
56373335,1
56354414,1
56384522,1
56345800,1
55961854,1
56357734,1
56390116,1
56302325,1
56309222,1
56314764,1
56383385,1
56048879,1
56322443,1
56331560,1
56288427,1
56361116,1
56241233,1
56329153,1
56183149,1
56351144,1
56358742,1
56350030,1
56344741,1
56400615,1
56344862,1
56409727,1
55983032,1
56385140,1
56421724,1
56427196,1
56401494,1
56333174,1
56381056,1
55983033,1
56326482,1
56423797,1
56364705,1
56160958,1
56373281,1
56388318,1
56304416,1
56265006,1
56334748,1
56428159,1
56398072,1
56298282,1
56324306,1
56423334,1
56314843,1
56286565,1
56015299,1
56075559,1
56315450,1
56358111,1
56333582,1
56385758,1
56369433,1
56406411,1
56332662,1
56312953,1
56244869,1
56391443,1
56369529,1
56372344,1
56350367,1
56365832,1
56349651,1
56297396,1
56417932,1
56256255,1
56322438,1
56367157,1
56426363,1
56364704,1
56253993,1
56397296,1
56329892,1
56400783,1
56204831,1
56265412,1
56363126,1
56399728,1
56369626,1
56421791,1
56339345,1
56250867,1
56205684,1
56359370,1
56404721,1
56403106,1
56426445,1
56397905,1
56420026,1
56318575,1
56345007,1
56391527,1
56277997,1
56251771,1
56431646,3
56399749,1
56320598,1
56314207,1
56416464,1
56359257,1
56267840,1
56349164,1
56311325,1
56431606,1
56365890,1
56429935,1
56356103,1
56357756,1
56366053,1
56356102,1
56342956,1
56364546,1
56298077,1
56376207,1
56218634,1
56109889,1
56330277,1
56279032,1
56391442,1
56344683,1
56329471,1
56281805,1
56364001,1
56339580,1
56418149,1
56394429,1
56350807,1
56352535,1
56388221,1
56365147,1
56388407,1
56385702,1
56426720,1
56327628,1
56302324,1
56347348,1
56418652,1
56435113,1
56262360,1
56351588,1
56307911,1
56313039,1
56376898,1
56371017,1
56350864,1
56394509,1
56308677,1
56363481,1
56375590,1
56235092,1
56396696,1
56365326,1
56313107,1
56258713,1
56349076,1
56388863,1
56434431,3
56278395,1
56406066,1
56352684,1
56342336,1
56321953,1
56437929,1
56380532,1
56405220,1
56286352,1
56429934,1
56357757,1
56399090,1
56431905,1
56367277,1
56438478,1
56326160,1
56386445,1
56366301,1
56400158,1
56295033,1
56158424,1
56233886,1
56335466,1
56436249,1
56401258,1
56379178,1
56439963,3
56325426,1
56367432,1
56323702,1
56400287,1
56257959,1
56402008,1
56344348,1
56332570,1
56368116,1
56085224,1
56349075,1
56191452,1
56439584,1
56346252,1
56383364,1
56268355,1
56199073,1
56391808,1
56422110,1
56334831,1
56246123,1
56400715,1
56377379,1
56258453,1
56396808,1
56401097,1
56394324,1
56275508,1
56349670,1
56352502,1
56394637,1
56429321,1
56429273,1
56378245,1
56385472,1
56423894,1
56404917,1
56427834,1
56325395,1
56413174,1
56437696,1
56317636,1
56437852,1
56395397,1
56365751,1
56332661,1
56393130,1
56437249,1
56298804,1
56362022,1
56399168,1
56362083,1
56242393,1
56400774,1
56003353,1
56433666,1
56252907,1
56406417,1
56374000,1
56350344,1
56387741,1
56391590,1
56404356,1
56390630,1
56344935,1
56166240,1
56415474,1
56394526,1
56396279,1
56259751,1
56378261,1
56399306,1
56440185,1
56388401,1
56307912,1
56360955,1
56382920,1
56351391,1
56399667,1
56253239,1
56404918,1
56325696,1
56368274,1
56331070,1
56406441,1
56330984,1
56401334,1
56253740,1
56390389,1
56354620,1
56371254,1
56402602,1
56431894,1
56331717,1
56419578,1
56444120,1
56321011,1
56375496,1
56244678,1
56437831,1
56348706,1
56439514,1
56399666,1
56404062,1
56425479,1
56425895,1
56396877,1
56338810,1
56390774,1
56423746,1
56399192,1
56394508,1
56442839,1
56266195,1
56269361,1
56362385,1
56393823,1
56355388,1
56371018,1
56281507,1
56397904,1
56006170,1
56418651,1
56365480,1
56423066,1
56393131,1
56391528,1
56363610,1
56347181,1
56383526,1
56310074,1
56445640,1
56299168,1
56302307,1
56386443,1
56447126,1
56356588,1
56451537,1
56347454,1
56385759,1
56392479,1
56388722,1
56385701,1
56444968,1
56366713,1
56262559,1
56427091,1
56401257,1
56299729,1
56357735,1
56289375,1
56333389,1
56442840,1
56232964,1
56404701,1
56375677,1
56377416,1
56435923,1
56392547,1
56416499,1
56366669,1
56339015,1
56300154,1
56393824,1
56388664,1
56392478,1
56374670,1
56402601,1
56237756,1
56223277,1
56410782,1
56410783,1
56407032,1
56246850,1
56164455,1
56340165,1
56394530,1
56281767,1
56449675,1
56352884,1
56296415,1
56377791,1
56300749,1
56369434,1
56366574,1
56330983,1
56447665,1
56384521,1
56337831,1
56324458,1
56412503,1
56401523,1
56398726,1
56395962,1
56440825,1
56196400,1
56358928,1
56452123,1
56446685,1
56448392,1
56366455,1
56453938,1
56452361,1
56355950,1
56443426,1
56447756,1
56450512,1
56420585,1
56174208,1
56379238,1
56344218,1
56338820,1
56253917,1
56397297,1
56429162,1
56386444,1
56367732,1
56397547,1
56378412,1
56361022,1
56415929,1
56366302,1
56409231,1
56390247,1
56214951,1
56303297,1
56426561,1
56423731,1
56452393,1
56416878,1
56438795,1
56328132,1
56014442,1
56401335,1
56453429,1
56303927,1
56381935,1
56334149,1
56297493,1
56445641,1
56389648,1
56415483,1
56382663,1
56444009,1
56451160,1
56363178,1
56377265,1
56350207,1
56410630,1
56412149,1
56356094,1
56434060,1
56355807,1
56420586,1
56453428,1
56372557,1
56415482,1
56457578,1
56456718,1
56457789,1
56426560,1
56401256,1
56418858,1
56394147,1
56149022,1
56387772,1
56388953,1
56311822,1
56457704,1
56457579,1
56457705,1
56331867,1
56340164,1
56022075,1
56433665,1
56364100,1
56150130,1
56334041,1
56462537,1
56416299,1
56401459,1
56416298,1
56319763,1
56456626,1
56419565,1
56406597,1
56371065,1
56291537,1
56346717,1
56447511,1
56438050,1
56447852,1
56281878,1
56259102,1
56372413,1
56412662,1
56357584,1
56364559,1
56353867,1
56265994,1
56431177,1
56321016,1
56355767,1
56375057,1
56454430,1
56387643,1
56459927,1
56421570,1
56410631,1
56323237,1
56016953,1
56235112,1
56420961,1
56460545,1
56293674,1
56323587,1
56418639,1
56322593,1
56339240,1
56421686,1
56355195,1
56437851,1
56346389,1
56350368,1
56109890,1
56319762,1
56326688,1
56269360,1
56359844,1
56116013,1
56381575,1
56415249,1
56454431,1
56442330,1
56427142,1
56454526,1
56462829,1
56397259,1
56457647,1
56415541,1
56444118,1
56408370,1
56394685,1
56381677,1
56404855,1
56263381,1
56401015,1
56375058,1
56393830,1
56350510,1
56399748,1
56469501,1
56286198,1
56335902,1
56466931,1
56454497,1
56409863,1
56254484,1
56395024,1
56355427,1
56448777,1
56376153,1
56450424,1
56465366,1
56343689,1
56409390,1
56269645,1
56435361,1
56404996,1
56428961,1
56428806,1
56413456,1
56386622,1
56392003,1
56394684,1
56452362,1
56370285,1
56430177,1
56333598,1
56339308,1
56351087,1
56010650,1
56366575,1
56455508,1
56414784,1
56443398,1
56371066,1
56470956,1
56366039,1
56381936,1
56389047,1
56203048,1
56454826,1
56429163,1
56383651,1
56457857,1
56254072,1
56457856,1
56293682,1
56457788,1
56454047,1
56429351,1
56379179,1
56470412,1
56443087,1
56470703,1
56374723,1
56412026,1
56355716,1
56386841,1
56435164,1
56325615,1
56464728,1
56420894,1
56432856,1
56445596,1
56415475,1
56451016,1
56400312,1
56395025,1
56423747,1
56416877,1
56343748,1
56422953,1
56405221,1
56381576,1
56412027,1
56260016,1
56317635,1
56310555,1
56424165,1
56189852,1
56426199,1
56247019,1
56397825,1
56470450,1
56377343,1
56411646,1
56382936,1
56148608,1
56375020,1
56473631,1
56376780,1
56401344,1
56312244,1
56448223,1
56355196,1
56320435,1
56451030,1
56399059,1
56364641,1
56425049,1
56474011,1
56419673,1
56410387,1
56410428,1
56124768,1
56454331,1
56417931,1
56447512,1
56468056,1
56382341,1
56398966,1
56317991,1
56389046,1
56348567,1
56351086,1
56411485,1
56460647,1
56460646,1
56426505,1
56025120,1
56367733,1
56003228,1
56329824,1
56472304,1
56390248,1
56450102,1
56340018,1
56401460,1
56402623,1
56475640,1
56153396,1
56472891,1
56404483,1
56291278,1
56455507,1
56041329,1
56448748,1
56146131,1
56317444,1
56393397,1
56476176,1
56432752,1
56455547,1
56302083,1
56418643,1
56429793,1
56366040,1
56405402,1
56284142,1
56423798,1
56382786,1
56325253,1
56394531,1
56363707,1
56475646,1
56451017,1
56474183,1
56377266,1
56463430,1
56421017,1
56374722,1
56425372,1
56473431,1
56427057,1
56398725,1
56439832,1
56467012,1
56334117,1
56432515,1
56435549,1
56475639,1
56422109,1
56419674,1
56448397,1
56479723,1
56434980,1
56423447,1
56365291,1
56432268,1
56280978,1
56478017,1
56426023,1
56395985,1
56469912,1
56427141,1
56355848,1
56322437,1
56383527,1
56457410,1
56481098,1
56435550,1
56405855,1
56473127,1
56482407,1
56352503,1
56418429,1
56395396,1
56404796,1
56359822,1
56385913,1
56375678,1
56364139,1
56294568,1
56428552,1
56455940,1
56350476,1
56410826,1
56418430,1
56463222,1
56475677,1
56378588,1
56448719,1
56378413,1
56475968,1
56411458,1
56403900,1
56448720,1
56360262,1
56389649,1
56435163,1
56406067,1
56418857,1
56465591,1
56334656,1
56380826,1
56329517,1
56367433,1
56311605,1
56456717,1
56381038,1
56406068,1
56331836,1
56425142,1
56458262,1
56482911,1
56408883,1
56448749,1
56331258,1
56426974,1
56331352,1
56311840,1
56350311,1
56443594,1
56412344,1
56438183,1
56355198,1
56457370,1
56277998,1
56353274,1
56413600,1
56386623,1
56386635,1
56457646,1
56455120,1
56422227,1
56481282,1
56400932,1
56435924,1
56334749,1
56404937,1
56354175,1
56428249,1
56417670,1
56456202,1
56437031,1
56387844,1
56352426,1
56280850,1
56128612,1
56413989,1
56489521,1
56419566,1
56380531,1
56458968,1
56487170,1
56447757,1
56420455,1
56403622,1
56435367,1
56442214,1
56481992,1
56431607,1
56209868,1
56393398,1
56311616,1
56057766,1
56471233,1
56377592,1
56479722,1
56382795,1
56323227,1
56355806,1
56373095,1
56330244,1
56474852,1
56469861,1
56479122,1
56442331,1
56368117,1
56451818,1
56457372,1
56212541,1
56306941,1
56331911,1
56443006,1
56426362,1
56372894,1
56362182,1
56440184,1
56398443,1
56356824,1
56485906,1
56435360,1
56440553,1
56489228,1
56420769,1
56490202,1
56391772,1
56489372,1
56430413,1
56399305,1
56383962,1
56454023,1
56474182,1
56321205,1
56299644,1
56397950,1
56330173,1
56457195,1
56297395,1
56487171,1
56365290,1
56330278,1
56376899,1
56442765,1
56437481,1
56431904,1
56204902,1
56295239,1
56416546,1
56449666,1
56432395,1
56469147,1
56452638,1
56426799,1
56419903,1
56474942,1
56410825,1
56434529,1
56442764,1
56437448,1
56470326,1
56451280,1
56458261,1
56255855,1
56326678,1
56113320,1
56413240,1
56480430,1
56496892,1
56418908,1
56472464,1
56401502,1
56402597,1
56341596,1
56475718,1
56322595,1
56489404,1
56481351,1
56470224,1
56445565,1
56488051,1
56317254,1
56452895,1
56276512,1
56473457,1
56426852,1
56436602,1
56388400,1
56421812,1
56387871,1
56271158,1
56242917,1
56370149,1
56434697,1
56421168,1
56407513,1
56456625,1
56386840,1
56284549,1
56443219,1
56449167,1
56431405,1
56437227,1
56418816,1
56244646,1
56452086,1
56470411,1
56488039,1
56413990,1
56393987,1
56350863,1
56431893,1
56423732,1
56489619,1
56454118,1
56416947,1
56473430,1
56443220,1
56500847,1
56400604,1
56499682,1
56416219,1
56423250,1
56401511,1
56481993,1
56498539,1
56495766,1
56467513,1
56243090,1
56474177,1
56350067,1
56482290,1
56384293,1
56499681,1
56498174,1
56467029,1
56464639,1
56323228,1
56440826,1
56365889,1
56402596,1
56302909,1
56342526,1
56390825,1
56441240,1
56421149,1
56348707,1
56430739,1
56501674,1
56362181,1
56392528,1
56376206,1
56394855,1
56392612,1
56465321,1
56453615,1
56421784,1
56413772,1
56472883,1
56448534,1
56444090,1
56474012,1
56493459,1
56426605,1
56430738,1
56465974,1
56501673,1
56416676,1
56357291,1
56355428,1
56414007,1
56486951,1
56396724,1
56340827,1
56436690,1
56187671,1
56499801,1
56465476,1
56462648,1
56400159,1
56426851,1
56359823,1
56419688,1
56414443,1
56488393,1
56391773,1
56441694,1
56441693,1
56397447,1
56414785,1
56404797,1
56431404,1
56506478,1
56418909,1
56390715,1
56404009,1
56417907,1
56331623,1
56322523,1
56402330,1
56411688,1
56415928,1
56450423,1
56407675,1
56382921,1
56461577,1
56460095,1
56450889,1
56420895,1
56342621,1
56506021,1
56370031,1
56437449,1
56467781,1
56391911,1
56421169,1
56473458,1
56411644,1
56443505,1
56494255,1
56428755,1
56437832,1
56406914,1
56461440,1
56438182,1
56418032,1
56291920,1
56349776,1
56380827,1
56394474,1
56381390,1
56483915,1
56205823,1
56481350,1
56489620,1
56500563,1
56504427,1
56443078,1
56401096,1
56438817,1
56500562,1
56470622,1
56341597,1
56447738,1
56472761,1
56293932,1
56461710,1
56326267,1
56452344,1
56509655,1
56391967,1
56329612,1
56455071,1
56507210,1
56410388,1
56467968,1
56328336,1
56369851,1
56418638,1
56407844,1
56510801,1
56467254,1
56409726,1
56509214,1
56475304,1
56506479,1
56512060,1
56418815,1
56379737,1
56394854,1
56401790,1
56448336,1
56455072,1
56429320,1
56338858,1
56448900,1
56443504,1
56355814,1
56457409,1
56461969,1
56513941,1
56457411,1
56498714,1
56397824,1
56438349,1
56396974,1
56396700,1
56434069,1
56457371,1
56356823,1
56447853,1
56469913,1
56428992,1
56483263,1
56456383,1
56395961,1
56190253,1
56470225,1
56475719,1
56421018,1
56421893,1
56448337,1
56394636,1
56454876,1
56325252,1
56407327,1
56505975,1
56511583,1
56445935,1
56476122,1
56458139,1
56355667,1
56421687,1
56340826,1
56410651,1
56450511,1
56454527,1
56409862,1
56491398,1
56249220,1
56481084,1
56062398,1
56427318,1
56475696,1
56443761,1
56463043,1
56516788,1
56460515,1
56430897,1
56493356,1
56404720,1
56465163,1
56437695,1
56438017,1
56403623,1
56322862,1
56428991,1
56455735,1
56325534,1
56427197,1
56448781,1
56513672,1
56353223,1
56376803,1
56496035,1
56452394,1
56399089,1
56503183,1
56355368,1
56370821,1
56385650,1
56507211,1
56448483,1
56488040,1
56325595,1
56269610,1
56507524,1
56454323,1
56365146,1
56449665,1
56448912,1
56513673,1
56399835,1
56453273,1
56490203,1
56481083,1
56412916,1
56519513,1
56448533,1
56062399,1
56445597,1
56453928,1
56427703,1
56367892,1
56441713,1
56481514,1
56476192,1
56454117,1
56461434,1
56445345,1
56486630,1
56501569,1
56356467,1
56509763,1
56325427,1
56407593,1
56448646,1
56420063,1
56514644,1
56425857,1
56517403,1
56462465,1
56500856,1
56428962,1
56349521,1
56475697,1
56411152,1
56454046,1
56333599,1
56504326,1
56511459,1
56331193,1
56504816,1
56508857,1
56508948,1
56419904,1
56365597,1
56437805,1
56453092,1
56510792,1
56475303,1
56470862,1
56520211,1
56520210,1
56467177,1
56404241,1
56375251,1
56448106,1
56493214,1
56454022,1
56514022,1
56516740,1
56522297,1
56503141,1
56486685,1
56486684,1
56511458,1
56352885,1
56357314,1
56524104,1
56398073,1
56447519,1
56417939,1
56443595,1
56470957,1
56475463,1
56387771,1
56075890,1
56513942,1
56517661,1
56474176,1
56474057,1
56448393,1
56229253,1
56519571,1
56504673,1
56451124,1
56437804,1
56475902,1
56428143,1
56329470,1
56412023,1
56479059,1
56450529,1
56423333,1
56525584,1
56412605,1
56421792,1
56343772,1
56442808,1
56344427,1
56399995,1
56516673,1
56419630,1
56486738,1
56501570,1
56408900,1
56489579,1
56473126,1
56525171,1
56400286,1
56526718,1
56484338,1
56522562,1
56485727,1
56510451,1
56414442,1
56499252,1
56414429,1
56484567,1
56440772,1
56435366,1
56420426,1
56328803,1
56442802,1
56522312,1
56432269,1
56236142,1
56505805,1
56266254,1
56438348,1
56527944,1
56499251,1
56388408,1
56473283,1
56356846,1
56454581,1
56342323,1
56487286,1
56370032,1
56407309,1
56516674,1
56471232,1
56306427,1
56527945,1
56488517,1
56392546,1
56440628,1
56528253,1
56447617,1
56528332,1
56454324,1
56520203,1
56432514,1
56483368,1
56472572,1
56449136,1
56408173,1
56509764,1
56424164,1
56519877,1
56375945,1
56439266,1
56423893,1
56519876,1
56406107,1
56516002,1
56524432,1
56518727,1
56502675,1
56524573,1
56524509,1
56364197,1
56531108,1
56451815,1
56516388,1
56489162,1
56489131,1
56439585,1
56405326,1
56448303,1
56397446,1
56204663,1
56419687,1
56516717,1
56486631,1
56509992,1
56344526,1
56511406,1
56520938,1
56482503,1
56452994,1
56369311,1
56498153,1
56352218,1
56516061,1
56412148,1
56407681,1
56400616,1
56173708,1
56375299,1
56443425,1
56320358,1
56132973,1
56425478,1
56479060,1
56440696,1
56468100,1
56533027,1
56525782,1
56265365,1
56451031,1
56240452,1
56390812,1
56482408,1
56484940,1
56463258,1
56081603,1
56477170,1
56530593,1
56478459,1
56166605,1
56488775,1
56484606,1
56467255,1
56446343,1
56295012,1
56338819,1
56519512,1
56523339,1
56333388,1
56511407,1
56484007,1
56495302,1
56430767,1
56407956,1
56484568,1
56462464,1
56448982,1
56388721,1
56306063,1
56204673,1
56375555,1
56347387,1
56460505,1
56503235,1
56487032,1
56378246,1
56448810,1
56411457,1
56472749,1
56445344,1
56488882,1
56213206,1
56426024,1
56458758,1
56436689,1
56408174,1
56517601,1
56489706,1
56451393,1
56451287,1
56477017,1
56418407,1
56454875,1
56473287,1
56529338,1
56485640,1
56393937,1
56533852,1
56462647,1
56525585,1
56521691,1
56524510,1
56486264,1
56475647,1
56538792,1
56437734,1
56365534,1
56528134,1
56347453,1
56438796,1
56478692,1
56374637,1
56527075,1
56514703,1
56524433,1
56517362,1
56536670,1
56465975,1
56448398,1
56520349,1
56519443,1
56150084,1
56527761,1
56526115,1
56459238,1
56525123,1
56421894,1
56523501,1
56454330,1
56474845,1
56488161,1
56325392,1
56466596,1
56448826,1
56384887,1
56538240,1
56489868,1
56448107,1
56375238,1
56451816,1
56407150,1
56177365,1
56358141,1
56419090,1
56396280,1
56530619,1
56465108,1
56451273,1
56454112,1
56232234,1
56457196,1
56491441,1
56212276,1
56438051,1
56390826,1
56463042,1
56429390,1
56498538,1
56433418,1
56526072,1
56419629,1
56501961,1
56410336,1
56378499,1
56488881,1
56490117,1
56488794,1
56483242,1
56535759,1
56444854,1
56173956,1
56494784,1
56311970,1
56363482,1
56544141,1
56394527,1
56479538,1
56525122,1
56463382,1
56531623,1
56485154,1
56482504,1
56440773,1
56373334,1
56506206,1
56435114,1
56531109,1
56516268,1
56462801,1
56538215,1
56481775,1
56444969,1
56492808,1
56493017,1
56199072,1
56214952,1
56484890,1
56451159,1
56504006,1
56526073,1
56534252,1
56300820,1
56427704,1
56348566,1
56373280,1
56454389,1
56495353,1
56476131,1
56437868,1
56491361,1
56499743,1
56540996,1
56460094,1
56524718,1
56423448,1
56405330,1
56472465,1
56465573,1
56415574,1
56292313,1
56312635,1
56500429,1
56487745,1
56359706,1
56383062,1
56411645,1
56287129,1
56451536,1
56485728,1
56532521,1
56480429,1
56538019,1
56535329,1
56533724,1
56413358,1
56538020,1
56519068,1
56420456,1
56311969,1
56461559,1
56502727,1
56448290,1
56437480,1
56431895,1
56533390,1
56496252,1
56341666,1
56458140,1
56438018,1
56425568,1
56377989,1
56544721,1
56448242,1
56533758,1
56396695,1
56483369,1
56434528,1
56535775,1
56547739,1
56489403,1
56546855,1
56493213,1
56545374,1
56420025,1
56441079,1
56504632,1
56375514,1
56537306,1
56374760,1
56416545,1
56501635,1
56540499,1
56548838,1
56448647,1
56407496,1
56417908,1
56517478,1
56510731,1
56502644,1
56516387,1
56503008,1
56463381,1
56525172,1
56512342,1
56525101,1
56533222,1
56541528,1
56085431,1
56490552,1
56530592,1
56406418,1
56443397,1
56500651,1
56511582,1
56510279,1
56528133,1
56541939,1
56551618,1
56215165,1
56510526,1
56470861,1
56341856,1
56503644,1
56532571,1
56495464,1
56428756,1
56469896,1
56416225,1
56453614,1
56419091,1
56541355,1
56550604,1
56517602,1
56459462,1
56444091,1
56533389,1
56337682,1
56406442,1
56389842,1
56374636,1
56520937,1
56481624,1
56295383,1
56448913,1
56514789,1
56472890,1
56479537,1
56446648,1
56345625,1
56265028,1
56395692,1
56319638,1
56474290,1
56552650,1
56361079,1
56505966,1
56500700,1
56494004,1
56439515,1
56481686,1
56480598,1
56456384,1
56500233,1
56274308,1
56544549,1
56533498,1
56522725,1
56506436,1
56484605,1
56542199,1
56533740,1
56505476,1
56446282,1
56503794,1
56498146,1
56494650,1
56446283,1
56545201,1
56161211,1
56550636,1
56527827,1
56457902,1
56505974,1
56489509,1
56550886,1
56493982,1
56113022,1
56507573,1
56519783,1
56548837,1
56421571,1
56354261,1
56498175,1
56500855,1
56527076,1
56274963,1
56448243,1
56548959,1
56535528,1
56449166,1
56503795,1
56423249,1
56533248,1
56525957,1
56553300,1
56538793,1
56482252,1
56503007,1
56463429,1
56523500,1
56493433,1
56406108,1
56381998,1
56510452,1
56551442,1
56481623,1
56388150,1
56503551,1
56544713,1
56509991,1
56338358,1
56557442,1
56430852,1
56420739,1
56498546,1
56481099,1
56355416,1
56279833,1
56492383,1
56427680,1
56558991,1
56555358,1
56520966,1
56558201,1
56538239,1
56502237,1
56458759,1
56456182,1
56480599,1
56513463,1
56516348,1
56544958,1
56465365,1
56472787,1
56503902,1
56511091,1
56525783,1
56358878,1
56266072,1
56429274,1
56558931,1
56374737,1
56408963,1
56416100,1
56552724,1
56492197,1
56499878,1
56495372,1
56531206,1
56487248,1
56513601,1
56550355,1
56489310,1
56352534,1
56489371,1
56511539,1
56451281,1
56491445,1
56561140,1
56503643,1
56521447,1
56375169,1
56513676,1
56096053,1
56503999,1
56541420,1
56329267,1
56505761,1
56504294,1
56563363,1
56563364,1
56561676,1
56541527,1
56545444,1
56518726,1
56437433,1
56461560,1
56451568,1
56424460,1
56561187,1
56533937,1
56503903,1
56465597,1
56526116,1
56527762,1
56561610,1
56545298,1
56482289,1
56434969,1
56558862,1
56545445,1
56537164,1
56498713,1
56540214,1
56552651,1
56434070,1
56551371,1
56554307,1
56325391,1
56461578,1
56553005,1
56456223,1
56544142,1
56546854,1
56484143,1
56394498,1
56471468,1
56393829,1
56546883,1
56265005,1
56550885,1
56361052,1
56467782,1
56403359,1
56552745,1
56469437,1
56551605,1
56491399,1
56492384,1
56554589,1
56561273,1
56494294,1
56536758,1
56437226,1
56558765,1
56503161,1
56522419,1
56560830,1
56480356,1
56466120,1
56440355,1
56451569,1
56476193,1
56552909,1
56401522,1
56559891,1
56509132,1
56487330,1
56454580,1
56434059,1
56503816,1
56458399,1
56454390,1
56201323,1
56272589,1
56519069,1
56334040,1
56451243,1
56567217,1
56374538,1
56519442,1
56399167,1
56484891,1
56347299,1
56567406,1
56392084,1
56496251,1
56448550,1
56424037,1
56443088,1
56466515,1
56407488,1
56463984,1
56561233,1
56481888,1
56499800,1
56476419,1
56524669,1
56495301,1
56503817,1
56563252,1
56530471,1
56537165,1
56566141,1
56410337,1
56541421,1
56468929,1
56568975,1
56555464,1
56567440,1
56488263,1
56453937,1
56495039,1
56448549,1
56484337,1
56515774,1
56234358,1
56566142,1
56475832,1
56448566,1
56476130,1
56479121,1
56348529,1
56468099,1
56488264,1
56521446,1
56558472,1
56465246,1
56568061,1
56475030,1
56476319,1
56499520,1
56098294,1
56363645,1
56369010,1
56355312,1
56419577,1
56533345,1
56568974,1
56537300,1
56437867,1
56492753,1
56516166,1
56472365,1
56572092,1
56517369,1
56472750,1
56364235,1
56399578,1
56508157,1
56524719,1
56396975,1
56567000,1
56558861,1
56490793,1
56558990,1
56493458,1
56388317,1
56571757,1
56345331,1
56559577,1
56540829,1
56511517,1
56565564,1
56232753,1
56565353,1
56413385,1
56503832,1
56413386,1
56448222,1
56480974,1
56423288,1
56220034,1
56546903,1
56520489,1
56552566,1
56545299,1
56531624,1
56381057,1
56493355,1
56514399,1
56533497,1
56566330,1
56393938,1
56567781,1
56516115,1
56559578,1
56555359,1
56570546,1
56543638,1
56561139,1
56569413,1
56573904,1
56565662,1
56523989,1
56514790,1
56531292,1
56533125,1
56522296,1
56296886,1
56566057,1
56567439,1
56505965,1
56536140,1
56381997,1
56414428,1
56577380,1
56570687,1
56497890,1
56511754,1
56429686,1
56494649,1
56563964,1
56406915,1
56548960,1
56518968,1
56523049,1
56489309,1
56407495,1
56516789,1
56493270,1
56397743,1
56411390,1
56451286,1
56578387,1
56307780,1
56447520,1
56437049,1
56500650,1
56547358,1
56567780,1
56571900,1
56434981,1
56547562,1
56533739,1
56572093,1
56574746,1
56413601,1
56552887,1
56573905,1
56399579,1
56489867,1
56527506,1
56457373,1
56412663,1
56253955,1
56325276,1
56445566,1
56474269,1
56577010,1
56555253,1
56552534,1
56578388,1
56578315,1
56552746,1
56140333,1
56531863,1
56517096,1
56559666,1
56507572,1
56484404,1
56513367,1
56502671,1
56447618,1
56492754,1
56541050,1
56461823,1
56488774,1
56509213,1
56491746,1
56365839,1
56324666,1
56490116,1
56505737,1
56482040,1
56313040,1
56535985,1
56507310,1
56515773,1
56552588,1
56567798,1
56556926,1
56502238,1
56505475,1
56454496,1
56496757,1
56550202,1
56484481,1
56447739,1
56240373,1
56463257,1
56577088,1
56552481,1
56426973,1
56145454,1
56553969,1
56533723,1
56455548,1
56487285,1
56489969,1
56557699,1
56530472,1
56579696,1
56519572,1
56578192,1
56577280,1
56567514,1
56577271,1
56584285,1
56574771,1
56508828,1
56522561,1
56571803,1
56489508,1
56539310,1
56509271,1
56522919,1
56508245,1
56519126,1
56520592,1
56544213,1
56537038,1
56519692,1
56579695,1
56375556,1
56378077,1
56460793,1
56552565,1
56564522,1
56563523,1
56538806,1
56490551,1
56544214,1
56518323,1
56577272,1
56577281,1
56582805,1
56571758,1
56576114,1
56489798,1
56486076,1
56425569,1
56509218,1
56579231,1
56485678,1
56557453,1
56482198,1
56370150,1
56473981,1
56516716,1
56486952,1
56520593,1
56538700,1
56560599,1
56485153,1
56553968,1
56558940,1
56425373,1
56571866,1
56577379,1
56430766,1
56533757,1
56487247,1
56579230,1
56555888,1
56532913,1
56531159,1
56522864,1
56490134,1
56523084,1
56586153,1
56558941,1
56354176,1
56245958,1
56477438,1
56537039,1
56451125,1
56378498,1
56460845,1
56492674,1
56573312,1
56415588,1
56498145,1
56524175,1
56514702,1
56582166,1
56472235,1
56538264,1
56517798,1
56541504,1
56131241,1
56569118,1
56438968,1
56143740,1
56515975,1
56581709,1
56576344,1
56409391,1
56505738,1
56561677,1
56356310,1
56586119,1
56564523,1
56523340,1
56501446,1
56587990,1
56445902,1
56460844,1
56586510,1
56444119,1
56418527,1
56353840,1
56424608,1
56481281,1
56558200,1
56114893,1
56387843,1
56587842,1
56465516,1
56588841,1
56525804,1
56325374,1
56446647,1
56482051,1
56432824,1
56571623,1
56444855,1
56586714,1
56582716,1
56470623,1
56157289,1
56555564,1
56457088,1
56542198,1
56588834,1
56571064,1
56392453,1
56568788,1
56519585,1
56591714,1
56588856,1
56588173,1
56585478,1
56429389,1
56407845,1
56251629,1
56588396,1
56551604,1
56485905,1
56527173,1
56533223,1
56586118,1
56541489,1
56593708,1
56455264,1
56470616,1
56518032,1
56510525,1
56479391,1
56519834,1
56544405,1
56511755,1
56501962,1
56473630,1
56547608,1
56561186,1
56563251,1
56540930,1
56520326,1
56550356,1
56490794,1
56430412,1
56552589,1
56594861,1
56438985,1
56331624,1
56571624,1
56585530,1
56595050,1
56437032,1
56517209,1
56595250,1
56518324,1
56484482,1
56513677,1
56511998,1
56401259,1
56487744,1
56579857,1
56447332,1
56541802,1
56538778,1
56522165,1
56507764,1
56469897,1
56487760,1
56326483,1
56552535,1
56586511,1
56567218,1
56473075,1
56388151,1
56440552,1
56552289,1
56244677,1
56486075,1
56581766,1
56541940,1
56452993,1
56530244,1
56513411,1
56425858,1
56564056,1
56534004,1
56483258,1
56533007,1
56456181,1
56472882,1
56482199,1
56577861,1
56526098,1
56528075,1
56592089,1
56593700,1
56479713,1
56403006,1
56594860,1
56485549,1
56522418,1
56526403,1
56513410,1
56470566,1
56581637,1
56518684,1
56549635,1
56484936,1
56534100,1
56527921,1
56489312,1
56413124,1
56451242,1
56493269,1
56497757,1
56546884,1
56482218,1
56473076,1
56597770,1
56597778,1
56555404,1
56589584,1
56580211,1
56358110,1
56474844,1
56529956,1
56428551,1
56325949,1
56535330,1
56466932,1
56512050,1
56383905,1
56290544,1
56566107,1
56542817,1
56600061,1
56593480,1
56553513,1
56593707,1
56601935,1
56603202,1
56597771,1
56536241,1
56383650,1
56552886,1
56602125,1
56595249,1
56533680,1
56554279,1
56269558,1
56522863,1
56495465,1
56513462,1
56532746,1
56601201,1
56540461,1
56571408,1
56464640,1
56490135,1
56276640,1
56533124,1
56481117,1
56376293,1
56443077,1
56490986,1
56571802,1
56556755,1
56484548,1
56536209,1
56471469,1
56482219,1
56523990,1
56468057,1
56591189,1
56500948,1
56580306,1
56525753,1
56583117,1
56518842,1
56565565,1
56602317,1
56590463,1
56557441,1
56596967,1
56552290,1
56508949,1
56500547,1
56504631,1
56572700,1
56597471,1
56577081,1
56585477,1
56586731,1
56574766,1
56452896,1
56588395,1
56532127,1
56548484,1
56569117,1
56507790,1
56535527,1
56605059,1
56569414,1
56594239,1
56514727,1
56494293,1
56546483,1
56385912,1
56505760,1
56388222,1
56439267,1
56566056,1
56604513,1
56585531,1
56586518,1
56552484,1
56582715,1
56538157,1
56375033,1
56510732,1
56188477,1
56603492,1
56534667,1
56360261,1
56489970,1
56500949,1
56517203,1
56495352,1
56535760,1
56590514,1
56601350,1
56517202,1
56579252,1
56484536,1
56587841,1
56401789,1
56569912,1
56505806,1
56591573,1
56528717,1
56512544,1
56555405,1
56588172,1
56569911,1
56601936,1
56581146,1
56597811,1
56604726,1
56528076,1
56603491,1
56532745,1
56550203,1
56518685,1
56503833,1
56609761,1
56582165,1
56538611,1
56544908,1
56249694,1
56460506,1
56541536,1
56588005,1
56560569,1
56533249,1
56593637,1
56401404,1
56508783,1
56586519,1
56392529,1
56377378,1
56528886,1
56559665,1
56605883,1
56512341,1
56485550,1
56551619,1
56576345,1
56555876,1
56553104,1
56551825,1
56373052,1
56588857,1
56432855,1
56608147,1
56540213,1
56566275,1
56590730,1
56607274,1
56558750,1
56428186,1
56523447,1
56399381,1
56536342,1
56603155,1
56611447,1
56542005,1
56606490,1
56502726,1
56605057,1
56428805,1
56558480,1
56597030,1
56557454,1
56579466,1
56481962,1
56547930,1
56530618,1
56432823,1
56503184,1
56536898,1
56566063,1
56474097,1
56470486,1
56580958,1
56534253,1
56326982,1
56611446,1
56476106,1
56442809,1
56173212,1
56611530,1
56607502,1
56592346,1
56607501,1
56492601,1
56606489,1
56532572,1
56540995,1
56557683,1
56520204,1
56517361,1
56544796,1
56520965,1
56481961,1
56595886,1
56462830,1
56566062,1
56612627,1
56569765,1
56586676,1
56603201,1
56529408,1
56557700,1
56528516,1
56565352,1
56564057,1
56549412,1
56563094,1
56573546,1
56522918,1
56468131,1
56504181,1
56507055,1
56586440,1
56441375,1
56597529,1
56542500,1
56610196,1
56311094,1
56609041,1
56476107,1
56517370,1
56557404,1
56546728,1
56265592,1
56551824,1
56530989,1
56462685,1
56570978,1
56484939,1
56574273,1
56493176,1
56579873,1
56473288,1
56497756,1
56615748,1
56499519,1
56586732,1
56550006,1
56361686,1
56576115,1
56602126,1
56503236,1
56365727,1
56513600,1
56601358,1
56579819,1
56596158,1
56460516,1
56588065,1
56382787,1
56596159,1
56613769,1
56611199,1
56605696,1
56534491,1
56515253,1
56195773,1
56608555,1
56547439,1
56453091,1
56478869,1
56499570,1
56544797,1
56602318,1
56529649,1
56551748,1
56533026,1
56557684,1
56296055,1
56568789,1
56453816,1
56607275,1
56600141,1
56559756,1
56580114,1
56614337,1
56603355,1
56488162,1
56540929,1
56583009,1
56566682,1
56590462,1
56574900,1
56517097,1
56609762,1
56615341,1
56453815,1
56361612,1
56570356,1
56574386,1
56478458,1
56611167,1
56600139,1
56566495,1
56483257,1
56448565,1
56606740,1
56583118,1
56186360,1
56396809,1
56538612,1
56454193,1
56532914,1
56553466,1
56612595,1
56619110,1
56465867,1
56622115,1
56553465,1
56566088,1
56622110,1
56622109,1
56610181,1
56619435,1
56604612,1
56611221,1
56618487,1
56548504,1
56525346,1
56528139,1
56524174,1
56485639,1
56574765,1
56467011,1
56581991,1
56417137,1
56462536,1
56394499,1
56415575,1
56569981,1
56594315,1
56538787,1
56608554,1
56557892,1
56618284,1
56597558,1
56451269,1
56326679,1
56605884,1
56531939,1
56548781,1
56167972,1
56482714,1
56472364,1
56551443,1
56611789,1
56552910,1
56447331,1
56565259,1
56484547,1
56494003,1
56469500,1
56616255,1
56538158,1
56396878,1
56516167,1
56571285,1
56593352,1
56598557,1
56547738,1
56441078,1
56534101,1
56501636,1
56612721,1
56489707,1
56623812,1
56592368,1
56623815,1
56554308,1
56619436,1
56604611,1
56612937,1
56445901,1
56618611,1
56621356,1
56518652,1
56553004,1
56623349,1
56502463,1
56491745,1
56538263,1
56550765,1
56525896,1
56545471,1
56624858,1
56624857,1
56548503,1
56473982,1
56618486,1
56499569,1
56468983,1
56519784,1
56590233,1
56575090,1
56625985,1
56561268,1
56462710,1
56536694,1
56192830,1
56620734,1
56364000,1
56374539,1
56522467,1
56511278,1
56620949,1
56544260,1
56539014,1
56586611,1
56590731,1
56568863,1
56434696,1
56627986,1
56614274,1
56626825,1
56485677,1
56524668,1
56526794,1
56568406,1
56563093,1
56535776,1
56416948,1
56552422,1
56503046,1
56575309,1
56591072,1
56474943,1
56611519,1
56548782,1
56609112,1
56491444,1
56614737,1
56568062,1
56536695,1
56607847,1
56525740,1
56571118,1
56456224,1
56628778,1
56607771,1
56614949,1
56489163,1
56415248,1
56263966,1
56525013,1
56613768,1
56555372,1
56538841,1
56536343,1
56516741,1
56504293,1
56536899,1
56614676,1
56580160,1
56614738,1
56554590,1
56607932,1
56588833,1
56616094,1
56557893,1
56612720,1
56483832,1
56505936,1
56630666,1
56630550,1
56516794,1
56582806,1
56586610,1
56621178,1
56532128,1
56611790,1
56504325,1
56453308,1
56514400,1
56560035,1
56629721,1
56538805,1
56577567,1
56584751,1
56620733,1
56594240,1
56626235,1
56542265,1
56492198,1
56605337,1
56496036,1
56459463,1
56552725,1
56406412,1
56533872,1
56632209,1
56407444,1
56571665,1
56624044,1
56516001,1
56569487,1
56369464,1
56558607,1
56540830,1
56589116,1
56588909,1
56591574,1
56605336,1
56609889,1
56516676,1
56598892,1
56524103,1
56632075,1
56630667,1
56517210,1
56633585,1
56526717,1
56626826,1
56580159,1
56565663,1
56610388,1
56632416,1
56529421,1
56457014,1
56625578,1
56529409,1
56582130,1
56544910,1
56571397,1
56632732,1
56613660,1
56623632,1
56433417,1
56635774,1
56344958,1
56619788,1
56584346,1
56442215,1
56448482,1
56591188,1
56522726,1
56530954,1
56595885,1
56528333,1
56531293,1
56558686,1
56637304,3
56552391,1
56604393,1
56577860,1
56536240,1
56629241,1
56619318,1
56607311,1
56548130,1
56615749,1
56477016,1
56489522,1
56370822,1
56619787,1
56633419,1
56586713,1
56629533,1
56407445,1
56510869,1
56601200,1
56614675,1
56528515,1
56579475,1
56563856,1
56465592,1
56396998,1
56623561,1
56638237,3
56620950,1
56541354,1
56452637,1
56632208,1
56337683,1
56437928,1
56419727,1
56531864,1
56632321,1
56604703,1
56633823,1
56559088,1
56633942,1
56544720,1
56616140,1
56601055,1
56488722,1
56640047,3
56372947,1
56506080,1
56437434,1
56570078,1
56630551,1
56490985,1
56541784,1
56621177,1
56565258,1
56580307,1
56620315,1
56562689,1
56359711,1
56502672,1
56586426,1
56640988,3
56591726,1
56455119,1
56550635,1
56627985,1
56560829,1
56375946,1
56527781,1
56640407,1
56467716,1
56555252,1
56533617,1
56581992,1
56451274,1
56195235,1
56582073,1
56621486,1
56577754,1
56524738,1
56445515,1
56564314,1
56624596,1
56627351,1
56637324,1
56642783,3
56579990,1
56607312,1
56616407,1
56173388,1
56615575,1
56586593,1
56569265,1
56188218,1
56639022,1
56328399,1
56605925,1
56504428,1
56640551,1
56606315,1
56639309,1
56582074,1
56628813,1
56465572,1
56613391,1
56577126,1
56643732,3
56613661,1
56571702,1
56546986,1
56634611,1
56634856,1
56548907,1
56601930,1
56505937,1
56506086,1
56603156,1
56552883,1
56640488,1
56481774,1
56639308,1
56632320,1
56640704,1
56582129,1
56634189,1
56583148,1
56484405,1
56639724,1
56621703,1
56587238,1
56597031,1
56405637,1
56604334,1
56645523,3
56601826,1
56619256,1
56548908,1
56566276,1
56633475,1
56604702,1
56526793,1
56644516,1
56482713,1
56544712,1
56554010,1
56640550,1
56572935,1
56559892,1
56488755,1
56299552,1
56508158,1
56628528,1
56582122,1
56555672,1
56522066,1
56566438,1
56643590,1
56533938,1
56626268,1
56542264,1
56594314,1
56637325,1
56646474,3
56641218,1
56511479,1
56622116,1
56588069,1
56516793,1
56489311,1
56344534,1
56571903,1
56643079,1
56510791,1
56610327,1
56554280,1
56641836,1
56644787,1
56616141,1
56634188,1
56541049,1
56646122,1
56590665,1
56642239,1
56558412,1
56599723,1
56576910,1
56451817,1
56648271,3
56553222,1
56601827,1
56640117,1
56642839,1
56632010,1
56583571,1
56604725,1
56638991,1
56542699,1
56644628,1
56610370,1
56646092,1
56573545,1
56598354,1
56580474,1
56636722,1
56631110,1
56528254,1
56632669,1
56583010,1
56648126,1
56573681,1
56506528,1
56649217,3
56624676,1
56589508,1
56611518,1
56643145,1
56583665,1
56640408,1
56597779,1
56598256,1
56633550,1
56529339,1
56427679,1
56563857,1
56559755,1
56600607,1
56542209,1
56628529,1
56388954,1
56585890,1
56443762,1
56609838,1
56577055,1
56503160,1
56575168,1
56588064,1
56610943,1
56518031,1
56509656,1
56643947,1
56633397,1
56492251,1
56579730,1
56400315,1
56607483,1
56503998,1
56644444,1
56636387,1
56527922,1
56544388,1
56623816,1
56648699,1
56585620,1
56639021,1
56515976,1
56641835,1
56519127,1
56561232,1
56625476,1
56647570,1
56642240,1
56632670,1
56646415,1
56617884,1
56651900,1
56513768,1
56621740,1
56566087,1
56612628,1
56608148,1
56612596,1
56643936,1
56645574,1
56515408,1
56560525,1
56645770,1
56470451,1
56614251,1
56644443,1
56638965,1
56461968,1
56454192,1
56561049,1
56574901,1
56453309,1
56620604,1
56613504,1
56575058,1
56516871,1
56653807,1
56616500,1
56571950,1
56629357,1
56443005,1
56570574,1
56518569,1
56629294,1
56528138,1
56646091,1
56650214,1
56540462,1
56173709,1
56610371,1
56168564,1
56602234,1
56646416,1
56450530,1
56561435,1
56649444,1
56580733,1
56653806,1
56571901,1
56651176,1
56624675,1
56637496,1
56643080,1
56344397,1
56623767,1
56633398,1
56561872,1
56486737,1
56592369,1
56639085,1
56652862,1
56580291,1
56610234,1
56512059,1
56655763,1
56583147,1
56579467,1
56651899,1
56450774,1
56278748,1
56506527,1
56567068,1
56555063,1
56564315,1
56605697,1
56638575,1
56646690,1
56564197,1
56567735,1
56610110,1
56574274,1
56580959,1
56470487,1
56547192,1
56570686,1
56507789,1
56655550,1
56601056,1
56655764,1
56625986,1
56495371,1
56648893,1
56614800,1
56599586,1
56601384,1
56609717,1
56624422,1
56626267,1
56547508,1
56642838,1
56609890,1
56656607,1
56495040,1
56581147,1
56645831,1
56398444,1
56555463,1
56616047,1
56618848,1
56574745,1
56523048,1
56595739,1
56547733,1
56547561,1
56594305,1
56609906,1
56537305,1
56649419,1
56600285,1
56589115,1
56581440,1
56573425,1
56658160,1
56541777,1
56601903,1
56506322,1
56570575,1
56573287,1
56648127,1
56530990,1
56658690,1
56579108,1
56605234,1
56615524,1
56640288,1
56657840,1
56657991,1
56338359,1
56602235,1
56654122,1
56596661,1
56570545,1
56602168,1
56245959,1
56583281,1
56607772,1
56425896,1
56536792,1
56627780,1
56585163,1
56522473,1
56498738,1
56643935,1
56646689,1
56445785,1
56614186,1
56533605,1
56604789,1
56564900,1
56468930,1
56391910,1
56624351,1
56659969,1
56659985,1
56660291,1
56555062,1
56653776,1
56638454,1
56553742,1
56574387,1
56656603,1
56652411,1
56657839,1
56652289,1
56629240,1
56569346,1
56660967,1
56634969,1
56614275,1
56655773,1
56614772,1
56637711,1
56652876,1
56656940,1
56636538,1
56534668,1
56429350,1
56617796,1
56587031,1
56577568,1
56607841,1
56558749,1
56469170,1
56582605,1
56638453,1
56664860,1
56478835,1
56652410,1
56508784,1
56489580,1
56452122,1
56511518,1
56424175,1
56609391,1
56587632,1
56609347,1
56600914,1
56575004,1
56555877,1
56664265,1
56569491,1
56612409,1
56588650,1
56609437,1
56527782,1
56536793,1
56541458,1
56567513,1
56397258,1
56623766,1
56579971,1
56600062,1
56647404,1
56491518,1
56606768,1
56588613,1
56635321,1
56474268,1
56424174,1
56558608,1
56628812,1
56461439,1
56586152,1
56638387,1
56637277,1
56580725,1
56665699,1
56475903,1
56603356,1
56643948,1
56388425,1
56632011,1
56627646,1
56473284,1
56555473,1
56601021,1
56600608,1
56580113,1
56550052,1
56651393,1
56640703,1
56646121,1
56659984,1
56629807,1
56562940,1
56582369,1
56615889,1
56582392,1
56487828,1
56620923,1
56605412,1
56588068,1
56567001,1
56228932,1
56667657,1
56572699,1
56656796,1
56656941,1
56655332,1
56533604,1
56620110,1
56609730,1
56590304,1
56634350,1
56636539,1
56607848,1
56544909,1
56579210,1
56598355,1
56653590,1
56542210,1
56605242,1
56591713,1
56640118,1
56668359,1
56653737,1
56601660,1
56588023,1
56591894,1
56637495,1
56639208,1
56495358,1
56658294,1
56584750,1
56583223,1
56581636,1
56569421,1
56601359,1
56553223,1
56621741,1
56653738,1
56660458,1
56627779,1
56603187,1
56526866,1
56604790,1
56558305,1
56573569,1
56648894,1
56579222,1
56194259,1
56522166,1
56659159,1
56621702,1
56571664,1
56652034,1
56630225,1
56495765,1
56518574,1
56578008,1
56663054,1
56589583,1
56579991,1
56626102,1
56670709,1
56614526,1
56643489,1
56538840,1
56592347,1
56647876,1
56524364,1
56634351,1
56668203,1
56671005,1
56667312,1
56587412,1
56623212,1
56486263,1
56654657,1
56659172,1
56494783,1
56623562,1
56670182,1
56610773,1
56663439,1
56660536,1
56664977,1
56509926,1
56643250,1
56652775,1
56669102,1
56652776,1
56636467,1
56609111,1
56574772,1
56631494,1
56511641,1
56626902,1
56252771,1
56478262,1
56534005,1
56388606,1
56609837,1
56668683,1
56671371,1
56596196,1
56538779,1
56629244,1
56668736,1
56626631,1
56648654,1
56610233,1
56474291,1
56540327,1
56559702,1
56615888,1
56507525,1
56580506,1
56227594,1
56601067,1
56390798,1
56532522,1
56607909,1
56498329,1
56561873,1
56662948,1
56558766,1
56550766,1
56653849,1
56618993,1
56664877,1
56673106,1
56512358,1
56670527,1
56538216,1
56618633,1
56656797,1
56568996,1
56515407,1
56498737,1
56409180,1
56618010,1
56614799,1
56599724,1
56530955,1
56635454,1
56610762,1
56668358,1
56668654,1
56646602,1
56678608,1
56638391,1
56519717,1
56227628,1
56678800,1
56547191,1
56622518,1
56588794,1
56559701,1
56643440,1
56609348,1
56615969,1
56668242,1
56623211,1
56613738,1
56641104,1
56671212,1
56642805,1
56653775,1
56552640,1
56334657,1
56577359,1
56658295,1
56571703,1
56678801,1
56570979,1
56581767,1
56562282,1
56585904,1
56571951,1
56661408,1
56241564,1
56624421,1
56609905,1
56679316,1
56645545,1
56638388,1
56487827,1
56593481,1
56626603,1
56674440,1
56662298,1
56658153,1
56652512,1
56284446,1
56655549,1
56665183,1
56609299,1
56604940,1
56243489,1
56667205,1
56617722,1
56585990,1
56524458,1
56676430,1
56658691,1
56612492,1
56547732,1
56580331,1
56621570,1
56478283,1
56679317,1
56671211,1
56243323,1
56626602,1
56545207,1
56633476,1
56665110,1
56678794,1
56410429,1
56677508,1
56588541,1
56583280,1
56494256,1
56670943,1
56595740,1
56625591,1
56569502,1
56681914,1
56521690,1
56632458,1
56560570,1
56578191,1
56625068,1
56555053,1
56600142,1
56515254,1
56545470,1
56562281,1
56664976,1
56518575,1
56681542,1
56506081,1
56510802,1
56584284,1
56631495,1
56498039,1
56665373,1
56609392,1
56607934,1
56628722,1
56627108,1
56635453,1
56473800,1
56545206,1
56684804,1
56629305,1
56630226,1
56573237,1
56430896,1
56529648,1
56585617,1
56597352,1
56666321,1
56646828,1
56547357,1
56626630,1
56587032,1
56669338,1
56629792,1
56509131,1
56653589,1
56684726,1
56546482,1
56684805,1
56588870,1
56611288,1
56579970,1
56608568,1
56310028,1
56675913,1
56592307,1
56613149,1
56683321,1
56661534,1
56509925,1
56617690,1
56558473,1
56450773,1
56569640,1
56675654,1
56588736,1
56637278,1
56631943,1
56247180,1
56625067,1
56600140,1
56603060,1
56674214,1
56430853,1
56437735,1
56225368,1
56588300,1
56622517,1
56666567,1
56658932,1
56547330,1
56472305,1
56671208,1
56660535,1
56354619,1
56681384,1
56649420,1
56685181,1
56659247,1
56675914,1
56621276,1
56593638,1
56681543,1
56632415,1
56669339,1
56607484,1
56678922,1
56607685,1
56558481,1
56606741,1
56616256,1
56671006,1
56650369,1
56627103,1
56568864,1
56678645,1
56645544,1
56599972,1
56597528,1
56690727,1
56573426,1
56645749,1
56624995,1
56586344,1
56686978,1
56564909,1
56368275,1
56678919,1
56666306,1
56581708,1
56630283,1
56687069,1
56578316,1
56691395,1
56676181,1
56621372,1
56620380,1
56616063,1
56586195,1
56589054,1
56642834,1
56581132,1
56611222,1
56656599,1
56652288,1
56688182,1
56591949,1
56654121,1
56600913,1
56524131,1
56581441,1
56654373,1
56667091,1
56688991,1
56650370,1
56624350,1
56654828,1
56619002,1
56668653,1
56692210,1
56571904,1
56629290,1
56665030,1
56325375,1
56656001,1
56671023,1
56691732,1
56661782,1
56668202,1
56682065,1
56653850,1
56683881,1
56536141,1
56627645,1
56649278,1
56692209,1
56656606,1
56686632,1
56685185,1
56580190,1
56612649,1
56596732,1
56684263,1
56544550,1
56641313,1
56636458,1
56492609,1
56633420,1
56469860,1
56652861,1
56451344,1
56638992,1
56667092,1
56568405,1
56683322,1
56692033,1
56498328,1
56474096,1
56239651,1
56692155,1
56616409,1
56597810,1
56692602,1
56381039,1
56455263,1
56561303,1
56691624,1
56546551,1
56669528,1
56605056,1
56670057,1
56691731,1
56649108,1
56660142,1
56616088,1
56670260,1
56525012,1
56607234,1
56610111,1
56654059,1
56640160,1
56667613,1
56638392,1
56624722,1
56663801,1
56692552,1
56604868,1
56665184,1
56678920,1
56623811,1
56612491,1
56658625,1
56676198,1
56688758,1
56689940,1
56684433,1
56487331,1
56627107,1
56697346,1
56672881,1
56546717,1
56351317,1
56544911,1
56670181,1
56579731,1
56640289,1
56606028,1
56544406,1
56692460,1
56629735,1
56686962,1
56678793,1
56586592,1
56692580,1
56550147,1
56692603,1
56488394,1
56639777,1
56677692,1
56668201,1
56679243,1
56675653,1
56684727,1
56629808,1
56591725,1
56598893,1
56681196,1
56656568,1
56696042,1
56601917,1
56232100,1
56632076,1
56664946,1
56579107,1
56579818,1
56652875,1
56610180,1
56691329,1
56684628,1
56623385,1
56510870,1
56640610,1
56402331,1
56657339,1
56666599,1
56669912,1
56700222,1
56687471,1
56660144,1
56549411,1
56610774,1
56641426,1
56578681,1
56693593,1
56693592,1
56536210,1
56638982,1
56573626,1
56607684,1
56609438,1
56681032,1
56654658,1
56377862,1
56682308,1
56654829,1
56445514,1
56660457,1
56516269,1
56668684,1
56698772,1
56591950,1
56652822,1
56616501,1
56636466,1
56703452,1
56636723,1
56581856,1
56629791,1
56626281,1
56580290,1
56456201,1
56457015,1
56660143,1
56555052,1
56701433,1
56693610,1
56608703,1
56698827,1
56676715,1
56602682,1
56704599,1
56685705,1
56625577,1
56696997,1
56587631,1
56692029,1
56695668,1
56655004,1
56692277,1
56664947,1
56704617,1
56677297,1
56548129,1
56696589,1
56648868,1
56619583,1
56636386,1
56529009,1
56651609,1
56702478,1
56700824,1
56621275,1
56668129,1
56669911,1
56700019,1
56700974,1
56568103,1
56575089,1
56695764,1
56703212,1
56692199,1
56678535,1
56588024,1
56525347,1
56681435,1
56638874,1
56605742,1
56677298,1
56702092,1
56680785,1
56687070,1
56579253,1
56692034,1
56579223,1
56507728,1
56623410,1
56671207,1
56613739,1
56701398,1
56701806,1
56601661,1
56634720,1
56588908,1
56625906,1
56676056,1
56376738,1
56675280,1
56702773,1
56582121,1
56706664,1
56601385,1
56675655,1
56516675,1
56525883,1
56652189,1
56662947,1
56618298,1
56704332,1
56355492,1
56693424,1
56703425,1
56624996,1
56489799,1
56700803,1
56631241,1
56700973,1
56699661,1
56683518,1
56697347,1
56671032,1
56687548,1
56648123,1
56681294,1
56648555,1
56560913,1
56651177,1
56550053,1
56706044,1
56692498,1
56711599,1
56500701,1
56295920,1
56643249,1
56633943,1
56637042,1
56623409,1
56642441,1
56517477,1
56467717,1
56629293,1
56657507,1
56664876,1
56426606,1
56629736,1
56707314,1
56647405,1
56503552,1
56685812,1
56702036,1
56652680,1
56676424,1
56457408,1
56580332,1
56652033,1
56664802,1
56593747,1
56602067,1
56665031,1
56684095,1
56644627,1
56633549,1
56670637,1
56569067,1
56577358,1
56696588,1
56684324,1
56677507,1
56601931,1
56614950,1
56612244,1
56658226,1
56571409,1
56585146,1
56602620,1
56619255,1
56675665,1
56624595,1
56643682,1
56652080,1
56670230,1
56654896,1
56561611,1
56693425,1
56711416,1
56708683,1
56678609,1
56546550,1
56569014,1
56237703,1
56508827,1
56603710,1
56699531,1
56691306,1
56670858,1
56650652,1
56671031,1
56566437,1
56686357,1
56571286,1
56605924,1
56708684,1
56701565,1
56604561,1
56662569,1
56622032,1
56670549,1
56715936,1
56711701,1
56601022,1
56650542,1
56672880,1
56596966,1
56683520,1
56661535,1
56668243,1
56553105,1
56492966,1
56585164,1
56701359,1
56634857,1
56716857,1
56692354,1
56630573,1
56501348,1
56681516,1
56603188,1
56696084,1
56700823,1
56658624,1
56631240,1
56578682,1
56397951,1
56598556,1
56661783,1
56609729,1
56687594,1
56689583,1
56696043,1
56671372,1
56520598,1
56638875,1
56676802,1
56512294,1
56660966,1
56492675,1
56707833,1
56539013,1
56615006,1
56632457,1
56616064,1
56428250,1
56639725,1
56629931,1
56569766,1
56586345,1
56643683,1
56719497,1
56678534,1
56627352,1
56693316,1
56635673,1
56717898,1
56615576,1
56477207,1
56657823,1
56718339,1
56703426,1
56709024,1
56699532,1
56652764,1
56714594,1
56717456,1
56643441,1
56650313,1
56575057,1
56557633,1
56547482,1
56683882,1
56507729,1
56695765,1
56711457,1
56635773,1
56612779,1
56708694,1
56718338,1
56693611,1
56717147,1
56710125,1
56658227,1
56686190,1
56605060,1
56620381,1
56721943,1
56605204,1
56723242,1
56585616,1
56676849,1
56723298,1
56626518,1
56525882,1
56675758,1
56719541,1
56711456,1
56707617,1
56510280,1
56649443,1
56632220,1
56641859,1
56604816,1
56665190,1
56692675,1
56696996,1
56710795,1
56672210,1
56721687,1
56652988,1
56694419,1
56609724,1
56599312,1
56617691,1
56596893,1
56621571,1
56444589,1
56703085,1
56387869,1
56366900,1
56723299,1
56588098,1
56657859,1
56723306,1
56720611,1
56441376,1
56641737,1
56710037,1
56586194,1
56712775,1
56684269,1
56495456,1
56722637,1
56710321,1
56709010,1
56678921,1
56715774,1
56470520,1
56717309,1
56648926,1
56669333,1
56678136,1
56720072,1
56645209,1
56635320,1
56705754,1
56659158,1
56648035,1
56631361,1
56692030,1
56675652,1
56697716,1
56725043,1
56723406,1
56624959,1
56723412,1
56696085,1
56616917,1
56526404,1
56726705,1
56672209,1
56518653,1
56641860,1
56626101,1
56582762,1
56708060,1
56686358,1
56719093,1
56703061,1
56698382,1
56711284,1
56703928,1
56541537,1
56654687,1
56725077,1
56717936,1
56656754,1
56680119,1
56721275,1
56665229,1
56691330,1
56725427,1
56686027,1
56637980,1
56650541,1
56614209,1
56717375,1
56640673,1
56697193,1
56613505,1
56700802,1
56613392,1
56683550,1
56727285,1
56569066,1
56646215,1
56675281,1
56643624,1
56689205,1
56679487,1
56428158,1
56708730,1
56704256,1
56681195,1
56722357,1
56715487,1
56553743,1
56714363,1
56625376,1
56639086,1
56619317,1
56681568,1
56692579,1
56722636,1
56640159,1
56593699,1
56702112,1
56707834,1
56715937,1
56694427,1
56495457,1
56607842,1
56610512,1
56637043,1
56659248,1
56664859,1
56635674,1
56723243,1
56660217,1
56616916,1
56618610,1
56632219,1
56673381,1
56707315,1
56692551,1
56726609,1
56521169,1
56721323,1
56666775,1
56633984,1
56712051,1
56680776,1
56588651,1
56660141,1
56686633,1
56572936,1
56391809,1
56692200,1
56704133,1
56630572,1
56641743,1
56596195,1
56720612,1
56678644,1
56690520,1
56689582,1
56654058,1
56583664,1
56674311,1
56626213,1
56608704,1
56657935,1
56725426,1
56615005,1
56620239,1
56652987,1
56732923,1
56670058,1
56712100,1
56722235,1
56652207,1
56624565,1
56726052,1
56527743,1
56641217,1
56690429,1
56660292,1
56624972,1
56676245,1
56625830,1
56622798,1
56733687,1
56662622,1
56727127,1
56694092,1
56579157,1
56732673,1
56684432,1
56639095,1
56725742,1
56679077,1
56708553,1
56567020,1
56733271,1
56575167,1
56708554,1
56690428,1
56614064,1
56665167,1
56730701,1
56692450,1
56692451,1
56702093,1
56629291,1
56707156,1
56674137,1
56680323,1
56707426,1
56733596,1
56730918,1
56726538,1
56733640,1
56560036,1
56606027,1
56561095,1
56722811,1
56697980,1
56731072,1
56732672,1
56625972,1
56719233,1
56638041,1
56675651,1
56733235,1
56652137,1
56581133,1
56550911,1
56701889,1
56727991,1
56590883,1
56711600,1
56611200,1
56681273,1
56598257,1
56719802,1
56724162,1
56732231,1
56656602,1
56610358,1
56425335,1
56610389,1
56735478,1
56698464,1
56711015,1
56631734,1
56676577,1
56645498,1
56731558,1
56728803,1
56731559,1
56527882,1
56676055,1
56720910,1
56726537,1
56731827,1
56679758,1
56737349,1
56629720,1
56620109,1
56649960,1
56701975,1
56688757,1
56666320,1
56631360,1
56650686,1
56675656,1
56557403,1
56706663,1
56711285,1
56569345,1
56722234,1
56730528,1
56652138,1
56737048,1
56646422,1
56737348,1
56658152,1
56675666,1
56730702,1
56695074,1
56534057,1
56690726,1
56647395,1
56657824,1
56733656,1
56634970,1
56666307,1
56620319,1
56681742,1
56648617,1
56533888,1
56596771,1
56610513,1
56703999,1
56686728,1
56652206,1
56723307,1
56733390,1
56656598,1
56606097,1
56670550,1
56674441,1
56726812,1
56727059,1
56660897,1
56727058,1
56662562,1
56601474,1
56445786,1
56741482,1
56664820,1
56716776,1
56698828,1
56648394,1
56728847,1
56740032,1
56368699,1
56690521,1
56704172,1
56605926,1
56656569,1
56534272,1
56668835,1
56738391,1
56627176,1
56680993,1
56650685,1
56665814,1
56734281,1
56734302,1
56741551,1
56741610,1
56518969,1
56711415,1
56704333,1
56679759,1
56742033,1
56717457,1
56669332,1
56742139,1
56722812,1
56700879,1
56702964,1
56618849,1
56671040,1
56437248,1
56717576,1
56725076,1
56720677,1
56738921,1
56711405,1
56695943,1
56645750,1
56664264,1
56736624,1
56691625,1
56678148,1
56729781,1
56730137,1
56651608,1
56639209,1
56717388,1
56654442,1
56695667,1
56616046,1
56698381,1
56536631,1
56586441,1
56711453,1
56685184,1
56702366,1
56718609,1
56709023,1
56717303,1
56683393,1
56614250,1
56431042,1
56739429,1
56728453,1
56724695,1
56672849,1
56656935,1
56506207,1
56648925,1
56626375,1
56615340,1
56682223,1
56646421,1
56719496,1
56675757,1
56712417,1
56676850,1
56588006,1
56507054,1
56712416,1
56574488,1
56740037,1
56523644,1
56696275,1
56650651,1
56686945,1
56427721,1
56736381,1
56650364,1
56636313,1
56746230,1
56717310,1
56707729,1
56725645,1
56728432,1
56746568,1
56547329,1
56673769,1
56551956,1
56624566,1
56735971,1
56736923,1
56488052,1
56745515,1
56748251,1
56740038,1
56641103,1
56736290,1
56707157,1
56636312,1
56736361,1
56715770,1
56670859,1
56731085,1
56730917,1
56746229,1
56730013,1
56679112,1
56702113,1
56729901,1
56497889,1
56728431,1
56745274,1
56698765,1
56733236,1
56655117,1
56744456,1
56740164,1
56740084,1
56670523,1
56659430,1
56695097,1
56641744,1
56679886,1
56707730,1
56621127,1
56749197,1
56736625,1
56681743,1
56666566,1
56719311,1
56621371,1
56730227,1
56547481,1
56732922,1
56703795,1
56518769,1
56561048,1
56749682,1
56648535,1
56744251,1
56738834,1
56679486,1
56673107,1
56747959,1
56686727,1
56727830,1
56744485,1
56685384,1
56535984,1
56745514,1
56688046,1
56647387,1
56745928,1
56696559,1
56736380,1
56736360,1
56659591,1
56714345,1
56750205,1
56666598,1
56640487,1
56736539,1
56669183,1
56720171,1
56650312,1
56665230,1
56719310,1
56698300,1
56465475,1
56319071,1
56749683,1
56734301,1
56646827,1
56538701,1
56291159,1
56584347,1
56733391,1
56682064,1
56715769,1
56647462,1
56675015,1
56560914,1
56750244,1
56542816,1
56603599,1
56736538,1
56679111,1
56667313,1
56609718,1
56744967,1
56427013,1
56471706,1
56602621,1
56666250,1
56722320,1
56674312,1
56638431,1
56518768,1
56463983,1
56636459,1
56754412,1
56754449,1
56561094,1
56708693,1
56642833,1
56617437,1
56750128,1
56686955,1
56721437,1
56739304,1
56750243,1
56736495,1
56680775,1
56672531,1
56703084,1
56704001,1
56703060,1
56653670,1
56725036,1
56752629,1
56756365,1
56623926,1
56752559,1
56716858,1
56534492,1
56737398,1
56752681,1
56588299,1
56728280,1
56666451,1
56666912,1
56516062,1
56751928,1
56702841,1
56580507,1
56680612,1
56670178,1
56744252,1
56657990,1
56723407,1
56741611,1
56577054,1
56587237,1
56684347,1
56689774,1
56643174,1
56701779,1
56707362,1
56752888,1
56756856,1
56690872,1
56754321,1
56595168,1
56757114,1
56599356,1
56684629,1
56731073,1
56612835,1
56723031,1
56675094,1
56675397,1
56624368,1
56514021,1
56728802,1
56665815,1
56695933,1
56747895,1
56695950,1
56748429,1
56701564,1
56733688,1
56756855,1
56711700,1
56752967,1
56750213,1
56751879,1
56640674,1
56649167,1
56673770,1
56716754,1
56528716,1
56733264,1
56725070,1
56660732,1
56684138,1
56688181,1
56719803,1
56531948,1
56681507,1
56662314,1
56299754,1
56759409,1
56752856,1
56658455,1
56739094,1
56721322,1
56603711,1
56728281,1
56710322,1
56666779,1
56557634,1
56643173,1
56750339,1
56701888,1
56740840,1
56676336,1
56672848,1
56626236,1
56752442,1
56708860,1
56749934,1
56736289,1
56309356,1
56702037,1
56673293,1
56666774,1
56500846,1
56752855,1
56710969,1
56615523,1
56750212,1
56662198,1
56757136,1
56754411,1
56754651,1
56746471,1
56658608,1
56546716,1
56671108,1
56686707,1
56519584,1
56512357,1
56687995,1
56681274,1
56711454,1
56758157,1
56667512,1
56762090,1
56715488,1
56758128,1
56619584,1
56686977,1
56652679,1
56730975,1
56692674,1
56752933,1
56551120,1
56742024,1
56696426,1
56764016,1
56585965,1
56754650,1
56764017,1
56677955,1
56674832,1
56686563,1
56686440,1
56735477,1
56719268,1
56683790,1
56624721,1
56750606,1
56666450,1
56704273,1
56552641,1
56725037,1
56668364,1
56719781,1
56755259,1
56749848,1
56721013,1
56763647,1
56693432,1
56698798,1
56590232,1
56582604,1
56752761,1
56756860,1
56748786,1
56752968,1
56587267,1
56648653,1
56691626,1
56751929,1
56764093,1
56752000,1
56654636,1
56733415,1
56700501,1
56749906,1
56611287,1
56704272,1
56748252,1
56580191,1
56730860,1
56617380,1
56492965,1
56677256,1
56582761,1
56754158,1
56744844,1
56440627,1
56610359,1
56749187,1
56683527,1
56692999,1
56664070,1
56506580,1
56590305,1
56733270,1
56741741,1
56645573,1
56733416,1
56681383,1
56687894,1
56759158,1
56734554,1
56722358,1
56591893,1
56759503,1
56748669,1
56605413,1
56677539,1
56623030,1
56708041,1
56762835,1
56626929,1
56750417,1
56728454,1
56692876,1
56623386,1
56604876,1
56735924,1
56716753,1
56747894,1
56737047,1
56701778,1
56701974,1
56722423,1
56749847,1
56684268,1
56726508,1
56749907,1
56762074,1
56761038,1
56761064,1
56766588,1
56706241,1
56761151,1
56405638,1
56749196,1
56689833,1
56750127,1
56726813,1
56705070,1
56750416,1
56628723,1
56596660,1
56606769,1
56766054,1
56676199,1
56704002,1
56725897,1
56709470,1
56711286,1
56685756,1
56692156,1
56725069,1
56766349,1
56629164,1
56737733,1
56614771,1
56577087,1
56737758,1
56655331,1
56761150,1
56696993,1
56766823,1
56533679,1
56761321,1
56725780,1
56686417,1
56533956,1
56661358,1
56725898,1
56526831,1
56750820,1
56750605,1
56725982,1
56764469,1
56766252,1
56570573,1
56545375,1
56492610,1
56676182,1
56767587,1
56618634,1
56440354,1
56335014,1
56691396,1
56675396,1
56519835,1
56771084,1
56316402,1
56694240,1
56712025,1
56659970,1
56567067,1
56772565,1
56673292,1
56766251,1
56703271,1
56700444,1
56686901,1
56770025,1
56696592,1
56618994,1
56772893,1
56744457,1
56693319,1
56690873,1
56753809,1
56335409,1
56772076,1
56628779,1
56692575,1
56743073,1
56652670,1
56763954,1
56740763,1
56751996,1
56694428,1
56716582,1
56571067,1
56297148,1
56670864,1
56772564,1
56712512,1
56763394,1
56700503,1
56766350,1
56756192,1
56648369,1
56770335,1
56663714,1
56764649,1
56731084,1
56766587,1
56739305,1
56752813,1
56765308,1
56768258,1
56652805,1
56707618,1
56700882,1
56754821,1
56647875,1
56724701,1
56461709,1
56552485,1
56562024,1
56651261,1
56604512,1
56633313,1
56737732,1
56704616,1
56762470,1
56613884,1
56709211,1
56763860,1
56758351,1
56771002,1
56688710,1
56776571,1
56702774,1
56729902,1
56772377,1
56696992,1
56683406,1
56755005,1
56775162,1
56728587,1
56683763,1
56680994,1
56777124,1
56646429,1
56725981,1
56697981,1
56624023,1
56772892,1
56759851,1
56507311,1
56733655,1
56730861,1
56639275,1
56727128,1
56698387,1
56757135,1
56741958,1
56730368,1
56775161,1
56717389,1
56725796,1
56626214,1
56728652,1
56735970,1
56698797,1
56750613,1
56761579,1
56775435,1
56657936,1
56774661,1
56760955,1
56657969,1
56765168,1
56710124,1
56529957,1
56665073,1
56591071,1
56763859,1
56713724,1
56776570,1
56744966,1
56771083,1
56704000,1
56727609,1
56772425,1
56449953,1
56759157,1
56742640,1
56652079,1
56681363,1
56708900,1
56726704,1
56717374,1
56774662,1
56751101,1
56769272,1
56638318,1
56718342,1
56666778,1
56776295,1
56703798,1
56729782,1
56719269,1
56775025,1
56766805,1
56765606,1
56725847,1
56675520,1
56701358,1
56726203,1
56771755,1
56775639,1
56759535,1
56764812,1
56773131,1
56721014,1
56684096,1
56702367,1
56737654,1
56614870,1
56780185,1
56761065,1
56694246,1
56693317,1
56665168,1
56679101,1
56529420,1
56548483,1
56621355,1
56588614,1
56774429,1
56756364,1
56686833,1
56623925,1
56671996,1
56753754,1
56770026,1
56715390,1
56775638,1
56714346,1
56703506,1
56770748,1
56732136,1
56767586,1
56703298,1
56777595,1
56714362,1
56685757,1
56777689,1
56781873,1
56692693,1
56644515,1
56711959,1
56609042,1
56652511,1
56753144,1
56617765,1
56330165,1
56780535,1
56725848,1
56702608,1
56401014,1
56625831,1
56713723,1
56566844,1
56558685,1
56588940,1
56660218,1
56737101,1
56775518,1
56738833,1
56775519,1
56645558,1
56767585,1
56715895,1
56784555,1
56683407,1
56678137,1
56684346,1
56761334,1
56757233,1
56779312,1
56781978,1
56735284,1
56544259,1
56676335,1
56582943,1
56657550,1
56756193,1
56774428,1
56758928,1
56771754,1
56580732,1
56614336,1
56731794,1
56738973,1
56770209,1
56730602,1
56737399,1
56782873,1
56605923,1
56751200,1
56768023,1
56777581,1
56784458,1
56784556,1
56641738,1
56742023,1
56780341,1
56311848,1
56760462,1
56772203,1
56633314,1
56768399,1
56617797,1
56747601,1
56699646,1
56579474,1
56774190,1
56654441,1
56739468,1
56325875,1
56735925,1
56728653,1
56780934,1
56760659,1
56733257,1
56695932,1
56720539,1
56785547,1
56733747,1
56656849,1
56781174,1
56778315,1
56722422,1
56769273,1
56692499,1
56685180,1
56729456,1
56638432,1
56777580,1
56780369,1
56772204,1
56687470,1
56784536,1
56765605,1
56763953,1
56773893,1
56777690,1
56698160,1
56678387,1
56525739,1
56390805,1
56775300,1
56695096,1
56712692,1
56781012,1
56445733,1
56546987,1
56717935,1
56783993,1
56782874,1
56767588,1
56772024,1
56350312,1
56780370,1
56781598,1
56750204,1
56776296,1
56765463,1
56739469,1
56737759,1
56773755,1
56710210,1
56548732,1
56727435,1
56694241,1
56711195,1
56785268,1
56730503,1
56355292,1
56726277,1
56665698,1
56760660,1
56785546,1
56736276,1
56784110,1
56751051,1
56732001,1
56788514,1
56655774,1
56788529,1
56784109,1
56484142,1
56780289,1
56732551,1
56765106,1
56777620,1
56782024,1
56730976,1
56689939,1
56664292,1
56625375,1
56711861,1
56788791,1
56524365,1
56736497,1
56774214,1
56787873,1
56601504,1
56753363,1
56611168,1
56744244,1
56769900,1
56785386,1
56780870,1
56783539,1
56785387,1
56585621,1
56767150,1
56745549,1
56699446,1
56708731,1
56767577,1
56789502,1
56782875,1
56623948,1
56712691,1
56612938,1
56773360,1
56699559,1
56788528,1
56626903,1
56784757,1
56747460,1
56460792,1
56730067,1
56786008,1
56309420,1
56681031,1
56785218,1
56777921,1
56728344,1
56791718,1
56753362,1
56474853,1
56783540,1
56739683,1
56766258,1
56635801,1
56730744,1
56789554,1
56791195,1
56704257,1
56766289,1
56788470,1
56604797,1
56745668,1
56722792,1
56665111,1
56791308,1
56781872,1
56781781,1
56674833,1
56787192,1
56695469,1
56758449,1
56765083,1
56643475,1
56647569,1
56788746,1
56782146,1
56698238,1
56730138,1
56752491,1
56642934,1
56767149,1
56752593,1
56790976,1
56742576,1
56788283,1
56648395,1
56744486,1
56782943,1
56715801,1
56787271,1
56661359,1
56725329,1
56791488,1
56616093,1
56776459,1
56622797,1
56711958,1
56757438,1
56686189,1
56636629,1
56746389,1
56791719,1
56793652,1
56786333,1
56689750,1
56793653,1
56794661,1
56790937,1
56780871,1
56795369,1
56795433,1
56687893,1
56670708,1
56746470,1
56419728,1
56692461,1
56776794,1
56701083,1
56777787,1
56680120,1
56694420,1
56633822,1
56683519,1
56609723,1
56745016,1
56699560,1
56789085,1
56745275,1
56779957,1
56789362,1
56794961,1
56634708,1
56730743,1
56789565,1
56604867,1
56648534,1
56736302,1
56698764,1
56773132,1
56776107,1
56792660,1
56772053,1
56790045,1
56795421,1
56785823,1
56588871,1
56794188,1
56791394,1
56795473,1
56796943,1
56753214,1
56793121,1
56786114,1
56479392,1
56797107,1
56621492,1
56713818,1
56589053,1
56357245,1
56667511,1
56763646,1
56726204,1
56700502,1
56791993,1
56602683,1
56657549,1
56793895,1
56790046,1
56701807,1
56637899,1
56788601,1
56742138,1
56770856,1
56772105,1
56794187,1
56752008,1
56782145,1
56779707,1
56775149,1
56721942,1
56635314,1
56771417,1
56686160,1
56786296,1
56791889,1
56767458,1
56656755,1
56768908,1
56782900,1
56715154,1
56797825,1
56752762,1
56791293,1
56631111,1
56726278,1
56692574,1
56497991,1
56799553,1
56781780,1
56749186,1
56332250,1
56787529,1
56606525,1
56759987,1
56604798,1
56540328,1
56781979,1
56606314,1
56796184,1
56736032,1
56376292,1
56646601,1
56791890,1
56648368,1
56696274,1
56733263,1
56750614,1
56793896,1
56700861,1
56791194,1
56788513,1
56765105,1
56737403,1
56759450,1
56780342,1
56788597,1
56799601,1
56717146,1
56736277,1
56451919,1
56724464,1
56798281,1
56713230,1
56736636,1
56710970,1
56773756,1
56762875,1
56680786,1
56557765,1
56739682,1
56600286,1
56740163,1
56733429,1
56791284,1
56802244,1
56784535,1
56652669,1
56692433,1
56798630,1
56794325,1
56798629,1
56749405,1
56763253,1
56799891,1
56677255,1
56705543,1
56708245,1
56789086,1
56740083,1
56785545,1
56799316,1
56782901,1
56764811,1
56781354,1
56729327,1
56803507,1
56738006,1
56798125,1
56731986,1
56802303,1
56714306,1
56449952,1
56780422,1
56311095,1
56752009,1
56708042,1
56733926,1
56801182,1
56511640,1
56760225,1
56794324,1
56711862,1
56799892,1
56731180,1
56579211,1
56746801,1
56612410,1
56702965,1
56720344,1
56735732,1
56766310,1
56797824,1
56707692,1
56797830,1
56370206,1
56708901,1
56715410,1
56624022,1
56789564,1
56743072,1
56645771,1
56791304,1
56726507,1
56788469,1
56699093,1
56684137,1
56661483,1
56719092,1
56804022,1
56769622,1
56467176,1
56601503,1
56563013,1
56797319,1
56734258,1
56791994,1
56730601,1
56799327,1
56738972,1
56802218,1
56804947,1
56683598,1
56739010,1
56692238,1
56680209,1
56761039,1
56802304,1
56668128,1
56778999,1
56778764,1
56799600,1
56730068,1
56794072,1
56799734,1
56681915,1
56726610,1
56777709,1
56786115,1
56720343,1
56788767,1
56796954,1
56787502,1
56753248,1
56746949,1
56793412,1
56797298,1
56793411,1
56607235,1
56740140,1
56516746,1
56579874,1
56783637,1
56670261,1
56753810,1
56788133,1
56786668,1
56599357,1
56764650,1
56781226,1
56802183,1
56806010,1
56715777,1
56786690,1
56806194,1
56662197,1
56798025,1
56597559,1
56736498,1
56729461,1
56650215,1
56698463,1
56761320,1
56750338,1
56658454,1
56799758,1
56723032,1
56774971,1
56683597,1
56746271,1
56645208,1
56802969,1
56751052,1
56692239,1
56761578,1
56778249,1
56793888,1
56365533,1
56756834,1
56806431,1
56664141,1
56805042,1
56772025,1
56727990,1
56787503,1
56700881,1
56727521,1
56768893,1
56612243,1
56727763,1
56788156,1
56707363,1
56684264,1
56673458,1
56733430,1
56736303,1
56781225,1
56775997,1
56789555,1
56667612,1
56738990,1
56762091,1
56759726,1
56655118,1
56654184,1
56739093,1
56573238,1
56355949,1
56762530,1
56686963,1
56382342,1
56779313,1
56784813,1
56808036,1
56725795,1
56701084,1
56721386,1
56648066,1
56793507,1
56744205,1
56720678,1
56731795,1
56766451,1
56802217,1
56793887,1
56751410,1
56807736,1
56799558,1
56800868,1
56649805,1
56491440,1
56758098,1
56465598,1
56788745,1
56765839,1
56700696,1
56801297,1
56752812,1
56805241,1
56807949,1
56713553,1
56809590,1
56766822,1
56730014,1
56744845,1
56801426,1
56733855,1
56762834,1
56700223,1
56719232,1
56654590,1
56741483,1
56736031,1
56752481,1
56808519,1
56791881,1
56727968,1
56750819,1
56742734,1
56764774,1
56804741,1
56799326,1
56807737,1
56792663,1
56807730,1
56803506,1
56686930,1
56778882,1
56796842,1
56792664,1
56720064,1
56810724,1
56698213,1
56648867,1
56646216,1
56481515,1
56738591,1
56809802,1
56746802,1
56340721,1
56425830,1
56788916,1
56752001,1
56684633,1
56779586,1
56765949,1
56808321,1
56797318,1
56812972,1
56800213,1
56797416,1
56800657,1
56766352,1
56799241,1
56736163,1
56629195,1
56808896,1
56771750,1
56791072,1
56806195,1
56762280,1
56811847,1
56725437,1
56781353,1
56589859,1
56752934,1
56807816,1
56741957,1
56746388,1
56639274,1
56777786,1
56809553,1
56787528,1
56721686,1
56805259,1
56792797,1
56708059,1
56809554,1
56741115,1
56769702,1
56793508,1
56787874,1
56670865,1
56780600,1
56667619,1
56786295,1
56512543,1
56475778,1
56789503,1
56807662,1
56720909,1
56811838,1
56813173,1
56759449,1
56810585,1
56721438,1
56620318,1
56614869,1
56806630,1
56802443,1
56805330,1
56761335,1
56542499,1
56815659,1
56774448,1
56652426,1
56815821,1
56747942,1
56811380,1
56769899,1
56771828,1
56800381,1
56815962,1
56813174,1
56634612,1
56719835,1
56811828,1
56810595,1
56806631,1
56805260,1
56751972,1
56772380,1
56794660,1
56810343,1
56574487,1
56746964,1
56612926,1
56603689,1
56737402,1
56799407,1
56810596,1
56786015,1
56728368,1
56753909,1
56765522,1
56792958,1
56733597,1
56817796,1
56746941,1
56805509,1
56739647,1
56714945,1
56758086,1
56814230,1
56815820,1
56778314,1
56747960,1
56815794,1
56804917,1
56811713,1
56775530,1
56699645,1
56792798,1
56811896,1
56817499,1
56657872,1
56762874,1
56681663,1
56731181,1
56680322,1
56772506,1
56775024,1
56650759,1
56794543,1
56812895,1
56683789,1
56642935,1
56785416,1
56757942,1
56753531,1
56793744,1
56762471,1
56804916,1
56815795,1
56796411,1
56754322,1
56817283,1
56808966,1
56814639,1
56791321,1
56807817,1
56795199,1
56752806,1
56788596,1
56752940,1
56770749,1
56816268,1
56816287,1
56809589,1
56802567,1
56813569,1
56800021,1
56345141,1
56793635,1
56752592,1
56799240,1
56810308,1
56786334,1
56697717,1
56356845,1
56812971,1
56810320,1
56684608,1
56717304,1
56813570,1
56808166,1
56765974,1
56804476,1
56580475,1
56730502,1
56614159,1
56796525,1
56749935,1
56619109,1
56786567,1
56739993,1
56802184,1
56603144,1
56769165,1
56810298,1
56811650,1
56778765,1
56735126,1
56681434,1
56816067,1
56639776,1
56801183,1
56816393,1
56816269,1
56780601,1
56723142,1
56746948,1
56711406,1
56758927,1
56808845,1
56804880,1
56798122,1
56807535,1
56813472,1
56813488,1
56813473,1
56676578,1
56642804,1
56722319,1
56800212,1
56775505,1
56813003,1
56796524,1
56740207,1
56771751,1
56814229,1
56810342,1
56689773,1
56809669,1
56813388,1
56702503,1
56785822,1
56671024,1
56809578,1
56805329,1
56401493,1
56766766,1
56808042,1
56735127,1
56805383,1
56593113,1
56791446,1
56787662,1
56816478,1
56791882,1
56814026,1
56766351,1
56800380,1
56777415,1
56755502,1
56815828,1
56739067,1
56810586,1
56771031,1
56720071,1
56751409,1
56816056,1
56765205,1
56796185,1
56813586,1
56818007,1
56675095,1
56599313,1
56728316,1
56804113,1
56675014,1
56815581,1
56780723,1
56469146,1
56632608,1
56713811,1
56767348,1
56794707,1
56693433,1
56783722,1
56704246,1
56795182,1
56730573,1
56809239,1
56787191,1
56762531,1
56763798,1
56765167,1
56791376,1
56736457,1
56740841,1
56805351,1
56738099,1
56777798,1
56790676,1
56797088,1
56755006,1
56801995,1
56794823,1
56794565,1
56771829,1
56811570,1
56610944,1
56689751,1
56742641,1
56658161,1
56807536,1
56804879,1
56501445,1
56763851,1
56782944,1
56638964,1
56780620,1
56816215,1
56802568,1
56541776,1
56783368,1
56727652,1
56805382,1
56764214,1
56647388,1
56747754,1
56791073,1
56764470,1
56737006,1
56718201,1
56632840,1
56704598,1
56795370,1
56784758,1
56813489,1
56798667,1
56790407,1
56809838,1
56802682,1
56780534,1
56815301,1
56777799,1
56747463,1
56749404,1
56774191,1
56815805,1
56782876,1
56730719,1
56774691,1
56763665,1
56778335,1
56742926,1
56762075,1
56773359,1
56816302,1
56756859,1
56623029,1
56794201,1
56692692,1
56737923,1
56727434,1
56785960,1
56683764,1
56761731,1
56770046,1
56619001,1
56815894,1
56645830,1
56742925,1
56802053,1
56802365,1
56731187,1
56426446,1
56698214,1
56763666,1
56429687,1
56401501,1
56769647,1
56752272,1
56733031,1
56566681,1
56712099,1
56800025,1
56658933,1
56686931,1
56796412,1
56781047,1
56801904,1
56704247,1
56775504,1
56811519,1
56616408,1
56783994,1
56742690,1
56725364,1
56721615,1
56796071,1
56807950,1
56761550,1
56796122,1
56751997,1
56799955,1
56691623,1
56725845,1
56653669,1
56394146,1
56741284,1
56728846,1
56760664,1
56788271,1
56744245,1
56734467,1
56781011,1
56804742,1
56725589,1
56650153,1
56772106,1
56784756,1
56754083,1
56745006,1
56787224,1
56740762,1
56707942,1
56788792,1
56727520,1
56772379,1
56812894,1
56714855,1
56804699,1
56808400,1
56801994,1
56744204,1
56808771,1
56682222,1
56792558,1
56754082,1
56793945,1
56790032,1
56732292,1
56798280,1
56569264,1
56802442,1
56791675,1
56585889,1
56815658,1
56786789,1
56777125,1
56695942,1
56815796,1
56815984,1
56815983,1
56795200,1
56606474,1
56806430,1
56621128,1
56533887,1
56714593,1
56792957,1
56808037,1
56804023,1
56703799,1
56746569,1
56807836,1
56816303,1
56608926,1
56741277,1
56753143,1
56768526,1
56810319,1
56792250,1
56663053,1
56775301,1
56774671,1
56706499,1
56806296,1
56794089,1
56778883,1
56799735,1
56791625,1
56665074,1
56754788,1
56720170,1
56797299,1
56440695,1
56588542,1
56741276,1
56667620,1
56774672,1
56795181,1
56769164,1
56816057,1
56765084,1
56781599,1
56781173,1
56676244,1
56755482,1
56814678,1
56635313,1
56795704,1
56770989,1
56595167,1
56796032,1
56748937,1
56611389,1
56737655,1
56788006,1
56697192,1
56750350,1
56687596,1
56716777,1
56752680,1
56782740,1
56805883,1
56811627,1
56772075,1
56806148,1
56740788,1
56548731,1
56809448,1
56791445,1
56751119,1
56814658,1
56812219,1
56694093,1
56816224,1
56715773,1
56774848,1
56713554,1
56518843,1
56703453,1
56740932,1
56767056,1
56560598,1
56787223,1
56778334,1
56807663,1
56815893,1
56766421,1
56782890,1
56751118,1
56794010,1
56814677,1
56759725,1
56531160,1
56764773,1
56814025,1
56779958,1
56782741,1
56662563,1
56816068,1
56798234,1
56800413,1
56805043,1
56797978,1
56618561,1
56707665,1
56686026,1
56808015,1
56813484,1
56724463,1
56816477,1
56688992,1
56568104,1
56757941,1
56736053,1
56668735,1
56766450,1
56811237,1
56716810,1
56739899,1
56773065,1
56784575,1
56715800,1
56543639,1
56783369,1
56724161,1
56791375,1
56754426,1
56779148,1
56746570,1
56813677,1
56815555,1
56693000,1
56783831,1
56646026,1
56795432,1
56788282,1
56802482,1
56772507,1
56807072,1
56728356,1
56778009,1
56758958,1
56769072,1
56787118,1
56792255,1
56651262,1
56792557,1
56695075,1
56799554,1
56423984,1
56807970,1
56763254,1
56551749,1
56753215,1
56733030,1
56767347,1
56794144,1
56794034,1
56763797,1
56662623,1
56599971,1
56750310,1
56817498,1
56797232,1
56561269,1
56700000,1
56778008,1
56785130,1
56670944,1
56728588,1
56682140,1
56786990,1
56775531,1
56689482,1
56813002,1
56717150,1
56815804,1
56714074,1
56794143,1
56762387,1
56758467,1
56799624,1
56776272,1
56707666,1
56769266,1
56763905,1
56771416,1
56767055,1
56768525,1
56808304,1
56399380,1
56676429,1
56420740,1
56766335,1
56767457,1
56761730,1
56806501,1
56628023,1
56470617,1
56796953,1
56795705,1
56790675,1
56797084,1
56725436,1
56670177,1
56804632,1
56789363,1
56815961,1
56755501,1
56708246,1
56813403,1
56816157,1
56785867,1
56775150,1
56747663,1
56610328,1
56689262,1
56793634,1
56788404,1
56758158,1
56777416,1
56760956,1
56771968,1
56759536,1
56805884,1
56800731,1
56692355,1
56808520,1
56725328,1
56796942,1
56736635,1
56808111,1
56748430,1
56808110,1
56797231,1
56815437,1
56748052,1
56797979,1
56720065,1
56808790,1
56797889,1
56792256,1
56799633,1
56739646,1
56654637,1
56790474,1
56788980,1
56393986,1
56809951,1
56788979,1
56624045,1
56558368,1
56800026,1
56629243,1
56475967,1
56788272,1
56716803,1
56767578,1
56727803,1
56758450,1
56815067,1
56813338,1
56736425,1
56757697,1
56815580,1
56706500,1
56785267,1
56462711,1
56740139,1
56700500,1
56781048,1
56784157,1
56722793,1
56750349,1
56810725,1
56815507,1
56781797,1
56812449,1
56753277,1
56720540,1
56806149,1
56783104,1
56780288,1
56791309,1
56745032,1
56805344,1
56805508,1
56797083,1
56629930,1
56652763,1
56758680,1
56802978,1
56802054,1
56610761,1
56770045,1
56733641,1
56800943,1
56692276,1
56790386,1
56812220,1
56654589,1
56777989,1
56725741,1
56769701,1
56811895,1
56766288,1
56791487,1
56730988,1
56785129,1
56815088,1
56815281,1
56816461,1
56764092,1
56625971,1
56797791,1
56778998,1
56806461,1
56643474,1
56421785,1
56784327,1
56763252,1
56633985,1
56797012,1
56688285,1
56807245,1
56734282,1
56810307,1
56804631,1
56777123,1
56774500,1
56715894,1
56800656,1
56811594,1
56763852,1
56816103,1
56751973,1
56655003,1
56698150,1
56779149,1
56783105,1
56592282,1
56772205,1
56747600,1
56808303,1
56811018,1
56802769,1
56815508,1
56725368,1
56689263,1
56530245,1
56811075,1
56792659,1
56774468,1
56774690,1
56805973,1
56814141,1
56715409,1
56670522,1
56511997,1
56816072,1
56785961,1
56759410,1
56777596,1
56429987,1
56802623,1
56793122,1
56765806,1
56815302,1
56752273,1
56782480,1
56808322,1
56588099,1
56708861,1
56792221,1
56707941,1
56763031,1
56813245,1
56793093,1
56807893,1
56735593,1
56815282,1
56791676,1
56719836,1
56807727,1
56755481,1
56772424,1
56784623,1
56685446,1
56788005,1
56702479,1
56605205,1
56769288,1
56610197,1
56788403,1
56800412,1
56664140,1
56766774,1
56779708,1
56812450,1
56676425,1
56679183,1
56760665,1
56813244,1
56810312,1
56818008,1
56802768,1
56813663,1
56816567,1
56793633,1
56778351,1
56778350,1
56809240,1
56413125,1
56817653,1
56804112,1
56745017,1
56794241,1
56813761,1
56738392,1
56793522,1
56660731,1
56766259,1
56766420,1
56795788,1
56795472,1
56770296,1
56807731,1
56765838,1
56725635,1
56793094,1
56765975,1
56804237,1
56785089,1
56739428,1
56790137,1
56805038,1
56739427,1
56709212,1
56646025,1
56807726,1
56685813,1
56807892,1
56616087,1
56725588,1
56623350,1
56725781,1
56730909,1
56811829,1
56817157,1
56773066,1
56806090,1
56810299,1
56798024,1
56743294,1
56784759,1
56793944,1
56800839,1
56773054,1
56813651,1
56777988,1
56777922,1
56771032,1
56794824,1
56807749,1
56779925,1
56791240,1
56817158,1
56760800,1
56781543,1
56816110,1
56813404,1
56754822,1
56794035,1
56807845,1
56797013,1
56734931,1
56804236,1
56725369,1
56681506,1
56761671,1
56814984,1
56649168,1
56648644,1
56736390,1
56811848,1
56807971,1
56747664,1
56813662,1
56727072,1
56790558,1
56783363,1
56779926,1
56806460,1
56472762,1
56775824,1
56707691,1
56785947,1
56800730,1
56816288,1
56798123,1
56615155,1
56800020,1
56452087,1
56789106,1
56816392,1
56799632,1
56797087,1
56775302,1
56726005,1
56791303,1
56806089,1
56771967,1
56779848,1
56801905,1
56586427,1
56744181,1
56719328,1
56729730,1
56739606,1
56665659,1
56739992,1
56762109,1
56814967,1
56815876,1
56784576,1
56802681,1
56745060,1
56802192,1
56806500,1
56673457,1
56728343,1
56770297,1
56665191,1
56816133,1
56805086,1
56698151,1
56730228,1
56765807,1
56631556,1
56742577,1
56806297,1
56809837,1
56805365,1
56738592,1
56758741,1
56814142,1
56759898,1
56767622,1
56780423,1
56816460,1
56783318,1
56702502,1
56667346,1
56789275,1
56605233,1
56745005,1
56494835,1
56674393,1
56703297,1
56772054,1
56805345,1
56780619,1
56739898,1
56799287,1
56807835,1
56811595,1
56668200,1
56432536,1
56632609,1
56739011,1
56761670,1
56814657,1
56738100,1
56684325,1
56806109,1
56811712,1
56763030,1
56561297,1
56799623,1
56794242,1
56799559,1
56467512,1
56814968,1
56813520,1
56736424,1
56794706,1
56695951,1
56794073,1
56729326,1
56812792,1
56808010,1
56723141,1
56784812,1
56476121,1
56790408,1
56593112,1
56814983,1
56782479,1
56715155,1
56706242,1
56658609,1
56766804,1
56802979,1
56767621,1
56762108,1
56766773,1
56637084,1
56719479,1
56764213,1
56793743,1
56704173,1
56805366,1
56696593,1
56480433,1
56468132,1
56811236,1
56687593,1
56776106,1
56788132,1
56742764,1
56816132,1
56609334,1
56643428,1
56658114,1
56806390,1
56735285,1
56745031,1
56748087,1
56506321,1
56798602,1
56671995,1
56632733,1
56636628,1
56801989,1
56809577,1
56577776,1
56811571,1
56552392,1
56693318,1
56811017,1
56808965,1
56738991,1
56570355,1
56794766,1
56712277,1
56540604,1
56717297,1
56790473,1
56813676,1
56716581,1
56760456,1
56748088,1
56692432,1
56779847,1
56659173,1
56711194,1
56799954,1
56788915,1
56815438,1
56816216,1
56813587,1
56817652,1
56717298,1
56787075,1
56798124,1
56747753,1
56805493,1
56788334,1
56604939,1
56813337,1
56738896,1
56757113,1
56754425,1
56684609,1
56686956,1
56771119,1
56765759,1
56769617,1
56767846,1
56816109,1
56812647,1
56734257,1
56782891,1
56783830,1
56816156,1
56767845,1
56730361,1
56731826,1
56664803,1
56617885,1
56506020,1
56794391,1
56770334,1
56761549,1
56814640,1
56808399,1
56782295,1
56740789,1
56533955,1
56504182,1
56790938,1
56809447,1
56785092,1
56815529,1
56742763,1
56726631,1
56717577,1
56727608,1
56799288,1
56764314,1
56806391,1
56547440,1
56753247,1
56793521,1
56724696,1
56700443,1
56685445,1
56745061,1
56785580,1
56567405,1
56492250,1
56796843,1
56758087,1
56769327,1
56748051,1
56714073,1
56760224,1
56786669,1
56623947,1
56769739,1
56766055,1
56811626,1
56760457,1
56794542,1
56786186,1
56700878,1
56735416,1
56791294,1
56765948,1
56742733,1
56794962,1
56789105,1
56790557,1
56797106,1
56785088,1
56798279,1
56516747,1
56745548,1
56745669,1
56533871,1
56638040,1
56769071,1
56520488,1
56768418,1
56768398,1
56816730,1
56698157,1
56625475,1
56780724,1
56608369,1
56734488,1
56588793,1
56544736,1
56816568,1
56804700,1
56634719,1
56813762,1
56687595,1
56603688,1
56799263,1
56763255,1
56734553,1
56737922,1
56785217,1
56735733,1
56781796,1
56648556,1
56563014,1
56555238,1
56782296,1
56601351,1
56569420,1
56784326,1
56807246,1
56618299,1
56811651,1
56815552,1
56658115,1
56783723,1
56795821,1
56579858,1
56805242,1
56727969,1
56728317,1
56589507,1
56710796,1
56752560,1
56798668,1
56593748,1
56716122,1
56682141,1
56608925,1
56671039,1
56753440,1
56603061,1
56777906,1
56613885,1
56601916,1
56620240,1
56812793,1
56631569,1
56769289,1
56742931,1
56659431,1
56657508,1
56664071,1
56720358,1
56796123,1
56666251,1
56698301,1
56794009,1
56733854,1
56800838,1
56747515,1
56758099,1
56730720,1
56759504,1
56758957,1
56783928,1
56768259,1
56798817,1
56801190,1
56804948,1
56813650,1
