"id","Cluster"
42970636,1
42970718,1
42971546,1
42971516,1
42973370,1
42970762,1
42973607,1
42970977,1
42970976,1
42970997,1
42973122,1
42972172,1
42973606,1
42970903,1
42971545,1
42976083,2
42974659,2
42971763,1
42974647,2
42970879,1
42972843,1
42975882,2
42973168,1
42976125,2
42970913,1
42970880,1
42975329,2
42975265,2
42974316,2
42974148,2
42974322,2
42977240,2
42977194,2
42974367,2
42977256,2
42973357,1
42970902,1
42978311,2
42973121,1
42970467,1
42973242,1
42977241,2
42978928,2
42974673,2
42976259,2
42973524,1
42973525,1
42975449,2
42975640,2
42974150,2
42977386,2
42981731,2
42970719,1
42972279,1
42980897,2
42982862,2
42978930,2
42976223,2
42976258,2
42970540,1
42970975,1
42972801,1
42976791,2
42975881,2
42984284,2
42981519,2
42981556,2
42979977,2
42977195,2
42981633,2
42971762,1
42973356,1
42982863,2
42974648,2
42972802,1
42982216,2
42978554,2
42982377,2
42974149,2
42971555,1
42976106,2
42981665,2
42982836,2
42979001,2
42978176,2
42979366,2
42976790,2
42981500,2
42978762,2
42974321,2
42981653,2
42981654,2
42982834,2
42987321,3
42976224,2
42983096,2
42985996,3
42983061,2
42984590,2
42983163,2
42970909,1
42984989,2
42986771,3
42986837,3
42978555,2
42988275,4
42977280,2
42970468,1
42985573,3
42982939,2
42987320,3
42970597,1
42988857,4
42978054,2
42984835,2
42979235,2
42986423,3
42979378,2
42986770,3
42971099,1
42989534,4
42981347,2
42979574,2
42986979,3
42982378,2
42984322,2
42979755,2
42979782,2
42988276,4
42971397,1
42988307,4
42985813,3
42984638,2
42980282,2
42984591,2
42974660,2
42988713,4
42986062,3
42970914,1
42989458,4
42978398,2
42979505,2
42989550,4
42976792,2
42986836,3
42981339,2
42981501,2
42988274,4
42971557,1
42981666,2
42982835,2
42984575,2
42970678,1
42990316,4
42992086,4
42989676,4
42986835,3
42981340,2
42987924,4
42981544,2
42990938,4
42980052,2
42991166,4
42985995,3
42990315,4
42975330,2
42983737,2
42992019,4
42992255,4
42989677,4
42976817,2
42987925,4
42992605,4
42992603,4
42974366,2
42990949,4
42990971,4
42975999,2
42985438,3
42976105,2
42982938,2
42970611,1
42984637,2
42977665,2
42991955,4
42980896,2
42984834,2
42989290,4
42976496,2
42978312,2
42992309,4
42971100,1
42992427,4
42995340,4
42992604,4
42978761,2
42981632,2
42987139,3
42988144,4
42988227,4
42993866,4
42985589,3
42973355,1
42977143,2
42974636,2
42980168,2
42985812,3
42983161,2
42990412,4
42984959,2
42989549,4
42971061,1
42986635,3
42992390,4
42985060,2
42984071,2
42973046,1
42989781,4
42973180,1
42974219,2
42995510,4
42987214,3
42979978,2
42974307,2
42978929,2
42985693,3
42995589,4
42996855,4
42996854,4
42991471,4
42991472,4
42984594,2
42993070,4
42976508,2
42990471,4
42992308,4
42995107,4
42993421,4
42992468,4
42992467,4
42988102,4
42990082,4
42980034,2
42973243,1
42981747,2
42996853,4
42987374,3
42995889,4
42994793,4
42996164,4
42993422,4
42999054,4
42992733,4
42990035,4
42996733,4
42995551,4
42992872,4
42976126,2
42981746,2
42970625,1
42997191,4
42970758,1
42998563,4
42993069,4
42998761,4
42998874,4
42984948,2
42983856,2
42997890,4
42995294,4
42995337,4
42988194,4
42990940,4
42978904,2
42996913,4
42974674,2
42998505,4
42990397,4
42970910,1
42979173,2
42979377,2
42972593,1
42997796,4
42998875,4
42998986,4
42992469,4
42976000,2
42998225,4
42995414,4
43001074,5
42995502,4
43001115,5
42984593,2
42998627,4
42998797,4
42972742,1
43001674,5
43000808,5
43003578,5
42993417,4
43000809,5
42998124,4
43003595,5
42993574,4
42993572,4
42996296,4
42993573,4
42984321,2
43001174,5
43001116,5
42989987,4
42974368,2
42981678,2
42995668,4
42973548,1
42998565,4
42986063,3
43003066,5
42990472,4
42998760,4
42978177,2
43000745,5
42982226,2
42993418,4
43003656,5
42995440,4
42981542,2
42990947,4
42981555,2
42977157,2
42998305,4
42999536,4
43005079,5
42988714,4
43001252,5
43002716,5
42986061,3
42997501,4
42998787,4
42992018,4
42976507,2
43001673,5
43000428,5
43003251,5
42998985,4
42995241,4
43006342,5
43004692,5
42990970,4
43003770,5
43004717,5
43003769,5
42990996,4
43002377,5
42992871,4
42980362,2
43001369,5
42976366,2
42979202,2
42993284,4
42996043,4
42984994,2
42983855,2
42995293,4
42981346,2
42973169,1
42998126,4
42979783,2
42989786,4
42985436,3
42998263,4
42999614,4
42977242,2
43008062,5
43008185,5
43001370,5
42997190,4
42976367,2
43002807,5
42978317,2
43003309,5
42998951,4
42999055,4
43006408,5
42970341,1
43001986,5
43006602,5
42991168,4
42999516,4
42981634,2
42998307,4
42993865,4
42987213,3
42992921,4
42972097,1
43002451,5
42999843,4
43002808,5
42999983,4
42995872,4
42986253,3
43005990,5
43007163,5
42989292,4
42978310,2
42997797,4
43007279,5
42993507,4
42988193,4
43007800,5
43006665,5
42985673,3
42996734,4
42989986,4
43009470,5
42977385,2
42985590,3
43002449,5
43010616,5
43009475,5
43009473,5
43003981,5
42999707,4
43008061,5
42983095,2
42991435,4
42976365,2
43005534,5
42998543,4
42990413,4
42990396,4
43007025,5
43011430,5
42995949,4
43011831,5
43006341,5
43003594,5
42995242,4
42985072,2
42978556,2
42984285,2
43010339,5
42988124,4
43010352,5
42988229,4
42995375,4
43009395,5
43006612,5
43006666,5
42973549,1
42999672,4
42987224,3
42980033,2
43009469,5
42970488,1
43010762,5
43012383,5
43012378,5
43006876,5
42998506,4
43011141,5
42971080,1
43008786,5
43007164,5
42971078,1
43010019,5
43004401,5
43000801,5
43006460,5
43007539,5
42996547,4
42974277,2
42995503,4
43006590,5
42980263,2
42979986,2
42999515,4
42999535,4
42977255,2
42990036,4
42991350,4
42987372,3
42991511,4
42999708,4
42981785,2
42999656,4
42980479,2
42998735,4
43014354,6
43011429,5
43007168,5
43007070,5
43012725,5
42989316,4
43014440,6
42997884,4
42984988,2
42984993,2
42998949,4
42995240,4
43012951,5
42996295,4
43014959,6
43001984,5
42998306,4
42971556,1
42998353,4
43010761,5
42990083,4
42999709,4
43010917,5
42976234,2
42980918,2
42991652,4
43004258,5
43011351,5
42970999,1
43008771,5
43007261,5
42975561,2
43004478,5
42985073,2
42979576,2
43003655,5
43010113,5
42998125,4
43004605,5
43001851,5
42974323,2
43007549,5
42991436,4
42988308,4
43006494,5
43009471,5
43013303,5
42980047,2
42991956,4
43015264,6
43015265,6
42994612,4
42983094,2
42980581,2
43014099,6
42977666,2
42977849,2
43015436,6
43003117,5
43011428,5
42983736,2
42993285,4
42996165,4
43011850,5
42975438,2
43010028,5
43003596,5
43006385,5
43000800,5
43006343,5
42990715,4
43009290,5
42991255,4
42990791,4
43012237,5
42970393,1
43006680,5
43017880,6
43015093,6
43012283,5
43001330,5
43015157,6
43015211,6
43018103,6
43016603,6
42986060,3
42999987,4
42991770,4
42976235,2
43014355,6
43008772,5
43018423,6
42995106,4
42981348,2
43012949,5
43004604,5
43009295,5
42990790,4
43006509,5
43012134,5
43014931,6
42989835,4
42985437,3
43006622,5
43015086,6
42982595,2
43010681,5
42980281,2
43017927,6
43008113,5
43015266,6
43016604,6
43014108,6
43014008,6
43005989,5
42994821,4
42998798,4
42989533,4
43009215,5
43017559,6
43017541,6
43012976,5
43014816,6
42970342,1
42995339,4
42995338,4
42973181,1
43007611,5
43014932,6
42978749,2
42995462,4
42978903,2
43017850,6
42981677,2
42978902,2
43013395,5
43013538,5
42985574,3
42999616,4
42994049,4
42985707,3
43019173,6
42970757,1
42984582,2
42991349,4
43010916,5
43015181,6
42979371,2
43009987,5
42996042,4
42971001,1
43018328,6
43020161,6
42994794,4
43010029,5
42983746,2
43014815,6
43012975,5
43013370,5
43020462,6
43012274,5
43005131,5
43010615,5
43005078,5
43012325,5
43006678,5
43015242,6
42996928,4
42970679,1
43019470,6
42998529,4
43011352,5
42999984,4
43022752,6
43019968,6
43005967,5
43012724,5
43015636,6
42998950,4
43011851,5
43006409,5
42986980,3
42989787,4
43020459,6
43021569,6
43018680,6
42990939,4
42996548,4
43018861,6
42981652,2
43021698,6
42981543,2
43013396,5
43002376,5
42971398,1
43006861,5
43018104,6
42992912,4
43019435,6
43002847,5
43007026,5
42994611,4
43022751,6
43012684,5
43023986,6
43023088,6
43018500,6
42993506,4
42997891,4
42971482,1
43021437,6
43024371,6
43012070,5
43013304,5
42979886,2
42970893,1
42970626,1
43015158,6
43022090,6
43019460,6
42978896,2
42979172,2
42979236,2
42977872,2
43014441,6
42986729,3
43018558,6
43017558,6
43017632,6
42976816,2
42970313,1
43021388,6
42995463,4
43018863,6
43024549,6
42976082,2
42978813,2
43016093,6
43024588,6
43012384,5
43015092,6
43023611,6
43026370,6
42992911,4
42984583,2
42999671,4
42983047,2
43015243,6
43017009,6
43011349,5
42972498,1
43017010,6
43026752,6
43015543,6
43023253,6
43004480,5
43025875,6
43014810,6
43023154,6
43011940,5
43023252,6
43009214,5
43023261,6
43021390,6
43021570,6
42989844,4
43026143,6
43018679,6
43007538,5
43024372,6
42974220,2
42985572,3
43013245,5
43027368,6
43021697,6
43023482,6
43016256,6
42990084,4
42976104,2
43012251,5
43022091,6
42998531,4
43002563,5
43024925,6
43009711,5
43025302,6
42975264,2
42971000,1
43015544,6
43014587,6
43020159,6
43007262,5
43007263,5
42986978,3
43018557,6
43004542,5
43006276,5
42985062,2
43021355,6
42975639,2
43025935,6
43006461,5
43020463,6
43003819,5
43009291,5
43021621,6
43021623,6
43026138,6
43017732,6
43013143,5
43006621,5
42978750,2
42995511,4
43021840,6
42979885,2
43017919,6
42999537,4
43026325,6
43026324,6
43010682,5
43001221,5
42985692,3
42985691,3
42970612,1
42976389,2
43009712,5
43026629,6
43026591,6
43006961,5
43014100,6
43014098,6
42971228,1
43011377,5
43023985,6
43029666,6
43000747,5
43001842,5
43021387,6
43026050,6
43027002,6
43029844,6
43024202,6
42989780,4
43006613,5
43026136,6
43026144,6
43012273,5
43030057,6
42995515,4
43024503,6
42991167,4
43012282,5
43022131,6
42970489,1
43001168,5
42994048,4
43012326,5
43030462,6
43029264,6
42996929,4
43018125,6
42973610,1
42988787,4
43029538,6
43007169,5
42996153,4
43018327,6
43022753,6
43018422,6
43025664,6
42984958,2
43017309,6
42986772,3
43029630,6
43023155,6
42995351,4
43029842,6
43029843,6
43018759,6
42995441,4
43009266,5
42985523,3
43024504,6
43023437,6
43010645,5
43029138,6
43017881,6
43023588,6
42996912,4
42977871,2
43018089,6
43023668,6
43027775,6
43006960,5
43003118,5
42992017,4
43026663,6
43029489,6
43021194,6
43014809,6
43025934,6
43027003,6
43031635,6
43032579,6
43009294,5
43018760,6
42988125,4
43028884,6
43028882,6
43028883,6
42988228,4
43031765,6
43031844,6
42995464,4
43009474,5
43023483,6
43031920,6
43015087,6
43015085,6
42992920,4
42992975,4
43021960,6
42979084,2
43019436,6
43009700,5
43015182,6
42980582,2
42972171,1
43022705,6
42995950,4
43008892,5
43023102,6
42970530,1
42970539,1
43020452,6
43013244,5
43032839,6
43032862,6
42990948,4
42977144,2
43031837,6
42998308,4
43034629,6
43030281,6
43003982,5
42988788,4
43016605,6
43032028,6
43022299,6
43030892,6
43028195,6
43026664,6
43018329,6
43022706,6
43007170,5
43025680,6
43014589,6
43020458,6
43028970,6
42976001,2
43006511,5
43024551,6
43021709,6
43031861,6
43034635,6
43003952,5
42971481,1
43012433,5
43023670,6
42999615,4
43034767,6
43006877,5
43036068,6
43018094,6
42992974,4
43006860,5
43035011,6
43033674,6
43029491,6
43009986,5
43004259,5
43022875,6
43032426,6
43035190,6
43017310,6
43021293,6
43026844,6
43029722,6
43034365,6
43029783,6
42973047,1
43035350,6
43012068,5
43021389,6
43032773,6
43029923,6
42992711,4
43035691,6
43024550,6
43027289,6
43024467,6
43035652,6
43001075,5
43009394,5
43029158,6
43024924,6
42998430,4
43015212,6
43030687,6
43029300,6
43016234,6
43001251,5
42973618,1
43033632,6
42997522,4
43026589,6
43028194,6
43037836,6
43003330,5
43024016,6
43005968,5
43029537,6
42980919,2
42972744,1
43026845,6
42984072,2
43018501,6
43032580,6
42985674,3
42987057,3
43026167,6
43026168,6
43027290,6
43021879,6
43031921,6
43019239,6
43036069,6
43019461,6
43037568,6
43033331,6
43019693,6
42973611,1
43037716,6
43016741,6
43012620,5
43030890,6
43007089,5
42975437,2
43036726,6
43003310,5
42976558,2
42986786,3
43029691,6
43028665,6
43015802,6
43028839,6
43039928,6
43031697,6
42989846,4
43037291,6
43021438,6
43038406,6
43038404,6
43006601,5
43032860,6
43024731,6
43017816,6
43012250,5
43035901,6
43021877,6
43040304,6
43027802,6
43034766,6
42976352,2
43030779,6
43022442,6
43009743,5
43011140,5
43015435,6
43019967,6
43000540,5
43011713,5
43039618,6
43029692,6
43039930,6
43038126,6
43040893,6
42982379,2
43032656,6
43009265,5
43003771,5
43018692,6
43017817,6
42984323,2
43021624,6
42999897,4
43021710,6
43013162,5
43031843,6
42970529,1
43021755,6
42973369,1
43037464,6
42995708,4
43027677,6
43023610,6
42998530,4
42975176,2
43040543,6
43022130,6
43033693,6
43040482,6
43039204,6
43039205,6
43037717,6
43011379,5
43029467,6
43032308,6
43039822,6
43003579,5
42989572,4
43012069,5
42995374,4
43006679,5
42978751,2
43038341,6
43034615,6
43024589,6
43031838,6
43030200,6
43030280,6
43034787,6
42983063,2
43032029,6
42995845,4
43042125,6
42990591,4
43001668,5
43007198,5
42972592,1
42997523,4
43010018,5
42980990,2
43017444,6
43038097,6
43043915,6
42982594,2
43013278,5
43024502,6
43024466,6
43034616,6
43005140,5
43042982,6
42981730,2
43041328,6
43036096,6
43038998,6
43041599,6
43012434,5
43038997,6
42991487,4
43041987,6
43043279,6
43004250,5
43039269,6
43042124,6
42980414,2
43032307,6
42996115,4
43020160,6
42999110,4
43001850,5
42992712,4
43038340,6
43043917,6
43024446,6
43032861,6
42987964,4
43034628,6
43027369,6
43019026,6
43005156,5
43004079,5
43033349,6
43032030,6
42992085,4
43023882,6
43029490,6
43025665,6
43043469,6
42986672,3
43046231,6
43022720,6
43031696,6
43018691,6
43028840,6
43013163,5
43031764,6
43035653,6
43029137,6
42996910,4
43019027,6
43015216,6
43026371,6
43023587,6
43038775,6
43037465,6
43045925,6
43029157,6
43045924,6
43041598,6
42995871,4
43043278,6
43034888,6
42973574,1
43014139,6
43011162,5
42995846,4
42994478,4
42999655,4
43019694,6
43018227,6
43022903,6
43042423,6
43039821,6
43045272,6
43021356,6
43038125,6
43029784,6
42986634,3
43029924,6
43046686,6
43043939,6
43040123,6
42981518,2
43048485,6
43021878,6
42999842,4
43014107,6
43037702,6
43008367,5
43037838,6
42976497,2
43007068,5
43040855,6
43017631,6
43024162,6
43007410,5
43013000,5
43038339,6
43044076,6
43032783,6
42998352,4
43034626,6
43046895,6
43015112,6
43041327,6
43048626,6
43026464,6
43029092,6
43012363,5
43017826,6
43023436,6
43016482,6
43008186,5
42973573,1
43046098,6
42970933,1
43022319,6
43036314,6
43048843,6
42998737,4
43035165,6
43043605,6
43043604,6
43040894,6
43024198,6
43013142,5
43046687,6
43035545,6
43013333,5
42995516,4
42988142,4
43038405,6
43048554,6
43047065,6
43018170,6
43019240,6
43051394,6
42990137,4
42974958,2
43022298,6
43047393,6
42998736,4
43046238,6
43047797,6
43043467,6
42976818,2
43031636,6
43032782,6
43010646,5
43021699,6
43021956,6
43016483,6
42971924,1
43048636,6
43040295,6
43012452,5
42983507,2
43019471,6
43044727,6
42991653,4
43048844,6
43028196,6
43011350,5
42970996,1
43042241,6
43036728,6
43039489,6
43045271,6
42971110,1
43049231,6
43040854,6
42978316,2
43043754,6
43052151,6
43021622,6
43033063,6
43033126,6
43030275,6
43051313,6
43031886,6
43040378,6
43046893,6
43031862,6
43017926,6
42970637,1
43048627,6
43030467,6
42972047,1
43002631,5
42999898,4
42970845,1
43051619,6
43041985,6
43004350,5
43054414,6
43035009,6
43047848,6
43049090,6
42975305,2
43049091,6
42975318,2
43026846,6
42978315,2
42984957,2
43028721,6
43004693,5
43031637,6
43038154,6
43016235,6
43042950,6
43030274,6
42989836,4
43023366,6
43043938,6
43048435,6
43035948,6
43040305,6
43054116,6
43051564,6
43054326,6
43034887,6
43022443,6
43036315,6
43053219,6
43043468,6
43021294,6
43014009,6
43009981,5
43022874,6
43039820,6
43022580,6
43007293,5
43038004,6
43032497,6
43018678,6
43024201,6
43029823,6
43013246,5
43016257,6
43005130,5
43029026,6
43048486,6
43055138,6
43034634,6
43045810,6
43049852,6
43021955,6
43043095,6
43038776,6
43008114,5
43043201,6
43036247,6
43026418,6
43039027,6
43054327,6
42997612,4
43011378,5
43037863,6
43035074,6
43057319,6
42995835,4
43029723,6
43010096,5
43027001,6
43037111,6
43049232,6
43040889,6
43053849,6
43045717,6
43052274,6
42992732,4
43048535,6
43021950,6
43052742,6
42985706,3
43048637,6
42991488,4
43052616,6
43024813,6
43027803,6
43054360,6
42990136,4
43006959,5
43037759,6
43054416,6
43053217,6
43058878,6
43025515,6
43047953,6
43057439,6
43042642,6
42989551,4
43015800,6
43057405,6
43018483,6
43045495,6
42992621,4
43004716,5
43038198,6
43052150,6
43013334,5
43057950,6
43006640,5
42994077,4
43048639,6
43036097,6
43009742,5
43002562,5
43057142,6
43043298,6
43054489,6
43029539,6
43037861,6
43047952,6
43000810,5
43035178,6
43053545,6
43012950,5
43054714,6
43039929,6
43029750,6
43026051,6
43020453,6
43040124,6
43013252,5
43052273,6
42984576,2
42988143,4
43041435,6
43047064,6
43017918,6
43013277,5
43059641,6
43059729,6
43031887,6
42988869,4
43048618,6
43054415,6
43039270,6
42983506,2
43047799,6
43017008,6
43023883,6
43053218,6
43012686,5
43035073,6
43058877,6
43059184,6
43056617,6
42998127,4
43046530,6
43034454,6
42974290,2
43017848,6
43015020,6
43035690,6
42980053,2
43046894,6
43062308,6
43035650,6
43059642,6
43055381,6
43056942,6
43057057,6
43058306,6
42991726,4
43059811,6
43057056,6
43001412,5
43001222,5
42986082,3
43054310,6
42973523,1
43037761,6
43022610,6
43039362,6
43026753,6
43003252,5
43053543,6
42993439,4
43011689,5
43050985,6
43048313,6
43056618,6
43013364,5
43063220,6
43063221,6
43041084,6
43051279,6
43019172,6
43038502,6
43044075,6
43058307,6
43061376,6
43039203,6
43064573,6
43025741,6
43009988,5
43053544,6
43062031,6
42976615,2
43013078,5
43020454,6
43043916,6
43024445,6
43012135,5
43063312,6
43048423,6
43055193,6
43052211,6
43051314,6
42970613,1
43035972,6
43034701,6
42983062,2
43026465,6
43018088,6
43058177,6
42991556,4
43012453,5
43030891,6
43061375,6
43059835,6
43041986,6
43008529,5
43026665,6
42975177,2
42980827,2
43062868,6
42994976,4
43057440,6
42996116,4
43001840,5
43064928,6
43032655,6
43031644,6
43064927,6
43040916,6
43052210,6
43063291,6
43023460,6
43065154,6
43033088,6
43020690,6
43048534,6
43057847,6
42992926,4
42995669,4
43029291,6
43055547,6
43039028,6
43038899,6
42991557,4
43058721,6
43059793,6
43057141,6
43061365,6
42994479,4
43053304,6
43053302,6
43043453,6
43061776,6
43062983,6
43024160,6
43062032,6
43054757,6
43029756,6
43014960,6
43035352,6
43038153,6
43012239,5
43065951,6
43065998,6
43042815,6
43060504,6
43042983,6
43066086,6
43046685,6
43063439,6
43020741,6
43040052,6
43063440,6
43045716,6
43062387,6
43044244,6
43040289,6
43043080,6
43033087,6
43048640,6
43040294,6
42982023,2
43063684,6
43015270,6
43016506,6
43066687,6
42987437,3
42988870,4
43062681,6
42986080,3
43068336,6
43012607,5
43019913,6
42977850,2
43062797,6
43032309,6
43047849,6
43056157,6
43012704,5
43067243,6
43059262,6
43024199,6
42989573,4
43046528,6
43063290,6
43065047,6
42996542,4
43052263,6
43045710,6
43066190,6
43062283,6
43045711,6
42980167,2
43010351,5
42974635,2
43018072,6
43016989,6
42972048,1
43064000,6
43068252,6
43003065,5
43062726,6
43043297,6
42976351,2
43062747,6
43065559,6
43047798,6
42972370,1
43021386,6
43061785,6
43018482,6
43027000,6
43029665,6
43064945,6
43067714,6
43068706,6
43037259,6
43063415,6
43007409,5
43040271,6
43070627,6
43043940,6
43035692,6
43068961,6
43002442,5
43048617,6
43027303,6
43032838,6
43024748,6
43066398,6
43063416,6
43060859,6
43026283,6
43044243,6
43052606,6
43059788,6
43070945,6
43070947,6
42984918,2
43069578,6
43001413,5
43015434,6
42986251,3
43044725,6
43028173,6
43031429,6
43019914,6
42990714,4
43059366,6
43024447,6
43029025,6
42974308,2
42974309,2
43071702,6
43048436,6
43068905,6
43070644,6
43060559,6
43029201,6
42983162,2
43021959,6
43008085,5
43024749,6
43072145,6
43066598,6
43034778,6
43058411,6
43043079,6
43040542,6
43059792,6
43039363,6
43030045,6
42986252,3
42978175,2
43035177,6
43017445,6
43014588,6
43023267,6
43013369,5
43064946,6
43007411,5
43040915,6
42998255,4
43010340,5
43046529,6
43066080,6
43068922,6
42980166,2
43043078,6
43035522,6
43048555,6
43005155,5
43063733,6
43055380,6
43041573,6
42972170,1
43030461,6
43063998,6
43069465,6
43051563,6
43036248,6
43063871,6
43044978,6
43030854,6
43071082,6
43072502,6
43071081,6
42975304,2
42984731,2
43008893,5
43017446,6
42986777,3
43071372,6
43060259,6
43010114,5
43067836,6
43048422,6
43034675,6
43070582,6
43045746,6
43002450,5
43021951,6
43044523,6
43073715,6
43068161,6
43014046,6
42987439,3
42984919,2
43073849,6
43002964,5
42972046,1
43066831,6
43062727,6
43073848,6
43053303,6
43045320,6
43010097,5
43050984,6
43051078,6
43043759,6
43068654,6
42992620,4
43035547,6
43068705,6
42989834,4
43007548,5
43027601,6
43071740,6
43066133,6
42987138,3
43068904,6
43073358,6
42987223,3
43065153,6
43037289,6
43049666,6
43034702,6
43063506,6
43027600,6
43021952,6
43010851,5
43052605,6
43051393,6
43038885,6
43075034,6
42998564,4
43075033,6
43038966,6
43073673,6
43023669,6
43063999,6
43058410,6
43066759,6
43073716,6
43069579,6
42979201,2
42970797,1
43051628,6
43071083,6
43073950,6
43068335,6
43043408,6
43043409,6
43025679,6
43001841,5
42970934,1
43010115,5
43013001,5
43029825,6
43067713,6
43035651,6
43073362,6
43066079,6
43077324,6
43049664,6
43076290,6
43069081,6
43012377,5
43074730,6
42990115,4
43073714,6
43048751,6
43032089,6
43068246,6
43030855,6
43043407,6
42992078,4
43058756,6
43015624,6
42971079,1
43056156,6
43007294,5
43075975,6
43048310,6
43064944,6
43014930,6
43056619,6
43017690,6
42971925,1
43073375,6
43033064,6
43020567,6
43012136,5
43026169,6
43063442,6
43067871,6
43077325,6
42980264,2
43030199,6
43079203,6
43048610,6
43077763,6
43077716,6
42995727,4
43074994,6
43002848,5
43078087,6
43058789,6
43076632,6
43026715,6
43048961,6
43018228,6
43012685,5
43062746,6
43069970,6
43029405,6
43000539,5
43079629,6
43071371,6
43074175,6
43017689,6
43041083,6
43003890,5
43051236,6
43073449,6
43080056,6
43018862,6
43060693,6
43057988,6
43046892,6
42996914,4
42970796,1
43080287,6
43004351,5
43074868,6
43077764,6
43020740,6
43055181,6
42977279,2
42980361,2
43036003,6
43059833,6
43073741,6
43054603,6
43069969,6
43035166,6
43015625,6
43001667,5
43075630,6
43061775,6
43076015,6
43075976,6
43062080,6
43076975,6
43079788,6
43078912,6
43080108,6
43069080,6
43013363,5
43030172,6
43045824,6
43077421,6
43081800,6
43077537,6
43030468,6
43073592,6
43056940,6
43026323,6
43077973,6
43077972,6
42977709,2
43008366,5
43064048,6
43042122,6
43068251,6
43042123,6
43073815,6
43040481,6
43043452,6
43062796,6
43038003,6
43076927,6
43046385,6
43045321,6
43029824,6
43057702,6
42998224,4
43073425,6
43042948,6
43033348,6
42998342,4
43081788,6
43059550,6
43041436,6
43023461,6
43081853,6
43073497,6
43057951,6
43066597,6
43077420,6
43032169,6
43059669,6
43083211,6
43016745,6
43072503,6
43066829,6
43072541,6
42998628,4
43026721,6
43069953,6
43083953,6
42997984,4
43017586,6
43037258,6
43079751,6
43076977,6
43073374,6
43037413,6
43024370,6
43029911,6
43063289,6
43030056,6
43073360,6
43017849,6
43063441,6
42979884,2
43060560,6
43020593,6
43074676,6
43084593,6
43077597,6
43056850,6
43005075,5
43079202,6
43081963,6
43075051,6
43078002,6
43050247,6
43054309,6
43066830,6
43080690,6
43031007,6
43029468,6
43058788,6
43015433,6
43064321,6
42994822,4
43081031,6
43065557,6
42990494,4
42989315,4
43039488,6
42972743,1
43029631,6
43081624,6
43073359,6
43074371,6
43078910,6
42989845,4
43084496,6
43071739,6
43027146,6
43066192,6
43076211,6
43084497,6
43082814,6
43029027,6
43034636,6
43069215,6
43063929,6
43030460,6
43066397,6
42991256,4
43066483,6
42973616,1
43038996,6
43008528,5
43075211,6
43022601,6
43076530,6
43072500,6
43031006,6
43033633,6
43084994,6
42982024,2
43078088,6
42980991,2
43023254,6
42992090,4
43064823,6
42990351,4
43077138,6
43073364,6
43056849,6
43055014,6
42996541,4
43031836,6
43021839,6
43001175,5
42982861,2
42988123,4
43023589,6
43083252,6
43069174,6
43072144,6
43018071,6
43074869,6
43077796,6
42991003,4
43086019,6
43030695,6
42993045,4
43051466,6
43083572,6
43033692,6
43076631,6
43087734,6
42977763,2
43040626,6
43075210,6
42994823,4
43065558,6
43076633,6
43007090,5
43080996,6
43069954,6
43081030,6
43082315,6
43064572,6
43075628,6
43014731,6
43084119,6
43042424,6
43076016,6
43043708,6
42970314,1
43076976,6
43035665,6
43079789,6
43015019,6
43087286,6
43081786,6
43085675,6
43082904,6
43013276,5
43016092,6
43069175,6
43084594,6
43074729,6
43015271,6
43077538,6
43077714,6
43012362,5
43035973,6
43030694,6
42997192,4
43054341,6
43080689,6
42989120,4
43080611,6
42983046,2
43086361,6
43044797,6
43046054,6
43026630,6
43087891,6
43047850,6
43021193,6
43051941,6
43034275,6
43076926,6
43028838,6
43001121,5
43085325,6
43063210,6
43077139,6
43063244,6
43088231,6
43082822,6
43084564,6
43048609,6
43087333,6
43085812,6
43090213,6
43090212,6
43015916,6
42998431,4
43088744,6
43008086,5
43027804,6
43055269,6
43030686,6
43038898,6
43083494,6
43075120,6
42974957,2
43033675,6
43086587,6
43090549,6
43082158,6
42980826,2
42972499,1
43081017,6
43004400,5
43032198,6
42999037,4
43082359,6
43086821,6
43073985,6
43049041,6
43084085,6
43032498,6
43076928,6
42986776,3
43074176,6
43028720,6
43048309,6
43087240,6
43029912,6
43033125,6
43070610,6
43053905,6
43060506,6
43078911,6
43048308,6
43087400,6
43081757,6
43004718,5
43085676,6
43079034,6
43068962,6
43049665,6
43069214,6
43071812,6
43085811,6
42979013,2
43066399,6
43070645,6
43069285,6
43054115,6
43086020,6
43071813,6
43005533,5
43075121,6
43047394,6
42981786,2
43089031,6
43002869,5
43068247,6
43058176,6
43008640,5
43081018,6
42989574,4
43089340,6
43004190,5
43045119,6
43083952,6
43026900,6
43015598,6
43026914,6
43086820,6
43028841,6
43079750,6
43042756,6
43017691,6
43062310,6
43085674,6
43067880,6
43013401,5
43034627,6
43077713,6
43035949,6
43044291,6
43007940,5
43091830,6
43077598,6
43018169,6
43068162,6
43016744,6
42987521,3
43073736,6
43073742,6
43086359,6
43002846,5
43089411,6
43089464,6
43086589,6
43015584,6
43018453,6
42982193,2
43065703,6
42989121,4
43011829,5
43031334,6
43006510,5
42993927,4
43088289,6
43088124,6
43070583,6
43070581,6
43078909,6
43092882,6
43051077,6
43049642,6
43054094,6
43091435,6
43088849,6
43088735,6
43088850,6
43058134,6
43055546,6
43070850,6
43070946,6
43091772,6
43079223,6
43089182,6
43043288,6
43012210,5
43031096,6
43051629,6
43008514,5
43065534,6
43084996,6
43090662,6
43006146,5
43008787,5
42989291,4
43089787,6
42995350,4
43087287,6
43071741,6
43053847,6
43095617,6
43073513,6
43055194,6
43081801,6
42978895,2
43041455,6
43002430,5
43094257,6
42992671,4
43077767,6
43093011,6
42976557,2
42995771,4
43089338,6
43094823,6
43081019,6
43086358,6
43089289,6
43093419,6
43095103,6
43068218,6
43082314,6
43089786,6
43015583,6
42996117,4
43042641,6
43023103,6
43015059,6
43096761,6
43079033,6
43093008,6
43063683,6
43000759,5
42983048,2
43066760,6
43030469,6
43044726,6
43069556,6
43090410,6
43062680,6
43083698,6
42972687,1
43094976,6
43082358,6
43082159,6
43097990,6
43006384,5
43018367,6
42997889,4
43013079,5
42992622,4
43068656,6
43096645,6
43096760,6
43087288,6
43067837,6
43065950,6
43063245,6
43065010,6
43092851,6
43071673,6
43029292,6
43087399,6
43084639,6
43094258,6
43093139,6
43052615,6
43080502,6
43048752,6
42983505,2
42980480,2
43021191,6
43098857,6
43001383,5
43038853,6
43019472,6
43061329,6
43094781,6
43089270,6
43022581,6
43086588,6
42990493,4
43094975,6
43058757,6
43021253,6
43025666,6
43095131,6
43084024,6
43097988,6
43034364,6
43090850,6
43071296,6
43092588,6
43092541,6
43084206,6
42983280,2
43054756,6
42987058,3
43090031,6
43080055,6
43013251,5
43035664,6
43088626,6
43088624,6
43088625,6
43045825,6
43095945,6
43012619,5
43093088,6
43083212,6
42999893,4
43100064,6
43077971,6
43080613,6
43043184,6
43100160,6
43098743,6
43036249,6
43098859,6
43086653,6
43063872,6
43008625,5
43032199,6
43032227,6
43093418,6
43045185,6
42985061,2
43095130,6
43086819,6
43024161,6
43095421,6
43043680,6
43052001,6
43085324,6
43087235,6
43068655,6
43067730,6
43085473,6
43077140,6
43095616,6
43048314,6
43071763,6
43088288,6
43088287,6
43099567,6
43070606,6
43026604,6
43024750,6
43087495,6
43087508,6
43093154,6
43098745,6
43077794,6
43074920,6
42986422,3
42980583,2
43097579,6
43092115,6
43092114,6
43100607,6
43039361,6
43099063,6
43022902,6
43100606,6
43014164,6
43101798,6
43094974,6
43092262,6
43097841,6
43035115,6
43060065,6
42978455,2
43017098,6
42989643,4
43101884,6
43069998,6
43084026,6
43098175,6
43015749,6
43084205,6
43076017,6
43099473,6
43087196,6
43020594,6
43012132,5
43092982,6
43013537,5
43042951,6
43101463,6
43073499,6
43097154,6
43098679,6
43102808,6
43097365,6
43102911,6
43100159,6
43062679,6
43076709,6
43096184,6
43089402,6
43096243,6
43032319,6
43075553,6
43093566,6
43087892,6
43073249,6
43048246,6
43043678,6
43021347,6
43006495,5
43027147,6
43088230,6
43087234,6
43065999,6
43096646,6
43095618,6
42970394,1
43102229,6
43035480,6
43092871,6
42994076,4
43092971,6
43042987,6
43087494,6
43084565,6
43062522,6
43080501,6
43099871,6
43059787,6
43093155,6
43064047,6
43083571,6
43009741,5
43064049,6
43012649,5
43098858,6
43020782,6
43089339,6
43087814,6
43033694,6
42998788,4
43103470,6
42992428,4
43101883,6
42999025,4
43054715,6
43064727,6
43031430,6
43092671,6
43012921,5
43074196,6
43104985,6
43104984,6
43057537,6
43026137,6
43105004,6
43062261,6
43067870,6
43087295,6
43099872,6
43043077,6
43087482,6
43097273,6
43085732,6
43066134,6
43030201,6
43015213,6
43012454,5
43083495,6
43040627,6
43090409,6
43062745,6
43082065,6
43039268,6
43030696,6
43096185,6
43095000,6
43026720,6
43104570,6
43029607,6
43073850,6
43100738,6
43104658,6
43104665,6
43106470,6
43049150,6
43095423,6
43045496,6
43043758,6
43077179,6
43012238,5
43104920,6
43042986,6
43085326,6
43079999,6
43104059,6
43069011,6
43059654,6
43026421,6
43101406,6
43105490,6
43093140,6
43102807,6
43094624,6
43094782,6
43076212,6
43084944,6
43100478,6
43103280,6
43097578,6
43025303,6
43089412,6
42983279,2
43104514,6
43104604,6
43015660,6
42989500,4
43028696,6
43092542,6
43031428,6
43106508,6
42971229,1
43031643,6
43042949,6
43063243,6
43102172,6
43093877,6
43085474,6
43077268,6
43095678,6
43104087,6
43056716,6
43087334,6
43074649,6
43092944,6
43101407,6
43099903,6
43095880,6
43099904,6
43101532,6
43108405,6
43070849,6
43041572,6
43105489,6
43098744,6
43044440,6
43016504,6
43107083,6
43051467,6
43088855,6
43107121,6
43040448,6
43016505,6
43033277,6
43086414,6
43097577,6
43108727,6
43006980,5
43086415,6
43086325,6
43093351,6
43086327,6
43103267,6
42977764,2
43099134,6
43104659,6
43085247,6
43098076,6
43021170,6
43029755,6
43059365,6
43052000,6
43079766,6
43048312,6
42973179,1
43027304,6
43087239,6
43057700,6
43020781,6
43092872,6
43092983,6
43093087,6
43090199,6
43091202,6
43099709,6
43109800,6
43081780,6
43077715,6
43026194,6
43088743,6
42973617,1
43109913,6
43109914,6
42986081,3
43091831,6
42995753,4
43061366,6
43106021,6
43084955,6
43105900,6
43051620,6
43094825,6
43094824,6
43037760,6
43101797,6
43037862,6
43060064,6
43104664,6
43107491,6
43106309,6
43041040,6
43102089,6
43102088,6
43109534,6
43087238,6
43095679,6
43080109,6
43031698,6
43084612,6
43062284,6
43108256,6
43088669,6
43022041,6
43098641,6
43056941,6
43042835,6
43095944,6
43101559,6
43102806,6
43100267,6
42995728,4
43089202,6
43108770,6
43100479,6
43008616,5
43084954,6
43099014,6
43107278,6
43080964,6
43089476,6
43104571,6
43097840,6
43057404,6
43110285,6
43110286,6
43092670,6
43039619,6
43106603,6
43000908,5
43055124,6
43048311,6
43042814,6
43112268,6
43027367,6
43074373,6
43104085,6
43092981,6
43080057,6
43099664,6
43087483,6
43093018,6
43084640,6
43102586,6
43044442,6
43111190,6
43048608,6
43111191,6
43076539,6
43107215,6
43007873,5
43108668,6
43082035,6
43072596,6
43111538,6
43012531,5
43011690,5
43089401,6
42993438,4
43108841,6
43017343,6
43104603,6
43106471,6
43099282,6
43113206,6
43102087,6
42988101,4
43103987,6
43110536,6
43110603,6
43095677,6
43074319,6
43023744,6
43110847,6
43093065,6
43054153,6
43112488,6
43106895,6
43007939,5
43108406,6
43087507,6
43112674,6
43074996,6
43105860,6
43050525,6
43002630,5
43041768,6
42993047,4
43112880,6
43080941,6
43014165,6
43073949,6
43039181,6
43098077,6
43057331,6
42976674,2
43047872,6
43080000,6
42992919,4
43088232,6
43007550,5
43102222,6
43051278,6
43109537,6
43102223,6
43115227,6
43113559,6
43113751,6
43084654,6
43083251,6
42987373,3
43115470,6
43097153,6
43032170,6
43114387,6
43017342,6
43087813,6
43014140,6
43099083,6
43095104,6
42976733,2
42978445,2
43095210,6
43011941,5
43012922,5
43106472,6
43106601,6
43106751,6
43104986,6
43077269,6
43113430,6
43104060,6
43054093,6
43099663,6
43102604,6
43105328,6
43060736,6
43112550,6
43109799,6
43116698,6
43098640,6
43095873,6
43043433,6
43010733,5
43100266,6
43101468,6
43063734,6
42980413,2
43107152,6
43088996,6
43022461,6
43103157,6
43087883,6
43110093,6
43114406,6
42976614,2
43100675,6
43050524,6
43114705,6
43099084,6
43100895,6
43045357,6
43109024,6
43045394,6
43098127,6
43067712,6
43109525,6
43066000,6
42987965,4
43066081,6
43085567,6
43067858,6
42979000,2
43015111,6
43090256,6
43071674,6
43074832,6
43080110,6
43036035,6
43041719,6
43069195,6
43100063,6
43093019,6
43116700,6
43080500,6
43090411,6
43007874,5
43022040,6
43107151,6
43102912,6
43086360,6
43022600,6
43006979,5
43103363,6
43114386,6
43095102,6
43100674,6
43048930,6
43012708,5
43055952,6
43073819,6
43113159,6
43000836,5
43018658,6
43038197,6
43115049,6
43085323,6
43092930,6
43109666,6
43117984,6
43055137,6
43099710,6
43106958,6
43036034,6
43107829,6
43059655,6
43096790,6
43059744,6
43108318,6
43059834,6
43098795,6
43113963,6
43095872,6
43116699,6
43040594,6
43055770,6
43116870,6
43055771,6
42974919,2
43104412,6
43112841,6
43064322,6
43080994,6
43114390,6
43084995,6
43117216,6
43117304,6
42972686,1
43109041,6
43086754,6
43106186,6
43115837,6
43061856,6
43103845,6
43085126,6
43085341,6
43079790,6
43053947,6
43077177,6
43115047,6
43084453,6
43045614,6
43118911,6
43071536,6
43077056,6
43060505,6
43102240,6
43109590,6
43113432,6
43074648,6
43055123,6
43090211,6
43101469,6
43088668,6
43066482,6
43115366,6
43091780,6
42996911,4
43101558,6
43094256,6
43113965,6
43021756,6
43118404,6
43059817,6
43109023,6
43069466,6
43103158,6
43118403,6
43079391,6
43075319,6
43022719,6
43118473,6
43021251,6
43044695,6
43046302,6
43054584,6
43118562,6
43045053,6
43051012,6
42990997,4
43043760,6
43118831,6
43065048,6
43103988,6
43062260,6
43073496,6
43102605,6
43115229,6
43106894,6
43115228,6
43109793,6
43074921,6
43120960,6
43008626,5
43080034,6
43109854,6
43049853,6
43095881,6
43102805,6
43015058,6
43122225,6
43115468,6
43035010,6
43044798,6
43080688,6
43121230,6
43110092,6
43113009,6
43111867,6
43021093,6
43018368,6
43111812,6
43022760,6
43021094,6
43121339,6
43075711,6
43084353,6
43048931,6
43065818,6
43086755,6
43101882,6
43120437,6
43110424,6
43123433,6
43087293,6
43074318,6
43119167,6
43012131,5
43058135,6
43027509,6
43066533,6
43059743,6
43083253,6
43071762,6
43112577,6
43123733,6
42995588,4
43115469,6
43069555,6
43121108,6
43026590,6
43122535,6
43121106,6
43087884,6
43117100,6
43122600,6
43012705,5
43085086,6
43103266,6
43124051,6
43121229,6
43120130,6
43095208,6
43120129,6
43076708,6
43114704,6
43062057,6
43034276,6
43000835,5
43051010,6
43051999,6
43103907,6
43038967,6
43081625,6
43062309,6
43117986,6
43123556,6
43120782,6
43023743,6
43099622,6
43080285,6
43073591,6
43123611,6
43059810,6
43123750,6
43091591,6
43104413,6
43074843,6
43122355,6
43119527,6
43080286,6
43089030,6
43122553,6
43094669,6
43121105,6
43115628,6
43076562,6
43027774,6
43121109,6
43122378,6
43108703,6
43111499,6
43108726,6
43096050,6
43118511,6
43118475,6
43106308,6
43113070,6
43064815,6
43084086,6
43070317,6
43061777,6
43118607,6
43062984,6
43120436,6
43067697,6
43107697,6
43123386,6
43123385,6
43062259,6
43096647,6
43109589,6
43074195,6
43054865,6
42978946,2
43104058,6
43003891,5
43087335,6
43105641,6
43108317,6
43073498,6
43034703,6
43002431,5
42979370,2
43074675,6
43123751,6
43091590,6
43115304,6
43111189,6
43119528,6
43090421,6
43069334,6
43079115,6
43073813,6
43064313,6
43111539,6
43093371,6
43125615,6
43101717,6
43110098,6
43093567,6
43060047,6
43017097,6
43126882,6
43017329,6
43068510,6
43124195,6
43026913,6
43098176,6
43023101,6
42987957,4
43092852,6
43110535,6
43121728,6
43070709,6
43118910,6
43101405,6
43123627,6
43073590,6
43124972,6
43054058,6
43123752,6
43090422,6
43100161,6
43012532,5
43029406,6
43047168,6
43018230,6
43112882,6
42975439,2
43122836,6
43108772,6
43062725,6
43125614,6
43117402,6
43125807,6
43092456,6
43118561,6
43125946,6
43092543,6
43003440,5
43056544,6
43068763,6
43118830,6
43127107,6
43127163,6
43031699,6
43092945,6
43109536,6
43127378,6
43105329,6
43074752,6
43109683,6
43080359,6
43106992,6
43029200,6
43038854,6
43127709,6
42995726,4
43063505,6
43124975,6
43091436,6
43125319,6
43079284,6
43076538,6
43056545,6
43114391,6
43008515,5
43118541,6
43037837,6
43117217,6
43111928,6
43125613,6
43129697,6
43122947,6
43046304,6
43126990,6
43032424,6
42997985,4
43128764,6
43127055,6
43051011,6
43129850,6
43064822,6
43088125,6
43067698,6
43040059,6
43062397,6
43117985,6
43099568,6
43092943,6
43123557,6
43093064,6
43094255,6
43062502,6
43109853,6
43123753,6
43098736,6
43107186,6
43033326,6
43069914,6
43122379,6
43070857,6
43130878,6
43062866,6
43054328,6
43087915,6
43079478,6
43008785,5
43126881,6
43126814,6
43054605,6
43059239,6
43069454,6
43107556,6
43067611,6
43059237,6
43081597,6
43015750,6
43020689,6
43129952,6
43029908,6
43109599,6
43041039,6
43092873,6
43105005,6
43120740,6
43063266,6
43127376,6
43121729,6
43067881,6
43118089,6
43066534,6
43119297,6
43124860,6
43130515,6
43036002,6
43125146,6
43110001,6
43126638,6
43126629,6
43122552,6
43107214,6
43071060,6
43106020,6
43108771,6
43108667,6
43054340,6
43130996,6
43121189,6
43105720,6
43117181,6
43058790,6
43045149,6
43131215,6
43081176,6
43072892,6
43131302,6
43100749,6
43093502,6
43006275,5
43128672,6
43014413,6
43121340,6
43045273,6
43129852,6
43074197,6
43053906,6
43132861,6
43063222,6
43116209,6
43037412,6
43084580,6
43107828,6
43024806,6
43110846,6
43123555,6
43127683,6
43129189,6
43102671,6
43059679,6
43101560,6
43112673,6
43132108,6
43112672,6
43073735,6
43132203,6
43093372,6
43122717,6
43126719,6
43086745,6
43017330,6
43112881,6
43096295,6
43117472,6
43124171,6
43048116,6
43134455,6
43113160,6
43054866,6
43081787,6
43104919,6
43077215,6
43081789,6
43109588,6
43035546,6
43130149,6
42971511,1
43131890,6
43113431,6
43112578,6
43123554,6
43070605,6
43113557,6
43102673,6
43083210,6
43027508,6
43120938,6
43088670,6
43122226,6
43122227,6
43059832,6
43130747,6
43119600,6
43069333,6
43022318,6
43068026,6
42993046,4
43100162,6
43135058,6
43130880,6
43018229,6
43135164,6
43017331,6
43058758,6
43115838,6
43117202,6
43099072,6
43045150,6
43069870,6
43092455,6
43131304,6
42976585,2
42999036,4
43100894,6
43118466,6
43118542,6
43075376,6
43003441,5
43061858,6
43079767,6
43090032,6
43110426,6
43085883,6
43116259,6
43116258,6
43135753,6
43126386,6
43041718,6
43123714,6
43134795,6
43123629,6
43123628,6
43136224,6
43129337,6
42987438,3
43109902,6
43133399,6
43068027,6
43134893,6
42986787,3
43105642,6
42990352,4
43119671,6
43114373,6
43121161,6
43012735,5
43089365,6
43121188,6
43014141,6
43040779,6
43131214,6
43126817,6
43108842,6
43124119,6
43034045,6
43133913,6
43128479,6
43127003,6
43136838,6
43071059,6
43025742,6
43121395,6
43129696,6
42976734,2
43135409,6
43067731,6
43027148,6
43110425,6
43057536,6
43127162,6
43051235,6
43132884,6
43038501,6
43119298,6
43127682,6
43027676,6
43127707,6
43108580,6
43133400,6
43136282,6
43134892,6
43120961,6
43128034,6
42977710,2
43083485,6
42996915,4
43066758,6
43076603,6
43126818,6
43135165,6
43132527,6
43025514,6
43136939,6
43134016,6
43040773,6
43113069,6
43127002,6
43070380,6
43090920,6
43116103,6
43132863,6
43105003,6
43135911,6
43080358,6
43116208,6
43029907,6
43135857,6
43107874,6
43115303,6
43062388,6
43137615,6
43130536,6
43134894,6
43113881,6
43136262,6
43139028,6
43090431,6
43011161,5
43114162,6
43130838,6
42994977,4
43086416,6
43133914,6
43132408,6
43111738,6
43134018,6
43124072,6
43000837,5
43104783,6
43004479,5
43015659,6
43082353,6
43026901,6
43032467,6
43134208,6
43135427,6
43137269,6
43023367,6
43090921,6
43021708,6
43099569,6
43134604,6
43116194,6
43135913,6
43134672,6
43092969,6
43092970,6
43056715,6
43095826,6
43081802,6
43095856,6
43074995,6
43137614,6
43136226,6
43090420,6
43069869,6
43137683,6
43133607,6
43140641,6
43048959,6
43098934,6
43120131,6
43135201,6
43131303,6
43118474,6
43140793,6
43128477,6
43103844,6
43123010,6
43034277,6
43134290,6
43137139,6
43084294,6
43107698,6
43113207,6
43138266,6
43106862,6
43135703,6
43077214,6
43010734,5
43109600,6
43131888,6
43135912,6
43105330,6
42983200,2
43127628,6
43127684,6
43108122,6
43101462,6
43112643,6
43090447,6
43130342,6
43130612,6
43026623,6
43125306,6
43134940,6
43086326,6
43122534,6
43060048,6
43139501,6
43043185,6
43132409,6
43101799,6
43118510,6
43079630,6
43024015,6
43086918,6
43124196,6
43062079,6
43139807,6
43128770,6
43103662,6
43076848,6
42985071,2
43135411,6
43048117,6
43082815,6
43137318,6
43015032,6
43093851,6
43143044,6
43112436,6
43124974,6
43092881,6
43016988,6
43124973,6
43134797,6
43113880,6
43141675,6
43130535,6
43125147,6
43098737,6
43038884,6
43120937,6
43098735,6
43136281,6
43122601,6
43107120,6
43098793,6
43139262,6
43026722,6
43140642,6
43143457,6
43064314,6
43142209,6
43129488,6
43084330,6
43118509,6
43142394,6
43117471,6
43134289,6
43140907,6
43075552,6
43045396,6
43074057,6
43126148,6
42978814,2
43093876,6
43087233,6
43127164,6
43074372,6
43131889,6
43076289,6
43102742,6
43143149,6
43127768,6
42991002,4
43136118,6
43040272,6
43129336,6
43094425,6
43132138,6
43143263,6
43045656,6
43143264,6
43144762,6
43083484,6
43074831,6
43100188,6
43044977,6
43137733,6
43143364,6
42989051,4
43111599,6
43142104,6
43126640,6
42981625,2
43092195,6
43012693,5
43125378,6
43074055,6
43048960,6
43136840,6
43124118,6
43131213,6
43093475,6
43061711,6
43142392,6
43137989,6
43083775,6
43140995,6
43134456,6
43023266,6
43053848,6
43043709,6
43096728,6
43099281,6
43003820,5
43067982,6
43140180,6
43143043,6
43145831,6
43090448,6
43131940,6
43129164,6
43084758,6
43144339,6
43145869,6
43140253,6
43143150,6
43023387,6
43146034,6
43126598,6
43133608,6
43123747,6
43140379,6
43140459,6
43119599,6
43136532,6
43130614,6
43119567,6
43049643,6
43117305,6
43097274,6
43018095,6
43057989,6
43132139,6
43111448,6
43036098,6
43067342,6
43124007,6
43124006,6
43143412,6
43127804,6
43137990,6
43100265,6
43113008,6
43083570,6
43065533,6
43143458,6
43073814,6
43139499,6
43107279,6
43131119,6
43142355,6
43125806,6
43146373,6
43135199,6
43140824,6
43031097,6
43137082,6
42989457,4
43124197,6
43143585,6
43045267,6
43088103,6
43109338,6
42976675,2
43135429,6
43137140,6
43126149,6
42996154,4
43043434,6
43118996,6
43142864,6
43121721,6
43119168,6
43141295,6
43108121,6
43074650,6
43113750,6
43069194,6
43101310,6
43144462,6
43141742,6
43136119,6
43140417,6
43137616,6
43111458,6
43147431,6
43101533,6
43121167,6
43126627,6
43115579,6
43144884,6
43105859,6
43090305,6
42992927,4
43072542,6
43142208,6
43058763,6
43137882,6
43137889,6
43054338,6
43117403,6
43111810,6
43136796,6
43132418,6
43126989,6
43139982,6
43025982,6
43088102,6
42978446,2
43015033,6
43092861,6
43074338,6
43085715,6
43148574,6
43143045,6
43040290,6
43131941,6
43090186,6
43148677,6
43127457,6
43083301,6
43131942,6
43072052,6
43144342,6
43128033,6
43029202,6
43106957,6
43026605,6
43146056,6
43139027,6
43091592,6
43109901,6
43068182,6
43147561,6
43147379,6
43094571,6
43112754,6
43146061,6
43139164,6
43066484,6
43111683,6
43086652,6
43144883,6
43133716,6
43111684,6
43094570,6
43118606,6
43146399,6
43036727,6
43140791,6
43134063,6
43128699,6
43134128,6
43137120,6
43146400,6
43132444,6
43075857,6
43140997,6
43118682,6
43148458,6
43014730,6
43138264,6
43102228,6
43105099,6
43143054,6
43035479,6
43085342,6
43060694,6
43120736,6
43098677,6
43135751,6
42987956,4
43098794,6
42997613,4
43136261,6
43019437,6
43015917,6
43132097,6
43144649,6
43118233,6
43045809,6
43128138,6
43126718,6
43112755,6
43147691,6
43147690,6
43142334,6
43135163,6
43135200,6
43134207,6
43025983,6
43134457,6
43014544,6
43049144,6
43024200,6
43095566,6
43135702,6
43094121,6
43146761,6
43130150,6
43070858,6
43149791,6
43073363,6
43054052,6
43134806,6
43146057,6
43120962,6
43112579,6
43141643,6
43150478,6
43107442,6
43086744,6
43142335,6
43134017,6
43145385,6
43109282,6
43125885,6
43026899,6
43148154,6
43131539,6
43049145,6
43129951,6
43043755,6
43060735,6
43057701,6
43107842,6
43077626,6
43081740,6
43112513,6
43120780,6
43095825,6
43126354,6
43147446,6
43015325,6
43147380,6
43044441,6
43140460,6
43090430,6
43142066,6
43144616,6
43146063,6
43132140,6
43149009,6
43143550,6
43107187,6
43137890,6
43133715,6
43149080,6
43147778,6
43137984,6
43106252,6
43124166,6
43075629,6
43150840,6
43139742,6
43148050,6
43145455,6
43140889,6
43128769,6
43148457,6
43104782,6
43028707,6
43120602,6
43104030,6
43077625,6
43110605,6
43052272,6
43102587,6
43108020,6
43134603,6
43137474,6
43002879,5
43065702,6
43015031,6
43150154,6
43150056,6
43088736,6
43152915,6
43148829,6
43146004,6
43144615,6
43110099,6
43147673,6
43002809,5
43111132,6
43148944,6
43148945,6
43147766,6
43151833,6
43080965,6
43085085,6
43128367,6
43115619,6
43149170,6
43052992,6
43150803,6
43045395,6
43145518,6
43067475,6
43135428,6
43061970,6
43054654,6
43037290,6
43132885,6
43154065,6
43065049,6
43135704,6
43093208,6
43116177,6
43145830,6
43154229,6
43148676,6
43148830,6
43151653,6
43127870,6
43119568,6
43144763,6
43150258,6
43155918,6
43142065,6
43008365,5
43131118,6
43022611,6
43121110,6
43098836,6
43095001,6
43015229,6
43129545,6
43047871,6
43146398,6
43089738,6
43096051,6
43054604,6
43025981,6
43153892,6
43124052,6
43103833,6
43148459,6
43106778,6
43077036,6
43119037,6
43155131,6
43097083,6
43135656,6
43137576,6
43066191,6
43076288,6
43138783,6
43102606,6
43069557,6
43155849,6
43148831,6
43085884,6
43001274,5
42995752,4
43083300,6
43100253,6
43132109,6
43144885,6
43155920,6
43155976,6
43118242,6
43155827,6
43154504,6
42992089,4
43068302,6
43088856,6
43155894,6
43148946,6
43058764,6
43111598,6
43156174,6
43117215,6
43136940,6
43111811,6
43150842,6
43142357,6
43149233,6
43014412,6
43103517,6
43002878,5
43145386,6
43067473,6
43146590,6
43142670,6
43066149,6
43045655,6
43065009,6
43109514,6
43081759,6
43152584,6
43141399,6
43120781,6
43127708,6
43071864,6
43158250,6
43099680,6
43081941,6
43157156,6
43111076,6
43151612,6
43155895,6
43147567,6
43127871,6
43154409,6
43065817,6
43153260,6
43107213,6
43157377,6
43079283,6
43156152,6
43148014,6
43047929,6
43137734,6
43140825,6
43067034,6
43150841,6
43151900,6
43138021,6
43089291,6
43121254,6
43159193,6
43026904,6
43100961,6
43106507,6
43126988,6
43084329,6
43034455,6
43140181,6
43085566,6
43156890,6
43024901,6
43143040,6
43134673,6
43141296,6
43145832,6
43049851,6
43055219,6
43122155,6
43158400,6
43105564,6
42999894,4
43080612,6
43089180,6
43140529,6
43079390,6
43072411,6
43011830,5
43104606,6
43133884,6
43092180,6
43148013,6
43148051,6
43026624,6
43154741,6
43142393,6
43009979,5
43153564,6
43100747,6
43153691,6
43062867,6
43011792,5
43159361,6
43079711,6
43137083,6
43110339,6
43001122,5
43077057,6
43106752,6
43090200,6
43151373,6
43159774,6
43121801,6
43113558,6
43160829,6
43092931,6
43158274,6
43158273,6
43112570,6
43096729,6
43144272,6
43063337,6
43144464,6
43106991,6
43158399,6
43151611,6
43072053,6
43151640,6
43155975,6
43160039,6
43151688,6
43044524,6
43157376,6
43031005,6
43143366,6
43147609,6
43080995,6
43160202,6
43095129,6
43161851,6
43149081,6
43131093,6
43051388,6
43154735,6
43159102,6
43118500,6
43132310,6
43161966,6
43017587,6
43148015,6
43040774,6
43098128,6
43040835,6
43036695,6
43146589,6
42979367,2
43062058,6
43067696,6
43155304,6
43160881,6
43093207,6
43123713,6
43026422,6
43093149,6
43107084,6
43098678,6
43123875,6
43155705,6
43137685,6
43127869,6
43160026,6
43058720,6
43119672,6
43158798,6
43161531,6
43160001,6
43157337,6
43129544,6
43069997,6
43121253,6
43142285,6
43142356,6
43090762,6
43159170,6
43161965,6
43161951,6
43145187,6
43042372,6
43154734,6
43162028,6
43142863,6
43035521,6
43135752,6
43149774,6
43154179,6
43149852,6
43149793,6
43137473,6
43127629,6
43087496,6
43158470,6
43164092,6
43016740,6
43040447,6
43143365,6
43160130,6
43089290,6
43137983,6
43094966,6
43154570,6
43083569,6
43147819,6
43139500,6
43032425,6
43162029,6
43162030,6
43159359,6
42996034,4
43113053,6
43021346,6
43149382,6
43023260,6
43163247,6
43120426,6
43160601,6
43146762,6
43154149,6
43130151,6
43076561,6
43160828,6
43161036,6
43155277,6
43143039,6
43158085,6
43120827,6
43013402,5
43150069,6
43070710,6
43102672,6
43052744,6
43164060,6
43094153,6
43138936,6
43105563,6
43165580,6
43122354,6
43154506,6
43147767,6
43079116,6
43072543,6
43150542,6
43157338,6
43150541,6
43164473,6
43161850,6
43092140,6
43163041,6
43160247,6
43113052,6
43163124,6
43061712,6
43164708,6
43090591,6
43136938,6
43131486,6
43103588,6
43142767,6
43159318,6
43128763,6
43057332,6
43075858,6
43124533,6
43148490,6
43105098,6
43112435,6
43072048,6
43106779,6
43145999,6
43141401,6
43163804,6
43127803,6
43108301,6
43113964,6
43159912,6
43158589,6
43129469,6
43012709,5
43072504,6
43077795,6
43162979,6
43150235,6
43139618,6
43147820,6
43087722,6
43151896,6
43160290,6
43138020,6
43159460,6
43163125,6
43146431,6
43157633,6
43097989,6
43154863,6
43137081,6
43067612,6
43148456,6
43157730,6
43095335,6
43120427,6
43137411,6
43071961,6
43104023,6
43168092,7
43077178,6
43065148,6
43166479,8
43024730,6
43161149,6
43155704,6
43166788,8
43122156,6
43166787,8
43157162,6
43151642,6
43151834,6
43109934,6
43061732,6
43147568,6
43157310,6
43165752,6
43111449,6
43149082,6
43135252,6
43040595,6
43151899,6
43165807,6
43083697,6
43140792,6
43149168,6
43145188,6
43151971,6
43109263,6
43149169,6
43109337,6
43163128,6
43100748,6
43163129,6
43081406,6
43149234,6
43125948,6
43167806,7
43167835,7
43084354,6
43081596,6
43082354,6
43107875,6
43077035,6
43145745,6
43106993,6
43166478,8
43158275,6
43088619,6
43070649,6
43091593,6
43146005,6
43124964,6
43146331,6
43169896,7
43154571,6
43069804,6
43130879,6
43165745,6
43163034,6
43149064,6
43069805,6
43142336,6
43089737,6
43170191,7
43146372,6
43089463,6
43160291,6
43109262,6
43109283,6
43128610,6
43160497,6
43170701,7
43167874,7
43053768,6
43005327,5
43084656,6
43080033,6
43162578,6
43135659,6
43096072,6
43135658,6
43143055,6
43160805,6
43110745,6
43119169,6
43084759,6
43160936,6
43165507,6
43163923,6
43164058,6
43127766,6
43127717,6
43171064,7
42985814,3
43166762,8
43091589,6
43140415,6
43161448,6
43033332,6
43154408,6
43087688,6
43150101,6
43007069,5
43156106,6
43156107,6
43133547,6
43111600,6
43133651,6
43165806,6
43132417,6
43085087,6
43159103,6
43032320,6
43161849,6
43140836,6
43161987,6
43146412,6
43150972,6
43122826,6
43140996,6
43053770,6
43045186,6
43090175,6
43056681,6
43134646,6
43168093,7
43165368,6
43071865,6
43169500,7
43141642,6
43126353,6
43157163,6
43038855,6
43171066,7
43169502,7
43088995,6
43166669,8
43150156,6
43050246,6
43136225,6
43118467,6
43162764,6
43169895,7
43147579,6
43014047,6
43158852,6
43169951,7
43167299,7
43150479,6
43172879,7
43163050,6
43079479,6
43163048,6
43167300,7
43160292,6
43171425,7
43161984,6
43115629,6
43171527,7
43037931,6
43090849,6
43161924,6
43140891,6
43161983,6
43170406,7
43163211,6
43090848,6
43154862,6
43145677,6
43001985,5
43171803,7
43160806,6
43171902,7
43007804,5
43162576,6
43070711,6
43148938,6
43173860,7
43147710,6
43172489,7
43172488,7
43166951,8
43087690,6
43168380,7
43172487,7
43150100,6
43166921,8
43158590,6
43133548,6
43111131,6
43099679,6
43162981,6
43167298,7
43115565,6
43160248,6
43170192,7
43171360,7
43171462,7
43161964,6
43171493,7
43170404,7
43046282,6
43087916,6
43131541,6
43168765,7
43143718,6
43153893,6
43159360,6
43173373,7
43160468,6
43054755,6
43147995,6
43031335,6
43163284,6
43156322,6
43087103,6
42989499,4
43003772,5
43160602,6
43077055,6
43155161,6
43137317,6
43087197,6
43127301,6
43107827,6
43166440,8
43110848,6
43145870,6
43132900,6
43166558,8
43172088,7
43059668,6
43134664,6
43159911,6
43150155,6
43144461,6
43173859,7
43105719,6
43024900,6
43114407,6
43161450,6
43174015,7
43172625,7
43169709,7
43147711,6
43143407,6
43172878,7
43168558,7
43149065,6
43158754,6
43105861,6
43073951,6
43118498,6
43071248,6
43045356,6
43174238,7
43046303,6
43046239,6
43110363,6
43110240,6
43174339,7
43101932,6
43128670,6
43101817,6
43167805,7
43157731,6
43156891,6
43081893,6
43176476,7
43135876,6
43120824,6
43145876,6
43170980,7
43126438,6
43173786,7
43137557,6
43135856,6
43144271,6
43054311,6
43164105,6
43175315,7
43172624,7
43142105,6
43171273,7
43130839,6
43170079,7
43164594,6
43160005,6
43157312,6
43045148,6
43165746,6
43022612,6
43163049,6
43093474,6
43171358,7
43103159,6
43095261,6
43009980,5
43171359,7
43170267,7
43173057,7
43171450,7
43159171,6
43170265,7
43074056,6
43153693,6
43161925,6
43064814,6
43170258,7
42982192,2
43092589,6
43129715,6
43176073,7
43057406,6
43109665,6
43176319,7
43148575,6
43166441,8
43160880,6
43166565,8
42978053,2
43177784,7
43175047,7
43165508,6
43169501,7
43141676,6
43136429,6
43126637,6
43172681,7
43175547,7
43086612,6
43160129,6
43144761,6
43090533,6
43158737,6
43176936,7
43139261,6
43162980,6
43165753,6
43154572,6
43118228,6
43173056,7
43178599,7
43037934,6
43167344,7
43137944,6
43174239,7
43076529,6
43107391,6
43164709,6
43123081,6
43175985,7
43177047,7
42971050,1
43142768,6
43149424,6
42992672,4
43121800,6
43154020,6
43171976,7
43127377,6
43160827,6
43073820,6
43176495,7
43172014,7
43091445,6
43052697,6
43068183,6
43054152,6
43108255,6
43097366,6
43173903,7
43081964,6
43129187,6
43155828,6
43172682,7
43174053,7
43091779,6
43178400,7
43154804,6
43154505,6
43090550,6
43167289,7
43169950,7
43179672,9
43164472,6
43040625,6
43137942,6
43168557,7
43179767,9
43107381,6
43170126,7
43173058,7
43136925,6
43174338,7
43170405,7
43178837,7
43166020,6
43084189,6
43143625,6
43024203,6
43035351,6
43088629,6
43176316,7
43145697,6
43134499,6
43179416,9
43134665,6
43102173,6
43174915,7
43155535,6
43109685,6
43177963,7
43144463,6
43164057,6
43175270,7
43172481,7
43046053,6
43132311,6
43176935,7
43177003,7
43174052,7
43112884,6
43168476,7
43178483,7
43168523,7
43176928,7
43179769,9
43170266,7
43175901,7
43089465,6
43101098,6
43110369,6
43120151,6
43176130,7
43167662,7
43171605,7
43010190,5
43127330,6
43085515,6
43110744,6
43176475,7
43171977,7
43071960,6
43162591,6
43140416,6
43090306,6
43112487,6
43175046,7
43162671,6
43124826,6
43147063,6
43176662,7
43164091,6
43164104,6
43146062,6
43181055,9
43172482,7
43143409,6
43132204,6
43181083,9
43094670,6
43155995,6
43089269,6
43126641,6
43144854,6
43044696,6
43170193,7
43146330,6
43177002,7
43012694,5
43181596,9
43175987,7
43178562,7
43160526,6
43164707,6
43160362,6
43137119,6
43049151,6
43015658,6
43024197,6
43110338,6
43146760,6
43162477,6
43070609,6
43156889,6
43145679,6
43168094,7
43145877,6
43182152,9
43158251,6
43095862,6
43179329,9
43149792,6
43166933,8
43176625,7
43182240,9
43174913,7
43176663,7
43079358,6
43128019,6
43182327,9
43082066,6
43018123,6
43172524,7
43180997,9
43179605,9
43179603,9
43124172,6
43172626,7
43178340,7
43178411,7
43160230,6
43174062,7
43179747,9
43117201,6
43135057,6
43178666,7
43171426,7
43164666,6
43132407,6
43067474,6
43175900,7
42972371,1
43012734,5
43096466,6
43170460,7
43104804,6
43079802,6
43148523,6
43165329,6
43162589,6
43171961,7
43153261,6
43184936,9
43106949,6
43179415,9
43163924,6
43127767,6
43113882,6
43006639,5
43176664,7
43130537,6
43144650,6
43134796,6
43090592,6
43101311,6
43174082,7
43148939,6
43179673,9
43178484,7
43111459,6
43176970,7
43171272,7
43096130,6
43169952,7
43181325,9
43181323,9
43001382,5
43151898,6
43172880,7
43170080,7
43134939,6
43182588,9
43178601,7
43182589,9
43178684,7
43131572,6
43185463,9
43184542,9
43084293,6
43128368,6
43098268,6
43184675,9
43184674,9
43004541,5
43151249,6
43121517,6
43149423,6
43176320,7
42987966,4
43176348,7
42979985,2
43020566,6
43180359,9
43094154,6
43160937,6
43144614,6
43162590,6
43021995,6
43179330,9
43184966,9
43129165,6
43161151,6
43129188,6
43161150,6
43002516,5
43171065,7
43122154,6
43166763,8
43137684,6
43146033,6
43173912,7
43137575,6
43075318,6
43172611,7
43180996,9
43146232,6
43126628,6
43165751,6
43185336,9
43021171,6
43182587,9
43131212,6
43101720,6
43179865,9
43160233,6
43175922,7
43182653,9
43182654,9
43170257,7
43185387,9
43104513,6
43168704,7
43178897,7
43177148,7
43176224,7
43040060,6
43130042,6
43145698,6
43127331,6
43180398,9
43184967,9
43090187,6
43183489,9
43123734,6
43186206,9
43130613,6
43160782,6
43169710,7
43188015,9
43143347,6
43186601,9
43168475,7
43145998,6
43114372,6
43044728,6
43167263,7
43089201,6
43081054,6
43136862,6
43142210,6
43003329,5
43181439,9
43188146,9
43179861,9
43171427,7
43181288,9
43178646,7
43064571,6
43187040,9
43171460,7
43174245,7
43188210,9
43154742,6
43157589,6
43086919,6
43096351,6
42986775,3
43099015,6
43176131,7
43143624,6
43177149,7
43100960,6
43171606,7
43170527,7
43170700,7
43139806,6
43149383,6
43083774,6
43176340,7
43163485,6
43077478,6
43169036,7
43172013,7
43081758,6
43183278,9
43172089,7
43160882,6
43104086,6
43155679,6
43176567,7
43143056,6
43118088,6
43173905,7
43173873,7
43129163,6
43151689,6
43187861,9
43185129,9
43180995,9
43093433,6
43101716,6
43182497,9
43171347,7
43182498,9
43094644,6
43120289,6
43176971,7
43098933,6
43076537,6
43136861,6
43161926,6
43178665,7
43188212,9
43133915,6
43009932,5
43131540,6
43174246,7
43015599,6
43168883,7
43125947,6
43115941,6
43072942,6
42986818,3
43117808,6
43117809,6
43176496,7
43172403,7
43126387,6
43097074,6
43152916,6
43164093,6
43173925,7
43052743,6
43062396,6
43122098,6
43185130,9
43141674,6
43093148,6
43150540,6
43189528,9
43178242,7
43149066,6
43174080,7
43178407,7
43186850,9
43150259,6
43181338,9
43190941,9
43069913,6
43181290,9
43177048,7
43178644,7
43191047,9
43185388,9
43168663,7
43189891,9
42981377,2
43040053,6
43166559,8
43183277,9
43187785,9
43095861,6
43191781,10
43145871,6
43071841,6
43190618,9
43187823,9
43192058,10
43129338,6
43146035,6
43183691,9
43139162,6
43183678,9
43165691,6
43150477,6
43186808,9
43133886,6
43188016,9
43136389,6
43178410,7
43061507,6
43181173,9
43164514,6
43190958,9
43154743,6
43188145,9
43179768,9
43186964,9
43189890,9
43189832,9
43156154,6
43046281,6
43167651,7
43171451,7
43187029,9
43170400,7
43189990,9
43168722,7
43188325,9
43061863,6
43145501,6
43132605,6
43176318,7
43099474,6
43090047,6
43159672,6
42999250,4
43155303,6
43151600,6
43186205,9
43190619,9
43190617,9
43173911,7
43183679,9
43151641,6
43180922,9
43054655,6
43155506,6
43174081,7
43179604,9
43181154,9
43162930,6
43142064,6
43176929,7
43179746,9
43172714,7
43184170,9
43050248,6
43192455,10
43096073,6
43086613,6
43128318,6
43147996,6
43189808,9
43189807,9
43184343,9
43036694,6
43193831,10
43191045,9
43188211,9
43003331,5
43134002,6
43087953,6
43112233,6
43191062,9
43138193,6
43018454,6
43190180,9
43166019,6
43064726,6
43138265,6
43115200,6
43154067,6
43179434,9
43155505,6
43093878,6
43184975,9
43126345,6
43191941,10
43141557,6
43177961,7
43173913,7
43166761,8
43164059,6
43139029,6
43192056,10
43172612,7
43182426,9
43101601,6
43195036,11
43121104,6
43136653,6
43160232,6
43107188,6
43193765,10
43052991,6
43186965,9
43190957,9
43193830,10
43195376,11
43191097,9
43120288,6
43189951,9
43187464,9
43187465,9
43137219,6
43057403,6
43098386,6
43165327,6
43130343,6
43081739,6
43171824,7
43119096,6
43154168,6
43163978,6
43173854,7
43155706,6
43187860,9
43146183,6
43193590,10
43115604,6
43193657,10
43181289,9
43128137,6
43115602,6
43193650,10
43196439,11
43163033,6
43174063,7
43165805,6
43185327,9
43178600,7
43193763,10
43173327,7
43072501,6
43084188,6
43176198,7
43000746,5
43182854,9
43115942,6
43176315,7
43077034,6
43197044,11
43183100,9
43176477,7
43162577,6
43196059,11
43179328,9
43184938,9
43098835,6
43182242,9
43144341,6
43183701,9
43193589,10
43195114,11
43195115,11
43189527,9
43040772,6
43163004,6
43193753,10
43185328,9
43198157,11
43165577,6
43182685,9
43196589,11
43008639,5
43101602,6
43139743,6
43168764,7
43178836,7
43145563,6
43142613,6
43191098,9
43154925,6
43103906,6
43048247,6
43087954,6
43059549,6
43098385,6
43157963,6
43109533,6
43135650,6
43116102,6
43160935,6
43149810,6
43190508,9
43072051,6
43122099,6
43194634,11
43193481,10
43196286,11
43082034,6
43160037,6
43195148,11
43133652,6
43195113,11
43179748,9
43179751,9
43198074,11
43146219,6
43181132,9
43198076,11
43187039,9
43192521,10
43196530,11
43190931,9
43167529,7
43193764,10
43184179,9
43190989,9
43167632,7
43156321,6
43198285,11
42976735,2
43067244,6
43143657,6
43185576,9
43143717,6
43178896,7
43071295,6
43190210,9
43148583,6
43137723,6
43183101,9
43168169,7
43152586,6
43092862,6
43172087,7
43186171,9
43159773,6
43186172,9
43082915,6
43183700,9
43182328,9
43173872,7
43179357,9
43190775,9
43178341,7
43143408,6
43187030,9
43169897,7
43195187,11
43171163,7
43197990,11
43192382,10
43192454,10
43192453,10
43124094,6
43178588,7
43181340,9
43042240,6
43195474,11
43163212,6
43189831,9
43173328,7
43196609,11
43137943,6
43156525,6
43177169,7
43137178,6
43193877,10
43185578,9
43190179,9
43121661,6
43177465,7
43052262,6
43163486,6
43154066,6
43132698,6
43163800,6
43130514,6
43176569,7
43183301,9
43094625,6
43001331,5
43188895,9
43198884,11
43141743,6
43124891,6
43115360,6
43172480,7
43118063,6
43146233,6
43190932,9
43107393,6
43195275,11
43081175,6
43193755,10
43202071,11
43202163,11
43040836,6
43076847,6
43084025,6
43157577,6
43123082,6
43046280,6
43131762,6
43176339,7
43112267,6
43187822,9
43197469,11
43193482,10
43043202,6
43190668,9
43191943,10
43200419,11
43094491,6
43022460,6
43180921,9
43165693,6
43131185,6
43185228,9
43185229,9
43188144,9
43202070,11
43164667,6
43190990,9
43195400,11
43184084,9
43203689,11
43202147,11
43199378,11
43198286,11
43199475,11
43199496,11
43064824,6
43095855,6
43177318,7
43198680,11
43120603,6
43109684,6
43202720,11
43100254,6
43175182,7
43143002,6
43194633,11
43196236,11
43159772,6
43151496,6
43179464,9
43158755,6
43196285,11
43124890,6
43194845,11
43194844,11
43179584,9
43200724,11
43202142,11
43128478,6
43198075,11
43202069,11
43196529,11
43178645,7
43193820,10
43202102,11
43107392,6
43184326,9
43109043,6
43178685,7
43171461,7
43159192,6
43118640,6
43175921,7
43199477,11
43160496,6
43128700,6
43086756,6
43114790,6
43125884,6
43062501,6
43177317,7
43093850,6
43149489,6
43181994,9
43198886,11
43155160,6
43187715,9
43187713,9
43119182,6
43143003,6
43096857,6
43173855,7
43124965,6
43143014,6
43158469,6
43183488,9
43200420,11
43146253,6
43175316,7
43135045,6
43201836,11
43193528,10
43183790,9
43097073,6
43200848,11
43183882,9
43202148,11
43193667,10
43160201,6
43199297,11
43176969,7
43203743,11
43177090,7
43140945,6
43181780,9
43204239,11
43174692,7
43085716,6
43118898,6
43190438,9
43169037,7
43156839,6
43149853,6
43165328,6
43082903,6
43187828,9
43180793,9
43191942,10
43168379,7
43180792,9
43197565,11
43159878,6
43207448,11
43151649,6
43160038,6
43192081,10
43204681,11
43172613,7
43139201,6
43171162,7
43183788,9
43139224,6
43085731,6
43176918,7
43189526,9
43196437,11
43129464,6
43160309,6
43115734,6
43181155,9
43114540,6
43202131,11
43186966,9
43136797,6
43181133,9
43184298,9
43196588,11
43202141,11
43201195,11
43195475,11
43206651,11
43076846,6
43193819,10
43173374,7
43132443,6
43205057,11
43196610,11
43160363,6
43060260,6
43201428,11
43156976,6
43202603,11
43171901,7
43148573,6
43146705,6
43188774,9
43196037,11
43112449,6
43140254,6
43151372,6
43202764,11
43207184,11
43187714,9
43201714,11
43154358,6
43201835,11
43207423,11
43194888,11
43181056,9
43204759,11
43204760,11
43137864,6
43151495,6
43098932,6
43021192,6
43187041,9
43181339,9
43199295,11
43168705,7
43179866,9
43182652,9
43206646,11
43206649,11
43018455,6
43099074,6
43145502,6
43170401,7
43190133,9
43181809,9
43156798,6
43196818,11
43000758,5
43088198,6
43079801,6
43205770,11
43186207,9
43194700,11
43084655,6
43151500,6
43204552,11
43187786,9
43194846,11
43192082,10
43159877,6
43141599,6
42999844,4
43208854,11
43150348,6
43208763,11
43183789,9
43181024,9
43189529,9
43176223,7
43069806,6
43193652,10
43183956,9
43124532,6
43067981,6
43203810,11
43195473,11
43106602,6
43184325,9
43171491,7
43206650,11
43185471,9
43176213,7
43039891,6
43152186,6
43180045,9
43190299,9
43144430,6
43137410,6
43118909,6
43060479,6
43154178,6
43207182,11
43112448,6
43197564,11
43182151,9
43207424,11
43196234,11
43208855,11
43195034,11
43139202,6
43156153,6
43209077,11
43136680,6
43202100,11
43195421,11
43203809,11
43210476,11
43206604,11
43167634,7
43203792,11
43203613,11
43206644,11
43212172,11
43175986,7
43202140,11
43045268,6
43184541,9
43191086,9
43137084,6
43151248,6
43199597,11
43181992,9
43199596,11
43204238,11
43199751,11
43198678,11
43169115,7
43132746,6
43159674,6
43091000,6
43165246,6
43112571,6
43158061,6
43171978,7
43180361,9
43152585,6
43175183,7
43107082,6
43207363,11
43205900,11
43182158,9
43205771,11
43144074,6
43151601,6
43208698,11
43094967,6
43207449,11
43207416,11
43164285,6
43062523,6
43079359,6
43186600,9
43210294,11
43002287,5
43208856,11
43194889,11
43185199,9
43140528,6
43182496,9
43196420,11
43183943,9
43200726,11
43209078,11
43199253,11
43184248,9
43193651,10
43203688,11
43210475,11
43178686,7
43151973,6
43189848,9
43161988,6
43212171,11
43206587,11
43181423,9
43209349,11
43209549,11
43210614,11
43115891,6
43034046,6
43137220,6
43159317,6
43137177,6
43099280,6
43167952,7
43163799,6
43208145,11
43118896,6
43205292,11
43155162,6
43190437,9
43151426,6
43205663,11
43154054,6
43198885,11
43205746,11
43207255,11
43126344,6
43204553,11
43201713,11
43172402,7
43208584,11
43207430,11
43201901,11
43214441,11
43207417,11
43211839,11
43179750,9
43118234,6
43189833,9
43201975,11
43209350,11
43190929,9
43151897,6
43209462,11
43160099,6
43209491,11
43199315,11
43201086,11
43210517,11
43210516,11
43104605,6
43177170,7
43129714,6
43213403,11
43032468,6
43160467,6
43127329,6
43208079,11
43209829,11
43207091,11
43155227,6
43144060,6
43171804,7
43116176,6
43059818,6
43185944,9
43209859,11
43190507,9
43151499,6
43212781,11
43207183,11
43201712,11
43168168,7
43164181,6
43194632,11
43187862,9
43203139,11
43009701,5
43203090,11
43214439,11
43115564,6
43211611,11
43197862,11
43211610,11
43195150,11
43210338,11
43167287,7
43197991,11
43100187,6
43214849,11
43206605,11
43191085,9
43151972,6
43203811,11
43193754,10
43214766,11
43173011,7
43179784,9
43159459,6
43214851,11
43159198,6
43193829,10
43136654,6
43137271,6
43129857,6
43171658,7
43149396,6
43187499,9
43159673,6
43157855,6
43181993,9
43195999,11
43215586,11
43212755,11
43215579,11
43163976,6
43204551,11
43214082,11
43176790,7
43137724,6
43212949,11
43201899,11
43083496,6
43164180,6
43183690,9
43211612,11
43179674,9
43208761,11
43192412,10
43058765,6
43197864,11
43211840,11
43147558,6
43112910,6
43207582,11
43209247,11
42987520,3
43143551,6
43085248,6
43213286,11
43198201,11
43200989,11
43206557,11
43217808,11
43193876,10
43096104,6
43216158,11
43146509,6
43173471,7
43206645,11
43177271,7
43187498,9
43185942,9
43051322,6
43169311,7
43104024,6
43196058,11
43202609,11
43190453,9
43120885,6
43214034,11
43216909,11
43138784,6
43173904,7
43212782,11
43106863,6
43197470,11
43207361,11
43186504,9
43166670,8
43197563,11
43170944,7
43176791,7
43211322,11
43212950,11
43105042,6
43087292,6
43213028,11
43161449,6
43101561,6
43218628,12
43214490,11
43111737,6
43213076,11
43039182,6
43157375,6
43084953,6
43218823,12
43218824,12
43214802,11
43214815,11
43217631,11
43199296,11
43122941,6
43217643,11
43214800,11
43200893,11
43195422,11
43214850,11
43200894,11
43202101,11
43163803,6
43162269,6
43157588,6
43210637,11
43209550,11
43128786,6
43008617,5
42990590,4
43124827,6
43155228,6
43176624,7
43215487,11
43171903,7
43198776,11
43183302,9
43209956,11
43199964,11
43144613,6
43186112,9
43154055,6
43213914,11
43218446,12
43219563,12
43211337,11
43191782,10
43212971,11
43205862,11
43211740,11
43150350,6
43147562,6
43094457,6
43128018,6
43136427,6
43214452,11
43204680,11
43164595,6
43217436,11
43136839,6
43204915,11
43055953,6
43217690,11
43220333,12
43117473,6
43214767,11
43185335,9
43220543,12
43196590,11
43199254,11
43220552,12
43137898,6
43198284,11
43217873,11
43210615,11
43210616,11
43178699,7
43215063,11
43106537,6
43098267,6
43092261,6
43085322,6
43157964,6
43174608,7
43162475,6
43091201,6
43154090,6
43135875,6
43119134,6
43188894,9
43193250,10
43215554,11
43105043,6
42995550,4
43189136,9
43212783,11
43215587,11
43177622,7
43211285,11
43042760,6
43218448,12
43168260,7
43221280,12
43114163,6
43095863,6
43200421,11
43214488,11
43211739,11
43208909,11
43115603,6
43184178,9
43215837,11
43214635,11
43211801,11
43214634,11
43218716,12
43218659,12
43218727,12
43209079,11
43203649,11
43214816,11
43216110,11
43217667,11
43181595,9
43220551,12
43101934,6
43178700,7
43131485,6
43200987,11
43216115,11
43145562,6
43164795,6
43057320,6
43220793,12
43103661,6
43157838,6
43209830,11
43115048,6
43208080,11
43137556,6
43218198,12
43216445,11
43215457,11
43218243,12
43202763,11
43209916,11
43148717,6
43065149,6
43211324,11
43208583,11
43011142,5
43173923,7
43221362,12
43161532,6
43201915,11
43162973,6
43222956,12
43193666,10
43169885,7
43188071,9
43157155,6
43221617,12
43192381,10
43217569,11
43213285,11
43206458,11
43214896,11
43148155,6
43190991,9
43213274,11
43223430,12
43201196,11
43163248,6
43199493,11
43131538,6
43221835,12
43151127,6
43177168,7
43190209,9
43096465,6
43135657,6
43212665,11
43071675,6
43145678,6
43218244,12
43207090,11
43208094,11
43209917,11
43215459,11
43212757,11
43219362,12
43211056,11
43209887,11
43193251,10
43190510,9
43144340,6
43219676,12
43221226,12
43147447,6
43219675,12
43207264,11
43205863,11
43215666,11
43182157,9
43222685,12
43221364,12
43087689,6
43146801,6
43214489,11
43221479,12
43201900,11
43222955,12
43195279,11
43147486,6
43211802,11
43208951,11
43218714,12
43220269,12
43122837,6
43111739,6
43186972,9
43206588,11
43072891,6
43220761,12
43181779,9
43217809,11
43220794,12
43216239,11
43095336,6
43154924,6
43042755,6
43076242,6
43151498,6
43147064,6
43221062,12
43132862,6
43183102,9
43199708,11
43202721,11
43096036,6
43187691,9
43222236,12
43152565,6
43210024,11
43218533,12
43142886,6
43190669,9
43143241,6
43087509,6
43141741,6
43221363,12
43186599,9
43220135,12
43225625,13
43181054,9
43136428,6
43182504,9
43225850,13
43107153,6
43178243,7
43221592,12
43213275,11
43043203,6
43178590,7
43186971,9
43217668,11
43174307,7
43218866,12
43189727,9
43177147,7
43224493,13
43162270,6
43221806,12
43153894,6
43104031,6
43121561,6
43224870,13
43177521,7
43224725,13
43154119,6
43223952,13
43216584,11
43215555,11
43154089,6
43075377,6
43180527,9
43177621,7
43149000,6
43222378,12
43191783,10
43215667,11
43215636,11
43216842,11
43211323,11
43215836,11
43217116,11
43069324,6
43225624,13
43220137,12
43219955,12
43220136,12
43218660,12
43184085,9
43162644,6
43225849,13
43214818,11
43210421,11
43223161,12
43224423,13
43209490,11
43160308,6
43214966,11
43122827,6
43217691,11
43008618,5
43223429,12
43167276,7
43202269,11
43223354,12
43224492,13
43206603,11
43224599,13
43205058,11
42986674,3
43152187,6
43098055,6
43213419,11
43109416,6
43209828,11
43218242,12
43224823,13
43224895,13
43216558,11
43049633,6
43142887,6
43219804,12
43226759,13
43225168,13
43155678,6
43215637,11
43179465,9
43225365,13
43130516,6
43221279,12
43219709,12
43214256,11
43187824,9
43158495,6
43166786,8
43212969,11
43109903,6
43213075,11
43219954,12
43158851,6
43184062,9
43192314,10
43220207,12
43189729,9
43149151,6
43139741,6
43223484,12
43223348,12
43223347,12
43224494,13
43210554,11
43203791,11
43223474,12
43217810,11
43200847,11
43200988,11
43210638,11
43213402,11
43191064,9
43135410,6
43223743,13
43096352,6
43187466,9
43149425,6
43116195,6
43224821,13
43224897,13
43208184,11
43151425,6
43215585,11
43216752,11
43222235,12
43184969,9
43121560,6
43225169,13
43228044,13
43229613,13
43207198,11
43207265,11
43111075,6
43205662,11
43226853,13
43137881,6
43193526,10
43225580,13
43225581,13
43229820,13
43193576,10
43225846,13
43195149,11
43185198,9
43214707,11
43226021,13
43203441,11
43161989,6
43214708,11
43189608,9
43228816,13
43224505,13
43228818,13
43216117,11
43220491,12
43195664,11
42986673,3
43185473,9
43174408,7
43191065,9
43224598,13
43182715,9
43075856,6
43230209,13
43170459,7
43184676,9
43110362,6
43120150,6
43141162,6
43096858,6
43221075,12
43223815,13
43223798,13
43213651,11
43221061,12
43221063,12
43213667,11
43168259,7
43171904,7
42999109,4
43163487,6
43162476,6
43085125,6
43210025,11
43213915,11
43228037,13
43175271,7
43230902,13
43190573,9
43184968,9
43179649,9
43090432,6
43229705,13
43093147,6
43231180,13
43229819,13
43156975,6
43165578,6
43225845,13
43167262,7
43192313,10
43023881,6
43210420,11
43101719,6
43208950,11
43223202,12
43171457,7
43184344,9
43176072,7
43179860,9
43218867,12
43226247,13
43202130,11
43230095,13
43205050,11
43138194,6
43226342,13
43101933,6
43223744,13
43112234,6
43177270,7
43223835,13
43232248,13
43226758,13
43223943,13
43155278,6
43201633,11
43190454,9
43199750,11
43228043,13
42974920,2
43063896,6
43228036,13
43229728,13
43232599,13
43207362,11
43193483,10
43102374,6
43144429,6
43211575,11
43218673,12
43225686,13
43224169,13
43087721,6
43231425,13
43179711,9
43147777,6
43105899,6
43117404,6
43201916,11
43231580,13
42994480,4
43224383,13
43190942,9
43230051,13
43221627,12
43228817,13
43160231,6
43228871,13
43230052,13
43184171,9
43140838,6
43217630,11
43223428,12
43089366,6
43129851,6
43205051,11
43224868,13
43232249,13
43226689,13
43232312,13
43207089,11
43155098,6
43144059,6
43174609,7
43230687,13
43227838,13
43135858,6
43213874,11
43232411,13
43172198,7
43138608,6
43087420,6
43225239,13
43229622,13
43219707,12
43173853,7
43225366,13
43232543,13
43226786,13
43177783,7
43175603,7
43213029,11
43218728,12
43231576,13
43234345,13
43226020,13
43209246,11
43223346,12
43214898,11
43231581,13
43228675,13
43096296,6
43162192,6
43195666,11
43199379,11
43140890,6
43232028,13
43037933,6
43151125,6
43071840,6
43045613,6
43223817,13
43212666,11
43223799,13
43232250,13
43233431,13
43235142,13
43176483,7
43227885,13
43235127,13
43222284,12
43227884,13
43124861,6
43174914,7
43227889,13
43230696,13
43193373,10
43229571,13
43013539,5
43226827,13
43194699,11
43229730,13
43115580,6
43128022,6
43232686,13
43232685,13
43218761,12
43218715,12
43167343,7
43220490,12
43081055,6
43224384,13
43189728,9
43228987,13
43107382,6
43231775,13
43231933,13
43107555,6
43228872,13
43195335,11
43216116,11
43081174,6
43082448,6
43115735,6
43023259,6
43118639,6
43190271,9
43010189,5
43190272,9
43108579,6
43229366,13
43230323,13
43209860,11
43226575,13
43232247,13
43221064,12
43013253,5
43224869,13
43168121,7
43210096,11
43232409,13
43176568,7
43229684,13
43012432,5
43121162,6
43201976,11
43226956,13
43221371,12
43161323,6
43126597,6
43037447,6
43205621,11
43227088,13
43234094,13
43218627,12
43147776,6
43227105,13
43234294,13
43220206,12
43190940,9
43209248,11
43211841,11
43229900,13
43237213,13
43234453,13
43206459,11
43231774,13
43189892,9
43185439,9
43022761,6
43234873,13
43173559,7
43149811,6
43216396,11
43185943,9
43134500,6
43236298,13
43179358,9
43015228,6
43191840,10
43235312,13
43091781,6
43194887,11
43232544,13
43162648,6
43212970,11
43193527,10
43111498,6
43231189,13
43110000,6
43200404,11
43235506,13
43231424,13
43218661,12
43228750,13
43172683,7
43164270,6
43218760,12
43162649,6
43194999,11
43234374,13
43231582,13
43178589,7
43234452,13
43192720,10
43232915,13
43223398,12
43218903,12
43218980,12
43237487,13
43235790,13
43175602,7
43237556,13
43159614,6
43105122,6
43196057,11
43147022,6
43202742,11
43237833,13
43173622,7
43235100,13
43216583,11
43222344,12
43188893,9
43229548,13
43151485,6
43225171,13
43225238,13
43119262,6
43190512,9
43236434,13
43077582,6
43238266,13
43237036,13
43222907,12
43234096,13
43164515,6
43176930,7
43222906,12
43231577,13
43223159,12
43237171,13
43200725,11
43234376,13
43223160,12
43109042,6
43177091,7
43237212,13
43114541,6
43234441,13
43237486,13
43182716,9
43223203,12
43104806,6
43224600,13
43213287,11
43075709,6
43128787,6
43140943,6
43178813,7
43176132,7
43218979,12
43234648,13
43230136,13
43197223,11
43221076,12
43236299,13
43099623,6
43210095,11
43221225,12
43092932,6
43233393,13
43240807,14
43233650,13
43230786,13
43222684,12
43239363,13
43238077,13
43226927,13
43232600,13
43101562,6
43182428,9
43200734,11
43194998,11
43218674,12
43221478,12
43225626,13
43157311,6
43228421,13
43222945,12
43234234,13
43198200,11
43181025,9
43136390,6
43210419,11
43167288,7
43151654,6
43221370,12
43241184,14
43214801,11
43157550,6
43142287,6
43187222,9
43232838,13
43238494,13
43238515,13
43128671,6
43201427,11
43237555,13
43223473,12
43095422,6
43168873,7
43206853,11
43157602,6
43124167,6
43135651,6
43187497,9
43230324,13
43145743,6
43241696,14
43140258,6
43197212,11
43207199,11
43166454,8
43230697,13
43240801,14
43173924,7
43218560,12
43204568,11
43124784,6
43219956,12
43228419,13
43229729,13
43134618,6
43155919,6
43231179,13
43239710,13
43208762,11
43214636,11
43242561,14
43187969,9
43143242,6
43225685,13
43239680,13
43222944,12
43125304,6
43235507,13
43147672,6
43200802,11
43227117,13
43135046,6
43241175,14
43215905,11
43241150,14
43122946,6
43238351,13
43235641,13
43238493,13
43087917,6
43220522,12
43215128,11
43241383,14
43021252,6
43201314,11
43226340,13
43231665,13
43128785,6
43087102,6
43055013,6
43104921,6
43229364,13
43243348,15
43120825,6
43197211,11
43227839,13
43207197,11
43241973,14
43240719,14
43229549,13
43158398,6
43211335,11
43216711,11
43233652,13
43194525,11
43238112,13
43190776,9
43229854,13
43166922,8
43214709,11
43239681,13
43089181,6
43243865,15
43242562,14
43179648,9
43242738,14
43189806,9
43195278,11
43181268,9
43241149,14
43220521,12
43241298,14
43230053,13
43224504,13
43234631,13
43242947,14
43232916,13
43177089,7
43173120,7
43064312,6
43059238,6
43038098,6
43185579,9
43051940,6
43188326,9
43193870,10
43096297,6
43201175,11
43167836,7
43190300,9
43226574,13
43156837,6
43176680,7
43237832,13
43235094,13
43241669,14
43230441,13
43235141,13
43237967,13
43155537,6
43240798,14
43239302,13
43154455,6
43242149,14
43192122,10
43094456,6
43240949,14
43238147,13
43245300,15
43144853,6
43243895,15
43227190,13
43241193,14
43238350,13
43224385,13
43241186,14
43220492,12
43241192,14
43242780,14
43230096,13
43143658,6
43244154,15
43237214,13
43214965,11
43223261,12
43230123,13
43245781,15
43231839,13
43202250,11
43237588,13
43243194,15
43241356,14
43232970,13
43246156,15
43050347,6
43121730,6
43198777,11
43188697,9
43232222,13
43158062,6
43146082,6
43244920,15
43162849,6
43244848,15
43240805,14
43221281,12
43173861,7
43235330,13
43163850,6
43108302,6
43243754,15
43245411,15
43243867,15
43229853,13
43243894,15
43083699,6
43120735,6
43242827,14
43228988,13
43242739,14
43224424,13
43238482,13
43191046,9
43237406,13
43153692,6
43245780,15
43244121,15
43195553,11
43241336,14
43232839,13
43241386,14
43244209,15
43078529,6
43245974,15
43049194,6
43227406,13
43025936,6
43183053,9
43115199,6
43221024,12
43221023,12
43243346,15
43238860,13
43223951,13
43151484,6
43216843,11
43241974,14
43166595,8
43244718,15
43233651,13
43179403,9
43226826,13
43230900,13
43229682,13
43228042,13
43176349,7
43235287,13
43243755,15
43245299,15
43238265,13
42998542,4
43203614,11
43162931,6
43243888,15
43105862,6
43122716,6
43243987,15
43237170,13
43217568,11
43202162,11
43144852,6
43246871,15
43175920,7
43207581,11
43246896,15
42982191,2
43221856,12
43146507,6
43241387,14
43241357,14
43230250,13
43189950,9
43109281,6
43183052,9
43176317,7
43119183,6
43223944,13
43246264,15
43181998,9
43081728,6
43236119,13
43240721,14
43205293,11
43146768,6
43043076,6
43243581,15
43246423,15
43141400,6
43249179,15
43230901,13
43229620,13
43226955,13
43233898,13
43196287,11
43186502,9
43150349,6
43136652,6
43213027,11
43239889,13
43242737,14
43246795,15
43221643,12
43098126,6
43241173,14
43246894,15
43142286,6
43227193,13
43234632,13
43242948,14
43244123,15
43217875,11
43178815,7
43244078,15
43231776,13
43221834,12
43244122,15
43231858,13
43241372,14
43071249,6
43234872,13
43145561,6
43160781,6
43230322,13
43247289,15
43240737,14
43224968,13
43244719,15
43187692,9
43244803,15
43193372,10
43229669,13
43249240,15
43229621,13
43246504,15
43166950,8
43182343,9
43207447,11
43243866,15
43243881,15
43243882,15
43135086,6
43250835,15
43146184,6
43168573,7
43248309,15
43249487,15
43228674,13
43206508,11
43178667,7
43234451,13
43230094,13
43246869,15
43242828,14
43241358,14
43230124,13
43242867,14
43171657,7
43167663,7
43241388,14
42975448,2
43244207,15
43229256,13
43248934,15
43243456,15
43120826,6
43243347,15
43216446,11
43250470,15
43250469,15
43221224,12
43230976,13
43179463,9
43245391,15
43219805,12
43243880,15
43234095,13
43229898,13
43190827,9
43243889,15
43249586,15
43214257,11
43238320,13
43237169,13
43136679,6
43246793,15
43227194,13
43194952,11
43136681,6
43251242,15
43252388,15
43252383,15
43246870,15
43173119,7
43185513,9
43249712,15
43248660,15
43150881,6
43241371,14
43230134,13
43122945,6
43241335,14
43206509,11
43115908,6
43156524,6
43243186,15
43115907,6
43231934,13
43185575,9
43158279,6
43199925,11
43237877,13
43244786,15
43250329,15
43236433,13
43249180,15
43240799,14
43250471,15
43244921,15
43235329,13
43130995,6
43219674,12
43252187,15
43225579,13
43242552,14
43243893,15
43232559,13
43232960,13
43219947,12
43195035,11
43182505,9
43249500,15
43245298,15
43249488,15
43137865,6
43214897,11
43200801,11
43220208,12
43246805,15
43221642,12
43230074,13
43245569,15
43248556,15
43242795,14
43248459,15
43251247,15
43220544,12
43150882,6
43252480,15
43117182,6
43252420,15
43252384,15
43254099,15
43251394,15
43238495,13
43146371,6
43249777,15
43249711,15
43249776,15
43251688,15
43017588,6
42981296,2
43237834,13
43251875,15
43126439,6
43116175,6
43163977,6
43214083,11
43254773,15
43159810,6
43188984,9
43146017,6
43093125,6
43107843,6
43124785,6
43243837,15
43255010,15
43249486,15
43128139,6
43120886,6
43218868,12
43232655,13
43226306,13
43137692,6
43242782,14
43254052,15
43156173,6
43142089,6
43228939,13
43234630,13
43235642,13
43216174,11
43201088,11
43217874,11
43220688,12
43220760,12
43221787,12
43252674,15
43230442,13
43246263,15
43196000,11
43102241,6
43237966,13
43154118,6
43252004,15
43256026,15
43235288,13
43218574,12
43177962,7
43254847,15
43154169,6
43234082,13
43252186,15
43127716,6
43160131,6
43253565,15
43196438,11
43163003,6
43255011,15
43255112,15
43242877,14
43248310,15
43238321,13
43234296,13
43132312,6
43253900,15
43255157,15
43214145,11
43252387,15
43249585,15
43129487,6
43188107,9
43253968,15
43245570,15
43215995,11
43241151,14
43255245,15
43248555,15
43189926,9
43061731,6
43244229,15
43159372,6
43223260,12
43249775,15
43243211,15
43246157,15
43176199,7
43173472,7
43131761,6
43202377,11
43171962,7
43172067,7
43209936,11
43209935,11
43188985,9
43127711,6
43236432,13
43235303,13
43255979,15
43169194,7
43235262,13
43250328,15
43189018,9
43205747,11
43239303,13
43148999,6
43136073,6
43250834,15
43254965,15
43106538,6
43256606,16
43190828,9
43246806,15
43095209,6
43252385,15
43246807,15
43252389,15
43224686,13
43242744,14
43203651,11
43255244,15
43210556,11
43254012,15
43255199,15
43061857,6
43254241,15
43244208,15
43203742,11
43233072,13
43226341,13
43244230,15
43223475,12
43243187,15
43210660,11
43028695,6
43191250,9
43196817,11
43181921,9
43110604,6
43224724,13
43187968,9
43249101,15
43176388,7
43222100,12
43082853,6
43235311,13
43245117,15
43232542,13
43158278,6
43208697,11
43178482,7
43196422,11
43243823,15
43141812,6
43257805,16
43255012,15
43238267,13
43255156,15
43259489,16
43259529,16
43257986,16
43254051,15
43241185,14
43256906,16
43128611,6
43251395,15
43258137,16
43244245,15
43246977,15
43131603,6
43167873,7
43257172,16
43138195,6
43223827,13
43216753,11
43037701,6
43115290,6
43187827,9
43116803,6
43247921,15
43239364,13
43232661,13
43179583,9
43239581,13
43107122,6
43149152,6
43257806,16
43245392,15
43257987,16
43257902,16
43260775,16
43186809,9
43189925,9
43118499,6
43251217,15
43201176,11
43163283,6
43141556,6
43216157,11
43251396,15
43082447,6
43140908,6
43260933,16
43132603,6
43191150,9
43244202,15
43174407,7
43244231,15
43258245,16
43258246,16
43092718,6
43205212,11
43107696,6
43235093,13
43224969,13
43250083,15
43258476,16
43211574,11
43230689,13
43244717,15
43258661,16
43169886,7
43237968,13
43229612,13
43260253,16
43252005,15
43249246,15
43249244,15
43240720,14
43214249,11
43145166,6
43247873,15
43219714,12
43151608,6
43247666,15
43232660,13
43229572,13
43239510,13
43254979,15
43197776,11
43092196,6
43249587,15
43241174,14
43209463,11
43160525,6
43230135,13
43238511,13
43235788,13
43262666,16
43157601,6
43251556,15
43215375,11
43202608,11
43145744,6
43096958,6
43081894,6
43195998,11
43144061,6
43232307,13
43244801,15
43258810,16
43158252,6
43244785,15
43253203,15
43199924,11
43254771,15
43254772,15
43247872,15
43261766,16
43211287,11
43211336,11
43136072,6
43257689,16
43214362,11
43186503,9
43227118,13
43139163,6
43231383,13
43139203,6
43171346,7
43163042,6
43257901,16
43192411,10
43246786,15
43238319,13
43241099,14
43241147,14
43257899,16
43260804,16
43248546,15
43263536,16
43227276,13
43199255,11
43189927,9
43248478,15
43157603,6
43256905,16
43245795,15
43251246,15
43223397,12
43248545,15
43047927,6
43255352,15
43216173,11
43262664,16
43238481,13
43258138,16
43260905,16
43237485,13
43260906,16
43255286,15
43232027,13
43255305,15
43262748,16
43246089,15
43216151,11
43259951,16
43262746,16
43181438,9
43198679,11
43247151,15
43194953,11
43210907,11
43213875,11
43184974,9
43232313,13
43255976,15
43260403,16
43258982,16
43252101,15
43261768,16
43218532,12
43263314,16
43256225,15
43214144,11
43175442,7
43207429,11
43264734,16
43228797,13
43259463,16
43259465,16
43263535,16
43253898,15
43253899,15
43260803,16
43256848,16
43265165,16
43115620,6
43265339,16
43195541,11
43255210,15
43260805,16
43215966,11
43263626,16
43167664,7
43101099,6
43241373,14
43211936,11
43181773,9
43155097,6
43233394,13
43257364,16
43207249,11
43220985,12
43264049,16
43209793,11
43170945,7
43253093,15
43263043,16
43190455,9
43227837,13
43243582,15
43258834,16
43154357,6
43193219,10
43261620,16
43249245,15
43260404,16
43253491,15
43263313,16
43264733,16
43229855,13
43243890,15
43264853,16
43255036,15
43266274,16
43229899,13
43251058,15
43259464,16
43260773,16
43234346,13
43265075,16
43234375,13
43251245,15
43265242,16
43254407,15
43263692,16
43243185,15
43258208,16
43260907,16
43202249,11
43230208,13
43206903,11
43230207,13
43260980,16
43229331,13
43176212,7
43152352,6
43187578,9
43187570,9
43223816,13
43199965,11
43264050,16
43249110,15
43263074,16
43263096,16
43263095,16
43202741,11
43250330,15
43249178,15
43264310,16
43253204,15
43265999,16
43240806,14
43249239,15
43267430,16
43235304,13
43141598,6
43239778,13
43267567,16
43187742,9
43163849,6
43246794,15
43262042,16
43231267,13
43252245,15
43255035,15
43179712,9
43264936,16
43203605,11
43256747,16
43265015,16
43267831,16
43239890,13
43235643,13
43265163,16
43263534,16
43254013,15
43207543,11
43230126,13
43254288,15
43248544,15
43265340,16
43265338,16
43259829,16
43259827,16
43265288,16
43265368,16
43255285,15
43229017,13
43238516,13
43212170,11
43259828,16
43229015,13
43167875,7
43088199,6
43188695,9
43209888,11
43246265,15
43207062,11
43266791,16
43237831,13
43264051,16
43183212,9
43267001,16
43238076,13
43249238,15
43264340,16
43251919,15
43214081,11
43232470,13
43268814,16
43268815,16
43238113,13
43069284,6
43176679,7
43243821,15
43260575,16
43193575,10
43256605,16
43225700,13
43253797,15
43067341,6
43256748,16
43242868,14
43269130,16
43255209,15
43257988,16
43245675,15
43181269,9
43256907,16
43174406,7
43245782,15
43255200,15
43266490,16
43265420,16
43265287,16
43234554,13
43252419,15
43081235,6
43178521,7
43232959,13
43243193,15
43233071,13
43262796,16
43268358,16
43011852,5
43210722,11
43216294,11
43240738,14
43151472,6
43269509,16
43221011,12
43176566,7
43269663,16
43088618,6
43267048,16
43180158,9
43251920,15
43180360,9
43162670,6
43173787,7
43267366,16
43175272,7
43196235,11
43201834,11
43194701,11
43250785,15
43243753,15
43182427,9
43218626,12
43231266,13
43203604,11
43178408,7
43254157,15
43269114,16
43216043,11
43251057,15
43253969,15
43242826,14
43193638,10
43251241,15
43241148,14
43181560,9
43246895,15
43221626,12
43244079,15
43270842,16
43156523,6
43252481,15
43265286,16
43265369,16
43263693,16
43271033,16
43258136,16
43265443,16
43216269,11
43232892,13
43196813,11
43157587,6
43182855,9
43177466,7
43201518,11
43258477,16
43258474,16
43232306,13
43146802,6
43215486,11
43250084,15
43255843,15
43266086,16
43166455,8
43259009,16
43182241,9
43166564,8
43231181,13
43105901,6
43249501,15
43177522,7
43254964,15
43270366,16
43182344,9
43227104,13
43253796,15
43264815,16
43178409,7
43266273,16
43267910,16
43199267,11
43266368,16
43270819,16
43218798,12
43231837,13
43262525,16
43272007,16
43270951,16
43254242,15
43271087,16
43263691,16
43151126,6
43251558,15
43269319,16
43272135,16
43235789,13
43260945,16
43271159,16
43258110,16
43251557,15
43098056,6
43126074,6
43142614,6
43244244,15
43177272,7
43165247,6
43243364,15
43229363,13
43269519,16
43269664,16
43229365,13
43255502,15
43202601,11
43232334,13
43258475,16
43191839,10
43271471,16
43201517,11
43230688,13
43187569,9
43216723,11
43244849,15
43255975,15
43232505,13
43171823,7
43187577,9
43271666,16
43223942,13
43254846,15
43158496,6
43268844,16
43219715,12
43271656,16
43263232,16
43228420,13
43234083,13
43271700,16
43210339,11
43202810,11
43267569,16
43243836,15
43189433,9
43271843,16
43146220,6
43260558,16
43259358,16
43264814,16
43190956,9
43246787,15
43266367,16
43221618,12
43255284,15
43195552,11
43214525,11
43226307,13
43272134,16
43255351,15
43262665,16
43263628,16
43203790,11
43228904,13
43220710,12
43257209,16
43260944,16
43251535,15
43260934,16
43271088,16
43167633,7
43006145,5
43227400,13
43246090,15
43213418,11
43014732,6
43262985,16
43208144,11
43218199,12
43247290,15
43265747,16
43269665,16
43218230,12
43263042,16
43263076,16
43091446,6
43264311,16
43109863,6
43183211,9
43252075,15
43274401,16
43268753,16
43126385,6
43196349,11
43245119,15
43239712,13
43243835,15
43229897,13
43273223,16
43243822,15
43134003,6
43270531,16
43241097,14
43265076,16
43209155,11
43220334,12
43271937,16
43245796,15
43248479,15
43265164,16
43274834,16
43192520,10
43221616,12
43242745,14
43272069,16
43218799,12
43262480,16
43270953,16
43262732,16
43162161,6
43235736,13
43216150,11
43098057,6
43121652,6
43274140,16
43140380,6
43232221,13
43222343,12
43274137,16
43224941,13
43240667,14
43239083,13
43263159,16
43274311,16
43268752,16
43264309,16
43216724,11
43236297,13
43260492,16
43242012,14
43274543,16
43271767,16
43252246,15
43273324,16
43269116,16
43172199,7
43257851,16
43270796,16
43047928,6
43266405,16
43270870,16
43269220,16
43191149,9
42975450,2
43265376,16
43162160,6
43274911,16
43249671,15
43271086,16
43067685,6
43252676,15
43180157,9
43247291,15
43215488,11
43274206,16
43274205,16
43275358,16
43112514,6
43176387,7
43213650,11
43213783,11
43267002,16
43277150,16
43275380,16
43258777,16
43271561,16
43272765,16
43265874,16
43244802,15
43268739,16
43266000,16
43275960,16
43276178,16
43245262,15
43162932,6
43221480,12
43269115,16
43255242,15
43213077,11
43226854,13
43230076,13
43270946,16
43270821,16
43273569,16
43202111,11
43277677,16
43254089,15
43270945,16
43072941,6
43265422,16
43274912,16
43274943,16
43269320,16
43274993,16
43193871,10
43276817,16
43269316,16
43220687,12
43155133,6
43216395,11
43268514,16
43247149,15
43268595,16
43271344,16
43277981,16
43238791,13
43269905,16
43274268,16
43243580,15
43255977,15
43269909,16
43271470,16
43102375,6
43222207,12
43269910,16
43277149,16
43263160,16
43269976,16
43222377,12
43255002,15
43193378,10
43271658,16
43258981,16
43239580,13
43275959,16
43210334,11
43189019,9
43273323,16
43224296,13
43257846,16
43250833,15
43163002,6
43234235,13
43269131,16
43276449,16
43273571,16
43270820,16
43279233,16
43179404,9
43279220,16
43257983,16
43271976,16
43277676,16
43202132,11
43274835,16
43277632,16
43276391,16
43273760,16
43166038,6
43234647,13
43276702,16
43265374,16
43269315,16
43271019,16
43274991,16
43274944,16
43274945,16
43276703,16
43271020,16
43274984,16
43265445,16
43221786,12
43163164,6
43176133,7
43273983,16
43181920,9
43221109,12
43274138,16
43240603,14
43238859,13
43212756,11
43275359,16
43185903,9
43226785,13
43279885,16
43227617,13
43278373,16
43207354,11
43199966,11
43258812,16
43224236,13
43226736,13
43254859,15
43150055,6
43267568,16
43260576,16
43269025,16
43269026,16
43267912,16
43271860,16
43266369,16
43276248,16
43215965,11
43279098,16
43236826,13
43271903,16
43257982,16
43189989,9
43266358,16
43174336,7
43248557,15
43265184,16
43270869,16
43257014,16
43279405,16
43263627,16
43277731,16
43274843,16
43078530,6
43256936,16
43259952,16
43277737,16
43195753,11
43258247,16
43257173,16
43212331,11
43092716,6
43262797,16
43262747,16
43251687,15
43226573,13
43280801,16
43241668,14
43188696,9
43274170,16
43274204,16
43257365,16
43173720,7
43274294,16
43265873,16
43278377,16
43277156,16
43268686,16
43271562,16
43197404,11
43271657,16
43200403,11
43268813,16
43280051,16
43253489,15
43265998,16
43256676,16
43239711,13
43271841,16
43281727,16
43243884,15
43271859,16
43269129,16
43278915,16
43281971,16
43255201,15
43276448,16
43280389,16
43256900,16
43210333,11
43095262,6
43277630,16
43280429,16
43193923,10
43279404,16
43282102,16
43282217,16
43277675,16
43276598,16
43274887,16
43126075,6
43262612,16
43272141,16
43194020,10
43243365,15
43172715,7
43247150,15
43215376,11
43282600,16
43169195,7
43202722,11
43278300,16
43240768,14
43190511,9
43253202,15
43193377,10
43243696,15
43268740,16
43185112,9
43281286,16
43267367,16
43219651,12
43216908,11
43264735,16
43259576,16
43276029,16
43260557,16
43273224,16
43101818,6
43218573,12
43215994,11
43276177,16
43280294,16
43273378,16
43172355,7
43270795,16
43267911,16
43277565,16
43277578,16
43260774,16
43270765,16
43279219,16
43270944,16
43195280,11
43272067,16
43270766,16
43185594,9
43283218,16
43270952,16
43189380,9
43140906,6
43272142,16
43185514,9
43258209,16
43156838,6
43280796,16
43268513,16
43255501,15
43255503,15
43208135,11
43282602,16
43171963,7
43218447,12
43279878,16
43240668,14
43235186,13
43227706,13
43226031,13
43279954,16
43266064,16
43274407,16
43279953,16
43212622,11
43282852,16
43184061,9
43193574,10
43233899,13
43060860,6
43061508,6
43221670,12
43195188,11
43119133,6
43227106,13
43261991,16
43278917,16
43283074,16
43276176,16
43284579,16
43231598,13
43254014,15
43271974,16
43265183,16
43262524,16
43283217,16
43276510,16
43272068,16
43283293,16
43283219,16
43285028,16
43285157,16
43258185,16
43285026,16
43202270,11
43126073,6
43269436,16
43148584,6
43279762,16
43282546,16
43207050,11
43222144,12
43262984,16
43197402,11
43226563,13
43274293,16
43274269,16
43278301,16
43285476,16
43279886,16
43281132,16
43232471,13
43263161,16
43141813,6
43281287,16
43280050,16
43275810,16
43238235,13
43251056,15
43135379,6
43280234,16
43040780,6
43269027,16
43250786,15
43266357,16
43265074,16
43285954,16
43099073,6
43280413,16
43234208,13
43283179,16
43280387,16
43280434,16
43251218,15
43257955,16
43277736,16
43272143,16
43282101,16
43255196,15
43274937,16
43260932,16
43282216,16
43283323,16
43254240,15
43221855,12
43268285,16
43046230,6
43142664,6
43280598,16
43123431,6
43266665,16
43250151,15
43220986,12
43280797,16
43261250,16
43280800,16
43267000,16
43240800,14
43283897,16
43278376,16
43279952,16
43246536,15
43281470,16
43261767,16
43274659,16
43266275,16
43276023,16
43280236,16
43079480,6
43221523,12
43283063,16
43285956,16
43208922,11
43284650,16
43259531,16
43267830,16
43283180,16
43256849,16
43206556,11
43282030,16
43274886,16
43271157,16
43189952,9
43228940,13
43280518,16
43287827,16
43184638,9
43283325,16
43162159,6
43204149,11
43215348,11
43185885,9
43282548,16
43222501,12
43267047,16
43243583,15
43204646,11
43155132,6
43285453,16
43201634,11
43286847,16
43253255,15
43140257,6
43242447,14
43284222,16
43274456,16
43048533,6
43246539,15
43204721,11
43285725,16
43277270,16
43257898,16
43271766,16
43196350,11
43284481,16
43280235,16
43225825,13
43265016,16
43280292,16
43288744,16
43288680,16
43217644,11
43259577,16
43283178,16
43280293,16
43271975,16
43284872,16
43271928,16
43255241,15
43284913,16
43241191,14
43249713,15
43265182,16
43263432,16
43135378,6
43280465,16
43265421,16
43282218,16
43283324,16
43287770,16
43241355,14
43231597,13
43286074,16
43252479,15
43287826,16
43287769,16
43265444,16
43053769,6
43287771,16
43258109,16
43280519,16
43254287,15
43235735,13
43273982,16
43142665,6
43185886,9
43255500,15
43269434,16
43162500,6
43276974,16
43163518,6
43250052,15
43282601,16
43208134,11
43289323,16
43285444,16
43232335,13
43246422,15
43216725,11
43258833,16
43268741,16
43241638,14
43198952,11
43280052,16
43204647,11
43284078,16
43282850,16
43233732,13
43284220,16
43285739,16
43235227,13
43262043,16
43231268,13
43288609,16
43277269,16
43253564,15
43273222,16
43271861,16
43282997,16
43287481,16
43273380,16
43290306,16
43271842,16
43238094,13
43284621,16
43288743,16
43287582,16
43265017,16
43290361,16
43280463,16
43270843,16
43217669,11
43284891,16
43280464,16
43274885,16
43273905,16
43256697,16
43287828,16
43276701,16
43283295,16
43286100,16
43242946,14
43283294,16
43274992,16
43204150,11
43229285,13
43287898,16
43268286,16
43285159,16
43118062,6
43063338,6
43187813,9
43115128,6
43184808,9
43285351,16
43241639,14
43219326,12
43195984,11
43289503,16
43279884,16
43162850,6
43170125,7
43252076,15
43274542,16
43273061,16
43291278,16
43253884,15
43218522,12
43281469,16
43275958,16
43234658,13
43235360,13
43288608,16
43227086,13
43288623,16
43284577,16
43088997,6
43291497,16
43273325,16
43271935,16
43266235,16
43231384,13
43284649,16
43284828,16
43221577,12
43185472,9
43287483,16
43201001,11
43231859,13
43248661,15
43159373,6
43279403,16
43286101,16
43282145,16
43290572,16
43273761,16
43237407,13
43290815,16
43290871,16
43289036,16
43280597,16
43134619,6
43209792,11
43154228,6
43244306,15
43187630,9
43213498,11
43263883,16
43285326,16
43243457,15
43232314,13
43274267,16
43283930,16
43283929,16
43291169,16
43166668,8
43274428,16
43284079,16
43252188,15
43276022,16
43285735,16
43285737,16
43284482,16
43291400,16
43232504,13
43199266,11
43283075,16
43249515,15
43273306,16
43243883,15
43168477,7
43290307,16
43284578,16
43288678,16
43253937,15
43133757,6
43266234,16
43223521,12
43054339,6
43274842,16
43291633,16
43106253,6
43290627,16
43293397,16
43206803,11
43195665,11
43232136,13
43145503,6
43168872,7
43271061,16
43262733,16
43268356,16
43248876,15
43286198,16
43149482,6
43024805,6
43069453,6
43282547,16
43222208,12
43262917,16
43278372,16
43272764,16
43281104,16
43269978,16
43259357,16
43236404,13
43201532,11
43257876,16
43205620,11
43226928,13
43203091,11
43290152,16
43288610,16
43291499,16
43220270,12
43208923,11
43279008,16
43171492,7
43279097,16
43285955,16
43287583,16
43293123,16
43293231,16
43238349,13
43262394,16
43073986,6
43283254,16
43280388,16
43291699,16
43282100,16
43291737,16
43293440,16
43294602,17
43282344,16
43221854,12
43287969,16
43274077,16
43234657,13
43123432,6
43265748,16
43285400,16
43216712,11
43293845,17
43293974,17
43282726,16
43295458,17
43184073,9
43242551,14
43239571,13
43281694,16
43270529,16
43293040,16
43282998,16
43270530,16
43197989,11
43253938,15
43294370,17
43293141,16
43293139,16
43293038,16
43290360,16
43187741,9
43286073,16
43291772,16
43291738,16
43291664,16
43284914,16
43274985,16
43287967,16
43223522,12
43265585,16
43190134,9
43282345,16
43195540,11
43199998,11
43202602,11
43213666,11
43294814,17
43222099,12
43288152,16
43281184,16
43261251,16
43274207,16
43293843,17
43269666,16
43269520,16
43285442,16
43232315,13
43232405,13
43226690,13
43244948,15
43279879,16
43131789,6
43219708,12
43211055,11
43273062,16
43294083,17
43294179,17
43129468,6
43193658,10
43290151,16
43297072,17
43118641,6
43172354,7
43271936,16
43260577,16
43288679,16
43243988,15
43143586,6
43110241,6
43242430,14
43277579,16
43279010,16
43284718,16
43284719,16
43237500,13
43170256,7
43286199,16
43290750,16
43189849,9
43220792,12
43285158,16
43280596,16
43251537,15
43290751,16
43290709,16
43062615,6
43187407,9
43127302,6
43254499,15
43213745,11
43147021,6
43202394,11
43236120,13
43286413,16
43174607,7
43258776,16
43286415,16
43235140,13
43168122,7
43283895,16
43296821,17
43203440,11
43296820,17
43294085,17
43224228,13
43163925,6
43234233,13
43260556,16
43288616,16
43166594,8
43298585,17
43239841,13
43270659,16
43287807,16
43291498,16
43199268,11
43228642,13
43203606,11
43291671,16
43246788,15
43291663,16
43287482,16
43293450,16
43296133,17
43290505,16
43291669,16
43122940,6
43290566,16
43291739,16
43163123,6
43288879,16
43215347,11
43299179,17
43262795,16
43297510,17
43268515,16
43218197,12
43276975,16
43288176,16
43229472,13
43299463,17
43063095,6
43289505,16
43283896,16
43274368,16
43286845,16
43291170,16
43291168,16
43223836,13
43295203,17
43241110,14
43125305,6
43172068,7
43295459,17
43246503,15
43294170,17
43239511,13
43097084,6
43299810,17
43287658,16
43297074,17
43291449,16
43222946,12
43257807,16
43298536,17
43291447,16
43295871,17
43283062,16
43295760,17
43281726,16
43295893,17
43298747,17
43293174,16
43257900,16
43293039,16
43287428,16
43259588,16
43212330,11
43280431,16
43265241,16
43204044,11
43291670,16
43293396,16
43290573,16
43271018,16
43283329,16
43297285,17
43291706,16
43282296,16
43271058,16
43298971,17
43299177,17
43237325,13
43155070,6
43297571,17
43286298,16
43244582,15
43293844,17
43289322,16
43274292,16
43226586,13
43255844,15
43289344,16
43274299,16
43260413,16
43257727,16
43258811,16
43214248,11
43215785,11
43258884,16
43272988,16
43272990,16
43281285,16
43229683,13
43291311,16
43301147,17
43288615,16
43266426,16
43280226,16
43061330,6
43294289,17
43301429,17
43294290,17
43298703,17
43290041,16
43294398,17
43295870,17
43294371,17
43293008,16
43270660,16
43266425,16
43293230,16
43276390,16
43298748,17
43299983,17
43293130,16
43284912,16
43291632,16
43300056,17
43274910,16
43253885,15
43272008,16
43301800,17
43301801,17
43283255,16
43104805,6
43281952,16
43224227,13
43293451,16
43296457,17
43294650,17
43269321,16
43297407,17
43288974,16
43296456,17
43174308,7
43010098,5
43235906,13
43204870,11
43254580,15
43235125,13
43274169,16
43274172,16
43293842,17
43291147,16
43081852,6
43293973,17
43295202,17
43282845,16
43260149,16
43300737,17
43246505,15
43282851,16
43263233,16
43247874,15
43271765,16
43272989,16
43254858,15
43292707,16
43299746,17
43289951,16
43295586,17
43295759,17
43280225,16
43165692,6
43299914,17
43224313,13
43290305,16
43284890,16
43227274,13
43262442,16
43269221,16
43266455,16
43206810,11
43277631,16
43208754,11
43291634,16
43270871,16
43293441,16
43301797,17
43232931,13
43294595,17
43299043,17
43195755,11
43201313,11
43303046,18
43182853,9
43290752,16
43303045,18
43206902,11
43026905,6
43082854,6
43143836,6
43055182,6
43268491,16
43238774,13
43188553,9
43232241,13
43299448,17
43219361,12
43300379,17
43285478,16
43296635,17
43300735,17
43150054,6
43267293,16
43278448,16
43231129,13
43274367,16
43019174,6
43294073,17
43264410,16
43299748,17
43285738,16
43178563,7
43243978,15
43294255,17
43276021,16
43268938,16
43301310,17
43270658,16
43221522,12
43164676,6
43093557,6
43296044,17
43094490,6
43276281,16
43290331,16
43302830,18
43291697,16
43302846,18
43243979,15
43256749,16
43291708,16
43216111,11
43028694,6
43299044,17
43301819,17
43304843,18
43304907,18
43294560,17
43280435,16
43166007,6
42979575,2
43254500,15
43299312,17
43241762,14
43268492,16
43302181,18
43216296,11
43249111,15
43297508,17
43207384,11
43297623,17
43297509,17
43226688,13
43067526,6
43221952,12
43169196,7
43269911,16
43240769,14
43099662,6
43205901,11
43291148,16
43277148,16
43225699,13
43305199,18
43300859,17
43289582,16
43305349,18
43299809,17
43302553,18
43305400,18
43287314,16
43298584,17
43301382,17
43291586,16
43171348,7
43298746,17
43282031,16
43301752,17
43225679,13
43304521,18
43301599,17
43242632,14
43302947,18
43297286,17
43304662,18
43290626,16
43265375,16
43304661,18
43171526,7
43266491,16
43229330,13
43094122,6
43218228,12
43302180,18
43149534,6
43243366,15
43300378,17
43275357,16
43121763,6
43278449,16
43239509,13
43263309,16
43199316,11
43257632,16
43302552,18
43305362,18
43214440,11
43305401,18
43294288,17
43301320,17
43298624,17
43227087,13
43302687,18
43301586,17
43304432,18
43304311,18
43176812,7
43188189,9
43210308,11
43305691,18
43305670,18
43293140,16
43270844,16
43246885,15
43294391,17
43290359,16
43293330,16
43304586,18
43297279,17
43300098,17
43286072,16
43210669,11
43210555,11
43235904,13
43287897,16
43294596,17
43294601,17
43284889,16
43299042,17
43300218,17
43254408,15
43244155,15
43119026,6
43305870,18
43299373,17
43252677,15
43274139,16
43285354,16
43306029,18
43280802,16
43238858,13
43278198,16
43299592,17
43305239,18
43236215,13
43291406,16
43299676,17
43273379,16
43299811,17
43294192,17
43264935,16
43306883,18
43196178,11
43175441,7
43289916,16
43072410,6
43301383,17
43279009,16
43276249,16
43263465,16
43291515,16
43245412,15
43049042,6
43277577,16
43242781,14
43271992,16
43281953,16
43307405,18
43304584,18
43284829,16
43307407,18
43269219,16
43283189,16
43136533,6
43280430,16
43300217,17
43132604,6
43233070,13
43252588,15
43254579,15
43275152,16
43188554,9
43305871,18
43146704,6
43262918,16
43152353,6
43238775,13
43215458,11
43300380,17
43230975,13
43297606,17
43256055,15
43297700,17
43286462,16
43230787,13
43288099,16
43275400,16
43300736,17
43289580,16
43306376,18
43268596,16
43306427,18
43305197,18
43240581,14
43303916,18
43247927,15
43294193,17
43298535,17
43224168,13
43309617,18
43271702,16
43284648,16
43290356,16
43186523,9
43301421,17
43301428,17
43304236,18
43264934,16
43298701,17
43288671,16
43302840,18
43305669,18
43259530,16
43281970,16
43287584,16
43302841,18
43308489,18
43307463,18
43245797,15
43308515,18
43245793,15
43290567,16
43163163,6
43287968,16
43265584,16
43308582,18
43209461,11
43308583,18
43209504,11
43244415,15
43299311,17
43302204,18
43308755,18
43308753,18
43283538,16
43199997,11
43300412,17
43266790,16
43224940,13
43303538,18
43310758,18
43244784,15
43310759,18
43302399,18
43133076,6
43232406,13
43281105,16
43243697,15
43264799,16
43302642,18
43254966,15
43308213,18
43204722,11
43306882,18
43229896,13
43294178,17
43266088,16
43304156,18
43281725,16
43305563,18
43274641,16
43287313,16
43243989,15
43301321,17
42988858,4
43150895,6
43227275,13
43296043,17
43283188,16
43239842,13
43291687,16
43284620,16
43231860,13
43302959,18
43286153,16
43307445,18
43310431,18
43304785,18
43290807,16
43254341,15
43307446,18
43252586,15
43307673,18
43274171,16
43116104,6
43269510,16
43187629,9
43243584,15
43308844,18
43240617,14
43260412,16
43208093,11
43289345,16
43303537,18
43260606,16
43294074,17
43292706,16
43245118,15
43264798,16
43264679,16
43305347,18
43271701,16
43299894,17
43311023,18
43290042,16
43231188,13
43287277,16
43281693,16
43205059,11
43298606,17
43293172,16
43290355,16
43284717,16
43298623,17
43296042,17
43311237,18
43234555,13
43224553,13
43301818,17
43181421,9
43304585,18
43301796,17
43307406,18
43301820,17
43223353,12
43302973,18
43308584,18
43310362,18
43300216,17
43268355,16
43229284,13
43261007,16
43297388,17
43288100,16
43249330,15
43300397,17
43310594,18
43285325,16
43299462,17
43249102,15
43236405,13
43087419,6
43292267,16
43232410,13
43267195,16
43306230,18
43309155,18
43274427,16
43274298,16
43286911,16
43266853,16
43131184,6
43204566,11
43208753,11
43267432,16
43232601,13
43209036,11
43291324,16
43281468,16
43275923,16
43234045,13
43312409,18
43301309,17
43188072,9
43305564,18
43234209,13
43252269,15
43276247,16
43312715,18
43302752,18
43201000,11
43313982,18
43260869,16
43262481,16
43311203,18
43273570,16
43301815,17
43229016,13
43307272,18
43283192,16
43305690,18
43297363,17
43310161,18
43310160,18
43301802,17
43308488,18
43279326,16
43307444,18
43297287,17
43311372,18
43243209,15
43308561,18
43291707,16
43198550,11
43214817,11
43288975,16
43304844,18
43268357,16
43274078,16
43194021,10
43277917,16
43310512,18
43283537,16
43310595,18
43285402,16
43286414,16
43311743,18
43007803,5
43314784,19
43311868,18
43300784,17
43215533,11
43306426,18
43274378,16
43247928,15
43305348,18
43280130,16
43309618,18
43312429,18
43149773,6
43309767,18
43248311,15
43265243,16
43295892,17
43281834,16
43284870,16
43297278,17
43311201,18
43304519,18
43291698,16
43234442,13
43310228,18
43310230,18
43301795,17
43310177,18
43308559,18
43314157,18
43314102,18
43302946,18
43311362,18
43310363,18
43308588,18
43060298,6
43310526,18
43297605,17
43299464,17
43274309,16
43266852,16
43202809,11
43312012,18
43266095,16
43293975,17
43316421,19
43278450,16
43295876,17
43306392,18
43238146,13
43303849,18
43315131,19
43313742,18
43312441,18
43312326,18
43305497,18
43311025,18
43301384,17
43316655,19
43312581,18
43242337,14
43301430,17
43302738,18
43253684,15
43313983,18
43304235,18
43122942,6
43308431,18
43299895,17
43302845,18
43291753,16
43313047,18
43315802,19
43310229,18
43308514,18
43288839,16
43313039,18
43315995,19
43311373,18
43290872,16
43294600,17
43314197,18
43275026,16
43187812,9
43271345,16
43311471,18
43283539,16
43313348,18
43205213,11
43297697,17
43201533,11
43300653,17
43305111,18
43296634,17
43263176,16
43238790,13
43243573,15
43317565,19
43305202,18
43317566,19
43285566,16
43310919,18
43308036,18
43302491,18
43315223,19
43295877,17
43316607,19
43297000,17
43315324,19
43182684,9
43308214,18
43285812,16
43269051,16
43308341,18
43287312,16
43298702,17
43232972,13
43300099,17
43256899,16
43310432,18
43315958,19
43227195,13
43308589,18
43314198,18
43310433,18
43296455,17
43168874,7
43310364,18
43307631,18
43288018,16
43311408,18
43318849,19
43197043,11
43314400,18
43224896,13
43117996,6
43218229,12
43311744,18
43274369,16
43314695,19
43305198,18
43314809,19
43282757,16
43262014,16
43281130,16
43191838,10
43284077,16
43257690,16
43190799,9
43294254,17
43234203,13
43288625,16
43293124,16
43310020,18
43311090,18
43298583,17
43301319,17
43316767,19
43311202,18
43291774,16
43314069,18
43300102,17
43315997,19
43314158,18
43311363,18
43308526,18
43315957,19
43315964,19
43319797,19
43231838,13
43288016,16
43304842,18
43274079,16
43311472,18
43304942,18
43285327,16
43241761,14
43263839,16
43224726,13
43297622,17
43314352,18
43314398,18
43116871,6
43283426,16
43239193,13
43314693,19
43311867,18
43146016,6
43240604,14
43311947,18
43292538,16
43319234,19
43303851,18
43284221,16
43291276,16
43312440,18
43298607,17
43287657,16
43275909,16
43298451,17
43301338,17
43294169,17
43308212,18
43291585,16
43318233,19
43312716,18
43304607,18
43302842,18
43209053,11
43296132,17
43304400,18
43298972,17
43232971,13
43315803,19
43293395,16
43315898,19
43314101,18
43296109,17
43318656,19
43319796,19
43299178,17
43319806,19
43288878,16
43311360,18
43318848,19
43294568,17
43294631,17
43028706,6
43316153,19
43297621,17
43314399,18
43252675,15
43286374,16
43173719,7
43313400,18
43193371,10
43260150,16
43317312,19
43053946,6
43215578,11
43310699,18
43198951,11
43316382,19
43257633,16
43314826,19
43300860,17
43305238,18
43320524,19
43295385,17
43292705,16
43268845,16
43312013,18
43309437,18
43303917,18
43299747,17
43287276,16
43264852,16
43312395,18
43322267,19
43231423,13
43311105,18
43277436,16
43293009,16
43318440,19
43299915,17
43313984,18
43301640,17
43284871,16
43315801,19
43287660,16
43308524,18
43307464,18
43315823,19
43237501,13
43279325,16
43274936,16
43304520,18
43318657,19
43319782,19
43274039,16
43268379,16
43316965,19
43316966,19
43269096,16
43315962,19
43311410,18
43228643,13
43290898,16
43318850,19
43256675,16
43229283,13
43304943,18
43209831,11
43297449,17
43317313,19
43181997,9
43320205,19
43305872,18
43279880,16
43318987,19
43306180,18
43314782,19
43263075,16
43239403,13
43321974,19
43317690,19
43221108,12
43180684,9
43302490,18
43306714,18
43322191,19
43286910,16
43323584,19
43288407,16
43290040,16
43323578,19
43015324,6
43315243,19
43322268,19
43321042,19
43260607,16
43309768,18
43318139,19
43284494,16
43320992,19
43284505,16
43191063,9
43315526,19
43291448,16
43293173,16
43234347,13
43315416,19
43075710,6
43322385,19
43322389,19
43092157,6
43311238,18
43318439,19
43315626,19
43314070,18
43291681,16
43201087,11
43318653,19
43322492,19
43322491,19
43289035,16
43232137,13
43257208,16
43248933,15
43294815,17
43294811,17
43258519,16
43302287,18
43286844,16
43306377,18
43321973,19
43308048,18
43281183,16
43322034,19
43246530,15
43322193,19
43268934,16
43306712,18
43285796,16
43322201,19
43304157,18
43257853,16
43312579,18
43325090,19
43179862,9
43320993,19
43297188,17
43285859,16
43323871,19
43301419,17
43322383,19
43256850,16
43324102,19
43294558,17
43297393,17
43325365,19
43314159,18
43316925,19
43298941,17
43206812,11
43313040,18
43322552,19
43315963,19
43220777,12
43322583,19
43174306,7
43220776,12
43294649,17
43299192,17
43294632,17
43274080,16
43290912,16
43324519,19
43285353,16
43293785,17
43319113,19
43323083,19
43185131,9
42987222,3
43285477,16
43317638,19
43317581,19
43317582,19
43240950,14
43268843,16
43286846,16
43180822,9
43323449,19
43316600,19
43291310,16
43326429,19
43151607,6
43313808,18
43315222,19
43326545,19
43324984,19
43312723,18
43285858,16
43302739,18
43310176,18
43304401,18
43259874,16
43288922,16
43192121,10
43322453,19
43324191,19
43043679,6
43324326,19
43302972,18
43290808,16
43324386,19
43316964,19
43311359,18
43143013,6
43324517,19
43157856,6
43322878,19
43302263,18
43279787,16
43138501,6
43302262,18
43249162,15
43255821,15
43215534,11
43310670,18
43324776,19
43300902,17
43306713,18
43274402,16
43326262,19
43324889,19
43322074,19
43326430,19
43187826,9
43325094,19
43277437,16
43287427,16
43322246,19
43185113,9
43325061,19
43325174,19
43315696,19
43198032,11
43325223,19
43328055,20
43131487,6
43324103,19
43308513,18
43254100,15
43074174,6
43325361,19
43310159,18
43288921,16
43163162,6
43311374,18
43328130,20
43181778,9
43293129,16
43319780,19
43216270,11
43274081,16
43322655,19
43297448,17
43299353,17
43246189,15
43322700,19
43308781,18
43221010,12
43106948,6
43310561,18
43297708,17
43286297,16
43324775,19
43208183,11
43302398,18
43299610,17
43324774,19
43314825,19
43291149,16
43232654,13
43314946,19
43310976,18
43308127,18
43229670,13
43286843,16
43154454,6
43275925,16
43135085,6
43327755,19
43274488,16
43324983,19
43324997,19
43325062,19
43326544,19
43322192,19
43246535,15
43284985,16
43325093,19
43234295,13
43326588,19
43309776,18
43288819,16
43311089,18
43226019,13
43315697,19
43318388,19
43319674,19
43314103,18
43238561,13
43327037,19
43325369,19
43329818,20
43324325,19
43322553,19
43237554,13
43319792,19
43322584,19
43325344,19
43308560,18
43314196,18
43191151,9
43304787,18
43297389,17
43307630,18
43152564,6
43316154,19
43308779,18
43206019,11
43324625,19
43292268,16
43324626,19
43288177,16
43275381,16
43263041,16
43313349,18
43300903,17
43314694,19
43326129,19
43313704,18
43032090,6
43257524,16
43077479,6
43275924,16
43316609,19
43257726,16
43304340,18
43224235,13
43312714,18
43301339,17
43278916,16
43318232,19
43315525,19
43322384,19
43314068,18
43310021,18
43316861,19
43251536,15
43257941,16
43322452,19
43316924,19
43295806,17
43287806,16
43302870,18
43235686,13
43297392,17
43252565,15
43322581,19
43287983,16
43314248,18
43321718,19
43133075,6
43327349,19
43308778,18
43213499,11
43297699,17
43328521,20
43320204,19
43328738,20
43226739,13
43331456,20
43327597,19
43319233,19
43189137,9
43224295,13
43309616,18
43316608,19
43325091,19
43245263,15
43322200,19
43330619,20
43319412,19
42986037,3
43325124,19
43326587,19
43318138,19
43309777,18
43326604,19
43332211,20
43309949,18
43326589,19
43330716,20
43214424,11
43311107,18
43326605,19
43320991,19
43323870,19
43311106,18
42975562,2
43302871,18
43322390,19
43308429,18
43326622,19
43290330,16
43322454,19
43318389,19
43301639,17
43330839,20
43316951,19
43269006,16
43308525,18
43109336,6
43322493,19
43328120,20
43304608,18
43302948,18
43206802,11
43319827,19
43316923,19
43184639,9
43092717,6
43202393,11
43314353,18
43300398,17
43237878,13
43226562,13
43333047,20
43243572,15
43171802,7
43300466,17
43169114,7
43331455,20
43294075,17
43240818,14
43280166,16
43331715,20
43294084,17
43243698,15
43303611,18
43330519,20
43267278,16
43324847,19
43331714,20
43323320,19
43324887,19
43328977,20
43313743,18
43313702,18
43330520,20
43197777,11
43224312,13
43330715,20
43333546,20
43263466,16
43096350,6
43274640,16
43315415,19
43322312,19
43333579,20
43333514,20
43253685,15
43332528,20
43332527,20
43333659,20
43325360,19
43184249,9
43329755,20
43333719,20
43315822,19
43274959,16
43287659,16
43330964,20
43304786,18
43331026,20
43319805,19
43287982,16
43324376,19
43321695,19
43327347,19
43328486,20
43151648,6
43324664,19
43319114,19
43226708,13
43256226,15
43327655,19
43316381,19
43283905,16
43217117,11
43330493,20
43204567,11
43292539,16
43269007,16
43324867,19
43274457,16
43170981,7
43330504,20
43242429,14
43330603,20
43305487,18
43310700,18
43332180,20
43288624,16
43325132,19
43146081,6
43330618,20
43319413,19
43318137,19
43335119,20
43335129,20
43335142,20
43251476,15
43325225,19
43322415,19
43314129,18
43304341,18
43329729,20
43333660,20
43315900,19
43333776,20
43235666,13
43325343,19
43311409,18
43220709,12
43324232,19
43230251,13
43322582,19
43327089,19
43335728,20
43321696,19
43229471,13
43300399,17
43244581,15
43274168,16
43333048,20
43283904,16
43331448,20
43331449,20
43258518,16
43288406,16
43321902,19
43316505,19
43321901,19
43207248,11
43314992,19
43247922,15
43309436,18
43239082,13
43330505,20
43266063,16
43312394,18
43313703,18
43275812,16
43291407,16
43335004,20
43304234,18
43221578,12
43309890,18
42996035,4
43316862,19
43308430,18
43259488,16
43232930,13
43332469,20
43305692,18
43305750,18
43298973,17
43335413,20
43329843,20
43328129,20
43329815,20
43330916,20
43260868,16
43330915,20
43315996,19
43262731,16
43336640,20
43332839,20
43322551,19
43330998,20
43333867,20
43331024,20
43328185,20
43121518,6
43132699,6
43327322,19
43294810,17
43325487,19
43256257,15
43252102,15
43334041,20
43327501,19
43292439,16
43337004,20
43337005,20
43328658,20
43256025,15
43209957,11
43314810,19
43300654,17
43336120,20
43147487,6
43221415,12
43297067,17
43045118,6
43332036,20
43326570,19
43326571,19
43289915,16
43329317,20
43257852,16
43302688,18
43335005,20
43304431,18
43301585,17
43287092,16
43330798,20
43253939,15
43335120,20
43293229,16
43284341,16
43330812,20
43336413,20
43329779,20
43332468,20
43330917,20
43324104,19
43324189,19
43329844,20
43330962,20
43325342,19
43330935,20
43274966,16
43318839,19
43327161,19
43316952,19
43140944,6
43325446,19
43269158,16
43329946,20
43185592,9
43254342,15
43336641,20
43321697,19
43276874,16
43321719,19
43244307,15
43334018,20
43333000,20
43328319,20
43285352,16
43219447,12
43331341,20
43308754,18
43322877,19
43275151,16
43336730,20
43180685,9
43295384,17
43330318,20
43247556,15
43338748,20
43331618,20
43337260,20
43334532,20
43327596,19
43185054,9
43183881,9
43192057,10
43339020,20
43301146,17
43332035,20
43255003,15
43202085,11
43330783,20
43259277,16
43333614,20
43302844,18
43292876,16
43315706,19
43319673,19
43214453,11
43307284,18
43332470,20
43301751,17
43277564,16
43294441,17
43106251,6
43307283,18
43318652,19
43273904,16
43338454,20
43338455,20
43330997,20
43336659,20
43028705,6
43282295,16
43322701,19
43297447,17
43157854,6
43276976,16
43130041,6
43334016,20
43317239,19
43322787,19
43277158,16
43257446,16
43321834,19
43331339,20
43231130,13
43184937,9
43308035,18
43274426,16
43300973,17
43218559,12
43334643,20
43273165,16
43315132,19
43224170,13
43284342,16
43206018,11
43338980,20
43339053,20
43209154,11
43333499,20
43322310,19
43339117,20
43338018,20
43318438,19
43321043,19
43314125,18
43288670,16
43193639,10
43315524,19
43288700,16
43198033,11
43319463,19
43329731,20
43300101,17
43336491,20
43332647,20
43339345,20
43330963,20
43203650,11
43200733,11
43187421,9
43329945,20
43272238,16
43062614,6
43341360,21
43334017,20
43323084,19
43339614,21
43224822,13
43299609,17
43261377,16
43271463,16
43334531,20
43267431,16
43330518,20
43336025,20
43328973,20
43336119,20
43195983,11
43315133,19
43285801,16
43334708,20
43327754,19
43312442,18
43312580,18
43322247,19
43337707,20
43202110,11
43318387,19
43342001,21
43339174,20
43340833,21
43293167,16
43276028,16
43340884,21
43336489,20
43333777,20
43324233,19
43328122,20
43325363,19
43339353,20
43324439,19
43274964,16
43336626,20
43282314,16
43140837,6
43211937,11
43279761,16
43193220,10
43341358,21
43310525,18
43224723,13
43321720,19
43269694,16
43250152,15
43339661,21
43339847,21
43320337,19
43334166,20
43335904,20
43340022,21
43281131,16
43324846,19
43337019,20
43324884,19
42974959,2
43303638,18
43327598,19
43252003,15
43181172,9
43337526,20
43327753,19
43341817,21
43339064,20
43337620,20
43301420,17
43335107,20
43294433,17
43298608,17
43332159,20
43326572,19
43312810,18
43340902,21
43322416,19
43238234,13
43160361,6
43276597,16
43330934,20
43325368,19
43327160,19
43339377,20
43339301,20
43294567,17
43335411,20
43332840,20
43328186,20
43319794,19
43224554,13
43266437,16
43324520,19
43336729,20
43338643,20
43274310,16
43161322,6
43341550,21
43306234,18
43320336,19
43337018,20
43337261,20
43217437,11
43285509,16
43341654,21
43317637,19
43300785,17
43253256,15
43314827,19
43322073,19
43327611,19
43305459,18
43326499,19
43299675,17
43341816,21
43282999,16
43343149,21
43336267,20
43225826,13
43336311,20
43344721,21
43210309,11
43343420,21
43336266,20
43325131,19
43338019,20
43330799,20
43336445,20
43339231,20
43304402,18
43239777,13
43312935,18
43293329,16
43330838,20
43259490,16
43329754,20
43310298,18
43342162,21
43341213,21
43332860,20
43325367,19
43339381,20
43243915,15
43342226,21
43342225,21
43305837,18
43341349,21
43279786,16
43330105,20
43334019,20
43332981,20
43344315,21
43302264,18
43340023,21
43176661,7
43202819,11
43289647,16
43345756,21
43252270,15
43331822,20
43323450,19
43333379,20
43258660,16
43310983,18
43241070,14
43337618,20
43343386,21
43343315,21
43344720,21
43335140,20
43339118,20
43333592,20
43335118,20
43346482,21
43329756,20
43330813,20
43325172,19
43343697,21
43340844,21
43302883,18
43338240,20
43332631,20
43339375,20
43269095,16
43343810,21
43335412,20
43342164,21
43325445,19
43265326,16
43344968,21
43246117,15
43294594,17
43339382,20
43315899,19
43314249,18
43216240,11
43336631,20
43269159,16
43266664,16
43344137,21
43338590,20
43157839,6
43269506,16
43271464,16
43331447,20
43208133,11
43284327,16
43265820,16
43246421,15
43241999,14
43317691,19
43331619,20
43223974,13
43345769,21
43303636,18
43345757,21
43344528,21
43337478,20
43256253,15
43308125,18
43323507,19
43331823,20
43313810,18
43301155,17
43315386,19
43336304,20
43336312,20
43339065,20
43329322,20
43226246,13
43336444,20
43321161,19
43333545,20
43310019,18
43285813,16
43243951,15
43330837,20
43329730,20
43311377,18
43338241,20
43343809,21
43238513,13
43313035,18
43343808,21
43322585,19
43339315,20
43330999,20
43290816,16
43245794,15
43308611,18
43342294,21
43156799,6
43341359,21
43265821,16
43278020,16
43319085,19
43280939,16
43289583,16
43285508,16
43336024,20
43255980,15
43322011,19
43294191,17
43327609,19
43155536,6
43314994,19
43347339,21
43347362,21
43221669,12
43191859,10
43234044,13
43295632,17
43309769,18
43343314,21
43347492,21
43344631,21
43339066,20
43349095,21
43330797,20
43316769,19
43264816,16
43325126,19
43299981,17
43346566,21
43347735,21
43324234,19
43314191,18
43342163,21
43338110,20
43344969,21
43347797,21
43325364,19
43345072,21
43303070,18
43166037,6
43332841,20
43297408,17
42981341,2
43227618,13
43247162,15
43339612,21
43342401,21
43345445,21
43348266,21
43348168,21
43347138,21
43323210,19
43307989,18
43347166,21
43341557,21
43334530,20
43310760,18
43200154,11
43303850,18
43315325,19
43348690,21
43348705,21
43348708,21
43335967,20
43344632,21
43334663,20
43350254,21
43228903,13
43288699,16
43346148,21
43290504,16
43347448,21
43332209,20
43344790,21
43297069,17
43189570,9
43207544,11
43346361,21
43333591,20
43316768,19
43257962,16
43325133,19
43346537,21
43328054,20
43338101,20
43349188,21
43266454,16
43171452,7
43346538,21
43311239,18
43330868,20
43005532,5
43349190,21
43326871,19
43346568,21
43209054,11
43327038,19
43336490,20
43311339,18
43346573,21
43329813,20
43311307,18
43329892,20
43347805,21
43336625,20
43342224,21
43349551,21
43338456,20
43271158,16
43276875,16
43345074,21
43299193,17
43246115,15
43271929,16
43227399,13
43335729,20
43336639,20
43010191,5
43335730,20
43269435,16
43235228,13
43322654,19
43330106,20
43344136,21
43322745,19
43345189,21
43322876,19
43266777,16
43341551,21
43345547,21
43322033,19
43347207,21
43344504,21
43242150,14
43196036,11
43210186,11
43330631,20
43291401,16
43329126,20
43315417,19
43332210,20
43242338,14
43318234,19
43346147,21
43316860,19
43330811,20
43324190,19
43324138,19
43338034,20
43274965,16
43344951,21
43344967,21
43268380,16
43352215,21
43339302,20
43339376,20
43339344,20
43333717,20
43349560,21
43352509,21
43294648,17
43314245,18
43335321,20
43341345,21
43121662,6
43352570,21
43119025,6
43342369,21
43240537,14
43342370,21
43317314,19
43322702,19
43345190,21
43322746,19
43277982,16
43292081,16
43285443,16
43320413,19
43200153,11
43344368,21
43302203,18
43341648,21
43263177,16
43351226,21
43279987,16
43297707,17
43256056,15
43330492,20
43193376,10
43341647,21
43345812,21
43285726,16
43233725,13
43299593,17
43197863,11
43249514,15
43350210,21
43326007,19
43347363,21
43268939,16
43311024,18
43304544,18
43333590,20
43342046,21
43350383,21
43349305,21
43350556,21
43288973,16
43341130,21
43328121,20
43349306,21
43349454,21
43288923,16
43319793,19
43349558,21
43332811,20
43331025,20
43339351,20
43166036,6
43142663,6
43149397,6
43331153,20
43320011,19
43310637,18
43289346,16
43348167,21
43263065,16
43304985,18
43350968,21
43190574,9
43319038,19
43279897,16
43297698,17
43310764,18
43291180,16
43285802,16
43345813,21
43336135,20
43350062,21
43310985,18
43328972,20
43348739,21
43230655,13
43348738,21
43241098,14
43347447,21
43334664,20
43345982,21
43337708,20
43229704,13
43263308,16
43353175,21
43351694,21
43350227,21
43351815,21
43315695,19
43353155,21
43295631,17
43347562,21
43346539,21
43352106,21
43353332,21
43353264,21
43230127,13
43352071,21
43312720,18
43352214,21
43352241,21
43349455,21
43212329,11
43327036,19
43353406,21
43352392,21
43315618,19
43339383,20
43355249,21
43339454,20
43296442,17
43229258,13
43149395,6
43344133,21
43330169,20
43306233,18
43324665,19
43305112,18
43300413,17
43332983,20
43331454,20
43293786,17
43251928,15
43235126,13
43307990,18
43354195,21
43352876,21
43257763,16
43344529,21
43320954,19
43289581,16
43337619,20
43018124,6
43350255,21
43332179,20
43354427,21
43339052,20
43333438,20
43309948,18
43333437,20
43325125,19
43330717,20
43339192,20
43333513,20
43350374,21
43225680,13
43333578,20
43339116,20
43294434,17
43352021,21
43149010,6
43273645,16
43352104,21
43339314,20
43230252,13
43332648,20
43346405,21
43319828,19
43347807,21
43210671,11
43329894,20
43341214,21
43238512,13
43159374,6
43314190,18
43349550,21
43265367,16
43321634,19
43232932,13
43067613,6
43352566,21
43327321,19
43297572,17
43167953,7
43333879,20
43314646,19
43339660,21
43246197,15
43261376,16
43269977,16
43333045,20
43333046,20
43348265,21
43229671,13
43267277,16
43341655,21
43342877,21
43345758,21
43256258,15
43334707,20
43337467,20
43207355,11
43312504,18
43299942,17
43297016,17
43259278,16
43353074,21
43344758,21
43264851,16
43238211,13
43261989,16
43354589,21
43351967,21
43258749,16
43352045,21
43349189,21
43350381,21
43352047,21
43333577,20
43226000,13
43310299,18
43299982,17
43333661,20
43227407,13
43230075,13
43355106,21
43255306,15
43298942,17
43226030,13
43350605,21
43318651,19
43347734,21
43299194,17
43356292,21
43345073,21
43243210,15
43188270,9
43355382,21
43344134,21
43353671,21
43293803,17
43358316,21
43302237,18
43353634,21
43318986,19
43358332,21
43356658,21
43334335,20
43356659,21
43278199,16
43351212,21
43351210,21
43329096,20
43341782,21
43341780,21
43333378,20
43154456,6
43248458,15
43351685,21
43335003,20
43249513,15
43351693,21
43291514,16
43353154,21
43350280,21
43339193,20
43285676,16
43315388,19
43336305,20
43301638,17
43357548,21
43340843,21
43352046,21
43341129,21
43356187,21
43340919,21
43356252,21
43353408,21
43355173,21
43350557,21
43327088,19
43336632,20
43352422,21
43246116,15
43266588,16
43339453,20
43266570,16
43235905,13
43307718,18
43293804,17
43321699,19
43354040,21
43359381,21
43319086,19
43358324,21
43358329,21
43322744,19
43310920,18
43321856,19
43348399,21
43300786,17
43342992,21
43211286,11
43054051,6
43357268,21
43339021,20
43282844,16
43234210,13
43339054,20
43360133,21
43355926,21
43354563,21
43279986,16
43357459,21
43347416,21
43350279,21
43351966,21
43302884,18
43339166,20
43346671,21
43357679,21
43341913,21
43290332,16
43347561,21
43352065,21
43346406,21
43232558,13
43358884,21
43262368,16
43353295,21
43347637,21
43347639,21
43344786,21
43274660,16
43339233,20
43292621,16
43340842,21
43356162,21
43353290,21
43356163,21
43356164,21
43281930,16
43356176,21
43349544,21
43300100,17
43350558,21
43358993,21
43011939,5
43327162,19
43349542,21
43094999,6
43318838,19
43358098,21
43314192,18
43359112,21
43329893,20
43315959,19
43288017,16
43359110,21
43358120,21
43252587,15
43333866,20
43067684,6
43274923,16
43229257,13
43207385,11
43331154,20
43338591,20
43304984,18
43344135,21
43356508,21
43358279,21
43344314,21
43257523,16
43264339,16
43316352,19
43289844,16
43255770,15
43247560,15
43361146,21
43303637,18
43348267,21
43352828,21
43359678,21
43281009,16
43306881,18
43350056,21
43239404,13
43333393,20
43360132,21
43343421,21
43298089,17
43309864,18
43206558,11
43357457,21
43341987,21
43295795,17
43360335,21
43347491,21
43266404,16
43361624,21
43308342,18
43312811,18
43274797,16
43353250,21
43344719,21
43354824,21
43346474,21
43352164,21
43346567,21
43356245,21
43360662,21
43361831,21
43257013,16
43352391,21
43328184,20
43314130,18
43352518,21
43359041,21
43353407,21
43347806,21
43345012,21
43344952,21
43279582,16
43353500,21
43360863,21
43350682,21
43332861,20
43274040,16
43332923,20
43303306,18
43286373,16
43321721,19
43353759,21
43336731,20
43308843,18
43353626,21
43250202,15
43213668,11
43324666,19
43319087,19
43351171,21
43168018,7
43361147,21
43162501,6
43338731,20
43352829,21
43292080,16
43349987,21
43350058,21
43354260,21
43354237,21
43350057,21
43196421,11
43273305,16
43302514,18
43358755,21
43257942,16
43243733,15
43333463,20
43360209,21
43354590,21
43360221,21
43315387,19
43358829,21
43353176,21
43235665,13
43358828,21
43338102,20
43308392,18
43276280,16
43350382,21
43338239,20
43336412,20
43356188,21
43358961,21
43352066,21
43346574,21
43351986,21
43335322,20
43355248,21
43361762,21
43363597,21
43357981,21
43350681,21
43147580,6
43328084,20
43357980,21
43363686,21
43252563,15
43361930,21
43276816,16
43222500,12
43339613,21
43353633,21
43293784,17
43358322,21
43322909,19
43311948,18
43235101,13
43275651,16
43362241,21
43328466,20
43281008,16
43320414,19
43330319,20
43331617,20
43273164,16
43302769,18
43236825,13
43347367,21
43354588,21
43357267,21
43333422,20
43360208,21
43357458,21
43235667,13
43361619,21
43251475,15
43363220,21
43364495,21
43363312,21
43353249,21
43364543,21
43361694,21
43356177,21
43358883,21
43353266,21
43295805,17
43357861,21
43360802,21
43339428,20
43302753,18
43340979,21
43361820,21
43311364,18
43349549,21
43361833,21
43324385,19
43357979,21
43364724,21
43198549,11
43344033,21
43291773,16
43344032,21
43290708,16
43358199,21
43335868,20
43282725,16
43339798,21
43341532,21
43348436,21
43272560,16
43359677,21
43317639,19
43344505,21
43350079,21
43355782,21
43364263,21
43364261,21
43308126,18
43353082,21
43323508,19
43357266,21
43353076,21
43345983,21
43350226,21
43305488,18
43287093,16
43343384,21
43259010,16
43191860,10
43056736,6
43346362,21
43360441,21
43343419,21
43364493,21
43364516,21
43283191,16
43339214,20
43339352,20
43332812,20
43349456,21
43355174,21
43363682,21
43356256,21
43319781,19
43332922,20
43363681,21
43366659,21
43146508,6
43352565,21
43359254,21
43366747,21
43365030,21
43260252,16
43358323,21
43345192,21
43319057,19
43208182,11
43270365,16
43283918,16
43334336,20
43361165,21
43355537,21
43283798,16
43269505,16
43348405,21
43279903,16
43285454,16
43241997,14
43314783,19
43285755,16
43351340,21
43311949,18
43315242,19
43299674,17
43271665,16
43310984,18
43347403,21
43363096,21
43351686,21
43313809,18
43298625,17
43349255,21
43363097,21
43361623,21
43366028,21
43061784,6
43365994,21
43255020,15
43297068,17
43325224,19
43181422,9
43363313,21
43357610,21
43255224,15
43361710,21
43353265,21
43358962,21
43366292,21
43346263,21
43355104,21
43367465,21
43361868,21
43308391,18
43357860,21
43359035,21
43347798,21
43366558,21
43109415,6
43363672,21
43358121,21
43280587,16
43356243,21
43360864,21
43352567,21
43352568,21
43350969,21
43321857,19
43327348,19
43366748,21
43327350,19
43327422,19
43305016,18
43334198,20
43269693,16
43240580,14
43298088,17
43320338,19
43291075,16
43241998,14
43339846,21
43336134,20
43339799,21
43354235,21
43342834,21
43354196,21
43355781,21
43359988,21
43359989,21
43344506,21
43348707,21
43313773,18
43367115,21
43343385,21
43361526,21
43256591,16
43350281,21
43274379,16
43364487,21
43361658,21
43284328,16
43354823,21
43339155,20
43360390,21
43364514,21
43333464,20
43335141,20
43324137,19
43262443,16
43308398,18
43366293,21
43358930,21
43333718,20
43339213,20
43366401,21
43361763,21
43361804,21
43357911,21
43369311,21
43356257,21
43356186,21
43360801,21
43349559,21
43352434,21
43355105,21
43359043,21
43196812,11
43350606,21
43290897,16
43352423,21
43349513,21
43258207,16
43109264,6
43358198,21
43226585,13
43369497,21
43332982,20
43344138,21
43247163,15
43331342,20
43335966,20
43359324,21
43367907,21
43361163,21
43314865,19
43355528,21
43365029,21
43297624,17
43190583,9
43257363,16
43347139,21
43291270,16
43355529,21
43348437,21
43246190,15
43341653,21
43070648,6
43365634,21
43366993,21
43369793,21
43342833,21
43369888,21
43329128,20
43308128,18
43355903,21
43368478,21
43357208,21
43235359,13
43343095,21
43368602,21
43368582,21
43365921,21
43335106,20
43370083,21
43321160,19
43364451,21
43358903,21
43361657,21
43339156,20
43365919,21
43370085,21
43330784,20
43363247,21
43338103,20
43369081,21
43307176,18
43333615,20
43363512,21
43369082,21
43366402,21
43309962,18
43369312,21
43367454,21
43359034,21
43360660,21
43364695,21
43370390,21
43363707,21
43369402,21
43363709,21
43327320,19
43297362,17
43370450,21
43356355,21
43289274,16
43219448,12
43356353,21
43353632,21
43369565,21
43331340,20
43285401,16
43271362,16
43367877,21
43328468,20
43363951,21
43328485,20
43323209,19
43364031,21
43364030,21
43364032,21
43324671,19
43345751,21
43369749,21
43337543,20
43242631,14
43366992,21
43291277,16
43354562,21
43364300,21
43330602,20
43357210,21
43259016,16
43273063,16
43347404,21
43285754,16
43368603,21
43336142,20
43355925,21
43294424,17
43368806,21
43371691,21
43361618,21
43353289,21
43307672,18
43340901,21
43285795,16
43368948,21
43368946,21
43363311,21
43315848,19
43344979,21
43367467,21
43363604,21
43339303,20
43370265,21
43366350,21
43369403,21
43363671,21
43274038,16
43369404,21
43361867,21
43350680,21
43369338,21
43303068,18
43187420,9
43303069,18
43346946,21
43277918,16
43370452,21
43370453,21
43306028,18
43328659,20
43332984,20
43312091,18
43202378,11
43356660,21
43370871,21
43369576,21
43055268,6
43345363,21
43363994,21
43289326,16
43372527,21
43372528,21
43366964,21
43351339,21
43266436,16
43312327,18
43336160,20
43367104,21
43372742,21
43330552,20
43232893,13
43368562,21
43370016,21
43361554,21
43372814,21
43370030,21
43325106,19
43330632,20
43361617,21
43333512,20
43372891,21
43274406,16
43325092,19
43315698,19
43361821,21
43361819,21
43333778,20
43367453,21
43363629,21
43359036,21
43373183,21
43359042,21
43358097,21
43366560,21
43370329,21
43364723,21
43373223,21
43361832,21
43311306,18
43318584,19
43359008,21
43358096,21
43345011,21
43363683,21
43194022,10
43370413,21
43333865,20
43118897,6
43325488,19
43369496,21
43358331,21
43359476,21
43342400,21
43370868,21
43370749,21
43362240,21
43328467,20
43348406,21
43370741,21
43364091,21
43295348,17
43352833,21
43365417,21
43143835,6
43275650,16
43330361,20
43243795,15
43324888,19
43350044,21
43349986,21
43371273,21
43372714,21
43336141,20
43336116,20
43360222,21
43334644,20
43261725,16
43372792,21
43287270,16
43374347,21
43301156,17
43361524,21
43360389,21
43346264,21
43353248,21
43357609,21
43338036,20
43353294,21
43371627,21
43374506,21
43350373,21
43370218,21
43347638,21
43364696,21
43363628,21
43255307,15
43364697,21
43366408,21
43265327,16
43363595,21
43363670,21
43357912,21
43370360,21
43349543,21
43370391,21
43370412,21
43372229,21
43364749,21
43375041,21
43367593,21
43356291,21
43361931,21
43307629,18
43356255,21
43289275,16
43353635,21
43330170,20
43342371,21
43341347,21
43369564,21
43362319,21
43365142,21
43341533,21
43373685,21
43366965,21
43366966,21
43375395,21
43247561,15
43350063,21
43274487,16
43264130,16
43344389,21
43239304,13
43354236,21
43364205,21
43375494,21
43313726,18
43355912,21
43371327,21
43274924,16
43207256,11
43319428,19
43374324,21
43350211,21
43374213,21
43227888,13
43353050,21
43368601,21
43336307,20
43368807,21
43294399,17
43366029,21
43375689,21
43366050,21
43374325,21
43366030,21
43371626,21
43375755,21
43372986,21
43366241,21
43339346,20
43361828,21
43371814,21
43346473,21
43332516,20
43361845,21
43347730,21
43363605,21
43367494,21
43360862,21
43370341,21
43369313,21
43356244,21
43374836,21
43370328,21
43296440,17
43373182,21
43376087,21
43376054,21
43376095,21
43318583,19
43321698,19
43002517,5
43372314,21
43345191,21
43375213,21
43375212,21
43363952,21
43327548,19
43373608,21
43365141,21
43339579,21
43369748,21
43351211,21
43356766,21
43342878,21
43368076,21
43355718,21
43356939,21
43369792,21
43123748,6
43341737,21
43310977,18
43364262,21
43372791,21
43374419,21
43353153,21
43346246,21
43361622,21
43361659,21
43361695,21
43368947,21
43241071,14
43364600,21
43375777,21
43351968,21
43361827,21
43366291,21
43356175,21
43329814,20
43377619,21
43371981,21
43375947,21
43367455,21
43367493,21
43352240,21
43375956,21
43282319,16
43370361,21
43372092,21
43363685,21
43376015,21
43309891,18
43377796,21
43363684,21
43376055,21
43321632,19
43376053,21
43332632,20
43359111,21
43314124,18
43363953,21
43375210,21
43266776,16
43278021,16
43359475,21
43361180,21
43280637,16
43330468,20
43306229,18
43368200,21
43354323,21
43376813,21
43350081,21
43372708,21
43292877,16
43374212,21
43320953,19
43368534,21
43377168,21
43360219,21
43333544,20
43344785,21
43361509,21
43378579,21
43345750,21
43151473,6
43353084,21
43371813,21
43373034,21
43375787,21
43274798,16
43288821,16
43370217,21
43363221,21
43377508,21
43378672,21
43297747,17
43372075,21
43378752,21
43360661,21
43366409,21
43266569,16
43373124,21
43378793,21
43377817,21
43375965,21
43376006,21
43370378,21
43352393,21
43307271,18
43366660,21
43280636,16
43306027,18
43377980,21
43370544,21
43322010,19
43353533,21
43353672,21
43376453,21
43373686,21
43367936,21
43335903,20
43372490,21
43318066,19
43355663,21
43351206,21
43370750,21
43322957,19
43331484,20
43367908,21
43307719,18
43378160,21
43368199,21
43284107,16
43350064,21
43369887,21
43355780,21
43313416,18
43260493,16
43377111,21
43367103,21
43351646,21
43339175,20
43372815,21
43285677,16
43370029,21
43344757,21
43326870,19
43256592,16
43371815,21
43357678,21
43372970,21
43217642,11
43316004,19
43352213,21
43361826,21
43371982,21
43313048,18
43376005,21
43376014,21
43378845,21
43374988,21
43338258,20
43373222,21
43367594,21
43373224,21
43358119,21
43376085,21
43370376,21
43355378,21
43018659,6
43353532,21
43356354,21
43369682,21
43361966,21
43377981,21
43320013,19
43373363,21
43367837,21
43370751,21
43356509,21
43378095,21
43379228,21
43247557,15
43063895,6
43380899,21
43344388,21
43152917,6
43280167,16
43375621,21
43181324,9
43340383,21
43372801,21
43381160,21
43363033,21
43374200,21
43381311,21
43363032,21
43222403,12
43318347,19
43349094,21
43365920,21
43375688,21
43380159,21
43259875,16
43371692,21
43381434,21
43370294,21
43373001,21
43381490,21
43380331,21
43381553,21
43381554,21
43358929,21
43358931,21
43374791,21
43352252,21
43373051,21
43372076,21
43378751,21
43367436,21
43129858,6
43343696,21
43380539,21
43375966,21
43179783,9
43356251,21
43381683,21
43372230,21
43374987,21
43355247,21
43377795,21
43352564,21
43370409,21
43378910,21
43311647,18
43341348,21
43377983,21
43372358,21
43376176,21
43363898,21
43344369,21
43333255,20
43250201,15
43375233,21
43362320,21
43362183,21
43363892,21
43379489,21
43197403,11
43381064,21
43376811,21
43367116,21
43372713,21
43381243,21
43254090,15
43330681,20
43370084,21
43365926,21
43374429,21
43375756,21
43374418,21
43308438,18
43349256,21
43312503,18
43354828,21
43375814,21
43357862,21
43367400,21
43377509,21
43364598,21
43311338,18
43366302,21
43380481,21
43223399,12
43374785,21
43171659,7
43206811,11
43378753,21
43374789,21
43381653,21
43370340,21
43360815,21
43378787,21
43369439,21
43370359,21
43363708,21
43344980,21
43361869,21
43296441,17
43260264,16
43339657,21
43148491,6
43288151,16
43372360,21
43291871,16
43351107,21
43362291,21
43363992,21
43379227,21
43367970,21
43380920,21
43379388,21
43351170,21
43379490,21
43271447,16
43314947,19
43261990,16
43364204,21
43323585,19
43330675,20
43354322,21
43379789,21
43371344,21
43357209,21
43365671,21
43353083,21
43257845,16
43379931,21
43236947,13
43358827,21
43368563,21
43341738,21
43381433,21
43361671,21
43381388,21
43352105,21
43352022,21
43341988,21
43304545,18
43372091,21
43367466,21
43380508,21
43353331,21
43380465,21
43316911,19
43375932,21
43375946,21
43366407,21
43378844,21
43366351,21
43347789,21
43383269,21
43381611,21
43378843,21
43384444,21
43370339,21
43381686,21
43384446,21
43376034,21
43383487,21
43370448,21
43361929,21
43304908,18
43341343,21
43146767,6
43338601,20
43377982,21
43342431,21
43353531,21
43376175,21
43369567,21
43263066,16
43282620,16
43372359,21
43376322,21
43380909,21
43380908,21
43375294,21
43372446,21
43292383,16
43375394,21
43378159,21
43375293,21
43378161,21
43362407,21
43283919,16
43354043,21
43351225,21
43369886,21
43381174,21
43372741,21
43327785,19
43378361,21
43277157,16
43383981,21
43376963,21
43379929,21
43385485,21
43336122,20
43316790,19
43379930,21
43344633,21
43381298,21
43384095,21
43365924,21
43367291,21
43364486,21
43332515,20
43372969,21
43385905,21
43370209,21
43294425,17
43375864,21
43333550,20
43352312,21
43366352,21
43189607,9
43268991,16
43375874,21
43384430,21
43384405,21
43386117,21
43381651,21
43374989,21
43384397,21
43381688,21
43185593,9
43358130,21
43367592,21
43383491,21
43355379,21
43359253,21
43352571,21
43353542,21
43356444,21
43348019,21
43370547,21
43380836,21
43370545,21
43376202,21
43383613,21
43383614,21
43283797,16
43355445,21
43362242,21
43386520,22
43383668,21
43295796,17
43386621,22
43327610,19
43279898,16
43385224,21
42984730,2
43322075,19
43383912,21
43348706,21
43383980,21
43360218,21
43322408,19
43337863,20
43375669,21
43387015,22
43360391,21
43364450,21
43387093,22
43325071,19
43340883,21
43364599,21
43319656,19
43372824,21
43375954,21
43383192,21
43380330,21
43381515,21
43380509,21
43363513,21
43380463,21
43375964,21
43352433,21
43370377,21
43386070,21
43384396,21
43377758,21
43387275,22
43363514,21
43353487,21
43339365,20
43332748,20
43384424,21
43381684,21
43381652,21
43383488,21
43383493,21
43369440,21
43366559,21
43387342,22
43370408,21
43372313,21
43310593,18
43247667,15
43386392,22
43386430,22
43363899,21
43336972,20
43386466,22
43316353,19
43348407,21
43345546,21
43334337,20
43323131,19
43317799,19
43336121,20
43386696,22
43368201,21
43257961,16
43368535,21
43360220,21
43370018,21
43380077,21
43384149,21
43374507,21
43364449,21
43381312,21
43377294,21
43372890,21
43380158,21
43385771,21
43388674,22
43341912,21
43302960,18
43361708,21
43374786,21
43386030,21
43325107,19
43367435,21
43386115,21
43380464,21
43386031,21
43378789,21
43378795,21
43384359,21
43310239,18
43377757,21
43370411,21
43387242,22
43378800,21
43384445,21
43376094,21
43285027,16
43381682,21
43375040,21
43375092,21
43176214,7
43096957,6
43370546,21
43373362,21
43383669,21
43316458,19
43367834,21
43380919,21
43355410,21
43303230,18
43362182,21
43376452,21
43367835,21
43387931,22
43292610,16
43216557,11
43383986,21
43367102,21
43357228,21
43271664,16
43337542,20
43353051,21
43370017,21
43386933,22
43379790,21
43339024,20
43378578,21
43374428,21
43389799,22
43308437,18
43361718,21
43325173,19
43388679,22
43137871,6
43339232,20
43390006,22
43133885,6
43373123,21
43386037,21
43302905,18
43332663,20
43327083,19
43383191,21
43361847,21
43383198,21
43374838,21
43388890,22
43302965,18
43389032,22
43288820,16
43352541,21
43387274,22
43387273,22
43387243,22
43349635,21
43234871,13
43389132,22
43389167,22
43251689,15
43358154,21
43015801,6
43390151,22
43390148,22
43360998,21
43358197,21
43294679,17
43336973,20
43290968,16
43249163,15
43339654,21
43380838,21
43362292,21
43378099,21
43384876,21
43383675,21
43302288,18
43361164,21
43384999,21
43356765,21
43372526,21
43385175,21
43262015,16
43313733,18
43256254,15
43317798,19
43372707,21
43292622,16
43384062,21
43391142,22
43338035,20
43297015,17
43307326,18
43378547,21
43391335,22
43220335,12
43388482,22
43356028,21
43316791,19
43389800,22
43381435,21
43387092,22
43389937,22
43357661,21
43389989,22
43387163,22
43369339,21
43381516,21
43389979,22
43375995,21
43391693,22
43316910,19
43378788,21
43380480,21
43389117,22
43378799,21
43389116,22
43387269,22
43378909,21
43387343,22
43380657,21
43390159,22
43376086,21
43272239,16
43363745,21
43297534,17
43313399,18
43142903,6
43330229,20
43390404,22
43299710,17
43314710,19
43372447,21
43250203,15
43322910,19
43367906,21
43372420,21
43365348,21
43386616,22
43362493,21
43386619,22
43319206,19
43173946,7
43372709,21
43365347,21
43284506,16
43333394,20
43362839,21
43329318,20
43364362,21
43329319,20
43368835,21
43391336,22
43257954,16
43389798,22
43298642,17
43354825,21
43381242,21
43256698,16
43384229,21
43384238,21
43371628,21
43358902,21
43384237,21
43343490,21
43373097,21
43384246,21
43349307,21
43372987,21
43353501,21
43381612,21
43357684,21
43386089,21
43298569,17
43381610,21
43391895,22
43390059,22
43384404,21
43387241,22
43390147,22
43377818,21
43384406,21
43381687,21
43387345,22
43059183,6
43185510,9
43363744,21
43222143,12
43271363,16
43381749,21
43392074,22
43380859,21
43373558,21
43334248,20
43369566,21
43375211,21
43131788,6
43334207,20
43253092,15
43369816,21
43213782,11
43376662,21
43291179,16
43386697,22
43371271,21
43303820,18
43371328,21
43391144,22
43372816,21
43392651,22
43385770,21
43367293,21
43392636,22
43282321,16
43389875,22
43386036,21
43333711,20
43370219,21
43354829,21
43351985,21
43319655,19
43290431,16
43391720,22
43389935,22
43383037,21
43380658,21
43390042,22
43171525,7
43291752,16
43378794,21
43392982,22
43392969,22
43376033,21
43366355,21
43107380,6
43081595,6
43188190,9
43306393,18
43344132,21
43390257,22
43386431,22
43386467,22
43390402,22
43375368,21
43384806,21
43386433,22
43390403,22
43308842,18
43389262,22
43370872,21
43390405,22
43359323,21
43384771,21
43367937,21
43348353,21
43344387,21
43362406,21
43392361,22
43357114,21
43383910,21
43312188,18
43386936,22
43336159,20
43371298,21
43236296,13
43395339,22
43375757,21
43342047,21
43289840,16
43391277,22
43388549,22
43374508,21
43391495,22
43394283,22
43353374,21
43322409,19
43394460,22
43361690,21
43391727,22
43388649,22
43386032,21
43389919,22
43271539,16
43391728,22
43375996,21
43210721,11
43374790,21
43356115,21
43302904,18
43380510,21
43391719,22
43332749,20
43390043,22
43326623,19
43390051,22
43394772,22
43339429,20
43290899,16
43387346,22
43387341,22
43063211,6
43363837,21
43386395,22
43342432,21
43313417,18
43246191,15
43390255,22
43395957,22
43396076,22
43393453,22
43392217,22
43264131,16
43383638,21
43392176,22
43381077,21
43362954,21
43393452,22
43376660,21
43389438,22
43393581,22
42999249,4
43338979,20
43395176,22
43386685,22
43310636,18
43285733,16
43388250,22
43391143,22
43367129,21
43367117,21
43381300,21
43325072,19
43344885,21
43355719,21
43368854,21
43364515,21
43392768,22
43381489,21
43307325,18
43324440,19
43364538,21
43394255,22
43361709,21
43391543,22
43395511,22
43347883,21
43391496,22
43373033,21
43377507,21
43340920,21
43361677,21
43380341,21
43391670,22
43390005,22
43386116,21
43390061,22
43391718,22
43344013,21
43384425,21
43395710,22
43338259,20
43210670,11
43388665,22
43377819,21
43315705,19
43327225,19
43392898,22
43390153,22
43387344,22
43392904,22
43389168,22
43387270,22
43375094,21
43155069,6
43373361,21
43299446,17
43392072,22
43319142,19
43277983,16
43311814,18
43358633,21
43362492,21
43319143,19
43373607,21
43347274,21
43264338,16
43395175,22
43386695,22
43382528,21
43390932,22
43315160,19
43284106,16
43381161,21
43365925,21
43384148,21
43303819,18
43394227,22
43397057,22
43388678,22
43394256,22
43398368,22
43385906,21
43352163,21
43299913,17
43327082,19
43388648,22
43366242,21
43370244,21
43397226,22
43385980,21
43395615,22
43391671,22
43380540,21
43395639,22
43378833,21
43392896,22
43394709,22
43398590,22
43395671,22
43392968,22
43390158,22
43392905,22
43392961,22
43392980,22
43184637,9
43387347,22
43392984,22
43392073,22
43395958,22
43309665,18
43386498,22
43289327,16
43375292,21
43378098,21
43378207,21
43339695,21
43397907,22
43336066,20
43385176,21
43392471,22
43347366,21
43395341,22
43260263,16
43381299,21
43033333,6
43397058,22
43193676,10
43358634,21
43367292,21
43301148,17
43375908,21
43315625,19
43397227,22
43397251,22
43397252,22
43377558,21
43308399,18
43375875,21
43378673,21
43374837,21
43392891,22
43400259,22
43398491,22
43355380,21
43364747,21
43383492,21
43195377,11
43400412,22
43266453,16
43392981,22
43352569,21
43390254,22
43381748,21
43397692,22
43392136,22
43328317,20
43395008,22
43264132,16
43390449,22
43399020,22
43386620,22
43249331,15
43364077,21
43398969,22
43398968,22
43378100,21
43347165,21
43316504,19
43275811,16
43337324,20
43378362,21
43287271,16
43381292,21
43289843,16
43344601,21
43381175,21
43350256,21
43389728,22
43391337,22
43309666,18
43392649,22
43401047,22
43384150,21
43398277,22
43385981,21
43363246,21
43357611,21
43297073,17
43398295,22
43373035,21
43381488,21
43392855,22
43398387,22
43398402,22
43384415,21
43400055,22
43315849,19
43394459,22
43398377,22
43339406,20
43352510,21
43383190,21
43390044,22
43390056,22
43398492,22
43384429,21
43394562,22
43400341,22
43400278,22
43391893,22
43391894,22
43390125,22
43398609,22
43392962,22
43398621,22
43369441,21
43398610,22
43258244,16
43338602,20
43398773,22
43401527,22
43372382,21
43386521,22
43398908,22
43372448,21
43386615,22
43376628,21
43396265,22
43376671,21
43201632,11
43331824,20
43400855,22
43379377,21
43395174,22
43355911,21
43399214,22
43280957,16
43378355,21
43305363,18
43393849,22
43383985,21
43398189,22
43392587,22
43361536,21
43305585,18
43290432,16
43392650,22
43219650,12
43219946,12
43389806,22
43395473,22
43378584,21
43385790,21
43360440,21
43394285,22
43392665,22
43377123,21
43395510,22
43389936,22
43400071,22
43361730,21
43364539,21
43377756,21
43280589,16
43400260,22
43392979,22
43400411,22
43403295,22
43084190,6
43237448,13
43380774,21
43392175,22
43365073,21
43386394,22
43363893,21
43364981,21
43333150,20
43358208,21
43390448,22
43392132,22
43400601,22
43226709,13
43289504,16
43392137,22
43370742,21
43396184,22
43322863,19
43352832,21
43394922,22
43399093,22
43401898,22
43313636,18
43330491,20
43351106,21
43397908,22
43164762,6
43345768,21
43309865,18
43380072,21
43384125,21
43386932,22
43364404,21
43377110,21
43298450,17
43396963,22
43398293,22
42991769,4
43378583,21
43312658,18
43368900,21
43371614,21
43387109,22
43361717,21
43403051,22
43378818,21
43394549,22
43376004,21
43390057,22
43373098,21
43397382,22
43403097,22
43294545,17
43195754,11
43397691,22
43392069,22
43392071,22
43351207,21
43396025,22
43395956,22
43383674,21
43381823,21
43367935,21
43327550,19
43399021,22
43359679,21
43362955,21
43399276,22
43330203,20
43388045,22
43347275,21
43372529,21
43348737,21
43385486,21
43385511,21
43264593,16
43388044,22
43402541,22
43361525,21
43399634,22
43351814,21
43402540,22
43403957,22
43392769,22
43387108,22
43398347,22
43401139,22
43358963,21
43339364,20
43397225,22
43333551,20
43394615,22
43398380,22
43264680,16
43405840,22
43402862,22
43404141,22
43403096,22
43346670,21
43403161,22
43352182,21
43392890,22
43400340,22
43400277,22
43403168,22
43199476,11
43339407,20
43400405,22
43404236,22
43398589,22
43394771,22
43394820,22
43395711,22
43340980,21
43324375,19
43392963,22
43341344,21
43400488,22
43376174,21
43363900,21
43266898,16
43401528,22
43223975,13
43326008,19
43386432,22
43322958,19
43401692,22
43404669,22
43385000,21
43314645,19
43367986,21
43401899,22
43395108,22
43327549,19
43397960,22
43330467,20
43348689,21
43402141,22
43395288,22
43402227,22
43402226,22
43403746,22
43403887,22
43366356,21
43384061,21
43350240,21
43398217,22
43394386,22
43396964,22
43404005,22
43398348,22
43368856,21
43344884,21
43366303,21
43401234,22
43398388,22
43398501,22
43403053,22
43406968,22
43378832,21
43384470,21
43340832,21
43349759,21
43395965,22
43279994,16
43404294,22
43404292,22
43389264,22
43292118,16
43355409,21
43396075,22
43339615,21
43392188,22
43238887,13
43401691,22
43395009,22
43384875,21
43401711,22
43380921,21
43168017,7
43333254,20
43327786,19
43218521,12
43403680,22
43395286,22
43305203,18
43392362,22
43323577,19
43405173,22
43297900,17
43371345,21
43354393,21
43363063,21
43395340,22
43406621,22
43405334,22
43354565,21
43401177,22
43386935,22
43377128,21
43398324,22
43378546,21
43403888,22
43398294,22
43396728,22
43402821,22
43330785,20
43398389,22
43357547,21
43406739,22
43401157,22
43386068,21
43400054,22
43384275,21
43406882,22
43405807,22
43392897,22
43384469,21
43404220,22
43398620,22
43403167,22
43397647,22
43280588,16
43347823,21
43398774,22
43404295,22
43303229,18
43389441,22
43260345,16
43322703,19
43308780,18
43393291,22
43385219,21
43368479,21
43409279,22
43315617,19
43405116,22
43400928,22
43399635,22
43401049,22
43405387,22
43409441,22
43392635,22
43408196,22
43408337,22
43089739,6
43349299,21
43368855,21
43361729,21
43363190,21
43397204,22
43403926,22
43401178,22
43361761,21
43403169,22
43403068,22
43397250,22
43398490,22
43329845,20
43400165,22
43377618,21
43403160,22
43389133,22
43359061,21
43358132,21
43279583,16
43370449,21
43400490,22
43400489,22
43338747,20
43386412,22
43389263,22
43395966,22
43409000,22
43370752,21
43396144,22
43384804,21
43330230,20
43370867,21
43320523,19
43359382,21
43300901,17
43409095,22
43406328,22
43345446,21
43246538,15
43385221,21
43399301,22
43383911,21
43346064,21
43400929,22
43385452,21
43341995,21
43368580,21
43314993,19
43403725,22
43399809,22
43390868,22
43378393,21
43367183,21
43409459,22
43409442,22
43396905,22
43396904,22
43351773,21
43409582,22
43409574,22
43360336,21
43406806,22
43395472,22
43401270,22
43347822,21
43398411,22
43403137,22
43405821,22
43408740,22
43386035,21
43411471,22
43394710,22
43259950,16
43401272,22
43376013,21
43411608,22
43390060,22
43395638,22
43406958,22
43404221,22
43346945,21
43401458,22
43376203,21
43186851,9
43376323,21
43345447,21
43390409,22
43400659,22
43392135,22
43399092,22
43222283,12
43387844,22
43354392,21
43395100,22
43409191,22
43390930,22
43368210,21
43389727,22
43393850,22
43408093,22
43299709,17
43265759,16
43408106,22
43335235,20
43312659,18
43403983,22
43406715,22
43403868,22
43401140,22
43408391,22
43398367,22
43404029,22
43406830,22
43411293,22
43380340,21
43412534,22
43412493,22
43375093,21
43405820,22
43412546,22
43290422,16
43324293,19
43408742,22
43394629,22
43407004,22
43360946,21
43406959,22
43406980,22
43411673,22
43375019,21
43407046,22
43397655,22
43386393,22
43386413,22
43393254,22
43407224,22
43408954,22
43305015,18
43411794,22
43401690,22
43400660,22
43411837,22
43406329,22
43354261,21
43374038,21
43115289,6
43381063,21
43369758,21
43393580,22
43316420,19
43379517,21
43412029,22
43412027,22
43390931,22
43364220,21
43405335,22
43352943,21
43362838,21
43367130,21
43329127,20
43413635,22
43379991,21
43403724,22
43379990,21
43361555,21
43406520,22
43279995,16
43402863,22
43378580,21
43413879,22
43409575,22
43399955,22
43375813,21
43384245,21
43274938,16
43406829,22
43400056,22
43294392,17
43401233,22
43406807,22
43411292,22
43389978,22
43405842,22
43411358,22
43400073,22
43412502,22
43412512,22
43409686,22
43376035,21
43302829,18
43400487,22
43397648,22
42999024,4
43390157,22
43299386,17
43344273,21
43120739,6
43334020,20
43372489,21
43404352,22
43407115,22
43400602,22
43323132,19
43325572,19
43368217,21
43394923,22
43411892,22
43353760,21
43397906,22
43387672,22
43348444,21
43368211,21
43386665,22
43396633,22
43344530,21
43336148,20
43285734,16
43347340,21
43412120,22
43405259,22
43405117,22
43346193,21
43374498,21
43405118,22
43329323,20
43405174,22
43413648,22
43279234,16
43339167,20
43337825,20
43340613,21
43401025,22
43406714,22
43262393,16
43285857,16
43246917,15
43394167,22
43400072,22
43237589,13
43401158,22
43384230,21
43402906,22
43383197,21
43415198,22
43415239,22
43403052,22
43414192,22
43268935,16
43390004,22
43414361,22
43392977,22
43403136,22
43363836,21
43310513,18
43406208,22
43393253,22
43414529,22
43404601,22
43412746,22
43411801,22
43330362,20
43401828,22
43259015,16
43403525,22
43331483,20
43348380,21
43414790,22
43409278,22
43412026,22
43399299,22
43372825,21
43379518,21
43398095,22
43385396,21
43399535,22
43218561,12
43234202,13
43374197,21
43416550,22
43293166,16
43398289,22
43413815,22
43413878,22
43392854,22
43312189,18
43371615,21
43411163,22
43412288,22
43402904,22
43411173,22
43415120,22
43398381,22
43380076,21
43411164,22
43394433,22
43415271,22
43397325,22
43415282,22
43352181,21
43412504,22
43381502,21
43415364,22
43302966,18
43383270,21
43398511,22
43414345,22
43398608,22
43395743,22
43394630,22
43407028,22
43411675,22
43397588,22
43411609,22
43346813,21
43361967,21
43345364,21
43319058,19
43414530,22
43299374,17
43356402,21
43417477,22
43413202,22
43378356,21
43387845,22
43390929,22
43229734,13
43372800,21
43357685,21
43417707,22
43365672,21
43349060,21
43328976,20
43158853,6
43417878,22
43358756,21
43410867,22
43368834,21
43410869,22
43324998,19
43409520,22
43417998,22
43377252,21
43385907,21
43312934,18
43266087,16
43415203,22
43412503,22
43398290,22
43411470,22
43415273,22
43397326,22
43374727,21
43398512,22
43370266,21
43407029,22
43294559,17
43394819,22
43390152,22
43415450,22
43415446,22
43415445,22
43376093,21
43281931,16
43364980,21
43414634,22
43404409,22
43362231,21
43393197,22
43413044,22
43322788,19
43404651,22
43401900,22
43390660,22
43362532,21
43395101,22
43401829,22
43414789,22
43376812,21
43409329,22
43367402,21
43264409,16
43395318,22
43413576,22
43365545,21
43344600,21
43344751,21
43387014,22
43414105,22
43415197,22
43341996,21
43374728,21
43402905,22
43346575,21
43418021,22
43405841,22
43398502,22
43412533,22
43419772,23
43412545,22
43415283,22
43418140,22
43392802,22
43369224,21
43420017,23
43419962,23
43418214,22
43417114,22
43420015,23
43420033,23
43400406,22
43252564,15
43347884,21
43411674,22
43407043,22
43395614,22
43387348,22
43339694,21
43411774,22
43412747,22
43417365,22
43396032,22
43358330,21
43355446,21
43397876,22
43317542,19
43413045,22
43376992,21
43336117,20
43416244,22
43365418,21
43417661,22
43399215,22
43333411,20
43402307,22
43414962,22
43257764,16
43417791,22
43393738,22
43408107,22
43408259,22
43389709,22
43399636,22
43378623,21
43419388,23
43409519,22
43403956,22
43416713,22
43394284,22
43384215,21
43396991,22
43303305,18
43406783,22
43419770,23
43420928,23
43389033,22
43221562,12
43265325,16
43353333,21
43415362,22
43349511,21
43408741,22
43414362,22
43403162,22
43411607,22
43370410,21
43392978,22
43421055,23
43353488,21
43384416,21
43166006,6
43418342,22
43415504,22
43355902,21
43408888,22
43411800,22
43406257,22
43378255,21
43403580,22
43316459,19
43239192,13
43420377,23
43372648,21
43362533,21
43183475,9
43188108,9
43393633,22
43379387,21
43357227,21
43385226,21
43386914,22
43243950,15
43366049,21
43378545,21
43416586,22
43372991,21
43378817,21
43402772,22
43387170,22
43408197,22
43417975,22
43273644,16
43411359,22
43243732,15
43415303,22
43409687,22
43414193,22
43419964,23
43314246,18
43332810,20
43412535,22
43346812,21
43418213,22
43418212,22
43395742,22
43327268,19
43237587,13
43225358,13
43397587,22
43420113,23
43404237,22
43199709,11
43373266,21
43411723,22
43404293,22
43380835,21
43399035,22
43403311,22
43396026,22
43415754,22
43275555,16
43355554,21
43351261,21
43407489,22
43356403,21
43414788,22
43386664,22
43376790,21
43363860,21
43352908,21
43412111,22
43342991,21
43343491,21
43331701,20
43329097,20
43258883,16
43420405,23
43421766,23
43398096,22
43395320,22
43362745,21
43371272,21
43416384,22
43414963,22
43354564,21
43398180,22
43408260,22
43403886,22
43422300,23
43375776,21
43405549,22
43352073,21
43420873,23
43419763,23
43388889,22
43401271,22
43404140,22
43358131,21
43307174,18
43423746,23
43422741,23
43414344,22
43414360,22
43422672,23
43423745,23
43419882,23
43360999,21
43321633,19
43417310,22
43393632,22
43381822,21
43379166,21
43386468,22
43373265,21
43386411,22
43417391,22
43410087,22
43406256,22
43423110,23
43376201,21
43404602,22
43347209,21
43409103,22
43389432,22
43421739,23
43364396,21
43388073,22
43421763,23
43417706,22
43424795,23
43337311,20
43405386,22
43336147,20
43341781,21
43398191,22
43238093,13
43410868,22
43395474,22
43416587,22
43410967,22
43401100,22
43324207,19
43416640,22
43127710,6
43415119,22
43420741,23
43408092,22
43416847,22
43415196,22
43374499,21
43372008,21
43411162,22
43398500,22
43420874,23
43405806,22
43419771,23
43404139,22
43422740,23
43406981,22
43418207,22
43230656,13
43310560,18
43401456,22
43414600,22
43401529,22
43424022,23
43339578,21
43415469,22
43424023,23
43392070,22
43421118,23
43411802,22
43421310,23
43369697,21
43283796,16
43411913,22
43313732,18
43368218,21
43423271,23
43334504,20
43417662,22
43375376,21
43421997,23
43409451,22
43422059,23
43403927,22
43416382,22
43105123,6
43298534,17
43384096,21
43368899,21
43426404,23
43399954,22
43412308,22
43329596,20
43415249,22
43283330,16
43389982,22
43416893,22
43339194,20
43417974,22
43415305,22
43415284,22
43418131,22
43406969,22
43422846,23
43420016,23
43423818,23
43425513,23
43400339,22
43420857,23
43361805,21
43409804,22
43361000,21
43417311,22
43335869,20
43418341,22
43339656,21
43355444,21
43372383,21
43414632,22
43244308,15
43338605,20
43378208,21
43412028,22
43271540,16
43185123,9
43421762,23
43173947,7
43426135,23
43420445,23
43413577,22
43421938,23
43165367,6
43420655,23
43417687,22
43414983,22
43319427,19
43423508,23
43425080,23
43402771,22
43419851,23
43310024,18
43396729,22
43426463,23
43401235,22
43415272,22
43428388,23
43423815,23
43426629,23
43422918,23
43422742,23
43360945,21
43339655,21
43372421,21
43353543,21
43428589,23
43380898,21
43426707,23
43384805,21
43425780,23
43415503,22
43411839,22
43425867,23
43426970,23
43407413,22
43364221,21
43112551,6
43420444,23
43420443,23
43420506,23
43398047,22
43361537,21
43355576,21
43377129,21
43419243,23
43402702,22
43419353,23
43394550,22
43423584,23
43427998,23
43137270,6
43415375,22
43340824,21
43342044,21
43428218,23
43429397,23
43429451,23
43415363,22
43422909,23
43404261,22
43389318,22
43404408,22
43415528,22
43327421,19
43428650,23
43404465,22
43077480,6
43397877,22
43414601,22
43407518,22
43396023,22
43428713,23
43415986,22
43421767,23
43380974,21
43379378,21
43412110,22
43430058,23
43416246,22
43340612,21
43388167,22
43427484,23
43430351,23
43412187,22
43426309,23
43337310,20
43425258,23
43423557,23
43419577,23
43370245,21
43378622,21
43430900,23
43395637,22
43349061,21
43429338,23
43425458,23
43414207,22
43431200,23
43400258,22
43299941,17
43419883,23
43423816,23
43415449,22
43352511,21
43423871,23
43397656,22
43400386,22
43372992,21
43334167,20
43428538,23
43411881,22
43393292,22
43425815,23
43425781,23
43414531,22
43397895,22
43372557,21
43408999,22
43364090,21
43403310,22
43425814,23
43363891,21
43225170,13
43406255,22
43420250,23
43404538,22
43423111,23
43358494,21
43422097,23
43399300,22
43196179,11
43266899,16
43424524,23
43423311,23
43347250,21
43403712,22
43412188,22
43425036,23
43412189,22
43423506,23
43415121,22
43377559,21
43388677,22
43425537,23
43398369,22
43420865,23
43428219,23
43414343,22
43388673,22
43428387,23
43419963,23
43414208,22
43412547,22
43428337,23
43352432,21
43414194,22
43336630,20
43339427,20
43391842,22
43409803,22
43422848,23
43428534,23
43423870,23
43357021,21
43384512,21
43425783,23
43407226,22
43392049,22
43387479,22
43362279,21
43432596,23
43400637,22
43367256,21
43432624,23
43386522,22
43411893,22
43233733,13
43425996,23
43302416,18
43341556,21
43432911,23
43426127,23
43426153,23
43430302,23
43402354,22
43416383,22
43413572,22
43406521,22
43370015,21
43426184,23
43420654,23
43412291,22
43312719,18
43365995,21
43293328,16
43402703,22
43426394,23
43408338,22
43358701,21
43428103,23
43419581,23
43398410,22
43423711,23
43406782,22
43408252,22
43412511,22
43274799,16
43418144,22
43371912,21
43433884,23
43313034,18
43432129,23
43422760,23
43422761,23
43359062,21
43426630,23
43407003,22
43433972,23
43432236,23
43432237,23
43279902,16
43426700,23
43431358,23
43338730,20
43428751,23
43431565,23
43407293,22
43096105,6
43317541,19
43367860,21
43425970,23
43399097,22
43398048,22
43358702,21
43431693,23
43402140,22
43368581,21
43426154,23
43398190,22
43421996,23
43386913,22
43406620,22
43416495,22
43423507,23
43311189,18
43388666,22
43388650,22
43432127,23
43420864,23
43425457,23
43329780,20
43434964,23
43423819,23
43433882,23
43428389,23
43433970,23
43349437,21
43421054,23
43434023,23
43423839,23
43423869,23
43349436,21
43434024,23
43395787,22
43240536,14
43380776,21
43429618,23
43353627,21
43431418,23
43421472,23
43407414,22
43365103,21
43404670,22
43417392,22
43432595,23
43358317,21
43432625,23
43358552,21
43361374,21
43305226,18
43432898,23
43389673,22
43427501,23
43324885,19
43433064,23
43357229,21
43416423,22
43382527,21
43417793,22
43426349,23
43427705,23
43429097,23
43412289,22
43391408,22
43430491,23
43434737,23
43434735,23
43361508,21
43392640,22
43340334,21
43433464,23
43337826,20
43389868,22
43429179,23
43356029,21
43389990,22
43433718,23
43436573,23
43423739,23
43432128,23
43418145,22
43220711,12
43397376,22
43422780,23
43433928,23
43422781,23
43432238,23
43434977,23
43380973,21
43311648,18
43401457,22
43418340,22
43348020,21
43365254,21
43335952,20
43393198,22
43426972,23
43420332,23
43432623,23
43435376,23
43411891,22
43425994,23
43420406,23
43334208,20
43381415,21
43424592,23
43433063,23
43432897,23
43382854,21
43434576,23
43416323,22
43414982,22
43389711,22
43367184,21
43403850,22
43353075,21
43389712,22
43410966,22
43433463,23
43401048,22
43434739,23
43408339,22
43403984,22
43433565,23
43428114,23
43419580,23
43402770,22
43436474,23
43397375,22
43429339,23
43419881,23
43434908,23
43430898,23
43344750,21
43434881,23
43388888,22
43434965,23
43434963,23
43433929,23
43433927,23
43360947,21
43418209,22
43434978,23
43347740,21
43421066,23
43421053,23
43392983,22
43390408,22
43408974,22
43429620,23
43410086,22
43437993,23
43414633,22
43437009,23
43426971,23
43392189,22
43376673,21
43411955,22
43431566,23
43426183,23
43354428,21
43396622,22
43357115,21
43291323,16
43424629,23
43398181,22
43417792,22
43365546,21
43423380,23
43365993,21
43403602,22
43436362,23
43415098,22
43427999,23
43411229,22
43437630,23
43409581,22
43420803,23
43243794,15
43403069,22
43433630,23
43358994,21
43426403,23
43382853,21
43425535,23
43433717,23
43433883,23
43433885,23
43437785,23
43409688,22
43401430,22
43395786,22
43156800,6
43426628,23
43437784,23
43314247,18
43437820,23
43401431,22
43404222,22
43384511,21
43411724,22
43420251,23
43431419,23
43439859,23
43409022,22
43182985,9
43374062,21
43359570,21
43435375,23
43362405,21
43267196,16
43438302,23
43428889,23
43395155,22
43427336,23
43430024,23
43376789,21
43386762,22
43437269,23
43426136,23
43353916,21
43426134,23
43385309,21
43436030,23
43440151,23
43438861,23
43364363,21
43436085,23
43402306,22
43416742,22
43427616,23
43387123,22
43291402,16
43436363,23
43408193,22
43417992,22
43437618,23
43439262,23
43439365,23
43429337,23
43402983,22
43426445,23
43384360,21
43415238,22
43433772,23
43386130,21
43434979,23
43412513,22
43422847,23
43369935,21
43435023,23
43440572,23
43429453,23
43291682,16
43428588,23
43412749,22
43425801,23
43404353,22
43421311,23
43439858,23
43434275,23
43369757,21
43431583,23
43425947,23
43437128,23
43361375,21
43413200,22
43398023,22
43428947,23
43434489,23
43385451,21
43388248,22
43381159,21
43388074,22
43417905,22
43307175,18
43381603,21
43423639,23
43439087,23
43440307,23
43416848,22
43395672,22
43408479,22
43439171,23
43423740,23
43257015,16
43440614,23
43420930,23
43439612,23
43436688,23
43439544,23
43440615,23
43265397,16
43365074,21
43090174,6
43437010,23
43436984,23
43387349,22
43328318,20
43334196,20
43339626,21
43412883,22
43441047,23
43255842,15
43381078,21
43384770,21
43394214,22
43432594,23
43390867,22
43424494,23
43437268,23
43413422,22
43341591,21
43440100,23
43442955,23
43424748,23
43440173,23
43322311,19
43364395,21
43386976,22
43399534,22
43423381,23
43363062,21
43434490,23
43440354,23
43442175,23
43430943,23
43437629,23
43400112,22
43442163,23
43394561,22
43418020,22
43433773,23
43333710,20
43443340,23
43415304,22
43433743,23
43327267,19
43433744,23
43442184,23
43443384,23
43344015,21
43395709,22
43436687,23
43436686,23
43436821,23
43434025,23
43423868,23
43418208,22
43436897,23
43381673,21
43407045,22
43409990,22
43435059,23
43353670,21
43435058,23
43434188,23
43432474,23
43324518,19
43235185,13
43438290,23
43376629,21
43434273,23
43434274,23
43443848,23
43386663,22
43363993,21
43441463,23
43386797,22
43366945,21
43385324,21
43416529,22
43440288,23
43382482,21
43438968,23
43422301,23
43401159,22
43425037,23
43439086,23
43409707,22
43386796,22
43401156,22
43443118,23
43352311,21
43425260,23
43433629,23
43440424,23
43440435,23
43419666,23
43404031,22
43430899,23
43425382,23
43332160,20
43433745,23
43342002,21
43445070,23
43372007,21
43412492,22
43442326,23
43145456,6
43423747,23
43398523,22
43423840,23
43404102,22
43262613,16
43431484,23
43415506,22
43445400,23
43415753,22
43389442,22
43437082,23
43387477,22
43435322,23
43432467,23
43441012,23
43443835,23
43358209,21
43367999,21
43438304,23
43425949,23
43348398,21
43416068,22
43142902,6
43440102,23
43210187,11
43444464,23
43395287,22
43388481,22
43347417,21
43379875,21
43263237,16
43392586,22
43434691,23
43419343,23
43441785,23
43395319,22
43441875,23
43389807,22
43392466,22
43442174,23
43422096,23
43444866,23
43439263,23
43391692,22
43442161,23
43417993,22
43445068,23
43352516,21
43442324,23
43442271,23
43439613,23
43445149,23
43445228,23
43435022,23
43440571,23
43406985,22
43398408,22
43422920,23
43408887,22
43411697,22
43331670,20
43399034,22
43442560,23
43434187,23
43443638,23
43424021,23
43410085,22
43265758,16
43420343,23
43435643,23
43203138,11
43138255,6
43413201,22
43435567,23
43438511,23
43445617,23
43376169,21
43407519,22
43438512,23
43375548,21
43427502,23
43441418,23
43378256,21
43438916,23
43435824,23
43428890,23
43428115,23
43284493,16
43370014,21
43392666,22
43364361,21
43357546,21
43379876,21
43445948,23
43432039,23
43439085,23
43415374,22
43430769,23
43442162,23
43443192,23
43426279,23
43336308,20
43445016,23
43434880,23
43416605,22
43437764,23
43443383,23
43420929,23
43428338,23
43375955,21
43425514,23
43442325,23
43436779,23
43431199,23
43423841,23
43420112,23
43445387,23
43445401,23
43432395,23
43367861,21
43445382,23
43409094,22
43439857,23
43412953,22
43446712,23
43410084,22
43443891,23
43437084,23
43414802,22
43423292,23
43400636,22
43315104,19
43432822,23
43347210,21
43345767,21
43340381,21
43368212,21
43438807,23
43440156,23
43378392,21
43434574,23
43440233,23
43430492,23
43428948,23
43447311,23
43441784,23
43429039,23
43427803,23
43412343,22
43397168,22
43341839,21
43423583,23
43414248,22
43404030,22
43439438,23
43430944,23
43387164,22
43363596,21
43447892,23
43414209,22
43447893,23
43448969,23
43442270,23
43319654,19
43445229,23
43429396,23
43335236,20
43428535,23
43445270,23
43407044,22
43226738,13
43137693,6
43432417,23
43367785,21
43417474,22
43449281,23
43437045,23
43437058,23
43389431,22
43420331,23
43434375,23
43406373,22
43415960,22
43444106,23
43448437,23
43448436,23
43379739,21
43445809,23
43437454,23
43416641,22
43403903,22
43448689,23
43429180,23
43440355,23
43275910,16
43416712,22
43450328,23
43446020,23
43375931,21
43367399,21
43436475,23
43374201,21
43400110,22
43406784,22
43381503,21
43389983,22
43434909,23
43422673,23
43437725,23
43446083,23
43446174,23
43440573,23
43409769,22
43442413,23
43449016,23
43403294,22
43355381,21
43434100,23
43443639,23
43445381,23
43451111,23
43440880,23
43451083,23
43443701,23
43372320,21
43441046,23
43306181,18
43443849,23
43434376,23
43214363,11
43449751,23
43451261,23
43272561,16
43367988,21
43385311,21
43416245,22
43404871,22
43432929,23
43297901,17
43440101,23
43450000,23
43427703,23
43355553,21
43447312,23
43448526,23
43443009,23
43440234,23
43426264,23
43436311,23
43434692,23
43404081,22
43451555,23
43439317,23
43419354,23
43416892,22
43428104,23
43446047,23
43391542,22
43446172,23
43443338,23
43389019,22
43420964,23
43448993,23
43450750,23
43291269,16
43450927,23
43451877,23
43408898,22
43446477,23
43432472,23
43438299,23
43439850,23
43445399,23
43431375,23
43357020,21
43407223,22
43389437,22
43389319,22
43398907,22
43451135,23
43186111,9
43446612,23
43376661,21
43437291,23
43437081,23
43425995,23
43434644,23
43441390,23
43381167,21
43419175,23
43424081,23
43440157,23
43449797,23
43438808,23
43388249,22
43448635,23
43436086,23
43375622,21
43302641,18
43440289,23
43401099,22
43371329,21
43299850,17
43324206,19
43373050,21
43416496,22
43363191,21
43453293,23
43387124,22
43453371,23
43453372,23
43351367,21
43418132,22
43445069,23
43349512,21
43414104,22
43395642,22
43450654,23
43443339,23
43437765,23
43445017,23
43450799,23
43450798,23
43445272,23
43448058,23
43404235,22
43397657,22
43386445,22
43401825,22
43409104,22
43411799,22
43443702,23
43451110,23
43437994,23
43451134,23
43396024,22
43425948,23
43443850,23
43420376,23
43452311,23
43314711,19
43358495,21
43416159,22
43396266,22
43374037,21
43355577,21
43430057,23
43411866,22
43449688,23
43449765,23
43441380,23
43374061,21
43381166,21
43396517,22
43441381,23
43221414,12
43442956,23
43438915,23
43374346,21
43424957,23
43386977,22
43400955,22
43393989,22
43446019,23
43408478,22
43451630,23
43448677,23
43453292,23
43451632,23
43280412,16
43454507,23
43454508,23
43446048,23
43448768,23
43419667,23
43423741,23
43448992,23
43422759,23
43450758,23
43349633,21
43453429,23
43453427,23
43453428,23
43445015,23
43448968,23
43442323,23
43433906,23
43453493,23
43442411,23
43453492,23
43450844,23
43450845,23
43419778,23
43448963,23
43397589,22
43442412,23
43448060,23
43353489,21
43420032,23
43391878,22
43407048,22
43369568,21
43425799,23
43429619,23
43396031,22
43439856,23
43425792,23
43298570,17
43264594,16
43404537,22
43443834,23
43438303,23
43415985,22
43446640,23
43420378,23
43422058,23
43444105,23
43455295,23
43445618,23
43405146,22
43365633,21
43402139,22
43454161,23
43385310,21
43454247,23
43450063,23
43439997,23
43442930,23
43340382,21
43450079,23
43403867,22
43444473,23
43379740,21
43395625,22
43364542,21
43401201,22
43426310,23
43426395,23
43434736,23
43440426,23
43441876,23
43415250,22
43453291,23
43451631,23
43450460,23
43442176,23
43446057,23
43446097,23
43451759,23
43448918,23
43448917,23
43397203,22
43405893,22
43440556,23
43440555,23
43439614,23
43341346,21
43425866,23
43424408,23
43429652,23
43376665,21
43432466,23
43412882,22
43414760,22
43453935,23
43367836,21
43388168,22
43454000,23
43414805,22
43446759,23
43454001,23
43314864,19
43448399,23
43354044,21
43415961,22
43451272,23
43448452,23
43449665,23
43449850,23
43400722,22
43438938,23
43115361,6
43452899,23
43386934,22
43435995,23
43457197,23
43455830,23
43439170,23
43370104,21
43420740,23
43453198,23
43381389,21
43313036,18
43397177,22
43445239,23
43456390,23
43395624,22
43445151,23
43448994,23
43456484,23
43456495,23
43293787,17
43404260,22
43411681,22
43352791,21
43448280,23
43322995,19
43443811,23
43448332,23
43387673,22
43404652,22
43446843,23
43386499,22
43382483,21
43446758,23
43397878,22
43420342,23
43354039,21
43455278,23
43422200,23
43313635,18
43444236,23
43432912,23
43457005,23
43427546,23
43419777,23
43442972,23
43441465,23
43457057,23
43402572,22
43447317,23
43448690,23
43302770,18
43416551,22
43438883,23
43414988,22
43443193,23
43445947,23
43375863,21
43453196,23
43456070,23
43450588,23
43446056,23
43448895,23
43457262,23
43434888,23
43394357,22
43457322,23
43442185,23
43420960,23
43453494,23
43456257,23
43450655,23
43456277,23
43457432,23
43436575,23
43454607,23
43448861,23
43456564,23
43425488,23
43453857,23
43356666,21
43398772,22
43454914,23
43446639,23
43442696,23
43457955,23
43455118,23
43235184,13
43443892,23
43455150,23
43434255,23
43424493,23
43368422,21
43456901,23
43440152,23
43372799,21
43441464,23
43337527,20
43443010,23
43409573,22
43295869,17
43367403,21
43416846,22
43443243,23
43386129,21
43389938,22
43450653,23
43436574,23
43439364,23
43457382,23
43448919,23
43425459,23
43443168,23
43440603,23
43450759,23
43406979,22
43460185,23
43425536,23
43440532,23
43082446,6
43456486,23
43445241,23
43437783,23
43437763,23
43445271,23
43406921,22
43410208,22
43425782,23
43380837,21
43434190,23
43457816,23
43456793,23
43409196,22
43459591,23
43417620,22
43459546,23
43405083,22
43341590,21
43448369,23
43457996,23
43425971,23
43330204,20
43339627,21
43411867,22
43456900,23
43451271,23
43455216,23
43458376,23
43441388,23
43403579,22
43362280,21
43457056,23
43452709,23
43234155,13
43451469,23
43447209,23
43452897,23
43346481,21
43457039,23
43398323,22
43381414,21
43453272,23
43394228,22
43444901,23
43460104,23
43457323,23
43363293,21
43453271,23
43461919,23
43262395,16
43446085,23
43290493,16
43450642,23
43457389,23
43447894,23
43432038,23
43437726,23
43411533,22
43437776,23
43406945,22
43462123,23
43456565,23
43403296,22
43421067,23
43404389,22
43428600,23
43454956,23
43453968,23
43415527,22
43457673,23
43411915,22
43457817,23
43449483,23
43456722,23
43454055,23
43448281,23
43457958,23
43432720,23
43456823,23
43446713,23
43395107,22
43452451,23
43258830,16
43441166,23
43449737,23
43456855,23
43458110,23
43434232,23
43416158,22
43455279,23
43375549,21
43459682,23
43420552,23
43351262,21
43338664,20
43439996,23
43396518,22
43419242,23
43458505,23
43449947,23
43434575,23
43427615,23
43448624,23
43414987,22
43450135,23
43459970,23
43381291,21
43426464,23
43461632,23
43417997,22
43457237,23
43462912,23
43462882,23
43400111,22
43454470,23
43457286,23
43457390,23
43395585,22
43375018,21
43357660,21
43462059,23
43456493,23
43462124,23
43447985,23
43456494,23
43411618,22
43384276,21
43327081,19
43429452,23
43407184,22
43344142,21
43452252,23
43453865,23
43462331,23
43424196,23
43312090,18
43460633,23
43404536,22
43453967,23
43431581,23
43411838,22
43457956,23
43453986,23
43446842,23
43423068,23
43407657,22
43456824,23
43458203,23
43357164,21
43411875,22
43450038,23
43445875,23
43315103,19
43419030,23
43459999,23
43451479,23
43439439,23
43461452,23
43454429,23
43377293,21
43459893,23
43461633,23
43137870,6
43434927,23
43464415,24
43444902,23
43440425,23
43453197,23
43419657,23
43386069,21
43451731,23
43442183,23
43446035,23
43446096,23
43386128,21
43453527,23
43460197,23
43456255,23
43456360,23
43445150,23
43397646,22
43411620,22
43445380,23
43263840,16
43428537,23
43425722,23
43311813,18
43387418,22
43404464,22
43451048,23
43463517,24
43255978,15
43462384,23
43432593,23
43438125,23
43059678,6
43457997,23
43359569,21
43456856,23
43361347,21
43458102,23
43420275,23
43453991,23
43341592,21
43372647,21
43438688,23
43399096,22
43454246,23
43434669,23
43375495,21
43269906,16
43457171,23
43436476,23
43445949,23
43437453,23
43452804,23
43366944,21
43457090,23
43401202,22
43457212,23
43456155,23
43328083,20
43465757,24
43456276,23
43409768,22
43327226,19
43459094,23
43459093,23
43462949,23
43389166,22
43465869,24
43389021,22
43456256,23
43457381,23
43451730,23
43425490,23
43456361,23
43456389,23
43417984,22
43390124,22
43440616,23
43459354,23
43462218,23
43466014,24
43393349,22
43313482,18
43434194,23
43386666,22
43400661,22
43449280,23
43458028,23
43407656,22
43463583,24
43361181,21
43364034,21
43456794,23
43465303,24
43454123,23
43463779,24
43454162,23
43461083,23
43392641,22
43443119,23
43450062,23
43426311,23
43448703,23
43375428,21
43377169,21
43443244,23
43408192,22
43453001,23
43363294,21
43461631,23
43440493,23
43420963,23
43448846,23
43465752,24
43450643,23
43457388,23
43457380,23
43457431,23
43448965,23
43436896,23
43446173,23
43467638,24
43353375,21
43388772,22
43398376,22
43457489,23
43445230,23
43450926,23
43456485,23
43447983,23
43451876,23
43442361,23
43411680,22
43412884,22
43299447,17
43415869,22
43457756,23
43457764,23
43446552,23
43462312,23
43465109,24
43455195,23
43367987,21
43437044,23
43463474,24
43466356,24
43449482,23
43414798,22
43465197,24
43403747,22
43289838,16
43398022,22
43466661,24
43459853,23
43258829,16
43350239,21
43340246,21
43457004,23
43398276,22
43283920,16
43354394,21
43443153,23
43459868,23
43437455,23
43250784,15
43468364,24
43387083,22
43426396,23
43445874,23
43465598,24
43457213,23
43457211,23
43405145,22
43462846,23
43468512,24
43460090,23
43408390,22
43467635,24
43467583,24
43462060,23
43465868,24
43462034,23
43468758,24
43437821,23
43454606,23
43422910,23
43401429,22
43456567,23
43411682,22
43286394,16
43380775,21
43365104,21
43432473,23
43466454,24
43452253,23
43385220,21
43430025,23
43316654,19
43442970,23
43462445,23
43449738,23
43457040,23
43409534,22
43341840,21
43466662,24
43388169,22
43444455,23
43410668,22
43446034,23
43466992,24
43417906,22
43457089,23
43461450,23
43396962,22
43468388,24
43438966,23
43419176,23
43447399,23
43440290,23
43426444,23
43457324,23
43465696,24
43446018,23
43462911,23
43465758,24
43459003,23
43465753,24
43457430,23
43415204,22
43434889,23
43428427,23
43457270,23
43468698,24
43468634,24
43461978,23
43451760,23
43394616,22
43422919,23
43422911,23
43464978,24
43289646,16
43460405,23
43365028,21
43392050,22
43373515,21
43381878,21
43417475,22
43367784,21
43468916,24
43454915,23
43446711,23
43455280,23
43229735,13
43471019,25
43450001,23
43368000,21
43449996,23
43454233,23
43446940,23
43459957,23
43469797,24
43468387,24
43436029,23
43454340,23
43424796,23
43429178,23
43417879,22
43397178,22
43457261,23
43464564,24
43468608,24
43461908,23
43406738,22
43444922,23
43465771,24
43446196,23
43463010,23
43450644,23
43446084,23
43471446,25
43468635,24
43463012,23
43454605,23
43462033,23
43470617,24
43457409,23
43468712,24
43465808,24
43471552,25
43470514,24
43436895,23
43357165,21
43383639,21
43404529,22
43434193,23
43381877,21
43429653,23
43390447,22
43457765,23
43466355,24
43379165,21
43468034,24
43468032,24
43463584,24
43446844,23
43419061,23
43432719,23
43409460,22
43468401,24
43423602,23
43444235,23
43445929,23
43459866,23
43436267,23
43375234,21
43459894,23
43460024,23
43409583,22
43432055,23
43460023,23
43441874,23
43465599,24
43450461,23
43414273,22
43378671,21
43446114,23
43465698,24
43423601,23
43468556,24
43471439,25
43460195,23
43464919,24
43460184,23
43460196,23
43463035,23
43467584,24
43418141,22
43407030,22
43397436,22
43470616,24
43470629,24
43411775,22
43389236,22
43426709,23
43462221,23
43403603,22
43442558,23
43462191,23
43442559,23
43465076,24
43336067,20
43403524,22
43399275,22
43437290,23
43415984,22
43411880,22
43414806,22
43347208,21
43423310,23
43458208,23
43471027,25
43452610,23
43471164,25
43431692,23
43469827,24
43397279,22
43469743,24
43413634,22
43474045,26
43457236,23
43425109,23
43462712,23
43422201,23
43356114,21
43471342,25
43467126,24
43429198,23
43471228,25
43471333,25
43464780,24
43305590,18
43468511,24
43467399,24
43440557,23
43461890,23
43450748,23
43420872,23
43468607,24
43463036,23
43473201,25
43436822,23
43468653,24
43471551,25
43428395,23
43419954,23
43386450,22
43474484,26
43380860,21
43407047,22
43319039,19
43445402,23
43446476,23
43471745,25
43396183,22
43404528,22
43407490,22
43468013,24
43369750,21
43455296,23
43458072,23
43437059,23
43423272,23
43463771,24
43427590,23
43364403,21
43403713,22
43438884,23
43361348,21
43475159,26
43450078,23
43454193,23
43444237,23
43426265,23
43437356,23
43452711,23
43376962,21
43472689,25
43391278,22
43467125,24
43465522,24
43434645,23
43455831,23
43447398,23
43459971,23
43429200,23
43465521,24
43427704,23
43467073,24
43418099,22
43460091,23
43425381,23
43464565,24
43475890,26
43465769,24
43461977,23
43475926,26
43474259,26
43411228,22
43462166,23
43467637,24
43448894,23
43470618,24
43470628,24
43470553,24
43468757,24
43471550,25
43473429,25
43344014,21
43429550,23
43397894,22
43424045,23
43397693,22
43290969,16
43462220,23
43474630,26
43466455,24
43463518,24
43396143,22
43462332,23
43462385,23
43463570,24
43454054,23
43084613,6
43452498,23
43449750,23
43455258,23
43442917,23
43350080,21
43468156,24
43423312,23
43449764,23
43461084,23
43424591,23
43471020,25
43441234,23
43302513,18
43450039,23
43445931,23
43471110,25
43420505,23
43461141,23
43358754,21
43438860,23
43472654,25
43451468,23
43469796,24
43443167,23
43474052,26
43409268,22
43460022,23
43474067,26
43475637,26
43467342,24
43460105,23
43461918,23
43475923,26
43475924,26
43468609,24
43474142,26
43459002,23
43461909,23
43475920,26
43376993,21
43450749,23
43421065,23
43404080,22
43474258,26
43456408,23
43473108,25
43470513,24
43448964,23
43473262,25
43470555,24
43470554,24
43471582,25
43430938,23
43429519,23
43342430,21
43470677,24
43468945,24
43382043,21
43456658,23
43460632,23
43457674,23
43312428,18
43462192,23
43407294,22
43297533,17
43451073,23
43451074,23
43333149,20
43428712,23
43466350,24
43465195,24
43465196,24
43455217,23
43453988,23
43466577,24
43431691,23
43348400,21
43393737,22
43210908,11
43463516,24
43388773,22
43251929,15
43458377,23
43465446,24
43457091,23
43440174,23
43444465,23
43467072,24
43468365,24
43434677,23
43467043,24
43422368,23
43416891,22
43425081,23
43450212,23
43386090,21
43464414,24
43442148,23
43471371,25
43384361,21
43420961,23
43461976,23
43352250,21
43405894,22
43442272,23
43456388,23
43340825,21
43347799,21
43468756,24
43477176,26
43453642,23
43479041,26
43325571,19
43415505,22
43404394,22
43426991,23
43438059,23
43306182,18
43473572,25
43411914,22
43409021,22
43451109,23
43459520,23
43476504,26
43468183,24
43466394,24
43435446,23
43462442,23
43466354,24
43466349,24
43446757,23
43448400,23
43460817,23
43474830,26
43474831,26
43474832,26
43477840,26
43463772,24
43398218,22
43455632,23
43479410,26
43421738,23
43455631,23
43424750,23
43470980,25
43424797,23
43444472,23
43455652,23
43413423,22
43476776,26
43458619,23
43465544,24
43401026,22
43460093,23
43451554,23
43474066,26
43474068,26
43460000,23
43430937,23
43457277,23
43456069,23
43419762,23
43456074,23
43475889,26
43428426,23
43477037,26
43406922,22
43468655,24
43479838,26
43347788,21
43468697,24
43478934,26
43447984,23
43389920,22
43470627,24
43471581,25
43479086,26
43470675,24
43397914,22
43471840,25
43418386,22
43480407,26
43448165,23
43414739,22
43460816,23
43426126,23
43477701,26
43455119,23
43438289,23
43476560,26
43474945,26
43409269,22
43469598,24
43414961,22
43468155,24
43435996,23
43419215,23
43457114,23
43454238,23
43438862,23
43347741,21
43478303,26
43466788,24
43457263,23
43456156,23
43475676,26
43447400,23
43471372,25
43470103,24
43468510,24
43444865,23
43479774,26
43402874,22
43463011,23
43442362,23
43470308,24
43423695,23
43451806,23
43456315,23
43419387,23
43461891,23
43419656,23
43467636,24
43479957,26
43446252,23
43398403,22
43462125,23
43459092,23
43383429,21
43359060,21
43479042,26
43439545,23
43429518,23
43435445,23
43477495,26
43414577,22
43399233,22
43480405,26
43469251,24
43468033,24
43479373,26
43479444,26
43462560,23
43477842,26
43451262,23
43471051,25
43448797,23
43477841,26
43328739,20
43468039,24
43479443,26
43480839,26
43398094,22
43455633,23
43471041,25
43481013,26
43471165,25
43475479,26
43426266,23
43362744,21
43455743,23
43469893,24
43481396,26
43481299,26
43481398,26
43474000,26
43444864,23
43479853,26
43471440,25
43467532,24
43461686,23
43468654,24
43473107,25
43456316,23
43456359,23
43474282,26
43467773,24
43282313,16
43464979,24
43432408,23
43476309,26
43474515,26
43384585,21
43463475,24
43482121,26
43291383,16
43477762,26
43462373,23
43482111,26
43482112,26
43483342,26
43476559,26
43385225,21
43396992,22
43427337,23
43457050,23
43441836,23
43480765,26
43480921,26
43468521,24
43462446,23
43389710,22
43482410,26
43438967,23
43467074,24
43472656,25
43469798,24
43450329,23
43405548,22
43392467,22
43482545,26
43479731,26
43436268,23
43428105,23
43384214,21
43482689,26
43482688,26
43475919,26
43462938,23
43467531,24
43446197,23
43461863,23
43465870,24
43476050,26
43482739,26
43481740,26
43478881,26
43477138,26
43479905,26
43464911,24
43479033,26
43423712,23
43459353,23
43477177,26
43482809,26
43310669,18
43465138,24
43441030,23
43373584,21
43457675,23
43476347,26
43406489,22
43476464,26
43463773,24
43479411,26
43348842,21
43387930,22
43483583,26
43485035,26
43242448,14
43465304,24
43455259,23
43469826,24
43454112,23
43134805,6
43461687,23
43473978,26
43481138,26
43468378,24
43481139,26
43454441,23
43482546,26
43434668,23
43457278,23
43421939,23
43468448,24
43482577,26
43434902,23
43392803,22
43459155,23
43467639,24
43479828,26
43474283,26
43477036,26
43482717,26
43485593,26
43467774,24
43484559,26
43449017,23
43481863,26
43467772,24
43445240,23
43391841,22
43454687,23
43482846,26
43479085,26
43387417,22
43425800,23
43426824,23
43454916,23
43421252,23
43244416,15
43352792,21
43462313,23
43477763,26
43441235,23
43485003,26
43479295,26
43430026,23
43480453,26
43446756,23
43466575,24
43476558,26
43479514,26
43483584,26
43454232,23
43253490,15
43482334,26
43438894,23
43485303,26
43471272,25
43476788,26
43481298,26
43478451,26
43481397,26
43473072,25
43471462,25
43451670,23
43478757,26
43486943,26
43394356,22
43375933,21
43477049,26
43465770,24
43482626,26
43464726,24
43457488,23
43482722,26
43484533,26
43473363,25
43454469,23
43484534,26
43487299,26
43482808,26
43464912,24
43482901,26
43453955,23
43381876,21
43438128,23
43212623,11
43117997,6
43338606,20
43479163,26
43434264,23
43425793,23
43434265,23
43487681,26
43473661,25
43482113,26
43449664,23
43400856,22
43446939,23
43485036,26
43458321,23
43462554,23
43423291,23
43485186,26
43473980,26
43473979,26
43475675,26
43476775,26
43485259,26
43482488,26
43476773,26
43369737,21
43448701,23
43448702,23
43471270,25
43185464,9
43475841,26
43451711,23
43484145,26
43479830,26
43456417,23
43488254,26
43485484,26
43479844,26
43369736,21
43462883,23
43473299,25
43485524,26
43369223,21
43481864,26
43474284,26
43426535,23
43484558,26
43478935,26
43481865,26
43456568,23
43484671,26
43349634,21
43426536,23
43393005,22
43216295,11
43477188,26
43453856,23
43442578,23
43465077,24
43404388,22
43479162,26
43398967,22
43454955,23
43421404,23
43454954,23
43466207,24
43484876,26
43457957,23
43486202,26
43480477,26
43448368,23
43484936,26
43487748,26
43376672,21
43477882,26
43489079,26
43435835,23
43470922,25
43419216,23
43480922,26
43452710,23
43478152,26
43377018,21
43427545,23
43397280,22
43364299,21
43486754,26
43488122,26
43475570,26
43489743,26
43484144,26
43330676,20
43462953,23
43473073,25
43477035,26
43474141,26
43402573,22
43439316,23
43471445,25
43485592,26
43484557,26
43488400,26
43488421,26
43411619,22
43490224,26
43488420,26
43478936,26
43479956,26
43482741,26
43411472,22
43488401,26
43484670,26
43320012,19
43488453,26
43476293,26
43440881,23
43426708,23
43476291,26
43462219,23
43465047,24
43490425,26
43321835,19
43395000,22
43487744,26
43403526,22
43488957,26
43399274,22
43414759,22
43077561,6
43352909,21
43490606,26
43489078,26
43434233,23
43444074,23
43409450,22
43420583,23
43420398,23
43469770,24
43334505,20
43452898,23
43428234,23
43409324,22
43428024,23
43457269,23
43486691,26
43461451,23
43471341,25
43420547,23
43479744,26
43471271,25
43489691,26
43468389,24
43479743,26
43470086,24
43447731,23
43439311,23
43465697,24
43471370,25
43425489,23
43467400,24
43479904,26
43485485,26
43437775,23
43433904,23
43482713,26
43484473,26
43460092,23
43485579,26
43481739,26
43491215,26
43479976,26
43491175,26
43417478,22
43470911,25
43412748,22
43370582,21
43424315,23
43488569,26
43337479,20
43484877,26
43469178,24
43421309,23
43456772,23
43491650,26
43486203,26
43491769,26
43434738,23
43368075,21
43471109,25
43456733,23
43487944,26
43471040,25
43473970,26
43472655,25
43486690,26
43433566,23
43478452,26
43479647,26
43479773,26
43484105,26
43462910,23
43485453,26
43482627,26
43434903,23
43485492,26
43463061,23
43433971,23
43448059,23
43404101,22
43490162,26
43491174,26
43493039,26
43491228,26
43491241,26
43448116,23
43488448,26
43439734,23
43491326,26
43426825,23
43487537,26
43487609,26
43474517,26
43428750,23
43423211,23
43469179,24
43424314,23
43466208,24
43455117,23
43484901,26
43488955,26
43477592,26
43425950,23
43479374,26
43375530,21
43490717,26
43423261,23
43483823,26
43479498,26
43416157,22
43478149,26
43445930,23
43400954,22
43424749,23
43457113,23
43432821,23
43414992,22
43398063,22
43469892,24
43455653,23
43468380,24
43478151,26
43483930,26
43395643,22
43438859,23
43479757,26
43482578,26
43492511,26
43482544,26
43485361,26
43491047,26
43493981,26
43312408,18
43490163,26
43352517,21
43447860,23
43478879,26
43478880,26
43479975,26
43490222,26
43477186,26
43431327,23
43466089,24
43491327,26
43421405,23
43490326,26
43348352,21
43074751,6
43424080,23
43491569,26
43435568,23
43494522,26
43490489,26
43263238,16
43452312,23
43494546,26
43477883,26
43475170,26
43485032,26
43494872,26
43412342,22
43440215,23
43492103,26
43444498,23
43465677,24
43454192,23
43493627,26
43478304,26
43485238,26
43489590,26
43478142,26
43492452,26
43488088,26
43460106,23
43397167,22
43457235,23
43482625,26
43491049,26
43473199,25
43493897,26
43482672,26
43493870,26
43478691,26
43493869,26
43493881,26
43485525,26
43493898,26
43456073,23
43487380,26
43491132,26
43495811,27
43464917,24
43418100,22
43448083,23
43446264,23
43389235,22
43479117,26
43491336,26
43428587,23
43263884,16
43490387,26
43369817,21
43409197,22
43484931,26
43315161,19
43493372,26
43438127,23
43376666,21
43458209,23
43483585,26
43437357,23
43462561,23
43478141,26
43394434,22
43392345,22
43476602,26
43442971,23
43469825,24
43392667,22
43495070,26
43482320,26
43420551,23
43475242,26
43416424,22
43493684,26
43476807,26
43406490,22
43473104,25
43352072,21
43489744,26
43492512,26
43465565,24
43489832,26
43479839,26
43473074,25
43489874,26
43492768,26
43496710,27
43446253,23
43462948,23
43490059,26
43481595,26
43465809,24
43493038,26
43477178,26
43454554,23
43243192,15
43340333,21
43335951,20
43369705,21
43490424,26
43490427,26
43485757,26
43490488,26
43425760,23
43493320,26
43427057,23
43482094,26
43484900,26
43491570,26
43484932,26
43466090,24
43466558,24
43493371,26
43480476,26
43450213,23
43487743,26
43487896,26
43490716,26
43430352,23
43269050,16
43377019,21
43478025,26
43471111,25
43496395,27
43434676,23
43470912,25
43469771,24
43489511,26
43380073,21
43440445,23
43482412,26
43489693,26
43485237,26
43471112,25
43498179,27
43423696,23
43498180,27
43492450,26
43496589,27
43486921,26
43464358,24
43493821,26
43496608,27
43489873,26
43493889,26
43479845,26
43429038,23
43457285,23
43406984,22
43484474,26
43485523,26
43492858,26
43496706,27
43487253,26
43440641,23
43491099,26
43482740,26
43495853,27
43473200,25
43498646,27
43464980,24
43493947,26
43485591,26
43462167,23
43409724,22
43282320,16
43426850,23
43480097,26
43495920,27
43490388,26
43428601,23
43490423,26
43473579,25
43306375,18
43358299,21
43491652,26
43479264,26
43480493,26
43487714,26
43491651,26
43494523,26
43476620,26
43493373,26
43420276,23
43382526,21
43354429,21
43497678,27
43466395,24
43477958,26
43482305,26
43463569,24
43499178,27
43471026,25
43487943,26
43487979,26
43452612,23
43441837,23
43497939,27
43473969,26
43483737,26
43485062,26
43482446,26
43485260,26
43386915,22
43483929,26
43454231,23
43486752,26
43482517,26
43475241,26
43467164,24
43432054,23
43398522,22
43363292,21
43477048,26
43498557,27
43463052,23
43491092,26
43476049,26
43481571,26
43496707,27
43496709,27
43482718,26
43476090,26
43491097,26
43473263,25
43492985,26
43495726,27
43492847,26
43470512,24
43451878,23
43474374,26
43484688,26
43426969,23
43438114,23
43497021,27
43493321,26
43446553,23
43494524,26
43466351,24
43415653,22
43474631,26
43493274,26
43483340,26
43474971,26
43407491,22
43499046,27
43350045,21
43444073,23
43401957,22
43500254,27
43462555,23
43477804,26
43497758,27
43496394,27
43490820,26
43499206,27
43500755,27
43500782,27
43454113,23
43488086,26
43471335,25
43498178,27
43489692,26
43373002,21
43492513,26
43481596,26
43477139,26
43396563,22
43474143,26
43499495,27
43496672,27
43484457,26
43499510,27
43448967,23
43475925,26
43478692,26
43473300,25
43501389,27
43501391,27
43380382,21
43495722,27
43495855,27
43487255,26
43485616,26
43474332,26
43485618,26
43501474,27
43477185,26
43327269,19
43299352,17
43286393,16
43453956,23
43393252,22
43424024,23
43479129,26
43488454,26
43501611,27
43442695,23
43499915,27
43497134,27
43487654,26
43480406,26
43465189,24
43501767,27
43493275,26
43487747,26
43463985,24
43483764,26
43458504,23
43500509,27
43499176,27
43472503,25
43482321,26
43479513,26
43494975,26
43469589,24
43479646,26
43498189,27
43492528,26
43479772,26
43496630,27
43448860,23
43502369,27
43492769,26
43488326,26
43485502,26
43498504,27
43440639,23
43495727,27
43487254,26
43501341,27
43487298,26
43487378,26
43495721,27
43474331,26
43495770,27
43479034,26
43391901,22
43502509,27
43482810,26
43495925,27
43502722,27
43377122,21
43454917,23
43443813,23
43471842,25
43480514,26
43498905,27
43500047,27
43501786,27
43477591,26
43494544,26
43500456,27
43305225,18
43437233,23
43441389,23
43503406,27
43465445,24
43497759,27
43497843,27
43486564,26
43486753,26
43470170,24
43479852,26
43352064,21
43499496,27
43493888,26
43496673,27
43479886,26
43456314,23
43492859,26
43475842,26
43402875,22
43482714,26
43493957,26
43442147,23
43479977,26
43501425,27
43463075,23
43478901,26
43502495,27
43502510,27
43487436,26
43364748,21
43291688,16
43355538,21
43484689,26
43356445,21
43498946,27
43498851,27
43375427,21
43473469,25
43487680,26
43503097,27
43437234,23
43458618,23
43501768,27
43392218,22
43362230,21
43494688,26
43496234,27
43449736,23
43354288,21
43500432,27
43474969,26
43488979,26
43497743,27
43499138,27
43469742,24
43476797,26
43503443,27
43476717,26
43500754,27
43485031,26
43414797,22
43489510,26
43410667,22
43440308,23
43479756,26
43500772,27
43499383,27
43389672,22
43492451,26
43474046,26
43348843,21
43474044,26
43485360,26
43428079,23
43488327,26
43499448,27
43477004,26
43495723,27
43501313,27
43491048,26
43478758,26
43440533,23
43474188,26
43501342,27
43501348,27
43495831,27
43504185,27
43437515,23
43501325,27
43490060,26
43502336,27
43498503,27
43504209,27
43484458,26
43492905,26
43468696,24
43456407,23
43451875,23
43456734,23
43474516,26
43462386,23
43476318,26
43500048,27
43494252,26
43497247,27
43500023,27
43482120,26
43455120,23
43480513,26
43376788,21
43452209,23
43462410,23
43480766,26
43494687,26
43470923,25
43440138,23
43448767,23
43494871,26
43497621,27
43413421,22
43501971,27
43481165,26
43425082,23
43506362,27
43417833,22
43138935,6
43483864,26
43495041,26
43502195,27
43437491,23
43489830,26
43454347,23
43493685,26
43448636,23
43482519,26
43447261,23
43420737,23
43467163,24
43489742,26
43479829,26
43477005,26
43475891,26
43461862,23
43434904,23
43501326,27
43504210,27
43482644,26
43502349,27
43488402,26
43476089,26
43502511,27
43495854,27
43358153,21
43491214,26
43491213,26
43505320,27
43406944,22
43448115,23
43428394,23
43421077,23
43507300,27
43504482,27
43504481,27
43494345,26
43487608,26
43494253,26
43450972,23
43480492,26
43507445,27
43344143,21
43501820,27
43463599,24
43292384,16
43497834,27
43436637,23
43386765,22
43504897,27
43503407,27
43503408,27
43506270,27
43445853,23
43409286,22
43476796,26
43489535,26
43500567,27
43447210,23
43391039,22
43438939,23
43506458,27
43426350,23
43482518,26
43499384,27
43498095,27
43440436,23
43485454,26
43391900,22
43502294,27
43451671,23
43470171,24
43498569,27
43502350,27
43486919,26
43501297,27
43479884,26
43507957,27
43492748,26
43447861,23
43501324,27
43490061,26
43474260,26
43507091,27
43491134,26
43505248,27
43505184,27
43504141,27
43473298,25
43481679,26
43505318,27
43508123,27
43453788,23
43490312,26
43428651,23
43443632,23
43467891,24
43247164,15
43505588,27
43467890,24
43499881,27
43468946,24
43502970,27
43501766,27
43432718,23
43484935,26
43496192,27
43454122,23
43485083,26
43409285,22
43485063,26
43474988,26
43386761,22
43469389,24
43480837,26
43503290,27
43507549,27
43499139,27
43419062,23
43499241,27
43463887,24
43503534,27
43492345,26
43499203,27
43476715,26
43506349,27
43502235,27
43493882,26
43505156,27
43485503,26
43501350,27
43502341,27
43492857,26
43505130,27
43507958,27
43506971,27
43487148,26
43477050,26
43444921,23
43489581,26
43504063,27
43496741,27
43504142,27
43509781,27
43501506,27
43397381,22
43487379,26
43508085,27
43498702,27
43508113,27
43508124,27
43508111,27
43432171,23
43466474,24
43364035,21
43438126,23
43451084,23
43456657,23
43460410,23
43499882,27
43407225,22
43501735,27
43501787,27
43453940,23
43498875,27
43471841,25
43453987,23
43437085,23
43501821,27
43403581,22
43479372,26
43501822,27
43409192,22
43440216,23
43476770,26
43499153,27
43480452,26
43506224,27
43295349,17
43503444,27
43494992,26
43499204,27
43497938,27
43490837,26
43497940,27
43466852,24
43481164,26
43497842,27
43500858,27
43506607,27
43497835,27
43496591,27
43502236,27
43356665,21
43475638,26
43502308,27
43509603,27
43510806,27
43479885,26
43504115,27
43485501,26
43504064,27
43508086,27
43381674,21
43509804,27
43397418,22
43508095,27
43473103,25
43509882,27
43501507,27
43507181,27
43280956,16
43408975,22
43494325,26
43425761,23
43510043,27
43511163,27
43453864,23
43498852,27
43510239,27
43500024,27
43369704,21
43500064,27
43479296,26
43510237,27
43497426,27
43507382,27
43510238,27
43505956,27
43507548,27
43489664,26
43506259,27
43465540,24
43483738,26
43396621,22
43489580,26
43507754,27
43438893,23
43444454,23
43474136,26
43509420,27
43438687,23
43470087,24
43502164,27
43479732,26
43500856,27
43501133,27
43454442,23
43496628,27
43499484,27
43510805,27
43491091,26
43504116,27
43512573,27
43459217,23
43509769,27
43506922,27
43495728,27
43504186,27
43501296,27
43487435,26
43395586,22
43508115,27
43510945,27
43232029,13
43451879,23
43477633,26
43483586,26
43511200,27
43455151,23
43490389,26
43395001,22
43500022,27
43493180,26
43505641,27
43490554,26
43466576,24
43497246,27
43457757,23
43490540,26
43186524,9
43482091,26
43483341,26
43510332,27
43449766,23
43455422,23
43434367,23
43507550,27
43510331,27
43497527,27
43469590,24
43504793,27
43448550,23
43478024,26
43497765,27
43495196,26
43497764,27
43417832,22
43449689,23
43507741,27
43512059,27
43507745,27
43506348,27
43406619,22
43485188,26
43506289,27
43481300,26
43450589,23
43485187,26
43492526,26
43492527,26
43509602,27
43506662,27
43464546,24
43491098,26
43505114,27
43491088,26
43496629,27
43506920,27
43512577,27
43512588,27
43510832,27
43488251,26
43513595,27
43506972,27
43509802,27
43510830,27
43498558,27
43468520,24
43499497,27
43437585,23
43501508,27
43507031,27
43464918,24
43505319,27
43421064,23
43512819,27
43436636,23
43491568,26
43505413,27
43487538,26
43448164,23
43453934,23
43246196,15
43494188,26
43501568,27
43502706,27
43406374,22
43479128,26
43498840,27
43505818,27
43505759,27
43418385,22
43459616,23
43470921,25
43487715,26
43488956,26
43513056,27
43281835,16
43511397,27
43477805,26
43507437,27
43486201,26
43474946,26
43498985,27
43502123,27
43485004,26
43506223,27
43477496,26
43499240,27
43416714,22
43503470,27
43463886,24
43369681,21
43513387,27
43492482,26
43513426,27
43509394,27
43459968,23
43453000,23
43496590,27
43445781,23
43504140,27
43501349,27
43484298,26
43505157,27
43498647,27
43496743,27
43490223,26
43507180,27
43450349,23
43456237,23
43513769,27
43511108,27
43507381,27
43439733,23
43514205,28
43499074,27
43514204,28
43500253,27
43485005,26
43417619,22
43460818,23
43500255,27
43514339,28
43447262,23
43507559,27
43487978,26
43507560,27
43509156,27
43511877,27
43492346,26
43462711,23
43502165,27
43510542,27
43465754,24
43502166,27
43499336,27
43515153,28
43505088,27
43482579,26
43475918,26
43505089,27
43499483,27
43507959,27
43502337,27
43509870,27
43433905,23
43501298,27
43513711,27
43501390,27
43508125,27
43509787,27
43505247,27
43482673,26
43454555,23
43504344,27
43411698,22
43428536,23
43436985,23
43511107,27
43497019,27
43414576,22
43466475,24
43358752,21
43455194,23
43456771,23
43471747,25
43514185,28
43465293,24
43501886,27
43502981,27
43375529,21
43515932,28
43455149,23
43492089,26
43501775,27
43510390,27
43497687,27
43477957,26
43504763,27
43463802,24
43487767,26
43487874,26
43499234,27
43468081,24
43382965,21
43514982,28
43516162,28
43459854,23
43513424,27
43507837,27
43488121,26
43509413,27
43471334,25
43507932,27
43507934,27
43451712,23
43513649,27
43492441,26
43510751,27
43454506,23
43509767,27
43499506,27
43515488,28
43509803,27
43491133,26
43502370,27
43515487,28
43516540,28
43495812,27
43505281,27
43518307,28
43516519,28
43516584,28
43508116,27
43512820,27
43499652,27
43512834,27
43479116,26
43480098,26
43511093,27
43497135,27
43511406,27
43514104,28
43510311,27
43494344,26
43480744,26
43505785,27
43517123,28
43507399,27
43513057,27
43518742,28
43507577,27
43491904,26
43482306,26
43507436,27
43514296,28
43517278,28
43517277,28
43517168,28
43482285,26
43515998,28
43499047,27
43469641,24
43475158,26
43455742,23
43440444,23
43517777,28
43417983,22
43493820,26
43503632,27
43450386,23
43509411,27
43512251,27
43501135,27
43484299,26
43488255,26
43518184,28
43518061,28
43450757,23
43487051,26
43505129,27
43495769,27
43506976,27
43502307,27
43515535,28
43496742,27
43501475,27
43518254,28
43518308,28
43492984,26
43473468,25
43443640,23
43502723,27
43370103,21
43501569,27
43501736,27
43482114,26
43508462,27
43367876,21
43369696,21
43258748,16
43513055,27
43498986,27
43514183,28
43515931,28
43515930,28
43504610,27
43440139,23
43505922,27
43511834,27
43503096,27
43487873,26
43354289,21
43348381,21
43452499,23
43300972,17
43500433,27
43503469,27
43518809,28
43514812,28
43490624,26
43395156,22
43266094,16
43465361,24
43500857,27
43352251,21
43499291,27
43519186,28
43467042,24
43462874,23
43510788,27
43505246,27
43505115,27
43509883,27
43505128,27
43422624,23
43509682,27
43518268,28
43509768,27
43504117,27
43515415,28
43515550,28
43370210,21
43492902,26
43509869,27
43501424,27
43508112,27
43479045,26
43411534,22
43429551,23
43373516,21
43496326,27
43468052,24
43512835,27
43451047,23
43518589,28
43504480,27
43514099,28
43427059,23
43459615,23
43515713,28
43289839,16
43519986,28
43505925,27
43513165,27
43454348,23
43477884,26
43480838,26
43496396,27
43461142,23
43509144,27
43520228,28
43520229,28
43516113,28
43520450,28
43349300,21
43476767,26
43431960,23
43486920,26
43482489,26
43464547,24
43515264,28
43509547,27
43493868,26
43520932,28
43520951,28
43507096,27
43502351,27
43476937,26
43518269,28
43509780,27
43520976,28
43506921,27
43432065,23
43422623,23
43513713,27
43519351,28
43445310,23
43515536,28
43504343,27
43521234,29
43499674,27
43515635,28
43512818,27
43378887,21
43198551,11
43519400,28
43468764,24
43479079,26
43373583,21
43495919,27
43518547,28
43513856,27
43515746,28
43323319,19
43498947,27
43521341,29
43511278,27
43515834,28
43508464,27
43521497,29
43491758,26
43518743,28
43486334,26
43448333,23
43490604,26
43473662,25
43519987,28
43509028,27
43518844,28
43510329,27
43521603,29
43521630,29
43503279,27
43523080,30
43455367,23
43499177,27
43521643,29
43424523,23
43496416,27
43458109,23
43469612,24
43516161,28
43496327,27
43504855,27
43506459,27
43519091,28
43519062,28
43498094,27
43519194,28
43505113,27
43501134,27
43519187,28
43512491,27
43506734,27
43512578,27
43498333,27
43493982,26
43518183,28
43520934,28
43519243,28
43512574,27
43523830,30
43493899,26
43522079,30
43495832,27
43462954,23
43361846,21
43516564,28
43510946,27
43524043,30
43456566,23
43468711,24
43243914,15
43456721,23
43510042,27
43494251,26
43471767,25
43487607,26
43473580,25
43511398,27
43514340,28
43507578,27
43421473,23
43452452,23
43361349,21
43516112,28
43411956,22
43485131,26
43401958,22
43500458,27
43500457,27
43239570,13
43447633,23
43423196,23
43514500,28
43508704,27
43521708,29
43510421,27
43493610,26
43509157,27
43503022,27
43466853,24
43514529,28
43322996,19
43510484,27
43475569,26
43482333,26
43517778,28
43514981,28
43488087,26
43512035,27
43498187,27
43509782,27
43479869,26
43431959,23
43502496,27
43487147,26
43524947,30
43516520,28
43493956,26
43513674,27
43479958,26
43524045,30
43525007,30
43513857,27
43494324,26
43450971,23
43524121,30
43469080,24
43525208,30
43514098,28
43515833,28
43508463,27
43510174,27
43449314,23
43459547,23
43390446,22
43521618,29
43515999,28
43507556,27
43485132,26
43457196,23
43448691,23
43509081,27
43478140,26
43455942,23
43465579,24
43524664,30
43509203,27
43523482,30
43498188,27
43437492,23
43523543,30
43526348,30
43519193,28
43513412,27
43505155,27
43463076,23
43499505,27
43485580,26
43524874,30
43520974,28
43522023,30
43522067,30
43523685,30
43522081,30
43439634,23
43519225,28
43513712,27
43516562,28
43516563,28
43526819,30
43431357,23
43502701,27
43526942,30
43507228,27
43468015,24
43510089,27
43525252,30
43491372,26
43476319,26
43501609,27
43499914,27
43527032,30
43527031,30
43385325,21
43514184,28
43525526,30
43480372,26
43404395,22
43496233,27
43431326,23
43415654,22
43514404,28
43517170,28
43524370,30
43445932,23
43518843,28
43524506,30
43524507,30
43524465,30
43492323,26
43521707,29
43514813,28
43513442,27
43497894,27
43468400,24
43178814,7
43513441,27
43513374,27
43404872,22
43476808,26
43515124,28
43523480,30
43472691,25
43516404,28
43412389,22
43522066,30
43509586,27
43510787,27
43504208,27
43524948,30
43518255,28
43505257,27
43527755,30
43499651,27
43515637,28
43468742,24
43464727,24
43387350,22
43271448,16
43524153,30
43476348,26
43525207,30
43423210,23
43524122,30
43519675,28
43528043,30
43504532,27
43522506,30
43511521,27
43522507,30
43521342,29
43480373,26
43505923,27
43528426,30
43445810,23
43525523,30
43518810,28
43514443,28
43517169,28
43490715,26
43525733,30
43524505,30
43459156,23
43490714,26
43478150,26
43528825,30
43466993,24
43397417,22
43364494,21
43502300,27
43524663,30
43521987,30
43375786,21
43389020,22
43502210,27
43526486,30
43524796,30
43502211,27
43368929,21
43479811,26
43523768,30
43509683,27
43509587,27
43501087,27
43464354,24
43505280,27
43524879,30
43513673,27
43523828,30
43527754,30
43522078,30
43477184,26
43525006,30
43515636,28
43490212,26
43502720,27
43524149,30
43370451,21
43515745,28
43522405,30
43471807,25
43491334,26
43476317,26
43529782,30
43525209,30
43529854,30
43343096,21
43497433,27
43502982,27
43488978,26
43517124,28
43470981,25
43524380,30
43503278,27
43510173,27
43514620,28
43507534,27
43419029,23
43499334,27
43503533,27
43530272,30
43416743,22
43462854,23
43513542,27
43500798,27
43529086,30
43451702,23
43462847,23
43428080,23
43519289,28
43516359,28
43524769,30
43462875,23
43530516,30
43516450,28
43462939,23
43507179,27
43523829,30
43443451,23
43524044,30
43451060,23
43479048,26
43434189,23
43423029,23
43476292,26
43530844,30
43511201,27
43529783,30
43431376,23
43504559,27
43513768,27
43494543,26
43514152,28
43442577,23
43479499,26
43511165,27
43525445,30
43502971,27
43477634,26
43517040,28
43469611,24
43530015,30
43500510,27
43491905,26
43519979,28
43388072,22
43517125,28
43530027,30
43480920,26
43521588,29
43458101,23
43494994,26
43520149,28
43527248,30
43448453,23
43488970,26
43527352,30
43525868,30
43526109,30
43447315,23
43414993,22
43526221,30
43509027,27
43526220,30
43492848,26
43501343,27
43487185,26
43519350,28
43527583,30
43530524,30
43530457,30
43513675,27
43526820,30
43532299,30
43530565,30
43453528,23
43527756,30
43481680,26
43473428,25
43353915,21
43349758,21
43415470,22
43474375,26
43468876,24
43524154,30
43468875,24
43530649,30
43515877,28
43529762,30
43505784,27
43494438,26
43511405,27
43529763,30
43466357,24
43468014,24
43393654,22
43525525,30
43391038,22
43510260,27
43525867,30
43491020,26
43531462,30
43532876,30
43530025,30
43419241,23
43435644,23
43472502,25
43525778,30
43495069,26
43528833,30
43492088,26
43454323,23
43471227,25
43530281,30
43531910,30
43532038,30
43515054,28
43375670,21
43530445,30
43487052,26
43513705,27
43524812,30
43420856,23
43524880,30
43522036,30
43510831,27
43515416,28
43526596,30
43522064,30
43496854,27
43530620,30
43491227,26
43423872,23
43456238,23
43448117,23
43462193,23
43491371,26
43471806,25
43522406,30
43505414,27
43528042,30
43432302,23
43525524,30
43469250,24
43515829,28
43515878,28
43513079,27
43530016,30
43455421,23
43483739,26
43500455,27
43532846,30
43352944,21
43435823,23
43527350,30
43437619,23
43462704,23
43529085,30
43528832,30
43409389,22
43512058,27
43519051,28
43507808,27
43529166,30
43499449,27
43534915,30
43467341,24
43520978,28
43532324,30
43504345,27
43533362,30
43527723,30
43527725,30
43512657,27
43524042,30
43522161,30
43504187,27
43474320,26
43479043,26
43524046,30
43474319,26
43419955,23
43492906,26
43490302,26
43493179,26
43527027,30
43533469,30
43465110,24
43494273,26
43504435,27
43517041,28
43511325,27
43465187,24
43505758,27
43527066,30
43532738,30
43532748,30
43511522,27
43521498,29
43502972,27
43532841,30
43465294,24
43497529,27
43535704,30
43532972,30
43534361,30
43499205,27
43513388,27
43513440,27
43513373,27
43514755,28
43490838,26
43530271,30
43509271,27
43504978,27
43497975,27
43437476,23
43526108,30
43519047,28
43519224,28
43516358,28
43529078,30
43533191,30
43533223,30
43516357,28
43519321,28
43535066,30
43535106,30
43491173,26
43471461,25
43530515,30
43522065,30
43530566,30
43519298,28
43522159,30
43535285,30
43509579,27
43532473,30
43527048,30
43514103,28
43465193,24
43533826,30
43535396,30
43533851,30
43529843,30
43533807,30
43476466,26
43449796,23
43241109,14
43521483,29
43185122,9
43459958,23
43524414,30
43463600,24
43525687,30
43518827,28
43487945,26
43535748,30
43531401,30
43534360,30
43489512,26
43496376,27
43512071,27
43521988,30
43474053,26
43512252,27
43524767,30
43532013,30
43502306,27
43506735,27
43513541,27
43513594,27
43530382,30
43489831,26
43492770,26
43516448,28
43537838,30
43519185,28
43533321,30
43535068,30
43506973,27
43536200,30
43533382,30
43492983,26
43508094,27
43521233,29
43530617,30
43536201,30
43490213,26
43525008,30
43516594,28
43482845,26
43519553,28
43372321,21
43423152,23
43530853,30
43532618,30
43426992,23
43525446,30
43533806,30
43511538,27
43518744,28
43497432,27
43469049,24
43471766,25
43536854,30
43525641,30
43524569,30
43487897,26
43534150,30
43427802,23
43478023,26
43523081,30
43447304,23
43449666,23
43512060,27
43462617,23
43507807,27
43533037,30
43468291,24
43537574,30
43520949,28
43501053,27
43527535,30
43507746,27
43463051,23
43538847,30
43419342,23
43518060,28
43512410,27
43518306,28
43532297,30
43420736,23
43530525,30
43536167,30
43520950,28
43473017,25
43471562,25
43515123,28
43529651,30
43311340,18
43488423,26
43466646,24
43468996,24
43451059,23
43473540,25
43491335,26
43526880,30
43502743,27
43462443,23
43477187,26
43465048,24
43454108,23
43524217,30
43539462,30
43498874,27
43529984,30
43529985,30
43449667,23
43534080,30
43469388,24
43472277,25
43525734,30
43491932,26
43499134,27
43535867,30
43531461,30
43427589,23
43507821,27
43537231,30
43468379,24
43519063,28
43520625,28
43513425,27
43519052,28
43515154,28
43509412,27
43535868,30
43538816,30
43515053,28
43454403,23
43485308,26
43533192,30
43493948,26
43538825,30
43499516,27
43538848,30
43529433,30
43516541,28
43522022,30
43467569,24
43512572,27
43538998,30
43535129,30
43538989,30
43478813,26
43463060,23
43383670,21
43365253,21
43532617,30
43473516,25
43521385,29
43538347,30
43536625,30
43473573,25
43529933,30
43370581,21
43524381,30
43532840,30
43449795,23
43525713,30
43537021,30
43538450,30
43525771,30
43520451,28
43459867,23
43524517,30
43535836,30
43438917,23
43529076,30
43541570,30
43409390,22
43522021,30
43522037,30
43473016,25
43530526,30
43522038,30
43536146,30
43538982,30
43536192,30
43538955,30
43530616,30
43532438,30
43468557,24
43538076,30
43507030,27
43491240,26
43474335,26
43421076,23
43510948,27
43528044,30
43514297,28
43507444,27
43542055,30
43529853,30
43521482,29
43499041,27
43486430,26
43504608,27
43524413,30
43493609,26
43535576,30
43514779,28
43532877,30
43461582,23
43511833,27
43509202,27
43539864,30
43523079,30
43542738,30
43538596,30
43531598,30
43500665,27
43471148,25
43531835,30
43475480,26
43522151,30
43419344,23
43514938,28
43519244,28
43523687,30
43540497,30
43533221,30
43506977,27
43541714,30
43534912,30
43496609,27
43536112,30
43535057,30
43529421,30
43536144,30
43535055,30
43520977,28
43522160,30
43498250,27
43536231,30
43524041,30
43400721,22
43529665,30
43515639,28
43495971,27
43514314,28
43472533,25
43522809,30
43524208,30
43536745,30
43542508,30
43541240,30
43500434,27
43503023,27
43523088,30
43531329,30
43532891,30
43541241,30
43500666,27
43544066,30
43466663,24
43513398,27
43541349,30
43530180,30
43541468,30
43538728,30
43520311,28
43524804,30
43530270,30
43308412,18
43540341,30
43529165,30
43540470,30
43541571,30
43523481,30
43485374,26
43506827,27
43544462,30
43472621,25
43529422,30
43544514,30
43501088,27
43535067,30
43524932,30
43540717,30
43524942,30
43540809,30
43530619,30
43383430,21
43424197,23
43463919,24
43485758,26
43518523,28
43540932,30
43511245,27
43530817,30
43529671,30
43535363,30
43511202,27
43530816,30
43511203,27
43539564,30
43500298,27
43518556,28
43536856,30
43507536,27
43539863,30
43531460,30
43545418,30
43538449,30
43545519,30
43484026,26
43532875,30
43485084,26
43541435,30
43525907,30
43506363,27
43538727,30
43506517,27
43530331,30
43527536,30
43532014,30
43526471,30
43513736,27
43537688,30
43538824,30
43509548,27
43496377,27
43510816,27
43544459,30
43534954,30
43530456,30
43513335,27
43535107,30
43523686,30
43527644,30
43524931,30
43393006,22
43409991,22
43518514,28
43445410,23
43466012,24
43518515,28
43501610,27
43542054,30
43527033,30
43507453,27
43527065,30
43539418,30
43480494,26
43529936,30
43487629,26
43539471,30
43530026,30
43532749,30
43518572,28
43516963,28
43527310,30
43546746,30
43476621,26
43521602,29
43545517,30
43527351,30
43437355,23
43545653,30
43510485,27
43538598,30
43538661,30
43496347,27
43506606,27
43541469,30
43476787,26
43412390,22
43476771,26
43541467,30
43517588,28
43526349,30
43484025,26
43534871,30
43515052,28
43541543,30
43505185,27
43507933,27
43521734,29
43453641,23
43530444,30
43538789,30
43499517,27
43389869,22
43524864,30
43530455,30
43479851,26
43537837,30
43544513,30
43448676,23
43541640,30
43546231,30
43485493,26
43464802,24
43541699,30
43512743,27
43538981,30
43543621,30
43536190,30
43407042,22
43358200,21
43532538,30
43521299,29
43547622,30
43497020,27
43476320,26
43547624,30
43546613,30
43518626,28
43511244,27
43494545,26
43437127,23
43518683,28
43539563,30
43546747,30
43461143,23
43496916,27
43375375,21
43531341,30
43490692,26
43525716,30
43434693,23
43385125,21
43537229,30
43530179,30
43547128,30
43530380,30
43472888,25
43538817,30
43454373,23
43527699,30
43543493,30
43530618,30
43489829,26
43507090,27
43538956,30
43540711,30
43532325,30
43543600,30
43538990,30
43469155,24
43547499,30
43479066,26
43530842,30
43547623,30
43547498,30
43543885,30
43549370,30
43515712,28
43518573,28
43532683,30
43533808,30
43541152,30
43507535,27
43524570,30
43391037,22
43548098,30
43538348,30
43533036,30
43469390,24
43527311,30
43545242,30
43536739,30
43544132,30
43549813,30
43504764,27
43523009,30
43510543,27
43548497,30
43518968,28
43541437,30
43548661,30
43538818,30
43548802,30
43445309,23
43524813,30
43549020,30
43550114,30
43529435,30
43516449,28
43509684,27
43519245,28
43544491,30
43467713,24
43537839,30
43550115,30
43510926,27
43529434,30
43526595,30
43524930,30
43549146,30
43543492,30
43535056,30
43546321,30
43459519,23
43471640,25
43540882,30
43438113,23
43502700,27
43507299,27
43546614,30
43441013,23
43515921,28
43518588,28
43549499,30
43504531,27
43536487,30
43452497,23
43496193,27
43541186,30
43474970,26
43542292,30
43542506,30
43511536,27
43539745,30
43505924,27
43510343,27
43539715,30
43546878,30
43548302,30
43517504,28
43541348,30
43504979,27
43500771,27
43544100,30
43417848,22
43455637,23
43542947,30
43499333,27
43548618,30
43548567,30
43510817,27
43526472,30
43548825,30
43518062,28
43541646,30
43544458,30
43538788,30
43522152,30
43548968,30
43512587,27
43522082,30
43549012,30
43550167,30
43543623,30
43533361,30
43464242,24
43491229,26
43419852,23
43515705,28
43547621,30
43490301,26
43456773,23
43519828,28
43525727,30
43393990,22
43491933,26
43547800,30
43536694,30
43423195,23
43549646,30
43454372,23
43512036,27
43548301,30
43535705,30
43548300,30
43549814,30
43465543,24
43500675,27
43401824,22
43522045,30
43492491,26
43454428,23
43479679,26
43547126,30
43519061,28
43552806,30
43488250,26
43435836,23
43532948,30
43513484,27
43450348,23
43533222,30
43552962,30
43550191,30
43550168,30
43552961,30
43543622,30
43491239,26
43526821,30
43479047,26
43547416,30
43511129,27
43547593,30
43547692,30
43496915,27
43480260,26
43511537,27
43487655,26
43507555,27
43511651,27
43492102,26
43544116,30
43546857,30
43549729,30
43548297,30
43482447,26
43489277,26
43527379,30
43518901,28
43392588,22
43455832,23
43513411,27
43521733,29
43534572,30
43516316,28
43450134,23
43548809,30
43541572,30
43547283,30
43551681,30
43545845,30
43514937,28
43544412,30
43503958,27
43543220,30
43510804,27
43547329,30
43552922,30
43552920,30
43541700,30
43550158,30
43538954,30
43538999,30
43496838,27
43536175,30
43459218,23
43339366,20
43425723,23
43552148,30
43493213,26
43547594,30
43499042,27
43547592,30
43519676,28
43550394,30
43553320,30
43524207,30
43529756,30
43552336,30
43497895,27
43517080,28
43527139,30
43552433,30
43534379,30
43448715,23
43534191,30
43497620,27
43544120,30
43548296,30
43464359,24
43538692,30
43509080,27
43526350,30
43469795,24
43548568,30
43488206,26
43475367,26
43551377,30
43538784,30
43537573,30
43547174,30
43492749,26
43548888,30
43529077,30
43550157,30
43548890,30
43544405,30
43552901,30
43450387,23
43506826,27
43551830,30
43552921,30
43522046,30
43551787,30
43536145,30
43551926,30
43543601,30
43543491,30
43551918,30
43519361,28
43549144,30
43521996,30
43535105,30
43414274,22
43387478,22
43533582,30
43540933,30
43497162,27
43547667,30
43546731,30
43532659,30
43498904,27
43507298,27
43542368,30
43539543,30
43552424,30
43427058,23
43544065,30
43552435,30
43334197,20
43544131,30
43555359,30
43494851,26
43552590,30
43523347,30
43538691,30
43486942,26
43493622,26
43557297,30
43544411,30
43443117,23
43546030,30
43524811,30
43555671,30
43555702,30
43557295,30
43555700,30
43555699,30
43493955,26
43534916,30
43557577,30
43551979,30
43533383,30
43546445,30
43552195,30
43553322,30
43462411,23
43557852,30
43549591,30
43497427,27
43508516,27
43534060,30
43546842,30
43546856,30
43494439,26
43553932,30
43530182,30
43535703,30
43460411,23
43552589,30
43501972,27
43535764,30
43516156,28
43502196,27
43413573,22
43552562,30
43556971,30
43505203,27
43507836,27
43523769,30
43474135,26
43524768,30
43505221,27
43551795,30
43557477,30
43557476,30
43519297,28
43541712,30
43552985,30
43555758,30
43485600,26
43402984,22
43482723,26
43495935,27
43423153,23
43555856,30
43549372,30
43521337,29
43550316,30
43500065,27
43550469,30
43553500,30
43501774,27
43532660,30
43552304,30
43514285,28
43552357,30
43546616,30
43552358,30
43552408,30
43488570,26
43514442,28
43549730,30
43476716,26
43420399,23
43448714,23
43492324,26
43514621,28
43529981,30
43463918,24
43535763,30
43537384,30
43503631,27
43548667,30
43531911,30
43555528,30
43516592,28
43487186,26
43541641,30
43445973,23
43555596,30
43520933,28
43554420,30
43496348,27
43551831,30
43540710,30
43502301,27
43557447,30
43550192,30
43516539,28
43543676,30
43501319,27
43457192,23
43529670,30
43452208,23
43504434,27
43498839,27
43530815,30
43479065,26
43550395,30
43534081,30
43463426,24
43531074,30
43557802,30
43547693,30
43463427,24
43511326,27
43548042,30
43466676,24
43502983,27
43533853,30
43549498,30
43517145,28
43552385,30
43416067,22
43549645,30
43447634,23
43558071,30
43516072,28
43444499,23
43554067,30
43544298,30
43530262,30
43475368,26
43559882,30
43559883,30
43530309,30
43416281,22
43561147,30
43470309,24
43550103,30
43524881,30
43548803,30
43541713,30
43515263,28
43537843,30
43512698,27
43532298,30
43468449,24
43558539,30
43544565,30
43557576,30
43509881,27
43555651,30
43558568,30
43557500,30
43481572,26
43446265,23
43530856,30
43550470,30
43486043,26
43473539,25
43556115,30
43556117,30
43504609,27
43529844,30
43542243,30
43547613,30
43518685,28
43528537,30
43412773,22
43549500,30
43498906,27
43541210,30
43539542,30
43529934,30
43536855,30
43519827,28
43560823,30
43562180,30
43558082,30
43552384,30
43559500,30
43555341,30
43497472,27
43559613,30
43496417,27
43482304,26
43556710,30
43544260,30
43472690,25
43559743,30
43457193,23
43467143,24
43527458,30
43523346,30
43544117,30
43541597,30
43544299,30
43552876,30
43557237,30
43545844,30
43535835,30
43540426,30
43557354,30
43554382,30
43558385,30
43555650,30
43554431,30
43559957,30
43561146,30
43548889,30
43538846,30
43527584,30
43552845,30
43562901,30
43555769,30
43524865,30
43536166,30
43561392,30
43561407,30
43482827,26
43554886,30
43382966,21
43550315,30
43531085,30
43561577,30
43449315,23
43525444,30
43541081,30
43511012,27
43552300,30
43533854,30
43486431,26
43473660,25
43518684,28
43495970,27
43367971,21
43561969,30
43529935,30
43555237,30
43553476,30
43558072,30
43558080,30
43539419,30
43449739,23
43535577,30
43344274,21
43552543,30
43556725,30
43559449,30
43563813,30
43506288,27
43559782,30
43511878,27
43548569,30
43471149,25
43447303,23
43499302,27
43561073,30
43559881,30
43439310,23
43445852,23
43548744,30
43548887,30
43461581,23
43548738,30
43548876,30
43482643,26
43559973,30
43554433,30
43552807,30
43555558,30
43562921,30
43555652,30
43562951,30
43557574,30
43551786,30
43557501,30
43563091,30
43543677,30
43541840,30
43523949,30
43454688,23
43535395,30
43511164,27
43521468,29
43560546,30
43511150,27
43490290,26
43540883,30
43538241,30
43532604,30
43538242,30
43386686,22
43547837,30
43480261,26
43539544,30
43556438,30
43556278,30
43557990,30
43497528,27
43552434,30
43562179,30
43537019,30
43545518,30
43471021,25
43552478,30
43559447,30
43565097,31
43513281,27
43563812,30
43538726,30
43544271,30
43544270,30
43523868,30
43563911,30
43551422,30
43563842,30
43510544,27
43509270,27
43507835,27
43467144,24
43555529,30
43532178,30
43529164,30
43416604,22
43402355,22
43534911,30
43520975,28
43548970,30
43476936,26
43544564,30
43550104,30
43563088,30
43561327,30
43525010,30
43561406,30
43386446,22
43493214,26
43566196,31
43519674,28
43313725,18
43566247,31
43564597,31
43558978,30
43499075,27
43557961,30
43564765,31
43552350,30
43544101,30
43445714,23
43560821,30
43494993,26
43541185,30
43525772,30
43564927,31
43535646,30
43525712,30
43559522,30
43552591,30
43525717,30
43513290,27
43551233,30
43548619,30
43500770,27
43514977,28
43556641,30
43554095,30
43534378,30
43556973,30
43534573,30
43530332,30
43548668,30
43565520,31
43527459,30
43550020,30
43548745,30
43538785,30
43291751,16
43422671,23
43558383,30
43519090,28
43565630,31
43509393,27
43416741,22
43465539,24
43520624,28
43565574,31
43554445,30
43509740,27
43488249,26
43563089,30
43530475,30
43498703,27
43533363,30
43540808,30
43532541,30
43511149,27
43494272,26
43552196,30
43530855,30
43543843,30
43557854,30
43511564,27
43564665,31
43491759,26
43547961,30
43566357,31
43553563,30
43517144,28
43534302,30
43532847,30
43566519,31
43465341,24
43559563,30
43564992,31
43566520,31
43434567,23
43568143,31
43554219,30
43549993,30
43565391,31
43554096,30
43565423,31
43537383,30
43566667,31
43548524,30
43502194,27
43472532,25
43568369,31
43546031,30
43482772,26
43547175,30
43543335,30
43558533,30
43548969,30
43568714,31
43566961,31
43558551,30
43552960,30
43527635,30
43551829,30
43529652,30
43543602,30
43555798,30
43516583,28
43532471,30
43556093,30
43569068,31
43529980,30
43563471,30
43566355,31
43569193,31
43522299,30
43514284,28
43539362,30
43486044,26
43499154,27
43563594,30
43490605,26
43564962,31
43409323,22
43459681,23
43552665,30
43558218,30
43566656,31
43557069,30
43468502,24
43566678,31
43459967,23
43455941,23
43562674,30
43568360,31
43534612,30
43566707,31
43462940,23
43565424,31
43437586,23
43566666,31
43561166,30
43551423,30
43502124,27
43565632,31
43568472,31
43552844,30
43562886,30
43530310,30
43530476,30
43569706,31
43555672,30
43546060,30
43425259,23
43541647,30
43544463,30
43558538,30
43566963,31
43478900,26
43564152,30
43505258,27
43546232,30
43551978,30
43510901,27
43561326,30
43519360,28
43546461,30
43428599,23
43490325,26
43530854,30
43552351,30
43510344,27
43555114,30
43476465,26
43553501,30
43566356,31
43552149,30
43496191,27
43544046,30
43523089,30
43564961,31
43515922,28
43570557,31
43490691,26
43564926,31
43567773,31
43521549,29
43500664,27
43564932,31
43556523,30
43567987,31
43566547,31
43556709,30
43555375,30
43556920,30
43558219,30
43552671,30
43512409,27
43559956,30
43565262,31
43465564,24
43454341,23
43563910,30
43568283,31
43549108,30
43500799,27
43519053,28
43548743,30
43571275,31
43566819,31
43548967,30
43568370,31
43566804,31
43571178,31
43565631,31
43555597,30
43571276,31
43548975,30
43518419,28
43562900,30
43554630,30
43563090,30
43565866,31
43566957,31
43569725,31
43540786,30
43555703,30
43566962,31
43519320,28
43549145,30
43560339,30
43560341,30
43567055,31
43538077,30
43467712,24
43474483,26
43560648,30
43560545,30
43566246,31
43533825,30
43472889,25
43564793,31
43510391,27
43567657,31
43499133,27
43528801,30
43548808,30
43490623,26
43565264,31
43549783,30
43546879,30
43553931,30
43532971,30
43524368,30
43564991,31
43503291,27
43560985,30
43566677,31
43559696,30
43551038,30
43562675,30
43566652,31
43569526,31
43563932,30
43568341,31
43505222,27
43538895,30
43557296,30
43571415,31
43560200,30
43558439,30
43572569,31
43571489,31
43544407,30
43551927,30
43527645,30
43506940,27
43527593,30
43571575,31
43572666,31
43552986,30
43318348,19
43515549,28
43440492,23
43385126,21
43483062,26
43557727,30
43557726,30
43533577,30
43561576,30
43468915,24
43501773,27
43549369,30
43532739,30
43555115,30
43566288,31
43555122,30
43541151,30
43569136,31
43539463,30
43543902,30
43539470,30
43553475,30
43500140,27
43555376,30
43573586,31
43546918,30
43553930,30
43512057,27
43557991,30
43573727,31
43568059,31
43545634,30
43500783,27
43454404,23
43559744,30
43571115,31
43572419,31
43572497,31
43572427,31
43562902,30
43555768,30
43546233,30
43541701,30
43524872,30
43572548,31
43572570,31
43527724,30
43555756,30
43529650,30
43569784,31
43540716,30
43565865,31
43506939,27
43530650,30
43569069,31
43539445,30
43533747,30
43521338,29
43518548,28
43573039,31
43469257,24
43567268,31
43572927,31
43561786,30
43538249,30
43544047,30
43571949,31
43564770,31
43528402,30
43409330,22
43567640,31
43454237,23
43556524,30
43542737,30
43555358,30
43486411,26
43437466,23
43572222,31
43529131,30
43572296,31
43504854,27
43552672,30
43573788,31
43575218,31
43568340,31
43481301,26
43568383,31
43572444,31
43568384,31
43533244,30
43562952,30
43560199,30
43563936,30
43571574,31
43572634,31
43523950,30
43529246,30
43571523,31
43569822,31
43574347,31
43523804,30
43324294,19
43550236,30
43537268,30
43560340,30
43412119,22
43550338,30
43549371,30
43515638,28
43563290,30
43504490,27
43570119,31
43529845,30
43563531,30
43571948,31
43521408,29
43561968,30
43564773,31
43565068,31
43462616,23
43466184,24
43545087,30
43486335,26
43549751,30
43573543,31
43468292,24
43572221,31
43563641,30
43549800,30
43572295,31
43469597,24
43573849,31
43526060,30
43571046,31
43566650,31
43563931,30
43535925,30
43535924,30
43566752,31
43572418,31
43571387,31
43568647,31
43577068,32
43547282,30
43572546,31
43575409,31
43420584,23
43563964,30
43575452,31
43510927,27
43572659,31
43572670,31
43524946,30
43510902,27
43540881,30
43522280,30
43568958,31
43510259,27
43563351,30
43569043,31
43532540,30
43566245,31
43531073,30
43479265,26
43577533,32
43487628,26
43564596,31
43577531,32
43532682,30
43465188,24
43569194,31
43466677,24
43573491,31
43429191,23
43570559,31
43569195,31
43533583,30
43577734,32
43573478,31
43551234,30
43537230,30
43544133,30
43482284,26
43560986,30
43552586,30
43493626,26
43500781,27
43559745,30
43527328,30
43485302,26
43482272,26
43540469,30
43571129,31
43575114,31
43552563,30
43572315,31
43573948,31
43538559,30
43552902,30
43571116,31
43566753,31
43568454,31
43561090,30
43575349,31
43557292,30
43571414,31
43555757,30
43532177,30
43507822,27
43562922,30
43537687,30
43578183,32
43551919,30
43470102,24
43535108,30
43536229,30
43468743,24
43434101,23
43482937,26
43470676,24
43572929,31
43546615,30
43341416,21
43566127,31
43567269,31
43563387,30
43488746,26
43574754,31
43552176,30
43561834,30
43527047,30
43564595,31
43574786,31
43566383,31
43571919,31
43577668,32
43543886,30
43505819,27
43477969,26
43524369,30
43566521,31
43569334,31
43527378,30
43577794,32
43507862,27
43576462,31
43552477,30
43541436,30
43495042,26
43566658,31
43568239,31
43565683,31
43579458,33
43514778,28
43578080,32
43540342,30
43572496,31
43572446,31
43578166,32
43558594,30
43577026,32
43571576,31
43569786,31
43448847,23
43574340,31
43513704,27
43439633,23
43571741,31
43533322,30
43533471,30
43571879,31
43566190,31
43453787,23
43580198,33
43502721,27
43580265,33
43482273,26
43574660,31
43574753,31
43571979,31
43573094,31
43514282,28
43511094,27
43560759,30
43564792,31
43531219,30
43476619,26
43556642,30
43458210,23
43560918,30
43545417,30
43493578,26
43462553,23
43566491,31
43569346,31
43511450,27
43537228,30
43559564,30
43561072,30
43580699,33
43414738,22
43579457,33
43566651,31
43536030,30
43559972,30
43548773,30
43572498,31
43578081,32
43566912,31
43491087,26
43578165,32
43557449,30
43546059,30
43562953,30
43577025,32
43557468,30
43536176,30
43580048,33
43564058,30
43575447,31
43525009,30
43580145,33
43581073,33
43513737,27
43494053,26
43488447,26
43550339,30
43580197,33
43490426,26
43549590,30
43535362,30
43563386,30
43524218,30
43514100,28
43574763,31
43580346,33
43464243,24
43521407,29
43488971,26
43553562,30
43577621,32
43520100,28
43531220,30
43535647,30
43542486,30
43486348,26
43576450,31
43580579,33
43420546,23
43579418,33
43573830,31
43552673,30
43569345,31
43580676,33
43574979,31
43544272,30
43575176,31
43575174,31
43541542,30
43534341,30
43569525,31
43566830,31
43571388,31
43573985,31
43498334,27
43571355,31
43565521,31
43551828,30
43530148,30
43564059,30
43574227,31
43554631,30
43582700,33
43579926,33
43484398,26
43563325,30
43532472,30
43575699,31
43578481,32
43540957,30
43536309,30
43471746,25
43561813,30
43580266,33
43569046,31
43504489,27
43552233,30
43471639,25
43495985,27
43500049,27
43469156,24
43573038,31
43578834,32
43578833,32
43577622,32
43560800,30
43552425,30
43559521,30
43513280,27
43574982,31
43576461,31
43570833,31
43573786,31
43563807,30
43526095,30
43501054,27
43569508,31
43568082,31
43569507,31
43532037,30
43580763,33
43569561,31
43568282,31
43572429,31
43575113,31
43548974,30
43572445,31
43579670,33
43554381,30
43582624,33
43569785,31
43558552,30
43579868,33
43549096,30
43572635,31
43557621,30
43550235,30
43367255,21
43546463,30
43532474,30
43518527,28
43584089,34
43583122,33
43574764,31
43567267,31
43531086,30
43509047,27
43514240,28
43580401,33
43542293,30
43465288,24
43514405,28
43563595,30
43507621,27
43549750,30
43497677,27
43517503,28
43581797,33
43581671,33
43579252,33
43567774,31
43562321,30
43569323,31
43524528,30
43573726,31
43540113,30
43563806,30
43544121,30
43477875,26
43580694,33
43583530,33
43548662,30
43577996,32
43568145,31
43430301,23
43299851,17
43572452,31
43568362,31
43479870,26
43572547,31
43536113,30
43583756,34
43583741,34
43583781,34
43579907,33
43551939,30
43478814,26
43582934,33
43544614,30
43571743,31
43546462,30
43563292,30
43502707,27
43473515,25
43532603,30
43554893,30
43581185,33
43578543,32
43583123,33
43532576,30
43578754,32
43503241,27
43469157,24
43521386,29
43549644,30
43549585,30
43534340,30
43559448,30
43570558,31
43573492,31
43573495,31
43579237,33
43556726,30
43574983,31
43582086,33
43563841,30
43583507,33
43531765,30
43585145,35
43571179,31
43566679,31
43534953,30
43579621,33
43487050,26
43544295,30
43572453,31
43492492,26
43582664,33
43551938,30
43549021,30
43523875,30
43585540,35
43548926,30
43580047,33
43575451,31
43574448,31
43583917,34
43578482,32
43556116,30
43583090,33
43518587,28
43556094,30
43572928,31
43490398,26
43577532,32
43573284,31
43552337,30
43463778,24
43561897,30
43528384,30
43528383,30
43564963,31
43565098,31
43567750,31
43587603,35
43323583,19
43581991,33
43586196,35
43489663,26
43586262,35
43475172,26
43574991,31
43548347,30
43569562,31
43520534,28
43571356,31
43568361,31
43554419,30
43580675,33
43585123,35
43579622,33
43523000,30
43547265,30
43550105,30
43558417,30
43558531,30
43582701,33
43586528,35
43571481,31
43579867,33
43574226,31
43544483,30
43479044,26
43566082,31
43571597,31
43571742,31
43558567,30
43585762,35
43302236,18
43527990,30
43545376,30
43580285,33
43583091,33
43584134,34
43584136,34
43570246,31
43527138,30
43521550,29
43570395,31
43586061,35
43583154,33
43580340,33
43561967,30
43586077,35
43519046,28
43546745,30
43514403,28
43549548,30
43586166,35
43588994,35
43506257,27
43583384,33
43532539,30
43469772,24
43497688,27
43578001,32
43517439,28
43587695,35
43499235,27
43585124,35
43570914,31
43485309,26
43566754,31
43580764,33
43559998,30
43580868,33
43563937,30
43525686,30
43468732,24
43565684,31
43558384,30
43554220,30
43571480,31
43585333,35
43544406,30
43527636,30
43583754,34
43577249,32
43577069,32
43566958,31
43571598,31
43518395,28
43577342,32
43524150,30
43518627,28
43574589,31
43540880,30
43583089,33
43533470,30
43585874,35
43566382,31
43578650,32
43533852,30
43549501,30
43573463,31
43536624,30
43514283,28
43590122,35
43577741,32
43581830,33
43511652,27
43538597,30
43588995,35
43581904,33
43581990,33
43589091,35
43580700,33
43531597,30
43455636,23
43548772,30
43590774,35
43538560,30
43578025,32
43589321,35
43565515,31
43569705,31
43391541,22
43578167,32
43527592,30
43568646,31
43567044,31
43582699,33
43557376,30
43496853,27
43582935,33
43429190,23
43510947,27
43543842,30
43539256,30
43553543,30
43511130,27
43587103,35
43578544,32
43491571,26
43541166,30
43590124,35
43513288,27
43588885,35
43573477,31
43489276,26
43587599,35
43497622,27
43572278,31
43517563,28
43591870,35
43568171,31
43584857,35
43429096,23
43499301,27
43291384,16
43587970,35
43516295,28
43563935,30
43583587,33
43536228,30
43580870,33
43583808,34
43555595,30
43513650,27
43571330,31
43579869,33
43544490,30
43589402,35
43589322,35
43565502,31
43564151,30
43582625,33
43547330,30
43557448,30
43512658,27
43543336,30
43512343,27
43567043,31
43585761,35
43577336,32
43499673,27
43396564,22
43334247,20
43540936,30
43510090,27
43588620,35
43543901,30
43563420,30
43588671,35
43584088,34
43563530,30
43574689,31
43552338,30
43581670,33
43525794,30
43586030,35
43561694,30
43590121,35
43586165,35
43516073,28
43593138,35
43549812,30
43531836,30
43566708,31
43577795,32
43528802,30
43577997,32
43579623,33
43510750,27
43582442,33
43586431,35
43590988,35
43488745,26
43593909,35
43592155,35
43482773,26
43591027,35
43579941,33
43575444,31
43594092,35
43577084,32
43554887,30
43518557,28
43583918,34
43589712,35
43581300,33
43588672,35
43560647,30
43465194,24
43589713,35
43591473,35
43594368,35
43577623,32
43594473,35
43521642,29
43544294,30
43594570,35
43507623,27
43523010,30
43477970,26
43463984,24
43581829,33
43591836,35
43541459,30
43579464,33
43554068,30
43594817,35
43560198,30
43582335,33
43591011,35
43571274,31
43544464,30
43568713,31
43593834,35
43566913,31
43333410,20
43506585,27
43523544,30
43579818,33
43592236,35
43550113,30
43548737,30
43572665,31
43592249,35
43519401,28
43594076,35
43536191,30
43501627,27
43580196,33
43521469,29
43587028,35
43552410,30
43566534,31
43580339,33
43583153,33
43476601,26
43594474,35
43511523,27
43534303,30
43593136,35
43537020,30
43581828,33
43557036,30
43594571,35
43566490,31
43594691,35
43581903,33
43548523,30
43577895,32
43541458,30
43590391,35
43566706,31
43559695,30
43594818,35
43590772,35
43565564,31
43590789,35
43593705,35
43531837,30
43594864,35
43586430,35
43580869,33
43576994,32
43571159,31
43596492,35
43548498,30
43589314,35
43534910,30
43574346,31
43588459,35
43564125,30
43585637,35
43585638,35
43580147,33
43493152,26
43569021,31
43563289,30
43546713,30
43581303,33
43583064,33
43575839,31
43536308,30
43504491,27
43428714,23
43468012,24
43580347,33
43488424,26
43443812,23
43524219,30
43569322,31
43566548,31
43507622,27
43494852,26
43512344,27
43482411,26
43573947,31
43582261,33
43586375,35
43563860,30
43570965,31
43503957,27
43526485,30
43569726,31
43586527,35
43591010,35
43593767,35
43548973,30
43588460,35
43561257,30
43586582,35
43594173,35
43466013,24
43557725,30
43561700,30
43591475,35
43570120,31
43563532,30
43563421,30
43545155,30
43432930,23
43572033,31
43563596,30
43538429,30
43541419,30
43566533,31
43568048,31
43526061,30
43416282,22
43537356,30
43599044,35
43565263,31
43579463,33
43580679,33
43556972,30
43540294,30
43586418,35
43528425,30
43566805,31
43568371,31
43572405,31
43572406,31
43549013,30
43585332,35
43599383,35
43592136,35
43597626,35
43558416,30
43593768,35
43557375,30
43516593,28
43574341,31
43540388,30
43588285,35
43596810,35
43544613,30
43566095,31
43574675,31
43586793,35
43474376,26
43569045,31
43598155,35
43492481,26
43501885,27
43598300,35
43598317,35
43566189,31
43583184,33
43490311,26
43561970,30
43590102,35
43598599,35
43583266,33
43586075,35
43590123,35
43587366,35
43590491,35
43521628,29
43548097,30
43539716,30
43594569,35
43518826,28
43598902,35
43567961,31
43574990,31
43579254,33
43579253,33
43597415,35
43541591,30
43482092,26
43593527,35
43549782,30
43580652,33
43578026,32
43517779,28
43600352,35
43583588,33
43599185,35
43568188,31
43506584,27
43540499,30
43594863,35
43577239,32
43597625,35
43558415,30
43559501,30
43510771,27
43557153,30
43445974,23
43599384,35
43593932,35
43535872,30
43600557,35
43578278,32
43594093,35
43588286,35
43596809,35
43582816,33
43563222,30
43594172,35
43364865,21
43459453,23
43594257,35
43594258,35
43563352,30
43574661,31
43542053,30
43588733,35
43527989,30
43583220,33
43552359,30
43571978,31
43455368,23
43429201,23
43578756,32
43585947,35
43462705,23
43598601,35
43581913,33
43510328,27
43580577,33
43580680,33
43557236,30
43590505,35
43538428,30
43580556,33
43577896,32
43579417,33
43585120,35
43597493,35
43575175,31
43583597,33
43597643,35
43556919,30
43464801,24
43516294,28
43540787,30
43590763,35
43600428,35
43597715,35
43551794,30
43579927,33
43591145,35
43600580,35
43580053,33
43557152,30
43595069,35
43591160,35
43551680,30
43561256,30
43578194,32
43588689,35
43568959,31
43547668,30
43602592,35
43550396,30
43566096,31
43600794,35
43584135,34
43583063,33
43580240,33
43564521,31
43567698,31
43570332,31
43588887,35
43558081,30
43560822,30
43567641,31
43559614,30
43540076,30
43601772,35
43600358,35
43535873,30
43600480,35
43586419,35
43512072,27
43593528,35
43596501,35
43597696,35
43561091,30
43463803,24
43590987,35
43577027,32
43600429,35
43585358,35
43579817,33
43440640,23
43582660,33
43588338,35
43567056,31
43602395,35
43557620,30
43593908,35
43589378,35
43561390,30
43471052,25
43546444,30
43448084,23
43533421,30
43580264,33
43550567,30
43491768,26
43581302,33
43599784,35
43538346,30
43588670,35
43518521,28
43528041,30
43598315,35
43561835,30
43507438,27
43546858,30
43573496,31
43598600,35
43601431,35
43588993,35
43552432,30
43573587,31
43490828,26
43597482,35
43580651,33
43565392,31
43603124,35
43586261,35
43571128,31
43590773,35
43579940,33
43596490,35
43602117,35
43603315,35
43572428,31
43582663,33
43548925,30
43557469,30
43578195,32
43583780,34
43568787,31
43572671,31
43588337,35
43501628,27
43583914,34
43390256,22
43495924,27
43603706,35
43589714,35
43599930,35
43569137,31
43600030,35
43595800,35
43570933,31
43561410,30
43511563,27
43480743,26
43457841,23
43547962,30
43550854,30
43591665,35
43591663,35
43552301,30
43534301,30
43601287,35
43556569,30
43457003,23
43548348,30
43597414,35
43596148,35
43591869,35
43604536,35
43600293,35
43594813,35
43590696,35
43568060,31
43603164,35
43601951,35
43603151,35
43600351,35
43589239,35
43510810,27
43495026,26
43589187,35
43387082,22
43492747,26
43603314,35
43592137,35
43554522,30
43589316,35
43605101,35
43605099,35
43602156,35
43597824,35
43589377,35
43596776,35
43546320,30
43582817,33
43471563,25
43603649,35
43480259,26
43602589,35
43563385,30
43533538,30
43542114,30
43594256,35
43515662,28
43603566,35
43591558,35
43583124,33
43591578,35
43603918,35
43580348,33
43553168,30
43521480,29
43597172,35
43593093,35
43602937,35
43536958,30
43587604,35
43594693,35
43568081,31
43587600,35
43601518,35
43605876,35
43601773,35
43605940,35
43513289,27
43580695,33
43607482,36
43545635,30
43594816,35
43593689,35
43575350,31
43486565,26
43604896,35
43589315,35
43600505,35
43492630,26
43566959,31
43596775,35
43599356,35
43571744,31
43600581,35
43575443,31
43544482,30
43594075,35
43597887,35
43566081,31
43491794,26
43561789,30
43539580,30
43457995,23
43598314,35
43578549,32
43393241,22
43606907,36
43567747,31
43593001,35
43567748,31
43597318,35
43521481,29
43536692,30
43607016,36
43564728,31
43572150,31
43605774,35
43592999,35
43572152,31
43595801,35
43504898,27
43525793,30
43580578,33
43607270,36
43573787,31
43576414,31
43576357,31
43583506,33
43604708,35
43432001,23
43447316,23
43567988,31
43549799,30
43530147,30
43600218,35
43585122,35
43605139,35
43597823,35
43606198,35
43576993,32
43575407,31
43311378,18
43538894,30
43438060,23
43434254,23
43397435,22
43603648,35
43559206,30
43605526,35
43474796,26
43445409,23
43583219,33
43454861,23
43553499,30
43593292,35
43536957,30
43546843,30
43580457,33
43539786,30
43517440,28
43583470,33
43593137,35
43555340,30
43542948,30
43607490,36
43607564,36
43548650,30
43597642,35
43541592,30
43453370,23
43608934,36
43468575,24
43590989,35
43596808,35
43592237,35
43600582,35
43605138,35
43578277,32
43564034,30
43561408,30
43561486,30
43583913,34
43533539,30
43533746,30
43608192,36
43605392,35
43547614,30
43575568,31
43602775,35
43563422,30
43599928,35
43602777,35
43602746,35
43560646,30
43605532,35
43609747,36
43542507,30
43598329,35
43604189,35
43577607,32
43608458,36
43607017,36
43586195,35
43569321,31
43495195,26
43601652,35
43598903,35
43555410,30
43608664,36
43608698,36
43493579,26
43586453,35
43565565,31
43607491,36
43541418,30
43596491,35
43592154,35
43608936,36
43600456,35
43610841,36
43583749,34
43571573,31
43594091,35
43437467,23
43561391,30
43524941,30
43518522,28
43528538,30
43609420,36
43586031,35
43542369,30
43599981,35
43465360,24
43608466,36
43491757,26
43525640,30
43597317,35
43607099,36
43588886,35
43602966,35
43611440,36
43516155,28
43566546,31
43562322,30
43530181,30
43559520,30
43610134,36
43601721,35
43607489,36
43527327,30
43597555,35
43613103,36
43607504,36
43605941,35
43572270,31
43590537,35
43603186,35
43604678,35
43607565,36
43608874,36
43596552,35
43464355,24
43566766,31
43603350,35
43583755,34
43577240,32
43608945,36
43597716,35
43586581,35
43592074,35
43600558,35
43509739,27
43591278,35
43602394,35
43593695,35
43611817,36
43588284,35
43588296,35
43543672,30
43580146,33
43555857,30
43358553,21
43443633,23
43468877,24
43483063,26
43564522,31
43600835,35
43490396,26
43564589,31
43564532,31
43525732,30
43598316,35
43573342,31
43542242,30
43590101,35
43586080,35
43546844,30
43528401,30
43538634,30
43605682,35
43605681,35
43576449,31
43590378,35
43577746,32
43544259,30
43599043,35
43608697,36
43608875,36
43608876,36
43607879,36
43554523,30
43608940,36
43608935,36
43607801,36
43596630,35
43577290,32
43591277,35
43603389,35
43574115,31
43518418,28
43597889,35
43569844,31
43588191,35
43458029,23
43459452,23
43612060,36
43608467,36
43612242,36
43591414,35
43611141,36
43577608,32
43598301,35
43201621,11
43601286,35
43606912,36
43604188,35
43614119,36
43500299,27
43605754,35
43539579,30
43593000,35
43494974,26
43604624,35
43586374,35
43599028,35
43526080,30
43540387,30
43583586,33
43593763,35
43596423,35
43513485,27
43614506,36
43592153,35
43610695,36
43605100,35
43608941,36
43611816,36
43608064,36
43614523,36
43533243,30
43583782,34
43571490,31
43571488,31
43603418,35
43577337,32
43540684,30
43592268,35
43417115,22
43515704,28
43525253,30
43514241,28
43566182,31
43591530,35
43571918,31
43574787,31
43573095,31
43599980,35
43599982,35
43588891,35
43542487,30
43564772,31
43612444,36
43431584,23
43595917,35
43614177,36
43611332,36
43616877,36
43552585,30
43614185,36
43597597,35
43506663,27
43601528,35
43614312,36
43558327,30
43614356,36
43610135,36
43563965,30
43507863,27
43603125,35
43591144,35
43513324,27
43596422,35
43537479,30
43596807,35
43599355,35
43602278,35
43600479,35
43564126,30
43603313,35
43605189,35
43607878,36
43610848,36
43583770,34
43614610,36
43563000,30
43592248,35
43603276,35
43599680,35
43598032,35
43556092,30
43561575,30
43540937,30
43605478,35
43602748,35
43606733,36
43605533,35
43605534,35
43436780,23
43583262,33
43615232,36
43567656,31
43564771,31
43609662,36
43587365,35
43605755,35
43590103,35
43614178,36
43614176,36
43595918,35
43597695,35
43462855,23
43550129,30
43492232,26
43586547,35
43593696,35
43603277,35
43587969,35
43582334,33
43527698,30
43610842,36
43577235,32
43569845,31
43609094,36
43563330,30
43583916,34
43597890,35
43575569,31
43612059,36
43495984,27
43563451,30
43611083,36
43423260,23
43578757,32
43617923,36
43609669,36
43586102,35
43606914,36
43618207,36
43545154,30
43611306,36
43611330,36
43541426,30
43605773,35
43604537,35
43605875,35
43572279,31
43501314,27
43585121,35
43604625,35
43536029,30
43593703,35
43596636,35
43563861,30
43505202,27
43619089,36
43591159,35
43602462,35
43606190,35
43617398,36
43619163,36
43569842,31
43619273,36
43496837,27
43574674,31
43580242,33
43619345,36
43581301,33
43602588,35
43612053,36
43605523,35
43545390,30
43600836,35
43609422,36
43564729,31
43614000,36
43564764,31
43574114,31
43534061,30
43604071,35
43609832,36
43609746,36
43618414,36
43540075,30
43601678,35
43614313,36
43611435,36
43614326,36
43590813,35
43616108,36
43568382,31
43580839,33
43618830,36
43543673,30
43579671,33
43568473,31
43596777,35
43568471,31
43608887,36
43532023,30
43596635,35
43609008,36
43593706,35
43611792,36
43581072,33
43619088,36
43613589,36
43609093,36
43568921,31
43547417,30
43421251,23
43536447,30
43617727,36
43616601,36
43578550,32
43536486,30
43608336,36
43608335,36
43611142,36
43468082,24
43561432,30
43609699,36
43543927,30
43552409,30
43583385,33
43531330,30
43611434,36
43614184,36
43621167,36
43618475,36
43619869,36
43225999,13
43602118,35
43571117,31
43618836,36
43622862,36
43579816,33
43585539,35
43596551,35
43554330,30
43606116,35
43580046,33
43571394,31
43623031,36
43529482,30
43581103,33
43441031,23
43550317,30
43622190,36
43602736,35
43616688,36
43589908,35
43606732,36
43525777,30
43575932,31
43581728,33
43516873,28
43573341,31
43619686,36
43474797,26
43604707,35
43537363,30
43614192,36
43604535,35
43608582,36
43522999,30
43590697,35
43618643,36
43617119,36
43582087,33
43525726,30
43593764,35
43611611,36
43619960,36
43614482,36
43622814,36
43624602,36
43518185,28
43617337,36
43622890,36
43622936,36
43582659,33
43592235,35
43586651,35
43552987,30
43545375,30
43468051,24
43521298,29
43568957,31
43540930,30
43457842,23
43600795,35
43619412,36
43552197,30
43602776,35
43557853,30
43541080,30
43549547,30
43516239,28
43622432,36
43618208,36
43616878,36
43576354,31
43619684,36
43572314,31
43586211,35
43577733,32
43614412,36
43566745,31
43619015,36
43570966,31
43604905,35
43489790,26
43622755,36
43583846,34
43622840,36
43619274,36
43610298,36
43622937,36
43617378,36
43575523,31
43606624,36
43591560,35
43591557,35
43574784,31
43505587,27
43573304,31
43623506,36
43574785,31
43561896,30
43570468,31
43514151,28
43527026,30
43623662,36
43612733,36
43614120,36
43597319,35
43610214,36
43622550,36
43625435,36
43584935,35
43617098,36
43615767,36
43509318,27
43610215,36
43540293,30
43601874,35
43523432,30
43617120,36
43611610,36
43614411,36
43624383,36
43622841,36
43611793,36
43572628,31
43619160,36
43622867,36
43536230,30
43568648,31
43602463,35
43465340,24
43495936,27
43577347,32
43625824,36
43622080,36
43578429,32
43441417,23
43560472,30
43596988,35
43605387,35
43591474,35
43622307,36
43557801,30
43509145,27
43524466,30
43522808,30
43550855,30
43588825,35
43622503,36
43628002,36
43368421,21
43618485,36
43615572,36
43608755,36
43614314,36
43628290,36
43586432,35
43603163,35
43621643,36
43600506,35
43611684,36
43523433,30
43594969,35
43622891,36
43510811,27
43596502,35
43490827,26
43586706,35
43554329,30
43622938,36
43614524,36
43603429,35
43577285,32
43610840,36
43606191,35
43605341,35
43628576,36
43614643,36
43614579,36
43529755,30
43516874,28
43588621,35
43561785,30
43559205,30
43563450,30
43616687,36
43613905,36
43573829,31
43629039,36
43626305,36
43503240,27
43564964,31
43628092,36
43600154,35
43619760,36
43600292,35
43601651,35
43476577,26
43570988,31
43507740,27
43488207,26
43621499,36
43583529,33
43572627,31
43589308,35
43604895,35
43619959,36
43622861,36
43622869,36
43616328,36
43530395,30
43608968,36
43562887,30
43625711,36
43536165,30
43614642,36
43596806,35
43399232,22
43586794,35
43463425,24
43591706,35
43547449,30
43569020,31
43591531,35
43555236,30
43600153,35
43521629,29
43608665,36
43615309,36
43628003,36
43594367,35
43561812,30
43612732,36
43628068,36
43607271,36
43570331,31
43607589,36
43593781,35
43518902,28
43603070,35
43601873,35
43629702,36
43604379,35
43631078,36
43604897,35
43628329,36
43599298,35
43600504,35
43571395,31
43532024,30
43571393,31
43605126,35
43566799,31
43616391,36
43563324,30
43485812,26
43533422,30
43588690,35
43500701,27
43574588,31
43584050,34
43583188,33
43631686,37
43592457,35
43502742,27
43612241,36
43606906,36
43612454,36
43615345,36
43588892,35
43530024,30
43432301,23
43601341,35
43549587,30
43618209,36
43586103,35
43628091,36
43632438,37
43537355,30
43590376,35
43492629,26
43629848,36
43629849,36
43620045,36
43629994,36
43585359,35
43622813,36
43606033,35
43540498,30
43617335,36
43616295,36
43534870,30
43593690,35
43585538,35
43619346,36
43630493,36
43578480,32
43547448,30
43600837,35
43581607,33
43626031,36
43627850,36
43617925,36
43591750,35
43626307,36
43623606,36
43584371,34
43632007,37
43518967,28
43621056,36
43612731,36
43601343,35
43602965,35
43611331,36
43600172,35
43524527,30
43607505,36
43617148,36
43631111,36
43631077,36
43631110,36
43554432,30
43571248,31
43624603,36
43603417,35
43583746,34
43593835,35
43589285,35
43632992,37
43625721,36
43619239,36
43610694,36
43555016,30
43603567,35
43622188,36
43615136,36
43616753,36
43598299,35
43552305,30
43623175,36
43627881,36
43627885,36
43612316,36
43571950,31
43612446,36
43545389,30
43589858,35
43601527,35
43633607,37
43602922,35
43563640,30
43609926,36
43629481,36
43605753,35
43619868,36
43537364,30
43622745,36
43597556,35
43572417,31
43635430,37
43568453,31
43633915,37
43547127,30
43632810,37
43614550,36
43630348,36
43565491,31
43617389,36
43554536,30
43577236,32
43628578,36
43540884,30
43499913,27
43578755,32
43602591,35
43587027,35
43633347,37
43583062,33
43612453,36
43630540,36
43625030,36
43617979,36
43373517,21
43542115,30
43634560,37
43605535,35
43539257,30
43617924,36
43615310,36
43632006,37
43573464,31
43619622,36
43619687,36
43601430,35
43611439,36
43554537,30
43626746,36
43586257,35
43632380,37
43601950,35
43627053,36
43618486,36
43591925,35
43632381,37
43500676,27
43599186,35
43635358,37
43636667,37
43617121,36
43600430,35
43636665,37
43635537,37
43635539,37
43524873,30
43614522,36
43602379,35
43593931,35
43599385,35
43541598,30
43622892,36
43630167,36
43586526,35
43617397,36
43529483,30
43561165,30
43568788,31
43624715,36
43606197,35
43631321,36
43635984,37
43605127,35
43561411,30
43603650,35
43612054,36
43441167,23
43602807,35
43561898,30
43636332,37
43634899,37
43615571,36
43590120,35
43468995,24
43445782,23
43598901,35
43618619,36
43545652,30
43509317,27
43572271,31
43580782,33
43621461,36
43594814,35
43626997,36
43604380,35
43589238,35
43624488,36
43610378,36
43582443,33
43583745,34
43632832,37
43630168,36
43590790,35
43619050,36
43593930,35
43606214,35
43600457,35
43625774,36
43594009,35
43608967,36
43613649,36
43466183,24
43569038,31
43511011,27
43603707,35
43591559,35
43373514,21
43603705,35
43550568,30
43555015,30
43632063,37
43610259,36
43490397,26
43452611,23
43636375,37
43630808,36
43601342,35
43637461,37
43597314,35
43623455,36
43581914,33
43586116,35
43622433,36
43636392,37
43618173,36
43636388,37
43632309,37
43550074,30
43593229,35
43610113,36
43636666,37
43621500,36
43635360,37
43583476,33
43616109,36
43636668,37
43621644,36
43607739,36
43635538,37
43618837,36
43621821,36
43526079,30
43578182,32
43620046,36
43558540,30
43627429,36
43638757,37
43616138,36
43558532,30
43613662,36
43591366,35
43491373,26
43637042,37
43620411,36
43508703,27
43592458,35
43614790,36
43636035,37
43623122,36
43574676,31
43637040,37
43634561,37
43584304,34
43614974,36
43627977,36
43631685,37
43526070,30
43640383,37
43605756,35
43609697,36
43629138,36
43628004,36
43617980,36
43631987,37
43619761,36
43634900,37
43562323,30
43536740,30
43556002,30
43602155,35
43589090,35
43637715,37
43529118,30
43634976,37
43638006,37
43610299,36
43637967,37
43626986,36
43516154,28
43622653,36
43626747,36
43567962,31
43590504,35
43539787,30
43637935,37
43629703,36
43622654,36
43600353,35
43626987,36
43632490,37
43633916,37
43608736,36
43578079,32
43565575,31
43639597,37
43638533,37
43638650,37
43619164,36
43586652,35
43412772,22
43634154,37
43598154,35
43625823,36
43588618,35
43637268,37
43584049,34
43578758,32
43495025,26
43482068,26
43583303,33
43567205,31
43602747,35
43625330,36
43602923,35
43633609,37
43622355,36
43633605,37
43580604,33
43619685,36
43619624,36
43590200,35
43625329,36
43642055,37
43597413,35
43586153,35
43628259,36
43555261,30
43564590,31
43566765,31
43621168,36
43637882,37
43565501,31
43637881,37
43640931,37
43623864,36
43614327,36
43635359,37
43590762,35
43636664,37
43639488,37
43574453,31
43611683,36
43632809,37
43623022,36
43592217,35
43639532,37
43621792,36
43582658,33
43616215,36
43619087,36
43632993,37
43614549,36
43592250,35
43631305,36
43620196,36
43411876,22
43530843,30
43580239,33
43634360,37
43570409,31
43561787,30
43580241,33
43561655,30
43604070,35
43641890,37
43619581,36
43622431,36
43625197,36
43588824,35
43641946,37
43590535,35
43626598,36
43626599,36
43609663,36
43552664,30
43636428,37
43597315,35
43587379,35
43595894,35
43617097,36
43610114,36
43632456,37
43642247,37
43596575,35
43637934,37
43641049,37
43642246,37
43631049,36
43604716,35
43641131,37
43607738,36
43593704,35
43627052,36
43595070,35
43635647,37
43634042,37
43633977,37
43633978,37
43529117,30
43575408,31
43551869,30
43630349,36
43594174,35
43575649,31
43608191,36
43605388,35
43637210,37
43636222,37
43611120,36
43627918,36
43641785,37
43643088,37
43630606,36
43595334,35
43324866,19
43633496,37
43611305,36
43636269,37
43641889,37
43589857,35
43633495,37
43629140,36
43641936,37
43600171,35
43625219,36
43573850,31
43642046,37
43637883,37
43642085,37
43636331,37
43585093,35
43583477,33
43637966,37
43643455,37
43591835,35
43599026,35
43642118,37
43424956,23
43608636,36
43642179,37
43644985,37
43608754,36
43628260,36
43598875,35
43571566,31
43529245,30
43622744,36
43632710,37
43642305,37
43565492,31
43641227,37
43639524,37
43633965,37
43641254,37
43589403,35
43608737,36
43619051,36
43613648,36
43618963,36
43638758,37
43639688,37
43625719,36
43630347,36
43494967,26
43623032,36
43580054,33
43574454,31
43557571,30
43639887,37
43620412,36
43522300,30
43554979,30
43644539,37
43627806,36
43636268,37
43634562,37
43629139,36
43581915,33
43553898,30
43628069,36
43588893,35
43601142,35
43646245,37
43642104,37
43625196,36
43605801,35
43568047,31
43643620,37
43643579,37
43644986,37
43583528,33
43642183,37
43645011,37
43631050,36
43645142,37
43646698,37
43639533,37
43645144,37
43638440,37
43639620,37
43616392,36
43627315,36
43639598,37
43633036,37
43647124,37
43638649,37
43568170,31
43562963,30
43638627,37
43472620,25
43598185,35
43518520,28
43504560,27
43603565,35
43644514,37
43642681,37
43587105,35
43547669,30
43605525,35
43643056,37
43617978,36
43606623,36
43637334,37
43586076,35
43632044,37
43647514,37
43615231,36
43607221,36
43646242,37
43547266,30
43637880,37
43576358,31
43633676,37
43611433,36
43642109,37
43590199,35
43643621,37
43524630,30
43644947,37
43631103,36
43579341,33
43625368,36
43643603,37
43611365,36
43624180,36
43594547,35
43633751,37
43586452,35
43532947,30
43560919,30
43624381,36
43571249,31
43632491,37
43600603,35
43621823,36
43641255,37
43628481,36
43647050,37
43645274,37
43648013,37
43563223,30
43591365,35
43589650,35
43605393,35
43494052,26
43504794,27
43644515,37
43575648,31
43617595,36
43553321,30
43469256,24
43227705,13
43572034,31
43625031,36
43626306,36
43609270,36
43572151,31
43644781,37
43644783,37
43593230,35
43643338,37
43634977,37
43553542,30
43560799,30
43634924,37
43514754,28
43622644,36
43610115,36
43646387,37
43605883,35
43490821,26
43631100,36
43603069,35
43647813,37
43571329,31
43644945,37
43611583,36
43613102,36
43632711,37
43521995,30
43627084,36
43635429,37
43604651,35
43645088,37
43607836,36
43546040,30
43645133,37
43649460,37
43644008,37
43569680,31
43616525,36
43610788,36
43482828,26
43641599,37
43591429,35
43620326,36
43370580,21
43584087,34
43641787,37
43587104,35
43637208,37
43628978,36
43486410,26
43612317,36
43599929,35
43605524,35
43648697,37
43576048,31
43605619,35
43643253,37
43555195,30
43641972,37
43614053,36
43594568,35
43641947,37
43646317,37
43643254,37
43618886,36
43626735,36
43649083,37
43649084,37
43646246,37
43643602,37
43625367,36
43636631,37
43514983,28
43647817,37
43544297,30
43645036,37
43579905,33
43646657,37
43632439,37
43632761,37
43642261,37
43646577,37
43614260,36
43641132,37
43646700,37
43589286,35
43646996,37
43624714,36
43593673,35
43647051,37
43644304,37
43647125,37
43645227,37
43647126,37
43603214,35
43598101,35
43594244,35
43639889,37
43459592,23
43651382,37
43588688,35
43609419,36
43645867,37
43457840,23
43525639,30
43645868,37
43619510,36
43630539,36
43640382,37
43497163,27
43644782,37
43623921,36
43641945,37
43650415,37
43595746,35
43643456,37
43602857,35
43550128,30
43568478,31
43647645,37
43589037,35
43639296,37
43646294,37
43643629,37
43600359,35
43599297,35
43630082,36
43638411,37
43649722,37
43627314,36
43648001,37
43649672,37
43622868,36
43639621,37
43605188,35
43586548,35
43575735,31
43605427,35
43611942,36
43569044,31
43648191,37
43620325,36
43648463,37
43589781,35
43645675,37
43636391,37
43653073,37
43584372,34
43566311,31
43646076,37
43643335,37
43623922,36
43634922,37
43652005,37
43642047,37
43604715,35
43642180,37
43650577,37
43652230,37
43650631,37
43541425,30
43569565,31
43603053,35
43649523,37
43591026,35
43629993,36
43644027,37
43562962,30
43630296,36
43512697,27
43581104,33
43644220,37
43571565,31
43639650,37
43580838,33
43652705,37
43636738,37
43648075,37
43616526,36
43540685,30
43485617,26
43635995,37
43586792,35
43633251,37
43651164,37
43480374,26
43651271,37
43637267,37
43648543,37
43652982,37
43642943,37
43587380,35
43650362,37
43538633,30
43649120,37
43591971,35
43622756,36
43645037,37
43643628,37
43603215,35
43611685,36
43613663,36
43514872,28
43523876,30
43635986,37
43554444,30
43486349,26
43554891,30
43619413,36
43633253,37
43561654,30
43650130,37
43584161,34
43652983,37
43623402,36
43627880,36
43647440,37
43567749,31
43615346,36
43623663,36
43651582,37
43650363,37
43654370,37
43612891,36
43643370,37
43633606,37
43634923,37
43570832,31
43584934,35
43628200,36
43520535,28
43614357,36
43593402,35
43590890,35
43628278,36
43653587,37
43568479,31
43652360,37
43607740,36
43610320,36
43635816,37
43610789,36
43566818,31
43638532,37
43652749,37
43609044,36
43572867,31
43622079,36
43642728,37
43647441,37
43651381,37
43648699,37
43653004,37
43518526,28
43605642,35
43631988,37
43584370,34
43647513,37
43616879,36
43619619,36
43647590,37
43569478,31
43651737,37
43543928,30
43646075,37
43595953,35
43623918,36
43649240,37
43586256,35
43650576,37
43593401,35
43586376,35
43633781,37
43632808,37
43653490,37
43655153,37
43645134,37
43603185,35
43621822,36
43633967,37
43585331,35
43652750,37
43655476,37
43613588,36
43577284,32
43546460,30
43588556,35
43648055,37
43592267,35
43633067,37
43652800,37
43594195,35
43652799,37
43623121,36
43633342,37
43641592,37
43653883,37
43627804,36
43608235,36
43627851,36
43644663,37
43540941,30
43605420,35
43657063,37
43543219,30
43597194,35
43645962,37
43654371,37
43628070,36
43598876,35
43634901,37
43595952,35
43649137,37
43654633,37
43602924,35
43589133,35
43639297,37
43649382,37
43611584,36
43610379,36
43653489,37
43656241,37
43624382,36
43639368,37
43622796,36
43574012,31
43587845,35
43635664,37
43625603,36
43574013,31
43634043,37
43658295,37
43607588,36
43391843,22
43638648,37
43580257,33
43594194,35
43580256,33
43633354,37
43583033,33
43600796,35
43655698,37
43614996,36
43558326,30
43645945,37
43581727,33
43581367,33
43644832,37
43583265,33
43658745,37
43650188,37
43649239,37
43647620,37
43653199,37
43647734,37
43654874,37
43535130,30
43623923,36
43576047,31
43653311,37
43656198,37
43619899,36
43622655,36
43646658,37
43618476,36
43647816,37
43653449,37
43645228,37
43659074,37
43659075,37
43642239,37
43633854,37
43660696,37
43656324,37
43658063,37
43614609,36
43644026,37
43644305,37
43603430,35
43639649,37
43628577,36
43594020,35
43516403,28
43636037,37
43636036,37
43648192,37
43605391,35
43591490,35
43647294,37
43642727,37
43655621,37
43641698,37
43633355,37
43617728,36
43519552,28
43622356,36
43608236,36
43561656,30
43659618,37
43659820,37
43619582,36
43645946,37
43522505,30
43607015,36
43645830,37
43606966,36
43614049,36
43538439,30
43608581,36
43618232,36
43618233,36
43560875,30
43637624,37
43603919,35
43644946,37
43466789,24
43513397,27
43642057,37
43642181,37
43658947,37
43641050,37
43593293,35
43550075,30
43636630,37
43659076,37
43660803,37
43632760,37
43656199,37
43645171,37
43619103,36
43583807,34
43653542,37
43594010,35
43541839,30
43602277,35
43618592,36
43625720,36
43655504,37
43658144,37
43639689,37
43639664,37
43641509,37
43540425,30
43622081,36
43596989,35
43605419,35
43597059,35
43630567,36
43584062,34
43638863,37
43622189,36
43655727,37
43591492,35
43651290,37
43595333,35
43659745,37
43662705,37
43658603,37
43604236,35
43604234,35
43653163,37
43657094,37
43658746,37
43611421,36
43619988,36
43649138,37
43654875,37
43658888,37
43650571,37
43616881,36
43624489,36
43656323,37
43661868,37
43604906,35
43652447,37
43638412,37
43646997,37
43663934,37
43614680,36
43608065,36
43569333,31
43611941,36
43648193,37
43625826,36
43617596,36
43637623,37
43650129,37
43658555,37
43640108,37
43651291,37
43641700,37
43662704,37
43659963,37
43601143,35
43627973,36
43593279,35
43662819,37
43641973,37
43530282,30
43632062,37
43570987,31
43626996,36
43650531,37
43570830,31
43625484,36
43625434,36
43650653,37
43588011,35
43617152,36
43642321,37
43639487,37
43621462,36
43663523,37
43646699,37
43658081,37
43594019,35
43633066,37
43617336,36
43638626,37
43644296,37
43663668,37
43658125,37
43605340,35
43658126,37
43661066,37
43638366,37
43624644,36
43508515,27
43515663,28
43653794,37
43653796,37
43571805,31
43609698,36
43659617,37
43644540,37
43656874,37
43578649,32
43577750,32
43640415,37
43658630,37
43581726,33
43637462,37
43609982,36
43644763,37
43662820,37
43636374,37
43661514,37
43618591,36
43573285,31
43651738,37
43633885,37
43618174,36
43639286,37
43646793,37
43657797,37
43665880,37
43629850,36
43661734,37
43652189,37
43661775,37
43663546,37
43479810,26
43666257,37
43648015,37
43666436,37
43648014,37
43606215,35
43604898,35
43596629,35
43648097,37
43649721,37
43575477,31
43575448,31
43628479,36
43617377,36
43655619,37
43619365,36
43666788,37
43571806,31
43564664,31
43656634,37
43549289,30
43580603,33
43658556,37
43642013,37
43662433,37
43654141,37
43645961,37
43653071,37
43640414,37
43659819,37
43583187,33
43605802,35
43641937,37
43661512,37
43622643,36
43646241,37
43476576,26
43598900,35
43642116,37
43664461,37
43653310,37
43586060,35
43539862,30
43627085,36
43641294,37
43661785,37
43590679,35
43617243,36
43638439,37
43566744,31
43606117,35
43663470,37
43666295,37
43645259,37
43645233,37
43663602,37
43647202,37
43569843,31
43663669,37
43617390,36
43658143,37
43661025,37
43650878,37
43616527,36
43652706,37
43613732,36
43569821,31
43664002,37
43641699,37
43583206,33
43563331,30
43597280,35
43586079,35
43622308,36
43648464,37
43647288,37
43614078,36
43648462,37
43606727,36
43644516,37
43651269,37
43659746,37
43581366,33
43588732,35
43651366,37
43627948,36
43668375,37
43647589,37
43566287,31
43667009,37
43667069,37
43644755,37
43637717,37
43653355,37
43654266,37
43596252,35
43651617,37
43643337,37
43660496,37
43644762,37
43506516,27
43642175,37
43646659,37
43661787,37
43666217,37
43499335,27
43555409,30
43570394,31
43653646,37
43600533,35
43658082,37
43669248,37
43653586,37
43588295,35
43655508,37
43608944,36
43655503,37
43636739,37
43635985,37
43633211,37
43633252,37
43659364,37
43611130,36
43662254,37
43554978,30
43666883,37
43623403,36
43653005,37
43658554,37
43583338,33
43586115,35
43667022,37
43605680,35
43647439,37
43662681,37
43608457,36
43658733,37
43664320,37
43647591,37
43600028,35
43654424,37
43606913,36
43534059,30
43627972,36
43595747,35
43623917,36
43605884,35
43668583,37
43643087,37
43591970,35
43637856,37
43589092,35
43597256,35
43667295,37
43644948,37
43631064,36
43663343,37
43669044,37
43636629,37
43660802,37
43639489,37
43652231,37
43633884,37
43661999,37
43489789,26
43611616,36
43666413,37
43611615,36
43630251,36
43664805,37
43641507,37
43646945,37
43648076,37
43667679,37
43612208,36
43620262,36
43648190,37
43474989,26
43581606,33
43665283,37
43662682,37
43639163,37
43642942,37
43631989,37
43661602,37
43641971,37
43657247,37
43621120,36
43668437,37
43647646,37
43657338,37
43590536,35
43649110,37
43531970,30
43546712,30
43651836,37
43654635,37
43572056,31
43540114,30
43668566,37
43658946,37
43666123,37
43652358,37
43658948,37
43661774,37
43666218,37
43655104,37
43660697,37
43550021,30
43661786,37
43663524,37
43667603,37
43667548,37
43645170,37
43653645,37
43658064,37
43644297,37
43633966,37
43620138,36
43639590,37
43628844,36
43661224,37
43592555,35
43553169,30
43655699,37
43670785,37
43651365,37
43667066,37
43640384,37
43565261,31
43671080,37
43671079,37
43601728,35
43664319,37
43653164,37
43665657,37
43669990,37
43596149,35
43610321,36
43649200,37
43619909,36
43647687,37
43665950,37
43644009,37
43628280,36
43642073,37
43663483,37
43648002,37
43659120,37
43641229,37
43653641,37
43559999,30
43672103,37
43673168,37
43663933,37
43583503,33
43638564,37
43662098,37
43642682,37
43577667,32
43666884,37
43550853,30
43636387,37
43658760,37
43583032,33
43630763,36
43672622,37
43672689,37
43622306,36
43669896,37
43669831,37
43653072,37
43672749,37
43668306,37
43668615,37
43661691,37
43590377,35
43611379,36
43665800,37
43520310,28
43668763,37
43666003,37
43661708,37
43653413,37
43625483,36
43670193,37
43625740,36
43588321,35
43646593,37
43669125,37
43600518,35
43652359,37
43659165,37
43645132,37
43639525,37
43599638,35
43673215,37
43673127,37
43673214,37
43619309,36
43653793,37
43662099,37
43619394,36
43633346,37
43566128,31
43656635,37
43669661,37
43656866,37
43666882,37
43669656,37
43561693,30
43468914,24
43637455,37
43670821,37
43664219,37
43555014,30
43651383,37
43570369,31
43641844,37
43558334,30
43671124,37
43642010,37
43667068,37
43667067,37
43665658,37
43671057,37
43643369,37
43672687,37
43650570,37
43671320,37
43660104,37
43598682,35
43615768,36
43626734,36
43668737,37
43652081,37
43611366,36
43667296,37
43658889,37
43671750,37
43657711,37
43588012,35
43650612,37
43672968,37
43663463,37
43609045,36
43675891,37
43669064,37
43593674,35
43639663,37
43566936,31
43675088,37
43631320,36
43603351,35
43670474,37
43635996,37
43533540,30
43664030,37
43630494,36
43656629,37
43676421,37
43630492,36
43663991,37
43560760,30
43627917,36
43637209,37
43667190,37
43641888,37
43644831,37
43609831,36
43657248,37
43665624,37
43662740,37
43675575,37
43675509,37
43572142,31
43576353,31
43671466,37
43646293,37
43622797,36
43607837,36
43530263,30
43663344,37
43641048,37
43614578,36
43650696,37
43622857,36
43549097,30
43601872,35
43572658,31
43663468,37
43631063,36
43675924,37
43662000,37
43670338,37
43659119,37
43672038,37
43616375,36
43606165,35
43536083,30
43634153,37
43554892,30
43664032,37
43661225,37
43675224,37
43667828,37
43620673,36
43652991,37
43669730,37
43482074,26
43601677,35
43651584,37
43591664,35
43672605,37
43642103,37
43634703,37
43660083,37
43594692,35
43625266,36
43676918,37
43674271,37
43618642,36
43662971,37
43475171,26
43583339,33
43646388,37
43668738,37
43642108,37
43642107,37
43675730,37
43668762,37
43568144,31
43653450,37
43593316,35
43675767,37
43677218,37
43636429,37
43667370,37
43664494,37
43622855,36
43678642,37
43588013,35
43457172,23
43675984,37
43674794,37
43678782,37
43593479,35
43630249,36
43653640,37
43655477,37
43619310,36
43666789,37
43575734,31
43482936,26
43662359,37
43651163,37
43616752,36
43678139,37
43570370,31
43627976,36
43539444,30
43676571,37
43670999,37
43619621,36
43643336,37
43601288,35
43612445,36
43656867,37
43630807,36
43615135,36
43632345,37
43602856,35
43640419,37
43671123,37
43580555,33
43674181,37
43646386,37
43675729,37
43563472,30
43671477,37
43647686,37
43652246,37
43652006,37
43678492,37
43679907,37
43677320,37
43677357,37
43646371,37
43650654,37
43671691,37
43674631,37
43611287,36
43670194,37
43646594,37
43660905,37
43663744,37
43673126,37
43670339,37
43667546,37
43604650,35
43634044,37
43645260,37
43663853,37
43635665,37
43677849,37
43659241,37
43675089,37
43613733,36
43619240,36
43650877,37
43630428,36
43429651,23
43541167,30
43524077,30
43645383,37
43619367,36
43614975,36
43670709,37
43668049,37
43680922,37
43651618,37
43616602,36
43679283,37
43676570,37
43671058,37
43627863,36
43661439,37
43676572,37
43612535,36
43665626,37
43668417,37
43668376,37
43449997,23
43661513,37
43625218,36
43657339,37
43676840,37
43626440,36
43660367,37
43672790,37
43649119,37
43662934,37
43637456,37
43638007,37
43619989,36
43643578,37
43678490,37
43649372,37
43681283,37
43670134,37
43660245,37
43680136,37
43616296,36
43650652,37
43678572,37
43633953,37
43579904,33
43674632,37
43675956,37
43678680,37
43653547,37
43625602,36
43649671,37
43661758,37
43666457,37
43653642,37
43675933,37
43663603,37
43681638,37
43625710,36
43609326,36
43623507,36
43664001,37
43585037,35
43675225,37
43676312,37
43642683,37
43666903,37
43664031,37
43669657,37
43598473,35
43605620,35
43676730,37
43598328,35
43648544,37
43591430,35
43667173,37
43583596,33
43639185,37
43642996,37
43678297,37
43675413,37
43662671,37
43595947,35
43583302,33
43653316,37
43645960,37
43640888,37
43662972,37
43667191,37
43654634,37
43661601,37
43650597,37
43650630,37
43591924,35
43572057,31
43590285,35
43680216,37
43655486,37
43630250,36
43655152,37
43681440,37
43590392,35
43606164,35
43683269,37
43674793,37
43616107,36
43628438,36
43630221,36
43681637,37
43683333,37
43678781,37
43628437,36
43677893,37
43614681,36
43537842,30
43597953,35
43599783,35
43664000,37
43591491,35
43683681,37
43592556,35
43608319,36
43670787,37
43683780,37
43683748,37
43672636,37
43681008,37
43668305,37
43600219,35
43672720,37
43649153,37
43614047,36
43671165,37
43671166,37
43561699,30
43673954,37
43657337,37
43682515,37
43650548,37
43676938,37
43558070,30
43671408,37
43640889,37
43682691,37
43614288,36
43598680,35
43666215,37
43678571,37
43571524,31
43674674,37
43680177,37
43675848,37
43655218,37
43635323,37
43660904,37
43666434,37
43659128,37
43663935,37
43609007,36
43608886,36
43667596,37
43656494,37
43635646,37
43672259,37
43677738,37
43666435,37
43631304,36
43641422,37
43681609,37
43610847,36
43602548,35
43622385,36
43678887,37
43677933,37
43676207,37
43661145,37
43679034,37
43641867,37
43631735,37
43683747,37
43678141,37
43627805,36
43634361,37
43683766,37
43641803,37
43609421,36
43679284,37
43671000,37
43672634,37
43647515,37
43682244,37
43668304,37
43437514,23
43644769,37
43672623,37
43672789,37
43676939,37
43682508,37
43668565,37
43513323,27
43641802,37
43611378,36
43664493,37
43662791,37
43663215,37
43639354,37
43633855,37
43666258,37
43616327,36
43679908,37
43661757,37
43666121,37
43672967,37
43661788,37
43680135,37
43682984,37
43681430,37
43530396,30
43644268,37
43674995,37
43630050,36
43680603,37
43677894,37
43630429,36
43535286,30
43623021,36
43589907,35
43678880,37
43676158,37
43531766,30
43679035,37
43656865,37
43675304,37
43686464,38
43684873,37
43680923,37
43675305,37
43682205,37
43547838,30
43606748,36
43659961,37
43632045,37
43669731,37
43672607,37
43672606,37
43609661,36
43609981,36
43660158,37
43653080,37
43570831,31
43582260,33
43681174,37
43676841,37
43652080,37
43669891,37
43514978,28
43657703,37
43621055,36
43664435,37
43679959,37
43640930,37
43632457,37
43666296,37
43639394,37
43639479,37
43601729,35
43686094,39
43687194,38
43647999,37
43675932,37
43686112,39
43683229,37
43661024,37
43677807,37
43409706,22
43613904,36
43608193,36
43676157,37
43673387,37
43638987,37
43670820,37
43669696,37
43668048,37
43670786,37
43574662,31
43678140,37
43686536,38
43577469,32
43683779,37
43580472,33
43687867,38
43675378,37
43653165,37
43681038,37
43678318,37
43668438,37
43676673,37
43593092,35
43670117,37
43685294,37
43669989,37
43674303,37
43506258,27
43682720,37
43688465,40
43432064,23
43647726,37
43664661,37
43650530,37
43600602,35
43677282,37
43671751,37
43649371,37
43678632,37
43642304,37
43646794,37
43681525,37
43638531,37
43653546,37
43591158,35
43648054,37
43686096,39
43680495,37
43686191,39
43686132,39
43666606,37
43655262,37
43557570,30
43678739,37
43620197,36
43625801,36
43569039,31
43445408,23
43627853,36
43665064,37
43686535,38
43684872,37
43668050,37
43625120,36
43602749,35
43605479,35
43675377,37
43556570,30
43687869,38
43609668,36
43675444,37
43682322,37
43611082,36
43681040,37
43682367,37
43678319,37
43685293,37
43675591,37
43633782,37
43681282,37
43599027,35
43672969,37
43687020,38
43678491,37
43652166,37
43647733,37
43684287,37
43688602,40
43630049,36
43680217,37
43677705,37
43669124,37
43664660,37
43661869,37
43686093,39
43678738,37
43675901,37
43630238,36
43686216,39
43672260,37
43641508,37
43672191,37
43398064,22
43611959,36
43666787,37
43678888,37
43689173,40
43657093,37
43684874,37
43627861,36
43636216,37
43676420,37
43652993,37
43687879,38
43653026,37
43644754,37
43682206,37
43609833,36
43552303,30
43681039,37
43671167,37
43682366,37
43686850,38
43689572,40
43642117,37
43662933,37
43671422,37
43665502,37
43686832,38
43685471,37
43652196,37
43608635,36
43661551,37
43682793,37
43617147,36
43640832,37
43569564,31
43660754,37
43653414,37
43673167,37
43633037,37
43684326,37
43684327,37
43630237,36
43681607,37
43669291,37
43681608,37
43655309,37
43681610,37
43625739,36
43630605,36
43656633,37
43614789,36
43608173,36
43584159,34
43670710,37
43690423,40
43690342,40
43636214,37
43595335,35
43690477,40
43683674,37
43686601,38
43591751,35
43570371,31
43555123,30
43630762,36
43683857,37
43650519,37
43692271,40
43692334,40
43664220,37
43675489,37
43667172,37
43687955,38
43689573,40
43678320,37
43565067,31
43577751,32
43689574,40
43676920,37
43685470,37
43665132,37
43686720,38
43602806,35
43679760,37
43675592,37
43655105,37
43679930,37
43658732,37
43596253,35
43681431,37
43679960,37
43671421,37
43689704,40
43688477,40
43682949,37
43679929,37
43638344,37
43667547,37
43685858,39
43641423,37
43616376,36
43631099,36
43523805,30
43691696,40
43664807,37
43638345,37
43540931,30
43692903,40
43637117,37
43614995,36
43647283,37
43692063,40
43687548,38
43678090,37
43689326,40
43611131,36
43690389,40
43683764,37
43626066,36
43692141,40
43658684,37
43680972,37
43657064,37
43687878,38
43675490,37
43658761,37
43646114,37
43671321,37
43614191,36
43693761,40
43538438,30
43640323,37
43686754,38
43674648,37
43669243,37
43678530,37
43691231,40
43691230,40
43642012,37
43601981,35
43675925,37
43590573,35
43643501,37
43692755,40
43656436,37
43678679,37
43674854,37
43686245,39
43523867,30
43639526,37
43631306,36
43594970,35
43549288,30
43591415,35
43645350,37
43634155,37
43482075,26
43692939,40
43453939,23
43694854,40
43642616,37
43694892,40
43626032,36
43615065,36
43693290,40
43611121,36
43612207,36
43615066,36
43678378,37
43682514,37
43648698,37
43670998,37
43681007,37
43686752,38
43695192,40
43693634,40
43679656,37
43673953,37
43679759,37
43681226,37
43689769,40
43677322,37
43670195,37
43691332,40
43680178,37
43684174,37
43673037,37
43681500,37
43692678,40
43641228,37
43666348,37
43674584,37
43639610,37
43677706,37
43671993,37
43683228,37
43686248,39
43686111,39
43686247,39
43686113,39
43588322,35
43681639,37
43563001,30
43688949,40
43659240,37
43465287,24
43572868,31
43692938,40
43694821,40
43693032,40
43633212,37
43650963,37
43683752,37
43650142,37
43687737,38
43686594,38
43650131,37
43577468,32
43631732,37
43694984,40
43681057,37
43693513,40
43574788,31
43604235,35
43684014,37
43695189,40
43644770,37
43650416,37
43613034,36
43693952,40
43664436,37
43664462,37
43643279,37
43663214,37
43678576,37
43649670,37
43694079,40
43674617,37
43586707,35
43638098,37
43689797,40
43674630,37
43659130,37
43663396,37
43643977,37
43691581,40
43686095,39
43680423,37
43660755,37
43673005,37
43687253,38
43686190,39
43695659,40
43675983,37
43659107,37
43695600,40
43597888,35
43623292,36
43585820,35
43567356,31
43695741,40
43577467,32
43507229,27
43655726,37
43695998,40
43676419,37
43642944,37
43662447,37
43689377,40
43689376,40
43598899,35
43647619,37
43598474,35
43680931,37
43612315,36
43681037,37
43570934,31
43693633,40
43695112,40
43692332,40
43576413,31
43685477,37
43623289,36
43636373,37
43682509,37
43662923,37
43693883,40
43686833,38
43642009,37
43685529,37
43505090,27
43649199,37
43677321,37
43695481,40
43694369,40
43659129,37
43614481,36
43642320,37
43687034,38
43688842,40
43678584,37
43630236,36
43692738,40
43674583,37
43698427,40
43687195,38
43695657,40
43689157,40
43697628,40
43641593,37
43664076,37
43673408,37
43669662,37
43664078,37
43694893,40
43693030,40
43694895,40
43683682,37
43586154,35
43625083,36
43576224,31
43665285,37
43590572,35
43696349,40
43693501,40
43561788,30
43696467,40
43662672,37
43664416,37
43693667,40
43631802,37
43661566,37
43653297,37
43689623,40
43642056,37
43672986,37
43670118,37
43653198,37
43671476,37
43686975,38
43666122,37
43666214,37
43601982,35
43697153,40
43689840,40
43646578,37
43686133,39
43695483,40
43681501,37
43585036,35
43675900,37
43585146,35
43698381,40
43671884,37
43590678,35
43698420,40
43698393,40
43666458,37
43678836,37
43588555,35
43613035,36
43641569,37
43692830,40
43689156,40
43662020,37
43697629,40
43641598,37
43659363,37
43670472,37
43506271,27
43698733,40
43681854,37
43687547,38
43698680,40
43698850,40
43491795,26
43645947,37
43631731,37
43693289,40
43656743,37
43598472,35
43603054,35
43675445,37
43676548,37
43687945,38
43665625,37
43614048,36
43660105,37
43689588,40
43661565,37
43692339,40
43681273,37
43368423,21
43677011,37
43698069,40
43684158,37
43688476,40
43632344,37
43688377,40
43652197,37
43688339,40
43691333,40
43700981,40
43684286,37
43689802,40
43641430,37
43666347,37
43646370,37
43674673,37
43663484,37
43670459,37
43691431,40
43697445,40
43697325,40
43677737,37
43625775,36
43628478,36
43611774,36
43608318,36
43608203,36
43653795,37
43680747,37
43678882,37
43665284,37
43673388,37
43628977,36
43661180,37
43694894,40
43697729,40
43693288,40
43697728,40
43640109,37
43683781,37
43650962,37
43699029,40
43687711,38
43696122,40
43622252,36
43680924,37
43675443,37
43690826,40
43672688,37
43595893,35
43693704,40
43679740,37
43623607,36
43692348,40
43571045,31
43693903,40
43699417,40
43649144,37
43685523,37
43688325,40
43663345,37
43694000,40
43681441,37
43638565,37
43669065,37
43691580,40
43691399,40
43692718,40
43694331,40
43673228,37
43701161,40
43700119,40
43577291,32
43638864,37
43614079,36
43703235,40
43689160,40
43639858,37
43642726,37
43689174,40
43686434,38
43698681,40
43682046,37
43376168,21
43687546,38
43693253,40
43686603,38
43673869,37
43669895,37
43687921,38
43700731,40
43682321,37
43693610,40
43650433,37
43587364,35
43695191,40
43699297,40
43653081,37
43693679,40
43685476,37
43607220,36
43633750,37
43696945,40
43689770,40
43698178,40
43684148,37
43678575,37
43677358,37
43597624,35
43694157,40
43678634,37
43601875,35
43663469,37
43671886,37
43671885,37
43650689,37
43660790,37
43670262,37
43680193,37
43650693,37
43647998,37
43663547,37
43639611,37
43659211,37
43536084,30
43689159,40
43703236,40
43684591,37
43703259,40
43703258,40
43693254,40
43673870,37
43614289,36
43671027,37
43690747,40
43605641,35
43692333,40
43697937,40
43694987,40
43676921,37
43697936,40
43686946,38
43697018,40
43631984,37
43700842,40
43689778,40
43622384,36
43689779,40
43702504,40
43698162,40
43698163,40
43703859,40
43694111,40
43673004,37
43697154,40
43658062,37
43703873,40
43683227,37
43705562,40
43689990,40
43701171,40
43644221,37
43613625,36
43566935,31
43611940,36
43687712,38
43704221,40
43704230,40
43633398,37
43687400,38
43642615,37
43683676,37
43693129,40
43686595,38
43689239,40
43592770,35
43650117,37
43698851,40
43683765,37
43686593,38
43640053,37
43587078,35
43566313,31
43643280,37
43589134,35
43633608,37
43695113,40
43702073,40
43682457,37
43692450,40
43595892,35
43682650,37
43652247,37
43685427,37
43685256,37
43695203,40
43619900,36
43678641,37
43669242,37
43691229,40
43697135,40
43700959,40
43689841,40
43683123,37
43692717,40
43683221,37
43691697,40
43701160,40
43697555,40
43583469,33
43613624,36
43647201,37
43567206,31
43650068,37
43677932,37
43479049,26
43608171,36
43697621,40
43704229,40
43683675,37
43614791,36
43701599,40
43644578,37
43609670,36
43571980,31
43686602,38
43689375,40
43634704,37
43692142,40
43706213,40
43693476,40
43695114,40
43625265,36
43702235,40
43628843,36
43697935,40
43703573,40
43637716,37
43692216,40
43695190,40
43659937,37
43699416,40
43699333,40
43677010,37
43694001,40
43684098,37
43553899,30
43705306,40
43661773,37
43688603,40
43594990,35
43617153,36
43621791,36
43681442,37
43678522,37
43701208,40
43683270,37
43670369,37
43677530,37
43618964,36
43698392,40
43697457,40
43646943,37
43645234,37
43664806,37
43610205,36
43695658,40
43701222,40
43704140,40
43689158,40
43705998,40
43666786,37
43608340,36
43676209,37
43516240,28
43690478,40
43693287,40
43669732,37
43706216,40
43611891,36
43681009,37
43667021,37
43638998,37
43619623,36
43703451,40
43687944,38
43702058,40
43685330,37
43681172,37
43707748,40
43617242,36
43699382,40
43707659,40
43699406,40
43686753,38
43693904,40
43709324,40
43705402,40
43618831,36
43706639,40
43700958,40
43631204,36
43703860,40
43705403,40
43698324,40
43705543,40
43698323,40
43706675,40
43645143,37
43630625,36
43670285,37
43689853,40
43655280,37
43549109,30
43706764,40
43701170,40
43650690,37
43678835,37
43650889,37
43705999,40
43704141,40
43576223,31
43675252,37
43692902,40
43701499,40
43709794,40
43631723,37
43707142,40
43703395,40
43686534,38
43628805,36
43695996,40
43552234,30
43678055,37
43622251,36
43693477,40
43692258,40
43687920,38
43587077,35
43706294,40
43690748,40
43651583,37
43671164,37
43665879,37
43707657,40
43707746,40
43679491,37
43704867,40
43678302,37
43689585,40
43709171,40
43699530,40
43676919,37
43639355,37
43678585,37
43702406,40
43699485,40
43692451,40
43709373,40
43700909,40
43593480,35
43693912,40
43590506,35
43703803,40
43677283,37
43680373,37
43600517,35
43686206,39
43691430,40
43705518,40
43579342,33
43684194,37
43694491,40
43695548,40
43703084,40
43650722,37
43650852,37
43663541,37
43705949,40
43667609,37
43532542,30
43663964,37
43586006,35
43680835,37
43701501,40
43693252,40
43707205,40
43708856,40
43707202,40
43700617,40
43707502,40
43668541,37
43706293,40
43711861,40
43711862,40
43709117,40
43709141,40
43688326,40
43662741,37
43666004,37
43693884,40
43649459,37
43684193,37
43684015,37
43709192,40
43710876,40
43575219,31
43686947,38
43700100,40
43683226,37
43677219,37
43684159,37
43705541,40
43675890,37
43698164,40
43678457,37
43709478,40
43691600,40
43675918,37
43673213,37
43656435,37
43701139,40
43708413,40
43701162,40
43683268,37
43703085,40
43674853,37
43674996,37
43606032,35
43692937,40
43623288,36
43709793,40
43647293,37
43701500,40
43707143,40
43619366,36
43662252,37
43689327,40
43707203,40
43695740,40
43711713,40
43641786,37
43684796,37
43694919,40
43651270,37
43697634,40
43704560,40
43708874,40
43710232,40
43693475,40
43673868,37
43578651,32
43713156,41
43690749,40
43639186,37
43711863,40
43703578,40
43698972,40
43693512,40
43709169,40
43642917,37
43710578,40
43607098,36
43682365,37
43705214,40
43699383,40
43700910,40
43688643,40
43650613,37
43674647,37
43712101,40
43684109,37
43638099,37
43688407,40
43694078,40
43682721,37
43686974,38
43705371,40
43700982,40
43661678,37
43712178,40
43702407,40
43577742,32
43708208,40
43711142,40
43694330,40
43712307,40
43709477,40
43689941,40
43657778,37
43667633,37
43695573,40
43557575,30
43662019,37
43664874,37
43656630,37
43583915,34
43588619,35
43600029,35
43609269,36
43552437,30
43709795,40
43703257,40
43630568,36
43670951,37
43697727,40
43708879,40
43711701,40
43701758,40
43644576,37
43627852,36
43676310,37
43676591,37
43627949,36
43613999,36
43682243,37
43706300,40
43637857,37
43699080,40
43695115,40
43700730,40
43684110,37
43611288,36
43693668,40
43665949,37
43659938,37
43566657,31
43674302,37
43652165,37
43709404,40
43706755,40
43594989,35
43701059,40
43682982,37
43628277,36
43691550,40
43644269,37
43706688,40
43709604,40
43714139,41
43686264,39
43695641,40
43558595,30
43548041,30
43589651,35
43556003,30
43679276,37
43637307,37
43669580,37
43715486,41
43715553,41
43704561,40
43676731,37
43715717,41
43701729,40
43672426,37
43667023,37
43592769,35
43714603,41
43692217,40
43710234,40
43710184,40
43687868,38
43710379,40
43714684,41
43690546,40
43681058,37
43696561,40
43699531,40
43709193,40
43693911,40
43716430,41
43667457,37
43620137,36
43712308,40
43686046,39
43710999,40
43708412,40
43686048,39
43686218,39
43715154,41
43709491,40
43714011,41
43630239,36
43680610,37
43669524,37
43661119,37
43644330,37
43666732,37
43709727,40
43707217,40
43686465,38
43639888,37
43701600,40
43687827,38
43700392,40
43715493,41
43658666,37
43608222,36
43682651,37
43690479,40
43678091,37
43710074,40
43706214,40
43710233,40
43715716,41
43711816,40
43621119,36
43711896,40
43703452,40
43700642,40
43683967,37
43716089,41
43536693,30
43672635,37
43682717,37
43711967,40
43714832,41
43714798,41
43705014,40
43714898,41
43678531,37
43689705,40
43709256,40
43716508,41
43698244,40
43702693,40
43661550,37
43628199,36
43672988,37
43714992,41
43642260,37
43712215,40
43713858,41
43710954,40
43717911,41
43671997,37
43687295,38
43675957,37
43667595,37
43701223,40
43692892,40
43616216,36
43592218,35
43670445,37
43666731,37
43620261,36
43597058,35
43715397,41
43690422,40
43714450,41
43708873,40
43717317,41
43694921,40
43636267,37
43666905,37
43600069,35
43706225,40
43717428,41
43687946,38
43580969,33
43668542,37
43612536,36
43675488,37
43702075,40
43714717,41
43686966,38
43699407,40
43707739,40
43634975,37
43696468,40
43702323,40
43698068,40
43711968,40
43667159,37
43679961,37
43672987,37
43698177,40
43685498,37
43663665,37
43703804,40
43694370,40
43716620,41
43715153,41
43684297,37
43697223,40
43684471,37
43663664,37
43706765,40
43667678,37
43692851,40
43659276,37
43663944,37
43663963,37
43631724,37
43681781,37
43715578,41
43670971,37
43714435,41
43690390,40
43715658,41
43708855,40
43711711,40
43715715,41
43653027,37
43714613,41
43640413,37
43548099,30
43711712,40
43701731,40
43708970,40
43706215,40
43715656,41
43633677,37
43717485,41
43717483,41
43660160,37
43650069,37
43713295,41
43696627,40
43650330,37
43632308,37
43714831,41
43612890,36
43720478,41
43714824,41
43709257,40
43699334,40
43670143,37
43720477,41
43683966,37
43650692,37
43684276,37
43712177,40
43666216,37
43717805,41
43708209,40
43668749,37
43691551,40
43650434,37
43683093,37
43684298,37
43717945,41
43695574,40
43670142,37
43698375,40
43599639,35
43652627,37
43690105,40
43580148,33
43719932,41
43718292,41
43715577,41
43708877,40
43608204,36
43704341,40
43717319,41
43679492,37
43700638,40
43715868,41
43690518,40
43698852,40
43700616,40
43703384,40
43667986,37
43713158,41
43672721,37
43704865,40
43716088,41
43713315,41
43661692,37
43699484,40
43698183,40
43714823,41
43662924,37
43658902,37
43681253,37
43721969,41
43705370,40
43680214,37
43686965,38
43601980,35
43714998,41
43686263,39
43720642,41
43701060,40
43680215,37
43697446,40
43713969,41
43682897,37
43708405,40
43702768,40
43664873,37
43717944,41
43717910,41
43720829,41
43717987,41
43692754,40
43709615,40
43698374,40
43719787,41
43714324,41
43660888,37
43655507,37
43555799,30
43670471,37
43639589,37
43692894,40
43659288,37
43585873,35
43711536,40
43677931,37
43625825,36
43709822,40
43698732,40
43718294,41
43644550,37
43650187,37
43684592,37
43695997,40
43714452,41
43715655,41
43574980,31
43638996,37
43722917,41
43721314,41
43703359,40
43703360,40
43693800,40
43656875,37
43692269,40
43696155,40
43651352,37
43656098,37
43614054,36
43720248,41
43700639,40
43711895,40
43568189,31
43686707,38
43686706,38
43537480,30
43714723,41
43692340,40
43720271,41
43668616,37
43541211,30
43719140,41
43723262,41
43639347,37
43708079,40
43671690,37
43686724,38
43702769,40
43708404,40
43715060,41
43714023,41
43652164,37
43722360,41
43712460,40
43717928,41
43686099,39
43720823,41
43695567,40
43717943,41
43723607,41
43714325,41
43630248,36
43625802,36
43709607,40
43686201,39
43709728,40
43706000,40
43720966,41
43647287,37
43651162,37
43704340,40
43693131,40
43661218,37
43721105,41
43724049,41
43675303,37
43671028,37
43644549,37
43722971,41
43724190,41
43721407,41
43724374,41
43710579,40
43682045,37
43660082,37
43717387,41
43682439,37
43710464,40
43713296,41
43703579,40
43718799,41
43717495,41
43703735,40
43682456,37
43679655,37
43682409,37
43712100,40
43712017,40
43709323,40
43714974,41
43657779,37
43638538,37
43719468,41
43720643,41
43694492,40
43709583,40
43701111,40
43689938,40
43714140,41
43485601,26
43720794,41
43699970,40
43725334,41
43711448,40
43641295,37
43697352,40
43669483,37
43627428,36
43536446,30
43692895,40
43708757,40
43694873,40
43723841,41
43600070,35
43717318,41
43665304,37
43721316,41
43701730,40
43722976,41
43721364,41
43724332,41
43716044,41
43717496,41
43725846,41
43720203,41
43706224,40
43724337,41
43670970,37
43710463,40
43650520,37
43717528,41
43718730,41
43689586,40
43721733,41
43626441,36
43710581,40
43716323,41
43718989,41
43699381,40
43649143,37
43713437,41
43723263,41
43723258,41
43693953,40
43714930,41
43696944,40
43685859,39
43682983,37
43723396,41
43655219,37
43625501,36
43713855,41
43722207,41
43681391,37
43680424,37
43702619,40
43670135,37
43714182,41
43677850,37
43709616,40
43706756,40
43675023,37
43681606,37
43718078,41
43695549,40
43725546,41
43635817,37
43725545,41
43540940,30
43725612,41
43721166,41
43703237,40
43681852,37
43703315,40
43718429,41
43723962,41
43721164,41
43722911,41
43721313,41
43715552,41
43588734,35
43651559,37
43692140,40
43723052,41
43708969,40
43684827,37
43720161,41
43711815,40
43717529,41
43681173,37
43724465,41
43699298,40
43709102,40
43681112,37
43714716,41
43723224,41
43726076,41
43694156,40
43686807,38
43681284,37
43719118,41
43682856,37
43700101,40
43717988,41
43727879,41
43726389,41
43664638,37
43722411,41
43725351,41
43684275,37
43714330,41
43728200,41
43644331,37
43677808,37
43630626,36
43709821,40
43678889,37
43673294,37
43725550,41
43606749,36
43725600,41
43663968,37
43708878,40
43724091,41
43638997,37
43652992,37
43707263,40
43722977,41
43555194,30
43683988,37
43680863,37
43678296,37
43713438,41
43673946,37
43707712,40
43653315,37
43699304,40
43707714,40
43709197,40
43723223,41
43686976,38
43670370,37
43724834,41
43713803,41
43692677,40
43688464,40
43719289,41
43649381,37
43683122,37
43645020,37
43727878,41
43727838,41
43705735,40
43689852,40
43716735,41
43713854,41
43723547,41
43695601,40
43712310,40
43720795,41
43709574,40
43657702,37
43655279,37
43705738,40
43588190,35
43676413,37
43675223,37
43707141,40
43725603,41
43728542,41
43669663,37
43728527,41
43728528,41
43722916,41
43726994,41
43605640,35
43715869,41
43724192,41
43721409,41
43697649,40
43704688,40
43728711,41
43721488,41
43701911,40
43717491,41
43704689,40
43721732,41
43702157,40
43707713,40
43707791,40
43719288,41
43719141,41
43651835,37
43661921,37
43712216,40
43713704,41
43702618,40
43689717,40
43706687,40
43717765,41
43715078,41
43712311,40
43722327,41
43723481,41
43680074,37
43649567,37
43729160,41
43675847,37
43725333,41
43729289,41
43701302,40
43597954,35
43723708,41
43706912,40
43684590,37
43681853,37
43653884,37
43714434,41
43718353,41
43723968,41
43718476,41
43718475,41
43669587,37
43728461,41
43627884,36
43725773,41
43689328,40
43710076,40
43729655,41
43721363,41
43717427,41
43649154,37
43666904,37
43680864,37
43724191,41
43723053,41
43728649,41
43714604,41
43707501,40
43706295,40
43690361,40
43683909,37
43683929,37
43716045,41
43707566,40
43728710,41
43696425,40
43727202,41
43710481,40
43720391,41
43546919,30
43723231,41
43730075,41
43730122,41
43721879,41
43721946,41
43728844,41
43712016,40
43722190,41
43521617,29
43728865,41
43720517,41
43727651,41
43700871,40
43699690,40
43727741,41
43695348,40
43672039,37
43707922,40
43675919,37
43665984,37
43715079,41
43686207,39
43723546,41
43706666,40
43697136,40
43730823,41
43631104,36
43712461,40
43714181,41
43718077,41
43688826,40
43628730,36
43729292,41
43638862,37
43700391,40
43598184,35
43703358,40
43729586,41
43722918,41
43690391,40
43722912,41
43721408,41
43724333,41
43722978,41
43729828,41
43692256,40
43665302,37
43650331,37
43658631,37
43724336,41
43727251,41
43732875,41
43696121,40
43710480,40
43702057,40
43623454,36
43640418,37
43731595,41
43727433,41
43723259,41
43730356,41
43645275,37
43682794,37
43699691,40
43724915,41
43658901,37
43671416,37
43708132,40
43720608,41
43714924,41
43561409,30
43722055,41
43722317,41
43585092,35
43699971,40
43687254,38
43659225,37
43695529,40
43701301,40
43671994,37
43454107,23
43571804,31
43507454,27
43635994,37
43718277,41
43726589,41
43634266,37
43734027,41
43732349,41
43732478,41
43728462,41
43656742,37
43710073,40
43609325,36
43732513,41
43718477,41
43701598,40
43681010,37
43715657,41
43720205,41
43606965,36
43720313,41
43731400,41
43732689,41
43552438,30
43732795,41
43720416,41
43721697,41
43730198,41
43668584,37
43727431,41
43684097,37
43714797,41
43733204,41
43660497,37
43720518,41
43709393,40
43733279,41
43731753,41
43731841,41
43733493,41
43705542,40
43733592,41
43729142,41
43725352,41
43729161,41
43728201,41
43645187,37
43670444,37
43678881,37
43650118,37
43726588,41
43566181,31
43734094,41
43724047,41
43718458,41
43735305,41
43735307,41
43728529,41
43734138,41
43734140,41
43673876,37
43735409,41
43671261,37
43696424,40
43708968,40
43734274,41
43566312,31
43732690,41
43707747,40
43657062,37
43730199,41
43639348,37
43682792,37
43685524,37
43730443,41
43687035,38
43731813,41
43716619,41
43706484,40
43717804,41
43713985,41
43681526,37
43569681,31
43734735,41
43713984,41
43697224,40
43670230,37
43729143,41
43732037,41
43711355,40
43729338,41
43732249,41
43725614,41
43692904,40
43731306,41
43683586,37
43721165,41
43580286,33
43734139,41
43685153,37
43597341,35
43729657,41
43726911,41
43728460,41
43711817,40
43710075,40
43735461,41
43735306,41
43720204,41
43732654,41
43710580,40
43735697,41
43727201,41
43714612,41
43734365,41
43678303,37
43734379,41
43626427,36
43731539,41
43661438,37
43721784,41
43681066,37
43672786,37
43734366,41
43714685,41
43700737,40
43685530,37
43700873,40
43681113,37
43675574,37
43737259,41
43724826,41
43737398,41
43707923,40
43688642,40
43725094,41
43734781,41
43683220,37
43717732,41
43733499,41
43659224,37
43737537,41
43605231,35
43737582,41
43732036,41
43701295,40
43673389,37
43661210,37
43704279,40
43614976,36
43734028,41
43678130,37
43732250,41
43734044,41
43734167,41
43725737,41
43735274,41
43735406,41
43358298,21
43721312,41
43710183,40
43718798,41
43738355,42
43710616,40
43718587,41
43724275,41
43727200,41
43669832,37
43730020,41
43717490,41
43727257,41
43720314,41
43728648,41
43714743,41
43704866,40
43712069,40
43709240,40
43726087,41
43736009,41
43720607,41
43682716,37
43691398,40
43737288,41
43734589,41
43690031,40
43734557,41
43727650,41
43719267,41
43703805,40
43734590,41
43666226,37
43621488,36
43684173,37
43723482,41
43733718,41
43737559,41
43719933,41
43733694,41
43619052,36
43727924,41
43723534,41
43736680,41
43701438,40
43681780,37
43672343,37
43715492,41
43721104,41
43738058,43
43737982,43
43736938,41
43738125,43
43732454,41
43714602,41
43726910,41
43715554,41
43734166,41
43611960,36
43727387,41
43658624,37
43732721,41
43614052,36
43665595,37
43738495,42
43667158,37
43671326,37
43597255,35
43685428,37
43552177,30
43666953,37
43660159,37
43738618,42
43649109,37
43643976,37
43730358,41
43734486,41
43728843,41
43678636,37
43735940,41
43740109,42
43720520,41
43647727,37
43728859,41
43740203,42
43723387,41
43701273,40
43731861,41
43736395,41
43716715,41
43698311,40
43638539,37
43714138,41
43722361,41
43731912,41
43728202,41
43731923,41
43622705,36
43616341,36
43708758,40
43739553,42
43692062,40
43697622,40
43718317,41
43718316,41
43663945,37
43575838,31
43644577,37
43684797,37
43732555,41
43707090,40
43732720,41
43739881,42
43738351,42
43739896,42
43739894,42
43739912,42
43734320,41
43689265,40
43700683,40
43728757,41
43741374,42
43626065,36
43731594,41
43728759,41
43734381,41
43730123,41
43598681,35
43702156,40
43724582,41
43710883,40
43700872,40
43721880,41
43614193,36
43689681,40
43693703,40
43702322,40
43570408,31
43733384,41
43725161,41
43667272,37
43628279,36
43705151,40
43740205,42
43702645,40
43740244,42
43719426,41
43635322,37
43677529,37
43711173,40
43736562,41
43686100,39
43680602,37
43687312,38
43645349,37
43737882,43
43704228,40
43706911,40
43704278,40
43561433,30
43740676,42
43737881,43
43690424,40
43732479,41
43728556,41
43740861,42
43729585,41
43725736,41
43697598,40
43686851,38
43671260,37
43740859,42
43722910,41
43738156,43
43735332,41
43711779,40
43620585,36
43735460,41
43522810,30
43703430,40
43732876,41
43727404,41
43676549,37
43721897,41
43715142,41
43738536,42
43628289,36
43742927,42
43727388,41
43742967,42
43671163,37
43739104,42
43739103,42
43740411,42
43698428,40
43661120,37
43583769,34
43736809,41
43650089,37
43743576,44
43715487,41
43676414,37
43729584,41
43671415,37
43742497,42
43743591,44
43732110,41
43687828,38
43721311,41
43658683,37
43742678,42
43721505,41
43739880,42
43730019,41
43734275,41
43650329,37
43742732,42
43686957,38
43735674,41
43685329,37
43703561,40
43687956,38
43738594,42
43732900,41
43742925,42
43741614,42
43671465,37
43740122,42
43730440,41
43735957,41
43731842,41
43727899,41
43703777,40
43743038,42
43596595,35
43717927,41
43616342,36
43714183,41
43733870,41
43691829,40
43745090,44
43694366,40
43719652,41
43684472,37
43579906,33
43587846,35
43690362,40
43732348,41
43729339,41
43743443,44
43734095,41
43740674,42
43735276,41
43690343,40
43737984,43
43743743,44
43740870,42
43718293,41
43701826,40
43715825,41
43736937,41
43731304,41
43732655,41
43738154,43
43583261,33
43738384,42
43689716,40
43714686,41
43735732,41
43737079,41
43741282,42
43742731,42
43708133,40
43661677,37
43714744,41
43738617,42
43728847,41
43712068,40
43724836,41
43653354,37
43742903,42
43718731,41
43695347,40
43716119,41
43687021,38
43713857,41
43711224,40
43743036,42
43730662,41
43730596,41
43719467,41
43551868,30
43744776,44
43695568,40
43727839,41
43730824,41
43723606,41
43689937,40
43739187,42
43689798,40
43575698,31
43714433,41
43703316,40
43709820,40
43724141,41
43743655,44
43738048,43
43740871,42
43734168,41
43636215,37
43743744,44
43717388,41
43728607,41
43728606,41
43732619,41
43745529,44
43727036,41
43745472,44
43734364,41
43743993,44
43695159,40
43742826,42
43672767,37
43745582,44
43742821,42
43686886,38
43683989,37
43727369,41
43730074,41
43700682,40
43719119,41
43741550,42
43734656,41
43741516,42
43688378,40
43733105,41
43712286,40
43730742,41
43716734,41
43722326,41
43715152,41
43743066,42
43731911,41
43740333,42
43666225,37
43740352,42
43737541,41
43705847,40
43739397,42
43718079,41
43736564,41
43695643,40
43649192,37
43728209,41
43691828,40
43705848,40
43670473,37
43697635,40
43698526,40
43715509,41
43605428,35
43743491,44
43731219,41
43524518,30
43620586,36
43748078,44
43746376,44
43734096,41
43714451,41
43738057,43
43686558,38
43701759,40
43742542,42
43728554,41
43549586,30
43737026,41
43731474,41
43680973,37
43687313,38
43731406,41
43742676,42
43707500,40
43732719,41
43707216,40
43741284,42
43730150,41
43741181,42
43745527,44
43720415,41
43745610,44
43741299,42
43667444,37
43693778,40
43746981,44
43733280,41
43727403,41
43742810,42
43745611,44
43690827,40
43730357,41
43720508,41
43702234,40
43731812,41
43660889,37
43742924,42
43657710,37
43745754,44
43698131,40
43731860,41
43563808,30
43716431,41
43696562,40
43747566,44
43743074,42
43748747,44
43747770,44
43666605,37
43739398,42
43667604,37
43746045,44
43596596,35
43744937,44
43711223,40
43722563,41
43650890,37
43745091,44
43712483,40
43717203,41
43701437,40
43743445,44
43731218,41
43723920,41
43746307,44
43743592,44
43584305,34
43715617,41
43627916,36
43628806,36
43738126,43
43740936,42
43667935,37
43745378,44
43627862,36
43678089,37
43738157,43
43616880,36
43724090,41
43699303,40
43735408,41
43597173,35
43732480,41
43746562,44
43731473,41
43722973,41
43743803,44
43748214,44
43746639,44
43723963,41
43739942,42
43746806,44
43713147,41
43744202,44
43741391,42
43703872,40
43742834,42
43672104,37
43724827,41
43698132,40
43747255,44
43731603,41
43734555,41
43747254,44
43734567,41
43681390,37
43744777,44
43747745,44
43748737,44
43722465,41
43687294,38
43601202,35
43639831,37
43598031,35
43748958,44
43580473,33
43650088,37
43718366,41
43725613,41
43707204,40
43743593,44
43676311,37
43748109,44
43715618,41
43743590,44
43703429,40
43750955,44
43740860,42
43724048,41
43743623,44
43694872,40
43727037,41
43751009,44
43740961,42
43735462,41
43738352,42
43703267,40
43748273,44
43675459,37
43745581,44
43748432,44
43748489,44
43739863,42
43738593,42
43749800,44
43663216,37
43639285,37
43747256,44
43734566,41
43740182,42
43476310,26
43743056,42
43726231,41
43748718,44
43688841,40
43739170,42
43680611,37
43748712,44
43746000,44
43726362,41
43689940,40
43672076,37
43584061,34
43645384,37
43743464,44
43637333,37
43743465,44
43740644,42
43709105,40
43655620,37
43746375,44
43708857,40
43728540,41
43749121,44
43749122,44
43749201,44
43693462,40
43750957,44
43749261,44
43748209,44
43623293,36
43743730,44
43742630,42
43750997,44
43728608,41
43739911,42
43665501,37
43696269,40
43678129,37
43686887,38
43746807,44
43587696,35
43744267,44
43745580,44
43726088,41
43646113,37
43724464,41
43738619,42
43727370,41
43714880,41
43723385,41
43723388,41
43722054,41
43709140,40
43740108,42
43733492,41
43748671,44
43748672,44
43747368,44
43686047,39
43723472,41
43743090,42
43740334,42
43715092,41
43745999,44
43673229,37
43680372,37
43750553,44
43750570,44
43726388,41
43695642,40
43686246,39
43571158,31
43728252,41
43750713,44
43725547,41
43684473,37
43698313,40
43729301,41
43737963,43
43743444,44
43745326,44
43723967,41
43723919,41
43673409,37
43643055,37
43749120,44
43695970,40
43667987,37
43752088,44
43746564,44
43567357,31
43751061,44
43690520,40
43482069,26
43651496,37
43735731,41
43738395,42
43693500,40
43682408,37
43727258,41
43678523,37
43738535,42
43751276,44
43689706,40
43633783,37
43748521,44
43752858,44
43730741,41
43725093,41
43730995,41
43740366,42
43705561,40
43748719,44
43722695,41
43748900,44
43723613,41
43750714,44
43734852,41
43711562,40
43740645,42
43598186,35
43754678,44
43753645,44
43661211,37
43736810,41
43676105,37
43700543,40
43718164,41
43638885,37
43754809,44
43734000,41
43740675,42
43749202,44
43570245,31
43748132,44
43748131,44
43728555,41
43752144,44
43740963,42
43750939,44
43692257,40
43690519,40
43724375,41
43740935,42
43700546,40
43614853,36
43662792,37
43724376,41
43662703,37
43711946,40
43671327,37
43744407,44
43744220,44
43754145,44
43738718,42
43741517,42
43746989,44
43714899,41
43730391,41
43754147,44
43721996,41
43720447,41
43511449,27
43751324,44
43750128,44
43733104,41
43750122,44
43717895,41
43697444,40
43604899,35
43697353,40
43754430,44
43726476,41
43722539,41
43692893,40
43711447,40
43730661,41
43602549,35
43644513,37
43698525,40
43712619,40
43753644,44
43661144,37
43720967,41
43703632,40
43753712,44
43748077,44
43748151,44
43754811,44
43746306,44
43698971,40
43751016,44
43748079,44
43751024,44
43752145,44
43752244,44
43738155,43
43748272,44
43669733,37
43724273,41
43699030,40
43738354,42
43756746,44
43673875,37
43682438,37
43742825,42
43730439,41
43727214,41
43748361,44
43754029,44
43739950,42
43746988,44
43755381,44
43751275,44
43695202,40
43745630,44
43748458,44
43702505,40
43727457,41
43744406,44
43734568,41
43736010,41
43720521,41
43702644,40
43716509,41
43692630,40
43750049,44
43699972,40
43703778,40
43755883,44
43751502,44
43737581,41
43734638,41
43740230,42
43739169,42
43756076,44
43726242,41
43748812,44
43757277,44
43753427,44
43632991,37
43686200,39
43641568,37
43725549,41
43756502,44
43754680,44
43749119,44
43733998,41
43606758,36
43669581,37
43726846,41
43756570,44
43750956,44
43751008,44
43715508,41
43732111,41
43729829,41
43732688,41
43714975,41
43734261,41
43749546,44
43756756,44
43737184,41
43753949,44
43737261,41
43748434,44
43659962,37
43727432,41
43721945,41
43738430,42
43756917,44
43741549,42
43713663,41
43729067,41
43741577,42
43705015,40
43710617,40
43712287,40
43709400,40
43758647,44
43700980,40
43716510,41
43737418,41
43757166,44
43716716,41
43716784,41
43717929,41
43754426,44
43746043,44
43723612,41
43715021,41
43757273,44
43709603,40
43712172,40
43663854,37
43739488,42
43704071,40
43564531,31
43718165,41
43608205,36
43736760,41
43750818,44
43751934,44
43749259,44
43746401,44
43734043,41
43723966,41
43752087,44
43690602,40
43684147,37
43725845,41
43757762,44
43755213,44
43753869,44
43756670,44
43756679,44
43748274,44
43649191,37
43752246,44
43696426,40
43759527,45
43755277,44
43749695,44
43725940,41
43711947,40
43642074,37
43756961,44
43709401,40
43720448,41
43722208,41
43750145,44
43722538,41
43733383,41
43760028,45
43726243,41
43746001,44
43699973,40
43747409,44
43697556,40
43754440,44
43719786,41
43726490,41
43751687,44
43733717,41
43701274,40
43670458,37
43734915,41
43676646,37
43669579,37
43751991,44
43749144,44
43723707,41
43753681,44
43725604,41
43757674,44
43757683,44
43759335,45
43690344,40
43757763,44
43738056,43
43732515,41
43748210,44
43757673,44
43742629,42
43641843,37
43751036,44
43755214,44
43718456,41
43759528,45
43757885,44
43756668,44
43756758,44
43746805,44
43672768,37
43729830,41
43745470,44
43748522,44
43749466,44
43725903,41
43753917,44
43744221,44
43758334,44
43720509,41
43728948,41
43731775,41
43652079,37
43713481,41
43755884,44
43727939,41
43760027,45
43745926,44
43748814,44
43754400,44
43757276,44
43760100,45
43723473,41
43719529,41
43733693,41
43686217,39
43759218,45
43757356,44
43608223,36
43751805,44
43756433,44
43762052,45
43739554,42
43753619,44
43690511,40
43725636,41
43748083,44
43703266,40
43751935,44
43637041,37
43756534,44
43746400,44
43753710,44
43759428,45
43708875,40
43756571,44
43762167,45
43690601,40
43753831,44
43731305,41
43686557,38
43759427,45
43732618,41
43755014,44
43546730,30
43689624,40
43743804,44
43756744,44
43760784,45
43756757,44
43742677,42
43749547,44
43713157,41
43762341,45
43760824,45
43749658,44
43704781,40
43758442,44
43738429,42
43742833,42
43759695,45
43738720,42
43754079,44
43749891,44
43709403,40
43752870,44
43754080,44
43754146,44
43754148,44
43712171,40
43751476,44
43713802,41
43754362,44
43726360,41
43652628,37
43736362,41
43733295,41
43742056,42
43748762,44
43748844,44
43680374,37
43723531,41
43746107,44
43729291,41
43750715,44
43736679,41
43672192,37
43708726,40
43736761,41
43757435,44
43575522,31
43698679,40
43751936,44
43664077,37
43751905,44
43739582,42
43751904,44
43753673,44
43715864,41
43751933,44
43756533,44
43759414,45
43743490,44
43760527,45
43718428,41
43606759,36
43681139,37
43762263,45
43740962,42
43751122,44
43725774,41
43752245,44
43751025,44
43739882,42
43749281,44
43701825,40
43724274,41
43757951,44
43758151,44
43763588,45
43748322,44
43744266,44
43685531,37
43710465,40
43741518,42
43733296,41
43723386,41
43653296,37
43756947,44
43752799,44
43754235,44
43757042,44
43704070,40
43750268,44
43731909,41
43705150,40
43737536,41
43722562,41
43762915,45
43740420,42
43762916,45
43692737,40
43751686,44
43764823,45
43729205,41
43711000,40
43712390,40
43726491,41
43715349,41
43748108,44
43753672,44
43729299,41
43762054,45
43661219,37
43611132,36
43737983,43
43751828,44
43756414,44
43759413,45
43752089,44
43742543,42
43735333,41
43658622,37
43718352,41
43711778,40
43690510,40
43731405,41
43625502,36
43732514,41
43757886,44
43755382,44
43743995,44
43650406,37
43741285,42
43739895,42
43753870,44
43707658,40
43703559,40
43724140,41
43763798,45
43701110,40
43683908,37
43723200,41
43759688,45
43765351,45
43751264,44
43621487,36
43756960,44
43663063,37
43685429,37
43762634,45
43745629,44
43759828,45
43764166,45
43681254,37
43705520,40
43736361,41
43726286,41
43709458,40
43646944,37
43718009,41
43764444,45
43765668,45
43764479,45
43709492,40
43745894,44
43694110,40
43762830,45
43748736,44
43722464,41
43691830,40
43709573,40
43697458,40
43726477,41
43684394,37
43684615,37
43563291,30
43662253,37
43729308,41
43762018,45
43763114,45
43765929,45
43739556,42
43718367,41
43583207,33
43729656,41
43759328,45
43714422,41
43751015,44
43756572,44
43762203,45
43757883,44
43766390,45
43609748,36
43716118,41
43748303,44
43763670,45
43650407,37
43762356,45
43763666,45
43755240,44
43758152,44
43759614,45
43686808,38
43711948,40
43735939,41
43674182,37
43762534,45
43744203,44
43759806,45
43758443,44
43765401,45
43745721,44
43734556,41
43716322,41
43748574,44
43745801,44
43767038,45
43734635,41
43711356,40
43733491,41
43739188,42
43764443,45
43762785,45
43758902,44
43715061,41
43762831,45
43754399,44
43742165,42
43722404,41
43670470,37
43756415,44
43756413,44
43740920,42
43766028,45
43764955,45
43763308,45
43764922,45
43723921,41
43556437,30
43743742,44
43743622,44
43751026,44
43754978,44
43757672,44
43757764,44
43662432,37
43687738,38
43739913,42
43763585,45
43626426,36
43738396,42
43726995,41
43768023,45
43741298,42
43731604,41
43721734,41
43654423,37
43639346,37
43755272,44
43737289,41
43705671,40
43702692,40
43742812,42
43724502,41
43673038,37
43766946,45
43737399,41
43688340,40
43704740,40
43741613,42
43721783,41
43758520,44
43755696,44
43709459,40
43719266,41
43754318,44
43725160,41
43754446,44
43745844,44
43734636,41
43720830,41
43763120,45
43767761,45
43764923,45
43751906,44
43764975,45
43723842,41
43748133,44
43732455,41
43757684,44
43647284,37
43748101,44
43762201,45
43765069,45
43766156,45
43756664,44
43762343,45
43751035,44
43766353,45
43708981,40
43731538,41
43651558,37
43756665,44
43767979,45
43738350,42
43726998,41
43658611,37
43713271,41
43761072,45
43768010,45
43734402,41
43743972,44
43752326,44
43727035,41
43684033,37
43737183,41
43766721,45
43758199,44
43723253,41
43765332,45
43741390,42
43759694,45
43752798,44
43755608,44
43740181,42
43764062,45
43769762,45
43762633,45
43706674,40
43768388,45
43745978,44
43659108,37
43725162,41
43756075,44
43720740,41
43761615,45
43622856,36
43757240,44
43719653,41
43747783,44
43673280,37
43767675,45
43714423,41
43737962,43
43696026,40
43740652,42
43711535,40
43756501,44
43753682,44
43713146,41
43740918,42
43690974,40
43707262,40
43765111,45
43765110,45
43748215,44
43746563,44
43748211,44
43750998,44
43766500,45
43748304,44
43770882,45
43763668,45
43755609,44
43756916,44
43741621,42
43756918,44
43765428,45
43769897,45
43769770,45
43727456,41
43750047,44
43728949,41
43740229,42
43743065,42
43701300,40
43713482,41
43734544,41
43751558,44
43768519,45
43722558,41
43750554,44
43740421,42
43742164,42
43733953,41
43723683,41
43767717,45
43724011,41
43763104,45
43756463,44
43639857,37
43763355,45
43732282,41
43718457,41
43763315,45
43770652,45
43728541,41
43766190,45
43720162,41
43717386,41
43757952,44
43756666,44
43655700,37
43756831,44
43771993,45
43759526,45
43763667,45
43766499,45
43724397,41
43770880,45
43728758,41
43768225,45
43765429,45
43766827,45
43681140,37
43763998,45
43751379,44
43759861,45
43734543,41
43705305,40
43701035,40
43698309,40
43705519,40
43736360,41
43771123,45
43765586,45
43754234,44
43714993,41
43753007,44
43772805,45
43734686,41
43719615,41
43768465,45
43747408,44
43747744,44
43754441,44
43767513,45
43698380,40
43720822,41
43650853,37
43524805,30
43698565,40
43697597,40
43770505,45
43696156,40
43763175,45
43749260,44
43762189,45
43749280,44
43760526,45
43658623,37
43766029,45
43763356,45
43751017,44
43765109,45
43773479,45
43715824,41
43765001,45
43743971,44
43771838,45
43763325,45
43757776,44
43766157,45
43667934,37
43700738,40
43730021,41
43756745,44
43763669,45
43729991,41
43743994,44
43720425,41
43754062,44
43754039,44
43742822,42
43705629,40
43741514,42
43758335,44
43770984,45
43765302,45
43737342,41
43750269,44
43707406,40
43693779,40
43669045,37
43706485,40
43708078,40
43653037,37
43763997,45
43765566,45
43747392,44
43754413,44
43757085,44
43740217,42
43734780,41
43758861,44
43719437,41
43771281,45
43767606,45
43767647,45
43558335,30
43687401,38
43737883,43
43718315,41
43764921,45
43731217,41
43732554,41
43763326,45
43732347,41
43766191,45
43757685,44
43711563,40
43763380,45
43713272,41
43768060,45
43763309,45
43766352,45
43772108,45
43770813,45
43625121,36
43773657,45
43768022,45
43717484,41
43763797,45
43671467,37
43764009,45
43765452,45
43768221,45
43772426,45
43693935,40
43750048,44
43645019,37
43724916,41
43766944,45
43724835,41
43771122,45
43735958,41
43765567,45
43754189,44
43717766,41
43652448,37
43757241,44
43734912,41
43734913,41
43695677,40
43739555,42
43639832,37
43680748,37
43701543,40
43765914,45
43753709,44
43776250,11
43774515,45
43767762,45
43774614,45
43766155,45
43667008,37
43764956,45
43766196,45
43665983,37
43752276,44
43766351,45
43766541,45
43654422,37
43695971,40
43746724,44
43773656,45
43742811,42
43745800,44
43768273,45
43775307,46
43758521,44
43720522,41
43773963,45
43769988,45
43757043,44
43745893,44
43750255,44
43758903,44
43701296,40
43775732,46
43740245,42
43702825,40
43764685,45
43729068,41
43716963,41
43762919,45
43767605,45
43734914,41
43754862,44
43753671,44
43743577,44
43770552,45
43776227,11
43770651,45
43750996,44
43771944,45
43763587,45
43658665,37
43741154,42
43757884,44
43770797,45
43692347,40
43776469,11
43749548,44
43774960,46
43770904,45
43766734,45
43656099,37
43749769,44
43773891,45
43730716,41
43751501,44
43765451,45
43713856,41
43705670,40
43742966,42
43719769,41
43765587,45
43750607,44
43748711,44
43768442,45
43772933,45
43764730,45
43731114,41
43728210,41
43722694,41
43776145,11
43734042,41
43765927,45
43763124,45
43699079,40
43754810,44
43764976,45
43759412,45
43754679,44
43776228,11
43770551,45
43776251,11
43741010,42
43771839,45
43771840,45
43732794,41
43741152,42
43665065,37
43758198,44
43682898,37
43770798,45
43738382,42
43770846,45
43741515,42
43672787,37
43774961,46
43774962,46
43766609,45
43770860,45
43770859,45
43770867,45
43772427,45
43756934,44
43716601,41
43728860,41
43775410,46
43709372,40
43767284,45
43778543,11
43754444,44
43771257,45
43757274,44
43726361,41
43760116,45
43764686,45
43692629,40
43767674,45
43767604,45
43534613,30
43693031,40
43762053,45
43774250,45
43770635,45
43711759,40
43770646,45
43773433,45
43766195,45
43769012,45
43780272,11
43735407,41
43766542,45
43777705,11
43780474,11
43742797,42
43702074,40
43675576,37
43775264,46
43761073,45
43756806,44
43752325,44
43769562,45
43745843,44
43765366,45
43745592,44
43772425,45
43676592,37
43610204,36
43759696,45
43765411,45
43779502,11
43766701,45
43779548,11
43692639,40
43743075,42
43768283,45
43758771,44
43772934,45
43748667,44
43727938,41
43778657,11
43767514,45
43467570,24
43757344,44
43625929,36
43753711,44
43723682,41
43763357,45
43776281,11
43703453,40
43762342,45
43727740,41
43752275,44
43772107,45
43760782,45
43780446,11
43780538,11
43773660,45
43770881,45
43779208,11
43751175,44
43780445,11
43734403,41
43776535,11
43663397,37
43753950,44
43772493,45
43759689,45
43765400,45
43698182,40
43730715,41
43740027,42
43778379,11
43775650,46
43773970,45
43728251,41
43730994,41
43740204,42
43781388,11
43781172,11
43778542,11
43776921,11
43778738,11
43765669,45
43781466,11
43758926,44
43765667,45
43740410,42
43611420,36
43737549,41
43751559,44
43736563,41
43765743,45
43779744,11
43753287,44
43702786,40
43692829,40
43589782,35
43781653,11
43765928,45
43773346,45
43740653,42
43733999,41
43776226,11
43780002,11
43762127,45
43771702,45
43676149,37
43738127,43
43654369,37
43658612,37
43777671,11
43777624,11
43762358,45
43780475,11
43707407,40
43732800,41
43735698,41
43769480,45
43723286,41
43745593,44
43769481,45
43631803,37
43765303,45
43755278,44
43773828,45
43756711,44
43733498,41
43772491,45
43738719,42
43769898,45
43748459,44
43754129,44
43761433,45
43769673,45
43767037,45
43780913,11
43775509,46
43678633,37
43771285,45
43775442,46
43771256,45
43764480,45
43714010,41
43762786,45
43734998,41
43580600,33
43771887,45
43782848,11
43774615,45
43763177,45
43742498,42
43745471,44
43765258,45
43766391,45
43779185,11
43783202,11
43762478,45
43783331,11
43734273,41
43769418,45
43759711,45
43741011,42
43644813,37
43717572,41
43758659,44
43748360,44
43782114,11
43748571,44
43769761,45
43772646,45
43783644,11
43759805,45
43733397,41
43783828,11
43782283,11
43776748,11
43782366,11
43779440,11
43727898,41
43743089,42
43722409,41
43750550,44
43747784,44
43781504,11
43716785,41
43754479,44
43648096,37
43660791,37
43746106,44
43614852,36
43704251,40
43742392,42
43670950,37
43781722,11
43784526,11
43746308,44
43714373,41
43763176,45
43770833,45
43766225,45
43769010,45
43644551,37
43783158,11
43769101,45
43771945,45
43749465,44
43786033,11
43770958,45
43774963,46
43779210,11
43782106,11
43762250,45
43773860,45
43782107,11
43772492,45
43784967,11
43783602,11
43783643,11
43776580,11
43751435,44
43776736,11
43759882,45
43722410,41
43782365,11
43760099,45
43760117,45
43773063,45
43784276,11
43695282,40
43782567,11
43764830,45
43548824,30
43479067,26
43667829,37
43638886,37
43780000,11
43749143,44
43771651,45
43766030,45
43736759,41
43696025,40
43776215,11
43770574,45
43773480,45
43681225,37
43676106,37
43591577,35
43745379,44
43776303,11
43660246,37
43746640,44
43656744,37
43780273,11
43783159,11
43741153,42
43770767,45
43772106,45
43774964,46
43679657,37
43765331,45
43742835,42
43747151,44
43740029,42
43756935,44
43747187,44
43681067,37
43754028,44
43649566,37
43705560,40
43786785,11
43776752,11
43770045,45
43757165,44
43762010,45
43726305,41
43711238,40
43720824,41
43753252,44
43767418,45
43698566,40
43762168,45
43622078,36
43787367,11
43736998,41
43777374,11
43759336,45
43669615,37
43788559,11
43720191,41
43763316,45
43597140,35
43787438,11
43762188,45
43663967,37
43774705,45
43766392,45
43787531,11
43783160,11
43748213,44
43777722,11
43786030,11
43728519,41
43777623,11
43723025,41
43788855,11
43784810,11
43749696,44
43775045,46
43724234,41
43747186,44
43769560,45
43759783,45
43756946,44
43711141,40
43769563,45
43771039,45
43784997,11
43709394,40
43748570,44
43778521,11
43747567,44
43742895,42
43728283,41
43756832,44
43767283,45
43768466,45
43778739,11
43782579,11
43767673,45
43757390,44
43774514,45
43763059,45
43774513,45
43764957,45
43790229,11
43739633,42
43771897,45
43738496,42
43788549,11
43769102,45
43703734,40
43774702,45
43784660,11
43640110,37
43780511,11
43723199,41
43763665,45
43696270,40
43776468,11
43710380,40
43723287,41
43786031,11
43749657,44
43777704,11
43732899,41
43784858,11
43774998,46
43784874,11
43732544,41
43770801,45
43789219,11
43772647,45
43663462,37
43776693,11
43762632,45
43686725,38
43619102,36
43787926,11
43730595,41
43771219,45
43778231,11
43750254,44
43758770,44
43785118,11
43745574,44
43747257,44
43725117,41
43769987,45
43782418,11
43774059,45
43790777,11
43790787,11
43784161,11
43754363,44
43788073,11
43773041,45
43749995,44
43726287,41
43667632,37
43754431,44
43705734,40
43717202,41
43725635,41
43757692,44
43784517,11
43791262,11
43768786,45
43750940,44
43753802,44
43787369,11
43704782,40
43787400,11
43766460,45
43787411,11
43742720,42
43697752,40
43653025,37
43770636,45
43790270,11
43734260,41
43781930,11
43787455,11
43658629,37
43695158,40
43680932,37
43749446,44
43787613,11
43769423,45
43745594,44
43689589,40
43713313,41
43783601,11
43775265,46
43768078,45
43787783,11
43792227,11
43787852,11
43787925,11
43778084,11
43784038,11
43773969,45
43785117,11
43741882,42
43743037,42
43761832,45
43771087,45
43756001,44
43774001,45
43750608,44
43768290,45
43785275,11
43733398,41
43778750,11
43758856,44
43761568,45
43725864,41
43774202,45
43719614,41
43711174,40
43717404,41
43760237,45
43735033,41
43661184,37
43779924,11
43782847,11
43751992,44
43765915,45
43791279,11
43776249,11
43762166,45
43787402,11
43791374,11
43740919,42
43773481,45
43774703,45
43777375,11
43771652,45
43791597,11
43757693,44
43718800,41
43756687,44
43725969,41
43779183,11
43783203,11
43788856,11
43757926,44
43762391,45
43762557,45
43718276,41
43777655,11
43788974,11
43709172,40
43737419,41
43770903,45
43720446,41
43766599,45
43653511,37
43776753,11
43701036,40
43792316,11
43780912,11
43790776,11
43771424,45
43753195,44
43776713,11
43792637,11
43784256,11
43748813,44
43779792,11
43774203,45
43792804,11
43782580,11
43754547,44
43748845,44
43776143,11
43764966,45
43781761,11
43693130,40
43791261,11
43770650,45
43686582,38
43787403,11
43791393,11
43793069,11
43747150,44
43793035,11
43690545,40
43790323,11
43794462,11
43793135,11
43763381,45
43760825,45
43767978,45
43739949,42
43763458,45
43768061,45
43793254,11
43794511,11
43775089,46
43769592,45
43725904,41
43776551,11
43788976,11
43759687,45
43780701,11
43759893,45
43723024,41
43782148,11
43778232,11
43731859,41
43775619,46
43789666,11
43792497,11
43769975,45
43698205,40
43782483,11
43764481,45
43758646,44
43739089,42
43795288,11
43782425,11
43795506,11
43788140,11
43764829,45
43719768,41
43795644,11
43711237,40
43715396,41
43767765,45
43672342,37
43784525,11
43732442,41
43777387,11
43720190,41
43791399,11
43760616,45
43766627,45
43787516,11
43791584,11
43754863,44
43785831,11
43779184,11
43737081,41
43782147,11
43781965,11
43728866,41
43689803,40
43738053,43
43734247,41
43772504,45
43755607,44
43742928,42
43731752,41
43794897,11
43793466,11
43767419,45
43731908,41
43758806,44
43776691,11
43773958,45
43768464,45
43782315,11
43782419,11
43792489,11
43716602,41
43788096,11
43768520,45
43744936,44
43719438,41
43781505,11
43727994,41
43524629,30
43661185,37
43760238,45
43698044,40
43776144,11
43774358,45
43791198,11
43765028,45
43711572,40
43795736,11
43776280,11
43794053,11
43790325,11
43787530,11
43707228,40
43794461,11
43662446,37
43765071,45
43794460,11
43684826,37
43675379,37
43796081,11
43794657,11
43713314,41
43773827,45
43733444,41
43768240,45
43772505,45
43768239,45
43797805,11
43759784,45
43792318,11
43762706,45
43793467,11
43745925,44
43792320,11
43778557,11
43774002,45
43784187,11
43750569,44
43798174,11
43784258,11
43758807,44
43740177,42
43798300,11
43782484,11
43795507,11
43746044,44
43784415,11
43796569,11
43599681,35
43792953,11
43764831,45
43707089,40
43792952,11
43788411,11
43793927,11
43794203,11
43769011,45
43790263,11
43710185,40
43771992,45
43709118,40
43786032,11
43678304,37
43724581,41
43788857,11
43724233,41
43756002,44
43692270,40
43777670,11
43796079,11
43709170,40
43745722,44
43734487,41
43789220,11
43798999,11
43779478,11
43776692,11
43792226,11
43771121,45
43596576,35
43742057,42
43762705,45
43784056,11
43761869,45
43779653,11
43784295,11
43784296,11
43753253,44
43754546,44
43698243,40
43765718,45
43798505,11
43725602,41
43791197,11
43742407,42
43798530,11
43780053,11
43779925,11
43774613,45
43792999,11
43776377,11
43774669,45
43790361,11
43766393,45
43741471,42
43798699,11
43649032,37
43795971,11
43799994,11
43787637,11
43727213,41
43788975,11
43784811,11
43797410,11
43782083,11
43748465,44
43793401,11
43785069,11
43734628,41
43798982,11
43800554,11
43776707,11
43771346,45
43775651,46
43726232,41
43795249,11
43798173,11
43796544,11
43748575,44
43709614,40
43660749,37
43691683,40
43768620,45
43711573,40
43753584,44
43782816,11
43795720,11
43759334,45
43788443,11
43799775,11
43771703,45
43780051,11
43743731,44
43666952,37
43634267,37
43801427,11
43791373,11
43771895,45
43774670,45
43745322,44
43784784,11
43752653,44
43727252,41
43756680,44
43786107,11
43614190,36
43780537,11
43800158,11
43784928,11
43754063,44
43703560,40
43740218,42
43509316,27
43792317,11
43799092,11
43734627,41
43786721,11
43682690,37
43795248,11
43792636,11
43632831,37
43750660,44
43801083,11
43754445,44
43796487,11
43788074,11
43773064,45
43784414,11
43771423,45
43730931,41
43773280,45
43767718,45
43793788,11
43676150,37
43773411,45
43781723,11
43723706,41
43799572,11
43796822,11
43734999,41
43780001,11
43753832,44
43774542,45
43791263,11
43796821,11
43765070,45
43766192,45
43794191,11
43790388,11
43739885,42
43790360,11
43800101,11
43755239,44
43707832,40
43774704,45
43766610,45
43780476,11
43794512,11
43800051,11
43801634,11
43800310,11
43800311,11
43737560,41
43773859,45
43796139,11
43797396,11
43721997,41
43771178,45
43792243,11
43803290,11
43769674,45
43800574,11
43758189,44
43722559,41
43775502,46
43800784,11
43786302,11
43758522,44
43792260,11
43781327,11
43783998,11
43774027,45
43751380,44
43778520,11
43801082,11
43754192,44
43782284,11
43778656,11
43795618,11
43795377,11
43802158,11
43795645,11
43594234,35
43754796,44
43799603,11
43776216,11
43771653,45
43781721,11
43751804,44
43788558,11
43776217,11
43794202,11
43790250,11
43802671,11
43799934,11
43766226,45
43762357,45
43734380,41
43762408,45
43732743,41
43793256,11
43796058,11
43685125,37
43790465,11
43765333,45
43770985,45
43800159,11
43800359,11
43765402,45
43765427,45
43794899,11
43773902,45
43568238,31
43797581,11
43759883,45
43787923,11
43789667,11
43792550,11
43748746,44
43771320,45
43753426,44
43760019,45
43795543,11
43795619,11
43605230,35
43748957,44
43740592,42
43781762,11
43805144,11
43753744,44
43802330,11
43788278,11
43765000,45
43794052,11
43746377,44
43802442,11
43743514,44
43790251,11
43791375,11
43791599,11
43780571,11
43804373,11
43802844,11
43784859,11
43768011,45
43796050,11
43742798,42
43730444,41
43802889,11
43789094,11
43783332,11
43758058,44
43769769,45
43784929,11
43806048,11
43800416,11
43786303,11
43761567,45
43783997,11
43799105,11
43778233,11
43804719,11
43604904,35
43772804,45
43758857,44
43786720,11
43786786,11
43779644,11
43765705,45
43806625,11
43757355,44
43715348,41
43686581,38
43779926,11
43768788,45
43769247,45
43619393,36
43768077,45
43790118,11
43779074,11
43790262,11
43695074,40
43799995,11
43783204,11
43807232,11
43773712,45
43756735,44
43802964,11
43746723,44
43782069,11
43787782,11
43803291,11
43779501,11
43801764,11
43790536,11
43775491,46
43747369,44
43625082,36
43641868,37
43807452,11
43759860,45
43800785,11
43801949,11
43803580,11
43797994,11
43797995,11
43784162,11
43695482,40
43799281,11
43767460,45
43764684,45
43796545,11
43803824,11
43779600,11
43714012,41
43748901,44
43773042,45
43729290,41
43807779,11
43748102,44
43804103,11
43776218,11
43762125,45
43802331,11
43787368,11
43802441,11
43805367,11
43805366,11
43770891,45
43611890,36
43738383,42
43804345,11
43770812,45
43802845,11
43793255,11
43791598,11
43748321,44
43727925,41
43798983,11
43807367,11
43807366,11
43765350,45
43765403,45
43794898,11
43793451,11
43807414,11
43807512,11
43792383,11
43781174,11
43761814,45
43739487,42
43760013,45
43762659,45
43781506,11
43759219,45
43773273,45
43784516,11
43672427,37
43759345,45
43724012,41
43799648,11
43764891,45
43784524,11
43779076,11
43662448,37
43665303,37
43703317,40
43805368,11
43792913,11
43765077,45
43718586,41
43685126,37
43770802,45
43452310,23
43777654,11
43800052,11
43701912,40
43763586,45
43787614,11
43807170,11
43807169,11
43713316,41
43765027,45
43758038,44
43800192,11
43796236,11
43742827,42
43806099,11
43805870,11
43810152,11
43810193,11
43797719,11
43797720,11
43773892,45
43809110,11
43739090,42
43797910,11
43762960,45
43783823,11
43779745,11
43798027,11
43768387,45
43798031,11
43807565,11
43809348,11
43784257,11
43733869,41
43809291,11
43779713,11
43806737,11
43760162,45
43751829,44
43745296,44
43804104,11
43770575,45
43787439,11
43799602,11
43810798,11
43806988,11
43792963,11
43766720,45
43736997,41
43790359,11
43811297,11
43758057,44
43703385,40
43807233,11
43751003,44
43754038,44
43790553,11
43740030,42
43803097,11
43810173,11
43810172,11
43784998,11
43751367,44
43759829,45
43764528,45
43807593,11
43759862,45
43771321,45
43790881,11
43778777,11
43802121,11
43768621,45
43750647,44
43809491,11
43803872,11
43801103,11
43762477,45
43806680,11
43762918,45
43729309,41
43810557,11
43804024,11
43485811,26
43743515,44
43784846,11
43812482,11
43763314,45
43799776,11
43787456,11
43808222,11
43736229,41
43774701,45
43799601,11
43785832,11
43771579,45
43787571,11
43801385,11
43707229,40
43802821,11
43808384,11
43790464,11
43801493,11
43754037,44
43760823,45
43798998,11
43789176,11
43745720,44
43803292,11
43757084,44
43807453,11
43784802,11
43799061,11
43760020,45
43781173,11
43807513,11
43787922,11
43799187,11
43804712,11
43788058,11
43793643,11
43788141,11
43765916,45
43807813,11
43778898,11
43788399,11
43788401,11
43782849,11
43698686,40
43751002,44
43701824,40
43799774,11
43794193,11
43788410,11
43784659,11
43807020,11
43801537,11
43793081,11
43714374,41
43759752,45
43801492,11
43811288,11
43753864,44
43766735,45
43807254,11
43754188,44
43748433,44
43810151,11
43806047,11
43798984,11
43800575,11
43787824,11
43804628,11
43798958,11
43800655,11
43800656,11
43796412,11
43803825,11
43796429,11
43759744,45
43765611,45
43758571,44
43630081,36
43809490,11
43809492,11
43657796,37
43798201,11
43728284,41
43757436,44
43815299,47
43809701,11
43770550,45
43793000,11
43807865,11
43815365,47
43799933,11
43722972,41
43784672,11
43662742,37
43807134,11
43812682,11
43811303,11
43810035,11
43812855,11
43803148,11
43810171,11
43815744,47
43812984,11
43815772,47
43804713,11
43778378,11
43811891,11
43779441,11
43779477,11
43796413,11
43804676,11
43779714,11
43807661,11
43809415,11
43714015,41
43806705,11
43815114,47
43757322,44
43765796,45
43566798,31
43686433,38
43676483,37
43771580,45
43732742,41
43739580,42
43812480,11
43809787,11
43804102,11
43766267,45
43799649,11
43815375,47
43815364,47
43801562,11
43813755,11
43776282,11
43816577,47
43794192,11
43793087,11
43742544,42
43748466,44
43800008,11
43799996,11
43798698,11
43791772,11
43811299,11
43810034,11
43784783,11
43796080,11
43782155,11
43775068,46
43806089,11
43775490,46
43775067,46
43799000,11
43801940,11
43796300,11
43762658,45
43814631,11
43814660,11
43792319,11
43799216,11
43810380,11
43801071,11
43816048,47
43787131,11
43762009,45
43676645,37
43701725,40
43781729,11
43753865,44
43818075,48
43804163,11
43794054,11
43790120,11
43815350,47
43583183,33
43809785,11
43813810,11
43815441,47
43798697,11
43783194,11
43762202,45
43802596,11
43802595,11
43818241,48
43776376,11
43791672,11
43782070,11
43777723,11
43776553,11
43803149,11
43814377,11
43804594,11
43808585,11
43811556,11
43797694,11
43782113,11
43797397,11
43798030,11
43797806,11
43818588,48
43775411,46
43792228,11
43804754,11
43785219,11
43774060,45
43817534,48
43767575,45
43816047,47
43754427,44
43754478,44
43801070,11
43762008,45
43774225,45
43818072,48
43810797,11
43816369,47
43819296,48
43810809,11
43797005,11
43816576,47
43731404,41
43791488,11
43794204,11
43780274,11
43815387,47
43802846,11
43783193,11
43791490,11
43760783,45
43805800,11
43810023,11
43819879,48
43814330,11
43814331,11
43815746,47
43797695,11
43814418,11
43795289,11
43804753,11
43805869,11
43776735,11
43811948,11
43660698,37
43700542,40
43692638,40
43690009,40
43816049,47
43817736,48
43764824,45
43731026,41
43812372,11
43813355,11
43807780,11
43807812,11
43799571,11
43753585,44
43780308,11
43788260,11
43791280,11
43793086,11
43768787,45
43669586,37
43815440,47
43799935,11
43816666,47
43775115,46
43791673,11
43791583,11
43821066,48
43818372,48
43787621,11
43753745,44
43819755,48
43784873,11
43806070,11
43727995,41
43818518,48
43714881,41
43776734,11
43820060,48
43821315,49
43820249,48
43759881,45
43766945,45
43800576,11
43799106,11
43716962,41
43811882,11
43803681,11
43750659,44
43809260,11
43793685,11
43804979,11
43765717,45
43725599,41
43812491,11
43793034,11
43793971,11
43651364,37
43767802,45
43819311,48
43793015,11
43651497,37
43818232,48
43820991,48
43805636,11
43821065,48
43766338,45
43808383,11
43804399,11
43751022,44
43762556,45
43732551,41
43818452,48
43815745,47
43818519,48
43807329,11
43820114,48
43798957,11
43820115,48
43813113,11
43796299,11
43806252,11
43820301,48
43770046,45
43811940,11
43765742,45
43795508,11
43779791,11
43712484,40
43821762,49
43806895,11
43816368,47
43819165,48
43746180,44
43757571,44
43793928,11
43823690,49
43694983,40
43820970,48
43815386,47
43801426,11
43784673,11
43721506,41
43774544,45
43787401,11
43787515,11
43762262,45
43820990,48
43783195,11
43823876,49
43813811,11
43735644,41
43793136,11
43800053,11
43787529,11
43819660,48
43822501,49
43780572,11
43789315,11
43695333,40
43668418,37
43797439,11
43810153,11
43783600,11
43822914,49
43773904,45
43779547,11
43822937,49
43822820,49
43800555,11
43707565,40
43818614,48
43775306,46
43776747,11
43820302,48
43809174,11
43798026,11
43785229,11
43761870,45
43786530,11
43812374,11
43820753,48
43816411,47
43810634,11
43805143,11
43620674,36
43818015,48
43726847,41
43805365,11
43818073,48
43734321,41
43821004,48
43823689,49
43795899,11
43820969,48
43762359,45
43820995,48
43815601,47
43805847,11
43819597,48
43802686,11
43770796,45
43811227,11
43822508,49
43818387,48
43822509,49
43759757,45
43733443,41
43784889,11
43765352,45
43808870,11
43787781,11
43815773,47
43824152,49
43775114,46
43750070,44
43800657,11
43814691,11
43825637,49
43824261,49
43825921,49
43811949,11
43743035,42
43792437,11
43779654,11
43815113,47
43770229,45
43764721,45
43776922,11
43577858,32
43810633,11
43821761,49
43820752,48
43801315,11
43626030,36
43798529,11
43815339,47
43823586,49
43821898,49
43788475,11
43804099,11
43694855,40
43739632,42
43807998,11
43779075,11
43824848,49
43793137,11
43768833,45
43819595,48
43819662,48
43799957,11
43795972,11
43802891,11
43804802,11
43794530,11
43807263,11
43807262,11
43794656,11
43824151,49
43808869,11
43826895,49
43826860,49
43762533,45
43826900,49
43765412,45
43807520,11
43809006,11
43773911,45
43815877,47
43817360,48
43817565,48
43803579,11
43809109,11
43773957,45
43758860,44
43754414,44
43801102,11
43800972,11
43826231,49
43795541,11
43789911,11
43818016,48
43807997,11
43732281,41
43812481,11
43815369,47
43827590,49
43633397,37
43812597,11
43804164,11
43754807,44
43812492,11
43827834,49
43819387,48
43811298,11
43804372,11
43823875,49
43745528,44
43818386,48
43800100,11
43777622,11
43826739,49
43793175,11
43794764,11
43776552,11
43802962,11
43780490,11
43785466,11
43737341,41
43823939,49
43709196,40
43804629,11
43787823,11
43821251,49
43821250,49
43810194,11
43761434,45
43826898,49
43808847,11
43810174,11
43790664,11
43674504,37
43821354,49
43815774,47
43826896,49
43814504,11
43783824,11
43764165,45
43822908,49
43813006,11
43775618,46
43667456,37
43768371,45
43796189,11
43807627,11
43792261,11
43828717,49
43827096,49
43814632,11
43765610,45
43806626,11
43765797,45
43767648,45
43823388,49
43810481,11
43801173,11
43827203,49
43790014,11
43781835,11
43771543,45
43763105,45
43807781,11
43767803,45
43748150,44
43810796,11
43815385,47
43826484,49
43822124,49
43793068,11
43802672,11
43827833,49
43821003,48
43802963,11
43754071,44
43804361,11
43585821,35
43706217,40
43760795,45
43783351,11
43793551,11
43723395,41
43814150,11
43806071,11
43818590,48
43818589,48
43819878,48
43826858,49
43806072,11
43808848,11
43768241,45
43809005,11
43797911,11
43760074,45
43828762,49
43812135,11
43754377,44
43771177,45
43823313,49
43827154,49
43828919,49
43815112,47
43824471,49
43793504,11
43795710,11
43767677,45
43824540,49
43818905,48
43771544,45
43701837,40
43823585,49
43807814,11
43673403,37
43829193,49
43829194,49
43801316,11
43771615,45
43827430,49
43801425,11
43820994,48
43756432,44
43818240,48
43773432,45
43807135,11
43829492,49
43644814,37
43814233,11
43730151,41
43829589,49
43825639,49
43818532,48
43773713,45
43780417,11
43790554,11
43826897,49
43803682,11
43804545,11
43825599,49
43828345,49
43826948,49
43831394,49
43698419,40
43825820,49
43762390,45
43825922,49
43785216,11
43813207,11
43803693,11
43827095,49
43817735,48
43772906,45
43815991,47
43817574,48
43813273,11
43824472,49
43762961,45
43831861,49
43729300,41
43673402,37
43788261,11
43739581,42
43769336,45
43798503,11
43821899,49
43767676,45
43788277,11
43819167,48
43815351,47
43832210,49
43830689,49
43829478,49
43753801,44
43832232,49
43815459,47
43791781,11
43829560,49
43709103,40
43817361,48
43769561,45
43805799,11
43789093,11
43814378,11
43829595,49
43715865,41
43789095,11
43819880,48
43749892,44
43782154,11
43818511,48
43818512,48
43812856,11
43824023,49
43814376,11
43804677,11
43829736,49
43829737,49
43812970,11
43785070,11
43792488,11
43822939,49
43785255,11
43831552,49
43775492,46
43753194,44
43809259,11
43781517,11
43798538,11
43798539,11
43832026,49
43829195,49
43831995,49
43833000,49
43693461,40
43829247,49
43806987,11
43822099,49
43784640,11
43829288,49
43821893,49
43757667,44
43802443,11
43804299,11
43809906,11
43820996,48
43794664,11
43816410,47
43790264,11
43830688,49
43610961,36
43771086,45
43822258,49
43829430,49
43807234,11
43829559,49
43782068,11
43825172,49
43818454,48
43818453,48
43828234,49
43832488,49
43832473,49
43751023,44
43825598,49
43831239,49
43580458,33
43764031,45
43773885,45
43825710,49
43825600,49
43814702,11
43797878,11
43817566,48
43785282,11
43834411,50
43828763,49
43829077,49
43784405,11
43831862,49
43787183,11
43820751,48
43662097,37
43669614,37
43704139,40
43661226,37
43810559,11
43827263,49
43792962,11
43625927,36
43830215,49
43676208,37
43792873,11
43816367,47
43788262,11
43809671,11
43806986,11
43757775,44
43830385,49
43826508,49
43823687,49
43608172,36
43832166,49
43821002,48
43706301,40
43807136,11
43756962,44
43809954,11
43741283,42
43766700,45
43833688,50
43787623,11
43769424,45
43807255,11
43832406,49
43833867,50
43794654,11
43832496,49
43735645,41
43795977,11
43684395,37
43790549,11
43832484,49
43809004,11
43826899,49
43833928,50
43806049,11
43824157,49
43703633,40
43797580,11
43831251,49
43825711,49
43810332,11
43828653,49
43828719,49
43829884,49
43774039,45
43834387,50
43807564,11
43792496,11
43793400,11
43785218,11
43785256,11
43752859,44
43821629,49
43798299,11
43756464,44
43684614,37
43835879,50
43757572,44
43830257,49
43829240,49
43815376,47
43786307,11
43834976,50
43781932,11
43835029,50
43798763,11
43836228,50
43779209,11
43823808,49
43811287,11
43832233,49
43787622,11
43787729,11
43830851,49
43754072,44
43819756,48
43800417,11
43797301,11
43768274,45
43815699,47
43833904,50
43751366,44
43832472,49
43831077,49
43833889,50
43813005,11
43835371,50
43835372,50
43783555,11
43797696,11
43821316,49
43773886,45
43826947,49
43822938,49
43814693,11
43764529,45
43768370,45
43828510,49
43741883,42
43837148,50
43824260,49
43828718,49
43762924,45
43817462,48
43804868,11
43801172,11
43748857,44
43804105,11
43762055,45
43832976,49
43831994,49
43577711,32
43834828,50
43835941,50
43832029,49
43788560,11
43720392,41
43822123,49
43810811,11
43802483,11
43763342,45
43823691,49
43826483,49
43834977,50
43675460,37
43825057,49
43832167,49
43822259,49
43829477,49
43837814,50
43818397,48
43829493,49
43835109,50
43810022,11
43836479,50
43790387,11
43826738,49
43807146,11
43783827,11
43800312,11
43825517,49
43833888,50
43824022,49
43797411,11
43732955,41
43813112,11
43814647,11
43754326,44
43796021,11
43829735,49
43786836,11
43836711,50
43788097,11
43812972,11
43821353,49
43825790,49
43804593,11
43799107,11
43822909,49
43831392,49
43737540,41
43821389,49
43821425,49
43835324,50
43762598,45
43804661,11
43831479,49
43834231,50
43837247,50
43764723,45
43831606,49
43832717,49
43767146,45
43784025,11
43831863,49
43828918,49
43831605,49
43824434,49
43673293,37
43728518,41
43779905,11
43782712,11
43804098,11
43802332,11
43830384,49
43791278,11
43802482,11
43754795,44
43835878,50
43819388,48
43780418,11
43771896,45
43821064,48
43839048,50
43836227,50
43832234,49
43837815,50
43837930,50
43759758,45
43822500,49
43762407,45
43833696,50
43783288,11
43838025,50
43796090,11
43837994,50
43833890,50
43831175,49
43776534,11
43748668,44
43838159,50
43776599,11
43813043,11
43831393,49
43814648,11
43790548,11
43788059,11
43700118,40
43786106,11
43821426,49
43743034,42
43837249,50
43824435,49
43831777,49
43748843,44
43807866,11
43763123,45
43701542,40
43818906,48
43823584,49
43827614,49
43794298,11
43756440,44
43611872,36
43793969,11
43633210,37
43793970,11
43830256,49
43819310,48
43750812,44
43840470,50
43732443,41
43838727,50
43770845,45
43745321,44
43765955,45
43830588,49
43794311,11
43815370,47
43739886,42
43832211,49
43794529,11
43803098,11
43802883,11
43784887,11
43783554,11
43807277,11
43784888,11
43794763,11
43829678,49
43796237,11
43784966,11
43835279,50
43835344,50
43839518,50
43818531,48
43839678,50
43793556,11
43796020,11
43839782,50
43832732,49
43823314,49
43820275,48
43834386,50
43813223,11
43831770,49
43832718,49
43809289,11
43760163,45
43812373,11
43771282,45
43759220,45
43757343,44
43683585,37
43838500,50
43793008,11
43785678,11
43835808,50
43809699,11
43801317,11
43826507,49
43840480,50
43784661,11
43824847,49
43790271,11
43829431,49
43839047,50
43760617,45
43805682,11
43830804,49
43730392,41
43797076,11
43836514,50
43837878,50
43825143,49
43825142,49
43826672,49
43791782,11
43804640,11
43833787,50
43833926,50
43784996,11
43823899,49
43811525,11
43839519,50
43832524,49
43832522,49
43836878,50
43824156,49
43831176,49
43838145,50
43815878,47
43793543,11
43831480,49
43837063,50
43829918,49
43811941,11
43829834,49
43842809,50
43759753,45
43767345,45
43785273,11
43793503,11
43840152,50
43781389,11
43771286,45
43832814,49
43840153,50
43781518,11
43754378,44
43820411,48
43810381,11
43832813,49
43841231,50
43698687,40
43830341,49
43779906,11
43741578,42
43794297,11
43771888,45
43821900,49
43813754,11
43823688,49
43819295,48
43837839,50
43774357,45
43823807,49
43749030,44
43840669,50
43827835,49
43717403,41
43811300,11
43708982,40
43842090,50
43814232,11
43842224,50
43804549,11
43828232,49
43812971,11
43831245,49
43826859,49
43843757,50
43838194,50
43810372,11
43787080,11
43796430,11
43747393,44
43778556,11
43837126,50
43804690,11
43794870,11
43837468,50
43813274,11
43824470,49
43776708,11
43790015,11
43774224,45
43650141,37
43793787,11
43830171,49
43830213,49
43818017,48
43813356,11
43819533,48
43844484,50
43816578,47
43819166,48
43834926,50
43781850,11
43841760,50
43810978,11
43805681,11
43827605,49
43818337,48
43791941,11
43842056,50
43822779,49
43701726,40
43814231,11
43835136,50
43741470,42
43812985,11
43831244,49
43839677,50
43843743,50
43842535,50
43843890,50
43829917,49
43828495,49
43838146,50
43828654,49
43837125,50
43839972,50
43809173,11
43842738,50
43789902,11
43842964,50
43799062,11
43801948,11
43760029,45
43842999,50
43844018,50
43806679,11
43751619,44
43804023,11
43745295,44
43827374,49
43785799,11
43841297,50
43832975,49
43843164,50
43838620,50
43832977,49
43813761,11
43764890,45
43823743,49
43837714,50
43844486,50
43843317,50
43822125,49
43844525,50
43813760,11
43781728,11
43843447,50
43841883,50
43761156,45
43829491,49
43835137,50
43839222,50
43830860,49
43833864,50
43774936,46
43839439,50
43846449,50
43828233,49
43828245,49
43843652,50
43843671,50
43811708,11
43839676,50
43835373,50
43846672,50
43806558,11
43787079,11
43843843,50
43845662,50
43823234,49
43826125,49
43835394,50
43844014,50
43806738,11
43846862,50
43803823,11
43837469,50
43785281,11
43745979,44
43810618,11
43809786,11
43838499,50
43827373,49
43846992,50
43832947,49
43840461,50
43788488,11
43555262,30
43840471,50
43729992,41
43756710,44
43838776,50
43826693,49
43819386,48
43840567,50
43808221,11
43784728,11
43811304,11
43793009,11
43830861,49
43560874,30
43721315,41
43802574,11
43847634,50
43833607,50
43745563,44
43432172,23
43792377,11
43818395,48
43847683,50
43814417,11
43796981,11
43836478,50
43839427,50
43846483,50
43846526,50
43707833,40
43754501,44
43841065,50
43825707,49
43823233,49
43846793,50
43809294,11
43810262,11
43799188,11
43846863,50
43820656,48
43701838,40
43841299,50
43841298,50
43846035,50
43750813,44
43835987,50
43846135,50
43840568,50
43844485,50
43824849,49
43791674,11
43793080,11
43773345,45
43843449,50
43788506,11
43743654,44
43841881,50
43829429,49
43780052,11
43834996,50
43785800,11
43769417,45
43818233,48
43839305,50
43837929,50
43829561,49
43839438,50
43833845,50
43760796,45
43823898,49
43841019,50
43843815,50
43745753,44
43829858,49
43843904,50
43848300,50
43843984,50
43795330,11
43809484,11
43698310,40
43812134,11
43793511,11
43842946,50
43842947,50
43753021,44
43748856,44
43815955,47
43810482,11
43837510,50
43805328,11
43841473,50
43779907,11
43663990,37
43757357,44
43777136,11
43837705,50
43804162,11
43850055,50
43848910,50
43802484,11
43815368,47
43844523,50
43834978,50
43841882,50
43735275,41
43844693,50
43849056,50
43819661,48
43833972,50
43839437,50
43801635,11
43776404,11
43842347,50
43769425,45
43825791,49
43847880,50
43840946,50
43843755,50
43839350,50
43831241,49
43806253,11
43786529,11
43848301,50
43813157,11
43832741,49
43825870,49
43779645,11
43803694,11
43843919,50
43848506,50
43830005,49
43845949,50
43844019,50
43761815,45
43668093,37
43825083,49
43753683,44
43847079,50
43827533,49
43813740,11
43848903,50
43827429,49
43762126,45
43848978,50
43810810,11
43816667,47
43774638,45
43840566,50
43795978,11
43849038,50
43804374,11
43849058,50
43840607,50
43782815,11
43830589,49
43851879,50
43784641,11
43777137,11
43808586,11
43786306,11
43844938,50
43850429,50
43766337,45
43782153,11
43812795,11
43846432,50
43766608,45
43840828,50
43815087,47
43807278,11
43843742,50
43828376,49
43769976,45
43836880,50
43838157,50
43832740,49
43841064,50
43837062,50
43799217,11
43852270,50
43793550,11
43842966,50
43809290,11
43844031,50
43793630,11
43753020,44
43797843,11
43794547,11
43804888,11
43828760,49
43789982,11
43804020,11
43846907,50
43846991,50
43834829,50
43851639,50
43788442,11
43802685,11
43837816,50
43680786,37
43832165,49
43805635,11
43843448,50
43846100,50
43850259,50
43835050,50
43849135,50
43784803,11
43828248,49
43846450,50
43848093,50
43832523,49
43804718,11
43750121,44
43836879,50
43853738,50
43803213,11
43831250,49
43842378,50
43848095,50
43771220,45
43815946,47
43848383,50
43829859,49
43813222,11
43786835,11
43803774,11
43785217,11
43843001,50
43843000,50
43837509,50
43810483,11
43793629,11
43804889,11
43804021,11
43749471,44
43767774,45
43759329,45
43838498,50
43835877,50
43851641,50
43847094,50
43818074,48
43826485,49
43667271,37
43848979,50
43840482,50
43843505,50
43835051,50
43854689,50
43795973,11
43846340,50
43854687,50
43850365,50
43842222,50
43794765,11
43811523,11
43846464,50
43843756,50
43852205,50
43838195,50
43840947,50
43804662,11
43854953,50
43840135,50
43839737,50
43828512,49
43817573,48
43793668,11
43798085,11
43848344,50
43846774,50
43787234,11
43851176,50
43824418,49
43855235,50
43789983,11
43838405,50
43843132,50
43848555,50
43827202,49
43754317,44
43813208,11
43767299,45
43823387,49
43651353,37
43827262,49
43813741,11
43824717,49
43774543,45
43827604,49
43767766,45
43837713,50
43834895,50
43833045,49
43694920,40
43833046,49
43850139,50
43852990,50
43852860,50
43774997,46
43848976,50
43844694,50
43844672,50
43854622,50
43854623,50
43693680,40
43814149,11
43790454,11
43828137,49
43840827,50
43854850,50
43801765,11
43833788,50
43840956,50
43826938,49
43835280,50
43811709,11
43854963,50
43829753,49
43811557,11
43839738,50
43822821,49
43852206,50
43798245,11
43838202,50
43855068,50
43839783,50
43843889,50
43813156,11
43854059,50
43810371,11
43831778,49
43856838,50
43803873,11
43856981,50
43832852,49
43832851,49
43709582,40
43713705,41
43855395,50
43841472,50
43852784,50
43840462,50
43826506,49
43714016,41
43847282,50
43852880,50
43793070,11
43850141,50
43850140,50
43844476,50
43824953,49
43852881,50
43835108,50
43855876,50
43836477,50
43805848,11
43796091,11
43829731,49
43800361,11
43847738,50
43843653,50
43836602,50
43853439,50
43796057,11
43831177,49
43853508,50
43798820,11
43839612,50
43846525,50
43831238,49
43828511,49
43843816,50
43857858,50
43846652,50
43796440,11
43791871,11
43818613,48
43846775,50
43857037,50
43809413,11
43855305,50
43809485,11
43754808,44
43802573,11
43822048,49
43848912,50
43763115,45
43840460,50
43780489,11
43665799,37
43834961,50
43852988,50
43855877,50
43815254,47
43840635,50
43807145,11
43835156,50
43836373,50
43850551,50
43853409,50
43854851,50
43825479,49
43833846,50
43742799,42
43773910,45
43845094,50
43838118,50
43857752,50
43814503,11
43773903,45
43753286,44
43848094,50
43857758,50
43829754,49
43809347,11
43841017,50
43810373,11
43829885,49
43766826,45
43851342,50
43809414,11
43804025,11
43832998,49
43849807,50
43841474,50
43860014,50
43854368,50
43732248,41
43584160,34
43759344,45
43829289,49
43847096,50
43850258,50
43756667,44
43854610,50
43798494,11
43847648,50
43850393,50
43748152,44
43812759,11
43827978,49
43818231,48
43825173,49
43853301,50
43847684,50
43859081,50
43790179,11
43851979,50
43856272,50
43856271,50
43829634,49
43845246,50
43854952,50
43857753,50
43852257,50
43856463,50
43814659,11
43820276,48
43799093,11
43701037,40
43843926,50
43840003,50
43856841,50
43852458,50
43851343,50
43818007,48
43861143,50
43849806,50
43844300,50
43852640,50
43790453,11
43844445,50
43852859,50
43858550,50
43853060,50
43850056,50
43844638,50
43850274,50
43854659,50
43850207,50
43844692,50
43860246,50
43857415,50
43861609,50
43794655,11
43850394,50
43861679,50
43842221,50
43769416,45
43847879,50
43832405,49
43790537,11
43818396,48
43857630,50
43860498,50
43823987,49
43854913,50
43829679,49
43697751,40
43859357,50
43840995,50
43821329,49
43846671,50
43862295,50
43851177,50
43859713,50
43856842,50
43781329,11
43821594,49
43765704,45
43682855,37
43846792,50
43818765,48
43857044,50
43835460,50
43809617,11
43835672,50
43860906,50
43810560,11
43675251,37
43838621,50
43855397,50
43827431,49
43861014,50
43847077,50
43852671,50
43855526,50
43860165,50
43858484,50
43840481,50
43846133,50
43791683,11
43852918,50
43852916,50
43846099,50
43819297,48
43841759,50
43804360,11
43791392,11
43849162,50
43861633,50
43839349,50
43819596,48
43859080,50
43859000,50
43839608,50
43854951,50
43862070,50
43862044,50
43785013,11
43829766,49
43860632,50
43790786,11
43751325,44
43841018,50
43856837,50
43859527,50
43840980,50
43837248,50
43854051,50
43842965,50
43863620,50
43848631,50
43857043,50
43856982,50
43858110,50
43830004,49
43859893,50
43773281,45
43809905,11
43854409,50
43861013,50
43721898,41
43765954,45
43841580,50
43862849,50
43857229,50
43795735,11
43846134,50
43756446,44
43807076,11
43798764,11
43793510,11
43777653,11
43850163,50
43853061,50
43811464,11
43837880,50
43858910,50
43836694,50
43843670,50
43839428,50
43858999,50
43741375,42
43854915,50
43833847,50
43863286,50
43826929,49
43828538,49
43857782,50
43786742,11
43853837,50
43860590,50
43770230,45
43863433,50
43801658,11
43845693,50
43855056,50
43838203,50
43848384,50
43785274,11
43820248,48
43863542,50
43825516,49
43863621,50
43863538,50
43859714,50
43857020,50
43804980,11
43534192,30
43848756,50
43846033,50
43847002,50
43835988,50
43835986,50
43793176,11
43852989,50
43797029,11
43763341,45
43863078,50
43851878,50
43864302,50
43847496,50
43807019,11
43839066,50
43829519,49
43807197,11
43851978,50
43851974,50
43863255,50
43836640,50
43856459,50
43819534,48
43861971,50
43851231,50
43843817,50
43838002,50
43852183,50
43862294,50
43859356,50
43860655,50
43781328,11
43842808,50
43848548,50
43800973,11
43865424,50
43845954,50
43820745,48
43785014,11
43834887,50
43863876,50
43847078,50
43812459,11
43835819,50
43767977,45
43735032,41
43838728,50
43820971,48
43850206,50
43794369,11
43851823,50
43850162,50
43837706,50
43864228,50
43867064,50
43781849,11
43853103,50
43850395,50
43860317,50
43861634,50
43843641,50
43829248,49
43837879,50
43836604,50
43853440,50
43776632,11
43812758,11
43838026,50
43861762,50
43861761,50
43859145,50
43856495,50
43845247,50
43857806,50
43843741,50
43857783,50
43866171,50
43828537,49
43855054,50
43859330,50
43839673,50
43862328,50
43860656,50
43846651,50
43866343,50
43825706,49
43865293,50
43868057,50
43868270,50
43851467,50
43858111,50
43799270,11
43804989,11
43802200,11
43720538,41
43827591,49
43846993,50
43861015,50
43865671,50
43861142,50
43863875,50
43844298,50
43840472,50
43787457,11
43844524,50
43756805,44
43850260,50
43864017,50
43843455,50
43849163,50
43820989,48
43826592,49
43840606,50
43867220,50
43800360,11
43539363,30
43819955,48
43866004,50
43819757,48
43835155,50
43807328,11
43868875,50
43798202,11
43839426,50
43823120,49
43866109,50
43829767,49
43866172,50
43866111,50
43775733,46
43825869,49
43841023,50
43865203,50
43859526,50
43866227,50
43822684,49
43857089,50
43860905,50
43804978,11
43809670,11
43766268,45
43735553,41
43863810,50
43830214,49
43826492,49
43857201,50
43818102,48
43858473,50
43843318,50
43804354,11
43864151,50
43852858,50
43867065,50
43825056,49
43798745,11
43864301,50
43861602,50
43830805,49
43863221,50
43837995,50
43853035,50
43866055,50
43857757,50
43860553,50
43838136,50
43870363,50
43829833,49
43846622,50
43845484,50
43868958,50
43821424,49
43837086,50
43865176,50
43866313,50
43863543,50
43843905,50
43806557,11
43844015,50
43865425,50
43837358,50
43862617,50
43803773,11
43863809,50
43809700,11
43862850,50
43815458,47
43868397,50
43868396,50
43869530,50
43835675,50
43861144,50
43797028,11
43732545,41
43852783,50
43849136,50
43865789,50
43826435,49
43871327,50
43860245,50
43865786,50
43869691,50
43799956,11
43831031,49
43867221,50
43815602,47
43870031,50
43842187,50
43864614,50
43772460,45
43766598,45
43844925,50
43859079,50
43847985,50
43860560,50
43864890,50
43787728,11
43849367,50
43868968,50
43859144,50
43853836,50
43856513,50
43853739,50
43831551,49
43768220,45
43853927,50
43816034,47
43844016,50
43793686,11
43787184,11
43821595,49
43863673,50
43862784,50
43838583,50
43869398,50
43830258,49
43861028,50
43826493,49
43861026,50
43871206,50
43773550,45
43835908,50
43858483,50
43866894,50
43866895,50
43867033,50
43870032,50
43842223,50
43775501,46
43737080,41
43844939,50
43866170,50
43774026,45
43862071,50
43860544,50
43803212,11
43871741,50
43751477,44
43640833,37
43838278,50
43792551,11
43840002,50
43870768,50
43842842,50
43862327,50
43863539,50
43826126,49
43868269,50
43842746,50
43816033,47
43806841,11
43849808,50
43871220,50
43855579,50
43824748,49
43868395,50
43865672,50
43851640,50
43871328,50
43774937,46
43848934,50
43853062,50
43871467,50
43860276,50
43849039,50
43822249,49
43872742,50
43872940,50
43861698,50
43793306,11
43800309,11
43853507,50
43790366,11
43856464,50
43862045,50
43859390,50
43856458,50
43871783,50
43807519,11
43829721,49
43874656,50
43862296,50
43828453,49
43848547,50
43758658,44
43848556,50
43849548,50
43764889,45
43742393,42
43872251,50
43871205,50
43857200,50
43805327,11
43788400,11
43813818,11
43868510,50
43780512,11
43869766,50
43769337,45
43872652,50
43852661,50
43863008,50
43872653,50
43711746,40
43853277,50
43864459,50
43867394,50
43800194,11
43835405,50
43866056,50
43867393,50
43821313,49
43863052,50
43870238,50
43868874,50
43868969,50
43855058,50
43870727,50
43871740,50
43791940,11
43873494,50
43871859,50
43869073,50
43874655,50
43832710,49
43873729,50
43767300,45
43874929,50
43875054,50
43869468,50
43865716,50
43758037,44
43571878,31
43804161,11
43837885,50
43791398,11
43865790,50
43854621,50
43850273,50
43864458,50
43867066,50
43794309,11
43781929,11
43867450,50
43827977,49
43835154,50
43864524,50
43877279,50
43874487,50
43843719,50
43854947,50
43790551,11
43866139,50
43868970,50
43857805,50
43870483,50
43860631,50
43738353,42
43860552,50
43869138,50
43869072,50
43865292,50
43865291,50
43851468,50
43851274,50
43843921,50
43726306,41
43740593,42
43804022,11
43872252,50
43869469,50
43869467,50
43865670,50
43857169,50
43876788,50
43846034,50
43868422,50
43852662,50
43837750,50
43876926,50
43830958,49
43840636,50
43860277,50
43877136,50
43878490,50
43823903,49
43826671,49
43868840,50
43863253,50
43850428,50
43870206,50
43858917,50
43850217,50
43720539,41
43836693,50
43839800,50
43829722,49
43740123,42
43876058,50
43822912,49
43840994,50
43760015,45
43843925,50
43865175,50
43874716,50
43854053,50
43821628,49
43831791,49
43837147,50
43851385,50
43773577,45
43875055,50
43788507,11
43869397,50
43858485,50
43767801,45
43874169,50
43878345,50
43737027,41
43864526,50
43855960,50
43844923,50
43835135,50
43878488,50
43868837,50
43879934,50
43870237,50
43853586,50
43807261,11
43880042,50
43832483,49
43843669,50
43878864,50
43860488,50
43867552,50
43860630,50
43878956,50
43790791,11
43873493,50
43870690,50
43852306,50
43878998,50
43828454,49
43804869,11
43815876,47
43865541,50
43866344,50
43814692,11
43879287,50
43852459,50
43815820,47
43872013,50
43877593,50
43826939,49
43855306,50
43792805,11
43796570,11
43779991,11
43704220,40
43781655,11
43873961,50
43879559,50
43823692,49
43773410,45
43876930,50
43851758,50
43853276,50
43853278,50
43879785,50
43863079,50
43798765,11
43855961,50
43843651,50
43870205,50
43790324,11
43840981,50
43839284,50
43842188,50
43821328,49
43880106,50
43873211,50
43857663,50
43831008,49
43859231,50
43857768,50
43852204,50
43873310,50
43820274,48
43874609,50
43874608,50
43880235,50
43857859,50
43880231,50
43786685,11
43831078,49
43880229,50
43826692,49
43881976,50
43880331,50
43789971,11
43837508,50
43882031,50
43871991,50
43868058,50
43835673,50
43858112,50
43792378,11
43804807,11
43861027,50
43857263,50
43857262,50
43846908,50
43868489,50
43785923,11
43864043,50
43841523,50
43861139,50
43879784,50
43882614,50
43874170,50
43846202,50
43836374,50
43882615,50
43823877,49
43875556,50
43871513,50
43866110,50
43877281,50
43859329,50
43856462,50
43806254,11
43843717,50
43852269,50
43876372,50
43871902,50
43829932,49
43771284,45
43877441,50
43856924,50
43829078,49
43843985,50
43849534,50
43868423,50
43806840,11
43883306,50
43882301,50
43874930,50
43812683,11
43879601,50
43872429,50
43753918,44
43872428,50
43858591,50
43790178,11
43875304,50
43864226,50
43749029,44
43882585,50
43842083,50
43784671,11
43869950,50
43872939,50
43785467,11
43875712,50
43830925,49
43842055,50
43878540,50
43874516,50
43882777,50
43833868,50
43881572,50
43863399,50
43878863,50
43884329,50
43884449,50
43867840,50
43871695,50
43859328,50
43833927,50
43815700,47
43876313,50
43871782,50
43792436,11
43838279,50
43883108,50
43854314,50
43855234,50
43868268,50
43804808,11
43818904,48
43804068,11
43821777,49
43835806,50
43879558,50
43812490,11
43742406,42
43834939,50
43864018,50
43872406,50
43813821,11
43753631,44
43858592,50
43875303,50
43840448,50
43816665,47
43880869,50
43846339,50
43840486,50
43846201,50
43832948,49
43868638,50
43826593,49
43840741,50
43872938,50
43847633,50
43842036,50
43881221,50
43885546,50
43884146,50
43810331,11
43863254,50
43845245,50
43870361,50
43881573,50
43863285,50
43852207,50
43868948,50
43884448,50
43793305,11
43882900,50
43857973,50
43817533,48
43880236,50
43839632,50
43884776,50
43823194,49
43841230,50
43883210,50
43857019,50
43841296,50
43810558,11
43883305,50
43827300,49
43872179,50
43879555,50
43879602,50
43812598,11
43848977,50
43826434,49
43857264,50
43885231,50
43858474,50
43837749,50
43869768,50
43880870,50
43864227,50
43861680,50
43871472,50
43878281,50
43839065,50
43781931,11
43882643,50
43879917,50
43878489,50
43872743,50
43875529,50
43846465,50
43864525,50
43872935,50
43865935,50
43833869,50
43843842,50
43874435,50
43833971,50
43798086,11
43801726,11
43875772,50
43875771,50
43839611,50
43868873,50
43881544,50
43868947,50
43868959,50
43887439,50
43838134,50
43868957,50
43882935,50
43832489,49
43839949,50
43839950,50
43840800,50
43855136,50
43862330,50
43858036,50
43880330,50
43858037,50
43815947,47
43802157,11
43884866,50
43883121,50
43813013,11
43787233,11
43844071,50
43830080,49
43862783,50
43874928,50
43879560,50
43854410,50
43883304,50
43876787,50
43886101,50
43848757,50
43861155,50
43875053,50
43888018,50
43852879,50
43847283,50
43888193,50
43863007,50
43875555,50
43881220,50
43861632,50
43879935,50
43878387,50
43828246,49
43839221,50
43815340,47
43800193,11
43878541,50
43823904,49
43803147,11
43832357,49
43879933,50
43854869,50
43853441,50
43755413,44
43885680,50
43888587,50
43882937,50
43887206,50
43608339,36
43824148,49
43887410,50
43887330,50
43825570,49
43873212,50
43854108,50
43885857,50
43887705,50
43830044,49
43843063,50
43810711,11
43852584,50
43876786,50
43852583,50
43796982,11
43841421,50
43886190,50
43869528,50
43815301,47
43886456,50
43863006,50
43848995,50
43875302,50
43861594,50
43885413,50
43888192,50
43839468,50
43851835,50
43824718,49
43812794,11
43879900,50
43889649,51
43888297,50
43888336,50
43842089,50
43870037,50
43850430,50
43882778,50
43882724,50
43857664,50
43874524,50
43860559,50
43829860,49
43885676,50
43884454,50
43822913,49
43866261,50
43884450,50
43841052,50
43880200,50
43804714,11
43874715,50
43879127,50
43851443,50
43888753,50
43838406,50
43824419,49
43843062,50
43882202,50
43813293,11
43843130,50
43887826,50
43848505,50
43831942,49
43888864,50
43781654,11
43832999,49
43888982,50
43888983,50
43865717,50
43822100,49
43864236,50
43886455,50
43854688,50
43807077,11
43888302,50
43742902,42
43891077,51
43881182,50
43883973,50
43891146,51
43889726,51
43866003,50
43879916,50
43846451,50
43765078,45
43839450,50
43854868,50
43835345,50
43885678,50
43842035,50
43852001,50
43882838,50
43876057,50
43882936,50
43828509,49
43888588,50
43859961,50
43884737,50
43797879,11
43878813,50
43798381,11
43813294,11
43888754,50
43873732,50
43865433,50
43854028,50
43856923,50
43701299,40
43851466,50
43876584,50
43876586,50
43835633,50
43848754,50
43882302,50
43891715,51
43841420,50
43795900,11
43885230,50
43818101,48
43890989,51
43848975,50
43886779,50
43853496,50
43882583,50
43888301,50
43886777,50
43888244,50
43874436,50
43885414,50
43850552,50
43891126,51
43846482,50
43891214,51
43889849,51
43891213,51
43841024,50
43891346,51
43859355,50
43882974,50
43878957,50
43891436,51
43891438,51
43852288,50
43811913,11
43862329,50
43857930,50
43855137,50
43863553,50
43882092,50
43873731,50
43821390,49
43887706,50
43782568,11
43848729,50
43882157,50
43882156,50
43804977,11
43765495,45
43680785,37
43848755,50
43813348,11
43863719,50
43886100,50
43798746,11
43801346,11
43880560,50
43676482,37
43830079,49
43844444,50
43886189,50
43851721,50
43851719,50
43886486,50
43850216,50
43756669,44
43843163,50
43869767,50
43840487,50
43825571,49
43783287,11
43888228,50
43854641,50
43891052,51
43872609,50
43892535,51
43850530,50
43871764,50
43889665,51
43892632,51
43877201,50
43887058,50
43831240,49
43887205,50
43866141,50
43849467,50
43867551,50
43866262,50
43870689,50
43829590,49
43888589,50
43855976,50
43860589,50
43871858,50
43876143,50
43881788,50
43881977,50
43862618,50
43750648,44
43863631,50
43880344,50
43855200,50
43778899,11
43831943,49
43862898,50
43868348,50
43874972,50
43886146,50
43890746,51
43888981,50
43846094,50
43890849,51
43888019,50
43886144,50
43868539,50
43834938,50
43865725,50
43864150,50
43732550,41
43890950,51
43886454,50
43880868,50
43892155,51
43858552,50
43854640,50
43857228,50
43874156,50
43892154,51
43872590,50
43883825,50
43853104,50
43876999,50
43827976,49
43889666,51
43815536,47
43893866,52
43853302,50
43872951,50
43839971,50
43886785,50
43893873,52
43889725,51
43854197,50
43840957,50
43863552,50
43878841,50
43876312,50
43874635,50
43836929,50
43873673,50
43867723,50
43873288,50
43860675,50
43856746,50
43894279,52
43866409,50
43851275,50
43882030,50
43887707,50
43864719,50
43789970,11
43871139,50
43796401,11
43834569,50
43746980,44
43795719,11
43891716,51
43891714,51
43865592,50
43890783,51
43890848,51
43886145,50
43770766,45
43869728,50
43580601,33
43858551,50
43854567,50
43826544,49
43857407,50
43886563,50
43773551,45
43886562,50
43893875,52
43874280,50
43822248,49
43878346,50
43888191,50
43888229,50
43893874,52
43861681,50
43640052,37
43881288,50
43836515,50
43887052,50
43882725,50
43884328,50
43839801,50
43888592,50
43870612,50
43890120,51
43880199,50
43828346,49
43884777,50
43868059,50
43845955,50
43857038,50
43820657,48
43813499,11
43894559,52
43894558,52
43834886,50
43889168,50
43879617,50
43673945,37
43695075,40
43886261,50
43869690,50
43896524,52
43897701,52
43876927,50
43876998,50
43896563,52
43843277,50
43890990,51
43896562,52
43865788,50
43830850,49
43891115,51
43863228,50
43896720,52
43888337,50
43889631,51
43889648,51
43841028,50
43856273,50
43876145,50
43873311,50
43755414,44
43887411,50
43888579,50
43859391,50
43887331,50
43894162,52
43865204,50
43857974,50
43843131,50
43848632,50
43887827,50
43795709,11
43866580,50
43824747,49
43890739,51
43890737,51
43780307,11
43896367,52
43801345,11
43844477,50
43872279,50
43888060,50
43861197,50
43773431,45
43868511,50
43880823,50
43835972,50
43894717,52
43864053,50
43838775,50
43890859,51
43851656,50
43802890,11
43896525,52
43897834,52
43865787,50
43636234,37
43898021,52
43886942,50
43850353,50
43755271,44
43762249,45
43882776,50
43891144,51
43864613,50
43872934,50
43765304,45
43891295,51
43853587,50
43835325,50
43887194,50
43899684,52
43887366,50
43877552,50
43888682,50
43891392,51
43890119,51
43885873,50
43891499,51
43872014,50
43757321,44
43834568,50
43843180,50
43897256,52
43900052,52
43896366,52
43888862,50
43857168,50
43851720,50
43848933,50
43830924,49
43899348,52
43872280,50
43852639,50
43896523,52
43874279,50
43756736,44
43896595,52
43896596,52
43851822,50
43791444,11
43888246,50
43888247,50
43847647,50
43801657,11
43885604,50
43898236,52
43860497,50
43895542,52
43884455,50
43857414,50
43891281,51
43895543,52
43790663,11
43873312,50
43855055,50
43899753,52
43876223,50
43874587,50
43891500,51
43834410,50
43848335,50
43898883,52
43854052,50
43894341,52
43883209,50
43897254,52
43893123,52
43798382,11
43900041,52
43821480,49
43842142,50
43894449,52
43835807,50
43879553,50
43822047,49
43750127,44
43876925,50
43782713,11
43888058,50
43900362,52
43861769,50
43840670,50
43886506,50
43897722,52
43902171,52
43776403,11
43886505,50
43842088,50
43900812,52
43865916,50
43868725,50
43899507,52
43829594,49
43854867,50
43888380,50
43838135,50
43882837,50
43889850,51
43756686,44
43854914,50
43806090,11
43836746,50
43892701,51
43716717,41
43870728,50
43892741,51
43891309,51
43813211,11
43888578,50
43864720,50
43824149,49
43876224,50
43857929,50
43899751,52
43881868,50
43824259,49
43883109,50
43868081,50
43901636,52
43902749,52
43884867,50
43885858,50
43894342,52
43883208,50
43865542,50
43899995,52
43900039,52
43871332,50
43844351,50
43896504,52
43869529,50
43832028,49
43897488,52
43837638,50
43835973,50
43637308,37
43883824,50
43764030,45
43890967,51
43896608,52
43822778,49
43889647,51
43861608,50
43889776,51
43828247,49
43874418,50
43902530,52
43892700,51
43891283,51
43860558,50
43895589,52
43866140,50
43883080,50
43896976,52
43888577,50
43894159,52
43878955,50
43842600,50
43899762,52
43770986,45
43820061,48
43902563,52
43902564,52
43904201,52
43902659,52
43856799,50
43873299,50
43896052,52
43857931,50
43904576,52
43873796,50
43893438,52
43882303,50
43894495,52
43865643,50
43531342,30
43894715,52
43902967,52
43810951,11
43894806,52
43791445,11
43902058,52
43897703,52
43900469,52
43799269,11
43896644,52
43890952,51
43890988,51
43829520,49
43896609,52
43902284,52
43860316,50
43865791,50
43881181,50
43886778,50
43871604,50
43867298,50
43773578,45
43900900,52
43884148,50
43853477,50
43861770,50
43833905,50
43889695,51
43903972,52
43874483,50
43902529,52
43905300,52
43884506,50
43902505,52
43876222,50
43905342,52
43905343,52
43898576,52
43849368,50
43905475,52
43898575,52
43901637,52
43835461,50
43891584,51
43868025,50
43891544,51
43871990,50
43896200,52
43904577,52
43873216,50
43874844,50
43842601,50
43831769,49
43846905,50
43810617,11
43866579,50
43886099,50
43879600,50
43902090,52
43855396,50
43818008,48
43904829,52
43819218,48
43851654,50
43855524,50
43897552,52
43841524,50
43904830,52
43904828,52
43878092,50
43902060,52
43869727,50
43900363,52
43848994,50
43890968,51
43869689,50
43900470,52
43900688,52
43885353,50
43897860,52
43849057,50
43864235,50
43850200,50
43898020,52
43898019,52
43893897,52
43863101,50
43797438,11
43854962,50
43877280,50
43891345,51
43892699,51
43898453,52
43877442,50
43878812,50
43905326,52
43899752,52
43895741,52
43899783,52
43874588,50
43895860,52
43907098,52
43896141,52
43883193,50
43884868,50
43876585,50
43904568,52
43849533,50
43902828,52
43896142,52
43760097,45
43820746,48
43760075,45
43624645,36
43900053,52
43829239,49
43903067,52
43871204,50
43899211,52
43886525,50
43876979,50
43876890,50
43864054,50
43886450,50
43894809,52
43906100,52
43852917,50
43857516,50
43818242,48
43839001,50
43891114,51
43891117,51
43878280,50
43903706,52
43871512,50
43906512,52
43875728,50
43881546,50
43898235,52
43902464,52
43891393,51
43838379,50
43888467,50
43884456,50
43876144,50
43882973,50
43898706,52
43891437,51
43825638,49
43905392,52
43868026,50
43904441,52
43898885,52
43901318,52
43857794,50
43902750,52
43905539,52
43894364,52
43890625,51
43894340,52
43715091,41
43900241,52
43831032,49
43862899,50
43812458,11
43902083,52
43877952,50
43830342,49
43899339,52
43826807,49
43907780,52
43897859,52
43888298,50
43869949,50
43853229,50
43878539,50
43858909,50
43888324,50
43884147,50
43903704,52
43896725,52
43889807,51
43888514,50
43860676,50
43906682,52
43884327,50
43853629,50
43842377,50
43841029,50
43904283,52
43848334,50
43843927,50
43901534,52
43866284,50
43855067,50
43878997,50
43888737,50
43879128,50
43860616,50
43844299,50
43908640,52
43838622,50
43900213,52
43871341,50
43900364,52
43802201,11
43832053,49
43813822,11
43797129,11
43886784,50
43906253,52
43882723,50
43906390,52
43811463,11
43905173,52
43910744,52
43850529,50
43895302,52
43903705,52
43903843,52
43887059,50
43882869,50
43889851,51
43895626,52
43852002,50
43891282,51
43909544,52
43891344,51
43828375,49
43839739,50
43881571,50
43910955,52
43839631,50
43839928,50
43852287,50
43905497,52
43905496,52
43868080,50
43888738,50
43845948,50
43866408,50
43905537,52
43865434,50
43784261,11
43865642,50
43797300,11
43841579,50
43902091,52
43902968,52
43848911,50
43890951,51
43907779,52
43911855,52
43907873,52
43847737,50
43910673,52
43875711,50
43872897,50
43892534,51
43882644,50
43910729,52
43906511,52
43895266,52
43879989,50
43853628,50
43912297,52
43900962,52
43903924,52
43909545,52
43874486,50
43902504,52
43838380,50
43902528,52
43870434,50
43845575,50
43876600,50
43839927,50
43881841,50
43881958,50
43881840,50
43877592,50
43898851,52
43859560,50
43893289,52
43871915,50
43802122,11
43874854,50
43894323,52
43888860,50
43899994,52
43798246,11
43873959,50
43857202,50
43868488,50
43876950,50
43890858,51
43897489,52
43891999,51
43841823,50
43903230,52
43879597,50
43906203,52
43897683,52
43897684,52
43911642,52
43860154,50
43882584,50
43885368,50
43907872,52
43891049,51
43910671,52
43765367,45
43877424,50
43889777,51
43858918,50
43849222,50
43910826,52
43899686,52
43908039,52
43868824,50
43898163,52
43903981,52
43908135,52
43896860,52
43842739,50
43911029,52
43866314,50
43909789,52
43825478,49
43863619,50
43910089,52
43913872,52
43881959,50
43878858,50
43893336,52
43851442,50
43910091,52
43853926,50
43857134,50
43904558,52
43902827,52
43758927,44
43887946,50
43911593,52
43904945,52
43886284,50
43872591,50
43858593,50
43791489,11
43897835,52
43886706,50
43889632,51
43850640,50
43900766,52
43900964,52
43808933,11
43902266,52
43875729,50
43895267,52
43903925,52
43913507,52
43807415,11
43915119,52
43909543,52
43912416,52
43887015,50
43888505,50
43867213,50
43912417,52
43902463,52
43890306,51
43767145,45
43880014,50
43854946,50
43870611,50
43860569,50
43724825,41
43883089,50
43912621,52
43883107,50
43912725,52
43902658,52
43832497,49
43910093,52
43874843,50
43888659,50
43915655,52
43855198,50
43852338,50
43866501,50
43899103,52
43910170,52
43879288,50
43804990,11
43901984,52
43897490,52
43746181,44
43847095,50
43798493,11
43907578,52
43872499,50
43906102,52
43848908,50
43903212,52
43913420,52
43843456,50
43848946,50
43857549,50
43911827,52
43916218,52
43892550,51
43898234,52
43914906,52
43887014,50
43836747,50
43912425,52
43829861,49
43896923,52
43895799,52
43915261,52
43899761,52
43906894,52
43883014,50
43885561,50
43845485,50
43883122,50
43798084,11
43913794,52
43894281,52
43913873,52
43882870,50
43904440,52
43910042,52
43844026,50
43807628,11
43893187,52
43885917,50
43884893,50
43893186,52
43857135,50
43916827,52
43731027,41
43839878,50
43792874,11
43908638,52
43908639,52
43880822,50
43914521,52
43848758,50
43841727,50
43886524,50
43865779,50
43852979,50
43861603,50
43864409,50
43916219,52
43906301,52
43776600,11
43889746,51
43900901,52
43913489,52
43916322,52
43877138,50
43912300,52
43853476,50
43908071,52
43916441,52
43902562,52
43910866,52
43916440,52
43918064,52
43894397,52
43913893,52
43913829,52
43880230,50
43918360,52
43885874,50
43912974,52
43842747,50
43882264,50
43910169,52
43914042,52
43889169,50
43827301,49
43857406,50
43911422,52
43906202,52
43895006,52
43863047,50
43906101,52
43917477,52
43908992,52
43910684,52
43916149,52
43916148,52
43886705,50
43899529,52
43838119,50
43868825,50
43913488,52
43910742,52
43891145,51
43905174,52
43888349,50
43882613,50
43860447,50
43889852,51
43871696,50
43870362,50
43915120,52
43916439,52
43887192,50
43909736,52
43916447,52
43918142,52
43912434,52
43892633,51
43915381,52
43884753,50
43893288,52
43916640,52
43898705,52
43865432,50
43907603,52
43840447,50
43844639,50
43810950,11
43865915,50
43918902,52
43885354,50
43920128,52
43914610,52
43914611,52
43891051,51
43883972,50
43903703,52
43917722,52
43863227,50
43821314,49
43902471,52
43887193,50
43919245,52
43902462,52
43789211,11
43909859,52
43899685,52
43862043,50
43879996,50
43857718,50
43884752,50
43838158,50
43907154,52
43897210,52
43910171,52
43908381,52
43912975,52
43916826,52
43904559,52
43861246,50
43899158,52
43890738,51
43901983,52
43902918,52
43902094,52
43911454,52
43911453,52
43902075,52
43907607,52
43809953,11
43872825,50
43906204,52
43794310,11
43886597,50
43879786,50
43894850,52
43851834,50
43909116,52
43892153,51
43917408,52
43909117,52
43823940,49
43860250,50
43900689,52
43916277,52
43888245,50
43920556,52
43920481,52
43916321,52
43919244,52
43918121,52
43922022,52
43909788,52
43895859,52
43919419,52
43899784,52
43852307,50
43916641,52
43893387,52
43908409,52
43881869,50
43901306,52
43864889,50
43904569,52
43922351,52
43891583,51
43912966,52
43880428,50
43835404,50
43908429,52
43866502,50
43918646,52
43818903,48
43633213,37
43899230,52
43883719,50
43867032,50
43918815,52
43903231,52
43896505,52
43885207,50
43846093,50
43877951,50
43908993,52
43906251,52
43899349,52
43848907,50
43891050,51
43868540,50
43804355,11
43844911,50
43913510,52
43887367,50
43857631,50
43903926,52
43885562,50
43912298,52
43896890,52
43922058,52
43920661,52
43908136,52
43915380,52
43909734,52
43807660,11
43885765,50
43904193,52
43891588,51
43874388,50
43884451,50
43918143,52
43911030,52
43915533,52
43909848,52
43923757,53
43896114,52
43894251,52
43915652,52
43899919,52
43898884,52
43924002,53
43894408,52
43896051,52
43804801,11
43912967,52
43893439,52
43669292,37
43855351,50
43922540,52
43897474,52
43788548,11
43815300,47
43894716,52
43907579,52
43877021,50
43890847,51
43918967,52
43844673,50
43852785,50
43886199,50
43890782,51
43900471,52
43869753,50
43917253,52
43921634,52
43910429,52
43802884,11
43851833,50
43907757,52
43918903,52
43790228,11
43861451,50
43923167,54
43899463,52
43916331,52
43905172,52
43921970,52
43919175,52
43843716,50
43882802,50
43843715,50
43773909,45
43916496,52
43916445,52
43885675,50
43880105,50
43895322,52
43912424,52
43915262,52
43909735,52
43885766,50
43907404,52
43884508,50
43918260,52
43877425,50
43922252,52
43919475,52
43916696,52
43913928,52
43909849,52
43916774,52
43925192,53
43896097,52
43890674,51
43919749,52
43795734,11
43806894,11
43908554,52
43903019,52
43922484,52
43918897,52
43897455,52
43902059,52
43835940,50
43916076,52
43854568,50
43914520,52
43919022,52
43925832,53
43829576,49
43869726,50
43922939,54
43830959,49
43907861,52
43907758,52
43850201,50
43868637,50
43913509,52
43850366,50
43912126,52
43917799,52
43910672,52
43916332,52
43847986,50
43811524,11
43913530,52
43887053,50
43879915,50
43892548,51
43887207,50
43895544,52
43869137,50
43901305,52
43919433,52
43916595,52
43919434,52
43912724,52
43873795,50
43910148,52
43882101,50
43915605,52
43924133,53
43907316,52
43893423,52
43826330,49
43835674,50
43927106,53
43899159,52
43885367,50
43925482,53
43886507,50
43876889,50
43874089,50
43885352,50
43906252,52
43914612,52
43899338,52
43801538,11
43888379,50
43903840,52
43877199,50
43910743,52
43926281,53
43926347,53
43868836,50
43926328,53
43889808,51
43873287,50
43906483,52
43915299,52
43826930,49
43923756,53
43894228,52
43894161,52
43878840,50
43884751,50
43839469,50
43927938,53
43927906,53
43912782,52
43921316,52
43845486,50
43900043,52
43924132,53
43894447,52
43894448,52
43916953,52
43904847,52
43841908,50
43916069,52
43886285,50
43815363,47
43908748,52
43924458,53
43837751,50
43914526,52
43928610,53
43770647,45
43904946,52
43906300,52
43917478,52
43871514,50
43921805,52
43881183,50
43920499,52
43921807,52
43896721,52
43734736,41
43908072,52
43922059,52
43922023,52
43922017,52
43894252,52
43906809,52
43929347,53
43888506,50
43880126,50
43895858,52
43922214,52
43927849,53
43887694,50
43907327,52
43910041,52
43823986,49
43925185,53
43837359,50
43866503,50
43754428,44
43896402,52
43927104,53
43927254,53
43927325,53
43754822,44
43924554,53
43840637,50
43907608,52
43893914,52
43927356,53
43925831,53
43775046,46
43902261,52
43907843,52
43911907,52
43927497,53
43923165,54
43906389,52
43930291,53
43877200,50
43924682,53
43892549,51
43906681,52
43885679,50
43905175,52
43863277,50
43880044,50
43919246,52
43876929,50
43908308,52
43922159,52
43926658,53
43910090,52
43929661,53
43927937,53
43842843,50
43925184,53
43930822,53
43929806,53
43853527,50
43846906,50
43738047,43
43829147,49
43875030,50
43911424,52
43901982,52
43918816,52
43865593,50
43919748,52
43867008,50
43843278,50
43927355,53
43749996,44
43900405,52
43907844,52
43920129,52
43919021,52
43927326,53
43925898,53
43930258,53
43868823,50
43902283,52
43920399,52
43920501,52
43920517,52
43927498,53
43931802,55
43882803,50
43931795,55
43870204,50
43921957,52
43857608,50
43844924,50
43909432,52
43903971,52
43896891,52
43885547,50
43922016,52
43922086,52
43930409,53
43910977,52
43874416,50
43922088,52
43871742,50
43917974,52
43907099,52
43851230,50
43859230,50
43922129,52
43912798,52
43929542,53
43923755,53
43909990,52
43924051,53
43908161,52
43866266,50
43895798,52
43905538,52
43925015,53
43849466,50
43891589,51
43908380,52
43927951,53
43927001,53
43918612,52
43844047,50
43876722,50
43863720,50
43924410,53
43896618,52
43849145,50
43894647,52
43916054,52
43869712,50
43931257,55
43920202,52
43932934,55
43896645,52
43928693,53
43907778,52
43921806,52
43930242,53
43930243,53
43902084,52
43917443,52
43920516,52
43902260,52
43875727,50
43927585,53
43822685,49
43931801,55
43866226,50
43770959,45
43879990,50
43912299,52
43898454,52
43910867,52
43922015,52
43922158,52
43916495,52
43932145,55
43932049,55
43905341,52
43924959,53
43924956,53
43926523,53
43924992,53
43908162,52
43916615,52
43923882,53
43866315,50
43926678,53
43929543,53
43921151,52
43844027,50
43927848,53
43884970,50
43907373,52
43806706,11
43898852,52
43885916,50
43927000,53
43893422,52
43760239,45
43885503,50
43872405,50
43891678,51
43922539,52
43933630,55
43790365,11
43871142,50
43925435,53
43852672,50
43925520,53
43902080,52
43925402,53
43927221,53
43830343,49
43914382,52
43922999,54
43930071,53
43902189,52
43861247,50
43924457,53
43931370,55
43839306,50
43861449,50
43914707,52
43811228,11
43849893,50
43924610,53
43931535,55
43896619,52
43927499,53
43857719,50
43911906,52
43926296,53
43877137,50
43853145,50
43917721,52
43914864,52
43902307,52
43908073,52
43895693,52
43894160,52
43867449,50
43790790,11
43918063,52
43879955,50
43933359,55
43934971,55
43926521,53
43915379,52
43879425,50
43911067,52
43863400,50
43909787,52
43933482,55
43874853,50
43933517,55
43902602,52
43905582,52
43918739,52
43932732,55
43925434,53
43854529,50
43902095,52
43925484,53
43928318,53
43753632,44
43927287,53
43921667,52
43871331,50
43930132,53
43932935,55
43935771,55
43865778,50
43888350,50
43877022,50
43909715,52
43933165,55
43928902,53
43928949,53
43848902,50
43928904,53
43910728,52
43934777,55
43931979,55
43877141,50
43929346,53
43891116,51
43922024,52
43926410,53
43870354,50
43904152,52
43908307,52
43912503,52
43916562,52
43705369,40
43905327,52
43936191,55
43880104,50
43896885,52
43929293,53
43923872,53
43935048,55
43929544,53
43918463,52
43913769,52
43871901,50
43924043,53
43764722,45
43781467,11
43827532,49
43925704,53
43902081,52
43784727,11
43908703,52
43669946,37
43907602,52
43922541,52
43922571,52
43927138,53
43914383,52
43935714,55
43916070,52
43935657,55
43897475,52
43930088,53
43914527,52
43931458,55
43916220,52
43930134,53
43916075,52
43935713,55
43931472,55
43927430,53
43927465,53
43934474,55
43928905,53
43935926,55
43906543,52
43853410,50
43895321,52
43860487,50
43933215,55
43933281,55
43934873,55
43863434,50
43904200,52
43911068,52
43892740,51
43810302,11
43937791,55
43913894,52
43894409,52
43924993,53
43896886,52
43933455,55
43932388,55
43926883,53
43899104,52
43876373,50
43890305,51
43883192,50
43883238,50
43835909,50
43880561,50
43916952,52
43782714,11
43868503,50
43914327,52
43886200,50
43924435,53
43853146,50
43885237,50
43923028,54
43899340,52
43924548,53
43863048,50
43911856,52
43924643,53
43868709,50
43923168,54
43893867,52
43927466,53
43920558,52
43920557,52
43934449,55
43935948,55
43928948,53
43920500,52
43915100,52
43937596,55
43901317,52
43933291,55
43937665,55
43933260,55
43926522,53
43937680,55
43937674,55
43881789,50
43910978,52
43938983,55
43919432,52
43866285,50
43893421,52
43919418,52
43854058,50
43857088,50
43725548,41
43872498,50
43894541,52
43907515,52
43928436,53
43939534,55
43939535,55
43938508,55
43854530,50
43939779,55
43909115,52
43925897,53
43916320,52
43903702,52
43940050,55
43934447,55
43936052,55
43935927,55
43913529,52
43917800,52
43930408,53
43940242,55
43895590,52
43906683,52
43926253,53
43931796,55
43924869,53
43933261,55
43936064,55
43905299,52
43924870,53
43887438,50
43937779,55
43891308,51
43936199,55
43873213,50
43924960,53
43937728,55
43922031,52
43918312,52
43934930,55
43894227,52
43905583,52
43918261,52
43906808,52
43930593,53
43929405,53
43872002,50
43916674,52
43919476,52
43933407,55
43939138,55
43941013,55
43888421,50
43940874,55
43882893,50
43918586,52
43938138,55
43935397,55
43899996,52
43899231,52
43882403,50
43869713,50
43936771,55
43914325,52
43935770,55
43928692,53
43904936,52
43886704,50
43925833,53
43923113,54
43924642,53
43875730,50
43935776,55
43889696,51
43940048,55
43940195,55
43899530,52
43920436,52
43896514,52
43880387,50
43934776,55
43912435,52
43924762,53
43924760,53
43941755,55
43937780,55
43871916,50
43936198,55
43925061,53
43939068,55
43918361,52
43918313,52
43925062,53
43888451,50
43884738,50
43912783,52
43857793,50
43924022,53
43926659,53
43929707,53
43872001,50
43915606,52
43933558,55
43916697,52
43893386,52
43935396,55
43871248,50
43868490,50
43907741,52
43925705,53
43917444,52
43878385,50
43902285,52
43939808,55
43939778,55
43930131,53
43942629,55
43863222,50
43754979,44
43925623,53
43931537,55
43941455,55
43877142,50
43937066,55
43857769,50
43886752,50
43939965,55
43937260,55
43933109,55
43913506,52
43927556,53
43927557,53
43941574,55
43796400,11
43903982,52
43938907,55
43935981,55
43935980,55
43896997,52
43943125,55
43933378,55
43922087,52
43881545,50
43918133,52
43908198,52
43943374,55
43940708,55
43936189,55
43925133,53
43924050,53
43943566,55
43940707,55
43939046,55
43930685,53
43897154,52
43838001,50
43940899,55
43918587,52
43936350,55
43935295,55
43941985,55
43871141,50
43939352,55
43865628,50
43905657,52
43939619,55
43868349,50
43918906,52
43897702,52
43927255,53
43868444,50
43922835,54
43867009,50
43861448,50
43878386,50
43924549,53
43918907,52
43900813,52
43871468,50
43927431,53
43906388,52
43886333,50
43902190,52
43937394,55
43815819,47
43903707,52
43909172,52
43934448,55
43931775,55
43919119,52
43941576,55
43892698,51
43931774,55
43901535,52
43944451,55
43902358,52
43871221,50
43870767,50
43915492,52
43934929,55
43937693,55
43804160,11
43923883,53
43916616,52
43880324,50
43890673,51
43925158,53
43888861,50
43874877,50
43897257,52
43913148,52
43866578,50
43897551,52
43941159,55
43847239,50
43938361,55
43925403,53
43907597,52
43938362,55
43894960,52
43903017,52
43930060,53
43934024,55
43865934,50
43944227,55
43944180,55
43766597,45
43942759,55
43919120,52
43944297,55
43931536,55
43933214,55
43904154,52
43934931,55
43933282,55
43936190,55
43909988,52
43941698,55
43915378,52
43927750,53
43944723,55
43908199,52
43935097,55
43938984,55
43925153,53
43929805,53
43871140,50
43882404,50
43932733,55
43946784,55
43844912,50
43907596,52
43932907,55
43939599,55
43930070,53
43945235,55
43916094,52
43864055,50
43902191,52
43938605,55
43925896,53
43942639,55
43932961,55
43888026,50
43892286,51
43937304,55
43905119,52
43945727,55
43903592,52
43914905,52
43839451,50
43906544,52
43833903,50
43944512,55
43930407,53
43943124,55
43941680,55
43921968,52
43852035,50
43944452,55
43943170,55
43933259,55
43896996,52
43947312,55
43938902,55
43823193,49
43944537,55
43790882,11
43880201,50
43930594,53
43937694,55
43911028,52
43909989,52
43896113,52
43883015,50
43943513,55
43933408,55
43883079,50
43924023,53
43896098,52
43932525,55
43932524,55
43933629,55
43932731,55
43872608,50
43832027,49
43944073,55
43939353,55
43924415,53
43825082,49
43610258,36
43855352,50
43948074,55
43934023,55
43910389,52
43944181,55
43911905,52
43881084,50
43907740,52
43942631,55
43931457,55
43927449,53
43928740,53
43927483,53
43938809,55
43930292,53
43919174,52
43945759,55
43933093,55
43937354,55
43889650,51
43945728,55
43920479,52
43888464,50
43941699,55
43836639,50
43934981,55
43905317,52
43938943,55
43937594,55
43944536,55
43938859,55
43905337,52
43933396,55
43948846,55
43901071,52
43899583,52
43937793,55
43937679,55
43904153,52
43934778,55
43943512,55
43941780,55
43937952,55
43946646,55
43914008,52
43944774,55
43941986,55
43914006,52
43828761,49
43894450,52
43932748,55
43949613,55
43886485,50
43927220,53
43871247,50
43919784,52
43914326,52
43888059,50
43922561,52
43925483,53
43927286,53
43851759,50
43948002,55
43945346,55
43889170,50
43771635,45
43945345,55
43945403,55
43949791,55
43878344,50
43935687,55
43927484,53
43942756,55
43773552,45
43928903,53
43920203,52
43916450,52
43934472,55
43949935,55
43948567,55
43913734,52
43933167,55
43909430,52
43872896,50
43933166,55
43896681,52
43948781,55
43948783,55
43940244,55
43937716,55
43950115,55
43926563,53
43737260,41
43926882,53
43936276,55
43944570,55
43947401,55
43905344,52
43944724,55
43949152,55
43937953,55
43935294,55
43946577,55
43891545,51
43929804,53
43947647,55
43859894,50
43891677,51
43939245,55
43938396,55
43906459,52
43899178,52
43925521,53
43939354,55
43941160,55
43832052,49
43930072,53
43944058,55
43878471,50
43906460,52
43910388,52
43892000,51
43935777,55
43948029,55
43860448,50
43934046,55
43892287,51
43945301,55
43907739,52
43949814,55
43942630,55
43920127,52
43928611,53
43893927,52
43923095,54
43951398,55
43941456,55
43871471,50
43914926,52
43949986,55
43936066,55
43948526,55
43900767,52
43898033,52
43945775,55
43934475,55
43931800,55
43941631,55
43941604,55
43934836,55
43926278,53
43947369,55
43950114,55
43931980,55
43884505,50
43938955,55
43905318,52
43949075,55
43950247,55
43943567,55
43924994,53
43949135,55
43941823,55
43912620,52
43923962,53
43944719,55
43930684,53
43943588,55
43876599,50
43933559,55
43905658,52
43907577,52
43922445,52
43927139,53
43902917,52
43949611,55
43950718,55
43914416,52
43936770,55
43843504,50
43935656,55
43927203,53
43949812,55
43924411,53
43942638,55
43875530,50
43951268,55
43944296,55
43927448,53
43945608,55
43912250,52
43910825,52
43945871,55
43950162,55
43952970,55
43932050,55
43860496,50
43952996,55
43947311,55
43948847,55
43951748,55
43937675,55
43944642,55
43946117,55
43880323,50
43933463,55
43943740,55
43935169,55
43944672,55
43932620,55
43915791,52
43938195,55
43918498,52
43930821,53
43859540,50
43829076,49
43876721,50
43925622,53
43861156,50
43931383,55
43950656,55
43948068,55
43897454,52
43900687,52
43936769,55
43938413,55
43908994,52
43945402,55
43923096,54
43788474,11
43952675,55
43642995,37
43935863,55
43951201,55
43942811,55
43934473,55
43933108,55
43909654,52
43950098,55
43917798,52
43945726,55
43902601,52
43947309,55
43888513,50
43903842,52
43948782,55
43926279,53
43943150,55
43950163,55
43950097,55
43934835,55
43926562,53
43909844,52
43954572,55
43835634,50
43913830,52
43943496,55
43947400,55
43943497,55
43949076,55
43939045,55
43927805,53
43909845,52
43923873,53
43943617,55
43940876,55
43943741,55
43946579,55
43944773,55
43947646,55
43840126,50
43894451,52
43953403,55
43879554,50
43872180,50
43919794,52
43927105,53
43952398,55
43946785,55
43904849,52
43938507,55
43916093,52
43858604,50
43951103,55
43872425,50
43952750,55
43849221,50
43898162,52
43954112,55
43951390,55
43921967,52
43951428,55
43915099,52
43896859,52
43942868,55
43872824,50
43909431,52
43933202,55
43933201,55
43955693,55
43922057,52
43893928,52
43949077,55
43918122,52
43954573,55
43941684,55
43849547,50
43892782,51
43905476,52
43935047,55
43925016,53
43949037,55
43811912,11
43915654,52
43941824,55
43938017,55
43916825,52
43949312,55
43779599,11
43953284,55
43851384,50
43908453,52
43815255,47
43888863,50
43792912,11
43894540,52
43900214,52
43950687,55
43918817,52
43950798,55
43955323,55
43948191,55
43952620,55
43911641,52
43944143,55
43942509,55
43939777,55
43839283,50
43945410,55
43952761,55
43905069,52
43883718,50
43951397,55
43924592,53
43942852,55
43931471,55
43945774,55
43931776,55
43955762,55
43955809,55
43927748,53
43950175,55
43955763,55
43954686,55
43957436,55
43943294,55
43943295,55
43950186,55
43957530,55
43921315,52
43907328,52
43935075,55
43894280,52
43955907,55
43949311,55
43921152,52
43912502,52
43932389,55
43913735,52
43927907,53
43953285,55
43849894,50
43958016,55
43948066,55
43771616,45
43945233,55
43944059,55
43948190,55
43952637,55
43928612,53
43935756,55
43956915,55
43937353,55
43886547,50
43942867,55
43906484,52
43947253,55
43944457,55
43938808,55
43936275,55
43933397,55
43950185,55
43943171,55
43927749,53
43949008,55
43941633,55
43957437,55
43904343,52
43955908,55
43954860,55
43951813,55
43940875,55
43929662,53
43830045,49
43935458,55
43908452,52
43908428,52
43854315,50
43876951,50
43932725,55
43899177,52
43903018,52
43953482,55
43941161,55
43952399,55
43924434,53
43945234,55
43950797,55
43924433,53
43855525,50
43916053,52
43916118,52
43938604,55
43944170,55
43881289,50
43909207,52
43917254,52
43905118,52
43886943,50
43788489,11
43933110,55
43949934,55
43945773,55
43944458,55
43912127,52
43955704,55
43947254,55
43924761,53
43937392,55
43952902,55
43920105,52
43839002,50
43957454,55
43912234,52
43838339,50
43936053,55
43937751,55
43935076,55
43955920,55
43955881,55
43955853,55
43946212,55
43958737,55
43957531,55
43952040,55
43949440,55
43924215,53
43958838,55
43915790,52
43865629,50
43955141,55
43900326,52
43953555,55
43834818,50
43952397,55
43905068,52
43939966,55
43944142,55
43796049,11
43944287,55
43944286,55
43881083,50
43818371,48
43954111,55
43961171,55
43958453,55
43846211,50
43954349,55
43949038,55
43938860,55
43937595,55
43888381,50
43955690,55
43888660,50
43960074,55
43960081,55
43918134,52
43953025,55
43957502,55
43913757,52
43922211,52
43953130,55
43943375,55
43912466,52
43938139,55
43927806,53
43960491,55
43958694,55
43876311,50
43925157,53
43954832,55
43884792,50
43941012,55
43888000,50
43933780,55
43921545,52
43950465,55
43908671,52
43924416,53
43960810,55
43938369,55
43908704,52
43948073,55
43960918,55
43776302,11
43935769,55
43925858,53
43934208,55
43925511,53
43944308,55
43951013,55
43958270,55
43945475,55
43961165,55
43952799,55
43950005,55
43961237,55
43916376,52
43952971,55
43946118,55
43960053,55
43937715,55
43961469,55
43916691,52
43961465,55
43961466,55
43947398,55
43897153,52
43963253,55
43963211,55
43961634,55
43927952,53
43910244,52
43947618,55
43784039,11
43830172,49
43754823,44
43922570,52
43947757,55
43661179,37
43904848,52
43874088,50
43938395,55
43924547,53
43950717,55
43960907,55
43918898,52
43860155,50
43952513,55
43944141,55
43961040,55
43951104,55
43913419,52
43944169,55
43941290,55
43944238,55
43878279,50
43963946,55
43933164,55
43961238,55
43959865,55
43959926,55
43935905,55
43944511,55
43922107,52
43905351,52
43937792,55
43894322,52
43955914,55
43908455,52
43936400,55
43857248,50
43927204,53
43956204,55
43875029,50
43872178,50
43931299,55
43960812,55
43885208,50
43935658,55
43922853,54
43960920,55
43923027,54
43918915,52
43833695,50
43939533,55
43868726,50
43861450,50
43944140,55
43945474,55
43920471,52
43955605,55
43922834,54
43951219,55
43889727,51
43937303,55
43843681,50
43933092,55
43961166,55
43951242,55
43924957,53
43860570,50
43889778,51
43889747,51
43941639,55
43958452,55
43926346,53
43810301,11
43955852,55
43960218,55
43954646,55
43933516,55
43925152,53
43963152,55
43930491,53
43873730,50
43922213,52
43912799,52
43936204,55
43947619,55
43902731,52
43904807,52
43786424,11
43860015,50
43894648,52
43919785,52
43874086,50
43950655,55
43950685,55
43930831,53
43960811,55
43927256,53
43956359,55
43900520,52
43885238,50
43932730,55
43944060,55
43964894,55
43949626,55
43904914,52
43941291,55
43905393,52
43922938,54
43951014,55
43835028,50
43931298,55
43966721,55
43929175,53
43945761,55
43933203,55
43961230,55
43895627,52
43959927,55
43946037,55
43941682,55
43888591,50
43954687,55
43962817,55
43957435,55
43938815,55
43944641,55
43966979,55
43960219,55
43967067,55
43895599,52
43954685,55
43849575,50
43958739,55
43963252,55
43930665,53
43914005,52
43902732,52
43929624,53
43943693,55
43950442,55
43930823,53
43963156,55
43963155,55
43922350,52
43941091,55
43952351,55
43967334,55
43894494,52
43946806,55
43901415,52
43938349,55
43890747,51
43960908,55
43952468,55
43960958,55
43952575,55
43964974,55
43965186,55
43933049,55
43923026,54
43951243,55
43920472,52
43966676,55
43927441,53
43966673,55
43794356,11
43936083,55
43949955,55
43957179,55
43961199,55
43868841,50
43951399,55
43927751,53
43760014,45
43961358,55
43926348,53
43849146,50
43953129,55
43947371,55
43949007,55
43960306,55
43883090,50
43958634,55
43960428,55
43880322,50
43958797,55
43964258,55
43941775,55
43855199,50
43944718,55
43857165,50
43929941,53
43952353,55
43941090,55
43966324,55
43955195,55
43969231,55
43944010,55
43964741,55
43946807,55
43963805,55
43945212,55
43921633,52
43960881,55
43964972,55
43955387,55
43966483,55
43954013,55
43958354,55
43963709,55
43878214,50
43955314,55
43920435,52
43951262,55
43931797,55
43952749,55
43934890,55
43942810,55
43871605,50
43958391,55
43964015,55
43907862,52
43921969,52
43961239,55
43897942,52
43941774,55
43938906,55
43968336,55
43912415,52
43918003,52
43961328,55
43933227,55
43943149,55
43924948,53
43957296,55
43960073,55
43937663,55
43842348,50
43969811,55
43951905,55
43921078,52
43957584,55
43927934,53
43958693,55
43961470,55
43943569,55
43968870,55
43907374,52
43952138,55
43935162,55
43960490,55
43947523,55
43911204,52
43857164,50
43900054,52
43952352,55
43952518,55
43925859,53
43948067,55
43964785,55
43946842,55
43969358,55
43942757,55
43944213,55
43966594,55
43966604,55
43933935,55
43962333,55
43965155,55
43934207,55
43920480,52
43966674,55
43933138,55
43947145,55
43926409,53
43966773,55
43914925,52
43945725,55
43937393,55
43895541,52
43962803,55
43910375,52
43968231,55
43961359,55
43969657,55
43955764,55
43951814,55
43971276,55
43968490,55
43952995,55
43969764,55
43938942,55
43937717,55
43969742,55
43969789,55
43929174,53
43947524,55
43874634,50
43941792,55
43884507,50
43967068,55
43904151,52
43968741,55
43967069,55
43955919,55
43771221,45
43971647,55
43968835,55
43967120,55
43734851,41
43939139,55
43936399,55
43919580,52
43926679,53
43852258,50
43780451,11
43886058,50
43953402,55
43925565,53
43966468,55
43946978,55
43956422,55
43916119,52
43966595,55
43945344,55
43972230,55
43951202,55
43878388,50
43951095,55
43945281,55
43972280,55
43965154,55
43940047,55
43970935,55
43951270,55
43902286,52
43918052,52
43940243,55
43955702,55
43762007,45
43958451,55
43960082,55
43937664,55
43952943,55
43934980,55
43951747,55
43952997,55
43957177,55
43953026,55
43955813,55
43971494,55
43917973,52
43955916,55
43969788,55
43950187,55
43929404,53
43969865,55
43955915,55
43963118,55
43968703,55
43944722,55
43952139,55
43968841,55
43957455,55
43943692,55
43844030,50
43958875,55
43869363,50
43916951,52
43972922,55
43967353,55
43922486,52
43874157,50
43958063,55
43949612,55
43922560,52
43967525,55
43900406,52
43952576,55
43930059,53
43972100,55
43944183,55
43949790,55
43972168,55
43860251,50
43961041,55
43952639,55
43839409,50
43965012,55
43945280,55
43905483,52
43965187,55
43923166,54
43888420,50
43935505,55
43919118,52
43958379,55
43966820,55
43936065,55
43899506,52
43910727,52
43972415,55
43973963,55
43971035,55
43960054,55
43971277,55
43968489,55
43972473,55
43930771,53
43968614,55
43937678,55
43974231,55
43936082,55
43957434,55
43969787,55
43909858,52
43972677,55
43972641,55
43894324,52
43968613,55
43953071,55
43972657,55
43918333,52
43899102,52
43943538,55
43966040,55
43953143,55
43946647,55
43961623,55
43922444,52
43790119,11
43866725,50
43929940,53
43956100,55
43956101,55
43917024,52
43771636,45
43952514,55
43824952,49
43902172,52
43966531,55
43931369,55
43918935,52
43944168,55
43930133,53
43836603,50
43886596,50
43975052,55
43975050,55
43922852,54
43961172,55
43963945,55
43893898,52
43912467,52
43972428,55
43973977,55
43944397,55
43974187,55
43968687,55
43938954,55
43974253,55
43946211,55
43905297,52
43943393,55
43949153,55
43870484,50
43950248,55
43918332,52
43972655,55
43957512,55
43955945,55
43962720,55
43972734,55
43916750,52
43924003,53
43968993,55
43971706,55
43880427,50
43894630,52
43860095,50
43967527,55
43958015,55
43970400,55
43935484,55
43967643,55
43861157,50
43945347,55
43974993,55
43963600,55
43975071,55
43775443,46
43959444,55
43975072,55
43973477,55
43975073,55
43975051,55
43962719,55
43953880,55
43969462,55
43966675,55
43969578,55
43965153,55
43972296,55
43943126,55
43757925,44
43913886,52
43945760,55
43972472,55
43960004,55
43964014,55
43973851,55
43972427,55
43837886,50
43960083,55
43879730,50
43975394,56
43916561,52
43969819,55
43974195,55
43972625,55
43927953,53
43977304,56
43949439,55
43922375,52
43860096,50
43963553,55
43974752,55
43975703,56
43974754,55
43901997,52
43893706,52
43944307,55
43970425,55
43967526,55
43950698,55
43924471,53
43969293,55
43964787,55
43966532,55
43976096,56
43966596,55
43972170,55
43927370,53
43959443,55
43977878,56
43966602,55
43910430,52
43868724,50
43934333,55
43940049,55
43961143,55
43927429,53
43930260,53
43955566,55
43941605,55
43914417,52
43966722,55
43959707,55
43965410,55
43949987,55
43948524,55
43926280,53
43952798,55
43906576,52
43972399,55
43955692,55
43903841,52
43941638,55
43978132,56
43950176,55
43972689,55
43972617,55
43966978,55
43955814,55
43977033,56
43974230,55
43964259,55
43969907,55
43975537,56
43921077,52
43969000,55
43885953,50
43900042,52
43933454,55
43964423,55
43958798,55
43960429,55
43919581,52
43964430,55
43924274,53
43897255,52
43885305,50
43969294,55
43966518,55
43977737,56
43905858,52
43912249,52
43960957,55
43927371,53
43972169,55
43951389,55
43973661,55
43973474,55
43973476,55
43979194,56
43979142,56
43965188,55
43861593,50
43945251,55
43973660,55
43971038,55
43959737,55
43947144,55
43969594,55
43972401,55
43891062,51
43937306,55
43948411,55
43956852,55
43857548,50
43933163,55
43947310,55
43965503,55
43971065,55
43944396,55
43960075,55
43975370,56
43975369,56
43975465,56
43883248,50
43960282,55
43971435,55
43972624,55
43969837,55
43967043,55
43967044,55
43969911,55
43972735,55
43844072,50
43955848,55
43969978,55
43968962,55
43943616,55
43969977,55
43930816,53
43832709,49
43978687,56
43967528,55
43974893,55
43851653,50
43977739,56
43970581,55
43854611,50
43978947,56
43979140,56
43924611,53
43972218,55
43935504,55
43955459,55
43973659,55
43864044,50
43958378,55
43966517,55
43934970,55
43952903,55
43980805,56
43936068,55
43957513,55
43979395,56
43856496,50
43941632,55
43957095,55
43874146,50
43926191,53
43957297,55
43978145,56
43969818,55
43957505,55
43978194,56
43971434,55
43960283,55
43974254,55
43930645,53
43937359,55
43977193,56
43953142,55
43968836,55
43970238,55
43896403,52
43967335,55
43978686,56
43953481,55
43974753,55
43974784,55
43956191,55
43980524,56
43949813,55
43960926,55
43878213,50
43969357,55
43966530,55
43958206,55
43980610,56
43975013,55
43951094,55
43966672,55
43979195,56
43938814,55
43979320,56
43970888,55
43980806,56
43850354,50
43872952,50
43973919,55
43970999,55
43980867,56
43980876,56
43971275,55
43972587,55
43978146,56
43975443,56
43952972,55
43972676,55
43965616,55
43963151,55
43924947,53
43974469,55
43975650,56
43978387,56
43980333,56
43918499,52
43767773,45
43907513,52
43960711,55
43917022,52
43983212,57
43974785,55
43944994,55
43960875,55
43932908,55
43935755,55
43945179,55
43840740,50
43953879,55
43897723,52
43980604,56
43978946,56
43977877,56
43951096,55
43920528,52
43969464,55
43979207,56
43916377,52
43937305,55
43951221,55
43982186,56
43980807,56
43945609,55
43936069,55
43982281,56
43973918,55
43978021,56
43895692,52
43966689,55
43975393,56
43969744,55
43982576,56
43982577,56
43975392,56
43977035,56
43961663,55
43980054,56
43980055,56
43927935,53
43949143,55
43941781,55
43963213,55
43977194,56
43981244,56
43944731,55
43975651,56
43943870,55
43975683,56
43913795,52
43883023,50
43980332,56
43977576,56
43977575,56
43911423,52
43983214,57
43960876,55
43948005,55
43960879,55
43976174,56
43952638,55
43935605,55
43765018,45
43963786,55
43980596,56
43979110,56
43923114,54
43975040,55
43982294,56
43979399,56
43922970,54
43983630,57
43982374,56
43983628,57
43946036,55
43983752,57
43962952,55
43982837,56
43941791,55
43983861,57
43983900,57
43982836,56
43958720,55
43985645,57
43914007,52
43981214,56
43972868,55
43950466,55
43961665,55
43625928,36
43986015,57
43952371,55
43955191,55
43970426,55
43949687,55
43861196,50
43964895,55
43934045,55
43979111,56
43983395,57
43944237,55
43983408,57
43983423,57
43934332,55
43949673,55
43984884,57
43982187,56
43972400,55
43943169,55
43972475,55
43982295,56
43906895,52
43926297,53
43962802,55
43983780,57
43906575,52
43977036,56
43965734,55
43918141,52
43972644,55
43975404,56
43979823,56
43882892,50
43972645,55
43962953,55
43985646,57
43935459,55
43943784,55
43966039,55
43957725,55
43958837,55
43941944,55
43939243,55
43983229,57
43938394,55
43969232,55
43908749,52
43939674,55
43986087,57
43841728,50
43945404,55
43978685,56
43948075,55
43986155,57
43899462,52
43986104,57
43986086,57
43980523,56
43898032,52
43976153,56
43983366,57
43986169,57
43970631,55
43958207,55
43966690,55
43984753,57
43973658,55
43986279,57
43975041,55
43975096,55
43928691,53
43965411,55
43941575,55
43971154,55
43880013,50
43979287,56
43983629,57
43951603,55
43910954,52
43920662,52
43957241,55
43978090,56
43953082,55
43977019,56
43939192,55
43985699,57
43971506,55
43922251,52
43978416,56
43966142,55
43910245,52
43907403,52
43966064,55
43904342,52
43916752,52
43975487,56
43973189,55
43868443,50
43955190,55
43946783,55
43886332,50
43955324,55
43969230,55
43958064,55
43894808,52
43987096,57
43960880,55
43963710,55
43932723,55
43948102,55
43932962,55
43948004,55
43980611,56
43976172,56
43869014,50
43955325,55
43972099,55
43977738,56
43843720,50
43984754,57
43939809,55
43975015,55
43983422,57
43906055,52
43920106,52
43989016,57
43893636,52
43943002,55
43914863,52
43971176,55
43951604,55
43879954,50
43957178,55
43971036,55
43989288,57
43989287,57
43955691,55
43961231,55
43969655,55
43904282,52
43933139,55
43980984,56
43964085,55
43988016,57
43969743,55
43955001,55
43957585,55
43948596,55
43947399,55
43955810,55
43982799,56
43969864,55
43988203,57
43989473,57
43963024,55
43902751,52
43964263,55
43969887,55
43974462,55
43974461,55
43930817,53
43969032,55
43989628,57
43964429,55
43946716,55
43902916,52
43834819,50
43953303,55
43933936,55
43941106,55
43988791,57
43956424,55
43986103,57
43978879,56
43988856,57
43990053,57
43924470,53
43927126,53
43921638,52
43900327,52
43986170,57
43904915,52
43938526,55
43946879,55
43922940,54
43970632,55
43981860,56
43989034,57
43934561,55
43935821,55
43984778,57
43973964,55
43979400,56
43985074,57
43854870,50
43985073,57
43941859,55
43983650,57
43986477,57
43900789,52
43979597,56
43957299,55
43947347,55
43955812,55
43973962,55
43990914,57
43955761,55
43991215,57
43907315,52
43991350,57
43939067,55
43989585,57
43924214,53
43958766,55
43989574,57
43974470,55
43949142,55
43809618,11
43985836,57
43978631,56
43939244,55
43927125,53
43991702,57
43973190,55
43974873,55
43981819,56
43966469,55
43980613,56
43990252,57
43974992,55
43977944,56
43982153,56
43978020,56
43984943,57
43979396,56
43903593,52
43982372,56
43990724,57
43926329,53
43988132,57
43955694,55
43974201,55
43955701,55
43981086,56
43960076,55
43990964,57
43990965,57
43982575,56
43991214,57
43981054,56
43989421,57
43957503,55
43989406,57
43979938,56
43975444,56
43988430,57
43936349,55
43930666,53
43961367,55
43989575,57
43896199,52
43944569,55
43929706,53
43929705,53
43944671,55
43970399,55
43960710,55
43953480,55
43989738,57
43953304,55
43952467,55
43989956,57
43950686,55
43950699,55
43987097,57
43986154,57
43928319,53
43900523,52
43977740,56
43972139,55
43989920,57
43939620,55
43970582,55
43986153,57
43935717,55
43902308,52
43944214,55
43972228,55
43969463,55
43984793,57
43962403,55
43972297,55
43963806,55
43967960,55
43980802,56
43972429,55
43975204,55
43989293,57
43962801,55
43979635,56
43990841,57
43985338,57
43977094,56
43977034,56
43962678,55
43993776,58
43954756,55
43981055,56
43974232,55
43972678,55
43969908,55
43982571,56
43992341,58
43991227,57
43966065,55
43991349,57
43980115,56
43957724,55
43988434,57
43985672,57
43992440,58
43991479,57
43968961,55
43992436,58
43950441,55
43972751,55
43989629,57
43958820,55
43972792,55
43815954,47
43935485,55
43932724,55
43936699,55
43974848,55
43958005,55
43984332,57
43969292,55
43951015,55
43931368,55
43966431,55
43990097,57
43989989,57
43944072,55
43964975,55
43990096,57
43958355,55
43955386,55
43977879,56
43959708,55
43970887,55
43972217,55
43926189,53
43989114,57
43934560,55
43927559,53
43972426,55
43989201,57
43921956,52
43896682,52
43935820,55
43901157,52
43941683,55
43880043,50
43971507,55
43990967,57
43988282,57
43938901,55
43883703,50
43957122,55
43988221,57
43958371,55
43950149,55
43985763,57
43905298,52
43893122,52
43975589,56
43905352,52
43994100,59
43972766,55
43893396,52
43968842,55
43952828,55
43995210,59
43995215,59
43995230,59
43995290,59
43995291,59
43984060,57
43994353,59
43914041,52
43983231,57
43983134,57
43964513,55
43921637,52
43919793,52
43994500,59
43939810,55
43994586,59
43973210,55
43995810,59
43990131,57
43948286,55
43996023,59
43897858,52
43979143,56
43975074,55
43984885,57
43993408,58
43990675,57
43948595,55
43990842,57
43975203,55
43995022,59
43949134,55
43965502,55
43985340,57
43969886,55
43988339,57
43988338,57
43995179,59
43971529,55
43952041,55
43918462,52
43989573,57
43983974,57
43980114,56
43992441,58
43995304,59
43988687,57
43981222,56
43908454,52
43798504,11
43952519,55
43953302,55
43983213,57
43900788,52
43936757,55
43911594,52
43978689,56
43989958,57
43995688,59
43897941,52
43991823,57
43922030,52
43990148,57
43995697,59
43994669,59
43935768,55
43980612,56
43973475,55
43997569,59
43984752,57
43987559,57
43990674,57
43951220,55
43901072,52
43975220,55
43990722,57
43993485,58
43945544,55
43994958,59
43992132,57
43985217,57
43981015,56
43990987,57
43947346,55
43828496,49
43929607,53
43931888,55
43986610,57
43991084,57
43982614,56
43996783,59
43840001,50
43994080,59
43985799,57
43989654,57
43986791,57
43916751,52
43933507,55
43958765,55
43912233,52
43995305,59
43980293,56
43995327,59
43997195,59
43919786,52
43831996,49
43978690,56
43978688,56
43988855,57
43974847,55
43974991,55
43990098,57
43950700,55
43861601,50
43946970,55
43945870,55
43987303,57
43971175,55
43996124,59
43924681,53
43993185,58
43979436,56
43996122,59
43982185,56
43998951,59
43999012,59
43944386,55
43940030,55
43996365,59
43993674,58
43874417,50
43993646,58
43993645,58
43993484,58
43993774,58
43948410,55
43965735,55
43964265,55
43997913,59
43985671,57
43969966,55
43998003,59
43994231,59
43986812,57
43999971,59
43943589,55
43857073,50
43809581,11
43851655,50
43995328,59
43998203,59
43948003,55
43972074,55
43994386,59
44000086,59
43994533,59
43958205,55
43955458,55
43995649,59
43918914,52
43966484,55
43991806,57
43936758,55
43952618,55
43978949,56
43966507,55
43989017,57
43943939,55
43983409,57
43933176,55
43966701,55
43966593,55
43979208,56
43979209,56
43979318,56
43972398,55
43944385,55
43979357,56
43926190,53
43925564,53
43999010,59
43909206,52
43980716,56
43994833,59
43992058,57
43993486,58
43965798,55
43911828,52
43910092,52
43979637,56
43937752,55
43990915,57
43993777,58
43982572,56
43973923,55
43979636,56
43988219,57
43982665,56
43954531,55
43995124,59
43995114,59
43949128,55
43915701,52
43999639,59
43941987,55
43986789,57
43989594,57
43946578,55
43981221,56
43985835,57
43999972,59
43997196,59
43827302,49
43998150,59
43983230,57
43974786,55
43986016,57
43998202,59
43970049,55
43944993,55
43952500,55
43962248,55
43992622,58
43989871,57
43936700,55
43938525,55
43994608,59
43952567,55
43899584,52
43966482,55
43994644,59
43998692,59
43970886,55
44001674,59
43951269,55
43998950,59
43935718,55
43983608,57
43984945,57
43852037,50
43982178,56
43993409,58
43994826,59
43957240,55
43896726,52
44002088,59
43954350,55
43983779,57
43916596,52
43996655,59
43983847,57
43971528,55
43968894,55
43971495,55
43950145,55
43975486,56
43968861,55
43978417,56
43947648,55
43992448,58
43999999,59
43908555,52
43935486,55
43989739,57
43905859,52
43935643,55
43910562,52
43942510,55
43914224,52
43956423,55
43902265,52
43908690,52
43973211,55
43989919,57
43992770,58
43988887,57
43995698,59
43948028,55
43988941,57
43994607,59
43928317,53
43930089,53
43947756,55
43972138,55
43998693,59
44001484,59
43956571,55
44001683,59
44000288,59
43970895,55
43989169,57
43949954,55
43926252,53
43979464,56
44001684,59
44001769,59
43917407,52
43927583,53
43977814,56
43989203,57
43968337,55
43961157,55
43980874,56
43976643,56
43960307,55
43994950,59
43920529,52
43996654,59
43989405,57
43988283,57
43978195,56
44003571,59
43955946,55
43997946,59
43969964,55
43995178,59
43988431,57
43975528,56
43998108,59
43998109,59
43981243,56
44002811,59
43942203,55
44002846,59
43918740,52
43944011,55
43984258,57
43878091,50
43998367,59
44001231,59
43939598,55
43952469,55
43991724,57
43988886,57
44001413,59
43987376,57
43980595,56
43910394,52
43995689,59
43990494,57
43944182,55
44003072,59
43891076,51
43952619,55
44003186,59
43984794,57
44001675,59
44001837,59
43893705,52
43967823,55
44001827,59
44004764,59
43956916,55
44000565,59
43987922,57
43960052,55
43933360,55
44002240,59
43993673,58
44002087,59
43999307,59
43916594,52
43981094,56
43997912,59
43977187,56
44005351,59
43915534,52
43936197,55
44003699,59
43992437,58
43985800,57
43958633,55
44002810,59
43958876,55
43967235,55
43966279,55
43922485,52
43998151,59
43952499,55
43886451,50
44005708,59
44003949,59
43987300,57
44001260,59
43960927,55
43995699,59
43903213,52
43998614,59
44005835,59
43949721,55
43990095,57
44004295,59
43973850,55
44004303,59
43966603,55
43841824,50
43893337,52
43888025,50
43984883,57
44001731,59
44003187,59
44004671,59
44004672,59
44001732,59
43966700,55
43976568,56
43961313,55
43996152,59
43988979,57
43990723,57
44004761,59
44000510,59
43996309,59
43969595,55
44002015,59
43937555,55
44002187,59
43982364,56
43989363,57
43951904,55
43955651,55
44005150,59
43949129,55
43996823,59
43972498,55
43988021,57
43991216,57
43922374,52
43795542,11
44002808,59
43952232,55
43930830,53
43972920,55
43995329,59
43972921,55
43932681,55
43999998,59
43949629,55
43994499,59
43991695,57
43966430,55
44005788,59
43990132,57
44005836,59
43978880,56
43951218,55
43982154,56
44001751,59
43977892,56
43980895,56
43992060,57
43980981,56
44004818,59
43892619,51
43980877,56
43992073,57
44006189,59
43982213,56
43999281,59
44002032,59
44005027,59
44007864,59
44005151,59
44003493,59
43995050,59
43968590,55
43997911,59
43947370,55
44003572,59
44006433,59
43995177,59
43924042,53
43992339,58
44002672,59
43971646,55
43998046,59
43998047,59
43999885,59
44002809,59
43956189,55
43967297,55
43932750,55
43991596,57
43991595,57
43939636,55
43938414,55
44003986,59
43964742,55
43952539,55
43986085,57
43980671,56
43911011,52
43967491,55
43984538,57
44005787,59
43995651,59
43991696,57
43935642,55
43990130,57
43987302,57
43969359,55
43888323,50
44003076,59
43991725,57
43982051,56
43998616,59
43952566,55
43994633,59
43959738,55
43900521,52
44007292,59
43931256,55
43980715,56
43888322,50
43917723,52
43979319,56
43885412,50
43989168,57
43972279,55
43927560,53
44001733,59
43936150,55
44003313,59
43996384,59
43975150,55
43876980,50
43983609,57
43941606,55
44000566,59
43962816,55
43972474,55
44007873,59
44007874,59
43990872,57
44003492,59
43943392,55
43999392,59
44003521,59
43977093,56
43999306,59
44006432,59
44009295,59
44006463,59
44003632,59
43995214,59
43964264,55
43941860,55
44002644,59
44003697,59
44006577,59
43924230,53
43961666,55
43975842,56
43986014,57
43989872,57
44009516,59
43907514,52
44004098,59
43998366,59
43975925,56
43964735,55
43976173,56
43988790,57
43987301,57
43950674,55
43983367,57
43916117,52
44008661,59
43991807,57
43891061,51
43990129,57
43995818,59
43969448,55
44001424,59
44009960,59
43991813,57
43942758,55
44001682,59
44008766,59
44001753,59
43912092,52
43996335,59
43976569,56
44003312,59
43999011,59
43979437,56
43945762,55
43972439,55
44003453,59
44010626,59
44010627,59
43986609,57
44006264,59
44006334,59
43972586,55
43972553,55
43955849,55
43988204,57
43957504,55
43974200,55
43972791,55
44009165,59
43981095,56
43996824,59
43999860,59
43988435,57
43954859,55
44005350,59
44009296,59
44006543,59
43972869,55
43804069,11
43848947,50
43995330,59
44008419,59
44008420,59
43988792,57
44003833,59
44009515,59
43990086,57
43994546,59
44011375,59
44009749,59
43990068,57
43984458,57
43874087,50
43983407,57
43994705,59
44009879,59
44005861,59
43988980,57
44003029,59
43979141,56
44001630,59
43857923,50
44010083,59
44005968,59
44001768,59
44011630,59
44010302,59
43879729,50
44000469,59
43999013,59
43984886,57
43999089,59
43943568,55
43993698,58
43977163,56
44005026,59
43979598,56
44011936,59
43989362,57
44003540,59
44003541,59
44010766,59
43891048,51
44003539,59
43994177,59
44011038,59
43935046,55
43994179,59
43939193,55
43968860,55
44006540,59
43978388,56
43869318,50
44000021,59
44008421,59
43978598,56
44003950,59
44003948,59
44011407,59
43981660,56
43994584,59
44011456,59
43975974,56
43974908,55
44011374,59
43991686,57
43987442,57
43990149,57
44012492,59
43990085,57
43988844,57
43998613,59
43995807,59
44004315,59
43951203,55
43987444,57
44000238,59
44008808,59
43947075,55
43951267,55
43983421,57
43963599,55
44010130,59
43997528,59
44013143,59
44006190,59
43916446,52
43988017,57
44003567,59
43964086,55
44002208,59
43950148,55
43965617,55
43929292,53
44006336,59
44012003,59
43990966,57
43974194,55
43996857,59
44003698,59
43981213,56
43988686,57
43955002,55
44002845,59
44009361,59
43956192,55
43952403,55
43992621,58
44012412,59
44008565,59
44011402,59
43945250,55
43981859,56
43988888,57
43995650,59
43982052,56
44009775,59
44011427,59
43975014,55
44009880,59
43938415,55
43991825,57
43991884,57
44005837,59
44001422,59
44012862,59
43967653,55
43998691,59
43976175,56
44004323,59
43970879,55
43990250,57
43980717,56
44010389,59
43952471,55
44010162,59
44013144,59
43972211,55
43987923,57
43979596,56
43972416,55
43957096,55
43994949,59
43957298,55
43955695,55
44014704,59
44002207,59
44002239,59
43977020,56
43911508,52
44013454,59
43977301,56
43972616,55
44009221,59
44014946,59
43996954,59
43996955,59
43986790,57
43941871,55
43989655,57
43873960,50
43935487,55
43953401,55
43913147,52
43904806,52
43900075,52
44014272,59
44014230,59
44011482,59
44011426,59
44009748,59
43975975,56
44011486,59
44012727,59
44015566,59
44014414,59
43976152,56
44011606,59
43996123,59
44015648,59
43984944,57
44014433,59
43865726,50
43951429,55
43870353,50
44016027,59
44016028,59
43969658,55
44004759,59
43920482,52
44007863,59
44013506,59
44006265,59
43922212,52
43985649,57
43977037,56
44013628,59
44011041,59
44012082,59
43856800,50
43998080,59
43852208,50
43944761,55
43946841,55
43942333,55
44016998,59
44011406,59
44014232,59
44014231,59
43990147,57
43994507,59
43995808,59
44014290,59
44009774,59
44011488,59
44012538,59
44008809,59
44005969,59
44014409,59
44015573,59
44015574,59
44005915,59
43951159,55
44003185,59
44001483,59
43955410,55
44001799,59
44007421,59
44011631,59
44001750,59
43975149,55
43751618,44
44004817,59
44010471,59
44014658,59
43975403,56
43999241,59
43983751,57
43986478,57
43935239,55
43999240,59
44002188,59
44014703,59
43951903,55
44011924,59
44014659,59
44003520,59
44006335,59
44003635,59
43969812,55
43995125,59
43963212,55
43966243,55
43983846,57
43952942,55
43921353,52
43995231,59
43958372,55
43985762,57
43964424,55
44009359,59
44009360,59
43994387,59
44000020,59
43944009,55
44011405,59
43997357,59
43994459,59
43994545,59
43966506,55
44015469,59
44005887,59
43861580,50
43987443,57
43995809,59
44007294,59
44018555,59
44013120,59
44003256,59
43991916,57
44015987,59
43916690,52
43831792,49
44010301,59
43931803,55
43972688,55
43982373,56
43972554,55
44013564,59
44016255,59
43962913,55
44011983,59
44012030,59
44019378,59
43995154,59
44019361,59
43933508,55
44006462,59
44002645,59
43999886,59
43896934,52
43874971,50
43967492,55
43964582,55
44011290,59
43980525,56
44014289,59
43939635,55
43956360,55
44014280,59
44015487,59
44011489,59
44004293,59
44019954,59
43990242,57
44012823,59
43928741,53
43912093,52
44017264,59
43966771,55
44018551,59
44007245,59
43955650,55
43965409,55
43970896,55
44017412,59
43950004,55
43926251,53
44020238,59
43906165,52
44003467,59
43980866,56
44017482,59
43925132,53
43967066,55
43993775,58
44005159,59
43988133,57
44017549,59
43972640,55
44010765,59
44011985,59
43975466,56
43995153,59
44009164,59
44019359,59
43996822,59
44009215,59
44011042,59
44014852,59
43980137,56
43980136,56
43985650,57
43923963,53
44014067,59
44017880,59
44008435,59
43989737,57
43964583,55
43887948,50
44000323,59
43991917,57
44019862,59
43964740,55
43946878,55
44012573,59
44020947,59
43960919,55
44018552,59
44017263,59
44010379,59
43937067,55
44015726,59
44015727,59
44010066,59
43966772,55
44000509,59
44001838,59
44010132,59
43978074,56
44003284,59
43994834,59
43971037,55
44011725,59
44016029,59
44016044,59
43943061,55
43952901,55
44019059,59
43974069,55
43996974,59
43994951,59
44022158,59
43986700,57
44022218,59
44022157,59
44019360,59
43988220,57
44013831,59
43992465,58
44008339,59
43695281,40
43970048,55
43975685,56
43975686,56
43966365,55
43902074,52
43984257,57
43843276,50
43994505,59
43994506,59
43983394,57
43960708,55
44018280,59
43900522,52
43952762,55
44010081,59
44014434,59
44006005,59
43970720,55
44003237,59
44017265,59
44004985,59
44021465,59
44004756,59
44001836,59
43859102,50
44017306,59
44011751,59
44021536,59
44013146,59
44007507,59
44008994,59
44021712,59
44000556,59
43976872,56
44011923,59
44000610,59
43943539,55
43999530,59
44020335,59
44006351,59
44006350,59
44019323,59
43940709,55
43992379,58
43991228,57
44022297,59
44006542,59
44014060,59
44016769,59
43995211,59
43991140,57
43938140,55
43995216,59
44014012,59
43999887,59
43896197,52
44006578,59
44008340,59
43954757,55
43967642,55
43963657,55
43988823,57
44015345,59
43984331,57
44005774,59
43964581,55
44011404,59
43960792,55
43994706,59
44015489,59
43964786,55
44022749,59
44008663,59
44015567,59
44019994,59
43935540,55
44018550,59
43972973,55
43979196,56
44011629,59
44018553,59
44000322,59
44021537,59
43900963,52
43989167,57
44024300,59
43601203,35
44020240,59
44020237,59
44021466,59
44017415,59
43980801,56
44010470,59
44016262,59
44014660,59
44016062,59
43988018,57
43975045,55
43962402,55
44023037,59
43995023,59
43974070,55
43955880,55
44013630,59
43971134,55
44023197,59
43997850,59
44019444,59
43996949,59
44003654,59
44019338,59
43925191,53
44019324,59
43961664,55
44009216,59
43933481,55
43994210,59
44011036,59
43994178,59
44020564,59
43809582,11
44019682,59
43962009,55
43952370,55
44000000,59
44014158,59
44004097,59
43994501,59
44019795,59
44022633,59
43945300,55
44014273,59
44025487,59
44006861,59
43994535,59
43969196,55
43997243,59
44012728,59
43966278,55
43992989,58
44019995,59
43945944,55
43997527,59
43997511,59
43852036,50
43930259,53
44022837,59
44010146,59
44022955,59
44021630,59
44015988,59
43979286,56
44025751,59
44004760,59
43924555,53
43990871,57
44020298,59
43994957,59
44013508,59
44025899,59
44021952,59
43958738,55
44022052,59
44017611,59
44017612,59
44024734,59
43985698,57
44012002,59
43972585,55
43995115,59
44011943,59
43991008,57
44014850,59
43968702,55
44025007,59
44019287,59
44026108,59
44012104,59
44016770,59
43989607,57
44025278,59
44014066,59
43975704,56
43994458,59
43999997,59
43932749,55
44015204,59
43857515,50
43989990,57
44015344,59
44003985,59
44014279,59
43974907,55
44001423,59
44003031,59
44011458,59
43988854,57
44004314,59
44015565,59
43991833,57
44014416,59
43980605,56
43995819,59
44019956,59
44015649,59
44024106,59
44003283,59
43850863,50
43957121,55
43951160,55
44017303,59
43987921,57
43952994,55
44003375,59
43962815,55
44020310,59
44006185,59
44016254,59
43997759,59
44005158,59
44019058,59
44013453,59
44007922,59
43983901,57
44022172,59
43969885,55
43943785,55
44002423,59
43953081,55
43990986,57
43994230,59
44026172,59
43989595,57
43994101,59
44014014,59
43980187,56
44014942,59
43969001,55
43915607,52
43989661,57
43946817,55
44000157,59
44011291,59
44014198,59
44012413,59
43988822,57
43986855,57
43974892,55
44019840,59
44009747,59
43987065,57
43978948,56
44015314,59
44023714,59
44023712,59
44023713,59
44008662,59
43994645,59
44025486,59
43912196,52
44014436,59
44011553,59
43958316,55
43901158,52
44004322,59
44001631,59
43945545,55
44027074,59
43997572,59
44022954,59
44025750,59
43895740,52
43933779,55
44021711,59
44000554,59
43985339,57
43971066,55
44019286,59
44014702,59
44026012,59
43995021,59
43997989,59
43997990,59
43982664,56
44027760,59
44019379,59
44028885,59
44027782,59
44012133,59
44026135,59
44026138,59
43968991,55
43964427,55
44025277,59
43937970,55
43956188,55
43936830,55
43893635,52
43958006,55
43891679,51
44016966,59
43956190,55
44028156,59
44009665,59
43955140,55
43997359,59
44019841,59
44015358,59
43837639,50
43987338,57
44028302,59
43945180,55
44020948,59
44001485,59
44007209,59
44025494,59
44014281,59
43995811,59
43948103,55
43998615,59
43964733,55
43934209,55
44025609,59
44024151,59
43990243,57
44007422,59
44018503,59
44018554,59
44024360,59
44027281,59
44006186,59
43989202,57
43972414,55
44017384,59
43800007,11
43945720,55
44028755,59
44023123,59
44008928,59
43989294,57
43995081,59
44016263,59
44011942,59
44025009,59
44023266,59
43963117,55
43999862,59
44014945,59
44025089,59
44019434,59
44006576,59
43999861,59
43990879,57
44005720,59
44023497,59
44017934,59
43989955,57
44005706,59
44000085,59
44014068,59
44026537,59
44003030,59
44023813,59
44025495,59
44012686,59
43944251,55
44025525,59
44019955,59
43948568,55
43987377,57
44026646,59
43986278,57
43990251,57
44014376,59
44015728,59
44024251,59
44014435,59
44021595,59
43995048,59
43969656,55
44010501,59
44021535,59
43922108,52
44025871,59
44030215,60
44007674,59
43971135,55
44031548,60
44028687,59
44030421,60
44017589,59
44021993,59
44030569,60
44009158,59
44010966,59
43902853,52
44014955,59
44028871,59
44030770,60
43986853,57
44022220,59
44022219,59
44028013,59
43985888,57
43914040,52
44026246,59
43846212,50
44009666,59
44028170,59
43949625,55
43941105,55
43905665,52
44015203,59
44029422,60
44028285,59
44028283,59
44005775,59
44020949,59
44025524,59
44032299,60
44031176,60
43998694,59
44017082,59
44028361,59
44014410,59
43956361,55
44028360,59
44019993,59
44031178,60
44031179,60
44015647,59
43970719,55
44010201,59
44018549,59
43910561,52
44027279,59
43971156,55
44020308,59
44017483,59
43991085,57
43990996,57
44024739,59
43968704,55
44024740,59
43999580,59
44033532,60
44009258,59
44019337,59
44025175,59
44026137,59
44014947,59
43994132,59
43991480,57
44005456,59
43964428,55
43991552,57
44031894,60
43869364,50
44029212,60
44015134,59
44033825,60
43967336,55
43978597,56
44028282,59
43974874,55
43984455,57
44025453,59
43984539,57
44019863,59
44001421,59
44011373,59
43949688,55
44018729,59
44005886,59
44018281,59
44034004,60
44007293,59
44033973,60
44005914,59
44025610,59
44000425,59
44029866,60
44028549,59
43777386,11
43996176,59
44004512,59
44024301,59
44004620,59
43994827,59
44025818,59
44003468,59
44032926,60
44034299,60
43997857,59
44003376,59
43962393,55
43933228,55
44034293,60
44026002,59
43992130,57
43961428,55
44002422,59
44010810,59
44022061,59
44021994,59
44023268,59
44027714,59
44025008,59
43988473,57
44030777,60
43994081,59
43998065,59
43969965,55
44016701,59
43908379,52
43998149,59
44034682,60
43843181,50
44029213,60
44016910,59
43885306,50
44005707,59
43989957,57
44019794,59
44020838,59
43742520,42
44032297,60
44001414,59
44032298,60
44031219,60
44032354,60
44022746,59
43994632,59
43964973,55
44014375,59
44012688,59
43927561,53
44005913,59
44003257,59
44024107,59
43981087,56
44027282,59
44024341,59
43996334,59
44016063,59
44025867,59
44031488,60
44030216,60
44010486,59
44033012,60
44025870,59
43992110,57
44027608,59
44007625,59
43991141,57
43982615,56
43941772,55
44020309,59
44017481,59
44034374,60
44020334,59
44027533,59
44027630,59
43975529,56
44034518,60
44012047,59
43977303,56
44014851,59
44027783,59
44033350,60
44022205,59
43966041,55
44019435,59
44025280,59
44025279,59
43989634,57
43992464,58
43859559,50
43977343,56
43879598,50
44002848,59
44022559,59
44019912,59
43995690,59
44031116,60
44002847,59
43987066,57
44014274,59
44035136,60
43892783,51
44028359,59
44032355,60
44011552,59
44026640,59
44012687,59
43947076,55
43980588,56
44015623,59
44012752,59
44000314,59
43994668,59
43967546,55
44025654,59
44029863,60
44008767,59
44024361,59
44024363,59
43996308,59
44007675,59
44031459,60
44035783,60
44011778,59
44030214,60
43972555,55
44016045,59
44026056,59
43940333,55
43992131,57
44028884,59
44023196,59
44030488,60
44036131,60
43999637,59
43995080,59
43995051,59
44033352,60
44036095,60
44011037,59
44022156,59
43980138,56
43989605,57
44010965,59
44037339,60
44027845,59
43997972,59
44002673,59
44026110,59
43992340,58
43900040,52
43968871,55
44037517,60
44037515,60
43879899,50
43821778,49
43994534,59
44031994,60
44015315,59
43992649,58
44037738,60
44029328,60
44018230,59
44017063,59
43990067,57
43984464,57
44025523,59
43991761,57
44033976,60
44036823,60
44034074,60
43954014,55
44034073,60
44019996,59
43886546,50
44010227,59
44021293,59
44036891,60
44003184,59
43979401,56
44035570,60
43998949,59
44001893,59
43997733,59
43948525,55
43967728,55
44034297,60
44010380,59
44020300,59
43980812,56
44022062,59
43936151,55
44031622,60
43973978,55
43850639,50
44036190,60
43974128,55
44024834,59
44023240,59
43981135,56
44022173,59
44026013,59
44025031,59
44037316,60
44028899,59
44036096,60
44039089,60
44034574,60
43961635,55
43989635,57
44002876,59
44039483,60
43997231,59
44015149,59
43991550,57
44035022,60
44036603,60
44029386,60
44037957,60
44025454,59
44036785,60
44012539,59
44014413,59
44025496,59
44036786,60
44038109,60
44029485,60
44031309,60
44018361,59
43990054,57
44038229,60
44022932,59
44029865,60
44036932,60
44025752,59
44038487,60
43992057,57
44001752,59
44038417,60
44011775,59
43996722,59
44037163,60
43983862,57
43992123,57
44037186,60
43991091,57
44028784,59
44040097,60
44039039,60
44014773,59
43981016,56
43997973,59
44028917,59
44009257,59
44039109,60
44028898,59
43982683,56
44030778,60
44034679,60
44028014,59
43989633,57
43994352,59
43946717,55
44008477,59
43997242,59
43932680,55
44002892,59
43958017,55
44037739,60
44029267,60
44036665,60
44006860,59
44039544,60
44033974,60
43971091,55
43996022,59
44010228,59
44038488,60
44030055,60
44035553,60
44039952,60
44018986,59
44034292,60
44003454,59
44038587,60
44020239,59
44040035,60
44028872,59
44010499,59
44023239,59
44034440,60
44040130,60
44012029,59
44040153,60
43996948,59
44028918,59
44012134,59
43988472,57
44003656,59
44033530,60
44039168,60
44007923,59
44008338,59
43972746,55
43994354,59
44026273,59
44036589,60
44039417,60
44005721,59
43928437,53
44039416,60
44031028,60
44016911,59
44018169,59
44000237,59
43966358,55
43901996,52
44000156,59
44039543,60
44000374,59
43991812,57
43968230,55
44040785,60
43984856,57
43927442,53
44036850,60
43920398,52
44025653,59
44004576,59
44018504,59
43979465,56
43996333,59
44004577,59
43980808,56
44013145,59
44010229,59
43979358,56
43992109,57
44031549,60
44042677,60
44035820,60
43893840,52
44013563,59
44011982,59
43977038,56
44037318,60
44036004,60
43998064,59
44039045,60
44030485,60
44042068,60
44039088,60
44034573,60
44033531,60
43998004,59
43984059,57
43873674,50
43947891,55
43995452,59
44036588,60
44042202,60
43960749,55
44028153,59
44028171,59
44042287,60
44040507,60
43997358,59
44004209,59
44028281,59
44015313,59
44031115,60
44038157,60
44031177,60
43967296,55
44042466,60
43958390,55
44034072,60
44036890,60
44040911,60
44036889,60
44010131,59
44039723,60
44038150,60
44034075,60
44039775,60
44029864,60
43990574,57
44014738,59
44000348,59
43947077,55
43968338,55
44037017,60
44039777,60
44041293,60
44042676,60
43982702,56
44041503,60
44037138,60
44019060,59
44035989,60
44034375,60
44010395,59
44031621,60
44035988,60
43988222,57
43974127,55
43991090,57
44027641,59
44037337,60
44025995,59
44034505,60
44039043,60
44013629,59
44028856,59
44042990,60
44042975,60
43966143,55
44011089,59
43980292,56
43999995,59
43995326,59
43999996,59
43998224,59
44019681,59
43963785,55
44029330,60
44018171,59
44043263,60
44045072,60
44042288,60
44042289,60
44006085,59
44003996,59
44037737,60
44009800,59
44011487,59
44032247,60
43997288,59
44026804,59
44029637,60
44035115,60
44015650,59
43946971,55
44042465,60
44038093,60
43975127,55
44022868,59
44010145,59
44039774,60
43997571,59
44022867,59
43948720,55
44037016,60
44043965,60
44018644,59
44034261,60
44034318,60
44034298,60
44039949,60
43955703,55
44024733,59
44041672,60
44007771,59
43989422,57
44039040,60
44042832,60
44040129,60
44036302,60
43986701,57
44026171,59
43989606,57
44022113,59
44030769,60
44031751,60
44006541,59
44037480,60
44017795,59
44031819,60
43882263,50
44014065,59
44031895,60
44029268,60
43976151,56
44043264,60
44029329,60
44026591,59
44039485,60
44017083,59
44022615,59
44034002,60
43945409,55
44035116,60
44038024,60
43952674,55
43978789,56
44046584,60
44015612,59
44005959,59
44045345,60
43966677,55
43926192,53
44037049,60
43992124,57
44024250,59
43948934,55
44037109,60
44041530,60
44010628,59
44045574,60
44047134,60
44014739,59
43989472,57
44006503,59
44009446,59
43832358,49
44037516,60
44044983,60
43995451,59
44043163,60
44037702,60
43903066,52
43988843,57
43900207,52
44045091,60
44047924,60
44040781,60
44034003,60
44043572,60
44036787,60
44040782,60
44038025,60
44032221,60
44005868,59
44038148,60
43961142,55
44036822,60
44022869,59
44046583,60
44022931,59
44046634,60
44010287,59
44011724,59
44037164,60
44013505,59
43971155,55
44045572,60
44028756,59
44047229,60
44047230,60
44018912,59
44041590,60
43983975,57
43922106,52
43995095,59
44045692,60
44012083,59
44010394,59
44012105,59
44039242,60
44031750,60
44003657,59
44016823,59
43939673,55
43989787,57
44042203,60
43981659,56
44046116,60
44040508,60
44009448,59
43978610,56
44036667,60
44001373,59
44040786,60
44026538,59
44003073,59
44045250,60
44010161,59
44032489,60
43931456,55
44038149,60
44006006,59
44031308,60
44043957,60
43878982,50
44021648,59
44027280,59
44044036,60
43933292,55
44032853,60
43992074,57
44007624,59
44038588,60
44049866,60
44049914,60
44025163,59
44045626,60
44039108,60
44047375,60
44021885,59
44025088,59
44026134,59
44047543,60
44039044,60
44047544,60
44042989,60
44026132,59
44025282,59
44044867,60
43933610,55
43941837,55
43964514,55
43684613,37
44022616,59
43995471,59
44031992,60
44043162,60
44044982,60
44020837,59
44047862,60
44039484,60
44033975,60
44004294,59
43949720,55
44049359,60
43955567,55
43886751,50
44039724,60
44032771,60
44048147,60
44046596,60
44024105,59
44045347,60
44017413,59
44048265,60
43967961,55
44018571,59
44043968,60
43973922,55
43980875,56
43996307,59
44021649,59
44047000,60
44037185,60
44042833,60
44027532,59
43884793,50
44050125,60
44041589,60
43975590,56
43994211,59
44037306,60
44036301,60
44016553,59
44036336,60
44036401,60
44039038,60
44026173,59
44009358,59
43930490,53
43936831,55
43868504,50
44034683,60
43989662,57
44030947,60
44047840,60
43900208,52
44031993,60
44043265,60
43987095,57
44006938,59
44047863,60
44046295,60
44048904,60
43991824,57
44052007,60
44029424,60
44028328,59
43991794,57
44046441,60
44027005,59
43996173,59
44039700,60
44049302,60
44004392,59
44045371,60
44000313,59
44031344,60
44039934,60
44001894,59
43975219,55
43940029,55
44025886,59
44003587,59
44028730,59
44034421,60
44052709,60
44034420,60
44052768,60
44036103,60
44036132,60
43996676,59
44040152,60
44010806,59
44047294,60
44027651,59
44040085,60
44024833,59
44013958,59
44029006,59
43968859,55
44053251,60
44050480,60
43963330,55
44017758,59
44027846,59
43985790,57
44051437,60
44025162,59
44020565,59
43966242,55
44033731,60
44051483,60
43960793,55
44028154,59
44001230,59
44051618,60
44045092,60
44009432,59
44048886,60
44023814,59
44053453,60
44001437,59
44031117,60
43978881,56
44019872,59
44032401,60
43921546,52
44050747,60
43997510,59
44049214,60
44049208,60
44049213,60
44048024,60
43976421,56
44031343,60
44007208,59
44041296,60
44043956,60
44052573,60
44034317,60
44000468,59
44034259,60
44051065,60
44022034,59
43978028,56
44016224,59
44028731,59
43896722,52
44050126,60
43988202,57
44034439,60
44009159,59
43924231,53
44040128,60
44012048,59
44047373,60
44053006,60
44034517,60
44053013,60
44030416,60
44037493,60
43915700,52
44009824,59
44011379,59
44054391,60
44043381,60
44016912,59
43994388,59
44029321,60
44049156,60
44054561,60
44026641,59
44053583,60
44028286,59
44035114,60
44012825,59
44014108,59
44022747,59
44049301,60
44046439,60
44046597,60
44053638,60
44050874,60
44053647,60
44046442,60
44025748,59
44052191,60
44030415,60
43904180,52
44052354,60
44008876,59
43962912,55
44042692,60
44022836,59
43909173,52
44007488,59
44036104,60
44010809,59
44038929,60
43993736,58
44047131,60
44040036,60
43958315,55
44055648,60
44045611,60
44049868,60
44042838,60
44042839,60
44007991,59
44054029,60
44025996,59
44030487,60
44022171,59
44022114,59
44042937,60
44030570,60
44042945,60
44039090,60
44019322,59
44016284,59
44042936,60
43988225,57
44034601,60
44042022,60
44053186,60
44037479,60
43887947,50
44002901,59
43942204,55
44047763,60
44037790,60
44029301,60
44054406,60
44046115,60
44035069,60
44047923,60
44046213,60
44049157,60
43948287,55
44048055,60
44035102,60
44049358,60
44050912,60
44041002,60
44024366,59
44021294,59
44044017,60
43861972,50
44044037,60
44051079,60
44007990,59
44021884,59
44030056,60
44051059,60
44031461,60
44007244,59
44037150,60
44037151,60
43859103,50
44025866,59
44028743,59
44000609,59
44055541,60
44007875,59
44045612,60
44027631,59
43999531,59
44047293,60
44045596,60
44056914,61
44019061,59
44026057,59
44056926,61
44027531,59
44056911,61
44041671,60
44051352,60
44025174,59
44053187,60
44047625,60
43842141,50
44047737,60
44043123,60
43998225,59
43917023,52
44036666,60
43967356,55
44025452,59
44031985,60
43972210,55
44018170,59
44035068,60
44047925,60
44032245,60
44053577,60
44001032,59
44018360,59
44049207,60
43996364,59
44053641,60
44056422,60
44010082,59
44049357,60
44053576,60
44045251,60
44031342,60
43982212,56
44052355,60
44055098,60
44043898,60
44048239,60
44035552,60
44028565,59
44051064,60
44053822,60
44051061,60
44031605,60
43999088,59
44011777,59
44023038,59
44028742,59
44028688,59
44056796,61
44045627,60
44037172,60
43990863,57
44031518,60
44026035,59
44027652,59
44023267,59
44056937,61
44012135,59
44003568,59
44045735,60
44055788,60
44055787,60
44040096,60
44047426,60
43972733,55
44047738,60
44014013,59
44025281,59
43943871,55
43813210,11
44054327,60
44000022,59
43972974,55
44045090,60
44045073,60
43935906,55
44020774,59
44015572,59
44053581,60
44040763,60
44053507,60
44054714,60
44031018,60
44040779,60
44006061,59
44053632,60
44053655,60
44036821,60
43969577,55
44055038,60
44057902,61
44051001,60
44032772,60
44052181,60
44052570,60
44046690,60
44031519,60
44028564,59
43933293,55
44038418,60
44018981,59
44044015,60
44035571,60
43980584,56
44048323,60
44017302,59
44059556,62
44055676,60
43993697,58
43976883,56
43995020,59
44058500,61
44013373,59
43930575,53
44028870,59
44055789,60
44047382,60
44013830,59
43911205,52
44056069,60
43986813,57
44042067,60
44048905,60
43908747,52
44014160,59
44051575,60
44060130,62
44045074,60
44035023,60
44029421,60
44059137,62
44032394,60
44040495,60
44059256,62
43978632,56
43849023,50
44052190,60
44060568,62
43978962,56
44004302,59
44004513,59
44000424,59
44046632,60
44057903,61
44048148,60
43996306,59
44038316,60
44024367,59
44057994,61
44055323,60
44038416,60
44060950,62
44009160,59
44011752,59
44025819,59
44053913,60
44023198,59
44045573,60
44058409,61
44058410,61
44042693,60
44051308,60
44056773,61
43985072,57
44059631,62
44058411,61
43993735,58
43955606,55
44010805,59
44036335,60
44055705,60
44056912,61
44042974,60
44016554,59
44016771,59
44003655,59
44023423,59
44040506,60
44053382,60
43756439,44
44043122,60
44053383,60
44002891,59
43989870,57
44038092,60
44057336,61
44032246,60
43984456,57
44012751,59
44029423,60
43980587,56
44032488,60
44021016,59
44026885,59
44056423,60
44007125,59
44049390,60
44014374,59
44003077,59
43972229,55
44062202,62
44038415,60
44025746,59
44033011,60
44018980,59
44060949,62
44056789,61
44045631,60
44052769,60
44049915,60
44008900,59
43999393,59
44031626,60
44058531,61
44038906,60
44055704,60
44058398,61
44027375,59
44059700,62
44022204,59
43977188,56
44014913,59
44042946,60
44033351,60
44047470,60
44039169,60
43990997,57
44059735,62
44024582,59
43985697,57
44062740,62
44062884,62
43911012,52
44061907,62
44032222,60
44023707,59
44060071,62
44033776,60
44035040,60
44061906,62
44001033,59
44059136,62
44053582,60
44018570,59
44060324,62
44060322,62
44054745,60
44063195,62
44056405,60
43860147,50
44035138,60
44035137,60
44053608,60
44050767,60
44049158,60
43996151,59
44015488,59
44014411,59
44017307,59
44043866,60
44010163,59
44033799,60
44060918,62
44059445,62
43983651,57
44055324,60
44048252,60
44063731,62
44031625,60
44037187,60
44008901,59
44017590,59
44040086,60
44063955,62
44040071,60
44059630,62
44055575,60
44028785,59
44056822,61
44062505,62
44056913,61
44061465,62
44027632,59
44056936,61
44061464,62
44044797,60
44053188,60
44042968,60
44053252,60
44026131,59
44014956,59
44000939,59
44003966,59
44009823,59
43955189,55
44031027,60
44011457,59
44017062,59
43919747,52
44037791,60
44060321,62
43976420,56
44050745,60
43956203,55
44027006,59
44029385,60
44054761,60
43949672,55
44060491,62
44024193,59
44039701,60
44053648,60
44036852,60
44060456,62
44064995,62
44060601,62
44043786,60
44025699,59
44000453,59
43982371,56
44061181,62
44061331,62
44052708,60
44021950,59
44020299,59
44063954,62
44045625,60
44037050,60
43960005,55
44065366,62
44026001,59
44059702,62
44047374,60
44056927,61
44064246,62
44014912,59
44058819,62
44029005,59
44028973,59
43975535,56
43972658,55
43985887,57
44019612,59
44019613,59
43968742,55
43935604,55
44053452,60
44036604,60
43925732,53
44060070,62
44050602,60
44064691,62
44039415,60
44015575,59
44046294,60
44028330,59
44065905,62
44040764,60
44040428,60
44024340,59
44029658,60
44012826,59
44040912,60
44055096,60
44063447,62
44064996,62
44044117,60
44013119,59
44001826,59
44062307,62
44047133,60
44034340,60
44038589,60
44037108,60
44053960,60
44049869,60
44050098,60
44055677,60
44045613,60
44064166,62
44035890,60
44044116,60
44064262,62
44030579,60
44067048,62
44047626,60
43949206,55
43945439,55
44006835,59
43992648,58
44043164,60
43975841,56
44047762,60
44056314,60
44015150,59
44054393,60
43952402,55
44065732,62
43951520,55
44050753,60
44032192,60
44004393,59
43984457,57
44052006,60
44065904,62
44025485,59
44035103,60
44054744,60
44060366,62
44008564,59
44066083,62
44038230,60
44064916,62
44052182,60
44060571,62
44063446,62
44026983,59
44049392,60
44067760,62
44022864,59
44010200,59
44049455,60
44010202,59
44042610,60
44067759,62
43949985,55
43971000,55
44063635,62
44004618,59
43962804,55
43980894,56
43997570,59
44065182,62
44045506,60
43992133,57
44051083,60
44058339,61
44067989,62
44038907,60
44066779,62
44061214,62
44061167,62
44066815,62
44062504,62
44054160,60
44040069,60
44064165,62
44047284,60
44041504,60
44048645,60
44067230,62
44059898,62
43966366,55
44062728,62
44067470,62
44054404,60
44051594,60
44011403,59
43953556,55
44059117,62
44059116,62
44029438,60
44001575,59
44012575,59
44056402,60
44067622,62
44059192,62
44067623,62
44068889,62
44064928,62
44029684,60
44062186,62
44052189,60
44046598,60
44035392,60
44039776,60
43969449,55
44035522,60
44069344,62
44069421,62
44027376,59
44052572,60
44045346,60
44042608,60
44051002,60
44017383,59
44062305,62
44066579,62
44026080,59
44056795,61
44055574,60
44026081,59
44056772,61
44058501,61
44061179,62
44053007,60
44011984,59
44040070,60
44067080,62
44051343,60
44067047,62
44064310,62
44017759,59
44061695,62
44067300,62
43952233,55
44030946,60
44068422,62
43992623,58
44059008,62
43990575,57
44028155,59
44050646,60
43966360,55
44061918,62
44060069,62
44070310,62
44011401,59
44054563,60
44067635,62
44010000,59
44060365,62
44068756,62
44056403,60
44065984,62
44015470,59
44066073,62
44057704,61
44059222,62
44050875,60
44066146,62
44069120,62
44063448,62
44026984,59
44066435,62
44046544,60
43999280,59
44001798,59
44010119,59
44000454,59
44069497,62
43976642,56
43963979,55
44028729,59
44063957,62
44065292,62
44018987,59
44065293,62
44062454,62
44041897,60
44042995,60
44054088,60
44067079,62
44053012,60
44051324,60
44055844,60
43968992,55
44065367,62
44061322,62
44054087,60
44068228,62
44067319,62
44058818,62
44062672,62
44045889,60
44067409,62
43835820,50
43978460,56
43869317,50
44002877,59
44067469,62
43955409,55
44060132,62
44071387,62
44067525,62
43967354,55
44043380,60
43894959,52
44063144,62
44067595,62
44068820,62
44053640,60
44064763,62
44059255,62
43982280,56
44071842,62
44068952,62
44064921,62
44064930,62
44050873,60
44040908,60
44063428,62
44019932,59
44067761,62
44070632,62
44070580,62
44046631,60
44065114,62
44070725,62
44031535,60
43982133,56
44066817,62
44061188,62
44053961,60
44070832,62
44053959,60
44052770,60
44018913,59
43934340,55
44047471,60
44064311,62
44072731,62
44061334,62
44022115,59
44039105,60
44029020,59
44069946,62
44051342,60
44037336,60
44037478,60
44026223,59
44069951,62
44047427,60
44072945,62
44034849,60
44034871,60
44071386,62
44071505,62
43973209,55
44068720,62
44061958,62
44071679,62
44052008,60
44066082,62
44040787,60
44068840,62
44060569,62
44066087,62
44064845,62
44064923,62
44036851,60
44015542,59
44062054,62
44011607,59
44049456,60
43980811,56
44053631,60
43900686,52
44063317,62
44071977,62
44045348,60
44035393,60
44065115,62
44031487,60
44066577,62
44016135,59
44060928,62
44000349,59
44066553,62
44052571,60
44058338,61
44047148,60
44066873,62
44065265,62
44065368,62
44072553,62
44062526,62
44055845,60
44071000,62
44068151,62
44069947,62
44031883,60
44073868,62
44072785,62
44068229,62
44061463,62
44061468,62
44013615,59
43982682,56
44047383,60
44056070,60
43952472,55
44051555,60
44050603,60
44062883,62
44016997,59
44073126,62
44033824,60
44061836,62
44003832,59
44071389,62
44073127,62
43991760,57
43987339,57
44063085,62
44073194,62
44067624,62
44006244,59
44064922,62
44067786,62
43955568,55
44060570,62
44059327,62
44073458,62
44073383,62
44063638,62
44046633,60
44073460,62
44069163,62
44055097,60
44059328,62
44070682,62
44063767,62
44008927,59
43896500,52
44039737,60
44069536,62
44069535,62
44073669,62
44046689,60
44061168,62
44055189,60
44059701,62
44073707,62
44073706,62
44063976,62
44027609,59
44036189,60
44072761,62
44058487,61
44037173,60
44027715,59
44072721,62
44040105,60
44022299,59
44041961,60
43950432,55
44067301,62
44053062,60
44075775,62
43960709,55
44026245,59
44033732,60
43888452,50
44026590,59
44051619,60
44054392,60
44015132,59
44021001,59
44075906,62
43997289,59
44068495,62
44071388,62
44074277,62
44026679,59
44059114,62
44068496,62
44036605,60
44012574,59
43992988,58
44071681,62
44074465,62
44066147,62
43991834,57
44064846,62
44038108,60
43966671,55
44041001,60
44073457,62
44069130,62
44062258,62
44060793,62
44050911,60
44027179,59
44069125,62
44074918,62
44072199,62
44048253,60
44062304,62
44035782,60
44066580,62
44028705,59
44030268,60
44001973,59
44076454,62
44070831,62
44049867,60
44070843,62
44063988,62
44072400,62
44027642,59
44027761,59
44044445,60
44059698,62
44076634,62
44073813,62
44068141,62
44070999,62
44075518,62
44059712,62
44075561,62
44075519,62
44064245,62
44059776,62
43989584,57
44059778,62
44047719,60
44057073,61
44059907,62
44013959,59
44075863,62
44075862,62
44016965,59
44059115,62
44054390,60
44028209,59
44022560,59
44073195,62
44057337,61
44065968,62
44077178,63
44061957,62
44040780,60
44008563,59
44071634,62
44068887,62
44070462,62
44074534,62
44010065,59
44037956,60
44074535,62
44077421,64
44060455,62
44067730,62
44068880,62
44056414,60
44053656,60
44062151,62
43996273,59
44074778,62
44044016,60
44000375,59
44027075,59
44010286,59
44074802,62
44067838,62
44070723,62
44063768,62
44017414,59
44076466,62
44060982,62
44038741,60
44047147,60
44078163,64
43975464,56
44066816,62
44055957,60
44037317,60
44076680,62
44071036,62
44078441,64
44050401,60
44042994,60
44076679,62
44056996,61
44044799,60
43997988,59
44026109,59
44034680,60
44045890,60
44019680,59
44062738,62
43920430,52
44003965,59
44029266,60
44077028,63
44073128,62
44014159,59
44026647,59
44065761,62
44017933,59
44077190,63
44059113,62
43891296,51
44060133,62
44061956,62
44039813,60
44071506,62
44071635,62
44063315,62
44068879,62
44036820,60
44029437,60
44057785,61
44024150,59
44079099,64
44073459,62
44074799,62
44071921,62
43987560,57
44013043,59
44021594,59
43996274,59
44069342,62
44062302,62
44076467,62
44028706,59
44077935,64
44072402,62
44073734,62
44055651,60
44052771,60
44062453,62
44042969,60
44038700,60
44073833,62
44056741,61
44054052,60
44079431,64
44054161,60
44073860,62
44054197,60
44051325,60
43977302,56
43921354,52
44053253,60
43950434,55
43918645,52
43972765,55
44076875,63
44036736,60
44076923,63
43911507,52
44078802,64
43966359,55
44023709,59
44067524,62
44061905,62
44065731,62
44071428,62
44073245,62
44070410,62
44065986,62
44066148,62
43984463,57
44054715,60
44023817,59
44001438,59
44071980,62
44071978,62
43893839,52
44070681,62
44032925,60
44059569,62
44069495,62
44070844,62
44065232,62
44074973,62
44048324,60
44076453,62
44065233,62
44070886,62
44044446,60
44075393,62
44025895,59
44076623,62
44037414,60
44079645,64
44079644,64
44022402,59
44036402,60
44009619,59
43874876,50
44076987,63
44081611,64
44079834,64
43991687,57
44065562,62
44023496,59
44066063,62
43994585,59
44077079,63
44080003,64
44063142,62
44063084,62
44077185,63
44080119,64
44074463,62
44074654,62
44066086,62
44036892,60
44045253,60
44069037,62
44043899,60
44077455,64
44064987,62
44071955,62
44076322,62
44045252,60
44069162,62
44069131,62
44048238,60
44048250,60
44031460,60
44045353,60
44059422,62
44051205,60
44077854,64
44070769,62
44024362,59
43979081,56
44077862,64
44076381,62
44007487,59
44060927,62
44080932,64
44058400,61
44038701,60
44073671,62
44034294,60
44027653,59
44078245,64
44078246,64
44066778,62
44072732,62
44073870,62
44037338,60
44075484,62
43997991,59
44054132,60
44041787,60
44040104,60
44036271,60
44076717,62
44040154,60
44073902,62
44054219,60
43994237,59
43994238,59
43938196,55
44009357,59
44008434,59
44009433,59
44081576,64
44076903,63
44081613,64
44064692,62
44065733,62
44051702,60
44033826,60
43982177,56
44081715,64
44080118,64
44078898,64
43991581,57
44068888,62
44067592,62
44080205,64
44077444,64
44001307,59
44081756,64
44070464,62
44064849,62
44070581,62
44081808,64
44067787,62
44083309,64
44046440,60
44041066,60
44066436,62
44062203,62
43945945,55
44074801,62
44010118,59
44080695,64
43996303,59
44039950,60
44020297,59
44083524,64
44076380,62
44066875,62
44059570,62
44080827,64
44073704,62
43952538,55
44049916,60
44080952,64
44059713,62
44072535,62
44066874,62
44078162,64
43975445,56
44059703,62
43999440,59
44016790,59
44076624,62
44064247,62
44028855,59
44078212,64
44072762,62
44042878,60
44081241,64
44068152,62
44036272,60
44059777,62
44079568,64
44065467,62
44077052,63
44022558,59
44051703,60
44076906,63
43960748,55
44081612,64
44067523,62
44076936,63
44047839,60
44019793,59
44079784,64
44067634,62
44073246,62
44043589,60
44084566,64
44078897,64
44051574,60
44073170,62
44063141,62
44062053,62
44031191,60
43991793,57
44060323,62
43895005,52
44069036,62
44036931,60
44071693,62
44056455,60
43984855,57
44059223,62
44028419,59
44070647,62
44079039,64
44077567,64
44035523,60
44035521,60
44043948,60
44055406,60
44043967,60
44084857,64
44077853,64
44010288,59
44069343,62
44077851,64
43996175,59
44075142,62
44070885,62
44069502,62
44083525,64
44056850,61
44083526,64
44034422,60
44065183,62
44032854,60
44075263,62
44061336,62
44059582,62
44068182,62
44085026,64
43883024,50
44079433,64
44075616,62
44083975,64
44082316,64
44047512,60
44044866,60
44025176,59
44085388,64
44054328,60
44051485,60
43981820,56
44082804,64
44034850,60
44048916,60
44028329,59
44056280,60
44071430,62
44065981,62
43980583,56
44081806,64
44071680,62
44050984,60
44064915,62
44018362,59
44073337,62
44066295,62
44086148,64
44079100,64
44046448,60
44083310,64
44077566,64
44005958,59
44030267,60
44083341,64
43996174,59
44043952,60
43904179,52
44069420,62
44080791,64
44042609,60
44079259,64
44084921,64
44072401,62
44084896,64
44051082,60
43993737,58
44080754,64
44080828,64
44069419,62
44028707,59
44056922,61
44085081,64
44085089,64
44078426,64
44064248,62
44073861,62
44078427,64
44085184,64
44041529,60
44075774,62
44054133,60
44047720,60
43907951,52
44085337,64
44029302,60
44062769,62
44084404,64
44007124,59
44077027,63
44046447,60
44022748,59
44060303,62
44021000,59
44080004,64
44019873,59
44023818,59
44080116,64
44080117,64
44067729,62
44026678,59
44085947,64
44084605,64
44079040,64
44073384,62
44069038,62
44041065,60
44026445,59
44004210,59
44006060,59
44045370,60
44051003,60
44086176,64
44086244,64
44086278,64
44066578,62
44084859,64
44077852,64
44084852,64
44083442,64
44084858,64
44076443,62
43996332,59
44086492,64
44017550,59
44034339,60
44079339,64
44086536,64
44087817,64
44072554,62
44073807,62
44038702,60
44072946,62
44085120,64
44061490,62
44087996,64
43953072,55
44084180,64
44087035,64
44084283,64
44020693,59
43945211,55
43989115,57
44074116,62
44061798,62
44077053,63
44071393,62
44075954,62
44085394,64
43990285,57
44001308,59
44054760,60
44003995,59
44068839,62
44084484,64
44080175,64
43947890,55
44085788,64
44085785,64
44021015,59
44056421,60
44077446,64
44046654,60
44077422,64
44032490,60
44087490,64
44077587,64
44080490,64
44083339,64
44084749,64
44089051,64
43995806,59
44022033,59
44062310,62
44048172,60
44069126,62
44062431,62
44086347,64
44089053,64
44086349,64
44084853,64
44007694,59
44045505,60
44083527,64
44057995,61
44073576,62
44058210,61
44035262,60
44083523,64
44016134,59
44085022,64
44086643,64
44038928,60
44087816,64
44033475,60
44059899,62
44088136,64
44067229,62
44014109,59
43935541,55
44011380,59
44062770,62
44009447,59
43984127,57
44020692,59
44079776,64
44078801,64
44057338,61
44051554,60
44087326,64
44064724,62
44035151,60
44078982,64
44005860,59
44074479,62
44049391,60
44077445,64
43991701,57
43804641,11
44043787,60
44070729,62
44046585,60
44078009,64
43996301,59
43996302,59
44070730,62
44041798,60
44027180,59
44060973,62
44059560,62
44074971,62
44077936,64
44080934,64
44069808,62
44089387,64
44082095,64
44022298,59
44080951,64
44061213,62
44065277,62
44054053,60
44064495,62
44061321,62
44079569,64
44090865,64
43829933,49
43969033,55
44030945,60
44079783,64
44085382,64
44085392,64
44068354,62
44091095,64
44084485,64
44077177,63
44054562,60
44032400,60
44091215,64
44053575,60
44022863,59
44054879,60
44090257,64
44031221,60
44074775,62
44074655,62
44045372,60
44077568,64
44086245,64
44090474,64
44087584,64
44063636,62
44089052,64
44070684,62
44086277,64
44087767,64
44090557,64
44080753,64
44080792,64
44083755,64
44092295,64
44087819,64
44089386,64
44056823,61
43979822,56
44092289,64
44080953,64
44068140,62
44055706,60
44073788,62
44081242,64
44064263,62
44079432,64
44062640,62
44088068,64
44071062,62
44055902,60
44041898,60
44072786,62
44072916,62
44051341,60
44081434,64
43958719,55
44048025,60
44073125,62
44062739,62
44090009,64
44090010,64
44079782,64
44084403,64
44077176,63
44080104,64
44070463,62
44045093,60
44060131,62
44077189,63
44068729,62
44090258,64
44012861,59
44085787,64
44091512,64
44063316,62
44035152,60
44064929,62
44077644,64
44085948,64
44070582,62
44088879,64
44091606,64
44088880,64
44053812,60
44065081,62
44086150,64
44059397,62
44069122,62
44079129,64
44021260,59
44039951,60
44028689,59
44089183,64
44093444,64
44083753,64
44021713,59
44076556,62
44079366,64
44080933,64
43915653,52
44086613,64
44030580,60
44051353,60
44076640,62
44045734,60
43992449,58
44073903,62
44023498,59
44093773,64
44093774,64
44071392,62
44075955,62
44084402,64
44081716,64
44088467,64
44094147,64
44028420,59
44093099,64
44053813,60
44053814,60
44085930,64
44014415,59
44055039,60
44053821,60
44057705,61
44086350,64
44091911,64
44039812,60
44094764,64
44092030,64
44083422,64
44080829,64
43980865,56
44080694,64
44046653,60
44079340,64
44054245,60
44087769,64
44086535,64
43982134,56
44093445,64
44069501,62
44051080,60
44092256,64
44072274,62
44092296,64
44056788,61
44093550,64
44050097,60
44082174,64
44078556,64
44081435,64
44076733,62
44027784,59
44093707,64
44067410,62
43997237,59
44087193,64
44065561,62
43966325,55
44078690,64
44091096,64
44074130,62
44048887,60
44082774,64
44095704,64
43906054,52
44087327,64
44087325,64
44088442,64
44078899,64
44094146,64
44062117,62
44093028,64
44088585,64
44090197,64
44093098,64
44080174,64
44094329,64
44071967,62
44074675,62
44087488,64
44008765,59
44084806,64
44001574,59
44088823,64
44077643,64
44086021,64
44077565,64
44025898,59
44096132,64
44093277,64
44086348,64
43992059,57
44083421,64
44084854,64
44093274,64
44087662,64
44086534,64
44084897,64
44062349,62
44083643,64
44063929,62
44096243,64
44061054,62
44087768,64
44065247,62
44086611,64
44090684,64
44096271,64
44076581,62
44061212,62
44095201,64
44076630,62
44092290,64
44093463,64
44072654,62
44085177,64
43975536,56
44088026,64
44047689,60
44084178,64
44087034,64
44078688,64
44054291,60
44054292,60
44058993,62
44044944,60
43950673,55
44077078,63
44091117,64
44092908,64
44087364,64
44092954,64
44077186,63
44071507,62
44094149,64
44015853,59
44074540,62
44080210,64
44081757,64
44097208,64
44086022,64
44096032,64
44077621,64
44096049,64
44087742,64
44091912,64
44097532,64
44094817,64
43976884,56
44070724,62
44097580,64
44000668,59
44084923,64
44080752,64
44090558,64
44061180,62
44056727,61
44082173,64
44045585,60
44097769,64
44076444,62
44058399,61
44081076,64
43990864,57
43948719,55
44045693,60
44031850,60
43977164,56
44085183,64
44073862,62
43922312,52
44089755,64
44042879,60
44093664,64
44056995,61
44014346,59
44096507,64
44051438,60
44071139,62
44077026,63
44085391,64
44085463,64
44094038,64
44039503,60
44065985,62
44088470,64
44036632,60
44082806,64
44046319,60
44043591,60
44074462,62
44088824,64
44083047,64
44097207,64
44084606,64
44093100,64
44094390,64
44090330,64
44043949,60
43896789,52
44035263,60
44091910,64
44088833,64
44056726,61
44087789,64
44099020,64
44073668,62
43997758,59
44092297,64
44099077,64
44067001,62
44095202,64
44035987,60
44073814,62
44072722,62
44095345,64
44093687,64
44093688,64
43979939,56
44054220,60
44023182,59
44065536,62
44009620,59
43900076,52
43914223,52
44090958,64
44081578,64
44076905,63
44054405,60
44091094,64
44094037,64
44094039,64
44095705,64
44092955,64
44085381,64
44084457,64
44074279,62
44050768,60
44094330,64
44053607,60
44085929,64
44083116,64
44083048,64
44035117,60
44070635,62
44074800,62
44083308,64
44043958,60
44022943,59
43984473,57
44034260,60
44003236,59
44024172,59
44070731,62
43975017,55
44094816,64
44062348,62
44025887,59
44067924,62
44090581,64
44056742,61
44083702,64
44083641,64
44047132,60
44098961,64
44095024,64
44095022,64
44065278,62
44095341,64
44073805,62
44087072,64
44071037,62
44059908,62
44085254,64
44050479,60
44033734,60
44031984,60
43886057,50
44079926,64
44085393,64
44059006,62
44068424,62
44076876,63
44078841,64
44064739,62
44035041,60
44101313,64
44078800,64
44085530,64
44098587,64
44071429,62
44064725,62
44073110,62
44025700,59
44076148,62
44009999,59
43914752,52
44065969,62
44050752,60
44022648,59
44097234,64
44090198,64
44053639,60
44087583,64
44074653,62
44095994,64
44097296,64
44069382,62
44100231,64
44074777,62
44094765,64
44091913,64
44092007,64
43943001,55
44080714,64
44098960,64
44070732,62
44056732,61
44060919,62
44098962,64
44089296,64
44086548,64
44097846,64
44096235,64
44062527,62
44083700,64
44097918,64
44000667,59
44035889,60
44048256,60
44096272,64
44055649,60
44067031,62
44098029,64
43970950,55
44059711,62
44093523,64
44089707,64
44095277,64
43972656,55
44037415,60
44095575,64
44073869,62
44015705,59
44095574,64
44067321,62
44044798,60
44088169,64
44077029,63
44093819,64
44034851,60
44056315,60
44085529,64
44026589,59
44039504,60
44067633,62
44033733,60
44070309,62
44099882,64
44102741,64
44062185,62
44059396,62
44101545,64
44066072,62
44062116,62
44101614,64
44087489,64
44097225,64
44086149,64
44096050,64
44070711,62
44097577,64
44077861,64
44070726,62
44079262,64
44097533,64
44079183,64
44086243,64
44069498,62
44037137,60
44087786,64
44080715,64
44084856,64
44079261,64
44083439,64
44068082,62
44061335,62
44098030,64
44096442,64
44086612,64
44065468,62
44054167,60
44085082,64
44098080,64
44059734,62
43991009,57
44069950,62
44079596,64
44091119,64
44074117,62
44020772,59
43997238,59
44090011,64
44099625,64
44080005,64
44082805,64
44087365,64
44087363,64
44085642,64
44094148,64
44104237,64
44078896,64
44012493,59
44015624,59
44068719,62
44008768,59
44088630,64
44097056,64
44078931,64
44059193,62
44099963,64
44102818,64
44101543,64
44066554,62
44097295,64
44091820,64
44057784,61
44099051,64
44096131,64
44101808,64
44046999,60
44101815,64
44096205,64
44103253,64
44016225,59
44086493,64
44000555,59
44023122,59
43896515,52
44103585,64
44081072,64
44078425,64
44099142,64
44017588,59
44067002,62
44039240,60
44061488,62
44090864,64
44101063,64
44102072,64
43820658,48
44079646,64
44043093,60
44067485,62
44087374,64
43975126,55
44082775,64
44104173,64
44096742,64
44084470,64
44074464,62
44087373,64
44102663,64
43940334,55
44105483,64
44099884,64
44090329,64
44071844,62
44074710,62
43962392,55
44102936,64
44071843,62
44094391,64
44087582,64
44078960,64
44105770,64
44104488,64
44104526,64
44104402,64
44105885,64
44101707,64
44070768,62
44004755,59
44084757,64
44091999,64
44038317,60
44094963,64
44097953,64
44101895,64
44085025,64
44013829,59
44104818,64
44099143,64
44104820,64
44104877,64
44076734,62
44093611,64
44062642,62
44106861,64
44103871,64
44054028,60
43997947,59
44105043,64
44081577,64
44098415,64
44085387,64
44096634,64
44101274,64
44104141,64
44098588,64
44085424,64
44070422,62
44107069,64
44070311,62
44104244,64
44094169,64
44021014,59
44107066,64
44093026,64
44060304,62
44105591,64
44047975,60
44083115,64
44088807,64
44104387,64
44095993,64
44095995,64
44045244,60
44021647,59
44101705,64
44053750,60
44094818,64
44092029,64
44076321,62
44083441,64
44061053,62
44103254,64
44087787,64
44063987,62
44086547,64
44083754,64
44030422,60
44103429,64
44075392,62
44059739,62
44099075,64
44027136,59
44050440,60
44095573,64
44090912,64
44104959,64
44019463,59
44011071,59
44104024,64
44075956,62
44107878,64
44098416,64
44093820,64
44104171,64
44102321,64
44101277,64
44092890,64
44107068,64
44104108,64
44108159,64
44084455,64
44079925,64
44095691,64
44099801,64
44094129,64
44084568,64
44081807,64
44105484,64
44053458,60
44057666,61
44064848,62
44102658,64
44084756,64
44107171,64
44108531,64
44070634,62
43990272,57
44108583,64
44043556,60
44076196,62
44091605,64
44101544,64
44101546,64
44027073,59
44086276,64
44052345,60
43927584,53
44043953,60
44104474,64
44097582,64
44057850,61
44107413,64
44103256,64
44104625,64
44081071,64
44100572,64
44086642,64
44085048,64
44066990,62
44093549,64
44106514,64
44092291,64
44106412,64
44069797,62
44104755,64
43980982,56
44102082,64
44102073,64
44088027,64
43994232,59
44088135,64
44054259,60
44105030,64
44022647,59
43942334,55
44109695,64
44102374,64
44059040,62
44085461,64
44013044,59
44108160,64
44098485,64
44043557,60
44105283,64
44105357,64
44081659,64
44091339,64
44108269,64
44090256,64
44043092,60
44084506,64
44046320,60
44110051,64
44105578,64
44105579,64
44091767,64
44083135,64
44098800,64
44109996,64
44101602,64
44105869,64
44069217,62
44101612,64
44041295,60
44048251,60
44097351,64
44101706,64
44106120,64
44107376,64
44108942,64
44063732,62
44081036,64
44037171,60
44104594,64
44097753,64
44095023,64
44083701,64
44059738,62
44100740,64
44093524,64
44102086,64
44103691,64
44109565,64
44081436,64
44062724,62
44071138,62
44107798,64
44093662,64
44090911,64
44096443,64
44071084,62
44031834,60
44106898,64
44029399,60
44098486,64
44073196,62
44081657,64
44110845,64
44105284,64
44067594,62
44109854,64
44053508,60
44101364,64
44059194,62
43997526,59
44101536,64
44080211,64
44090331,64
44084607,64
44102701,64
44093101,64
44080207,64
44058208,61
44085974,64
44083118,64
44109942,64
44101613,64
44098799,64
44094559,64
44070710,62
44079184,64
44080491,64
44071979,62
44096066,64
44108712,64
44097581,64
44071922,62
44111523,64
44104524,64
44079260,64
44108887,64
44096236,64
44106179,64
44096245,64
44109020,64
44083642,64
44089374,64
44068081,62
44089297,64
44111811,64
44104757,64
43826806,49
44100833,64
44100741,64
44098079,64
44083889,64
44075485,62
44087997,64
44101989,64
44095342,64
44095346,64
43994239,59
44050441,60
44109662,64
44085216,64
44109632,64
44092789,64
44048644,60
44014059,59
44031019,60
44044945,60
44107840,64
44048917,60
44107839,64
44107841,64
44110686,64
44112513,64
43935949,55
44091071,64
44023708,59
44109853,64
44104243,64
44101340,64
44109895,64
44071692,62
44094128,64
43997734,59
44108290,64
44080002,64
44063143,62
44031222,60
44000287,59
43984777,57
44107259,64
44095992,64
44111524,64
44110035,64
44108714,64
44001801,59
44094767,64
44104534,64
44102975,64
44011774,59
44100575,64
44104605,64
44097864,64
44104624,64
44089375,64
44092255,64
43946086,55
44062671,62
44103641,64
44064261,62
44062726,62
44112317,64
44093612,64
44104968,64
44092790,64
44093708,64
44112480,64
44031833,60
44051484,60
44003781,59
44107835,64
44113528,64
44058992,62
44085462,64
44096637,64
44068483,62
44093818,64
43978790,56
44110717,64
44101275,64
44063083,62
44046308,60
44076986,63
44095690,64
44101276,64
44112600,64
44109894,64
44085786,64
44098586,64
44076005,62
44112757,64
44080204,64
44078955,64
44099926,64
44091513,64
44112893,64
44083244,64
44032319,60
44059257,62
44097348,64
44084750,64
44091819,64
44104547,64
44101813,64
44092008,64
44094965,64
44107407,64
44103255,64
44078285,64
44113086,64
44011934,59
44103490,64
44039935,60
44107523,64
44079430,64
44060974,62
44103642,64
44101988,64
43977945,56
44096505,64
44104876,64
44113350,64
44109630,64
44107756,64
44110617,64
44103873,64
44091118,64
44032250,60
44115314,64
44091070,64
44074278,62
44102320,64
44112598,64
44053506,60
43888384,50
44112610,64
44112635,64
44113797,64
44074478,62
44112766,64
44109953,64
44101395,64
44078930,64
44115542,64
44067762,62
44109941,64
44094331,64
44108529,64
44107173,64
43990271,57
44104344,64
44035520,60
44094348,64
44114247,64
44114248,64
44098840,64
44112843,64
44112926,64
44083243,64
44078008,64
44115818,64
44001800,59
44101605,64
44101708,64
44091768,64
44048237,60
44097583,64
44114644,64
44104676,64
43992378,58
44096213,64
44111812,64
44097920,64
44094964,64
44065246,62
44103449,64
44103450,64
44113249,64
44104785,64
44067032,62
44093661,64
43995047,59
44031818,60
44098332,64
44048686,60
44078666,64
44067283,62
44029486,60
44087195,64
44028172,59
44025371,59
44084567,64
44116568,64
44046307,60
44112611,64
44101332,64
44105282,64
44112599,64
44116514,64
44073109,62
44091143,64
44095703,64
44115540,64
44113838,64
44094264,64
44073378,62
44113796,64
43939618,55
44080105,64
44021259,59
44108288,64
44115612,64
44099723,64
44028301,59
44114127,64
44083117,64
44112842,64
44085949,64
44052111,60
44111333,64
44112894,64
44107223,64
44108528,64
44117077,64
44077622,64
44096033,64
44117301,64
44098959,64
44111525,64
44067839,62
44087741,64
44098999,64
44065234,62
44115907,64
44100831,64
44098954,64
44109152,64
44093561,64
44109251,64
44108943,64
44109252,64
44085112,64
44110427,64
44072391,62
44072653,62
44113327,64
44064395,62
44099218,64
44113284,64
44076635,62
44077969,64
44073834,62
44116243,64
44067378,62
44096606,64
44051595,60
44110801,64
44019911,59
44115476,64
44115475,64
44116567,64
44078842,64
44032191,60
44105592,64
43964734,55
44061917,62
44091604,64
44077423,64
44105503,64
44112756,64
44090259,64
44115609,64
44112806,64
44112795,64
44001374,59
44109957,64
44074711,62
44105672,64
44029678,60
44054548,60
44104345,64
44116937,64
44107172,64
44117074,64
44107258,64
44111481,64
43986856,57
43829521,49
44108789,64
44115880,64
44086275,64
44062303,62
44112970,64
43996677,59
44055573,60
44113163,64
44096269,64
44062493,62
44056921,61
44099076,64
44106414,64
44083888,64
44113283,64
44034681,60
44106413,64
44106608,64
44085088,64
44103841,64
44034572,60
44093630,64
44093665,64
44042976,60
43998548,59
44102222,64
44085423,64
44115333,64
44104106,64
44115391,64
44030939,60
44115477,64
44115438,64
44064738,62
44068558,62
44070421,62
44116516,64
44115437,64
44068730,62
44104126,64
44094515,64
44090284,64
44073169,62
44108233,64
44090254,64
44105360,64
44118370,64
44056454,60
44112827,64
44094336,64
44094349,64
44116938,64
44094332,64
44118456,64
44114072,64
44023986,59
44078956,64
44118481,64
44063637,62
44117076,64
44015986,59
44111483,64
44062308,62
44108787,64
44104536,64
44058077,61
44115820,64
44118804,64
44072536,62
44097654,64
44120398,64
44086554,64
44099034,64
44103460,64
44110424,64
44047510,60
44081218,64
44103840,64
44081334,64
44115269,64
44116242,64
44104969,64
44033099,60
43986854,57
44118138,64
44096607,64
44068423,62
44101315,64
44107067,64
44102376,64
44116515,64
44113795,64
44101338,64
44110914,64
44113720,64
44118302,64
44071956,62
44090123,64
44068755,62
44105470,64
44000286,59
44118386,64
44107167,64
44119618,64
44110048,64
44056404,60
44115661,64
44102816,64
44063140,62
44118510,64
44108582,64
44107275,64
44079295,64
44111484,64
44095972,64
44056415,60
44115796,64
44108713,64
44074674,62
44121445,64
44066765,62
44118668,64
44121513,64
44064044,62
44115819,64
44117302,64
44094766,64
44120120,64
44112969,64
44103430,64
44069345,62
44096065,64
44104593,64
44013374,59
44062032,62
44117413,64
44099000,64
44072273,62
44118741,64
44077937,64
44097768,64
44118803,64
44081050,64
44106265,64
44087951,64
44110381,64
44021951,59
44120620,64
44085080,64
44086718,64
44055650,60
44061469,62
44067379,62
44087194,64
44115448,64
44068484,62
44050746,60
44065760,62
44073172,62
44119738,64
44110034,64
43967561,55
44115663,64
44108530,64
44101603,64
44118454,64
44118525,64
44114073,64
44101636,64
44045243,60
44121378,64
44121376,64
44122806,64
44120057,64
44098841,64
44097226,64
44107224,64
44104523,64
44114318,64
44110176,64
44120058,64
44122969,64
44110175,64
44044531,60
44111833,64
44107406,64
44123159,64
44123158,64
44104756,64
44120399,64
44075264,62
44114938,64
44121700,64
44110347,64
44097919,64
44112202,64
44120695,64
44093631,64
44121758,64
44081471,64
44113349,64
44099360,64
44081345,64
43896198,52
44054258,60
44090934,64
44093736,64
43972907,55
44104023,64
44042204,60
44047861,60
43972906,55
44088525,64
44110844,64
44121114,64
44102588,64
44118308,64
44060302,62
44118249,64
44011483,59
44121113,64
43967355,55
44054614,60
44122137,64
44115442,64
44110996,64
44121204,64
44083221,64
44102706,64
44053457,60
44088441,64
44122544,64
44064850,62
44124130,65
44121277,64
44110043,64
44118524,64
44095940,64
44018231,59
44110044,64
44114246,64
44112912,64
44089037,64
44095939,64
44086246,64
44048240,60
44101798,64
44114315,64
44080619,64
44115794,64
44089182,64
44045595,60
44107414,64
44083657,64
44074917,62
44113164,64
44123157,64
44109019,64
44121598,64
44099063,64
44118742,64
44046543,60
44120464,64
44116047,64
44099062,64
44117756,64
44103451,64
44092294,64
44013507,59
44093548,64
44072915,62
44113348,64
44030486,60
44054166,60
44112374,64
44106607,64
44084035,64
44059557,62
44064494,62
44065523,62
44059007,62
44074118,62
44014197,59
44093772,64
44123884,65
44110803,64
44105076,64
44102319,64
44123882,65
44119385,64
44071629,62
44112755,64
44116748,64
44116749,64
44112794,64
44049344,60
44122402,64
44107165,64
44046296,60
44118455,64
44110050,64
44114061,64
44125418,65
43967652,55
44076195,62
44124259,65
44083340,64
44118667,64
44002014,59
44117409,64
44114673,64
44096133,64
44121597,64
44059697,62
44120256,64
44117633,64
44114675,64
44093276,64
44126268,65
44110423,64
44096204,64
44084179,64
44113294,64
44123493,64
44056920,61
44073602,62
44110422,64
44076653,62
44081346,64
44054168,60
44103878,64
44124662,65
44092641,64
44000938,59
44065522,62
44031068,60
44081531,64
44121921,64
44124764,65
44115313,64
44096635,64
44110715,64
44123906,65
44115392,64
44126714,65
44092909,64
44087362,64
44078981,64
44031075,60
44123943,65
44102487,64
44107108,64
44121186,64
44122426,64
44108289,64
44115611,64
44125324,65
44126930,65
44116903,64
44122511,64
44070567,62
44102935,64
44114245,64
44086147,64
44116936,64
44121377,64
44121375,64
44086175,64
44105938,64
44125622,65
44072200,62
44107274,64
44038315,60
44115881,64
44123043,64
44097655,64
44122973,64
44103287,64
44123076,64
44127128,65
44120255,64
44066818,62
44126178,65
44116046,64
44061189,62
44123394,64
44097847,64
44110380,64
44041850,60
44123492,64
44093582,64
43995093,59
44097745,64
44110428,64
44120566,64
44086553,64
44107626,64
44073787,62
44121857,64
44109661,64
44053063,60
44090041,64
44127619,65
43984126,57
44105075,64
44035163,60
44123944,65
44070409,62
44112698,64
44068819,62
44106947,64
44121112,64
44125052,65
44085738,64
44064764,62
44121206,64
44126937,65
44119620,64
44008993,59
44118430,64
44048171,60
44126977,65
44121354,64
44074776,62
44125616,65
44127088,65
44121402,64
44079154,64
44025747,59
44083242,64
44089050,64
44125621,65
44122942,64
44083558,64
44128532,65
44114539,64
44127126,65
44109018,64
44078213,64
44127288,65
44107522,64
44123206,64
44069807,62
44091930,64
44085087,64
44076629,62
44106511,64
44076681,62
44084034,64
44085113,64
44078557,64
44126356,65
44082371,64
44078384,64
44099359,64
44124677,65
44124675,65
43961622,55
44084285,64
43963331,55
44034684,60
44090935,64
44127620,65
44115322,64
44129530,65
44126713,65
44033777,60
44123905,65
44121037,64
44119386,64
44071427,62
44083580,64
44101339,64
44032395,60
44115570,64
44036631,60
44112636,64
44125053,65
44031192,60
44109841,64
44113839,64
44113840,64
44129660,65
44122546,64
44104400,64
44094392,64
44122512,64
44020168,59
44124131,65
44119792,64
44122700,64
44129859,65
44129921,65
44128306,65
44128373,65
44069422,62
44074700,62
44117188,64
44128587,65
44128473,65
44125709,65
44112972,64
44115871,64
44127200,65
44083579,64
44118693,64
44097744,64
44122964,64
44125908,65
44069216,62
44073670,62
44055405,60
44123204,64
44128867,65
44125912,65
44066780,62
44065266,62
44068181,62
44103491,64
44059561,62
44078244,64
44127388,65
44120581,64
43992408,58
44076654,62
44071085,62
44047511,60
44120697,64
44096506,64
44084197,64
44103900,64
44126626,65
44127622,65
44126706,65
44104140,64
44084505,64
44123904,65
44118247,64
44091057,64
44122139,64
44102375,64
44098585,64
44115569,64
44130790,65
44112767,64
44080206,64
44115610,64
44126864,65
44118480,64
44112807,64
44102815,64
44128305,65
44105870,64
44097228,64
44122699,64
44128372,65
44079153,64
44129860,65
44093275,64
44129939,65
44112980,64
44095973,64
44125620,65
44112927,64
44083245,64
44104533,64
44055542,60
44066296,62
44108409,64
44090487,64
44060981,62
44130024,65
44097576,64
44084922,64
44114674,64
44055190,60
44058076,61
44096270,64
44081049,64
44129046,65
44123399,64
44113263,64
44073812,62
44085119,64
44132081,65
44129015,65
44118852,64
44037494,60
44118955,64
44132204,65
44132079,65
44025283,59
44105031,64
44076904,63
44090106,64
44116704,64
44126731,65
44107032,64
44129676,65
44121188,64
44121187,64
44101331,64
44108266,64
44085763,64
44122510,64
44084587,64
44094347,64
44111309,64
44038318,60
44128462,65
44105884,64
44087685,64
44132725,65
44129933,65
44132775,65
44104548,64
44118694,64
44131310,65
43981136,56
44120122,64
44103288,64
44113087,64
44074972,62
44094335,64
44117410,64
44130105,65
44128864,65
44079296,64
44099101,64
44106325,64
44131811,65
44123398,64
44098218,64
44103636,64
44103842,64
44127432,65
44113446,64
44130383,65
44081333,64
44110541,64
44118134,64
43988940,57
44009959,59
43910393,52
44101363,64
44096743,64
44124880,65
44071628,62
44129602,65
44129675,65
44123987,65
44109935,64
44115568,64
44128061,65
44102817,64
44093027,64
43989786,57
44097055,64
44124133,65
44031096,60
44132592,65
44128371,65
44115662,64
44091821,64
44115870,64
44104489,64
44112938,64
44124258,65
44127034,65
44114317,64
44132769,65
44088808,64
44063429,62
44054878,60
44110158,64
44131387,65
44032318,60
44132752,65
44132724,65
44118669,64
44090473,64
44131517,65
44127199,65
44063956,62
44127229,65
44056803,61
44133013,65
44042831,60
44131745,65
44128989,65
44127448,65
44113293,64
44120567,64
44110542,64
44118935,64
44121760,64
44117702,64
44065227,62
44044356,60
44098219,64
44129142,65
44127389,65
44081217,64
44112318,64
44099344,64
44130384,65
44050400,60
44030938,60
44081658,64
44124926,65
44132363,65
44132362,65
44091142,64
44091214,64
44122138,64
44130643,65
44029400,60
44102329,64
44088468,64
44110852,64
44071678,62
44012572,59
44074129,62
44133711,65
44129670,65
44135306,65
44133682,65
44126931,65
44119763,64
44105549,64
44052344,60
44012824,59
44118371,64
44126978,65
44119529,64
44076004,62
44112792,64
44129858,65
44128303,65
44117011,64
44104490,64
44124261,65
44129940,65
44131274,65
44131524,65
44132774,65
44132751,65
44112937,64
44132770,65
44132891,65
44092000,64
44132938,65
44075391,62
44106324,64
44092642,64
44076716,62
44106513,64
44133070,65
44099277,64
44082317,64
44099217,64
44132205,65
44081347,64
44136012,65
44127516,65
44103635,64
44102087,64
44084209,64
44099345,64
44085215,64
44135101,65
44127515,65
44102081,64
44002900,59
44090130,64
44107834,64
44127589,65
43860166,50
44059041,62
44028972,59
44107090,64
44121039,64
44126704,65
44118248,64
44104139,64
44115449,64
44123989,65
44123986,65
44112634,64
44084456,64
44073338,62
44129661,65
44062257,62
44133822,65
44090131,64
44131032,65
44109959,64
44136598,65
44097350,64
44112913,64
44056684,61
44111160,64
44101472,64
44131169,65
44107257,64
44132715,65
44043867,60
44117075,64
44135497,65
44136927,65
44124334,65
44132740,65
44129922,65
44049701,60
44060926,62
44043966,60
44128472,65
44134339,65
44115905,64
44118851,64
44100425,64
44103283,64
44096244,64
44087821,64
44097770,64
44117632,64
44117704,64
44045571,60
44011935,59
44069798,62
44126305,65
44133125,65
44082373,64
44089754,64
44126304,65
44118792,64
44113445,64
44126354,65
44133126,65
44137793,65
44107755,64
44044612,60
44057072,61
44070384,62
44124766,65
44115334,64
44104172,64
44026274,59
44115443,64
44129674,65
43964732,55
44130789,65
44119619,64
44130838,65
44111310,64
44121205,64
44109995,64
44109943,64
43789212,11
44115630,64
44073388,62
44102587,64
44112805,64
44132716,65
44105469,64
44118457,64
44134005,65
44064988,62
44107166,64
44132726,65
44138345,65
44117010,64
44138344,65
43922969,54
44090597,64
44131275,65
44111482,64
44095051,64
44115825,64
44101686,64
44089036,64
44138431,65
44131386,65
44135671,65
44122941,64
44134340,65
44132901,65
44109137,64
44113150,64
44132899,65
44120466,64
44121512,64
44137522,65
44130188,65
44106407,64
44118891,64
44133114,65
44138723,65
44076582,62
44127433,65
44137701,65
44058486,61
44079576,64
44086993,64
44126622,65
44137910,65
44016702,59
44115390,64
44121038,64
44138055,65
44132455,65
44110846,64
44129689,65
44050647,60
44132535,65
44133777,65
44136593,65
44098655,64
44104242,64
44069129,62
44099724,64
44031095,60
44119737,64
44135498,65
44070683,62
44139754,65
44129932,65
44087698,64
44132682,65
44131385,65
44131170,65
44127086,65
44131309,65
44122963,64
44139929,65
44132898,65
44112971,64
44128636,65
44125736,65
44124269,65
44134325,65
44135669,65
44135672,65
44130104,65
44114776,64
44132856,65
44067990,62
44114540,64
44104623,64
44131515,65
44104677,64
44120397,64
44128947,65
44135859,65
44138742,65
44137708,65
44137841,65
44056993,61
44129357,65
44067408,62
43787132,11
43991551,57
44105074,64
44080032,64
44139060,65
44132393,65
44132394,65
44127834,65
44112633,64
44067593,62
44106937,64
44109842,64
44138056,65
44118395,64
44127832,65
44087401,64
44131062,65
44114071,64
44088924,64
44101471,64
44136628,65
44121275,64
44138248,65
44110049,64
44119791,64
44136913,65
44117009,64
44138343,65
44112978,64
44141185,65
44139830,65
44099033,64
44118707,64
44107415,64
44139928,65
44141292,65
44135702,65
44141301,65
44128637,65
43941681,55
44081075,64
44097752,64
44138524,65
44123077,64
43999453,59
44138573,65
44041294,60
44114643,64
44125827,65
44141382,65
44115956,64
44131495,65
44064394,62
44099019,64
44090488,64
44138594,65
44085023,64
44128990,65
44138674,65
44068139,62
44138722,65
44099167,64
44118956,64
44073763,62
44079577,64
44087074,64
44137909,65
44115213,64
44126490,65
44112478,64
44133357,65
44119100,64
44140830,65
44130644,65
44107838,64
44127833,65
44119401,64
44054743,60
44106864,64
44142082,65
44125051,65
44104127,64
44039738,60
44130859,65
44115446,64
44136435,65
44136626,65
44077456,64
44054804,60
44111265,64
44105590,64
44141034,65
44142262,65
44112841,64
44112793,64
44142375,65
44111020,64
44139628,65
44125480,65
44141119,65
44142504,65
44112808,64
44125323,65
44131128,65
44136914,65
44132830,65
44111334,64
44058209,61
44134138,65
44132890,65
44136926,65
44037285,60
43978609,56
44127290,65
44135701,65
44132772,65
44128659,65
44122971,64
44140165,65
44097845,64
44143075,65
44116043,64
44113107,64
44141441,65
44116041,64
44082282,64
44140358,65
44118890,64
44140541,65
44117755,64
44118930,64
44138802,65
44084211,64
44039241,60
44084198,64
44071061,62
44136013,65
44047690,60
44133113,65
44112319,64
44085176,64
44089983,64
44139061,65
44133358,65
44102328,64
44143635,65
44143659,65
44139059,65
44124949,65
44132463,65
44143712,65
44143708,65
44143709,65
44142081,65
44088526,64
44115439,64
44125118,65
44130860,65
44111159,64
44132532,65
44105359,64
44136629,65
44090283,64
44114094,64
44139298,65
44078932,64
44109936,64
44125172,65
44138250,65
44114096,64
44121276,64
44119736,64
44141120,65
43996385,59
44125419,65
44143968,65
44141074,65
44069121,62
44112920,64
44139682,65
44138275,65
44135597,65
44134137,65
44125585,65
44129938,65
44072062,62
44101814,64
44142892,65
44120123,64
44137452,65
44141390,65
44141392,65
44128866,65
44111895,64
44087823,64
44079368,64
44138603,65
44140406,65
44131843,65
44123491,64
44121701,64
44134785,65
44126355,65
44138800,65
44124661,65
44011035,59
44140639,65
44055958,60
44137783,65
44129414,65
44115311,64
44141728,65
44140829,65
44050645,60
44136128,65
44061799,62
44088469,64
44132454,65
44078733,64
44110716,64
44142080,65
44054742,60
44139297,65
44085528,64
44125117,65
44082710,64
44142060,65
44129603,65
44114062,64
44125322,65
44142376,65
44135483,65
44145200,65
44073382,62
44143970,65
44132723,65
44141199,65
44132831,65
44144078,65
44129923,65
44103502,64
44135599,65
44141198,65
44087594,64
44099050,64
44131496,65
44135551,65
44131423,65
44115906,64
44062150,62
43968589,55
44141300,65
44144157,65
44101894,64
44103461,64
44145829,65
44111834,64
44145848,65
44126101,65
44056851,61
44090645,64
44133069,65
44121759,64
44113262,64
44106631,64
44144373,65
44127404,65
44095278,64
44135967,65
44137707,65
43935238,55
44124676,65
44140641,65
44104974,64
44106728,64
44112477,64
44020472,59
44063196,62
44093737,64
44115387,64
44136127,65
44143658,65
44020773,59
44119285,64
44107031,64
44096833,64
44026446,59
44146634,66
44111019,64
44132462,65
44118345,64
44144985,65
44093074,64
44133865,65
44054805,60
44126936,65
44133864,65
44122427,64
44048266,60
44124132,65
44102700,64
44136854,65
44125584,65
44131276,65
44144054,65
44139676,65
44135598,65
44059423,62
44141186,65
44146894,66
44142505,65
44146925,66
44070648,62
44146896,66
44141294,65
44139831,65
44145537,65
44083656,64
44147061,66
44140164,65
44144244,65
44101807,64
44144259,65
44147164,66
44128949,65
44118802,64
44099278,64
44128948,65
44135928,65
44106633,64
44147152,66
44143245,65
44147258,66
44144379,65
44123501,64
44144502,65
44116241,64
44081469,64
44118135,64
43963502,55
44034870,60
44141727,65
44137930,65
44146500,66
43969765,55
44115474,64
44146568,66
44130769,65
44110913,64
44136349,65
44140958,65
44146622,66
44118301,64
44138114,65
44144929,65
44136511,65
44118346,64
44115541,64
44143878,65
44119528,64
44145081,65
44087475,64
44143857,65
44126938,65
44131031,65
44134006,65
44127085,65
44071968,62
44139485,65
44077962,64
44079130,64
44111678,64
44129934,65
44137020,65
44132714,65
44145761,65
44145849,65
44056787,61
44145850,65
44073705,62
44131680,65
44128911,65
44113250,64
44132968,65
44073806,62
44147077,66
44125975,65
44102976,64
44146090,65
44147170,66
44090582,64
44130239,65
44140359,65
44143244,65
44104784,64
44084282,64
44141661,65
44133089,65
44140542,65
44109138,64
44140407,65
44112201,64
44137842,65
44140640,65
44084284,64
44078667,64
44079833,64
44089986,64
44119098,64
44143634,65
44144876,65
44146458,66
44147548,66
44105281,64
44138169,65
44127873,65
44149389,66
44084471,64
44132396,65
44088586,64
44139395,65
44133781,65
44147892,66
44133779,65
44133780,65
44145083,65
44147938,66
44085641,64
44104401,64
44108130,64
44138168,65
44139627,65
44139681,65
44148176,66
44141201,65
44090434,64
44084807,64
44132892,65
44139927,65
44094758,64
44118706,64
44097575,64
44123042,64
44106238,64
44116042,64
44087790,64
44081048,64
44123205,64
44128910,65
44134640,65
44099155,64
44138604,65
44148801,66
44079367,64
44134639,65
44150031,67
44118791,64
43997851,59
44143159,65
43890626,51
44138793,65
44137791,65
44101062,64
44115270,64
44086995,64
44150131,67
44135102,65
44041849,60
44098334,64
44126705,65
44089984,64
43984128,57
44054329,60
44133355,65
44136348,65
44129515,65
44118307,64
44118306,64
44146524,66
44071394,62
44146610,66
44136432,65
44102657,64
44139426,65
44136590,65
44139486,65
44128062,65
44149487,66
44141032,65
44139452,65
44147940,66
44146774,66
44114063,64
44133866,65
44119768,64
44148177,66
44136856,65
44101604,64
44143969,65
44136928,65
44148114,66
44121362,64
44125586,65
44115795,64
44125845,65
44142816,65
44083440,64
44122944,64
44107412,64
44125844,65
44127289,65
44148522,66
44125826,65
44115869,64
44142828,65
44148692,66
44149920,67
44128814,65
44144260,65
44114777,64
44082096,64
44147285,66
44126491,65
44144503,65
44061696,62
44106863,64
44093775,64
44146502,66
44067471,62
44146457,66
44141948,65
44127831,65
44124947,65
44149482,66
44090252,64
44146585,66
44143730,65
44126865,65
44098654,64
44114064,64
44068650,62
44152345,68
44147939,66
44118394,64
44148071,66
44124129,65
44101537,64
44073387,62
44122847,64
44150884,68
44139753,65
44148111,66
44105939,64
44105769,64
44148178,66
44115824,64
44135552,65
44120121,64
44131507,65
44148262,66
44144130,65
44103206,64
44125909,65
44131681,65
44142985,65
44137393,65
44145865,65
44143076,65
44149945,67
44152810,68
44133020,65
44137451,65
44131744,65
44148803,66
44127456,65
44064496,62
44136016,65
44147359,66
44121856,64
44119056,64
44152094,68
43995472,59
44076937,63
44140831,65
44121080,64
44146528,66
44152144,68
44119384,64
44138049,65
44129613,65
44146529,66
44150484,68
44132534,65
44143858,65
44116750,64
44068953,62
44129595,65
44152346,68
44145099,65
44110026,64
44146731,66
44126976,65
44149630,66
44143996,65
44110157,64
44129935,65
44129937,65
44139828,65
44148236,66
44127127,65
44144156,65
44121446,64
44149739,66
44131508,65
44125737,65
44131516,65
44083342,64
44110348,64
44085049,64
44120400,64
44154226,68
44117703,64
44147171,66
44100830,64
44151636,68
44145762,65
43958821,55
44083974,64
44076404,62
44147259,66
44120871,64
44129141,65
44138767,65
44152952,68
44121766,64
44050442,60
44144533,65
44129413,65
43991582,57
44105044,64
44112583,64
44009501,59
44152148,68
44150369,68
44153263,68
44138046,65
44150486,68
44150485,68
44146569,66
44146567,66
44150482,68
44132465,65
44132388,65
44077183,63
44150671,68
44153538,68
44152347,68
44155196,6
44135482,65
44135499,65
44031220,60
44081758,64
44125325,65
44080618,64
44150885,68
44141261,65
44094558,64
44135450,65
44150905,68
44148112,66
43966821,55
44138430,65
44144158,65
44136855,65
44108788,64
44128586,65
44146919,66
44100424,64
44138432,65
44137019,65
44108886,64
44048054,60
44155508,6
44152698,68
44151453,68
44151454,68
44127387,65
44128815,65
44155562,6
44155564,6
44141377,65
44151452,68
44137392,65
44151522,68
44150022,67
44112266,64
44133021,65
44126269,65
44155719,6
44076393,62
44137784,65
44137792,65
44110616,64
44112475,64
43972750,55
43992409,58
44068557,62
43894807,52
44147530,66
44122237,64
44067486,62
44105065,64
44068355,62
44154988,6
44147549,66
44132395,65
44155001,6
44133712,65
44150670,68
44142061,65
44122136,64
44145229,65
44153559,68
44144984,65
44136627,65
44084586,64
44087402,64
44156413,6
44109958,64
44119621,64
44125155,65
44114316,64
44132826,65
44107276,64
44155280,6
44089035,64
44153987,68
44155321,6
44155326,6
44131273,65
44097233,64
44153988,68
44154011,68
44139829,65
44141316,65
44153993,68
44149738,66
44131388,65
44100573,64
44134326,65
44155503,6
44007772,59
44128865,65
44149944,67
44151387,68
44085105,64
44141440,65
44154404,68
44010500,59
44150028,67
44089756,64
44154876,6
44154877,6
44088629,64
44104107,64
44141726,65
44062729,62
44136189,65
44152243,68
44157846,6
44138115,65
44141946,65
44125050,65
44157844,6
44115572,64
44090253,64
44079936,64
44157955,6
44122667,64
44150906,68
44136591,65
44155152,6
44135304,65
44149485,66
44105671,64
44143997,65
44138259,65
44124157,65
43895037,52
44139619,65
44132531,65
44149629,66
44153700,68
44153629,68
44150886,68
44122545,64
44152418,68
44056685,61
44097434,64
44156815,6
44153909,68
44104525,64
44156722,6
44146924,66
44156804,6
44144243,65
44152627,68
44155504,6
44142984,65
44114700,64
44157079,6
44087822,64
44145867,65
44133014,65
44149904,67
44155529,6
44145989,65
44157176,6
44135896,65
44152809,68
44118925,64
44021692,59
44157576,6
44113326,64
44148832,66
44150132,67
44154850,6
44152006,68
44154849,6
43975684,56
44158744,6
44030934,60
44118140,64
44126707,65
44138050,65
44133356,65
44153200,68
44136275,65
44149388,66
44157905,6
44150409,68
44146583,66
44156126,6
44150668,68
44130837,65
44141033,65
44156461,6
44152352,68
44149549,66
44156459,6
44152417,68
44138249,65
44135539,65
44149631,66
44158054,6
44158055,6
44142506,65
44155328,6
44155282,6
44110156,64
44145536,65
44087661,64
44120059,64
44158276,6
44153861,68
44057851,61
43860146,50
44142921,65
44114523,64
44122943,64
44156945,6
44100574,64
44159929,6
44160157,6
44131982,65
44120622,64
44157355,6
44157356,6
44143381,65
44135897,65
44118965,64
44152005,68
44136188,65
44120960,64
44015133,59
44155849,6
44121922,64
44146459,66
44152084,68
44146449,66
44152178,68
44146633,66
44138051,65
44076925,63
44059042,62
44091338,64
44158951,6
44154999,6
44116705,64
44121189,64
44145206,65
44109896,64
44125116,65
44135423,65
44145082,65
44156460,6
44087476,64
44085957,64
44146775,66
44143995,65
44156462,6
44138247,65
44156442,6
44159208,6
44160882,6
44160959,6
44152480,68
44127030,65
44142377,65
44128531,65
44144055,65
44146895,66
44156806,6
44156721,6
44097534,64
44159810,6
44158347,6
44159909,6
44003494,59
44131525,65
44154405,68
44100832,64
44144395,65
44154441,68
44135826,65
44127474,65
43961366,55
44146405,66
44099248,64
44124735,65
44118137,64
44121211,64
44139130,65
44124948,65
44129662,65
44157845,6
44158952,6
44157904,6
44147728,66
44161772,6
44146584,66
44153264,68
44146611,66
44153743,68
44159062,6
44161897,6
44138258,65
44158008,6
44157998,6
43992771,58
44121403,64
44139629,65
44155197,6
44159210,6
44107375,64
44125619,65
44160958,6
44156805,6
44159589,6
44158189,6
44141315,65
44113109,64
44161109,6
44155506,6
44113108,64
44151521,68
44148653,66
44051060,60
44157078,6
44154319,68
44113151,64
44148654,66
44149921,67
44155530,6
44133012,65
44114524,64
44120696,64
44160156,6
44155711,6
44120872,64
44151740,68
44157578,6
44104960,64
44131981,65
44152974,68
44143434,65
44126461,65
44152912,68
44098333,64
44147394,66
44144461,65
44119099,64
44123874,65
44152092,68
44137991,65
44130618,65
44152176,68
44143660,65
44102488,64
44152145,68
44126747,65
44143657,65
44156128,6
44138044,65
44123875,65
44161773,6
44161789,6
44125173,65
44147692,66
44088572,64
44099964,64
44138276,65
44090116,64
44146623,66
44088571,64
44155147,6
44161896,6
44085737,64
44105502,64
44162111,6
44162077,6
44132591,65
44162086,6
44149548,66
44159276,6
44141121,65
44153854,68
44085717,64
44155327,6
44158121,6
44132773,65
44132742,65
44146885,66
44162388,6
44155281,6
44162535,6
44127201,65
44152533,68
44151219,68
44145538,65
44162533,6
44151220,68
44155505,6
44155507,6
44152707,68
44156731,6
44164043,6
44128988,65
44157175,6
44159920,6
44154412,68
44098081,64
44158468,6
44154508,68
44113338,64
44144380,65
44143435,65
44079647,64
44109564,64
44112476,64
44152083,68
44161524,6
44105042,64
44129529,65
44146525,66
44156127,6
44158950,6
44159061,6
44085764,64
44150487,68
44135305,65
44153265,68
44163522,6
44136433,65
44150583,68
44153557,68
44158010,6
44136592,65
44153558,68
44146733,66
44157957,6
44145149,65
44163710,6
44162109,6
44133823,65
44138264,65
44152477,68
44152476,68
44135424,65
44123110,64
44127087,65
44158175,6
44156862,6
44156861,6
44158277,6
44106110,64
44141293,65
44002421,59
44154174,68
44154175,68
44114128,64
44142899,65
44134435,65
44158350,6
44163965,6
44103284,64
44155491,6
44025030,59
43999638,59
44103872,64
44150032,67
44138768,65
44155712,6
44106632,64
44130330,65
44165874,6
44161377,6
44161405,6
44161406,6
44054244,60
44160577,6
44096636,64
44121097,64
44160694,6
44105358,64
44143714,65
44054615,60
44139101,65
44115573,64
44152149,68
44110800,64
44129612,65
44161774,6
44146612,66
44144875,65
44164741,6
44162013,6
44118429,64
44132464,65
44139451,65
44162108,6
44143876,65
44134007,65
44142093,65
44139533,65
44149638,66
44162087,6
44132537,65
44087529,64
44057667,61
44158111,6
44163709,6
44152479,68
44153686,68
44125481,65
44085956,64
44165162,6
44166604,6
44166621,6
44165293,6
44109042,64
43944250,55
44058211,61
44115908,64
44159931,6
44154225,68
44125910,65
44163992,6
44162859,6
44147060,66
44135860,65
44162911,6
44083480,64
44155632,6
44132967,65
44165875,6
44093562,64
44165903,6
44164169,6
44160357,6
44079595,64
44062641,62
44112265,64
44151898,68
44151897,68
43990495,57
44152082,68
44150367,68
44087196,64
44161715,6
44147547,66
44166212,6
44167294,6
44167295,6
44161721,6
44157903,6
44157912,6
44164586,6
44163498,6
44166356,6
44143998,65
44167660,6
44132536,65
44164815,6
44158053,6
44157956,6
44139396,65
44138518,65
44156412,6
44164814,6
44156364,6
44159260,6
44156444,6
44158123,6
44160772,6
44087530,64
44142468,65
44121401,64
44167896,6
44122766,64
44158112,6
44146899,66
44167895,6
44153862,68
44119764,64
44148235,66
44159588,6
44165149,6
44132768,65
44159586,6
44166603,6
44163785,6
44128530,65
44125911,65
44142891,65
44165160,6
44154010,68
44166692,6
44117414,64
44165447,6
44087686,64
44147076,66
44106266,64
44088923,64
44145988,65
44145827,65
44111956,64
44162914,6
44168572,6
44150023,67
44111955,64
44073733,62
44151541,68
44168529,6
44123397,64
44151542,68
44165901,6
44168617,6
44143380,65
44127455,65
44082372,64
44150099,67
44127466,65
44144462,65
44161378,6
44158666,6
43950433,55
44006699,59
44152150,68
44152093,68
44141947,65
44167319,6
44146526,66
44167301,6
44138045,65
44115447,64
44167296,6
44085718,64
44161723,6
44119527,64
44146582,66
44136434,65
44166362,6
44150582,68
44122384,64
44139534,65
44146624,66
44108267,64
44153362,68
44169300,6
44145100,65
44166481,6
44164899,6
44107107,64
44167856,6
44146926,66
44135556,65
44166590,6
44162387,6
44153989,68
44163825,6
44141184,65
44117300,64
44165159,6
44159848,6
44159809,6
44161107,6
44141391,65
44168339,6
44169641,6
44138673,65
44140161,65
44148802,66
44090685,64
44157415,6
44169721,6
44120565,64
44162833,6
44129102,65
44163138,6
44099294,64
44158665,6
44118136,64
44166211,6
44101314,64
44143711,65
44164647,6
44163500,6
44080033,64
44158949,6
44169155,6
44133680,65
44159209,6
44170413,6
44104475,64
44160774,6
44169263,6
44169262,6
44116935,64
44164900,6
44148121,66
44142059,65
44090433,64
44160884,6
44099883,64
44136599,65
44149438,66
44156363,6
44159261,6
44142314,65
44167849,6
44162110,6
44142829,65
44132638,65
44143994,65
44125560,65
44166589,6
44167854,6
44166602,6
44169482,6
44097297,64
44105883,64
44135557,65
44153860,68
44155320,6
44158234,6
44170870,6
44104606,64
44144077,65
44163824,6
44142900,65
44157041,6
44159802,6
44165445,6
44138525,65
44122972,64
44155492,6
44171051,6
44087952,64
44161257,6
44166939,6
44166937,6
44135904,65
44152911,68
44150027,67
44138741,65
44138801,65
44123500,64
44164168,6
44129358,65
44143266,65
44142949,65
44138794,65
44164248,6
44129284,65
44171826,6
44144504,65
44147358,66
44120946,64
44022051,59
44124734,65
44122236,64
44009502,59
44137990,65
44152085,68
44160576,6
44164515,6
44160579,6
44152156,68
44166188,6
44121079,64
44143710,65
44164602,6
44170203,6
44163476,6
44144952,65
44170409,6
44164736,6
44160757,6
44153616,68
44166480,6
44166479,6
44141049,65
43969509,55
44169329,6
44122543,64
44131033,65
44163524,6
44142582,65
44074701,62
44152602,68
44172315,6
44158122,6
44153910,68
44170927,6
44169480,6
44170929,6
44139755,65
44172361,6
44144339,65
44072061,62
44159801,6
44165446,6
44141442,65
44154224,68
44161298,6
44169787,6
44147286,66
44169833,6
44172692,6
44134975,65
44157577,6
44165902,6
44086994,64
44169884,6
44171825,6
43916775,52
44166076,6
44107799,64
44078732,64
44008476,59
44157741,6
44118139,64
44170085,6
44167346,6
44163477,6
44170125,6
44170189,6
44164573,6
44167416,6
44166317,6
44126732,65
44164574,6
44155000,6
44167415,6
44171949,6
44172013,6
44163480,6
44163521,6
44166355,6
44157914,6
44092953,64
44170408,6
44101362,64
44170407,6
44152419,68
44102742,64
44169302,6
44173483,6
44110212,64
44129754,65
44124268,65
44158191,6
44138449,65
44172317,6
44155325,6
44112979,64
44112921,64
44096048,64
44136915,65
44151227,68
44153992,68
44141376,65
44143117,65
44158287,6
44149902,67
44135575,65
44139853,65
44158201,6
44087818,64
44172522,6
44162806,6
44144372,65
44158469,6
44104819,64
44150115,67
44160356,6
44152007,68
44165928,6
44164213,6
44124663,65
44158669,6
44124765,65
44127621,65
44090957,64
44172843,6
44152157,68
44169039,6
44091059,64
44102224,64
44005869,59
44172844,6
44170190,6
44091058,64
44172991,6
44110624,64
44174759,6
44125056,65
44170412,6
44173389,6
44162014,6
44172056,6
44131063,65
44143879,65
44170406,6
44173388,6
44155153,6
44090644,64
44169303,6
44169301,6
44087593,64
44141183,65
44152478,68
44165161,6
44138452,65
44169467,6
44169464,6
44175148,6
44172445,6
44135670,65
44146978,66
44155565,6
44155563,6
44163949,6
44172447,6
44142890,65
44157043,6
44163990,6
44124534,65
44154320,68
44164045,6
44116146,64
44103586,64
44054198,60
44132283,65
44124532,65
44126384,65
44169907,6
44169862,6
44130331,65
44172726,6
44169861,6
44076715,62
44107757,64
44161525,6
44126624,65
44146451,66
44132389,65
44115335,64
44144665,65
44158743,6
44170191,6
44172842,6
44172840,6
44166210,6
44167348,6
44146501,66
44154989,6
44174760,6
44174804,6
44170202,6
44174803,6
44171948,6
44171950,6
44176038,6
44167417,6
44161790,6
44163440,6
44174827,6
44167661,6
44170502,6
44158009,6
44172142,6
44172141,6
44118387,64
44173485,6
44173486,6
44146732,66
44152353,68
44173484,6
44083136,64
44132767,65
44148113,66
44160960,6
44175127,6
44152354,68
44172212,6
44128260,65
44079777,64
44176483,6
44141114,65
44152535,68
44132827,65
44163784,6
44172286,6
44081821,64
44145535,65
44169465,6
44169466,6
44165292,6
44165291,6
44094759,64
44145615,65
44155494,6
44157042,6
44169664,6
44159910,6
44144495,65
44169621,6
44093464,64
44174006,6
44143118,65
44155528,6
44145866,65
44062383,62
44147153,66
44147163,66
44148871,66
44126176,65
44133090,65
44166947,6
44146091,65
44168709,6
44067320,62
44175596,6
44172800,6
44130358,65
44115312,64
44061837,62
44019933,59
44081564,64
44161476,6
44166186,6
44164517,6
44118259,64
44150370,68
44166205,6
44177569,6
44166361,6
44163442,6
44155054,6
44116904,64
44176198,6
44121361,64
44166482,6
44159485,6
44173637,6
44142075,65
44077588,64
44169274,6
44139680,65
44176458,6
44176459,6
44070633,62
44136620,65
44167844,6
44175129,6
44170742,6
44176460,6
44028548,59
44110025,64
44166685,6
44169497,6
44169498,6
44166690,6
44172434,6
44087788,64
44137394,65
44172435,6
44176925,6
44176853,6
44126179,65
44171330,6
44087953,64
44172523,6
44135827,65
44147169,66
44175372,6
44171497,6
44169800,6
44117485,64
44155713,6
44067302,62
44171627,6
44164249,6
44140313,65
44085255,64
44172801,6
44120957,64
44119053,64
44106237,64
44155847,6
44164516,6
44170086,6
44152177,68
44146527,66
44177678,6
44172055,6
44150851,68
44176163,6
44124925,65
44169278,6
44158011,6
44173390,6
44176160,6
44132683,65
44170504,6
44167853,6
44124260,65
44141200,65
44095974,64
43977815,56
44172261,6
44172304,6
44176457,6
44125615,65
44172285,6
44179328,6
44177997,6
44121444,64
44138451,65
44170928,6
44117186,64
44106111,64
44171049,6
44179497,6
44171050,6
44156828,6
44144164,65
44162534,6
44176852,6
44179597,6
44106267,64
44178159,6
44154440,68
44138657,65
44163989,6
44089706,64
44176984,6
44166938,6
44151637,68
44162912,6
44120621,64
44169717,6
44118964,64
44177212,6
44165927,6
44106860,64
44169906,6
44144534,65
44127454,65
44102223,64
43834962,50
44164402,6
44136510,65
44121098,64
44130642,65
44082711,64
44164572,6
44177566,6
44158742,6
44178629,6
44175919,6
44180473,6
44164585,6
44178630,6
44139131,65
44161722,6
44006700,59
44174788,6
44143854,65
44167662,6
44144928,65
44164766,6
44170503,6
44177762,6
44180589,6
44153833,68
44052112,60
44177916,6
44177867,6
44176462,6
44176461,6
44146886,66
44180736,6
44176482,6
44135540,65
44178003,6
44158247,6
44166758,6
44168173,6
44148833,66
44176785,6
44151386,68
44097435,64
44130025,65
44181046,6
44149929,67
44179826,6
44138572,65
44162860,6
44165926,6
44172691,6
44178288,6
44178327,6
44065537,62
44168710,6
44136015,65
44166075,6
44180318,6
44099156,64
44161619,6
44170084,6
44141945,65
44177524,6
44088170,64
44175645,6
44166187,6
44119402,64
44121137,64
44147529,66
44177637,6
44157913,6
44178628,6
44068649,62
44172014,6
44175846,6
44028210,59
44177627,6
44172015,6
44169224,6
44146632,66
44144988,65
44176162,6
44162085,6
44146776,66
44135368,65
44169304,6
44179078,6
44099925,64
44160881,6
44145199,65
44180632,6
44169306,6
44111266,64
44173608,6
44180742,6
44178000,6
44179327,6
44182217,6
44090448,64
44163801,6
44148261,66
44175161,6
44178006,6
44003255,59
44145616,65
44172356,6
44175209,6
44180888,6
44158174,6
44117299,64
44180969,6
44142815,65
44097865,64
44176869,6
44173940,6
44148521,66
44160192,6
44166757,6
44142926,65
44149943,67
44148691,66
44176983,6
44152953,68
44157451,6
44169883,6
44075617,62
44037416,60
44105029,64
44124960,65
44075907,62
44169040,6
44152146,68
44118258,64
44177497,6
44181460,6
44169033,6
44144666,65
44181459,6
44178710,6
44079935,64
44155055,6
44161791,6
44178849,6
44126748,65
44178898,6
44172130,6
44159063,6
44149547,66
44180631,6
44145098,65
44174970,6
44174969,6
44172260,6
44180735,6
44172296,6
44163802,6
44177962,6
44179273,6
44149732,66
44158176,6
44128533,65
44165177,6
44172314,6
44127230,65
44175273,6
44178118,6
44158275,6
44175274,6
44169620,6
44169619,6
44163952,6
44176789,6
44162808,6
44178158,6
44155558,6
44161102,6
44176791,6
44081530,64
44181045,6
44150020,67
44144131,65
44155559,6
44154442,68
44161255,6
44162913,6
44154507,68
44171423,6
44168812,6
44155720,6
44174590,6
44144116,65
44152973,68
44181222,6
44106862,64
44151681,68
44164267,6
44110615,64
44121923,64
44183148,6
44167264,6
44170083,6
44175847,6
44167297,6
44170123,6
44181407,6
44135229,65
44183270,6
44126625,65
44172990,6
44181591,6
44177677,6
44178851,6
44174790,6
44139296,65
44147954,66
44169270,6
44181710,6
44126932,65
44138116,65
44169260,6
44149628,66
44184713,6
44183490,6
44148115,66
44169305,6
44172109,6
44172295,6
44167863,6
44101677,64
44029679,60
44067925,62
44165294,6
44135531,65
44132855,65
44175142,6
44173697,6
44180861,6
44175159,6
44185191,6
44125976,65
44180890,6
44179551,6
44180936,6
44176770,6
44137047,65
44176769,6
44182371,6
44158288,6
44147062,66
44180967,6
44178175,6
44180991,6
44126623,65
44180937,6
44114701,64
44179842,6
44178325,6
44172747,6
44183006,6
44130231,65
44174466,6
44062725,62
44075700,62
44155848,6
44183147,6
44180336,6
44154987,6
44178558,6
44183311,6
44108268,64
44184517,6
44176039,6
44183384,6
44112697,64
44184559,6
44164742,6
44170441,6
44183467,6
44177864,6
44172107,6
44163726,6
44183496,6
44128391,65
44115386,64
44128304,65
44167864,6
44172332,6
44172305,6
44177904,6
44163803,6
44177964,6
44172355,6
44173939,6
44154321,68
44186626,6
44186595,6
44144163,65
44183846,6
44176926,6
44176870,6
44097954,64
44169784,6
44138655,65
44185593,6
44185543,6
44047283,60
44123456,64
44180005,6
44186851,6
44185821,6
44166946,6
44183120,6
44161276,6
44025370,59
44175620,6
44175619,6
44163389,6
44177499,6
44160573,6
44183174,6
44186003,6
44180335,6
44170126,6
44167347,6
44183241,6
44186021,6
44110851,64
44174789,6
44132456,65
44161714,6
44186107,6
44174835,6
44181711,6
44172016,6
44169156,6
44177638,6
44186230,6
44169273,6
44152270,68
44172128,6
44153685,68
44169316,6
44160906,6
44101687,64
44183489,6
44110298,64
44122926,64
44169363,6
44180734,6
44159277,6
44186393,6
44182218,6
44186436,6
44155421,6
44186435,6
44158285,6
44177999,6
44179672,6
44166684,6
44186627,6
44168340,6
44124533,65
44176773,6
44186641,6
44141383,65
44169433,6
44185455,6
44163991,6
44178127,6
44120580,64
44178233,6
44178174,6
44111896,64
44151555,68
44131909,65
44178289,6
44174406,6
44174589,6
44185778,6
44150083,67
44151861,68
44177477,6
44168804,6
44158667,6
44146450,66
44172841,6
44169030,6
44186971,6
44186973,6
44061800,62
44164404,6
44183240,6
44125057,65
44150520,68
44178709,6
44161713,6
44186071,6
44149486,66
44133681,65
44186184,6
44181695,6
44174828,6
44187278,6
44174836,6
44142261,65
44186231,6
44169277,6
44187582,6
44187581,6
44187546,6
44155323,6
44060792,62
44187657,6
44177965,6
44179356,6
44146920,66
44179329,6
44187827,6
44158192,6
44179240,6
44178004,6
44175210,6
44138574,65
44185192,6
44183803,6
44152700,68
44145760,65
44106406,64
44159918,6
44130250,65
44178119,6
44161184,6
44144261,65
44163176,6
44185592,6
44185529,6
44166960,6
44161299,6
44180319,6
44118073,64
44186972,6
44167257,6
44188848,6
44188845,6
44175667,6
44124879,65
44188846,6
44183271,6
44157740,6
44180471,6
44177492,6
44188947,6
44186170,6
44183312,6
44188948,6
44166357,6
44180439,6
44170268,6
44187415,6
44163599,6
44180633,6
44170440,6
44184725,6
44189081,6
44069117,62
44186282,6
44172169,6
44184712,6
44180660,6
44180741,6
44173609,6
44049343,60
44179242,6
44184999,6
44109151,64
44186434,6
44189273,6
44169481,6
44166620,6
44128658,65
44137521,65
44189395,6
44168338,6
44163963,6
44050241,60
44121697,64
44169642,6
44174007,6
44178126,6
44142889,65
44152626,68
44159930,6
44174190,6
44182506,6
44188252,6
44154413,68
44178223,6
44110213,64
44178224,6
44151862,68
44126383,65
44181150,6
44171424,6
44116147,64
44132206,65
44129283,65
44107627,64
44147260,66
44143486,65
44172786,6
44121919,64
44030933,60
44155863,6
44085380,64
44184215,6
44184214,6
44189955,6
44188844,6
44189803,6
44178458,6
44161618,6
44175621,6
44177626,6
44191715,6
44189936,6
44171915,6
44143807,65
44167300,6
44191791,6
44144927,65
44105504,64
44161620,6
44190068,6
44164648,6
44190136,6
44177761,6
44190069,6
44128063,65
44161898,6
44177636,6
44187413,6
44122383,64
44186283,6
44187547,6
44184711,6
44174971,6
44109960,64
44183463,6
44122805,64
44187659,6
44162334,6
44180740,6
44172316,6
44160869,6
44187676,6
44158286,6
44158190,6
44190755,6
44185182,6
44185181,6
44081037,64
44177963,6
44189333,6
44189335,6
44187912,6
44180859,6
44185194,6
44191056,6
44172446,6
44176788,6
44183773,6
44165509,6
44158348,6
44183759,6
44124333,65
44183766,6
44191027,6
44189417,6
44162807,6
44191057,6
44179828,6
44178176,6
44131424,65
44185430,6
44191320,6
44192401,6
44150037,67
44192391,6
44149983,67
44131921,65
44177214,6
44061489,62
44115212,64
44171380,6
44083479,64
44177328,6
44087197,64
44189801,6
44188822,6
44188850,6
44183201,6
44160578,6
44160574,6
44170269,6
44180438,6
44164383,6
44185973,6
44149483,66
44186004,6
44177525,6
44174802,6
44192722,6
44110995,64
44180437,6
44193016,6
44186106,6
44129688,65
44183492,6
44189082,6
44179077,6
44078961,64
44129671,65
44193269,6
44186351,6
44186485,6
44190629,6
44165194,6
44165193,6
44172333,6
44175091,6
44179264,6
44185174,6
44179673,6
44188073,6
44077968,64
44126576,65
44124158,65
44149731,66
44169718,6
44189463,6
44159587,6
44149903,67
44169572,6
44129973,65
44183804,6
44186644,6
44192275,6
44161185,6
44191028,6
44165632,6
44192419,6
44164268,6
44175595,6
44168711,6
44181290,6
44147243,66
44090124,64
44189763,6
44164371,6
44186022,6
44177568,6
44178559,6
44121136,64
44161542,6
44167258,6
44159021,6
44191755,6
44073171,62
44190066,6
44123883,65
44192837,6
44113645,64
44186183,6
44193009,6
44159022,6
44157967,6
44143845,65
44193355,6
44190501,6
44193267,6
44093073,64
44194858,6
44129857,65
44177866,6
44193394,6
44160904,6
44176409,6
44190590,6
44179155,6
44172291,6
44135614,65
44193354,6
44156946,6
44122970,64
44193598,6
44190758,6
44189353,6
44174005,6
44161108,6
44161186,6
44130251,65
44175371,6
44126100,65
44195103,6
44182737,6
44189494,6
44120439,64
44171379,6
44185368,6
44192418,6
44095419,64
44174465,6
44149002,66
44157450,6
44113337,64
44103877,64
44115211,64
44183119,6
44181434,6
44170124,6
44194517,6
44124840,65
44186005,6
44076924,63
44147396,66
44153201,68
44192856,6
44183306,6
44178627,6
44190185,6
44164601,6
44189093,6
44190135,6
44163600,6
44169317,6
44157968,6
44183462,6
44129696,65
44173387,6
44175128,6
44196118,6
44186332,6
44153832,68
44171342,6
44135484,65
44170869,6
44183623,6
44172249,6
44139425,65
44193538,6
44122974,64
44193596,6
44179265,6
44193536,6
44136699,65
44172362,6
44192141,6
44148120,66
44194907,6
44185044,6
44180889,6
44196477,6
44180840,6
44131908,65
44190989,6
44190988,6
44078440,64
44166840,6
44164075,6
44193858,6
44176868,6
44191096,6
44183893,6
44172524,6
44131965,65
44183892,6
44189617,6
44123393,64
44195350,6
44106729,64
44166839,6
44137806,65
44188645,6
44109631,64
44169799,6
44154882,6
44143731,65
44189802,6
44183173,6
44177523,6
44166203,6
44183175,6
44031982,60
44195615,6
44090105,64
44158794,6
44152244,68
44188940,6
44191738,6
44186167,6
44177628,6
44190187,6
44177676,6
44161781,6
44169261,6
44197519,6
44109954,64
44160756,6
44177798,6
44135530,65
44169271,6
44181999,6
44146730,66
44133778,65
44193392,6
44187675,6
44194888,6
44193404,6
44166623,6
44186562,6
44129974,65
44192190,6
44189396,6
44192191,6
44190827,6
44197790,6
44185045,6
44189398,6
44155493,6
44138656,65
44195099,6
44146979,66
44168571,6
44057437,61
44180989,6
44180990,6
44185341,6
44185527,6
44122988,64
44181044,6
44188250,6
44059581,62
44147091,66
44194086,6
44191130,6
44176927,6
44093581,64
44151739,68
44140160,65
43904935,52
44048305,60
44197325,6
44189869,6
44195513,6
44181436,6
44189764,6
44167259,6
44152242,68
44192858,6
44177491,6
44195672,6
44192836,6
44169225,6
44187371,6
44180622,6
44167659,6
44160830,6
44160871,6
44197630,6
44143877,65
44130770,65
44177865,6
44190591,6
44186284,6
44155322,6
44187618,6
44153699,68
44170930,6
44197780,6
44151150,68
44193599,6
44104535,64
44185042,6
44189354,6
44168811,6
44195119,6
44195161,6
44189470,6
44199465,6
44174191,6
44199578,6
44179844,6
44148870,66
44163177,6
44186581,6
44179942,6
44161379,6
44188537,6
44198165,6
44158369,6
44192471,6
44181223,6
44198218,6
44181192,6
44198249,6
44120870,64
44116351,64
44180334,6
44200193,6
44110802,64
44181461,6
44136621,65
44105067,64
44194556,6
44191793,6
44183310,6
44198706,6
44186169,6
44189028,6
44189068,6
44116569,64
44193018,6
44167616,6
44160905,6
44191991,6
44177998,6
44197685,6
44196224,6
44167852,6
44176481,6
44187828,6
44200574,6
44196476,6
44194906,6
44135574,65
44200686,6
44200687,6
44163786,6
44141115,65
44197781,6
44163953,6
44173698,6
44178019,6
44185043,6
44117187,64
44164044,6
44192281,6
44199643,6
44200827,6
44178177,6
44141222,65
44121767,64
44197103,6
44197213,6
44197215,6
44194471,6
44185823,6
44092522,64
44188823,6
44198277,6
44189871,6
44198325,6
44200184,6
44187279,6
44186108,6
44183269,6
44172989,6
44112828,64
44198547,6
44198542,6
44189069,6
44077184,63
44164816,6
44183383,6
44174890,6
44184558,6
44183491,6
44200416,6
44164735,6
44180588,6
44194776,6
44201836,6
44191992,6
44157997,6
44196199,6
44189175,6
44194840,6
44197684,6
44193391,6
44199008,6
44200640,6
44200689,6
44142581,65
44168174,6
44142822,65
44202038,6
44196478,6
44195098,6
44123109,64
44176855,6
44186642,6
44183802,6
44195102,6
44193941,6
44189469,6
44196717,6
44169835,6
44164046,6
44172630,6
44183847,6
44155633,6
44121698,64
44164211,6
44194272,6
44103876,64
44081470,64
44120945,64
44181292,6
44181291,6
44137951,65
44177498,6
44184108,6
44178557,6
44195523,6
44202957,6
44090449,64
44198278,6
44195515,6
44188843,6
44188851,6
44127590,65
44198380,6
44195525,6
44191794,6
44164370,6
44112660,64
44189870,6
44194558,6
44180472,6
44178560,6
44188946,6
44183305,6
44150850,68
44201564,6
44156443,6
44193007,6
44203218,6
44031074,60
44200410,6
44197520,6
44184560,6
44201565,6
44197631,6
44201563,6
44201566,6
44170514,6
44193414,6
44200509,6
44196221,6
44173405,6
44189208,6
44142313,65
44183480,6
44200508,6
44195043,6
44187911,6
44178005,6
44192140,6
44187913,6
44185193,6
44176772,6
44202168,6
44152625,68
44199370,6
44156827,6
44176771,6
44186594,6
44149905,67
44176854,6
44122997,64
44202245,6
44173876,6
44186625,6
44135774,65
44189399,6
44134489,65
44146093,65
44185541,6
44202530,6
44143160,65
44203714,6
44203713,6
44120144,64
44201060,6
44198217,6
44140628,65
44090956,64
44203964,6
44149353,66
44186073,6
44172992,6
44195613,6
44195573,6
44188849,6
44163475,6
44189937,6
44056278,60
44056279,60
44198549,6
44194526,6
44186394,6
44153361,68
44204142,6
44192897,6
44201459,6
44190134,6
44198635,6
44164813,6
44203231,6
44167343,6
44203209,6
44153408,68
44200412,6
44169328,6
44203206,6
44203252,6
44076149,62
44160758,6
44200455,6
44201837,6
44115745,64
44145105,65
44196200,6
44200575,6
44189207,6
44199197,6
44202037,6
44186528,6
44204916,6
44156826,6
44205108,6
44203469,6
44199464,6
44186580,6
44192282,6
44182348,6
44192274,6
44203559,6
44140456,65
44166774,6
44195118,6
44151385,68
44195088,6
44192287,6
44165633,6
44198013,6
44121765,64
44199789,6
44181149,6
44026805,59
44144396,65
44131964,65
44189662,6
44126459,65
44191447,6
44198200,6
44154883,6
44095870,64
44158793,6
44164382,6
44191713,6
44204020,6
44186023,6
44204022,6
44205888,6
44155056,6
44203047,6
44195572,6
44200192,6
44191739,6
44197448,6
44186191,6
44163499,6
44172129,6
44201460,6
44193008,6
44198705,6
44169286,6
44176197,6
44121090,64
44121091,64
43993136,58
44170513,6
44196304,6
44194889,6
44155420,6
44190630,6
44183767,6
44145617,65
44158235,6
44197691,6
44149701,66
44138595,65
44149682,66
44110374,64
44204959,6
44149641,66
44158246,6
44161083,6
44179941,6
44185342,6
44203598,6
44145932,65
44152624,68
44179496,6
44149930,67
44182326,6
44199580,6
44178020,6
44196761,6
44199665,6
44202532,6
44196719,6
44198015,6
44131810,65
44202531,6
44203697,6
44181188,6
44198151,6
44138799,65
44203918,6
44181406,6
44157742,6
44206765,6
44198323,6
44206800,6
44167342,6
44169032,6
44202956,6
44205869,6
44153266,68
44206914,6
44206916,6
44205889,6
44123988,65
44174761,6
44197447,6
44157847,6
44204340,6
44112661,64
44169226,6
44186232,6
44155154,6
44186190,6
44198704,6
44206037,6
44153409,68
44200417,6
44193017,6
44122401,64
44132637,65
44203216,6
44156560,6
44190502,6
44200499,6
44198908,6
44186350,6
44196223,6
44199009,6
44193523,6
44190500,6
44207772,6
43869013,50
44179435,6
44204980,6
44204982,6
44182349,6
44205127,6
44206446,6
44207973,6
44196512,6
44172448,6
44058530,61
44196511,6
44188269,6
44205128,6
44163948,6
44199714,6
44197978,6
44181123,6
44203655,6
44199644,6
44203700,6
44130240,65
44190986,6
44189502,6
44200898,6
44149003,66
44198152,6
44126357,65
44208549,6
44203917,6
44155796,6
44143582,65
44208729,6
44191753,6
44188939,6
44177567,6
44191756,6
44208749,6
44204217,6
44150368,68
44171939,6
44122368,64
44186192,6
44205937,6
44208815,6
44208916,6
44208946,6
44075560,62
44181772,6
44172108,6
44198731,6
44208995,6
44187548,6
44196181,6
44196222,6
44203292,6
44158202,6
44197692,6
44201948,6
44163783,6
44193521,6
44189272,6
44207771,6
44203467,6
44159911,6
44206448,6
44207972,6
44200826,6
44179829,6
44207971,6
44183772,6
44191029,6
44203638,6
44176784,6
44188167,6
44188251,6
44191128,6
44205449,6
44177236,6
44150036,67
44169834,6
44185779,6
44113339,64
44167076,6
44172706,6
44189618,6
44198201,6
44201061,6
44202933,6
44163381,6
44198378,6
44194516,6
44206767,6
44208748,6
44208691,6
44181368,6
44135228,65
44204261,6
44137929,65
44207099,6
44141073,65
44142094,65
44126824,65
44094168,64
44197559,6
44208886,6
44208929,6
44186333,6
44203232,6
44181771,6
44208997,6
44145150,65
44184726,6
44142990,65
44210212,6
44200506,6
44208998,6
44179241,6
44196303,6
44209096,6
44156932,6
44190756,6
44195120,6
44069496,62
44179598,6
44210746,6
44199310,6
44190826,6
44203600,6
44192288,6
44056964,61
44195106,6
44106512,64
44196720,6
44209382,6
44183005,6
44134786,65
44206606,6
44185540,6
44192538,6
44166094,6
44137808,65
44143484,65
44115445,64
44205863,6
44205803,6
44161543,6
44030940,60
44158668,6
44203963,6
44191714,6
44201202,6
44195614,6
44143713,65
44206984,6
44112582,64
44135369,65
44164673,6
44181369,6
44208817,6
44172100,6
44207343,6
44207172,6
44160773,6
44184557,6
44153630,68
44204435,6
44194694,6
44208914,6
44210211,6
44200456,6
44179076,6
44196182,6
44064847,62
44160870,6
44196197,6
44206114,6
44209097,6
44197694,6
44206215,6
44104397,64
44204915,6
44210547,6
44207811,6
44204914,6
44193537,6
44149352,66
44161014,6
44211965,6
44205123,6
44166775,6
44203557,6
44210779,6
44205126,6
44210984,6
44209296,6
44198014,6
44138419,65
44185528,6
44200984,6
44211205,6
44194237,6
44211204,6
44186852,6
44206635,6
44169786,6
44093580,64
44211313,6
44195349,6
44192390,6
44208551,6
44137807,65
44168878,6
44167075,6
44185798,6
44212430,6
44203104,6
44177510,6
44209749,6
44166316,6
44208726,6
44209784,6
44205865,6
44203049,6
44189956,6
44194603,6
44208747,6
44143844,65
44155146,6
44208859,6
44189092,6
44204338,6
44187372,6
44189070,6
44208884,6
44204394,6
44207298,6
44208861,6
44180661,6
44200454,6
44213071,6
44203229,6
44206115,6
44180739,6
44129695,65
44211770,6
44210420,6
44145148,65
44193574,6
44182114,6
44128463,65
44197703,6
44211860,6
44139677,65
44193859,6
44135615,65
44193522,6
44141262,65
44179156,6
44210587,6
44205008,6
44179599,6
44189418,6
44144394,65
44185542,6
44205450,6
44181191,6
44196850,6
44189661,6
44203689,6
44212270,6
44194115,6
44194116,6
44212269,6
44211213,6
44206665,6
44209568,6
44203914,6
44134536,65
44121920,64
44138265,65
44189804,6
44208644,6
44208692,6
44197317,6
44192597,6
44112555,64
44204021,6
44203965,6
44214378,6
44202958,6
44201186,6
44205939,6
44145205,65
44184516,6
44155198,6
44122425,64
44207171,6
44214526,6
44144983,65
44203208,6
44191860,6
44175037,6
44201546,6
44206053,6
44213070,6
44212951,6
44156411,6
44212917,6
44167615,6
44208996,6
44211768,6
44214609,6
44193415,6
44203293,6
44143853,65
44210210,6
44194777,6
44199045,6
44214657,6
44209092,6
44179239,6
44187658,6
44214782,6
44197722,6
44159410,6
44182327,6
44210588,6
44204979,6
44186402,6
44213607,6
44132900,65
44142860,65
44162834,6
44205005,6
44212023,6
44205107,6
44207974,6
44193865,6
44210983,6
44120465,64
44171498,6
44205448,6
44205355,6
44212189,6
44209411,6
44183891,6
44215030,69
44200935,6
44099249,64
44172707,6
44206607,6
44135889,65
44214033,6
44214151,6
44180327,6
44154851,6
44112474,64
44101092,64
44129517,65
44110625,64
44198279,6
44200185,6
44191740,6
44160572,6
44198324,6
44209787,6
44195559,6
44101720,64
44209763,6
44203105,6
44137988,65
44200270,6
44215377,69
44203048,6
44209842,6
44201461,6
44198637,6
44201462,6
44214479,6
44178850,6
44207173,6
44183464,6
44212949,6
44116310,64
44207332,6
44175036,6
44110138,64
44149640,66
44156559,6
44213072,6
44213144,6
44214627,6
44201949,6
44194857,6
44175187,6
44017601,59
44185173,6
44210425,6
44207712,6
44211963,6
44201988,6
44175141,6
44169571,6
44216315,69
44178021,6
44195080,6
44182654,6
44203599,6
44209179,6
44208020,6
44208004,6
44199667,6
44212174,6
44199790,6
44115214,64
44209371,6
44196897,6
44126382,65
44193940,6
44177237,6
44209567,6
44141662,65
43995094,59
44116311,64
44212428,6
44186048,6
44206766,6
44212475,6
44205890,6
44195522,6
44195514,6
44208693,6
44215378,69
44215379,69
44203050,6
44186072,6
44212615,6
44129753,65
44204141,6
44169031,6
44209843,6
44171916,6
44212616,6
44150669,68
44147395,66
44214369,6
44153202,68
44215580,69
44217373,69
44177760,6
44200411,6
44217353,69
44142074,65
44180623,6
44208883,6
44217351,69
44215760,69
44215764,69
44215769,69
44108129,64
44197555,6
44212998,6
44215714,69
44214574,6
44213118,6
44197617,6
44206117,6
44209040,6
44214751,6
44213142,6
44216114,69
44132741,65
44216112,69
44201952,6
44211966,6
44214688,6
44185001,6
44216113,69
44190757,6
44217668,69
44200688,6
44210548,6
44211947,6
44186593,6
44210744,6
44196475,6
44208019,6
44141221,65
44189501,6
44217825,69
44212137,6
44212154,6
44166961,6
44196762,6
44200936,6
44184046,6
44212268,6
44137702,65
44203804,6
44178324,6
44188332,6
44215127,69
44181124,6
44192458,6
44192459,6
44208272,6
44192403,6
44206684,6
44211385,6
44131842,65
44211444,6
44208550,6
44126039,65
44200052,6
44133365,65
44212426,6
44197326,6
44218204,69
44217189,69
44205864,6
44078786,64
44195524,6
44209785,6
44194527,6
44217201,69
44090117,64
44198624,6
44214371,6
44167265,6
44217350,69
44208915,6
44218584,70
44206077,6
44212915,6
44203222,6
44203220,6
44211732,6
44176161,6
44215758,69
44215713,69
44217515,69
44197629,6
44217517,69
44214656,6
44193393,6
44197721,6
44200573,6
44162332,6
44193405,6
44159211,6
44199044,6
44186486,6
44219045,70
44202124,6
44204961,6
44179550,6
44210777,6
44210719,6
44207948,6
44205105,6
44210745,6
44200933,6
44191319,6
44217866,69
44206464,6
44203699,6
44199466,6
44195053,6
44203698,6
44099295,64
44199788,6
44219629,70
44211203,6
44188454,6
44195351,6
44135903,65
44185822,6
44211314,6
44198216,6
44138004,65
44192593,6
44200183,6
44218261,69
44177509,6
44214370,6
44220108,70
44220079,70
44218287,69
44175668,6
44207100,6
44215475,69
44200194,6
44096832,64
44215578,69
44144982,65
44217371,69
44198540,6
44218585,70
44192898,6
44217386,69
44203207,6
44112662,64
44105501,64
44217446,69
44214572,6
44184724,6
44026884,59
44186189,6
44140957,65
44197644,6
44141048,65
44206116,6
44214608,6
44193268,6
44217516,69
44184518,6
44190503,6
44197645,6
44213145,6
44115629,64
44201950,6
44220432,70
44220404,70
44193597,6
44213456,6
44220593,70
44220592,70
44204981,6
44190825,6
44220594,70
44220595,70
44212155,6
44220703,70
44189462,6
44220766,70
44168819,6
44180183,6
44219857,70
44109563,64
44212476,6
44212429,6
44215285,69
44217188,69
44166204,6
44163481,6
44209765,6
44191754,6
44217191,69
44218262,69
44220109,70
44161782,6
44218385,69
44150483,68
44218299,69
44192859,6
44218341,69
44172213,6
44208727,6
44221354,71
44214497,6
44208849,6
44197446,6
44171957,6
44181590,6
44116350,64
44221431,71
44169223,6
44204591,6
44214607,6
44189176,6
44147893,66
44221625,71
44215789,69
44192026,6
44004619,59
44214687,6
44169434,6
44122367,64
44211946,6
44204767,6
44088834,64
44156813,6
44219044,70
44200639,6
44213455,6
44189334,6
44109041,64
44189397,6
44219294,70
44159919,6
44217867,69
44217865,69
44217755,69
44182653,6
44216641,69
44172629,6
44219404,70
44216755,69
44217890,69
44215035,69
44220804,70
44212324,6
44219723,70
44206586,6
44198150,6
44180097,6
44087073,64
44202932,6
44219958,70
44168879,6
44185921,6
44194470,6
44220976,70
44192736,6
44192737,6
44220091,70
44222916,72
44217227,69
44205868,6
44204143,6
44220067,70
44205867,6
44215579,69
44170647,6
44201294,6
44221230,71
44218340,69
44183313,6
44218358,69
44221329,71
44221356,71
44198541,6
44221228,71
44221227,71
44208860,6
44207133,6
44218527,70
44221369,71
44186168,6
44221355,71
44218526,70
44220272,70
44221538,71
44220271,70
44166622,6
44186285,6
44183468,6
44221622,71
44193382,6
44160829,6
44204737,6
44196117,6
44175092,6
44136698,65
44217535,69
44182113,6
44193539,6
44172292,6
44216357,69
44221961,71
44220515,70
44199308,6
44064043,62
44204913,6
44219043,70
44197778,6
44207949,6
44210780,6
44195097,6
44223467,72
44128926,65
44199491,6
44126177,65
44199550,6
44216675,69
44129045,65
44177235,6
44208269,6
44216811,69
44220882,70
44215131,69
44215132,69
44172675,6
44168817,6
44127467,65
44112373,64
44209566,6
44197214,6
44223767,72
44202922,6
44150019,67
44146404,66
44198265,6
44137989,65
44169287,6
44209748,6
44217202,69
44215476,69
44204218,6
44159095,6
44220080,70
44223908,72
44195558,6
44221229,71
44204339,6
44224151,72
44192860,6
44206915,6
44209764,6
44205925,6
44221327,71
44218583,70
44191792,6
44221370,71
44171958,6
44206075,6
44160883,6
44221555,71
44207304,6
44208947,6
44183478,6
44167855,6
44220388,70
44215970,69
44183497,6
44214778,6
44215995,69
44197779,6
44221963,71
44209098,6
44175149,6
44222092,71
44207795,6
44205047,6
44212072,6
44212070,6
44197859,6
44177213,6
44163964,6
44188768,6
44212188,6
44219405,70
44174257,6
44223555,72
44206585,6
44212267,6
44216859,69
44194273,6
44214059,6
44172787,6
44223766,72
44188644,6
44137678,65
44222824,72
44222826,72
44215260,69
44218206,69
44208728,6
44218143,69
44223906,72
44217228,69
44195764,6
44215474,69
44190186,6
44225883,72
44224211,72
44225903,72
44221330,71
44101396,64
44163441,6
44187280,6
44208928,6
44225924,72
44224081,72
44181712,6
44220245,70
44223055,72
44224364,72
44224363,72
44215971,69
44224366,72
44223192,72
44221557,71
44221554,71
44224451,72
44179306,6
44226060,72
44122987,64
44195968,6
44206283,6
44217598,69
44220433,70
44214776,6
44224739,72
44220564,70
44197789,6
44224962,72
44219435,70
44206492,6
44189400,6
44217754,69
44224964,72
44225126,72
44208003,6
44216642,69
44217824,69
44225125,72
44212190,6
44215037,69
44217889,69
44205175,6
44215032,69
44215063,69
44129047,65
44188331,6
44184038,6
44215128,69
44192470,6
44223667,72
44179961,6
44169875,6
44150114,67
44135929,65
44099358,64
44222825,72
44218263,69
44124839,65
44220078,70
44172994,6
44211631,6
44218286,69
44218386,69
44217226,69
44224080,72
44218359,69
44224148,72
44152271,68
44104975,64
44190311,6
44198696,6
44157958,6
44225845,72
44223133,72
44225902,72
44221465,71
44225942,72
44207333,6
44218808,70
44225941,72
44218576,70
44212986,6
44221623,71
44081822,64
44221433,71
44223104,72
44221624,71
44226062,72
44127232,65
44220391,70
44159624,6
44224838,72
44201987,6
44204960,6
44205048,6
44197809,6
44222090,71
44222089,71
44224837,72
44172436,6
44195104,6
44210778,6
44206447,6
44223468,72
44145828,65
44199196,6
44195100,6
44200918,6
44226442,72
44216674,69
44208270,6
44220767,70
44225334,72
44178234,6
44220823,70
44178256,6
44217929,69
44169785,6
44219638,70
44192402,6
44172727,6
44211386,6
44166093,6
44151690,68
44189760,6
44215259,69
44192594,6
44225711,72
44220039,70
44191668,6
44212691,6
44220069,70
44129744,65
44220068,70
44217190,69
44121121,64
44218339,69
44225767,72
44195574,6
44190067,6
44228624,73
44205926,6
44227109,72
44226937,72
44198697,6
44228762,73
44159094,6
44220270,70
44197554,6
44206164,6
44179134,6
44223105,72
44226042,72
44226087,72
44200507,6
44224611,72
44216248,69
44220389,70
44226166,72
44211862,6
44206216,6
44226165,72
44226134,72
44220403,70
44224738,72
44228993,73
44217736,69
44224840,72
44217730,69
44217737,69
44216316,69
44210872,6
44192192,6
44227921,72
44195107,6
44157080,6
44195079,6
44158349,6
44069893,62
44171628,6
44165876,6
44212176,6
44179843,6
44203737,6
44171547,6
44229292,73
44125708,65
44184045,6
44229349,73
44203916,6
44212325,6
44197109,6
44211445,6
44217137,69
44223801,72
44220038,70
44203257,6
44181359,6
44229726,74
44225812,72
44224149,72
44181618,6
44228722,73
44031025,60
44210119,6
44215715,69
44225901,72
44043590,60
44225947,72
44204237,6
44203221,6
44218574,70
44221644,71
44208851,6
44203215,6
44198626,6
44221522,71
44226061,72
44221650,71
44177915,6
44197695,6
44175147,6
44214703,6
44214702,6
44220390,70
44217536,69
44219022,70
44227434,72
44217519,69
44153855,68
44214736,6
44226133,72
44216358,69
44173656,6
44224963,72
44182219,6
44191219,6
44197860,6
44226261,72
44211976,6
44220514,70
44224839,72
44211978,6
44210871,6
44223391,72
44219293,70
44178255,6
44188166,6
44169663,6
44216643,69
44220765,70
44156931,6
44179962,6
44138783,65
44225242,72
44228253,72
44147242,66
44206685,6
44197164,6
44197108,6
44231313,74
44201203,6
44223805,72
44226801,72
44220107,70
44220041,70
44214379,6
44096906,64
44171914,6
44215688,69
44229756,74
44224083,72
44224150,72
44146588,66
44221353,71
44208885,6
44215759,69
44228724,73
44221539,71
44201545,6
44207098,6
44214525,6
44208927,6
44220273,70
44167614,6
44183498,6
44224450,72
44223286,72
44231707,74
44227560,72
44209180,6
44159246,6
44186409,6
44211861,6
44227562,72
44189151,6
44226135,72
44097349,64
44210549,6
44211964,6
44217633,69
44224961,72
44202169,6
44231879,74
44152699,68
44205106,6
44210717,6
44175541,6
44232063,74
44220704,70
44232124,74
44212229,6
44230881,74
44185347,6
44220805,70
44192415,6
44216858,69
44191220,6
44203805,6
44214152,6
44191448,6
44198068,6
44220881,70
44229350,73
44229383,73
44211387,6
44231186,74
44231314,74
44197102,6
44231184,74
44062727,62
44220977,70
44222876,72
44198379,6
44183172,6
44154972,6
44229821,74
44161523,6
44200269,6
44225813,72
44218342,69
44226938,72
44198636,6
44224210,72
44206076,6
44225881,72
44218538,70
44218575,70
44232887,74
44179038,6
44232888,74
44227297,72
44231701,74
44226035,72
44149639,66
44183416,6
44200733,6
44151228,68
44231785,74
44214735,6
44218809,70
44180968,6
44210718,6
44159847,6
44188072,6
44231841,74
44230794,74
44217826,69
44231915,74
44192159,6
44192276,6
44192273,6
44228013,72
44228011,72
44232033,74
44230901,74
44223548,72
44193566,6
44232051,74
44212223,6
44212228,6
44185745,6
44233795,74
44182738,6
44219699,70
44216360,69
44181187,6
44219856,70
44155795,6
44225587,72
44189725,6
44169876,6
44184037,6
43967545,55
44222875,72
44231371,74
44215477,69
44234242,74
44232403,74
44154971,6
44175666,6
44121135,64
44136333,65
44234281,74
44226918,72
44215687,69
44198266,6
44166315,6
44207136,6
44218624,70
44214478,6
44114095,64
44195763,6
44231562,74
44234343,74
44232724,74
44225839,72
44195762,6
44228723,73
44227108,72
44207305,6
44221651,71
44214575,6
44232995,74
44078785,64
44223107,72
44210550,6
44226059,72
44216111,69
44172303,6
44149681,66
44201951,6
44139854,65
44230460,74
44125663,65
44224758,72
44233223,74
44202036,6
44203468,6
44185429,6
44196405,6
44220563,70
44224759,72
44233458,74
44234767,74
44234840,74
44230741,74
44220701,70
44209297,6
44232035,74
44220648,70
44209372,6
44225084,72
44225289,72
44200899,6
44232191,74
44215076,69
44220822,70
44171414,6
44225416,72
44226531,72
44233873,74
44226529,72
44228215,72
44226532,72
44200972,6
44214116,6
44234148,74
44181435,6
44232307,74
44234245,74
44232402,74
44217138,69
44130619,65
44220070,70
44232404,74
44229685,74
44228622,73
44226936,72
44235425,74
44232680,74
44208816,6
44222914,72
44223035,72
44234366,74
44225882,72
44208926,6
44191859,6
44232749,74
44221556,71
44176196,6
44221432,71
44200453,6
44187617,6
44227295,72
44216000,69
44234572,74
44031024,60
44180754,6
44231699,74
44231716,74
44231717,74
44221960,71
44176484,6
44231784,74
44156814,6
44175160,6
44223392,72
44123108,64
44199369,6
44199309,6
44130357,65
44231914,74
44182507,6
44230714,74
44206491,6
44207917,6
44189493,6
44179827,6
44215036,69
44216587,69
44129016,65
44101635,64
44226443,72
44231043,74
44195110,6
44217060,69
44217888,69
44127475,65
44168618,6
44189724,6
43943938,55
44208643,6
44204133,6
44212534,6
44229624,74
44225846,72
44183202,6
44215262,69
44237068,74
44231370,74
44175872,6
44225844,72
44226919,72
44166306,6
44189954,6
44235513,74
44136274,65
44214459,6
44229883,74
44234346,74
44227110,72
44146651,66
44141050,65
44214527,6
44227296,72
44232886,74
44212916,6
44225948,72
44227288,72
44060600,62
44210429,6
44237432,74
44235970,74
44125561,65
44202123,6
44185000,6
44235969,74
44233280,74
44233224,74
44226186,72
44234618,74
44195105,6
44222091,71
44142823,65
44227783,72
44196718,6
44205122,6
44205199,6
44233540,74
44234769,74
44229116,73
44195160,6
44229224,73
44225087,72
44232034,74
44227953,72
44169722,6
44131980,65
44228012,72
44215038,69
44213806,6
44234839,74
44202244,6
44223525,72
44233814,74
44220768,70
44223668,72
44233815,74
44236590,74
44223676,72
44219735,70
44214061,6
44236761,74
44212409,6
44153407,68
44218142,69
44238129,74
44226800,72
44235272,74
44174834,6
44212692,6
44192857,6
44207420,6
44235307,74
44234369,74
44225837,72
44190169,6
44186233,6
44227111,72
44145230,65
44178899,6
44197560,6
44212950,6
44230014,74
44237263,74
44207299,6
44209091,6
44180839,6
44226136,72
44220434,70
44213119,6
44200576,6
44231753,74
44227561,72
44220431,70
44214777,6
44233279,74
44228981,73
44231870,74
44217632,69
44231842,74
44237582,74
44216673,69
44160193,6
44229115,73
44223527,72
44199549,6
44191129,6
44237696,74
44135916,65
44203690,6
44239463,74
44237799,74
44237801,74
44236591,74
44225335,72
44237786,74
44233796,74
44214117,6
44226530,72
44236762,74
44198202,6
44217129,69
44235332,74
44206983,6
44232405,74
44211566,6
44238130,74
44217200,69
44172168,6
44115321,64
44211632,6
44146589,66
44214460,6
44212778,6
44229820,74
44235493,74
44174984,6
44217372,69
44238430,74
44229882,74
44214556,6
44172101,6
44190310,6
44206163,6
44198707,6
44238471,74
44215999,69
44237295,74
44195967,6
44226088,72
44240259,75
44231778,74
44237430,74
44226167,72
44239073,74
44031754,60
44239130,74
44144953,65
44236226,74
44239133,74
44213610,6
44229127,73
44229167,73
44166691,6
44230618,74
44239328,74
44199579,6
44232062,74
44220659,70
44240565,75
44203736,6
44232036,74
44220702,70
44240627,75
44239462,74
44239465,74
44205158,6
44151638,68
44220803,70
44236763,74
44203874,6
44235085,74
44226644,72
44147393,66
43950464,55
44220040,70
44222868,72
44188821,6
44231372,74
44239858,75
44226906,72
44176318,6
44229592,74
44229728,74
44198548,6
44239902,75
44228623,73
44190170,6
44226799,72
44234279,74
44211769,6
44235477,74
44225811,72
44228745,73
44209844,6
44197616,6
44187414,6
44223036,72
44234344,74
44240040,75
44218524,70
44237296,74
44232725,74
44183479,6
44227024,72
44228761,73
44208930,6
44218525,70
44203253,6
44237264,74
44229964,74
44180759,6
44240208,75
44217540,69
44221655,71
44186479,6
44235968,74
44221654,71
44228994,73
44179263,6
44179357,6
44233278,74
44187934,6
44239096,74
44230715,74
44203337,6
44237581,74
44231898,74
44240456,75
44226352,72
44231896,74
44207939,6
44147092,66
44225086,72
44196849,6
44216809,69
44172610,6
44240680,75
44077963,64
44166768,6
44203876,6
44215255,69
44189699,6
44225588,72
44235084,74
44234146,74
44095420,64
44219959,70
44138784,65
44189762,6
44089985,64
44209786,6
44218387,69
44222877,72
44239899,75
44201296,6
44232309,74
44235274,74
44198625,6
44239952,75
44218384,69
44242816,76
44224082,72
44223907,72
44241072,75
44240062,75
44214496,6
44238429,74
44224018,72
44232726,74
44211788,6
44232683,74
44213143,6
44237283,74
44238494,74
44223106,72
44214573,6
44221521,71
44218632,70
44146556,66
44231697,74
44243043,76
44240204,75
44226036,72
44231718,74
44221652,71
44209099,6
44228980,73
44231860,74
44238918,74
44006939,59
44186563,6
44223423,72
44243284,76
44231859,74
44233539,74
44233538,74
44179552,6
44239050,74
44234768,74
44202533,6
44168530,6
44197883,6
44240563,75
44240481,75
44165150,6
44237675,74
44223549,72
44234878,74
44205129,6
44182652,6
44230790,74
44240547,75
44242336,77
44243472,76
44132080,65
44239481,74
44155695,6
44233899,74
44225407,72
44243503,76
44229189,73
44198166,6
44197327,6
44198322,6
44155862,6
44184325,6
44239901,75
44242698,76
44208686,6
44226907,72
44223804,72
44235275,74
44238131,74
44243761,76
44237132,74
44207134,6
44227041,72
44229683,74
44136332,65
44225950,72
44240065,75
44240063,75
44208814,6
44225904,72
44227039,72
44234368,74
44242917,76
44201835,6
44242900,76
44235514,74
44195501,6
44240097,75
44198909,6
44240096,75
44240206,75
44172248,6
44197702,6
44240306,75
44244429,76
44165178,6
44190628,6
44231839,74
44243156,76
44219046,70
44243157,76
44231871,74
44216644,69
44244781,76
44243308,76
44206463,6
44237578,74
44244968,76
44243322,76
44239331,74
44225124,72
44226377,72
44140312,65
44243383,76
44228241,72
44233898,74
44228252,72
44223675,72
44192460,6
44183113,6
44188270,6
44011072,59
44175515,6
44143808,65
44184109,6
44197414,6
44243617,76
44206799,6
44206801,6
44178571,6
44243759,76
44201187,6
44192592,6
44232308,74
44195671,6
44232531,74
44220083,70
44243758,76
44239903,75
44243938,76
44181694,6
44245649,76
44148072,66
44175918,6
44238224,74
44240039,75
44234367,74
44244093,76
44232727,74
44238266,74
44142469,65
44244155,76
44217387,69
44238506,74
44115746,64
44221464,71
44164765,6
44218633,70
44217453,69
44244428,76
44169632,6
44220452,70
44178015,6
44231746,74
44238920,74
44239097,74
44169362,6
44243283,76
44243154,76
44207918,6
44240455,75
44199526,6
44203637,6
44242046,77
44229126,73
44229169,73
44237739,74
44245175,76
44228240,72
44240679,75
44237724,74
44130329,65
44126577,65
44214286,6
44243575,76
44243574,76
44192595,6
44242696,76
44246550,76
44242695,76
44189957,6
44214386,6
44239857,75
44239900,75
44234243,74
44234278,74
44163390,6
44245620,76
44243760,76
44206985,6
44229755,74
44234280,74
44235308,74
44198429,6
44242791,76
44235494,74
44232681,74
44204216,6
44201656,6
44143721,65
44220247,70
44220246,70
44237191,74
44235424,74
44225880,72
44238472,74
44208858,6
44238505,74
44244266,76
44240098,75
44232974,74
44245825,76
44200732,6
44235585,74
44237375,74
44173636,6
44231706,74
44200460,6
44241399,75
44244431,76
44226164,72
44245884,76
44240257,75
44177764,6
44231735,74
44240305,75
44220438,70
44244464,76
44193774,6
44243285,76
44213609,6
44199463,6
44188333,6
44237577,74
44169759,6
44245008,76
44227954,72
44229255,73
44210912,6
44242215,77
44240564,75
44143161,65
44234919,74
44197174,6
44127434,65
44239480,74
44248276,78
44225589,72
44209565,6
44243616,76
44246488,76
44243666,76
44218288,69
44237017,74
44200191,6
44246552,76
44201185,6
44225712,72
44248404,78
44235306,74
44218357,69
44239951,75
44241073,75
44243920,76
44240027,75
44245754,76
44232682,74
44248660,78
44242934,76
44240209,75
44106180,64
44227352,72
44228992,73
44231747,74
44226262,72
44246008,76
44169479,6
44248795,78
44245970,76
44244748,76
44231840,74
44151149,68
44239132,74
44243307,76
44130133,65
44240486,75
44202246,6
44237639,74
44237637,74
44243385,76
44245007,76
44242344,77
44240621,75
44242216,77
44200919,6
44209381,6
44229291,73
44165474,6
44249106,78
44242217,77
44228217,72
44203899,6
44229342,73
44223768,72
44226642,72
44219734,70
44234159,74
44234010,74
44212393,6
44223780,72
44249287,78
44112479,64
44217136,69
44188920,6
44220978,70
44249353,78
44174891,6
44243844,76
44246635,76
44242679,76
44243842,76
44248514,78
44164674,6
44248528,78
44194695,6
44248586,78
44214555,6
44241178,75
44183385,6
44224365,72
44229965,74
44212999,6
44224527,72
44245824,76
44217599,69
44203217,6
44237276,74
44070385,62
44240258,75
44238919,74
44227563,72
44214781,6
44233281,74
44248847,78
44226271,72
44212024,6
44231897,74
44195089,6
44239049,74
44243324,76
44243323,76
44243415,76
44237694,74
44233797,74
44199666,6
44215080,69
44174256,6
44234974,74
44181221,6
44242346,77
44237800,74
44239464,74
44202672,6
44249105,78
44127473,65
44189701,6
44214060,6
44250996,79
44228239,72
44243543,76
44243544,76
44251029,79
44075701,62
44177329,6
44209762,6
44228583,73
44222917,72
44249352,78
44251195,79
44243886,76
44234277,74
44232530,74
44251311,79
44244092,76
44225752,72
44217388,69
44251383,79
44140959,65
44244094,76
44242792,76
44221328,71
44238473,74
44162078,6
44246869,76
44186478,6
44246903,76
44248668,78
44191900,6
44147729,66
44193192,6
44250107,79
44227353,72
44247354,76
44234626,74
44236105,74
44173919,6
44248948,78
44248947,78
44250503,79
44244746,76
44247715,76
44199493,6
44190987,6
44244861,76
44220660,70
44197884,6
44247714,76
44246151,76
44205176,6
44216756,69
44236440,74
44227768,72
44234973,74
44205356,6
44216810,69
44249133,78
44215062,69
44242218,77
44209412,6
44219737,70
44197175,6
44240678,75
44213805,6
44171381,6
44219736,70
44164212,6
44202921,6
44161277,6
44211206,6
44211221,6
44223781,72
44246490,76
44215258,69
44246487,76
44185974,6
44237016,74
44246609,76
44249449,78
44249448,78
44172993,6
44240976,75
44143722,65
44240026,75
44249446,78
44204025,6
44227435,72
44237065,74
44204436,6
44252534,80
44235492,74
44206040,6
44224212,72
44248529,78
44245700,76
44241306,75
44251418,79
44207135,6
44245753,76
44183415,6
44246973,76
44231411,74
44245796,76
44232975,74
44205254,6
44226041,72
44251545,79
44244336,76
44251664,79
44250086,79
44219381,70
44248796,78
44253009,80
44237481,74
44251738,79
44251759,79
44179272,6
44155531,6
44240485,75
44244782,76
44186643,6
44244977,76
44171331,6
44236678,74
44237695,74
44225287,72
44240620,75
44206393,6
44227922,72
44253686,80
44232137,74
44240629,75
44195051,6
44192540,6
44119054,64
44205804,6
44251156,79
44223909,72
44242662,76
44249354,78
44245570,76
44030085,60
44197318,6
44238110,74
44245621,76
44237057,74
44243887,76
44226916,72
44254152,80
44245699,76
44252523,80
44248545,78
44175845,6
44251345,79
44252533,80
44244103,76
44252666,80
44246971,76
44248570,78
44248569,78
44252524,80
44152534,68
44232973,74
44173281,6
44251480,79
44241398,75
44194828,6
44180753,6
44231700,74
44192160,6
44250223,79
44237513,74
44246006,76
44182370,6
44254580,80
44207713,6
44239131,74
44237638,74
44237636,74
44209295,6
44234920,74
44216754,69
44254766,80
44212175,6
44252012,81
44237785,74
44240600,75
44161256,6
44217930,69
44230900,74
44253779,80
44155797,6
44220870,70
44246486,76
44192596,6
44245622,76
44201295,6
44255107,80
44238109,74
44136129,65
44214387,6
44249502,78
44248383,78
44252535,80
44254203,80
44237192,74
44245647,76
44252483,80
44248515,78
44246902,76
44217352,69
44242899,76
44251420,79
44255378,80
44246974,76
44248659,78
44251479,79
44223266,72
44221649,71
44225949,72
44181003,6
44250088,79
44210426,6
44215788,69
44251626,79
44207810,6
44236180,74
44251666,79
44210419,6
44230388,74
44190996,6
44244731,76
44226272,72
44243282,76
44251735,79
44230839,74
44199492,6
44254646,80
44230619,74
44198167,6
44180182,6
44254767,80
44251893,81
44251892,81
44243384,76
44253812,80
44193775,6
44253778,80
44253836,80
44120959,64
44219700,70
44243573,76
44051307,60
44139100,65
44159247,6
44245571,76
44223025,72
44252160,81
44054547,60
44251239,79
44229757,74
44194604,6
44256888,80
44242777,76
44254153,80
44255328,80
44245572,76
44255238,80
44248585,78
44248513,78
44254228,80
44146650,66
44252586,80
44244091,76
44177903,6
44238547,74
44210430,6
44240203,75
44241345,75
44173875,6
44217541,69
44238842,74
44250360,79
44228945,73
44247365,76
44180858,6
44237482,74
44254571,80
44250504,79
44243234,76
44256090,80
44234710,74
44248957,78
44242044,77
44253475,80
44223469,72
44229168,73
44233459,74
44246240,76
44214034,6
44242335,77
44246349,76
44254748,80
44253688,80
44242334,77
44254749,80
44245173,76
44150082,67
44250985,79
44230978,74
44146092,65
44240628,75
44256726,80
44256724,80
44206605,6
44257732,80
44229348,73
44203877,6
44225586,72
44200925,6
44242661,76
44242660,76
44248405,78
44249500,78
44249507,78
44231373,74
44243937,76
44225835,72
44238222,74
44255236,80
44225753,72
44255143,80
44214380,6
44252428,80
44254148,80
44248571,78
44248505,78
44242778,76
44242916,76
44178572,6
44251346,79
44174983,6
44251421,79
44257059,80
44214498,6
44252665,80
44211733,6
44198986,6
44213117,6
44257222,80
44193383,6
44251584,79
44231736,74
44250089,79
44257248,80
44175186,6
44234625,74
44247374,76
44255931,80
44253046,80
44251667,79
44254581,80
44202035,6
44247364,76
44231880,74
44209845,6
44230461,74
44254595,80
44242135,77
44229222,73
44229129,73
44250830,79
44226263,72
44247606,76
44237558,74
44253418,80
44257587,80
44230979,74
44259321,80
44237697,74
44243414,76
44237741,74
44169758,6
44245308,76
44251027,79
44251107,79
44206666,6
44215256,69
44215257,69
44023985,59
44079979,64
44254037,80
44224394,72
44255144,80
44257935,80
44191669,6
44255239,80
44135449,65
44120961,64
44255330,80
44235515,74
44254200,80
44245698,76
44127874,65
44257038,80
44246901,76
44243936,76
44254138,80
44246867,76
44240064,75
44103205,64
44246868,76
44237294,74
44244157,76
44257294,80
44248716,78
44245972,76
44260143,80
44186527,6
44244465,76
44224760,72
44236104,74
44260161,80
44255932,80
44244747,76
44259016,80
44253417,80
44256225,80
44243325,76
44257586,80
44257552,80
44205557,6
44219628,70
44250827,79
44249107,78
44260416,80
44256466,80
44253862,80
44225288,72
44253813,80
44214233,6
44234157,74
44259534,80
44214232,6
44180326,6
44185900,6
44259630,80
44259628,80
44223800,72
44259738,80
44257868,80
44248466,78
44248504,78
44240038,75
44252426,80
44260930,80
44259846,80
44259845,80
44173282,6
44252584,80
44257061,80
44254227,80
44251419,79
44214666,6
44214606,6
44248584,78
44221645,71
44244335,76
44257167,80
44260038,80
44234602,74
44261573,80
44132937,65
44251727,79
44204978,6
44223389,72
44161015,6
44234879,74
44239329,74
44230883,74
44244978,76
44246111,76
44226351,72
44253476,80
44253689,80
44260417,80
44259320,80
44259362,80
44252042,81
44243505,76
44228224,72
44262281,80
44226643,72
44202931,6
44143581,65
44135966,65
44088067,64
44218141,69
44259631,80
44126889,65
44229593,74
44192591,6
44248446,78
44259729,80
44257060,80
44260950,80
44260981,80
44214628,6
44243885,76
44244186,76
44227023,72
44261014,80
44240041,75
44254264,80
44259916,80
44259948,80
44217452,69
44197808,6
44237302,74
44211563,6
44187660,6
44231698,74
44258542,80
44253010,80
44248783,78
44240309,75
44260144,80
44190517,6
44216359,69
44259014,80
44257403,80
44246110,76
44260233,80
44260280,80
44261832,80
44263124,82
44262055,80
44254663,80
44245005,76
44237676,74
44237742,74
44260469,80
44239517,74
44253842,80
44233872,74
44186828,6
44260491,80
44252011,81
44250995,79
44250997,79
44103879,64
44215254,69
44212427,6
44242697,76
44248332,78
44256879,80
44259718,80
44259702,80
44249549,78
44252522,80
44249584,78
44256999,80
44260927,80
44234457,74
44263797,82
44237131,74
44258139,80
44233065,74
44259947,80
44251546,79
44224449,72
44217518,69
44244430,76
44264171,82
44264329,82
44203336,6
44255930,80
44257401,80
44193575,6
44257430,80
44217731,69
44211977,6
44238843,74
44251638,79
44236441,74
44228226,72
44253395,80
44242045,77
44261904,80
44259015,80
44256331,80
44229225,73
44253488,80
44251954,81
44262081,80
44242343,77
44254746,80
44225005,72
44229256,73
44250986,79
44185922,6
44262282,80
44260576,80
44249178,78
44259535,80
44252088,81
44262458,80
44219981,70
44206603,6
44243618,76
44251158,79
44235121,74
44248331,78
44249355,78
44259720,80
44259740,80
44222915,72
44212777,6
44255329,80
44254201,80
44217414,69
44261013,80
44262603,80
44260980,80
44228802,73
44262739,80
44262738,80
44245752,76
44241307,75
44179039,6
44245902,76
44221238,71
44243066,76
44179133,6
44237480,74
44250220,79
44203125,6
44217667,69
44204926,6
44207787,6
44202167,6
44234961,74
44183817,6
44247683,76
44251736,79
44243246,76
44265901,82
44253394,80
44263052,82
44244783,76
44231989,74
44247682,76
44205357,6
44216588,69
44223554,72
44257585,80
44263181,82
44176985,6
44256467,80
44264959,82
44253864,80
44211220,6
44192537,6
44265230,82
44078689,64
44122668,64
44246450,76
44256836,80
44265261,82
44262467,80
44255145,80
44186047,6
44256905,80
44226917,72
44235273,74
44209868,6
44262613,80
44254038,80
44254150,80
44260929,80
44265469,82
44257000,80
44262727,80
44244265,76
44220453,70
44252585,80
44237293,74
44183622,6
44250087,79
44097227,64
44255779,80
44233020,74
44177914,6
44026886,59
44260142,80
44237431,74
44250502,79
44265744,82
44223281,72
44244733,76
44244862,76
44248956,78
44250619,79
44244732,76
44217753,69
44224796,72
44265890,82
44258960,80
44256226,80
44199551,6
44247727,76
44226388,72
44242136,77
44266021,82
44243416,76
44260399,80
44254856,80
44256511,80
44251953,81
44194238,6
44267881,82
44245484,76
44237886,74
44201062,6
44234147,74
44180032,6
44140627,65
44236792,74
44256837,80
44205802,6
44225667,72
44215261,69
44248413,78
44257965,80
44259737,80
44268144,82
44259750,80
44237066,74
44245648,76
44206764,6
44242817,76
44126825,65
44248667,78
44192025,6
44191097,6
44238492,74
44251477,79
44221646,71
44232994,74
44171558,6
44243155,76
44250222,79
44205007,6
44238823,74
44193416,6
44244730,76
44267261,82
44254582,80
44265831,82
44243235,76
44254583,80
44176410,6
44268700,82
44261777,80
44239072,74
44247274,76
44217729,69
44263050,82
44234838,74
44264862,82
44228216,72
44226353,72
44263223,82
44225417,72
44206442,6
44099223,64
44257580,80
44239516,74
44246248,76
44257581,80
44240599,75
44235021,74
44266151,82
44203897,6
44163139,6
44266210,82
44194557,6
44232285,74
44237018,74
44259701,80
44262611,80
44259767,80
44246798,76
44227040,72
44268275,82
44269314,82
44242935,76
44254163,80
44257041,80
43999936,59
44214752,6
44266703,82
44248666,78
44223142,72
44217445,69
44259914,80
44212732,6
44266841,82
44243088,76
44260016,80
44221653,71
44207770,6
44203230,6
44234617,74
44176317,6
44202247,6
44267210,82
44270096,82
44223280,72
44261580,80
44234667,74
44183758,6
44268639,82
44217561,69
44251639,79
44212071,6
44256089,80
44247607,76
44257428,80
44263108,82
44249061,78
44253477,80
44178016,6
44234837,74
44245006,76
44220743,70
44266019,82
44270347,82
44266067,82
44264861,82
44260468,80
44268826,82
44267879,82
44177056,6
44248149,78
44268937,82
44270638,82
44270637,82
44220853,70
44138740,65
44265228,82
44266150,82
44197176,6
44216946,69
44214231,6
44240883,75
44257966,80
44249508,78
44235301,74
44235300,74
44269312,82
44252485,80
44254226,80
44256949,80
44238265,74
44252484,80
44268228,82
44257062,80
44248503,78
44229684,74
44254265,80
44182000,6
44095941,64
44269784,82
44262729,80
44257120,80
44226040,72
44268513,82
44271315,82
44231715,74
44257293,80
44253045,80
44142821,65
44204925,6
44233306,74
44260174,80
44240256,75
44180860,6
44231779,74
44197787,6
44267477,82
44261902,80
44257575,80
44209397,6
44267561,82
44101678,64
44263125,82
44244967,76
44262082,80
44271581,82
44199915,6
44222617,72
44257645,80
44270689,82
44253687,80
44252043,81
44192539,6
44235068,74
44197264,6
44229347,73
44242680,76
44112556,64
44229727,74
44265431,82
44166358,6
44228692,73
44265454,82
44167843,6
44263796,82
44231509,74
44251413,79
44223026,72
44266727,82
44215994,69
44255518,80
44266702,82
44258250,80
44258249,80
44237281,74
44127029,65
44237133,74
44244188,76
44201655,6
44251544,79
44271318,82
44258733,80
44251625,79
44271296,82
44230389,74
44219020,70
44269881,82
44238822,74
44245883,76
44207938,6
44243125,76
44185099,6
44269902,82
44234709,74
44202019,6
44268589,82
44134436,65
44236068,74
44272871,82
44271464,82
44260282,80
44271465,82
44273099,82
44263107,82
44260279,80
44263126,82
44258971,80
44245174,76
44268775,82
44267589,82
44266018,82
44256510,80
44270640,82
44266093,82
44262056,80
44273454,82
44266092,82
44229341,73
44206634,6
44266146,82
44262457,80
44231412,74
44257778,80
44161475,6
44269026,82
44228502,73
44251157,79
44256878,80
44266272,82
44206052,6
44211562,6
44257990,80
44257991,80
44229641,74
44065980,62
44239950,75
44271055,82
44246610,76
44243935,76
44256904,80
44242793,76
44254164,80
44239953,75
44242815,76
44207421,6
44221520,71
44232663,74
44271184,82
44247004,76
44234345,74
44261012,80
44269618,82
44262737,80
44266859,82
44224526,72
44251547,79
44272711,82
44274166,82
44122765,64
44213284,6
44272948,82
44230792,74
44230791,74
44218625,70
44273100,82
44210118,6
44237556,74
44169545,6
44271558,82
44264957,82
44207834,6
44219636,70
44270618,82
44270690,82
44235012,74
44260470,80
44259363,80
44237887,74
44253706,80
44260574,80
44273698,82
44232227,74
44038158,60
44248434,78
44246611,76
44266273,82
44274845,82
44209869,6
44274888,82
44268143,82
44259719,80
44242751,76
44269311,82
44237067,74
44273884,82
44275043,82
44274993,82
44273883,82
44275015,82
44257040,80
44274004,82
44221537,71
44266840,82
44240308,75
44175873,6
44233188,74
44196406,6
44138450,65
44257119,80
44255792,80
44274165,82
44214667,6
44247375,76
44271287,82
44240307,75
44269900,82
44251516,79
44269880,82
44268514,82
44196198,6
44265745,82
44226185,72
44204768,6
44264328,82
44237514,74
44223424,72
44273097,82
44193864,6
44267475,82
44276000,82
44265891,82
44194171,6
44232192,74
44274510,82
44225497,72
44270348,82
44219637,70
44259360,80
44262028,80
44256725,80
44212408,6
44219721,70
44200009,6
44177057,6
44212224,6
44273632,82
44099626,64
44195551,6
44273830,82
44243667,76
44173452,6
44212533,6
44245669,76
44256950,80
44262743,80
44193191,6
44246972,76
44198987,6
44240195,75
44268407,82
44274064,82
44259915,80
44271189,82
44209273,6
44237433,74
44255809,80
44261390,80
44272709,82
44267208,82
44271316,82
44192067,6
44223380,72
44223390,72
44251665,79
44255989,80
44272873,82
44223526,72
44205006,6
44268684,82
44257427,80
44254676,80
44261553,80
44253393,80
44231992,74
44267560,82
44268800,82
44277333,82
44271582,82
44258973,80
44274509,82
44276287,82
44219722,70
44256512,80
44264956,82
44263225,82
44274549,82
44251940,81
44274626,82
44270702,82
44276440,82
44260575,80
44271795,82
44225665,72
44130232,65
44276574,82
44273770,82
44246549,76
44225768,72
44276676,82
44266274,82
44254126,80
44242739,76
44273887,82
44252730,80
44260979,80
44268230,82
44235586,74
44238223,74
44275041,82
44272216,82
44274992,82
44271056,82
44237282,74
44268276,82
44265467,82
44273886,82
44271145,82
44257039,80
44121353,64
44246904,76
44276911,82
44254303,80
44239969,75
44254364,80
44211789,6
44274113,82
44278266,82
44269783,82
44264173,82
44253035,80
44274114,82
44278265,82
44218621,70
44221757,71
44220421,70
44226058,72
44215996,69
44272785,82
44260039,80
44169631,6
44251737,79
44260160,80
44277127,82
44232087,74
44278628,82
44251760,79
44268662,82
44189761,6
44264527,82
44278728,82
44278803,82
44275858,82
44210911,6
44267476,82
44271622,82
44268801,82
44237698,74
44250618,79
44253707,80
44274512,82
44249062,78
44268827,82
44257551,80
44207933,6
44196842,6
44266061,82
44235022,74
44277319,82
44225286,72
44271730,82
44249144,78
44277416,82
44232123,74
44273480,82
44263327,82
44220742,70
44260418,80
44253863,80
44271782,82
44277459,82
44279329,82
44277402,82
44240677,75
44259536,80
44274627,82
44233907,74
44248333,78
44031983,60
44269525,82
44251194,79
44225923,72
44235476,74
44259727,80
44022942,59
44251414,79
44275185,82
44279545,82
44263935,82
44278017,82
44278020,82
44254239,80
44274076,82
44242901,76
44197484,6
44228725,73
44264172,82
44248669,78
44207342,6
44272608,82
44243089,76
44217560,69
44233021,74
44268428,82
44231991,74
44213608,6
44267262,82
44240384,75
44271415,82
44216247,69
44135888,65
44268685,82
44275857,82
44239052,74
44274370,82
44265977,82
44253843,80
44254747,80
44253512,80
44253661,80
44271656,82
44270580,82
44249060,78
44279062,82
44250826,79
44270639,82
44263224,82
44256525,80
44276291,82
44280320,82
44276368,82
44203806,6
44246350,76
44273633,82
44229382,73
44274689,82
44280365,82
44271797,82
44271858,82
44273631,82
44260499,80
44243480,76
44218101,69
44186024,6
44157738,6
44259749,80
44225836,72
44254036,80
44279436,82
44268142,82
44279577,82
44246870,76
44276678,82
44279548,82
44279561,82
44259751,80
44272333,82
44263795,82
44238493,74
44234458,74
44247005,76
44246975,76
44273989,82
44279612,82
44235724,74
44281068,82
44278364,82
44204738,6
44224610,72
44272607,82
44223134,72
44222004,71
44231813,74
44281220,82
44269899,82
44261554,80
44261579,80
44221962,71
44274228,82
44277052,82
44278500,82
44246007,76
44207794,6
44251707,79
44251708,79
44272947,82
44278627,82
44239051,74
44248945,78
44271508,82
44281442,82
44273190,82
44278729,82
44274396,82
44229128,73
44267474,82
44278805,82
44268776,82
44242345,77
44225498,72
44234011,74
44277417,82
44246239,76
44266068,82
44249134,78
44280236,82
44169842,6
44279089,82
44276286,82
44277458,82
44277433,82
44251028,79
44279330,82
44271856,82
44271857,82
44183114,6
44268988,82
44149224,66
44266212,82
44246551,76
44262466,80
44234244,74
44277696,82
44225838,72
44280598,82
44262601,80
44255237,80
44279491,82
44224019,72
44263640,82
44259768,80
44215765,69
44272215,82
44254225,80
44271204,82
44223054,72
44282491,82
44228711,73
44281123,82
44269785,82
44276973,82
44187935,6
44274184,82
44236181,74
44268512,82
44264431,82
44269882,82
44282750,83
44265825,82
44248955,78
44264286,82
44272872,82
44264430,82
44277126,82
44257429,80
44233457,74
44281592,82
44199544,6
44260234,80
44253513,80
44260281,80
44274395,82
44029659,60
44240546,75
44236230,74
44281593,82
44254647,80
44271579,82
44228225,72
44211222,6
44266020,82
44264911,82
44264910,82
44225406,72
44244883,76
44261870,80
44281914,82
44279090,82
44279107,82
44280319,82
44073857,62
44273700,82
44194239,6
44084210,64
44112372,64
44283166,83
44120958,64
44199914,6
44266211,82
44208645,6
44167318,6
44282403,82
44241344,75
44282493,82
44244114,76
44260017,80
44262740,80
44261389,80
44276959,82
44248715,78
44223149,72
44276975,82
44243087,76
44272708,82
44233225,74
44255728,80
44279867,82
44264327,82
44284277,83
44279841,82
44246009,76
44282787,83
44237374,74
44277128,82
44278700,82
44255990,80
44284443,83
44278802,82
44209398,6
44198069,6
44270579,82
44256376,80
44277432,82
44283094,83
44256465,80
44279328,82
44276439,82
44276559,82
44284975,83
44282167,82
44280366,82
44276441,82
44266149,82
44232286,74
44268113,82
44282282,82
44285130,83
44276679,82
44277694,82
44129516,65
44283334,83
44283427,83
44245623,76
44246634,76
44271057,82
44243921,76
44279575,82
44257009,80
44283580,83
44283514,83
44254240,80
44283581,83
44235501,74
44275148,82
44268231,82
44279695,82
44272331,82
44241179,75
44209274,6
44248846,78
44274037,82
44257202,80
44278371,82
44278264,82
44158052,6
44274229,82
44217689,69
44224595,72
44267211,82
44272874,82
44279860,82
44284223,83
44277054,82
44232052,74
44261509,80
44263010,82
44260107,80
44282749,83
44282788,83
44281441,82
44282767,83
44278498,82
44284318,83
44261775,80
44284316,83
44278657,82
44284317,83
44284369,83
44261871,80
44229057,73
44274371,82
44267558,82
44230740,74
44197165,6
44284680,83
44277331,82
44276290,82
44277345,82
44225241,72
44282076,82
44284973,83
44285048,83
44285971,83
44235066,74
44143307,65
44235120,74
44269025,82
44266209,82
44105066,64
44259739,80
44246489,76
44259629,80
44231441,74
44283308,83
44274891,82
44274994,82
44277695,82
44260928,80
44279562,82
44279604,82
44269313,82
44240085,75
44265468,82
44282492,82
44286420,83
44282445,82
44252939,80
44279696,82
44282495,82
44282467,82
44279868,82
44274069,82
44247355,76
44260108,80
44269561,82
44281169,82
44271414,82
44243289,76
44163029,6
44282709,83
44278501,82
44285593,83
44279943,82
44272786,82
44275859,82
44275856,82
44237557,74
44245971,76
44271468,82
44275887,82
44263049,82
44056731,61
44275974,82
44270374,82
44270373,82
44276013,82
44193567,6
44287447,84
44246109,76
44275999,82
44284618,83
44284591,83
44285874,83
44249176,78
44277346,82
44273492,82
44234816,74
44285972,83
44197262,6
44274688,82
44283100,83
44252041,81
44284936,83
44259547,80
44286005,83
44266147,82
44222789,72
44287903,85
44215286,69
44283309,83
44277693,82
44232529,74
44270958,82
44286217,83
44167315,6
44283429,83
44259741,80
44246728,76
44248544,78
44235587,74
44204260,6
44263936,82
44215761,69
44221467,71
44285423,83
44274003,82
44274038,82
44255519,80
44285421,83
44285521,83
44279861,82
44228803,73
44276960,82
44268527,82
44286885,83
44285522,83
44261574,80
44277053,82
44274286,82
44287070,83
44251728,79
44285592,83
44240310,75
44260066,80
44284410,83
44265830,82
44268699,82
44254677,80
44208244,6
44273098,82
44268713,82
44281512,82
44253396,80
44265902,82
44265903,82
44228014,72
44250547,79
44265979,82
44271557,82
44287445,84
44261903,80
44284588,83
44262284,80
44284676,83
44254816,80
44274508,82
44283020,83
44265229,82
44237829,74
44235013,74
44267869,82
44249288,78
44284938,83
44273701,82
44282152,82
44286036,83
44286004,83
44269024,82
44149225,66
44146555,66
44287902,85
44273831,82
44283232,83
44266271,82
44288040,85
44286330,83
44242659,76
44251193,79
44283578,83
44248435,78
44289121,61
44262612,80
44282494,82
44272367,82
44282468,82
44149439,66
44241276,75
44202020,6
44289409,61
44279651,82
44206038,6
44275457,82
44252729,80
44282672,83
44279727,82
44284146,83
44274287,82
44286984,83
44268590,82
44231861,74
44288467,85
44260162,80
44258959,80
44229056,73
44288458,85
44239330,74
44290062,61
44284290,83
44263011,82
44284367,83
44288496,85
44290043,61
44287362,84
44284445,83
44267559,82
44284589,83
44270667,82
44284708,83
44287601,84
44220790,70
44287602,84
44268938,82
44225243,72
44273699,82
44280296,82
44206686,6
44276558,82
44285091,83
44259546,80
44252083,81
44225710,72
44280372,82
44283333,83
44252161,81
44283271,83
44262468,80
44287947,85
44240985,75
44277977,82
44259769,80
44262610,80
44243922,76
44265489,82
44268173,82
44238158,74
44280877,82
44242840,76
44280991,82
44275187,82
44231508,74
44288289,85
44236227,74
44247275,76
44271295,82
44257168,80
44286886,83
44286884,83
44272775,82
44274221,82
44279945,82
44291297,61
44289915,61
44257338,80
44284426,83
44288466,85
44280017,82
44254645,80
44261776,80
44290141,61
44290044,61
44261905,80
44290143,61
44280127,82
44263180,82
44290191,61
44270223,82
44270372,82
44246385,76
44273136,82
44281895,82
44290290,61
44268825,82
44291483,61
44288712,61
44288714,61
44284707,83
44290533,61
44284974,83
44288733,61
44268935,82
44285997,83
44286003,83
44288805,61
44254792,80
44288775,61
44288774,61
44291681,61
44188449,6
44285089,83
44238058,74
44175644,6
44279438,82
44238292,74
44287945,85
44282281,82
44290841,61
44248382,78
44276623,82
44266380,82
44266379,82
44291839,61
44272001,82
44269603,82
44169154,6
44204393,6
44254139,80
44288115,85
44181358,6
44289410,61
44289196,61
44289417,61
44262664,80
44269617,82
44280990,82
44281124,82
44268388,82
44279795,82
44279806,82
44282768,83
44272710,82
44285590,83
44177799,6
44287054,83
44258735,80
44274164,82
44291273,61
44292754,61
44272804,82
44291298,61
44284276,83
44291272,61
44291283,61
44277173,82
44254596,80
44290020,61
44288457,85
44292815,61
44272953,82
44281591,82
44290140,61
44281594,82
44263051,82
44258972,80
44281763,82
44291482,61
44207968,6
44247567,76
44285794,83
44239420,74
44230793,74
44244884,76
44259319,80
44290289,61
44283093,83
44291484,61
44277403,82
44290612,61
44180096,6
44273494,82
44291651,61
44290660,61
44291652,61
44212391,6
44177478,6
44263329,82
44267868,82
44220854,70
44293423,61
44283163,83
44290661,61
44231185,74
44265260,82
44283231,83
44209747,6
44195755,6
44290786,61
44290787,61
44279492,82
44272002,82
44291790,61
44287949,85
44283272,83
44288038,85
44282280,82
44286339,83
44252427,80
44254266,80
44255426,80
44282446,82
44278018,82
44292158,61
44240194,75
44274063,82
44276901,82
44276900,82
44274075,82
44293948,61
44259975,80
44193384,6
44276955,82
44279807,82
44217415,69
44257402,80
44294080,61
44294051,61
44257337,80
44294053,61
44265743,82
44288460,85
44236035,74
44289980,61
44288459,85
44271509,82
44246152,76
44271568,82
44254711,80
44214818,6
44273276,82
44292929,61
44276402,82
44290145,61
44290396,61
44239421,74
44281915,82
44239518,74
44243504,76
44279063,82
44277401,82
44178326,6
44276285,82
44262283,80
44288734,61
44277410,82
44290534,61
44286035,83
44294467,61
44190516,6
44280321,82
44280322,82
44282104,82
44286038,83
44220649,70
44252159,81
44287961,85
44220090,70
44287901,85
44290840,61
44276575,82
44279437,82
44288019,85
44240978,75
44246729,76
44288978,61
44289050,61
44292062,61
44237301,74
44248445,78
44266701,82
44279546,82
44292159,61
44269359,82
44291061,61
44258429,80
44228712,73
44279648,82
44243124,76
44289623,61
44289521,61
44292493,61
44243042,76
44292556,61
44275458,82
44275459,82
44295534,61
44272667,82
44279946,82
44286964,83
44285591,83
44270151,82
44264287,82
44291339,61
44294191,61
44239071,74
44234815,74
44253502,80
44287452,84
44261833,80
44203656,6
44290196,61
44256375,80
44280238,82
44274513,82
44294322,61
44277334,82
44296189,61
44259361,80
44280230,82
44288807,61
44263328,82
44283101,83
44257731,80
44296341,61
44276367,82
44288806,61
44246504,76
44272040,82
44256877,80
44283310,83
44287958,85
44232748,74
44246503,76
44294733,61
44290843,61
44271109,82
44291840,61
44177927,6
44290872,61
44290889,61
44296640,61
44296607,61
44235502,74
44276669,82
44244187,76
44250106,79
44295033,61
44260855,80
44291017,61
44292215,61
44279649,82
44293877,61
44295065,61
44296741,61
44286609,83
44291200,61
44236099,74
44295256,61
44271326,82
44219021,70
44285520,83
44276902,82
44284125,83
44275456,82
44281218,82
44274115,82
44286883,83
44265826,82
44289704,61
44295563,61
44268529,82
44294023,61
44289934,61
44289913,61
44290042,61
44287068,83
44168231,6
44288530,85
44295687,61
44233066,74
44284368,83
44294192,61
44271466,82
44280102,82
44237723,74
44278804,82
44284553,83
44280108,82
44293109,61
44280169,82
44281893,82
44271655,82
44260415,80
44248150,78
44294436,61
44253616,80
44273479,82
44297295,61
44290532,61
44252082,81
44279091,82
44296216,61
44296291,61
44285049,83
44282103,82
44152601,68
44296293,61
44296316,61
44266207,82
44246438,76
44203875,6
44217130,69
44291841,61
44296497,61
44128390,65
44229642,74
44277745,82
44286328,83
44294777,61
44296638,61
44296609,61
44274016,82
44235725,74
44252655,80
44268229,82
44215768,69
44206039,6
44292214,61
44276972,82
44254365,80
44296782,61
44286493,83
44269526,82
44288296,85
44298199,61
44272803,82
44276912,82
44292555,61
44291182,61
44294108,61
44268660,82
44242827,76
44288499,85
44264318,82
44284124,83
44291282,61
44294122,61
44295564,61
44282708,83
44292492,61
44294159,61
44248946,78
44242289,77
44297116,61
44298854,61
44293111,61
44279106,82
44297180,61
44145987,65
44287603,84
44296121,61
44290598,61
44296188,61
44284937,83
44299094,61
44285996,83
44294501,61
44273481,82
44299123,61
44297345,61
44294500,61
44259548,80
44269021,82
44176964,6
44205994,6
44192068,6
44225769,72
44294674,61
44243843,76
44288018,85
44205938,6
44289147,61
44229945,74
44166305,6
44262602,80
44255427,80
44272332,82
44272334,82
44273990,82
44297841,61
44296739,61
44244337,76
44279944,82
44243247,76
44269908,82
44276919,82
44285606,83
44285530,83
44294052,61
44294121,61
44279971,82
44298537,61
44299825,61
44284315,83
44268698,82
44278703,82
44254359,80
44291401,61
44290192,61
44239287,74
44297112,61
44290243,61
44284590,83
44268790,82
44288746,61
44274511,82
44277422,82
44229223,73
44215031,69
44150081,67
44180760,6
44212191,6
44276292,82
44280200,82
44283019,83
44300148,61
44294435,61
44296218,61
44276401,82
44285050,83
44177476,6
44271855,82
44218205,69
44246451,76
44177493,6
44296454,61
44283230,83
44290842,61
44297437,61
44291792,61
44268114,82
44296455,61
44269072,82
44248444,78
44241046,75
44263639,82
44240984,75
44146456,66
44289195,61
44266726,82
44208850,6
44220423,70
44296639,61
44232662,74
44257050,80
44248527,78
44293833,61
44296783,61
44277976,82
44295198,61
44289703,61
44119767,64
44299623,61
44298162,61
44294020,61
44271297,82
44301076,61
44271307,82
44272669,82
44285523,83
44234668,74
44289769,61
44294079,61
44291271,61
44297001,61
44270152,82
44271501,82
44288498,85
44297117,61
44301544,61
44233906,74
44293146,61
44251935,81
44301693,61
44296088,61
44300056,61
44280229,82
44285873,83
44290611,61
44287604,84
44300054,61
44225496,72
44267880,82
44299121,61
44300151,61
44294469,61
44294477,61
44288830,61
44300209,61
44271981,82
44279430,82
44300398,61
44273832,82
44293640,61
44300399,61
44294732,61
44288039,85
44252656,80
44300446,61
44293704,61
44279547,82
44300400,61
44274981,82
44290873,61
44263830,82
44262663,80
44302297,61
44286494,83
44268172,82
44268387,82
44288114,85
44296718,61
44299537,61
44245901,76
44258543,80
44278370,82
44271288,82
44186410,6
44282624,83
44282710,83
44295247,61
44247726,76
44296928,61
44217688,69
44289925,61
44274245,82
44294075,61
44267263,82
44298536,61
44284444,83
44254662,80
44230882,74
44301654,61
44287361,84
44297113,61
44263182,82
44274368,82
44301580,61
44295993,61
44279065,82
44301695,61
44250546,79
44246241,76
44273277,82
44273493,82
44296190,61
44283021,83
44296090,61
44253814,80
44291653,61
44259537,80
44286037,83
44222787,72
44246373,76
44285090,83
44243615,76
44288829,61
44288979,61
44265262,82
44222869,72
44300438,61
44302172,61
44286218,83
44228691,73
44302226,61
44294775,61
44302227,61
44244104,76
44302347,61
44271144,82
44289119,61
44302292,61
44291060,61
44295034,61
44269652,82
44302386,61
44299503,61
44295151,61
44299538,61
44238291,74
44274149,82
44302487,61
44303772,61
44271286,82
44281219,82
44272774,82
44286810,83
44292753,61
44281473,82
44282711,83
44288497,85
44299823,61
44299824,61
44264528,82
44172676,6
44290189,61
44304375,61
44294272,61
44284552,83
44302856,61
44264958,82
44304521,61
44260490,80
44301745,61
44294288,61
44284883,83
44300132,61
44126460,65
44302882,61
44267870,82
44280237,82
44304723,61
44296315,61
44246374,76
44283165,83
44168818,6
44251173,79
44303171,61
44251238,79
44300447,61
44292063,61
44211567,6
44283428,83
44268145,82
44240977,75
44293693,61
44293705,61
44300439,61
44292118,61
44280750,82
44299582,61
44221756,71
44283579,83
44248675,78
44257008,80
44289416,61
44286419,83
44299569,61
44194829,6
44224393,72
44233022,74
44258447,80
44302498,61
44285529,83
44301078,61
44279842,82
44301075,61
44269901,82
44288368,85
44204592,6
44294049,61
44277080,82
44298662,61
44287629,84
44265978,82
44301577,61
44251939,81
44268712,82
44280128,82
44304456,61
44295984,61
44297239,61
44304519,61
44302853,61
44301747,61
44298852,61
44305763,61
44268936,82
44296314,61
44277408,82
44301877,61
44297294,61
44304794,61
44303025,61
44228501,73
44296498,61
44260705,80
44297439,61
44293596,61
44276670,82
44303192,61
44294776,61
44286219,83
44246966,76
44235319,74
44299450,61
44289148,61
44297810,61
44263831,82
44302228,61
44279605,82
44273885,82
44299583,61
44302295,61
44303579,61
44296637,61
44235333,74
44258448,80
44305163,61
44303578,61
44251592,79
44192723,6
44291106,61
44299622,61
44251504,79
44302544,61
44282748,83
44272784,82
44251585,79
44288295,85
44289935,61
44291199,61
44299822,61
44231988,74
44297002,61
44263127,82
44250545,79
44293099,61
44281894,82
44294321,61
44169841,6
44274548,82
44298853,61
44304460,61
44288713,61
44297240,61
44297246,61
44199715,6
44300053,61
44250361,79
44281680,82
44302898,61
44305765,61
44305741,61
44288735,61
44304885,61
44297331,61
44297330,61
44307566,61
44271783,82
44304721,61
44300150,61
44296292,61
44290597,61
44220847,70
44280294,82
44185744,6
44240882,75
44296456,61
44303272,61
44283568,83
44302293,61
44279606,82
44299448,61
44276961,82
44243067,76
44281069,82
44212948,6
44295066,61
44300908,61
44295387,61
44251503,79
44253427,80
44289914,61
44306832,61
44302622,61
44288549,85
44304265,61
44290063,61
44290142,61
44298620,61
44253489,80
44290190,61
44307240,61
44308449,61
44284675,83
44307369,61
44305642,61
44301651,61
44295985,61
44277415,82
44301878,61
44271688,82
44302899,61
44302883,61
44270701,82
44296313,61
44282075,82
44192414,6
44291654,61
44304796,61
44253837,80
44304825,61
44214287,6
44225666,72
44242750,76
44279439,82
44276677,82
44302110,61
44268098,82
44249501,78
44287900,85
44287948,85
44300437,61
44296494,61
44286340,83
44248523,78
44274980,82
44307833,61
44257967,80
44307836,61
44218539,70
44242970,76
44278051,82
44297812,61
44300752,61
44262745,80
44275149,82
44262728,80
44295255,61
44300910,61
44274244,82
44284144,83
44303987,61
44290045,61
44286927,83
44227784,72
44265798,82
44275548,82
44304109,61
44284446,83
44306989,61
44309911,86
44243471,76
44274369,82
44308312,61
44301578,61
44307241,61
44304461,61
44284679,83
44298595,61
44304264,61
44301579,61
44276014,82
44270346,82
44308387,61
44301616,61
44291481,61
44304432,61
44308463,61
44302854,61
44271580,82
44297237,61
44260213,80
44297238,61
44305645,61
44249143,78
44281930,82
44302830,61
44296191,61
44297245,61
44296294,61
44294478,61
44300149,61
44296217,61
44299120,61
44310427,87
44305864,61
44212392,6
44200983,6
44274711,82
44287946,85
44303191,61
44296412,61
44310551,58
44290789,61
44307834,61
44224594,72
44303254,61
44272214,82
44238057,74
44212731,6
44279611,82
44186401,6
44292061,61
44283731,83
44283567,83
44296608,61
44302255,61
44303622,61
44269651,82
44259872,80
44306516,61
44246758,76
44305233,61
44309291,86
44247376,76
44268528,82
44268406,82
44305353,61
44276954,82
44309429,86
44279794,82
44298163,61
44308160,61
44272668,82
44296925,61
44189029,6
44270095,82
44298345,61
44299817,61
44302620,61
44287069,83
44250221,79
44294161,61
44233189,74
44299795,61
44298538,61
44267494,82
44311208,58
44208243,6
44208271,6
44311275,58
44240545,75
44270668,82
44310022,86
44311242,58
44305585,61
44308531,61
44311369,58
44273400,82
44251952,81
44308529,61
44290566,61
44311348,58
44240594,75
44296391,61
44274710,82
44280370,82
44310552,58
44310549,58
44269071,82
44302164,61
44272041,82
44246965,76
44311592,58
44303214,61
44297647,61
44272003,82
44293642,61
44292120,61
44297646,61
44285302,83
44294926,61
44245795,76
44299571,61
44259793,80
44189128,6
44299506,61
44289624,61
44296721,61
44289522,61
44288288,85
44293876,61
44300909,61
44297840,61
44236036,74
44268405,82
44312286,58
44248676,78
44308112,61
44278267,82
44255793,80
44139840,65
44289770,61
44306831,61
44295533,61
44311014,58
44299588,61
44311107,58
44302621,61
44299816,61
44299766,61
44305516,61
44305517,61
44279832,82
44285682,83
44312871,58
44270349,82
44293171,61
44290244,61
44273453,82
44252940,80
44293145,61
44239337,74
44301746,61
44308434,61
44311330,58
44304459,61
44281933,82
44305643,61
44311349,58
44310167,86
44304585,61
44281855,82
44214118,6
44277332,82
44304722,61
44308630,61
44270703,82
44294476,61
44310426,87
44304823,61
44112375,64
44300212,61
44232448,74
44260862,80
44302079,61
44310550,58
44310575,58
44287959,85
44311873,58
44294925,61
44307787,61
44257051,80
44246800,76
44275106,82
44230015,74
44306248,61
44313608,58
44299449,61
44279706,82
44248414,78
44299570,61
44293821,61
44313683,58
44296740,61
44299539,61
44291105,61
44302387,61
44254572,80
44282620,83
44310965,58
44306658,61
44287055,83
44299765,61
44271502,82
44280016,82
44278540,82
44312548,58
44312621,58
44295921,61
44291340,61
44312746,58
44309910,86
44254791,80
44278701,82
44301652,61
44278702,82
44308450,61
44311274,58
44314129,58
44311312,58
44302855,61
44283102,83
44311351,58
44311315,58
44283077,83
44235067,74
44304584,61
44314238,58
44264863,82
44311451,58
44294437,61
44304866,61
44314303,58
44310324,87
44308629,61
44189700,6
44313370,58
44248406,78
44311593,58
44271982,82
44290788,61
44249447,78
44313528,58
44280495,82
44299276,61
44288980,61
44229587,74
44270957,82
44306125,61
44306265,61
44300379,61
44229944,74
44274014,82
44259873,80
44293832,61
44294944,61
44289419,61
44295031,61
44306515,61
44309290,86
44307948,61
44271306,82
44214665,6
44308182,61
44293947,61
44258736,80
44313849,58
44312500,58
44296930,61
44312502,58
44311015,58
44312619,58
44311065,58
44312501,58
44312549,58
44267203,82
44311157,58
44312747,58
44308433,61
44310189,86
44290437,61
44311388,58
44299175,61
44311452,58
44311450,58
44316041,88
44299095,61
44280179,82
44304894,61
44287960,85
44150521,68
44256889,80
44303411,61
44307786,61
44314691,88
44307922,61
44248524,78
44293728,61
44306143,61
44280667,82
44302352,61
44231745,74
44283516,83
44302296,61
44294943,61
44315000,88
44313684,58
44299489,61
44268404,82
44277828,82
44193403,6
44255729,80
44298020,61
44273926,82
44313742,58
44096242,64
44313741,58
44316614,88
44308113,61
44286963,83
44316736,88
44299787,61
44301202,61
44249011,78
44315707,88
44271325,82
44297114,61
44293100,61
44314195,58
44311273,58
44308404,61
44270225,82
44296120,61
44311389,58
44304558,61
44278871,82
44311374,58
44304559,61
44314239,58
44310378,87
44316039,88
44316040,88
44308594,61
44203898,6
44303213,61
44316285,88
44234609,74
44317330,88
44317370,88
44212987,6
44314722,88
44269360,82
44313489,58
44316336,88
44293729,61
44276668,82
44311931,58
44302254,61
44272368,82
44306379,61
44295254,61
44307995,61
44306824,61
44313756,58
44302485,61
44306647,61
44286983,83
44306715,61
44316655,88
44302545,61
44312388,58
44316737,88
44312499,58
44313946,58
44236231,74
44275671,82
44253428,80
44238758,74
44284411,83
44294247,61
44302756,61
44316875,88
44311207,58
44173920,6
44257223,80
44309990,86
44284620,83
44294323,61
44230838,74
44260284,80
44252010,81
44318761,88
44315923,88
44318794,88
44310369,87
44310376,87
44283079,83
44259549,80
44304869,61
44277409,82
44305861,61
44316230,88
44270910,82
44258138,80
44249550,78
44293641,61
44240983,75
44299432,61
44317561,88
44313529,58
44297831,61
44279728,82
44314755,88
44316462,88
44316464,88
44309258,86
44263959,82
44281170,82
44243143,76
44289462,61
44313810,58
44317837,88
44317836,88
44285528,83
44317948,88
44299589,61
44282661,83
44303988,61
44294076,61
44319493,88
44179434,6
44295920,61
44284222,83
44176790,6
44292818,61
44312542,58
44318430,88
44291400,61
44267296,82
44305691,61
44267371,82
44319677,88
44275975,82
44318564,88
44314120,58
44319722,88
44290659,61
44314196,58
44311390,58
44310187,86
44301770,61
44217059,69
44293422,61
44319889,88
44317082,88
44311367,58
44297344,61
44279086,82
44281679,82
44290395,61
44310365,87
44307564,61
44294492,61
44296300,61
44307565,61
44318966,88
44194172,6
44204026,6
44287891,85
44280371,82
44296410,61
44319977,88
44316284,88
44310543,58
44302173,61
44310577,58
44316286,88
44313527,58
44259858,80
44307904,61
44294774,61
44275016,82
44310671,58
44314690,88
44307923,61
44307890,61
44282473,82
44307889,61
44291108,61
44320501,88
44266943,82
44309304,86
44310833,58
44317767,88
44266858,82
44313850,58
44306648,61
44319445,88
44312618,58
44294160,61
44321088,88
44285607,83
44313993,58
44319676,88
44268789,82
44279085,82
44319655,88
44310101,86
44319723,88
44304454,61
44284564,83
44256513,80
44311243,58
44290513,61
44284551,83
44321532,88
44280255,82
44284619,83
44319789,88
44307188,61
44313105,58
44308639,61
44319916,88
44318793,88
44246384,76
44305764,61
44252087,81
44304867,61
44319926,88
44300131,61
44319918,88
44254817,80
44302078,61
44306024,61
44303413,61
44314668,88
44310670,58
44311930,58
44221466,71
44313544,58
44306247,61
44309191,86
44317688,88
44289418,61
44309190,86
44320502,88
44278019,82
44276956,82
44282623,83
44284221,83
44316652,88
44316596,88
44315350,88
44320850,88
44263968,82
44298346,61
44287056,83
44268638,82
44299781,61
44299782,61
44280103,82
44264404,82
44292870,61
44318429,88
44243144,76
44314017,58
44301615,61
44285681,83
44318566,88
44318565,88
44318505,88
44315924,88
44252013,81
44314194,58
44301768,61
44311449,58
44180095,6
44249142,78
44281931,82
44321686,88
44266062,82
44310190,86
44314304,58
44310363,87
44225478,72
44294502,61
44310362,87
44222786,72
44317083,88
44280295,82
44303023,61
44134976,65
44205980,6
44321841,88
44321843,88
44297438,61
44310576,58
44316232,88
44313491,58
44246778,76
44279613,82
44290870,61
44271110,82
44316375,88
44265529,82
44314689,88
44307921,61
44319184,88
44289134,61
44265528,82
44275166,82
44314823,88
44295032,61
44319278,88
44323373,88
44291107,61
44305231,61
44320711,88
43896933,52
44308183,61
44258734,80
44320852,88
44282621,83
44301091,61
44299643,61
44319500,88
44299794,61
44074768,62
44296926,61
44281405,82
44323922,88
44195050,6
44319656,88
44304108,61
44321179,88
44319730,88
44229254,73
44315709,88
44322513,88
44310191,86
44297078,61
44322544,88
44305644,61
44321530,88
44311314,58
44319822,88
44307368,61
44322729,88
44322730,88
44311448,58
44311453,58
44308595,61
44322727,88
44321844,88
44265259,82
44321902,88
44324820,88
44313490,58
44293595,61
44277829,82
44323123,88
44321999,88
44305095,61
44322090,88
44320522,88
44322089,88
44278016,82
44314860,88
44263953,82
44275186,82
44323497,88
44305300,61
44317768,88
44323496,88
44003780,59
44323573,88
44316613,88
44294021,61
44292554,61
44302543,61
44299791,61
44288367,85
44248687,78
44308167,61
44260159,80
44286644,83
44302755,61
44282789,83
44309594,86
44321037,88
44322390,88
44278365,82
44323921,88
44301081,61
44314011,58
44281511,82
44302665,61
44288465,85
44281474,82
44313992,58
44290021,61
44311156,58
44301653,61
44312884,58
44314130,58
44322514,88
44318507,88
44304455,61
44281932,82
44310168,86
44296119,61
44288745,61
44321661,88
44318792,88
44321629,88
44311332,58
44279064,82
44324502,88
44321557,88
44225664,72
44311368,58
44296089,61
44311447,58
44319888,88
44298807,61
44293452,61
44308638,61
44322762,88
44294490,61
44322747,88
44199527,6
44218102,69
44245547,76
44188919,6
44257936,80
44290871,61
44317372,88
44317371,88
44265713,82
44317470,88
44324849,88
44313665,58
44317689,88
44259857,80
44289460,61
44251382,79
44319247,88
44324973,88
44312080,58
44319246,88
44323450,88
44300754,61
44261510,80
44306529,61
44313912,58
44223150,72
44298249,61
44278654,82
44309846,86
44280010,82
44298197,61
44322372,88
44318086,88
44309523,86
44296904,61
44321036,88
44295657,61
44312620,58
44292930,61
44304267,61
44293112,61
44274150,82
44287446,84
44257249,80
44322541,88
44315606,88
44287363,84
44298697,61
44315708,88
44308451,61
44315839,88
44327069,88
44309988,86
44324403,88
44311350,58
44301694,61
44325481,88
44322622,88
44313106,58
44314240,58
44253835,80
44297293,61
44325543,88
44324579,88
44291680,61
44304797,61
44304824,61
44327485,88
44222788,72
44195550,6
44239856,75
44313394,58
44319976,88
44321901,88
44316283,88
44303190,61
44254127,80
44313477,58
44274844,82
44206763,6
44246779,76
44322003,88
44256887,80
44316463,88
44241339,75
44307903,61
44312006,58
44269604,82
44313671,58
44289411,61
44323371,88
44323190,88
44312081,58
44292210,61
44323370,88
44315114,88
44314999,88
44281070,82
44295246,61
44315149,88
44269879,82
44302528,61
44308162,61
44219434,70
44268429,82
44326617,88
44323574,88
44315487,88
44265827,82
44305298,61
44276920,82
44290144,61
44328035,88
44292932,61
44282861,83
44325289,88
44282860,83
44328132,88
44206443,6
44328215,88
44250788,79
44325399,88
44287451,84
44328293,88
44312883,58
44249010,78
44321558,88
44226378,72
44325482,88
44310188,86
44327233,88
44324503,88
44314237,58
44319823,88
44169843,6
44324578,88
44300143,61
44318965,88
44328412,88
44300211,61
44305860,61
44220871,70
44321839,88
44263405,82
44263406,82
44303049,61
44319975,88
44311539,58
44316231,88
44270911,82
44327535,88
44300448,61
44303253,61
44260804,80
44297436,61
44286645,83
44328680,88
44297639,61
44324850,88
44319190,88
44249551,78
44327750,88
44312007,58
44323180,88
44316435,88
44320577,88
44328916,88
44271185,82
44328970,88
44255778,80
44312285,58
44235554,74
44306649,61
44271305,82
44258519,80
44325163,88
44313902,58
44328074,88
44284292,83
44298661,61
44322469,88
44321178,88
44203558,6
44313936,58
44308405,61
44318506,88
44328131,88
44304266,61
44319729,88
44264432,82
44253503,80
44325400,88
44327042,88
44293172,61
44328340,88
44290614,61
44327234,88
44302897,61
44322726,88
44327412,88
44328413,88
44324580,88
44305863,61
44304886,61
44234158,74
44305862,61
44330369,88
44330368,88
44283332,83
44324702,88
44263417,82
44330409,88
44307835,61
44327534,88
44290888,61
44305019,61
44299299,61
44228584,73
44203995,6
44324836,88
44323269,88
44282474,82
44327751,88
44322025,88
44273925,82
44323451,88
44262744,80
44329122,88
44305232,61
44280989,82
44313731,58
44302486,61
44251593,79
44303691,61
44312284,58
44319410,88
44323712,88
44329224,88
44319492,88
44287053,83
44316615,88
44323711,88
44329482,88
44273219,82
44299796,61
44311159,58
44234962,74
44326667,88
44305690,61
44298619,61
44267588,82
44331022,88
44331023,88
44275998,82
44329951,88
44327043,88
44327066,88
44325483,88
44300055,61
44302896,61
44328343,88
44321559,88
44297179,61
44264973,82
44305740,61
44321662,88
44319917,88
44274608,82
44325520,88
44324453,88
44290613,61
44331205,88
44328439,88
44325544,88
44324652,88
44296342,61
44271796,82
44303024,61
44310364,87
44219980,70
44331297,88
44296299,61
44264972,82
44291791,61
44243665,76
44330428,88
44328549,88
44306266,61
44324819,88
44237058,74
44294675,61
44184324,6
44302222,61
44322023,88
44241277,75
44330529,88
44245511,76
44311880,58
44198730,6
44316416,88
44322088,88
44309259,86
44317838,88
44305177,61
44285392,83
44319604,88
44326619,88
44253036,80
44215079,69
44315412,88
44295688,61
44314012,58
44297079,61
44268661,82
44278629,82
44326906,88
44304374,61
44246255,76
44270617,82
44331152,88
44324133,88
44319731,88
44321531,88
44331185,88
44304462,61
44314018,58
44324549,88
44331206,88
44322749,88
44331207,88
44277320,82
44327321,88
44328341,88
44315926,88
44328349,88
44224795,72
44319925,88
44283197,83
44294491,61
44327486,88
44266208,82
44287899,85
44311540,58
44311594,58
44317329,88
44296453,61
44333334,89
44314723,88
44293752,61
44324835,88
44260706,80
44323124,88
44288161,85
44309189,86
44296657,61
44258140,80
44310832,58
44328969,88
44295150,61
44331952,88
44326250,88
44332234,88
44329319,88
44329222,88
44285467,83
44298344,61
44302664,61
44288524,85
44326737,88
44306777,61
44315605,88
44330940,88
44139620,65
44322552,88
44329808,88
44326907,88
44325332,88
44332628,88
44209324,6
44324404,88
44293110,61
44325546,88
44315925,88
44330121,88
44318791,88
44330021,88
44331187,88
44314193,58
44332895,88
44332965,88
44332976,88
44330120,88
44330231,88
44304795,61
44236631,74
44328342,88
44299244,61
44279084,82
44330232,88
44333179,89
44333147,89
44308637,61
44225479,72
44255108,80
44333217,89
44333220,89
44311541,58
44331500,88
44331502,88
44316229,88
44282402,82
44296500,61
44314822,88
44297544,61
44306124,61
44291016,61
44283730,83
44185456,6
44328968,88
44306380,61
44334816,89
44317869,88
44313666,58
44335079,89
44330785,88
44274183,82
44312652,58
44296717,61
44327973,88
44305354,61
44332324,88
44327984,88
44326692,88
44319446,88
44328050,88
44319499,88
44301419,61
44308464,61
44331025,88
44314122,58
44314123,58
44316977,88
44321668,88
44293173,61
44327235,88
44314121,58
44332905,88
44327156,88
44327291,88
44328294,88
44299790,61
44308554,61
44322623,88
44300130,61
44332930,88
44331186,88
44304520,61
44324547,88
44327323,88
44332906,88
44310377,87
44314293,58
44331300,88
44304868,61
44322748,88
44330379,88
44330371,88
44333303,89
44217229,69
44297638,61
44334482,89
44279576,82
44331740,88
44313670,58
44319326,88
44305176,61
44317766,88
44327771,88
44236067,74
44332048,88
44329112,88
44322153,88
44267209,82
44271320,82
44333677,89
44301077,61
44308161,61
44326355,88
44322371,88
44326618,88
44294162,61
44333756,89
44328051,88
44191963,6
44330950,88
44333816,89
44336637,89
44314100,58
44331080,88
44331151,88
44327041,88
44282074,82
44335869,89
44335619,89
44256776,80
44317084,88
44336807,89
44336852,89
44310323,87
44331150,88
44327173,88
44321585,88
44294363,61
44278870,82
44335783,89
44335913,89
44333132,89
44257646,80
44333149,89
44235005,74
44286040,83
44287890,85
44330348,88
44285131,83
44297545,61
44260803,80
44283426,83
44330427,88
44320218,88
44313543,58
44324818,88
44334483,89
44311878,58
44191964,6
44323270,88
44334736,89
44331953,88
44280749,82
44310834,58
44307994,61
44334738,89
44316643,88
44330722,88
44251476,79
44293751,61
44271321,82
44317782,88
44330783,88
44278239,82
44281043,82
44274070,82
44308159,61
44316653,88
44306659,61
44278499,82
44296927,61
44298248,61
44294289,61
44240480,75
44333755,89
44315413,88
44323826,88
44294046,61
44333803,89
44308311,61
44304433,61
44325290,88
44336638,89
44310102,86
44332693,88
44287448,84
44327154,88
44332692,88
44336789,89
44295992,61
44311286,58
44338446,89
44298596,61
44336861,89
44336872,89
44331245,88
44338495,89
44321628,88
44310325,87
44329971,88
44335868,89
44334092,89
44294333,61
44332894,88
44334052,89
44322760,88
44334091,89
44333177,89
44319890,88
44299174,61
44212410,6
44183250,6
44331607,88
44289122,61
44336143,89
44300570,61
44302165,61
44331390,88
44334379,89
44274834,82
44259976,80
44282414,82
44328919,88
44334582,89
44326117,88
44302294,61
44263960,82
44302353,61
44329111,88
44302529,61
44218620,70
44305299,61
44339208,89
44322241,88
44255808,80
44325127,88
44320853,88
44306714,61
44302571,61
44326810,88
44313654,58
44326779,88
44313947,58
44326680,88
44299786,61
44289916,61
44332436,88
44333873,89
44311158,58
44333872,89
44301753,61
44315710,88
44318757,88
44249177,78
44339602,89
44319799,88
44332811,88
44288392,85
44332810,88
44336858,89
44333009,88
44334053,89
44325519,88
44301979,61
44308528,61
44327236,88
44322761,88
44335914,89
44336874,89
44339774,89
44231042,74
44304893,61
44172609,6
44330347,88
44278052,82
44334288,89
44311595,58
44320088,88
44307788,61
44279429,82
44310544,58
44325855,88
44328716,88
44307891,61
44339980,89
44339979,89
44331579,88
44328920,88
44323189,88
44314859,88
44329039,88
44289049,61
44334585,89
44306269,61
44289628,61
44280597,82
44258594,80
44324971,88
44288062,85
44332209,88
44315113,88
44333678,89
44325072,88
44337823,89
44266568,82
44314881,88
44284291,83
44336473,89
44241570,75
44185098,6
44325076,88
44267495,82
44332434,88
44328164,88
44328161,88
44316874,88
44245483,76
44339499,89
44331003,88
44341157,89
44339546,89
44314098,58
44290512,61
44331002,88
44338445,89
44339548,89
44310021,86
44333986,89
44283078,83
44336750,89
44304522,61
44332896,88
44332907,88
44336871,89
44324210,88
44330119,88
44330122,88
44335870,89
44288776,61
44341480,89
44336860,89
44335781,89
44332904,88
44324454,88
44239286,74
44318762,88
44250789,79
44328437,88
44330410,88
44320087,88
44330378,88
44260861,80
44339910,89
44337279,89
44334376,89
44293597,61
44305094,61
44296492,61
44257201,80
44336144,89
44314754,88
44336145,89
44319191,88
44337407,89
44340228,89
44339040,89
44317515,88
44337497,89
44324879,88
44331946,88
44299505,61
44303692,61
44279793,82
44281042,82
44313811,58
44335080,89
44303771,61
44322240,88
44302527,61
44326418,88
44327972,88
44326551,88
44340993,89
44292816,61
44341106,89
44311276,58
44287067,83
44325401,88
44311244,58
44254710,80
44308530,61
44341181,89
44292931,61
44307218,61
44315842,88
44325404,88
44335644,89
44315841,88
44322555,88
44274212,82
44271731,82
44342531,89
44339763,89
44332932,88
44335915,89
44327322,88
44333008,88
44319649,88
44334090,89
44341535,89
44217213,69
44206798,6
44339909,89
44257777,80
44330411,88
44341763,89
44334378,89
44297650,61
44323045,88
44267258,82
44307949,61
44319192,88
44340227,89
44317469,88
44322004,88
44341909,89
44289461,61
44334562,89
44331947,88
44326118,88
44278040,82
44292211,61
44290887,61
44329121,88
44300755,61
44313759,58
44299540,61
44317769,88
44276974,82
44320503,88
44319444,88
44295149,61
44298196,61
44319573,88
44240207,75
44329221,88
44310966,58
44291284,61
44320578,88
44325240,88
44295658,61
44265799,82
44318147,88
44324132,88
44290193,61
44312885,58
44329974,88
44339644,89
44333987,89
44344045,89
44341358,89
44271469,82
44344146,89
44342392,89
44342393,89
44322624,88
44281856,82
44285844,83
44331204,88
44335784,89
44342526,89
44319824,88
44333172,89
44333178,89
44322734,88
44265028,82
44275042,82
44336049,89
44325856,88
44342698,89
44283273,83
44274835,82
44286329,83
44254151,80
44341803,89
44337282,89
44283884,83
44263841,82
44313475,58
44306144,61
44339038,89
44323044,88
44240084,75
44342992,89
44245512,76
44339039,89
44334497,89
44317559,88
44292119,61
44331945,88
44241571,75
44302346,61
44344809,89
44333525,89
44323372,88
44344848,89
44337847,89
44342075,89
44323572,88
44336459,89
44332109,88
44313758,58
44271317,82
44337850,89
44331831,88
44263072,82
44340745,89
44342202,89
44311221,58
44326803,88
44260175,80
44330986,88
44333819,89
44328162,88
44339547,89
44322468,88
44341158,89
44342446,89
44336749,89
44345274,89
44339600,89
44335643,89
44344073,89
44327067,88
44333984,89
44311313,58
44345349,89
44338496,89
44263073,82
44336873,89
44345336,89
44338575,89
44334168,89
44327487,88
44321660,88
44342638,89
44342613,89
44237740,74
44302109,61
44334377,89
44338954,89
44317331,88
44333329,89
44339025,89
44344687,89
44341910,89
44294924,61
44334584,89
44306145,61
44339104,89
44311879,58
44314858,88
44319325,88
44317949,88
44333524,89
44344941,89
44342076,89
44346338,89
44312037,58
44310753,58
44344903,89
44329481,88
44320805,88
44320710,88
44340801,89
44340746,89
44339257,89
44305355,61
44326666,88
44337848,89
44340802,89
44323713,88
44338023,89
44326681,88
44346584,89
44324209,88
44339500,89
44281764,82
44281406,82
44338447,89
44332622,88
44344145,89
44328295,88
44344078,89
44329972,88
44346973,90
44347001,90
44346999,90
44347000,90
44339601,89
44344333,89
44310425,87
44322731,88
44331298,88
44330233,88
44324504,88
44334089,89
44327359,88
44345494,89
44330281,88
44314305,58
44325545,88
44345448,89
44339773,89
44316417,88
44333218,89
44293694,61
44147693,66
44333328,89
44337281,89
44297811,61
44302174,61
44322024,88
44282416,82
44316374,88
44341880,89
44342991,89
44344726,89
44340274,89
44346039,89
44328967,88
44327815,88
44344872,89
44298198,61
44339209,89
44343363,89
44344940,89
44332233,88
44344926,89
44336440,89
44332232,88
44344931,89
44347789,90
44312547,58
44312387,58
44266942,82
44340992,89
44301420,61
44337824,89
44326780,88
44329657,88
44331024,88
44341107,89
44330988,88
44308388,61
44347004,90
44301543,61
44314227,58
44347007,90
44344171,89
44348130,90
44333985,89
44342530,89
44328351,88
44345264,89
44341357,89
44321627,88
44341534,89
44335782,89
44344334,89
44348261,90
44251106,79
44332977,88
44342575,89
44324651,88
44331299,88
44307757,61
44297427,61
44285393,83
44341726,89
44310568,58
44333330,89
44342926,89
44345813,89
44254202,80
44320217,88
44173589,6
44339026,89
44347649,90
44299504,61
44324972,88
44323369,88
44337498,89
44348736,90
44343285,89
44325074,88
44344810,89
44332041,88
44305407,61
44348994,90
44325098,88
44349025,90
44320851,88
44347774,90
44275886,82
44340724,89
44325126,88
44329371,88
44282694,83
44328049,88
44296902,61
44234573,74
44095116,64
44333818,89
44349445,90
44332435,88
44321258,88
44343988,89
44341182,89
44325299,88
44231814,74
44344044,89
44346974,90
44348088,90
44304720,61
44345347,89
44336806,89
44330074,88
44321626,88
44344331,89
44339795,89
44333010,88
44348275,90
44348259,90
44348260,90
44300142,61
44294533,61
44328548,88
44237975,74
44341802,89
44297830,61
44257867,80
44333304,89
44350393,90
44345884,89
44342924,89
44283331,83
44320432,88
44347648,90
44254360,80
44340445,89
44348993,90
44344875,89
44339179,89
44350620,90
44269840,82
44347753,90
44349165,90
44305445,61
44350664,90
44336474,89
44344976,89
44349366,90
44332325,88
44303705,61
44349325,90
44349297,90
44323904,88
44342196,89
44339392,89
44326802,88
44343632,89
44349488,90
44294193,61
44330987,88
44294194,61
44340961,89
44345037,89
44348092,90
44253188,80
44290195,61
44307189,61
44294246,61
44344046,89
44338576,89
44344074,89
44327155,88
44336808,89
44310192,86
44308551,61
44347006,90
44345350,89
44349895,90
44351055,90
44341479,89
44336859,89
44329952,88
44342447,89
44351071,90
44347120,90
44351058,90
44294334,61
44342527,89
44347287,90
44333148,89
44345450,89
44339794,89
44339764,89
44324548,88
44350151,90
44348308,90
44348307,90
44269022,82
44331499,88
44331580,88
44242740,76
44285253,83
44265453,82
44338955,89
44341801,89
44334496,89
44321998,88
44347569,90
44336270,89
44275385,82
44350395,90
44331841,88
44333467,89
44345993,89
44350467,90
44324915,88
44344860,89
44294045,61
44299644,61
44336441,89
44347752,90
44298021,61
44344847,89
44344939,89
44349324,90
44332211,88
44339377,89
44350725,90
44288509,85
44336679,89
44312541,58
44299047,61
44312882,58
44352478,90
44331078,88
44336787,89
44351017,90
44352630,90
44301769,61
44348128,90
44352629,90
44341336,89
44287364,84
44336851,89
44348245,90
44351072,90
44351073,90
44348258,90
44299122,61
44342532,89
44348277,90
44345447,89
44351097,90
44322735,88
44333170,89
44334166,89
44334165,89
44350148,90
44204134,6
44324704,88
44336048,89
44293617,61
44351311,90
44328547,88
44341724,89
44323179,88
44316410,88
44293569,61
44347449,90
44351451,90
44300569,61
44283569,83
44339024,89
44300673,61
44328901,88
44339007,89
44351668,90
44351665,90
44340276,89
44327749,88
44313757,58
44345992,89
44320523,88
44339128,89
44327816,88
44329120,88
44269907,82
44301106,61
44332110,88
44316597,88
44331954,88
44313753,58
44331832,88
44347842,90
44319409,88
44326738,88
44346302,89
44350652,90
44048306,60
44347843,90
44318087,88
44332210,88
44336516,89
44311048,58
44315488,88
44349489,90
44349444,90
44339407,89
44352271,90
44330973,88
44352320,90
44321091,88
44272954,82
44327082,88
44338444,89
44342501,89
44338448,89
44321577,88
44348131,90
44344144,89
44349894,90
44353783,90
44334054,89
44353867,90
44349897,90
44347289,90
44248151,78
44333180,89
44352972,90
44341533,89
44277421,82
44331392,88
44344535,89
44353146,90
44348510,90
44345575,89
44283503,83
44288017,85
44351426,90
44350338,90
44350394,90
44347563,90
44261026,80
44263832,82
44316447,88
44244113,76
44279650,82
44274220,82
44343286,89
44296602,61
44344871,89
44353428,90
44344874,89
44335151,89
44285422,83
44339261,89
44349026,90
44344924,89
44344932,89
44353511,90
44339178,89
44342178,89
44338025,89
44350651,90
44301090,61
44329372,88
44340845,89
44342179,89
44350835,90
44352479,90
44336640,89
44339545,89
44352552,90
44325333,88
44350834,90
44345348,89
44321584,88
44355449,90
44330072,88
44336850,89
44335909,89
44322728,88
44344332,89
44353911,90
44348271,90
44348296,90
44348328,90
44341682,89
44353029,90
44344405,89
44353027,90
44304922,61
44294532,61
44334287,89
44330606,88
44337311,89
44348679,90
44331617,88
44282415,82
44311929,58
44276932,82
44330530,88
44350339,90
44331842,88
44327715,88
44345854,89
44331738,88
44255377,80
44334671,89
44347647,90
44334739,89
44339103,89
44298161,61
44354628,90
44343283,89
44309428,86
44309305,86
44325073,88
44343362,89
44354779,90
44351956,90
44339319,89
44294022,61
44326494,88
44350665,90
44328075,88
44355011,90
44329655,88
44355088,90
44349569,90
44292869,61
44349712,90
44348008,90
44312653,58
44345213,89
44352480,90
44341183,89
44353733,90
44353735,90
44356577,91
44344172,89
44321257,88
44338590,89
44314099,58
44327292,88
44351016,90
44307219,61
44355553,90
44274609,82
44333011,88
44350114,90
44347286,90
44230799,74
44319915,88
44356747,91
44355759,90
44348269,90
44353972,90
44350150,90
44308555,61
44283196,83
44280254,82
44321842,88
44330350,88
44345541,89
44333309,89
44357098,91
44350373,90
44348678,90
44313530,58
44356123,91
44309431,86
44340499,89
44344862,89
44354739,90
44343299,89
44353413,90
44251936,81
44344999,89
44345000,89
44345135,89
44320804,88
44326538,88
44354976,90
44343633,89
44354987,90
44325257,88
44352272,90
44330800,88
44329320,88
44335387,89
44352270,90
44350832,90
44356482,91
44322554,88
44331102,88
44339468,89
44331079,88
44294362,61
44332629,88
44349896,90
44350922,90
44341359,89
44336788,89
44273189,82
44353736,90
44348129,90
44338772,89
44350029,90
44356749,91
44314291,58
44239336,74
44327324,88
44356748,91
44356746,91
44358547,91
44283164,83
44228282,72
44296411,61
44303271,61
44259728,80
44324770,88
44319155,88
44358712,91
44345822,89
44167314,6
44350300,90
44324880,88
44354334,90
44354333,90
44350465,90
44300382,61
44357357,91
44356077,91
44354629,90
44332047,88
44295199,61
44326249,88
44346337,89
44356274,91
44335078,89
44349296,90
44308126,61
44296903,61
44332623,88
44339321,89
44339393,89
44294050,61
44301107,61
44358130,91
44308389,61
44253187,80
44345211,89
44325256,88
44342365,89
44352628,90
44349711,90
44309847,86
44331077,88
44311287,58
44345341,89
44325484,88
44356578,91
44356662,91
44359451,91
44353784,90
44318758,88
44347005,90
44359546,91
44350030,90
44328414,88
44336918,89
44304822,61
44322534,88
44269023,82
44356706,91
44356703,91
44332897,88
44351098,90
44331184,88
44358687,91
44353971,90
44321840,88
44131920,65
44286039,83
44245546,76
44330380,88
44357053,91
44299488,61
44357052,91
44353125,90
44344728,89
44353162,90
44347562,90
44322000,88
44348713,90
44341922,89
44354529,90
44334673,89
44326115,88
44244156,76
44337629,89
44344785,89
44300753,61
44351831,90
44309430,86
44329483,88
44357515,91
44354707,90
44357669,91
44357701,91
44357700,91
44316642,88
44360541,91
44322370,88
44354903,90
44356350,91
44350724,90
44321317,88
44325334,88
44225085,72
44358132,91
44311236,58
44349713,90
44324444,88
44352640,90
44355460,90
44355459,90
44356497,91
44345277,89
44356656,91
44355482,90
44358424,91
44359545,91
44290565,61
44335856,89
44334055,89
44358486,91
44341478,89
44359449,91
44356705,91
44353869,90
44353959,90
44339796,89
44336920,89
44347123,90
44355758,90
44361352,91
44333171,89
44359642,91
44268099,82
44353148,90
44345542,89
44345667,89
44338952,89
44357139,91
44329040,88
44251174,79
44334672,89
44307905,61
44302351,61
44340275,89
44282404,82
44360172,91
44361821,91
44353429,90
44354586,90
44234610,74
44354706,90
44306716,61
44263954,82
44313809,58
44342181,89
44312127,58
44361962,91
44282695,83
44356365,91
44352196,90
44362015,91
44345007,89
44349443,90
44350621,90
44346585,89
44359209,91
44359287,91
44334563,89
44349475,90
44323827,88
44333912,89
44362149,91
44356498,91
44360886,91
44361140,91
44331019,88
44324455,88
44282662,83
44342449,89
44349824,90
44351057,90
44351074,90
44358574,91
44348276,90
44353940,90
44282168,82
44359583,91
44299245,61
44348270,90
44232228,74
44270937,82
44359643,91
44336047,89
44345647,89
44341923,89
44341762,89
44327614,88
44353189,90
44328848,88
44341879,89
44353191,90
44323046,88
44323181,88
44341933,89
44345812,89
44323182,88
44327770,88
44348689,90
44356120,91
44161720,6
44354528,90
44347762,90
44318150,88
44324970,88
44363138,91
44361906,91
44347729,90
44269562,82
44313732,58
44356366,91
44326616,88
44356351,91
44314137,58
44359210,91
44350833,90
44328216,88
44326720,88
44362147,91
44284565,83
44301752,61
44339635,89
44362314,91
44265029,82
44350962,90
44342529,89
44332931,88
44348089,90
44280178,82
44358548,91
44364142,91
44362419,91
44361437,91
44359581,91
44364143,91
44358575,91
44335858,89
44358456,91
44358684,91
44260498,80
44354001,90
44327533,88
44238159,74
44249585,78
44333305,89
44344688,89
44358870,91
44274890,82
44361642,91
44293822,61
44221237,71
44348714,90
44314667,88
44361643,91
44359957,91
44292060,61
44285303,83
44339034,89
44357252,91
44357251,91
44339129,89
44357366,91
44346040,89
44364690,91
44334586,89
44319574,88
44360371,91
44357364,91
44354682,90
44361905,91
44285466,83
44344975,89
44359176,91
44298660,61
44241338,75
44340837,89
44342117,89
44355087,90
44326811,88
44339421,89
44357933,91
44333820,89
44291536,61
44315434,88
44361088,91
44288529,85
44356579,91
44361089,91
44328163,88
44311331,58
44311329,58
44348087,90
44329787,88
44361141,91
44363931,91
44355556,90
44347121,90
44350019,90
44345342,89
44335855,89
44362324,91
44342528,89
44356655,91
44330073,88
44364164,91
44341681,89
44321685,88
44345449,89
44352974,90
44358546,91
44353028,90
44333221,89
44328681,88
44365514,91
44334583,89
44320524,88
44354416,90
44347467,90
44296499,61
44364556,91
44364524,91
44354366,90
44348735,90
44358873,91
44357373,91
44344617,89
44263842,82
44362998,91
44326356,88
44362958,91
44364692,91
44362997,91
44332042,88
44359076,91
44303770,61
44329223,88
44344904,89
44366110,91
44363255,91
44353512,90
44311335,58
44352029,90
44316598,88
44311053,58
44305446,61
44357607,91
44339643,89
44350838,90
44357871,91
44323767,88
44359220,91
44357872,91
44311047,58
44366405,91
44343982,89
44244860,76
44298621,61
44346972,90
44363930,91
44355480,90
44358322,91
44361090,91
44362400,91
44321576,88
44338591,89
44355479,90
44366860,91
44358323,91
44348295,90
44353941,90
44355554,90
44335857,89
44348278,90
44313089,58
44358484,91
44365239,91
44336815,89
44358685,91
44364373,91
44327536,88
44359708,91
44169544,6
44334289,89
44350261,90
44285252,83
44350374,90
44327714,88
44340229,89
44288162,85
44339105,89
44357374,91
44361780,91
44344727,89
44362996,91
44354587,90
44354527,90
44350595,90
44363256,91
44344925,89
44364799,91
44354822,90
44354778,90
44337799,89
44309522,86
44364789,91
44361964,91
44323695,88
44326801,88
44359219,91
44329557,88
44366320,91
44359274,91
44339420,89
44271495,82
44345212,89
44360887,91
44290194,61
44308552,61
44356525,91
44358131,91
44366706,91
44366862,91
44358321,91
44355450,90
44277344,82
44362346,91
44365123,91
44362345,91
44347122,90
44366859,91
44316131,88
44347288,90
44330280,88
44353912,90
44352971,90
44358686,91
44053451,60
44220084,70
44338908,89
44342883,89
44245668,76
44330531,88
44365512,91
44368451,91
44358872,91
44350471,90
44292121,61
44314842,88
44134008,65
44367442,91
44359009,91
44333296,89
44364693,91
44357367,91
44367503,91
44340655,89
44357506,91
44369060,91
44369012,91
44339322,89
44369062,91
44330951,88
44312036,58
44362080,91
44278656,82
44322369,88
44359286,91
44367815,91
44304037,61
44342395,89
44352470,90
44358320,91
44363880,91
44367950,91
44365139,91
44355555,90
44367963,91
44319821,88
44365122,91
44358487,91
44367952,91
44311235,58
44362326,91
44367965,91
44364167,91
44341458,89
44362418,91
44368031,91
44365238,91
44369945,91
44369954,91
44355760,90
44322732,88
44300210,61
44261025,80
44368126,91
44341725,89
44310654,58
44293618,61
44353124,90
44341764,89
44289133,61
44344686,89
44347566,90
44361662,91
44330432,88
44251517,79
44328779,88
44370240,91
44300675,61
44357343,91
44364637,91
44354526,90
44360224,91
44300674,61
44367537,91
44334817,89
44315351,88
44368985,91
44357668,91
44342180,89
44349295,90
44369227,91
44349442,90
44333804,89
44370615,91
44290146,61
44341184,89
44311245,58
44367988,91
44356601,91
44362399,91
44336835,89
44366934,91
44344170,89
44356657,91
44351054,90
44351059,90
44356663,91
44361354,91
44321649,88
44361395,91
44352973,90
44351167,90
44369947,91
44271689,82
44282235,82
44143485,65
44342699,89
44195616,6
44328613,88
44321990,88
44348688,90
44347451,90
44283335,83
44237976,74
44362853,91
44365623,91
44357250,91
44337408,89
44356121,91
44347650,90
44344861,89
44360223,91
44371641,91
44350543,90
44340725,89
44356243,91
44367616,91
44346465,89
44369061,91
44360586,91
44364788,91
44323905,88
44329656,88
44270224,82
44370567,91
44341108,89
44356496,91
44367826,91
44344079,89
44271567,82
44369382,91
44329807,88
44331020,88
44365140,91
44370723,91
44370722,91
44351015,90
44305742,61
44367966,91
44366936,91
44364166,91
44372527,91
44372525,91
44372595,91
44348246,90
44356704,91
44365236,91
44367007,91
44368029,91
44293513,61
44358485,91
44314292,58
44369930,91
44308635,61
44322831,88
44322830,88
44359707,91
44320086,88
44303050,61
44303170,61
44362644,91
44365548,91
44251312,79
44314843,88
44371369,91
44365617,91
44367323,91
44319154,88
44368663,91
44345885,89
44361749,91
44367331,91
44331739,88
44365790,91
44365727,91
44357365,91
44370242,91
44317870,88
44361819,91
44354519,90
44274015,82
44351667,90
44364691,91
44371646,91
44306530,61
44360393,91
44340501,89
44367606,91
44357702,91
44169290,6
44340689,89
44325162,88
44279833,82
44360540,91
44337849,89
44369013,91
44364850,91
44345110,89
44369300,91
44355197,90
44332691,88
44295725,61
44343883,89
44322543,88
44330894,88
44285795,83
44356495,91
44344075,89
44356580,91
44362323,91
44322542,88
44366955,91
44372592,91
44362325,91
44366935,91
44342533,89
44367006,91
44364141,91
44365237,91
44364165,91
44334170,89
44364140,91
44372682,91
44371069,91
44336180,89
44310634,58
44357097,91
44361779,91
44357138,91
44368622,91
44354697,90
44345994,89
44347761,90
44262568,80
44371525,91
44333468,89
44350463,90
44354518,90
44320709,88
44298114,61
44330797,88
44354738,90
44350596,90
44350929,90
44368828,91
44349166,90
44346336,89
44360539,91
44367629,91
44311148,58
44331021,88
44345109,89
44343989,89
44369379,91
44370565,91
44359237,91
44353714,90
44369380,91
44362343,91
44367883,91
44370725,91
44372524,91
44365128,91
44327174,88
44257344,80
44372510,91
44372685,91
44361142,91
44372526,91
44342448,89
44324653,88
44350149,90
44358573,91
44361394,91
44327505,88
44310569,58
44371211,91
44350258,90
44359709,91
44306025,61
44310752,58
44218300,69
44328778,88
44344704,89
44351427,90
44347567,90
44365622,91
44367322,91
44319183,88
44347568,90
44328894,88
44368664,91
44365789,91
44353192,90
44316411,88
44354367,90
44300612,61
44357358,91
44362981,91
44367539,91
44334737,89
44364735,91
44346303,89
44343395,89
44371818,91
44340654,89
44367660,91
44342173,89
44254304,80
44356273,91
44272946,82
44362060,91
44302829,61
44349474,90
44340838,89
44372200,91
44372201,91
44367816,91
44362047,91
44364899,91
44345210,89
44342394,89
44369449,91
44372312,91
44367989,91
44319648,88
44370819,91
44372417,91
44332950,88
44372508,91
44369724,91
44366953,91
44351096,90
44350115,90
44368018,91
44361384,91
44369916,91
44342574,89
44318967,88
44310574,58
44303169,61
44345576,89
44313476,58
44330370,88
44333215,89
44364371,91
44351310,90
44368298,91
44362646,91
44342697,89
44246799,76
44350372,90
44350245,90
44359981,91
44361663,91
44364522,91
44362980,91
44328850,88
44343284,89
44344784,89
44368729,91
44324887,88
44343300,89
44367604,91
44346285,89
44367504,91
44353412,90
44336234,89
44368984,91
44346549,89
44354988,90
44243126,76
44333911,89
44336765,89
44264405,82
44367882,91
44295437,61
44358133,91
44363881,91
44365126,91
44369542,91
44356600,91
44359415,91
44369726,91
44348247,90
44370817,91
44370820,91
44372511,91
44362305,91
44353914,90
44368070,91
44362401,91
44364199,91
44355757,90
44304921,61
44237830,74
44333214,89
44328438,88
44333213,89
44270938,82
44304934,61
44362645,91
44296447,61
44331616,88
44345811,89
44370106,91
44364377,91
44320431,88
44317294,88
44314357,58
44317516,88
44289627,61
44368665,91
44364491,91
44311054,58
44341947,89
44324888,88
44357275,91
44336449,89
44346286,89
44344902,89
44367502,91
44326495,88
44349023,90
44340418,89
44367617,91
44330799,88
44263967,82
44356299,91
44323906,88
44344933,89
44330939,88
44359177,91
44351755,90
44369226,91
44321192,88
44355063,90
44363618,91
44352319,90
44350921,90
44342502,89
44370614,91
44333712,89
44329973,88
44363879,91
44316794,88
44324516,88
44325403,88
44309989,86
44370818,91
44350963,90
44362420,91
44315840,88
44200008,6
44283192,83
44353958,90
44314228,58
44369955,91
44251985,81
44317156,88
44181619,6
44331391,88
44365546,91
44342710,89
44368125,91
44267202,82
44305018,61
44317560,88
44351309,90
44273771,82
44307758,61
44370105,91
44359980,91
44348634,90
44260949,80
44368621,91
44356242,91
44328893,88
44311872,58
44357276,91
44351666,90
44357359,91
44359077,91
44362016,91
44357615,91
44343140,89
44367631,91
44328915,88
44317866,88
44360587,91
44329130,88
44291314,61
44359275,91
44349568,90
44364950,91
44357932,91
44348082,90
44372224,91
44372314,91
44336919,89
44339717,89
44359582,91
44369952,91
44368030,91
44372797,91
44197263,6
44331389,88
44348635,90
44361661,91
44357099,91
44336458,89
44365755,91
44368829,91
44351830,90
44343139,89
44357614,91
44357670,91
44359184,91
44367538,91
44295438,61
44366319,91
44339442,89
44256524,80
44334008,89
44296931,61
44339467,89
44372077,91
44352317,90
44256332,80
44352439,90
44342285,89
44327083,88
44361087,91
44372199,91
44349566,90
44372223,91
44361383,91
44322553,88
44356658,91
44328350,88
44313088,58
44368028,91
44368297,91
44364572,91
44260856,80
44350464,90
44356122,91
44364555,91
44354975,90
44354696,90
44368848,91
44316308,88
44313901,58
44344977,89
44363304,91
44363305,91
44345008,89
44336472,89
44323696,88
44333807,89
44341105,89
44370724,91
44367964,91
44366852,91
44372684,91
44366954,91
44372478,91
44341536,89
44350113,90
44364370,91
44364380,91
44371212,91
44328592,88
44324914,88
44368529,91
44328902,88
44302572,61
44326417,88
44368713,91
44367488,91
44371647,91
44326161,88
44291313,61
44361903,91
44369200,91
44364849,91
44316654,88
44329324,88
44301736,61
44345179,89
44367671,91
44372315,91
44345275,89
44315947,88
44355481,90
44361139,91
44347992,90
44350020,90
44353913,90
44313369,58
44285132,83
44333310,89
44364440,91
44365616,91
44357137,91
44275107,82
44365618,91
44278039,82
44293568,61
44265432,82
44362957,91
44303412,61
44337800,89
44336415,89
44364557,91
44357372,91
44319279,88
44331990,88
44357671,91
44278655,82
44330837,88
44336641,89
44370613,91
44314097,58
44366515,91
44341459,89
44294248,61
44372416,91
44369725,91
44365127,91
44359450,91
44332949,88
44369946,91
44369953,91
44339765,89
44164403,6
44351317,90
44371070,91
44341723,89
44299273,61
44339008,89
44364636,91
44365726,91
44329119,88
44371690,91
44330798,88
44360394,91
44371689,91
44369008,91
44330784,88
44347991,90
44329556,88
44348083,90
44365966,91
44336825,89
44298533,61
44322389,88
44372225,91
44328130,88
44365121,91
44345276,89
44348306,90
44362421,91
44348329,90
44266567,82
44368124,91
44302182,61
44358750,91
44347466,90
44316436,88
44310635,58
44337312,89
44371370,91
44371210,91
44306142,61
44365728,91
44353253,90
44362854,91
44350470,90
44365896,91
44363267,91
44353388,90
44361748,91
44354683,90
44238759,74
44350723,90
44322388,88
44339190,89
44362014,91
44338026,89
44326493,88
44330974,88
44362017,91
44298698,61
44345178,89
44352553,90
44361329,91
44359464,91
44366933,91
44282151,82
44294468,61
44327504,88
44328593,88
44365619,91
44361676,91
44345648,89
44312126,58
44343394,89
44280678,82
44347773,90
44292817,61
44355198,90
44335152,89
44357931,91
44282671,83
44360823,91
44343884,89
44361076,91
44336680,89
44284719,83
44339636,89
44342614,89
44372683,91
44361392,91
44369944,91
44368069,91
44330346,88
44347617,90
44342925,89
44217880,69
44332295,88
44313830,58
44280878,82
44354415,90
44353332,90
44349024,90
44357517,91
44317865,88
44367661,91
44306270,61
44369332,91
44340994,89
44348019,90
44369452,91
44328189,88
44169640,6
44353960,90
44313104,58
44369931,91
44353138,90
44342723,89
44314358,58
44358871,91
44370241,91
44319132,88
44354417,90
44351804,90
44364573,91
44357411,91
44357344,91
44340688,89
44368728,91
44340500,89
44361963,91
44368908,91
44364800,91
44332457,88
44295576,61
44362310,91
44369381,91
44372313,91
44319788,88
44365053,91
44361098,91
44369541,91
44366638,91
44338493,89
44362311,91
44319927,88
44361436,91
44361378,91
44296493,61
44313393,58
44351316,90
44365513,91
44353147,90
44348633,90
44244135,76
44341981,89
44338024,89
44277172,82
44342116,89
44364848,91
44339323,89
44352318,90
44343987,89
44367827,91
44366861,91
44362344,91
44361187,91
44362304,91
44280201,82
44305865,61
44319928,88
44354002,90
44340137,89
44321991,88
44334526,89
44337280,89
44338841,89
44345665,89
44339035,89
44354335,90
44300611,61
44334527,89
44317783,88
44371817,91
44343361,89
44369201,91
44329654,88
44349567,90
44349710,90
44317871,88
44366637,91
44356661,91
44322618,88
44338577,89
44372594,91
44353868,90
44353785,90
44351168,90
44308082,61
44342882,89
44348359,90
44347450,90
44338953,89
44274889,82
44314882,88
44344745,89
44351450,90
44362959,91
44356300,91
44313752,58
44329788,88
44272945,82
44363257,91
44372078,91
44370540,91
44345177,89
44321090,88
44327068,88
44271203,82
44348282,90
44359448,91
44256775,80
44369915,91
44321648,88
44249289,78
44350257,90
44200459,6
44365549,91
44319375,88
44344705,89
44364525,91
44351664,90
44336450,89
44344873,89
44329129,88
44357413,91
44339378,89
44370391,91
44325075,88
44339408,89
44362061,91
44366406,91
44362398,91
44361377,91
44368017,91
44372509,91
44358362,91
44361351,91
44353855,90
44372796,91
44124961,65
44344547,89
44331501,88
44371104,91
44356102,91
44354330,90
44340446,89
44353421,90
44361904,91
44356157,91
44357516,91
44369009,91
44356106,91
44339443,89
44342182,89
44356524,91
44331103,88
44328190,88
44273135,82
44364198,91
44369847,91
44361439,91
44335863,89
44319787,88
44361393,91
44331246,88
44283502,83
44244136,76
44371105,91
44347730,90
44346072,89
44328173,88
44340656,89
44340726,89
44330941,88
44346339,89
44329682,88
44370566,91
44298624,61
44341227,89
44366705,91
44361097,91
44315948,88
44352461,90
44334169,89
44248277,78
44310655,58
44317293,88
44358713,91
44354368,90
44357096,91
44359011,91
44363137,91
44326162,88
44357507,91
44321089,88
44365077,91
44342400,89
44296722,61
44341704,89
44365547,91
44305164,61
44365756,91
44359183,91
44344938,89
44326719,88
44299536,61
44355012,90
44286928,83
44345176,89
44328034,88
44361189,91
44352551,90
44361353,91
44339716,89
44338692,89
44298625,61
44198164,6
44358270,91
44199913,6
44358689,91
44263418,82
44338909,89
44345666,89
44313431,58
44350337,90
44356913,91
44274694,82
44361675,91
44274695,82
44330431,88
44350466,90
44283515,83
44340417,89
44352030,90
44352031,90
44350837,90
44325298,88
44348093,90
44353734,90
44334119,89
44364248,91
44254147,80
44348360,90
44365545,91
44357085,91
44289120,61
44354329,90
44359131,91
44367443,91
44357508,91
44126890,65
44359332,91
44335163,89
44323766,88
44348007,90
44372222,91
44369543,91
44359447,91
44359465,91
44366851,91
44247860,76
44368071,91
44367062,91
44336824,89
44370828,91
44339978,89
44353163,90
44370246,91
44367501,91
44370247,91
44368712,91
44352197,90
44370568,91
44366703,91
44369512,91
44338494,89
44335910,89
44372593,91
44358425,91
44361330,91
44086391,64
44313609,58
44316335,88
44371448,91
44233214,74
44340492,89
44345823,89
44352154,90
44364745,91
44322154,88
44295575,61
44325239,88
44369179,91
44233185,74
44335388,89
44365054,91
44358688,91
44364995,91
44361188,91
44352729,90
44342593,89
44342637,89
44368370,91
44328546,88
44358714,91
44353128,90
44297817,61
44333711,89
44340491,89
44200561,6
44337630,89
44367605,91
44289981,61
44355265,90
44364996,91
44230840,74
44367984,91
44365019,91
44203994,6
44208685,6
44350246,90
44364441,91
44341948,89
44258430,80
44351805,90
44326116,88
44361778,91
44353389,90
44308166,61
44369178,91
44345009,89
44350785,90
44344169,89
44369450,91
44366704,91
44251026,79
44367232,91
44317292,88
44341932,89
44371648,91
44325077,88
44339320,89
44362108,91
44369301,91
44343981,89
44316976,88
44345150,89
44343882,89
44356766,91
44364379,91
44200560,6
44359743,91
44365738,91
44359288,91
44359414,91
44336816,89
44361011,91
44361438,91
44313371,58
44319167,88
44353127,90
44350371,90
44371449,91
44368849,91
44185100,6
44346301,89
44370392,91
44297651,61
44342284,89
44362150,91
44358457,91
44304884,61
44371068,91
44342353,89
44344195,89
44372479,91
44352730,90
44362313,91
44317291,88
44327721,88
44367329,91
44353254,90
44355064,90
44351955,90
44367487,91
44355266,90
44360888,91
44364949,91
44367951,91
44367330,91
44302499,61
44348509,90
44368371,91
44371264,91
44361820,91
44320996,88
44367811,91
44369848,91
44361499,91
44313913,58
44342592,89
44354194,90
44362552,91
44359956,91
44368528,91
44360372,91
44365895,91
44366109,91
44358123,91
44087697,64
44358751,91
44342069,89
44280011,82
44370687,91
44246759,76
44367630,91
44361385,91
44186829,6
44059039,62
44300383,61
44310542,58
44288063,85
44371320,91
44333806,89
44254457,80
44284720,83
44349936,90
44188448,6
44353331,90
44360114,91
44333295,89
44330631,88
44357412,91
44346548,89
44342068,89
44345036,89
44362062,91
44352155,90
44344024,89
44321667,88
44304557,61
44347032,90
44322617,88
44367063,91
44235004,74
44197977,6
44310368,87
44324771,88
44371319,91
44280496,82
44364734,91
44329323,88
44369451,91
44349367,90
44349825,90
44353856,90
44352471,90
44360822,91
44322535,88
44246383,76
44365737,91
44363329,91
44359397,91
44333815,89
44335620,89
44205121,6
44368104,91
44365576,91
44319131,88
44348690,90
44346071,89
44336179,89
44359257,91
44345151,89
44318146,88
44363490,91
44357606,91
44369511,91
44370546,91
44359367,91
44324443,88
44285845,83
44362189,91
44347033,90
44225499,72
44351056,90
44342711,89
44371263,91
44340846,89
44369177,91
44197786,6
44320997,88
44366721,91
44358122,91
44365076,91
44327631,88
44347812,90
44299941,61
44314141,58
44368072,91
44365559,91
44365020,91
44363619,91
44342352,89
44359369,91
44372798,91
44354000,90
44338942,89
44330605,88
44358271,91
44367953,91
44196841,6
44229586,74
44345668,89
44347751,90
44354193,90
44352639,90
44302111,61
44316446,88
44288510,85
44362107,91
44370813,91
44367321,91
44360115,91
44327004,88
44365558,91
44357100,91
44350666,90
44367632,91
44359333,91
44359396,91
44236630,74
44368123,91
44364372,91
44345682,89
44357084,91
44368620,91
44336764,89
44348018,90
44299272,61
44283885,83
44371640,91
44296601,61
44366722,91
44368909,91
44327615,88
44200924,6
44297426,61
44340138,89
44356101,91
44308127,61
44340657,89
44336834,89
44311220,58
44304933,61
44368299,91
44314138,58
44338557,89
44358363,91
44336269,89
44363328,91
44338941,89
44299431,61
44306190,61
44342722,89
44328717,88
44371071,91
44363266,91
44364523,91
44295388,61
44344196,89
44365450,91
44356156,91
44338840,89
44371524,91
44361626,91
44369917,91
44314142,58
44368103,91
44344025,89
44359644,91
44363932,91
44328849,88
44342195,89
44361498,91
44338773,89
44364489,91
44362106,91
44371447,91
44359010,91
44353139,90
44332652,88
44335164,89
44323939,88
44361190,91
44291682,61
44362190,91
44350262,90
44344534,89
44350299,90
44313831,58
44359368,91
44345134,89
44328172,88
44296446,61
44345760,89
44275384,82
44308083,61
44322556,88
44333216,89
44328612,88
44345759,89
44327720,88
44242839,76
44248688,78
44137677,65
44312870,58
44311758,58
44324146,88
44362148,91
44324703,88
44338910,89
44313432,58
44214817,6
44368253,91
44365358,91
44365451,91
44299275,61
44346464,89
44330838,88
44368254,91
44347788,90
44311759,58
44344618,89
44316130,88
44365359,91
44359717,91
44362553,91
44276933,82
44286006,83
44302221,61
44363491,91
44324515,88
44359716,91
44231442,74
44331989,88
44345493,89
44276622,82
44344548,89
44354904,90
44359238,91
44367233,91
44336235,89
44353190,90
44268708,82
44367672,91
44370814,91
44122308,64
44359680,91
44255425,80
44350663,90
44281175,82
44363706,91
44365965,91
44345855,89
44363933,91
44361627,91
44352440,90
44364490,91
44364746,91
44351916,90
44365577,91
44339977,89
44360567,91
44367393,91
44147953,66
44333585,89
44342201,89
44356078,91
44338055,89
44366604,91
44347618,90
44162333,6
44359679,91
44364887,91
44206392,6
44309595,86
44345681,89
44338693,89
44330349,88
44364376,91
44333219,89
44302181,61
44327630,88
44333335,89
44241047,75
44345337,89
44348281,90
44330895,88
44195502,6
44220422,70
44242971,76
44368450,91
44311147,58
44360566,91
44254857,80
44260015,80
44279840,82
44284145,83
44359742,91
44338558,89
