"id","Cluster"
104912735,1
104937151,2
104946560,3
104940973,1
104823071,1
104949578,2
104682440,1
104911880,2
104830588,2
104937204,2
104873601,1
104945683,3
104948608,3
104842765,2
104944028,3
104954215,3
104896332,1
104948634,4
104952541,2
104946830,4
104952615,1
104952613,1
104948598,4
104945819,3
104889587,1
104667219,1
104921581,2
104948558,4
104954325,4
104952748,4
104951455,4
104935628,2
104903594,1
104946931,3
104873902,1
104831645,2
104933014,3
104920490,5
104909421,2
104916408,5
104948895,2
104916407,5
104873043,1
104946003,1
104954545,3
104891137,1
104932140,1
104951853,3
104927910,3
104902965,1
104950616,3
104908433,2
104908365,1
104929364,1
104951852,3
104949117,1
104953567,1
104928473,1
104917103,3
104954862,1
104939890,3
104949373,1
104918374,3
104820143,1
104942621,1
104727420,2
104911874,1
104951319,4
104875461,2
104911875,1
104945639,4
104951328,3
104949489,3
104949711,3
104951365,3
104747187,2
104942840,2
104948559,4
104946845,4
104951317,4
104667218,1
104951329,3
104746993,1
104954213,3
104949709,3
104945681,4
104948513,3
104946890,1
104952428,4
104948590,4
104951470,3
104899150,1
104954214,3
104910225,1
104955557,2
104898079,1
104952747,4
104915937,1
104952715,3
104923445,1
104945777,4
104777205,1
104912127,2
104899554,1
104861648,1
104916393,2
104829361,2
104895466,1
104906694,3
104925047,6
104915051,2
104950615,3
104906687,2
104925188,3
104946125,3
104916977,1
104906834,2
104954725,3
104953621,1
104950792,1
104950793,1
104943499,1
104949190,1
104946270,3
104898618,1
104949191,1
104932329,1
104954819,2
104933949,1
104936954,1
104951039,3
104951038,3
104903274,3
104934170,3
104940809,4
104900589,5
104628877,2
104774189,1
104767276,1
104737611,1
104925923,1
104925959,5
104940955,3
104757318,1
104938287,3
104952363,4
104949510,4
104942869,4
104956853,4
104864359,1
104596938,1
104611108,2
104836169,1
104952367,4
104940065,1
104955304,4
104876647,2
104956955,4
104946847,4
104949710,3
104896300,2
104940059,1
104895206,2
104914786,2
104952430,4
104948607,3
104885288,1
104951468,3
104948666,1
104796921,2
104945820,3
104955371,3
104816571,1
104940117,3
104844676,1
104949977,1
104947036,4
104937407,1
104957094,4
104921936,2
104844869,2
104872837,2
104882628,2
104871558,1
104931850,5
104899705,2
104947458,6
104919336,2
104931999,6
104948927,2
104943318,6
104944793,2
104950617,3
104922277,2
104928138,2
104946232,1
104954613,4
104951851,3
104933927,1
104947758,1
104944912,1
104918232,1
104947964,3
104932136,1
104949219,1
104949192,1
104942493,3
104923925,1
104911494,3
104808946,1
104928717,1
104741400,2
104956924,3
104956923,3
104929722,1
104931615,3
104954207,2
104806539,1
104937281,1
104956997,3
104831702,1
104956925,3
104948535,3
104909120,2
104520906,2
104952429,4
104945708,5
104951456,4
104951391,1
104955303,4
104816379,1
104955255,3
104920479,2
104952542,2
104639327,2
104948664,1
104918582,2
104870057,2
104956999,3
104957015,3
104952749,4
104955370,3
104957080,1
104948738,4
104795263,1
104886777,2
104886884,1
104952633,4
104944328,3
104940254,5
104951592,3
104948754,3
104957182,5
104904772,1
104893996,3
104951752,2
104948905,3
104898314,2
104947617,1
104936406,3
104951776,5
104891572,3
104956182,3
104947843,1
104957471,3
104940561,1
104918166,1
104881721,1
104947845,1
104839465,1
104895707,1
104954724,3
104908367,1
104922691,1
104930879,3
104930988,2
104943461,1
104943500,1
104948090,5
104929535,1
104942495,3
104935147,6
104916978,1
104932280,3
104953902,4
104937959,4
104926731,1
104954010,3
104940808,4
104914403,3
104938054,1
104844545,1
104928715,1
104956886,4
104910055,1
104837139,1
104957984,4
104956852,4
104929720,1
104872645,1
104903512,2
104806173,1
104897909,1
104707511,1
104939982,1
104959815,4
104792198,1
104944030,3
104937226,1
104959809,4
104959816,4
104959782,3
104797690,2
104945694,3
104957014,3
104957024,4
104913177,1
104847448,2
104956968,1
104948667,1
104893873,1
104777085,2
104959951,4
104958184,3
104913178,1
104945821,3
104950078,2
104924652,3
104938709,1
104945952,3
104943183,3
104903842,1
104960167,2
104926395,1
104943357,6
104957469,3
104915224,5
104943395,3
104933851,2
104905692,1
104948143,1
104938051,1
104957685,3
104959479,3
104942635,3
104928538,4
104939891,3
104775117,1
104807994,1
104949577,2
104949512,4
104951357,2
104959717,3
104959718,3
104897906,1
104855893,1
104949511,4
104958049,2
104904588,2
104810802,2
104858614,1
104935598,3
104959808,4
104955305,4
104617922,1
104954223,5
104904587,2
104959823,5
104948619,2
104895323,2
104957023,4
104775118,1
104951404,3
104957016,3
104903593,1
104952714,3
104958453,2
104958396,2
104954313,3
104937408,1
104954323,4
104959952,4
104958488,2
104845923,1
104958395,2
104917825,2
104948737,4
104890941,1
104952971,3
104917826,2
104944329,3
104905321,2
104922134,3
104921937,2
104948906,3
104957258,1
104884244,1
104853221,2
104957261,1
104908368,1
104916611,1
104944867,3
104936346,2
104951774,5
104951869,3
104943356,6
104961847,3
104956222,6
104923709,3
104959209,1
104961846,3
104960349,1
104940530,2
104915210,1
104959217,3
104870380,7
104953434,3
104959208,1
104914402,3
104948160,1
104923954,1
104932279,3
104932281,3
104915361,1
104903160,1
104928546,1
104897642,1
104960492,3
104960463,3
104891895,1
104925715,1
104867885,1
104881029,1
104868092,1
104896041,2
104873904,1
104957950,3
104962555,4
104951403,3
104872647,1
104911876,1
104951327,3
104962634,1
104962636,1
104743295,2
104826235,2
104955259,3
104881157,1
104910043,2
104957976,4
104959749,3
104959748,3
104885023,2
104896333,1
104956964,1
104889583,1
104956963,1
104959787,3
104881156,1
104962687,4
104879616,2
104954222,5
104927169,2
104935597,3
104951512,2
104837509,2
104843064,2
104943025,3
104843151,2
104958351,4
104952834,3
104891136,1
104905043,2
104952972,3
104941561,5
104939183,3
104941806,5
104933288,3
104938947,3
104917898,2
104943307,5
104956181,3
104960252,3
104944869,3
104959002,3
104961743,1
104881560,2
104957470,3
104960353,3
104954760,3
104943354,1
104867635,1
104961963,5
104954723,3
104915225,5
104925569,3
104948091,5
104937958,4
104960464,3
104945417,3
104954863,1
104918373,3
104942552,5
104953904,4
104954938,3
104922999,1
104650392,1
104667216,1
104956854,4
104816404,1
104962519,4
104956957,4
104912893,1
104956928,2
104929789,2
104910224,1
104633564,2
104962556,4
104957985,4
104904480,1
104904410,5
104941084,5
104963706,4
104956884,4
104958050,2
104956967,1
104959781,3
104959788,3
104962609,3
104952614,1
104962624,4
104962635,1
104951367,3
104945760,3
104952612,1
104956998,3
104942944,3
104959892,3
104940115,3
104947047,5
104946930,3
104962743,3
104962716,3
104959950,4
104962767,1
104858716,1
104906525,2
104938712,1
104850503,1
104962819,2
104933229,5
104962907,3
104844870,2
104926388,2
104926427,1
104915196,1
104960270,3
104914027,1
104953568,1
104959000,4
104943353,1
104964785,3
104960354,3
104960367,3
104912572,3
104962024,3
104923809,1
104945247,1
104954009,3
104960570,4
104928549,1
104949343,3
104917286,1
104909000,2
104952364,4
104962524,2
104822090,1
104939981,1
104951318,4
104955258,3
104951366,3
104962532,3
104945698,2
104948514,3
104806338,1
104960976,4
104965450,5
104831703,1
104959822,5
104857162,2
104952611,1
104959891,3
104858757,2
104964005,3
104965584,3
104948723,6
104965602,4
104948752,3
104952716,3
104957183,5
104921919,3
104918960,2
104964030,4
104950079,2
104873903,1
104858834,1
104929137,1
104898081,1
104957318,3
104926428,1
104875819,1
104753475,2
104885512,2
104912260,3
104916666,2
104915182,3
104961746,1
104912427,3
104961848,3
104916979,1
104956183,3
104651189,1
104895706,1
104943462,1
104964714,3
104923703,3
104918175,2
104960351,1
104930987,2
104888771,2
104947844,1
104952035,1
104962023,3
104933877,3
104942400,3
104946313,1
104925564,3
104963345,1
104915386,1
104926734,1
104892061,1
104938053,1
104864151,1
104867972,1
104965363,4
104966503,3
104912733,1
104956866,2
104907234,2
104963677,3
104937152,2
104904478,1
104898853,2
104957960,3
104962531,3
104960886,3
104955260,3
104833315,2
104965477,3
104956966,1
104959893,3
104948663,1
104960974,4
104737957,2
104962686,4
104874080,1
104952632,4
104879579,2
104965586,3
104964006,3
104874134,1
104958352,4
104951469,3
104957184,5
104951531,3
104954324,4
104829148,1
104924839,1
104948753,3
104906447,2
104871417,2
104958556,2
104960139,3
104909422,2
104923649,2
104936296,3
104961745,1
104960251,3
104960253,3
104965941,1
104964783,3
104961962,5
104922693,1
104932195,1
104961961,5
104962022,3
104964784,3
104940612,3
104959207,1
104959218,3
104964836,1
104897641,1
104919687,1
104960465,3
104940678,1
104925563,3
104948177,5
104921098,1
104963321,3
104965239,3
104912644,1
104954937,3
104786375,1
104940974,1
104848474,1
104840078,1
104918444,3
104841745,1
104957986,4
104962557,4
104965362,4
104862342,1
104966502,3
104962608,3
104962633,1
104965473,3
104966504,3
104955253,3
104946799,5
104965416,1
104878344,1
104956956,4
104959780,3
104872646,1
104858628,2
104660100,1
104960975,4
104948591,4
104959814,4
104965538,3
104962632,1
104963828,1
104959824,5
104860351,1
104968435,3
104968434,3
104965600,4
104937366,3
104899264,2
104929066,2
104934648,3
104829184,1
104962896,2
104962769,1
104965679,1
104944619,3
104964410,3
104967055,1
104948894,2
104964409,3
104919335,2
104964581,3
104913758,1
104961747,1
104944749,1
104960348,1
104961827,6
104916586,2
104945138,1
104968902,3
104968867,3
104967665,2
104964844,3
104968967,1
104881718,1
104960491,3
104942636,3
104923001,1
104936955,1
104865465,1
104966358,4
104966356,4
104965478,3
104611107,2
104929721,1
104848475,1
104959747,3
104858627,2
104959716,3
104969228,1
104969230,1
104963755,2
104965448,5
104959850,2
104959807,4
104672890,2
104948589,4
104347784,2
104948665,1
104968347,3
104969417,4
104965479,3
104957022,4
104963979,2
104878402,1
104968398,4
104912107,2
104968516,5
104913404,2
104967082,1
104968592,2
104962906,3
104923425,2
104926359,5
104927908,3
104965901,3
104958947,2
104964583,3
104953433,3
104904062,1
104890079,2
104961826,6
104908366,1
104967598,1
104968798,3
104964838,1
104903209,1
104946272,3
104964845,3
104932137,1
104947846,1
104963304,8
104879037,7
104969010,3
104962098,1
104917298,1
104969109,1
104926735,1
104969107,1
104636313,1
104806340,1
104837137,1
104780931,1
104808063,1
104956929,2
104969175,1
104962622,4
104951358,2
104962520,4
104883851,2
104962530,3
104969293,1
104969429,3
104945693,3
104966535,1
104971096,1
104957975,4
104864283,1
104965537,3
104782805,2
104968406,1
104940252,5
104968404,1
104898124,2
104957095,4
104968405,1
104816638,2
104966756,2
104813975,2
104872846,2
104964119,1
104967078,1
104958555,2
104968525,1
104970166,2
104932000,2
104929243,1
104866119,1
104934863,3
104970298,1
104923655,1
104967408,3
104930880,3
104968838,1
104968839,9
104924979,1
104923701,3
104963223,3
104968842,9
104953620,1
104940675,1
104968869,3
104971907,1
104903162,1
104849835,1
104848298,2
104928714,1
104912894,1
104876332,1
104890377,1
104897910,1
104957949,3
104966357,4
104830523,2
104969416,4
104962525,2
104971110,3
104955254,3
104969326,3
104952369,4
104965395,4
104965465,2
104898854,2
104895198,1
104971131,4
104969430,3
104969526,4
104836170,1
104895210,1
104563118,2
104962688,4
104927357,3
104962744,3
104969629,1
104892507,2
104962768,1
104962766,1
104836251,1
104952835,3
104971285,1
104889787,2
104967081,1
104962855,2
104881232,1
104926290,2
104968649,3
104859056,1
104929120,1
104958625,2
104944707,6
104944708,6
104965890,1
104941976,2
104923653,1
104971608,3
104866492,7
104967595,1
104964716,3
104905694,1
104946311,1
104971627,1
104968901,3
104971716,5
104940520,6
104968853,1
104957615,1
104952039,1
104963314,3
104953618,1
104963327,1
104970704,1
104970706,1
104954878,3
104957582,1
104968965,1
104969108,1
104914319,1
104928476,1
104922954,1
104937019,3
104937018,3
104969105,1
104923002,1
104917287,1
104710531,1
104951216,3
104816402,1
104878182,1
104971003,4
104968185,4
104969171,1
104925957,5
104834403,1
104848436,2
104969231,1
104886750,2
104946892,1
104965418,1
104969272,4
104972203,3
104858613,1
104956885,4
104972359,3
104960960,3
104937224,1
104963707,4
104719024,2
104973973,1
104972351,1
104962623,4
104844702,2
104937365,3
104974040,4
104965601,4
104890680,1
104965539,3
104920478,2
104971284,1
104971301,2
104955558,2
104853125,1
104951617,3
104909381,3
104931923,3
104899734,1
104960138,3
104964485,3
104968685,2
104972990,1
104973138,3
104973107,1
104912308,1
104973109,1
104936535,1
104965942,1
104946185,1
104971674,1
104967596,1
104945014,2
104946314,1
104912571,3
104918167,1
104968868,3
104964837,1
104968903,3
104970642,3
104963197,1
104967664,2
104867633,1
104944997,2
104832970,1
104974639,3
104971909,1
104968943,1
104974773,3
104847451,1
104971002,4
104974890,2
104925928,1
104668148,1
104973917,3
104963676,3
104972039,1
104962518,4
104748871,2
104886614,1
104972178,3
104890380,1
104806183,2
104975103,4
104972161,2
104788439,2
104972177,3
104974963,1
104963708,4
104806175,1
104971287,1
104972352,1
104974061,3
104903716,1
104876901,2
104968415,4
104949981,1
104892535,1
104797917,2
104974125,1
104943024,3
104962753,3
104954374,6
104889695,2
104967079,1
104969775,3
104967145,1
104958540,1
104962933,2
104933289,3
104974252,3
104891138,1
104945953,3
104974253,3
104970300,1
104917860,1
104967482,3
104972987,1
104968840,9
104936407,3
104960352,3
104923671,1
104971657,3
104932197,1
104936636,1
104957580,1
104970644,3
104923932,3
104919842,1
104970707,1
104933912,1
104959480,3
104933972,1
104963316,3
104949371,1
104966275,1
104782594,2
104848476,1
104777876,1
104878180,1
104969173,1
104968206,2
104976654,4
104889450,2
104965394,4
104726299,1
104971109,3
104969273,4
104969297,1
104597785,2
104862390,1
104973972,1
104969524,4
104910363,1
104972160,2
104965466,2
104975049,4
104956965,1
104726298,1
104901851,1
104960959,3
104966536,1
104974041,4
104910364,1
104958185,3
104959786,3
104911959,1
104972481,2
104972361,3
104975310,4
104951529,3
104855892,1
104902007,1
104974039,4
104764447,2
104968417,4
104975311,4
104971300,2
104958537,1
104896532,1
104929136,1
104922007,2
104917879,1
104968648,3
104958588,6
104974222,2
104912310,1
104946126,3
104970043,3
104884253,1
104964484,3
104891350,1
104946265,3
104974451,1
104926513,3
104976165,3
104944794,2
104971673,9
104971672,1
104950568,2
104946231,1
104968854,1
104973308,3
104977368,3
104937924,1
104970703,1
104957583,1
104977487,1
104968941,1
104952037,1
104932330,1
104931202,1
104974638,3
104971896,1
104945244,1
104923955,1
104963330,1
104925704,1
104954876,3
104948089,5
104969008,3
104925738,1
104917283,1
104949370,1
104954939,3
104911873,1
104823073,1
104912737,1
104949376,3
104974964,1
104973926,3
104960888,3
104973918,3
104973919,3
104974966,1
104975104,4
104962715,3
104968403,1
104971173,4
104955372,3
104935629,2
104976911,2
104969793,2
104975318,3
104893849,2
104924566,2
104962845,1
104952924,2
104927796,2
104968650,3
104948909,2
104899553,1
104957259,1
104826746,1
104866184,2
104945139,1
104973139,3
104939182,3
104945140,1
104971666,6
104953435,3
104960272,3
104976145,4
104977311,3
104977312,3
104932173,1
104973419,1
104973309,3
104968968,1
104962101,1
104977370,3
104949118,1
104969047,3
104926733,1
104963323,3
104932328,1
104954011,3
104673798,1
104875406,1
104758239,1
104977746,4
104966446,3
104892357,1
104965393,4
104969172,1
104971094,1
104974946,2
104974945,2
104957977,4
104972176,3
104960887,3
104969418,4
104945761,3
104978124,1
104968348,3
104975192,2
104810906,2
104978042,1
104965585,3
104978123,1
104963980,2
104974062,3
104971347,2
104957079,1
104943039,2
104965677,9
104976962,3
104969833,1
104962856,2
104957275,2
104974265,1
104916406,1
104911040,2
104954612,4
104978727,3
104965900,3
104915144,2
104978903,3
104954614,4
104832608,1
104980235,3
104881822,1
104971717,5
104946186,1
104967806,3
104945144,2
104957614,1
104963198,1
104963346,1
104959210,1
104964846,3
104948162,1
104925702,1
104977432,3
104949221,1
104936782,1
104980347,3
104935079,3
104971895,1
104979271,1
104960569,4
104974775,3
104688054,1
104622372,1
104969296,1
104910227,1
104971095,1
104937205,2
104977695,3
104974965,1
104886653,2
104945737,2
104971130,4
104977805,1
104958183,3
104965474,3
104978025,3
104978127,1
104972349,1
104954312,3
104968416,4
104975418,1
104840155,1
104969835,1
104929067,2
104945976,2
104952836,3
104933518,2
104916529,1
104978462,2
104962934,2
104970042,3
104948910,2
104947374,3
104920851,1
104973106,1
104932196,1
104980114,3
104964582,3
104976147,4
104974498,3
104932091,2
104976154,1
104977341,1
104936470,1
104981908,3
104976166,3
104964715,3
104979177,1
104979178,1
104981948,3
104962097,1
104960490,3
104957686,3
104900301,2
104980377,1
104971908,1
104923924,1
104948144,1
104932427,3
104960571,4
104968146,1
104909819,1
104968186,4
104884727,1
104954043,2
104972036,1
104977685,4
104808064,1
104968234,3
104876559,2
104971097,1
104977804,1
104973915,2
104952368,3
104968346,3
104962607,3
104962714,3
104945697,2
104976940,5
104981085,2
104557481,2
104926291,2
104969836,1
104837443,1
104905156,1
104964249,3
104957274,2
104978616,1
104978618,1
104973166,3
104926490,3
104981544,3
104976000,1
104950567,2
104981749,1
104967599,1
104974499,3
104968796,3
104974452,1
104943501,1
104932199,1
104945141,1
104977369,3
104977486,1
104942401,3
104949344,3
104879114,1
104890296,1
104951217,3
104884728,1
104848236,1
104912734,1
104792197,1
104851053,2
104927032,1
104977684,4
104558903,2
104979592,3
104883852,2
104707886,2
104972035,1
104884889,2
104974852,4
104655995,2
104959710,2
104574457,2
104957951,3
104971143,2
104972202,3
104957959,3
104962682,2
104675721,2
104965472,3
104973924,3
104965419,1
104973975,1
104968399,4
104975048,4
104962742,3
104962752,3
104913242,2
104881208,2
104968518,5
104978122,1
104978125,1
104969774,3
104917737,1
104951593,3
104891002,2
104979806,3
104964007,3
104907758,2
104982656,2
104924837,1
104954373,6
104923444,1
104982662,2
104898231,2
104951618,3
104979967,2
104896620,2
104958587,6
104974268,1
104934907,1
104978459,1
104940395,2
104978726,3
104982864,1
104853124,1
104956194,1
104980146,6
104888831,7
104926491,3
104963221,3
104983040,3
104983075,3
104936765,3
104981921,1
104980234,3
104936534,1
104976156,1
104947963,3
104981949,3
104962100,1
104933929,1
104957752,5
104925712,1
104979333,3
104967968,1
104963343,1
104949220,1
104925713,1
104939892,3
104931214,3
104949372,1
104747186,2
104862423,2
104969327,3
104979542,3
104972038,1
104718054,2
104979594,3
104976702,3
104957958,3
104935380,2
104966537,1
104966445,3
104946824,1
104969431,3
104948618,2
104969525,4
104949877,3
104960983,2
104969630,1
104879584,2
104875728,2
104923426,2
104979805,3
104927581,1
104985465,1
104968517,5
104943116,2
104967052,1
104912131,2
104978488,6
104979963,3
104913760,1
104924981,1
104975690,3
104905320,2
104958982,2
104979987,5
104965943,1
104971656,3
104958908,3
104984515,6
104975998,1
104959001,4
104985715,1
104932092,2
104977343,1
104968841,9
104980136,1
104905903,2
104954761,3
104916980,1
104933971,1
104980236,3
104919843,1
104976179,3
104937923,1
104963305,8
104981947,3
104970643,3
104931216,3
104921079,3
104983198,1
104985954,3
104969046,3
104963407,9
104973726,1
104848237,1
104983265,4
104909079,2
104868026,2
104813763,1
104806176,1
104951338,2
104940957,3
104986078,2
104979593,3
104986152,4
104903511,2
104795103,1
104963886,2
104985214,3
104985282,4
104940972,1
104975105,4
104983686,3
104929858,2
104957077,1
104983684,3
104975309,4
104980919,3
104974128,3
104981061,3
104974063,3
104966757,2
104879617,2
104958350,4
104941562,5
104977005,3
104955719,5
104938637,2
104986818,5
104967056,1
104985468,1
104974127,3
104926269,2
104948783,2
104950432,5
104938945,3
104967273,2
104964408,3
104978458,1
104965892,1
104943317,2
104981537,4
104980137,1
104958946,2
104965899,3
104960271,3
104960368,3
104985716,1
104983041,3
104936653,1
104985799,3
104984646,3
104981919,1
104984644,3
104983031,3
104981920,1
104933970,1
104968966,1
104974696,1
104946374,3
104987733,3
104974710,1
104983197,1
104968143,1
104862341,1
104934316,1
104987925,4
104765823,1
104720716,1
104985094,4
104986103,3
104986129,2
104985109,3
104966447,3
104977881,2
104974851,4
104960961,3
104971132,4
104985177,3
104969403,5
104789675,1
104946822,1
104963675,3
104903719,1
104948632,3
104980920,3
104881233,1
104974129,3
104985389,3
104965678,1
104982655,2
104815085,2
104899307,2
104986753,3
104983889,2
104975543,6
104916585,2
104985435,3
104978390,5
104978489,6
104982816,1
104978455,1
104962905,3
104978542,1
104936635,1
104958983,2
104914015,1
104987329,4
104973418,1
104987558,3
104936654,1
104988640,3
104943503,1
104948176,5
104945145,2
104988745,1
104933850,2
104933930,1
104983074,3
104933948,1
104987628,3
104974699,1
104963378,1
104886616,1
104834274,2
104911872,1
104965361,4
104976701,3
104982361,1
104949491,3
104842794,1
104814783,2
104985110,3
104822093,1
104925918,1
104912908,2
104986104,3
104822134,2
104985215,3
104973914,2
104976791,2
104969294,1
104946801,5
104974967,1
104951457,3
104868089,1
104844703,2
104988114,3
104876820,1
104988153,1
104969627,1
104920679,1
104985451,2
104964032,4
104938636,2
104968447,4
104906595,2
104967053,1
104964120,1
104924733,2
104943028,1
104906509,1
104978456,1
104979866,2
104798625,1
104964250,3
104970041,3
104884245,1
104979965,3
104947615,1
104947613,1
104988555,3
104990061,1
104918165,1
104958909,3
104980135,1
104908104,3
104968852,1
104964839,1
104971740,3
104971671,9
104956223,2
104979057,1
104990190,1
104947762,1
104977310,3
104988693,3
104957613,1
104894575,7
104981751,1
104936780,1
104971805,6
104977488,1
104979234,1
104954820,2
104990486,1
104987627,3
104980348,3
104949288,1
104977485,1
104987826,3
104983264,4
104986079,2
104986151,3
104972037,1
104977748,4
104985101,5
104985095,4
104969229,1
104986130,2
104977696,3
104990918,2
104965449,5
104989129,3
104972201,3
104990941,1
104941283,1
104917517,1
104986389,3
104986390,3
104988088,4
104988053,1
104972350,1
104991123,2
104969804,3
104986630,2
104983890,2
104986820,5
104803900,2
104952973,3
104930476,2
104968445,4
104912153,2
104986905,6
104987014,3
104937545,5
104964486,3
104978539,1
104947373,3
104901081,2
104889828,2
104954544,3
104972986,1
104957370,2
104955914,1
104988557,3
104976178,3
104968851,1
104953617,1
104973421,1
104982990,6
104987400,2
104983032,3
104991536,3
104963222,3
104951037,3
104959219,3
104990410,1
104980397,1
104985997,9
104954861,1
104949187,1
104931399,1
104979447,1
104985934,9
104931398,1
104983179,1
104966276,1
104938050,1
104912891,1
104985108,3
104968233,3
104988054,1
104698171,1
104969401,5
104963885,2
104988115,3
104710534,1
104816572,1
104945771,3
104991008,1
104958240,2
104979865,2
104878400,1
104986755,3
104975544,6
104952923,2
104989604,3
104909300,3
104964251,3
104929079,1
104946002,1
104989800,3
104965891,1
104929245,1
104982865,1
104981538,4
104957319,3
104943464,1
104979023,6
104987330,4
104942023,1
104897510,1
104976164,3
104983109,2
104954762,3
104987529,1
104977438,1
104991569,1
104991572,1
104990467,2
104987560,3
104991582,6
104979332,3
104983108,2
104985955,3
104980376,1
104991653,3
104959478,3
104983258,4
104991765,4
104985099,5
104873599,1
104986204,2
104985178,3
104968187,4
104839773,2
104617615,2
104606401,2
104976703,3
104985216,3
104972348,1
104975229,3
104985283,4
104977998,5
104992084,5
104988087,4
104990988,2
104975319,3
104951389,1
104978024,3
104978023,3
104906448,2
104989407,1
104958241,2
104968400,3
104968446,4
104979804,3
104924838,1
104991097,2
104975417,1
104976969,3
104993946,1
104991049,5
104988308,3
104988238,5
104949980,1
104982663,2
104974266,1
104947123,2
104917823,2
104979964,3
104994122,1
104957371,2
104982862,1
104927797,3
104992873,2
104974500,3
104944750,1
104944868,3
104974454,1
104936783,1
104994342,1
104988660,1
104981752,1
104960350,1
104988641,3
104983042,3
104967842,3
104991644,3
104987629,3
104991655,3
104985956,3
104922694,1
104991654,3
104957687,3
104957751,5
104968144,1
104963331,1
104979233,1
104904224,1
104990805,1
104867971,1
104985179,3
104988055,1
104983468,2
104988989,3
104988990,3
104907353,2
104795104,1
104989130,3
104870946,1
104989147,4
104993790,1
104847319,1
104993776,3
104991007,1
104957078,1
104985284,4
104792195,1
104868493,2
104994982,3
104988239,5
104976970,3
104993945,1
104977004,3
104965676,1
104967144,1
104989758,6
104989757,6
104989801,3
104989697,2
104930477,2
104955912,1
104985529,2
104987013,3
104972989,1
104991347,1
104970299,1
104992818,2
104988591,3
104934908,1
104967407,3
104993010,3
104995900,3
104968797,3
104993009,3
104987350,6
104987349,6
104991434,8
104991534,3
104971742,3
104971741,3
104985801,3
104973307,3
104987612,3
104988642,3
104967805,3
104990376,1
104971804,6
104937921,1
104996022,3
104936781,1
104988742,1
104993309,3
104994467,3
104968942,1
104936957,1
104965241,3
104979445,1
104906137,1
104928475,1
104994587,3
104751757,1
104580053,2
104882041,2
104977686,4
104996514,2
104925922,1
104994742,2
104990808,1
104996537,1
104977697,3
104841735,1
104996652,1
104977877,2
104996651,1
104685070,2
104989232,1
104983469,2
104993777,3
104992064,1
104920446,1
104930209,2
104976963,3
104924673,2
104988309,3
104808123,2
104854539,1
104988371,3
104986906,6
104851842,2
104860355,1
104989799,3
104995542,3
104965825,2
104991350,1
104968684,2
104981543,3
104995689,4
104946187,1
104973165,3
104953569,1
104929281,1
104977340,1
104991502,3
104967804,3
104945013,2
104971655,3
104997172,3
104997171,3
104996013,1
104944916,1
104995897,1
104977436,1
104996162,3
104997314,3
104971906,1
104949285,1
104949188,1
104994508,3
104979448,1
104986000,9
104946373,3
104942618,1
104980466,3
104997414,1
104987927,4
104982363,1
104786376,1
104986102,3
104985096,4
104845409,1
104867012,1
104845966,1
104989230,1
104971111,3
104882042,2
104997641,1
104997644,1
104996538,1
104977882,2
104842791,1
104971174,3
104993794,1
104975320,3
104988150,1
104978126,1
104959849,2
104969806,3
104993981,6
104921729,2
104996765,3
104985388,3
104964031,3
104988276,2
104996850,6
104974122,1
104985437,3
104985530,2
104958487,2
104968677,2
104992790,3
104954462,2
104957320,3
104942026,1
104991348,1
104992782,3
104985718,1
104936347,2
104936099,1
104991351,1
104997050,3
104998703,1
104988590,3
104990192,1
104933968,1
104988663,1
104924980,1
104971628,1
104997149,3
104950794,1
104981753,1
104994341,1
104996024,3
104949116,1
104979053,1
104983033,3
104909674,2
104993270,3
104993269,3
104979235,1
104969048,3
104925714,1
104943502,1
104937925,1
104950790,1
104999205,1
104971893,1
104957750,5
104997393,1
104881815,1
104974707,1
104966273,1
104828571,1
104797916,2
104867015,1
104974850,4
104999294,1
104862345,1
104996515,2
104999336,1
104999371,2
104968232,3
104990938,1
104748933,1
104963666,2
104990856,3
104996572,4
104996573,4
104965428,2
104996650,1
104943031,1
104910417,2
104999459,1
104980918,3
104836351,2
104926083,2
104975416,1
104847441,1
104991083,4
104998065,2
104995235,3
104902003,1
104986754,3
104892506,2
104992470,2
104998242,2
104987068,2
104991247,3
104998324,3
104998326,3
104992666,5
104994124,1
104942027,1
104999848,3
104947760,1
104964656,2
104999824,1
104967597,1
104999870,5
104998552,1
104990193,1
104936779,1
104991433,8
104991435,8
104991501,3
104997086,3
104996012,1
104991529,1
104991503,3
105000028,1
104988741,1
104935146,2
104977435,1
104993311,3
104960483,2
104988744,1
104988743,1
105000147,9
104994466,3
104993268,3
104963344,1
104997274,1
104999126,3
104997395,1
104983182,9
104935206,3
104997394,1
104933969,1
104997392,1
104883679,1
104997497,4
104979543,3
104720676,2
104997495,4
104841734,1
104968207,2
104999334,1
104999428,2
104997750,3
104943958,2
104996649,1
104988116,3
104951511,2
104886883,1
104999549,2
104976941,5
105000971,1
105000975,1
104976964,3
104989603,3
104985464,1
104985436,3
104951546,2
104988307,3
104916614,1
104951594,3
104964451,3
104988370,3
104891415,1
104999872,5
104998518,3
104962949,5
104999850,3
104991378,1
104978728,3
104980138,1
104936531,1
104995688,4
104999871,5
104998550,1
104953619,1
104988589,3
104990060,1
104991469,3
104991528,1
104999959,1
104991476,6
104993011,3
104985800,3
104947616,1
104991475,6
104994271,1
104987598,1
104967967,1
104994339,1
104952038,1
104996163,3
104946434,1
104991645,3
104990421,5
104977431,3
104997337,1
104979232,1
104954877,3
104915482,1
104997313,3
104999127,3
104994507,3
104966277,1
104923956,1
104932426,3
104999202,1
104779872,2
104781109,1
104842792,1
104886615,1
104912736,1
104893291,1
104997634,3
104993693,1
104999338,1
105002192,4
105002230,4
104989035,2
104977878,2
104976790,2
104921335,2
104978043,1
104979626,3
104990932,5
104988178,3
104954206,2
104973963,2
105000645,2
104988089,4
105000582,4
104975186,3
105000632,1
104988152,1
104999460,1
104971172,3
104943993,2
104822133,2
105000825,1
104994973,3
104802606,2
104968433,3
104993982,6
104874191,2
104985376,3
104957093,3
105000973,1
104906594,2
105000970,1
104929119,1
104989698,2
104965826,2
104920777,1
104970301,1
104982863,1
104994123,1
104958907,3
105002682,5
105002683,5
104963030,1
104960137,3
104992783,3
104988556,3
104991382,1
104974453,1
104974450,1
104964657,2
104994340,1
104962267,1
104980147,6
104994343,1
104988661,1
104993109,6
104999960,1
104946271,3
104956193,1
105001841,3
104991535,3
104954864,1
104968986,1
104932428,3
105003014,3
104985936,9
104980398,1
104997315,3
104967970,1
104991646,3
104985996,9
105000174,1
104979451,1
104999197,3
104918375,3
104983259,4
104758240,1
104845407,1
104971001,3
104913057,1
104989036,2
104969628,1
105003329,2
104979624,3
104979625,3
104989131,3
105000580,4
104992082,5
104999456,1
104969402,5
104997787,3
104977997,5
104996648,1
104993860,2
105002406,3
104991010,1
105000826,1
104996764,3
104978389,5
104981059,3
104975346,2
104955721,5
104984088,1
105001226,3
104920680,1
104982818,1
104905157,1
104945977,2
104998325,3
104965940,1
104982792,2
104992664,5
105002681,5
104977185,1
104994238,3
105002763,1
104997087,3
105002827,3
104998781,3
104978938,3
104976177,3
104998701,1
104953566,1
105001529,8
104944915,1
105002828,3
104998704,1
104995943,1
104957612,1
104987559,3
105002937,3
104991571,1
104976248,2
104988692,3
104987610,8
105000140,3
105002942,9
104946312,1
104974640,3
105000144,9
104985999,9
104816361,2
104999337,1
104808124,2
104931502,2
104810899,2
104999457,1
104999429,2
104980747,3
104959796,2
104996634,4
104993792,1
104994981,3
105000810,2
104946825,1
105003694,3
104900823,2
104991009,1
104993859,2
104993960,3
104985453,2
104955916,1
104964117,1
105002572,1
104982793,2
104933416,2
104999783,3
104971607,3
105002764,1
104998517,3
105004293,3
105004357,1
104964508,2
104978940,3
105004259,1
104985775,4
105004282,3
104981536,4
104973108,1
105004354,1
104996010,1
105001467,1
104987328,4
104940531,2
104990413,1
105002838,1
105002837,1
104979179,1
104957581,1
105002943,9
104994379,3
104925703,1
105002938,3
105001990,3
104953570,1
105005845,3
105000173,1
104971894,1
105003060,3
104948159,1
104866864,1
104841655,2
104864036,1
104803321,2
104976655,3
104988895,4
104976656,3
104986205,2
104980749,3
104925920,1
104991940,5
104904477,1
104989146,4
104996493,3
104973964,2
104975118,2
104997788,3
105000629,1
104989346,1
104989406,1
104989344,1
104997882,2
104975230,3
104907757,2
104989602,3
104969805,3
104967143,1
104951650,2
105004069,5
104934737,1
104962948,5
104991225,1
104999785,3
104984443,3
104997052,3
105002767,1
104963027,1
104984444,4
104943351,1
104967481,3
104975996,1
105004291,3
105007095,2
104981750,1
104990062,1
105001530,8
105005661,8
104994299,1
104997150,3
104997148,3
104932198,1
104999958,1
104994377,3
104970705,1
104993310,3
104996146,3
104963322,3
105001839,3
104949115,1
104963342,1
104945245,1
104848159,1
104999125,3
104983263,4
104991766,4
104901684,1
104816405,1
104990858,3
105006201,2
104985100,5
104993791,1
104904411,1
105000449,1
105005140,3
104965417,1
104977860,3
104813876,1
105002405,3
104962683,2
104976939,5
105003575,2
104975119,2
105000824,1
104991084,4
105003714,2
104986677,2
105008199,1
104943166,2
104910830,2
104917824,2
105006886,2
104995543,3
104974254,3
104986972,1
104938710,1
104999784,3
105001471,1
105007094,2
105005595,3
104997109,6
104949217,1
104998705,1
104998780,3
105000009,1
105008667,1
105001792,6
104996145,3
105007560,1
105000172,1
104991583,6
104973724,1
104982057,1
105002965,3
104994588,4
105004988,3
104987824,3
105003077,3
104997411,1
104878174,2
104983257,4
104994586,4
104938052,1
104873642,1
104833380,1
105008826,1
105003134,1
104976769,2
104988988,3
104929790,2
104977861,4
105000631,1
105007908,3
105007884,4
105007926,2
104912907,2
104881207,2
105007977,3
104820506,1
104999606,6
105003445,4
104994974,3
104927580,1
104988177,3
104996636,4
105006366,1
105000827,1
104945770,3
105003696,3
105003821,1
104976910,2
104992487,3
104985377,3
104998146,6
104926397,1
104924567,2
104978463,2
104962842,1
104957260,1
104965741,2
104919258,1
104923427,2
105004024,2
104951751,2
104995541,3
105007021,3
104922113,2
105009878,3
104965893,1
105008318,3
105002752,4
104992817,2
104980115,3
104987069,2
104991379,1
105005616,3
105004394,2
104974429,2
104994378,3
105002925,1
105000143,9
104946437,1
104962269,1
104948141,1
105008665,1
104990490,1
104985937,9
105008668,1
104981907,3
104999198,3
105003049,3
105008652,1
104971897,1
105003061,3
104969106,1
105010573,3
105003078,3
104917392,1
105007783,4
104848239,1
104786377,1
104989148,4
104986153,3
104886654,2
105002253,2
104969328,3
104990933,5
104994975,3
104996657,2
105005155,5
104973925,3
105010839,4
104997881,2
104969834,1
104963830,1
104986678,2
104999607,6
104976906,1
105000988,3
104998268,1
104962818,2
105004023,2
105001225,3
104968524,1
104907978,2
104979968,2
104903844,1
104997037,1
104980024,2
105009710,3
104992781,3
104929278,1
105007020,3
105009785,3
104994125,1
104940396,2
105005596,3
104953061,1
104994237,3
104932012,2
105008317,3
105001384,1
105009919,6
104997051,3
104956195,1
104991470,3
105008490,3
104995901,3
104980349,3
104921099,1
104979268,1
105005783,3
105000176,1
105011482,1
104923922,1
104950791,1
105010575,3
104999201,1
104963408,1
105010614,4
105003126,1
105010612,4
104702282,1
105011590,4
104816406,1
104988894,4
104878183,1
104996521,3
105005043,1
104996635,4
104971093,1
105007882,4
104992066,1
105010855,1
104977996,5
104994980,3
104981060,3
104990987,2
104958454,2
105002407,3
105003822,1
105002549,3
104986960,1
104946004,1
104975691,3
104972988,1
104985628,2
105012634,2
105006989,2
105011194,3
105004256,1
104970167,2
104942024,1
105002765,1
105004358,1
104832607,1
105004356,1
104998782,3
105008511,1
105001714,3
105010314,3
104983076,3
104987732,3
104996147,3
104952036,1
104962268,1
104994468,3
105013295,9
104923000,1
105007735,1
104971910,1
105004989,3
104974736,1
104421082,2
104620469,2
105011577,1
105011578,1
105010662,3
105013496,1
105008827,1
105013495,1
104972360,3
104897908,1
104990885,2
105007907,3
104996539,1
105000581,4
105010837,4
104750069,2
104992083,5
104976905,1
105010847,3
105010852,1
105010853,1
104717934,2
105011918,3
104988176,3
104983685,3
104981084,2
105013744,3
105012192,6
104985452,2
104989545,2
104912022,2
104918959,2
104993958,3
104948784,2
105001036,2
105000972,1
105011004,2
105012415,1
104998269,1
104985466,1
104961655,1
105002577,3
104965722,5
105009787,3
104998265,1
105005451,1
104960166,2
105012662,3
104998519,3
105009880,3
105005615,3
104974267,1
104951868,3
104997038,1
104867584,7
104998702,1
104994282,4
105012900,3
105012842,3
104994283,4
104971626,1
104990420,5
104979024,2
104963199,1
105007485,3
105013108,1
104988662,1
105000146,9
105007654,3
105001988,3
104965171,5
105003076,3
105004819,3
104963315,3
105014357,1
105013459,9
104991764,4
104997632,3
104765729,1
104969274,3
104806241,1
104996522,3
104873641,1
104963690,1
104940066,1
105003330,2
104993695,1
104986388,3
105013618,4
105011919,3
104836345,1
104995156,4
104992488,3
105005296,2
105003819,1
104995234,3
104996852,6
104923443,1
105002575,3
105015100,3
104958626,2
104826599,1
104874135,1
105011038,5
104913759,1
104992789,3
104962950,5
105012515,1
105004257,1
105012620,3
104910829,2
104954546,3
104984445,3
105002753,4
104978939,3
105012980,3
105010016,1
105013109,1
105008589,3
105014285,3
104918174,2
104981906,3
105002966,3
105003062,3
105007558,3
105013421,3
105008669,1
105003016,3
105003050,3
104997336,1
104979449,1
105013456,9
104963409,1
104979453,1
104949286,1
105004990,3
104761388,2
104884725,1
105002193,4
105011592,4
104709479,1
105000450,1
104963693,1
105013492,1
104867970,1
105002229,4
104978044,1
105016367,1
104977803,1
105009121,1
105014829,3
104988151,1
104992067,1
104989408,1
105013682,5
105006365,1
105008054,2
105003695,3
104895196,1
104904916,2
105005297,2
104992493,2
104951616,3
105015102,3
105000986,3
104993959,3
104916392,2
104946001,1
104991248,3
105016684,2
104934735,1
105012401,3
104887040,7
105005475,2
105016791,3
104942025,1
105012659,3
104986959,1
105015529,3
104950430,1
104973164,3
105008415,3
104929122,1
105001470,1
104997088,3
104963029,1
104974428,2
105004355,1
105015917,3
104980374,1
105004820,3
105014284,3
105007486,3
105013299,9
104979331,3
105014286,3
104979270,1
105008633,1
105008603,3
104999196,3
104980468,3
104940976,1
104993636,1
105005042,1
104741399,2
104996520,3
104864284,1
105007909,3
104951339,2
104976904,1
104997786,3
104830543,2
104982466,2
105003447,4
105010838,4
105013617,4
104995006,2
104963827,1
105003688,6
105008149,3
105015120,2
104967054,1
105013855,3
105016660,1
104931849,1
105002573,1
104986685,2
105008148,3
105015119,2
104986957,1
104991246,3
104996935,3
105002547,3
105016824,5
105012658,3
105011195,3
104934726,2
104982819,1
105012664,3
104963028,1
105012633,2
105001385,1
105005634,3
104961656,1
105002829,3
105008393,1
105015638,3
104995895,1
105012979,3
104985774,3
105015874,1
105015872,1
104933716,3
105008491,3
104946229,1
104990414,1
105011470,3
105010313,3
105008650,1
105018909,3
105000145,9
105013296,9
104979450,1
105011550,1
105018927,3
104933946,1
105011554,1
105002024,4
104968988,1
105010574,3
104974733,1
104925701,1
105010610,2
105013455,9
105011579,1
104810801,2
105010663,3
104999372,2
104834273,2
105016369,1
105011591,4
105007883,4
105019155,1
104963692,1
105016393,1
104990931,5
104960984,2
105011980,3
105011981,3
105006368,1
105008043,3
105005336,5
104968522,1
105016658,1
104941518,2
104988369,3
104974238,1
104980013,1
105012618,3
104986969,1
104991263,5
105015415,2
105012402,3
104991262,5
104978619,1
105006990,2
105012657,3
104931851,1
104950431,1
105018263,1
105012617,3
104978617,1
105019648,1
105004281,3
104980116,3
105016928,3
104971670,1
104991527,1
104997108,6
105013111,1
105015916,3
104998767,2
105015875,1
105014277,1
105014275,1
104953903,3
104993480,1
105016053,3
105016162,3
105019063,3
104999203,1
105007736,1
105013422,3
105010535,4
105019064,3
104997334,1
104929719,1
105007798,2
105010664,3
105008829,1
105020182,4
104999335,1
105016334,4
104990798,3
104945772,3
105016416,2
104990884,2
105019156,1
104990919,2
105003346,2
105011874,5
104918866,2
104989354,3
104989345,1
105003574,2
104948687,2
104811040,2
104991051,5
105000927,3
104996851,6
104993944,1
105019456,1
105019485,2
104986958,1
105009594,2
105015276,3
104854537,1
104937746,1
104953062,1
104958539,1
104968526,1
104996936,3
104998266,1
104980010,1
105015316,3
104967146,1
104987059,2
105012416,1
104978538,1
105015315,3
105004070,5
104998444,2
105008395,1
104967214,1
105008377,4
104982861,1
105014110,3
105001518,1
105019710,1
104984514,2
104998551,1
105019713,1
105002766,1
105005712,1
104963200,1
105015823,1
104990488,1
104954804,2
105000008,1
105008634,1
104985998,1
105008670,1
104979176,1
104969009,3
105018929,3
105013298,9
104949189,1
105011551,1
105019062,3
104999204,1
104942637,3
105017236,1
105010611,2
104973728,1
104917387,1
104917388,1
104963328,1
105016313,1
104720717,1
105017362,1
105002194,4
105013493,1
104988052,1
104993694,1
104980748,3
105016394,1
104993808,1
104946800,1
104963691,1
105010829,6
104988227,3
104985387,3
104993943,1
105017916,3
104991050,5
105008200,1
104985467,1
105016659,1
105022317,3
105016662,1
105019558,3
105015275,3
104903718,1
104962843,1
104974237,1
104943231,1
105005454,1
105015277,3
105014001,2
105018262,1
105009711,3
104967080,1
104978615,1
104979985,5
105016858,2
105001469,1
105019649,1
105012663,3
105019650,1
105009920,6
105001414,2
105002840,1
105019782,1
105005659,8
104994270,1
105005711,1
105012899,3
104991530,1
104990487,1
105021498,3
105011481,1
105007484,3
104942553,1
105022690,2
104908817,1
104985776,3
105014273,1
104967841,3
105019901,3
105019900,3
105010371,6
105011469,3
104980399,1
104922849,1
105014354,1
105010568,3
105010569,3
105013457,9
104977539,1
104987926,3
105017239,4
104868059,1
104927031,1
105017245,4
104954042,2
104996492,3
104990807,1
104941114,3
104997633,3
105023228,5
105010762,2
104990940,1
105019210,2
105009064,1
105011982,3
105019287,4
105022165,2
104992489,3
105016673,3
105011042,3
104912113,1
105016674,3
105016696,1
105010986,6
105023751,3
104938985,2
105011036,5
105012418,1
105022337,1
105022413,3
104987058,2
105019646,3
104968676,2
104987015,3
104998553,1
105004486,2
105021239,1
104990099,2
105008414,3
104987526,1
105016825,5
105019712,1
104991381,1
104998628,3
104990191,1
105005660,8
105019714,3
105019783,1
104975999,1
104997173,3
105021500,3
105016055,3
105010372,6
105022691,2
104946264,3
104994506,3
104925711,1
104977537,1
104993482,1
105021751,3
104974735,1
105020001,1
105021750,3
105022851,1
105018928,3
105010536,4
105017238,4
105003132,1
105017244,4
105008828,1
105007865,1
105021922,2
105009122,1
105011823,3
105017360,1
105023077,1
104986412,2
105005141,3
105011825,3
105014828,3
105010845,3
104975415,1
104975345,2
105019409,6
105010939,3
105015101,3
104912152,2
105020822,3
105023714,3
105022339,1
105002574,1
105023750,3
105021060,5
104965742,2
105020959,3
105022318,3
105016732,1
105022379,3
104900958,2
105023899,3
104933417,2
105021225,3
104994236,3
105008376,4
105021240,1
105005597,3
105025386,1
104976127,2
105015677,4
104981922,1
105001713,3
104985938,1
105008604,3
105011460,3
105022807,3
105008602,3
105007557,3
104968944,1
105024522,3
105014358,1
105024630,3
105020003,1
105022854,1
104966274,1
105003128,1
104979452,1
105002235,1
105011872,5
104996494,3
105009120,1
104997834,1
105014716,4
105010828,6
105000823,1
104999548,2
104988225,3
105025078,1
105023505,5
104950039,2
105016683,2
105017998,1
105022363,1
105019557,3
105026608,3
104933230,1
105022366,1
105016790,3
105018265,1
104990063,1
105011193,3
105015528,3
105021061,5
105019647,1
105007019,3
104997035,1
105011188,4
105025375,3
105022511,1
105022510,1
105011289,2
104980373,1
104947761,1
104994300,1
105001712,3
104918349,1
105025516,3
105000162,1
104988691,3
104960366,3
105025584,9
105025547,3
105025488,3
104977434,1
105011483,1
105025548,3
105027331,3
104976146,3
105002967,3
105013110,1
104996164,3
104977437,1
104963381,1
104997239,1
104967969,1
105020002,1
105021654,4
104982060,1
105027396,1
104974697,1
104968145,1
105020054,2
105020055,2
105024740,2
105025775,4
105003355,2
104993638,1
105023063,1
104990867,2
105007976,3
104991939,5
105019202,3
105026069,3
105007978,3
104868300,2
104995236,3
104874133,1
104985323,2
104975191,2
104907589,2
104995157,3
104974246,2
104855974,2
105000987,3
105002571,1
105027933,2
104986971,1
104818037,2
105008147,3
104975689,3
105022364,1
105015314,3
104984087,1
105016730,1
104932011,2
105023870,3
104951775,1
105012615,3
105001468,1
105004393,2
104998443,2
105022509,1
105019645,3
104973105,1
105000006,1
105005633,3
104985717,1
104994281,3
104866309,1
105028228,1
105019780,1
105024434,3
105002944,9
105025517,3
104954803,2
104990489,1
105021499,3
105013420,3
105003015,3
105028392,1
105028391,1
105025587,1
105016054,3
105007733,1
105021752,3
105024631,3
104965240,3
104966283,3
105025684,3
104997412,1
105020053,3
105020052,3
105022852,1
104795102,1
105022957,4
104732994,2
105017359,1
104945736,2
104883863,1
105016410,1
104965427,2
105025995,3
105011917,3
104867013,1
105016452,3
104975184,3
105026188,1
105023250,1
104988226,3
105025109,3
105025108,3
105017997,1
105013854,3
104927392,1
105026643,3
104978457,1
105023872,3
104991223,1
104964453,3
105001413,2
105021051,3
104936098,1
105021053,3
105026889,3
104975997,1
104967406,3
105019711,1
105025373,3
105026890,3
105015527,3
104993108,2
105005713,1
105025357,1
105025364,8
104963146,2
105014246,1
105000139,3
105030101,1
105010312,3
105008631,1
105024433,3
105014250,1
105027332,3
105025577,3
105025683,3
105013297,9
105025656,3
105010570,3
104997410,1
105017234,1
104977679,2
105030512,1
104959795,2
104991941,5
105030510,1
105028800,2
105023248,1
105028809,5
105019211,2
104993805,1
104997833,1
104993778,3
105010846,3
105028858,3
104933073,2
105023227,5
105028976,2
104969631,1
105027823,2
105016603,4
105000926,3
104965721,1
105019460,1
105020769,2
104982733,2
105025142,2
105026641,3
105023749,3
105011005,2
105022367,1
105023898,3
105029419,1
105005453,1
104968523,1
105022381,3
105021052,3
104903814,2
105030939,3
105018264,1
105029512,5
105030980,1
105004292,3
105012619,3
105008510,1
104987527,1
105021241,1
105025490,3
104979056,1
105024432,3
105030102,1
105031236,3
105024480,3
105011484,1
105003127,1
105024629,3
105020005,1
105025685,3
105030296,3
104757269,1
105025657,3
105021904,1
105010537,4
104633563,2
104777875,1
105017246,4
105016333,4
104929852,2
104762928,2
104990796,3
105007866,1
105000485,2
105026067,3
104959837,2
105025994,3
105014827,3
105010851,1
104950038,2
105019280,2
105019285,4
105013684,5
104972480,2
105025075,1
105030788,3
104974245,2
105030838,5
105026607,3
105022412,3
104943230,1
104971454,2
104922112,2
105012403,3
105015639,3
105025385,1
105025354,1
104998629,3
105029833,3
105022508,1
105028255,1
104987528,1
105002839,1
105015918,3
105029977,3
105028360,4
104976249,2
105007737,1
105008632,1
105000007,1
105025549,3
105028394,1
104890323,2
105004821,3
105007562,1
105033161,1
105018908,3
105031295,3
104983196,1
105003125,1
105033162,1
105002025,3
105025774,4
104750070,2
104990857,3
104997645,1
104996540,1
105009119,1
104850404,1
104803452,1
105030511,1
105021998,3
105028810,5
104929857,2
104977862,3
105002331,2
104980930,2
105029021,2
104820358,2
104941281,1
104985324,2
105029173,2
104961080,2
104969792,2
104971348,2
105011044,3
104986819,5
105018065,3
104955720,1
105020823,3
104986970,1
105022414,3
104980012,1
105030848,1
104992665,5
105005516,2
105028102,3
105021062,5
105030971,3
104964507,2
105029710,3
105019644,3
104995894,1
105030979,1
105028127,4
105012665,2
105010017,1
105016859,2
105029723,1
105029864,3
105029978,3
105010015,1
104999928,1
105028265,3
105007561,1
105002924,1
105031201,3
104963329,1
105028294,3
105011468,3
104979444,1
105008666,1
105028393,1
104979446,1
105007656,3
105020051,3
105030295,3
105030392,3
105030391,3
104922998,1
104962270,1
104966281,3
105020057,3
105011581,1
104977678,2
105009063,1
105000453,1
105007863,1
105022956,4
104949374,3
105011824,3
105028859,3
105008044,3
105022075,4
105016453,3
105028807,3
105013619,3
105005139,3
105019286,4
104989343,1
105028977,2
104912106,2
104982454,2
104962841,1
105022151,2
104988277,2
105029339,3
105023871,3
105033706,5
105032241,3
105016789,3
105030940,3
105024037,6
105033746,3
105029551,3
105026888,3
105030972,3
105008319,3
105008394,1
105029865,3
105012898,3
104990412,1
105002936,3
105022656,1
105022659,1
105028370,3
105032870,1
105000164,1
105008590,3
105030103,1
105016163,3
105033163,1
104968987,1
104974698,1
104983195,1
105033095,3
105033167,3
105033197,4
105011553,1
105007734,1
105010613,4
105020056,3
105025706,4
105030470,2
105016347,1
105020183,4
105030439,4
105000452,1
105033352,3
105000630,1
105034461,4
105033359,3
104962844,1
105003659,2
105003590,2
105025073,3
104992469,2
105002548,3
105012414,1
104982734,2
105011037,5
105032223,2
105017996,1
104981391,2
105029455,3
105002576,3
105017995,1
105012417,1
105033659,3
104967213,1
105022365,1
105033698,3
105009712,3
104677643,2
105021237,9
105035171,2
104998766,2
105029727,1
104994269,1
104987399,2
105011288,2
105028229,1
105012981,3
105015676,4
105015951,1
105036720,3
105033938,3
104942622,1
105028400,1
104987611,3
105028257,1
105002941,1
105022806,3
105035725,1
104979272,1
105027399,1
105030307,3
105017235,1
105031350,3
105033166,3
105033168,3
105007799,2
105030437,4
105016348,1
105002218,2
105002228,3
104884828,1
105031581,2
105002236,1
105028808,3
105014715,4
105016417,2
105030570,1
104744500,2
105033392,2
105007925,2
105036282,2
105032034,5
104991085,3
105019458,1
105037794,3
104978388,5
105036407,3
104933228,1
105005429,5
104906688,2
104974223,2
105032159,3
105022319,3
105030836,5
105030849,1
105036560,3
105001227,3
104961744,1
105018261,1
105005517,2
105019716,3
104979055,1
105014112,3
105025338,3
105036636,3
105036637,3
104987595,1
105038286,2
104998630,3
105029832,3
104996023,3
104979054,1
105001840,3
105029976,3
105030104,1
105035729,1
104963405,1
105033094,3
105011462,3
105036942,1
105035882,1
105017233,1
105031296,3
105014355,1
105035983,3
105013458,9
105022864,1
105036974,4
104886613,1
105017237,4
105037126,4
104971142,2
104982455,2
104887801,2
105033351,3
104943029,1
104976903,1
105009062,1
105023506,5
105006467,2
105019457,1
105037625,3
105003820,1
105019459,1
104998066,2
105030787,3
105025076,1
104977187,1
105029421,1
105022338,1
105016694,1
105016733,1
104967211,1
105032242,3
105033707,5
105029457,3
105026762,2
105005430,5
105009879,3
105020960,3
104985627,2
105009786,3
105022500,4
105031009,3
105028103,3
104961653,1
104977342,1
104990098,2
105019715,3
105004485,2
105029834,3
104990411,1
105028254,1
105029986,3
105030110,3
105005781,3
105031237,3
105003048,3
105025655,3
105038729,1
105038728,1
105001989,3
104974734,1
104983178,1
105036939,1
105039756,3
104977540,1
104990804,1
105020058,3
105030438,4
105002237,1
105034151,4
105030571,1
104925926,1
105038930,1
105034462,4
105017491,1
105037127,4
105011803,2
104836214,2
105016392,1
105028811,5
105023249,1
105036227,3
104999458,1
105037557,1
105039227,5
105037611,3
105026472,2
104967057,1
105039278,2
105029456,3
105032032,5
105025107,3
104855975,2
105022380,3
105037793,3
105029514,5
105030847,1
105029338,3
105011109,2
105016823,5
104994297,1
105001531,3
105008392,1
105029725,1
105029658,2
105029659,2
105028126,4
105016930,3
105040933,3
105041037,1
105031010,3
105038323,4
105038306,3
105015675,4
105035560,1
105014111,3
104963145,2
105005766,2
105036825,1
104980396,1
105036722,3
104973420,1
105028292,3
105008651,1
105036840,3
105007563,1
105033093,3
105036013,3
104992065,1
104904479,1
104987953,2
104963756,2
104993697,1
105038934,1
105036110,3
105025996,3
105033346,2
105019201,3
105033358,3
104977965,1
105036228,3
105036229,3
104988240,5
105009061,1
105016454,3
104977969,1
104973974,1
105040235,1
105016652,6
104992492,2
105040454,3
105037626,3
105031880,1
105025079,1
105039226,5
105011010,2
105030786,3
105023712,3
105010987,6
105039257,5
104962895,2
105033661,3
105037786,3
105039279,2
105019632,3
105029513,5
105030938,3
105020958,3
105022501,4
105024036,6
104967272,2
105035281,3
105035280,3
105025384,1
105038233,1
105035289,1
105035288,1
104999929,1
105041130,1
105015873,1
104994298,1
104971629,1
105038502,1
105021347,6
105033939,3
104968985,1
105036775,3
105012841,3
105042479,3
105034063,3
104917284,1
105027333,3
105042562,3
105022853,1
105014249,1
105034125,3
104960484,2
105038840,3
104925927,1
105037128,4
104959709,2
105036015,3
104987952,2
105036109,3
105038932,1
105013683,5
105003446,3
105006294,2
105042929,3
104989353,3
105036290,2
105041883,1
104996656,2
104997908,2
105032069,2
104953059,1
105033585,2
105042048,1
105023713,3
105043538,3
105040840,3
105005495,1
104964452,3
105043744,2
105042147,3
105033748,3
104994268,1
105041038,1
105038322,4
105042353,3
105042398,2
105029985,3
105031202,3
105005714,1
104987597,1
104963382,1
104988729,1
105030109,3
105036924,1
105038732,1
105022867,1
105038841,3
105022868,1
105039787,3
105036923,1
105031351,3
105022866,1
104685330,1
105016316,1
105008972,5
104966333,2
104990868,2
105038911,2
104989231,1
105040229,1
105026190,1
105040227,1
105031751,3
104886776,2
104991098,2
104997907,2
105010938,2
104923339,2
105036323,1
105000974,1
104955915,1
105042097,3
105016653,6
105008208,2
105039295,3
105042076,3
105012482,2
105022335,1
105016698,1
104978540,1
105012481,2
105039255,5
105030837,5
105038035,1
104997036,1
104979986,1
105033747,3
104982817,1
105042236,8
105022499,4
104995896,1
105038230,1
105025339,3
105036638,3
104999957,1
105042352,3
105025366,8
105001517,1
104991568,1
105038304,3
104976157,1
105035709,3
105038501,1
105025518,3
104987599,1
104980375,1
105002923,1
104973727,1
105039786,3
104997335,1
105039758,3
105031349,3
105033160,9
104949369,1
104681281,2
104729212,1
104966332,2
105022958,4
104990939,1
105042799,2
105022042,2
105028860,3
104944046,2
105042982,1
105031883,1
105031879,1
105043120,1
104947457,2
105005335,5
105040391,2
105040520,3
105039225,5
105018063,3
104947441,2
105032222,2
105030846,1
104999743,2
105016695,1
104920678,1
105043569,3
105046493,1
104999742,2
105028101,3
105043780,3
105025300,2
105028232,1
105014052,1
105010018,1
105005617,3
105041118,3
104990466,2
105025374,3
105035710,3
105005782,3
105029987,3
105030100,1
104985935,1
105035883,1
105028371,3
105031297,3
105042564,3
105044346,3
104962266,1
105021655,4
105022865,1
105021906,1
105022869,1
105042727,1
105038855,2
105044546,2
105007864,1
105030513,1
104925929,1
105038931,1
105038982,2
105038969,3
105016411,1
105042984,1
105028806,3
105005154,5
105022041,2
105047645,5
105025071,3
105043540,3
104974240,1
105046258,3
105039293,3
105032033,5
104962955,2
105042098,3
105046342,1
104920747,2
105046492,1
105038037,1
105047873,3
104916665,2
104978905,3
105025315,1
105028253,1
105046699,1
104995902,3
104978904,3
105015855,2
105041129,1
105048061,3
105019781,1
105046879,1
105024479,3
105011461,3
104997413,1
105008588,3
105042439,1
105045256,1
105042436,1
104997273,1
105047326,3
105048233,3
104973725,1
105021905,1
105045537,5
105030568,1
105030569,1
105041765,4
104806238,1
105047450,1
105036186,3
104867211,2
105048614,5
105048679,2
105042981,1
105026251,2
105031881,1
105027824,2
105025072,3
105047662,3
105037555,1
104962954,2
104947406,2
105016602,3
105039263,2
105020821,3
105040486,1
105043398,2
105042049,1
105042096,3
105012517,1
104947442,2
105042093,2
105008207,2
105037784,3
104996934,3
105037933,3
105039400,2
105043539,3
105005497,1
105043571,3
105045067,1
104899875,2
105012666,2
104956192,1
105026763,2
105041117,3
105041131,1
105028293,3
105048099,3
105027397,1
105014276,1
104968855,1
105047025,1
105047026,1
105005844,3
105048161,1
105049876,1
105014247,1
105025538,6
105034123,3
105047168,1
105035884,1
105042563,3
105035984,3
105036014,3
105008825,1
105038910,2
105045475,1
105024739,2
104809300,2
105047383,2
105023226,5
105031750,3
105042912,3
105050272,1
105043023,5
105009131,2
104989405,1
104864464,2
105043122,1
105046102,2
105034748,2
104815088,2
105040521,3
105040453,3
105037627,3
104943038,2
105036385,2
104998267,1
105046491,1
105033660,3
105049135,2
105033697,3
105043570,3
105043713,4
105040931,3
105047872,3
105030970,3
105050704,1
105041132,1
105029712,3
105027038,1
105049562,1
105008509,1
105049776,3
105008492,3
105048052,2
105000046,2
105042438,1
105049733,1
105035728,1
105025593,1
105039757,3
105048231,3
105047324,3
104963406,1
104969174,1
104925919,1
105051097,1
105000451,1
105042773,1
104982364,1
104959836,2
105047452,1
104931501,2
105042914,3
105038968,3
105028937,3
105044766,2
104921475,2
105028938,3
105050323,2
105040236,1
104988140,2
105013735,2
104991006,1
104989544,2
105043233,6
104946188,1
105017917,3
105005337,5
105049067,3
105035004,3
105046256,3
105025077,1
105046230,6
105004071,5
105026606,3
105005498,1
104961654,1
105043779,3
105046341,1
105046339,1
105046697,1
105036721,3
105039656,3
105008512,1
105039655,3
105044345,3
105047084,1
105030308,3
104917065,1
105048249,3
105047325,3
105039780,3
105021903,1
104912892,1
105033204,4
104934317,1
104879237,2
105042983,1
105040073,2
105053176,2
105043232,6
105040228,1
104989409,1
104978152,2
105053231,2
105051745,3
105047643,5
105050457,3
104798462,2
105009610,2
105019486,2
105029340,3
105011011,2
105049069,3
105040838,3
104977184,1
105049099,3
104991380,1
105046345,2
105025314,1
105053465,3
105043665,3
104995562,2
105035005,3
105022466,2
105015090,2
105040738,3
105032160,3
105043666,3
105052167,3
105018482,2
105039493,3
105025301,2
105038321,4
105044103,1
105049730,1
105045258,1
105052692,1
105042478,3
105047170,1
105027398,1
105011397,1
105052871,3
105052926,3
105034150,4
105052872,3
104949375,7
105003591,2
105042980,1
105023247,1
105033360,3
105043024,5
105006293,2
105047508,3
104995005,2
105044778,2
105027828,4
105029088,2
105036319,1
105017894,2
105016604,3
105036281,2
105040455,3
105045968,2
104998145,2
104971286,1
105000809,2
104934736,1
105027827,4
105005431,5
104986686,2
105054791,1
105053445,5
105049100,3
105032240,3
105009595,2
105037934,3
105043514,2
105035282,3
105050628,3
104992788,3
105047874,3
105025280,2
105045068,1
105001383,1
105042235,8
105025340,3
105039492,3
105052526,3
105052496,1
105046736,1
105047086,1
105053769,3
105036827,1
104990375,1
104974711,1
105007655,3
105039778,3
104965172,1
105051070,3
105053864,3
105034124,3
104912647,1
104931396,1
105045476,1
104684053,2
104921239,2
105020181,3
105051164,2
104946872,2
105048484,2
105038981,2
105005041,1
105016578,5
105044716,2
105014714,3
105053244,6
105019284,2
105051534,1
104995155,3
105029031,2
104927318,1
104988212,2
104988213,2
105056071,1
105056072,1
104953058,1
105056105,5
105053353,5
105047660,3
105047719,3
105056172,2
105054722,3
105051930,1
105054749,3
105053466,3
105054830,3
105030982,1
105054907,2
105036558,3
105054788,1
104999821,1
104991264,1
105040737,3
105053484,1
105050705,1
105045066,1
105025387,1
105046698,1
104999925,1
105022658,1
105039609,1
105038526,8
105046878,1
105002836,1
105049609,3
105049662,6
105048060,3
105028399,1
105035726,1
105038731,1
105030294,3
105048201,9
105034062,3
105048199,1
104921240,2
105025773,3
104990809,1
105053019,1
105016349,1
105041767,4
105051243,2
105031580,2
105021996,3
105048483,2
105030469,2
105055881,2
105051320,3
104993793,1
105033353,3
104960952,2
105048680,2
105043092,1
105036187,3
105023507,5
105037558,1
105040488,1
104988313,2
105056059,2
105053345,1
105053351,5
104955913,1
105054720,3
104953060,1
105051927,1
104978541,1
105052062,3
105057610,3
104991349,1
105019634,3
105050611,3
105037795,3
105038036,9
105038039,9
105012616,3
105056400,3
105005632,3
105031008,3
105031054,1
105058121,8
105049731,1
105044101,1
104996011,1
105046995,1
105035557,1
105047083,1
105035982,3
105048158,1
105025576,3
105036938,1
105056652,5
105056651,5
105045538,5
104993696,1
105047453,1
105048425,2
105051321,3
104746994,1
105041766,4
105056918,1
104977967,1
105006367,1
105053187,3
105053153,3
104893292,1
105019279,2
104991124,2
105037559,1
105036321,1
105056070,1
105037556,1
105057363,2
105050449,2
105020546,3
105047644,5
104986629,2
105053347,1
105057388,1
105057389,1
105020770,2
105049095,3
105040489,1
105022336,1
105059033,1
105057471,3
104917935,1
105030845,1
105053487,1
105046338,1
105005496,1
105052096,3
105015416,2
105040839,3
105056246,3
105025281,2
105001330,1
104992821,2
105002926,1
105011189,3
105052497,1
105000025,1
105028256,1
105050915,1
105042477,3
105038525,8
105056541,1
105002023,3
105018910,3
105039785,3
105033199,4
105002140,1
105011552,1
105045477,1
105042726,1
104990806,1
105058628,1
105042823,1
105058672,2
105048434,1
104997642,1
105058634,4
105059824,1
105005153,5
104996574,3
105059743,1
104942889,2
105053151,3
105058801,5
105054473,2
105047661,3
105056058,2
105040487,1
105027829,3
105051687,2
105053243,6
105016697,1
104982743,1
105037785,3
105057320,1
105058958,1
105054721,3
104968591,2
105046231,6
105060455,1
105039294,3
105032161,3
105057473,3
105060319,1
105042045,1
105056247,3
105059061,3
105056203,3
105052094,3
105057705,3
105046340,1
105057744,5
105057611,3
105004258,1
105052166,3
105025316,1
105053464,3
105042234,8
105056399,3
105038231,1
105056398,3
105031052,1
105048100,3
105048101,3
105045257,1
105022657,1
105028359,4
104832994,2
105036839,3
105053865,3
105022808,3
105020004,1
105055669,9
105036932,1
104974708,1
105061360,3
105033198,4
105051096,1
105041671,4
104554606,2
104934314,1
105061461,1
105002219,2
105061512,1
105058635,4
105053020,1
105019218,1
105058729,1
105019203,3
105059745,1
105040087,2
105040086,2
105010761,2
104986411,2
105019283,2
105058730,1
105058728,1
105036185,3
104947122,2
105009123,1
105026068,3
104929078,1
105059007,1
105006885,2
105060318,1
105060456,1
105060453,1
105052095,3
105035170,2
105057745,5
104990374,1
104982989,2
104995941,1
105033937,3
105053771,3
105052690,1
105011480,1
105000141,2
104962099,1
105044347,3
105045335,3
105014353,1
104983181,1
105035885,1
105061362,3
105024540,1
105058510,3
104993484,1
105048250,4
104993551,1
104915856,2
105048436,1
105044519,1
105041672,4
105044521,1
105051322,3
105061463,1
105019157,1
105048435,1
105058650,3
104862344,1
104963829,1
105059826,1
105026191,1
105034386,3
105058751,3
105010854,1
105050274,1
105036322,1
105043095,1
105054463,1
105061671,3
105020637,1
104899219,2
105058907,2
105056076,4
105054462,1
105050459,3
105031882,1
105050414,2
104991224,1
105058959,1
105056202,3
105049094,3
105059006,1
105054831,3
105054763,1
105060537,3
105061920,1
104992874,2
105008375,3
105021226,3
105038258,2
105041133,1
105058122,8
105060910,1
105013112,1
105000045,2
105007559,1
105050911,1
105038503,1
105062157,3
105030048,2
105044314,1
105036841,3
105015854,2
105014356,1
105056696,2
104982362,1
104890379,1
105045539,5
105061458,1
105061513,1
105016314,1
105064317,3
105058629,1
104978153,2
105028801,2
105058752,3
105042927,3
105059902,1
105050324,2
105061672,3
105057390,1
105037612,3
105047720,3
105013743,3
105057386,1
105034783,2
105060278,3
105058992,1
105059004,1
105059036,1
105051929,1
105061808,2
105019556,3
105056201,3
105033696,3
105060535,3
105042146,3
105016675,3
104994301,1
105025236,2
105052411,3
105038232,1
105052410,3
105041061,2
105063681,3
105059192,3
105052531,3
105028230,1
105059233,1
105058152,1
105058148,1
105052429,1
105058149,1
105050913,1
105044315,1
105065062,3
105049839,3
105045337,3
105035757,1
105065139,1
105048200,9
104982059,1
105036975,4
105011580,1
105021997,3
105044518,1
105062389,4
105062571,4
104956867,2
105058651,3
105058673,2
105059747,1
105061514,1
105064383,1
105053048,1
105048591,3
105059901,1
105050273,1
105064515,2
105062750,2
105064533,4
105061710,6
105019461,1
105034747,2
105062919,3
105036408,3
105061795,3
105016661,1
105054762,1
104967212,1
105025141,2
105057743,5
105061921,1
105052222,3
105039401,2
104990377,1
105033708,5
105038287,2
105043918,1
105021346,2
105066557,1
105011395,1
105065014,3
105001791,2
105065061,3
105062305,3
105065135,1
104983180,1
105065138,1
105059476,3
105052689,1
105061389,4
105022886,1
105038854,2
105023064,1
104993637,1
105041673,4
105016409,1
105019158,1
104997751,2
105058727,1
105059677,2
105064385,1
105058774,3
105047451,1
105065488,2
104972376,2
105042928,3
105051743,3
105028939,3
105060155,3
105044765,2
105051744,3
105040522,3
105016731,1
105057321,1
104909260,2
105056075,4
105063098,1
105060156,3
105060277,3
105039251,5
105064658,3
105046263,3
105060320,1
105064742,2
105050612,3
105032349,2
105058990,1
105046257,3
105051906,2
105060452,1
104958538,1
105056173,2
105059035,1
105043742,6
105061919,1
105059232,1
105016929,3
105059218,3
105066377,1
105066437,3
105049610,3
105064967,1
105028395,1
105041088,6
105062198,4
105066556,1
105064965,1
105053736,3
104991468,3
105044316,1
105062306,3
105065137,1
105050914,1
104966282,7
105059475,3
105064139,9
105013494,1
105062388,4
105058636,4
105067083,4
105036108,3
105051242,2
105050276,1
105042800,2
105006202,2
104963665,2
105065487,2
105056917,1
105048590,3
105002332,2
105036289,2
105014902,2
105029020,2
105041882,1
104988141,2
105051536,1
105056039,2
105053232,2
105068568,3
105018064,3
104974124,1
105034869,2
105049068,3
105017918,3
104947405,2
105068646,1
104974239,1
105054790,1
105052061,3
104626845,2
105053443,5
105059060,3
105026642,3
105022465,2
105056215,3
105047718,3
105068975,6
105059032,1
105014002,2
105066097,3
105064741,2
105043714,4
105043743,6
105019633,3
105052409,3
105066375,1
105027040,1
105038259,2
105066439,3
105041036,1
105063812,3
105062156,3
105044100,1
105067853,3
105064071,3
105067855,3
105064131,1
105064133,1
105045336,3
104993483,1
105022850,1
105055668,9
105022887,1
104993807,1
105047507,3
105038970,3
105069891,3
105053186,3
105044715,2
105062654,3
105016368,1
105065468,2
104964118,1
105041831,2
105061718,1
105040238,1
105065714,3
105050458,3
105009611,2
105046265,3
105058960,1
105058991,1
105042047,1
105070246,1
105054829,3
105035003,3
105001035,2
105068804,3
105052221,3
105032350,2
105057706,3
105050626,3
104980011,1
105025356,1
105050703,1
105066376,1
105008416,3
105031051,1
105000026,1
105057992,1
105060964,4
105049732,1
105052498,1
105014248,1
104979269,1
105070608,1
105028416,1
105024544,1
105047171,1
105051071,3
105011396,1
105067979,4
105007782,3
105068048,1
104999296,1
105069872,4
105069871,4
105069824,4
105067082,4
105069875,4
105064315,3
105068256,3
105017493,1
105047509,3
105064445,1
105059899,1
104989229,1
105057387,1
105057318,1
105064534,4
105006468,2
105056074,4
105070186,2
105059034,1
104984089,1
105050627,3
105061891,3
104967215,1
105070385,4
105060550,2
105045069,1
105047842,2
105070384,4
104999927,1
105070506,3
105046700,1
105066378,1
105062120,3
105028264,3
105066558,1
105025388,1
105017089,2
105036777,3
105072343,1
105055667,9
105067898,9
105052873,3
105048202,9
105037099,3
105051165,2
105062573,4
105042913,3
105042788,2
105058649,3
105068137,3
105059744,1
105034385,3
105064426,3
105071133,3
105041884,1
105051535,1
105029089,2
105068567,3
105026189,1
105067358,1
104988312,2
105056069,1
105057319,1
105061717,1
105036384,2
105029420,1
105005476,2
105070308,3
105066023,3
105068976,6
105073129,3
105042148,3
105071792,3
105043921,1
105043745,2
104955793,2
105029726,1
105063680,3
105033970,2
105043919,1
105072106,1
105012843,3
105028231,1
105053737,3
105005765,2
105073355,1
105025489,3
105052499,1
105028417,1
105070611,1
105072466,1
105028415,1
105024542,1
105064128,1
105036941,1
105072553,3
105024712,1
104806174,1
104552831,2
105048424,2
105062390,4
104993635,1
105069939,2
105025705,3
105068257,3
105061511,1
105068135,3
105064425,3
105069940,2
105058750,3
105065497,3
105016577,5
105031752,3
105065712,3
104984090,1
105064532,4
105033495,2
105072977,2
104936097,1
105067387,3
105067440,1
105070245,1
105033584,2
105018162,1
105051926,1
105074365,1
105066096,3
105050613,3
105039256,5
105011043,2
105073199,2
105018158,1
105071814,1
105014049,1
104982744,1
104988731,1
105060772,1
105067596,1
105074958,3
105074968,1
105060912,1
105018483,2
105036776,3
105073359,1
105035760,1
105045311,1
105064132,1
105036940,1
105051029,3
105033203,2
105073759,3
104915857,2
105072761,3
105034384,3
105009130,2
105040226,1
105061670,3
105064447,1
105045972,2
105050413,2
105074108,2
105074107,3
105029043,2
105071191,1
105036409,3
105008055,2
105042046,1
104974123,1
105063096,1
105068806,3
105056216,3
105070307,3
105053444,5
105066025,3
105049096,3
105061892,3
105050601,2
105066121,3
105066119,3
105038038,1
105071793,3
105035290,1
105029711,3
105036559,3
105025317,1
105000163,1
105060770,1
105067597,1
105059219,3
105041116,3
105059230,1
105000024,1
104984645,2
105015949,1
105075146,1
105075122,3
105033911,1
105075124,3
105059477,3
105072551,3
105064072,3
105061390,4
104953969,2
105065136,1
104990419,1
105033221,2
105022885,1
105033345,2
105062465,1
104990942,1
105053094,2
105070007,2
105053051,1
105043121,1
105069985,3
105075566,3
105064444,1
105062652,3
105072964,4
105077052,1
105077051,1
105068649,1
105075787,2
105067356,1
105072976,2
105074354,2
104995444,2
105026473,2
105077279,3
105068732,3
105073075,1
104971453,2
105073192,1
105035287,1
105071791,3
105029422,1
105021238,1
105052220,3
105046813,1
105040932,3
105074787,1
105074790,1
105046997,1
104982058,1
105052529,3
105074960,3
105076174,2
105011398,1
105075123,3
105049838,3
105062155,3
105031200,3
105024521,3
105078216,4
105036922,1
105067978,4
105039779,3
105025704,3
105069876,4
105073758,3
105008974,1
104993806,1
105062572,4
105072762,3
105071135,3
105040139,2
105058772,3
104997643,1
105054135,2
105064446,1
105019339,2
105003713,2
105058773,3
105076891,2
105050450,2
105014903,2
105072963,4
104997831,1
105068569,3
105058993,1
105054750,3
105074353,2
105073078,1
105053352,5
105042077,3
105037610,3
105066024,3
105067438,1
105058994,1
105012438,2
105057707,3
105037932,3
105011394,1
105075995,1
105031001,3
105077440,1
105001386,1
105014048,1
105041039,1
104987525,1
105035561,1
105010019,1
105041060,2
105032627,1
105070609,1
105021653,3
104990435,2
105067854,3
105025595,1
105073518,3
105028444,1
104946435,1
105061361,3
105051030,3
105065188,1
105051095,1
105065499,3
105069893,3
105065498,3
105075565,3
105075609,3
105071134,3
105068647,1
104975050,7
105020634,1
105077047,1
105075733,1
105072999,4
105067357,1
104995443,2
105029314,2
105057472,3
105075814,5
105030981,1
105074553,3
105012437,2
105077433,3
105071815,1
105078856,1
105019635,2
105038125,2
105038124,2
105070399,6
105074786,1
105077656,1
105058150,1
105059193,3
105073357,1
105058213,3
105028290,1
105048059,3
105077894,3
105038730,1
105078187,3
105047167,1
105048159,1
105078188,3
105079232,3
105024709,1
105028509,2
105075505,4
105023075,1
105062466,1
104977968,1
105023065,1
105071018,3
105079591,1
105075661,5
105064384,1
105075732,1
104971455,2
105034665,2
105079896,3
105036320,1
105067361,1
105073001,4
105079898,3
104903750,2
104840094,1
105070248,1
105061797,3
105080071,3
105078679,2
105068805,3
105070247,1
105080165,2
105077414,3
105011110,2
105070383,4
105072051,3
105072138,4
105019636,2
105049663,2
105080586,1
105073276,1
105053770,3
105027029,2
105048203,1
105080726,1
105046998,1
104983194,1
105064136,9
105046737,1
104988730,1
105049837,3
105034061,3
105064130,1
105069583,3
105025585,1
105038500,1
105036826,1
105034060,2
105081094,3
105078376,1
104954224,1
105003345,2
105081299,3
105059900,1
105078440,1
105078447,3
104975185,7
105062653,3
104909240,2
105034784,2
105067360,1
105075731,1
105067331,6
105061716,1
105074106,3
105020638,1
105079897,3
105082811,1
105067386,3
105077347,3
105077346,3
105057612,3
105080164,2
105070398,6
105077389,2
105012518,1
105077609,3
105075948,3
105073193,1
105077437,1
105073194,1
105074789,1
105032626,1
105072139,4
105081829,1
105028287,1
105073520,3
105028508,2
105062494,2
105075564,3
104838889,2
105059823,1
105073718,2
105064387,1
105042774,1
105079460,1
105054379,6
105045568,2
105002238,1
105065467,2
105075610,3
105079664,2
105059825,1
105071010,3
105076807,3
104972377,2
105020547,3
105050479,2
105079812,2
105082652,1
105071450,2
105082808,1
105046264,3
105057366,2
105081517,3
105077061,1
105061813,6
105077228,3
105013853,3
104999822,1
105077415,3
105080273,9
105077439,1
105055032,2
105081736,2
105039467,1
105025586,1
105063813,3
105033909,1
105080969,1
104991570,1
105014274,1
105048248,3
105051031,3
105082060,2
105085054,2
105079345,3
105059742,1
105072760,3
104828573,1
104993809,1
105084070,1
105075608,3
105082654,1
105082651,1
105077064,1
104996853,2
105073000,4
105075813,5
105064659,3
105061812,6
105068676,4
105049134,2
105070244,1
105077246,3
105074552,3
105061809,2
105063097,1
105077432,3
105027934,2
105054906,2
105042225,1
105084455,1
105072050,3
105072052,3
105081737,2
105074847,3
105030111,3
105080707,2
105046877,1
105062197,4
105083598,1
105030049,2
105035756,1
105080914,2
105024523,3
105064138,9
105078374,1
105041752,1
105064386,1
105085140,1
105002234,1
105084073,1
105084071,1
105081216,3
105059601,1
105079578,3
105078373,1
105084072,1
105062722,2
105048589,3
105053079,2
105076806,3
105064424,3
105082653,1
105075812,5
105039262,2
105001328,1
105051907,2
105082810,1
105080072,3
105083072,2
105078798,1
105052165,3
105084553,4
105029724,1
105084552,4
105060773,1
105046807,1
105077637,1
105079018,3
105074965,1
105086370,3
105049611,3
105035558,1
105080699,1
105073356,1
105062196,4
105075284,1
105086504,1
105078218,4
105081093,3
104988728,1
105051072,3
105075504,4
105069870,4
105086849,1
105040138,2
105086821,3
105069987,3
105022074,3
105086854,1
105057169,6
105042775,1
105081301,3
105085160,3
105030533,2
105079761,2
105048613,5
105081417,1
105061709,6
105068393,2
105056051,1
105078630,2
105081416,1
105068733,3
105060454,1
105084336,3
105074363,1
105073077,1
105077348,3
105087135,3
105059005,1
105087137,3
105078796,1
105088750,4
105088782,1
105077657,1
105070505,3
105041089,2
105077893,3
105029863,3
105001519,1
105079096,3
105028414,1
105047169,1
105086371,3
105083823,9
105086369,3
105050997,1
105053866,3
105086500,1
104963380,1
105050994,1
105083882,6
105036930,1
105089492,3
105075498,2
105037098,3
105085161,3
105051533,1
104980929,2
105043025,5
105088064,3
105013734,2
105044779,2
105003689,2
105081418,1
105013745,3
105079801,2
105050490,2
105084282,2
105077277,3
105082804,2
105082755,4
105029172,2
105054816,1
105043515,2
105014051,1
105080275,9
105075997,1
105001520,1
105035562,1
104992822,2
105015821,1
105083290,2
105056317,2
105001327,1
105039657,3
105044102,1
105038504,1
105079098,3
105087543,2
105025591,1
105064129,1
105065060,3
105035727,1
105064049,1
105079234,3
104618112,2
105065191,1
105053022,1
105086850,1
105086819,3
105089645,3
105042821,1
105085144,1
105089646,3
104961079,2
105071192,1
105020635,1
105030532,2
105022150,2
105062917,3
105051571,2
105081420,1
105060279,3
104920711,1
104868614,2
105042075,3
105012516,1
105070321,2
105075949,3
105078812,1
105043664,3
105077608,3
105066120,3
105083382,3
105083381,3
105046880,1
105033971,2
105089031,3
105089032,3
105090200,3
105048051,2
105087542,2
105070745,1
105064969,2
105047027,1
105082012,3
105065189,1
105065192,1
105065190,1
105034153,3
105064267,2
104960951,2
105087876,1
105085165,3
105040230,1
105086851,1
105047540,2
105088062,3
105072962,4
105033496,2
105075750,4
105089874,3
104998241,2
105077248,3
105073128,3
105087136,3
105091491,1
105015091,2
105063256,2
105053486,1
105075947,3
105059231,1
105052426,1
105087359,3
105015640,3
105050718,2
105086068,1
105046494,1
105038305,3
105087357,3
105028263,3
105086244,9
105090298,1
105065012,3
105035759,1
105092160,1
105086586,3
105073519,3
105064051,1
105058512,3
105090451,1
104768545,2
105069826,4
105072658,1
105053050,1
105086791,3
105045561,2
105085055,2
105058664,2
105079457,1
105081215,3
105058663,2
105078439,1
105068258,3
105044662,5
105043123,1
105064443,1
105065713,3
105061578,2
105074136,1
105088063,3
105092673,5
105092672,5
105084334,3
105094102,3
104991226,1
105075996,1
105055033,2
105040739,3
105091630,1
105063658,1
105067583,2
105081746,6
105060909,1
105070507,3
105042397,2
105047028,1
105053738,3
105090297,1
105047985,1
105083822,9
105034149,3
105021921,2
105075499,2
105003356,2
105037097,3
105093327,4
105064266,2
105078446,3
105016412,1
105092458,1
104929851,2
105055880,2
105079459,1
105081300,3
105089644,3
104977966,1
105058800,5
105056040,2
105079760,2
105062918,3
105061796,3
105016576,1
105091193,3
105056103,5
105061922,1
105093945,4
105089951,1
104954461,2
105030983,1
105046346,2
105084284,3
105043399,2
105054815,1
105077413,3
105059059,3
105083390,2
105059217,3
105086241,9
105089030,3
105083389,2
105086242,9
105081832,1
105048160,1
105092030,1
105092032,1
105044317,1
105090446,1
105092163,1
104999293,1
105095128,4
105058630,1
105069825,4
105093328,4
105062616,1
105095127,4
105040072,2
105072659,1
105075503,4
105064316,3
105042725,1
105042819,1
105089601,2
105079513,4
105003658,2
105087014,6
105056052,1
105092671,5
105091066,3
105068731,3
105059008,1
105091192,3
105078680,2
105057740,1
105089953,1
105074551,3
105047843,2
105029549,3
105031002,3
105025237,2
105088783,1
105070482,1
105050996,1
105079019,3
105063814,3
105027030,2
105076175,2
104997271,1
105067825,6
105062119,3
105094841,3
105036929,1
105098020,1
105084027,2
105023078,1
105089638,3
105093500,1
105081214,3
105017361,1
105092552,2
105095335,1
105016346,1
105054378,2
105092565,2
105040237,1
105026250,2
105057191,2
105092601,3
105091065,3
105074135,1
105081495,2
105042092,2
105067388,3
105081515,3
105095542,1
105061720,1
105096900,2
105054789,1
105035252,2
105067604,5
105039494,3
105094463,1
105060782,2
105080271,9
105097375,3
105095685,2
105087358,3
105095767,6
105079097,3
105064052,1
105045255,1
105084822,3
105062304,3
104909001,2
105051093,1
105082059,2
105095126,4
105042820,1
105044547,2
105097941,4
105017492,1
105090598,2
105086820,3
105034433,2
105042787,2
105096356,3
105090768,1
105098162,2
105043242,2
105079887,1
105092639,3
105058957,1
105091227,2
105092695,2
105089908,3
105099759,1
105096894,1
105054814,1
105005452,1
105080197,3
105066200,2
105094210,2
105052063,3
105063325,2
105029550,3
105043715,3
105074967,1
105077607,3
105074850,2
105028358,3
105091966,1
105090296,1
105087507,3
105067896,1
105098714,3
105079082,3
105094843,3
105092039,3
105025578,3
105092161,1
105092162,1
105083821,9
105090395,3
105097806,1
105084821,3
105090396,3
105052924,3
105072552,3
104847318,1
105100766,2
105097940,4
105071193,1
105023066,1
105048437,1
105085159,3
105062721,2
105020636,1
105034666,2
105099444,2
105040392,2
105057362,2
105053346,1
104913241,2
105039250,1
105077227,3
105099656,3
105066174,1
105082888,3
105056214,3
105018159,1
105077390,2
105049221,2
105092899,3
105050719,2
105043873,1
105059194,3
105060963,3
105072105,1
105086502,1
105042437,1
104995939,1
105064073,3
105050912,1
105028401,1
105101585,3
105101659,3
105064338,1
105099102,3
105011804,2
105053049,1
105099103,3
105087875,1
105085141,1
105099104,3
105089722,5
104942888,2
105081494,2
105074133,1
105093946,4
104997832,1
105084283,3
105094100,3
105073127,3
105099655,3
105061890,3
105101157,1
105080198,3
105101246,2
105089954,1
105060536,3
104999926,1
105101334,4
105056318,2
105068930,1
105092897,3
105101362,1
105063679,3
105052530,3
105103245,1
105103248,1
105035758,1
105097810,1
105093212,1
105083845,1
105090295,1
105101657,3
105079233,3
105064048,1
105059676,2
105090597,2
105008973,1
105100813,2
105062493,2
105059822,1
105079458,1
105034431,2
105089602,2
105085275,2
105034432,2
105078448,3
105034625,2
105075730,1
105091067,3
105058802,5
105099494,3
105102427,5
105082754,4
105098277,3
105053485,1
105103947,3
105081516,3
105023897,3
105033912,1
105063324,2
105102602,1
105049101,3
105102563,3
105097192,3
105101247,2
105067582,2
105084456,1
105066438,3
105080416,1
105046735,1
105095768,6
105075147,1
105098647,2
105073358,1
104997242,1
105092037,3
105050993,1
105083691,3
105067900,1
105090449,1
105003130,1
105100762,4
105097935,1
105047348,2
105062468,1
105041751,1
105098072,4
105000484,2
105045991,2
105078441,1
105079576,3
105079588,1
105100994,2
105019408,2
105056104,5
105102304,1
105096896,1
105087139,3
105087141,3
105082805,2
105102426,5
105070322,2
105050685,2
105094275,3
105094513,2
105101361,1
105101363,1
105074959,3
105092038,3
105031053,1
105083690,3
104976155,1
105045309,1
105059345,1
105031238,3
105103315,3
105103406,1
105084820,3
104987596,1
104538661,2
104817463,1
105079236,3
104976768,2
105096173,3
105071011,3
105103618,3
105062618,1
105093499,1
105088012,3
105079589,1
105076977,2
105102066,1
105075748,3
104921730,2
105053152,3
105093947,4
105054465,1
105092602,3
105099495,3
105102425,2
105098307,3
105098308,3
105096954,2
105102751,2
105094276,3
105104067,3
105073195,1
105086031,2
105081688,2
105081747,6
105105815,6
105101360,1
105015950,1
105079081,3
105107045,3
105083689,3
105032628,1
105103246,1
105107071,3
105036931,1
105038527,3
105104373,1
105075282,1
105104374,1
105106136,1
105097807,1
105087580,3
105075339,1
105024711,1
105064229,1
105023076,1
105079343,3
105044561,2
105058627,1
105104571,5
105096233,3
105086853,1
105076645,2
105061560,5
105089721,5
105043243,2
105076805,3
105102266,2
105098206,6
105084219,3
105091194,3
105084218,3
105060321,1
105098309,3
105096892,1
105077278,3
105108004,3
105054764,1
105105344,1
105074571,2
105102565,3
105094209,2
105094512,2
105097373,3
105105714,3
105067696,2
105072108,1
105107046,3
105101526,3
105083597,1
105108921,8
105008653,1
104921097,1
105097934,1
105072657,1
104979544,7
105096174,3
105100761,4
105085142,1
105056916,1
105079515,4
105086852,1
105087877,1
105106430,4
105055985,2
105096355,3
105109331,2
105072809,1
105053078,2
105059971,2
105106601,5
105041832,2
104982467,2
105095351,1
105099331,1
105075749,3
105102305,1
105081498,2
105017895,2
105102428,5
104999823,1
105057742,1
105050686,2
105092783,2
105049220,2
104981390,2
105108370,3
105091628,1
105028442,1
105058123,3
105103125,1
105058214,3
105091967,1
105092034,1
105033908,1
105058151,1
105107090,1
105017088,2
105032871,1
105015952,1
105104372,1
105078217,4
105065132,2
105067977,3
105070743,1
105058511,3
104931397,1
105079235,3
105106314,1
105071019,3
105092456,1
105107370,3
105090792,2
105106429,4
105106431,4
105096354,3
105096254,1
105084126,2
105085166,3
105055953,2
105062726,2
105102096,2
105098276,3
105034626,2
105042050,1
105017967,2
105101074,1
105109443,2
105082809,1
105103959,3
105109499,3
105057738,1
105111012,2
105057739,1
105068929,1
105108387,1
105043778,3
105004280,7
105079020,3
105111512,1
105047984,1
105074969,1
105028288,1
105086503,1
105079080,3
105107179,3
105065140,1
105066955,1
105070741,1
105082011,3
105103316,3
105104376,1
105108920,8
105052925,2
105059344,1
105104454,3
105111909,4
105065133,2
105097932,1
105061459,1
105038933,1
105073717,2
105059603,1
105103619,3
105014745,2
105107487,3
105107489,3
105089765,6
105107563,3
105107564,3
105071156,5
105058731,1
105067118,2
105068678,3
105007862,1
105057190,2
105109476,2
105112297,1
105112298,1
105112299,1
105095544,1
105101156,1
105099606,2
105053348,1
105088715,3
105076036,5
105088716,3
105026690,2
105097190,3
105094265,1
105068928,1
105097374,3
105065013,3
105072121,1
105064231,1
105002139,1
104988893,7
105097939,4
105110141,4
105100765,2
105042776,1
105086793,3
105095217,2
105100760,4
105050275,1
105107488,3
105097972,2
104943957,2
105045560,2
105096255,1
105046066,2
105062892,2
105098207,6
105000744,2
105109501,3
105066098,3
105087077,6
105089876,3
105078808,1
104980025,2
105078795,1
105098510,2
105077434,3
105107044,3
104997241,1
105101525,3
105072398,1
105101401,2
105104375,1
105002137,1
105000165,1
105097574,1
105103410,1
105112803,8
105112841,1
104879238,2
105100800,2
105110140,4
105114801,2
105112068,3
105113104,3
105114995,2
105110544,2
105109445,2
105070128,2
105105099,5
105105098,5
105112240,1
105108003,3
105099758,1
105032070,2
105058906,2
105060551,2
105089907,3
105080196,3
105098495,3
105067605,5
105113947,3
105092898,3
105094263,1
105109635,3
105039507,1
105098629,1
105105716,3
105083380,3
105064970,2
105108849,1
105101524,3
105103124,1
105111731,1
105112804,8
105067897,1
105106133,1
105107180,3
105087579,3
105049879,1
105061391,3
105103409,1
105112843,1
105055666,1
104917507,1
105106310,1
105104504,2
105016315,1
105044664,1
105075659,5
105100801,2
105114802,2
105079514,3
105114842,1
105107372,3
105087878,1
105016395,1
105089637,3
105079456,1
105076890,2
105113310,3
105079800,2
105107817,3
105041881,1
105074183,2
105112259,2
105110727,2
105113478,1
105068927,1
105067359,1
105068865,2
105074416,2
105061973,1
105116749,1
105115322,3
105109755,3
105078811,1
105035253,2
104990434,2
104990583,1
105070610,1
105097456,1
105072469,1
105097576,1
105064050,1
105108922,8
105094842,3
105112805,8
105064028,1
105064140,1
105101671,3
105045478,1
105095216,2
105114843,1
105117652,4
105113112,2
105071020,3
105048612,1
105114909,1
105019219,1
105072811,1
105061622,3
105072810,1
105095354,1
105113479,1
105074134,1
105107826,4
105079813,2
105060172,2
105096453,1
105056054,1
105054472,2
105081499,2
105050489,2
105106603,5
105089875,3
105103958,3
105067332,2
105063257,2
105092766,1
105116427,3
105057367,2
105116743,5
105116742,5
105088780,1
105116795,1
105115323,3
105056248,2
105111051,2
105080412,1
104982056,1
105075037,2
105112749,3
105115511,3
105107089,1
105082013,3
105115513,3
105107181,3
105115601,1
105032874,1
105117382,1
105072470,1
105069585,3
105118499,9
105118498,9
105103620,3
105113231,6
105117617,5
105113085,1
105113105,3
105098163,2
105096455,1
105090905,5
105077050,1
105119081,2
105102307,1
105110493,1
105117835,1
105113519,2
105113476,1
105064657,3
105119292,2
105112300,1
105098275,3
105117980,1
105084415,2
105084335,3
105088714,3
105113946,3
105087216,2
105046812,1
105104068,3
105111178,2
105083314,2
105001326,1
105067824,2
105034059,2
105114280,3
105098713,3
105111511,1
105086584,3
105118410,8
105090440,1
105028398,1
105110142,4
105079344,3
105023079,1
105117654,4
105112986,1
105059746,1
105104572,5
105033222,2
105078375,1
105093497,1
105092499,2
105085164,3
105093496,1
105102068,1
105071194,1
105116205,2
105096582,2
105116207,2
105096457,1
105119013,1
105107828,4
105090906,5
105110573,2
105043093,1
105099445,2
105116428,3
105051928,1
105119239,3
105084220,0
105077049,1
105119131,1
105075870,1
105109477,3
105109485,1
105117984,1
105117963,1
105058961,1
105087140,3
105116627,2
105118013,2
105117985,1
105074570,2
105116625,2
105099760,1
105078855,1
105115324,3
105097191,3
105116755,3
105114078,1
105002136,1
105120024,3
104976128,2
105103126,1
105120023,3
105098715,3
105115512,3
105048232,3
105120158,3
105103317,3
105092031,1
105120327,3
105024710,1
105075338,1
105093329,3
105061561,1
104946823,1
105086792,3
105107371,3
105088011,3
105113230,6
105096512,5
105112067,3
105037703,2
105109444,3
105074184,2
105120725,3
105116426,3
105109500,3
105095545,1
105117982,1
105115144,3
105068677,3
105094266,1
105083073,2
105078857,1
105098497,3
105091579,2
105114077,1
105108385,1
105071817,1
105060771,1
105109756,3
105111407,1
105060774,1
105074771,2
105107027,3
105107072,3
105097575,1
105087505,3
105092145,3
105122975,3
105122912,3
105091969,1
105108850,1
105075283,1
105072342,1
105122976,3
105072399,1
105117380,9
105107121,1
105118411,8
105120320,1
105064026,1
104974709,1
105089487,1
105092322,3
105123197,4
105123195,4
105106313,1
105096231,3
105121476,1
105117587,1
105068136,2
105120494,6
105095205,2
105098022,1
105085106,2
105121734,1
105061719,1
105114910,1
105090771,1
105090770,1
105109304,5
105081419,1
105053177,2
105019220,1
105117838,1
105037702,2
105101073,1
105101075,1
105103948,3
105103861,1
104529699,2
105043094,1
105042227,1
105110786,2
105076037,5
105120943,3
105118217,2
105114076,1
105064968,1
105108544,6
105061972,1
105043920,1
105098646,2
105077639,1
105025537,7
105052536,2
105093025,2
105122798,2
105087506,3
105112721,1
105047085,1
105112750,3
105120038,3
105122982,3
105093146,2
105121165,3
105097808,1
105120326,3
105087581,3
105080967,1
105111907,4
104993547,1
105123196,4
105110107,3
105098073,4
105114786,1
105047382,2
105020370,2
105113103,3
105107562,3
105096252,1
105090767,1
105121843,4
105121977,1
105067441,1
105120726,3
105103862,1
105071449,2
105112243,1
105077048,1
105118001,2
105087108,2
105054818,1
105101335,4
105116756,3
105111177,2
105062118,3
105028291,1
105121112,6
105033910,1
105080697,1
105069584,3
105044318,1
104626117,2
105126001,4
105069892,3
105121478,1
105121474,1
105048541,1
105047349,2
105098074,4
105104573,5
105121685,1
105000743,2
105102137,1
105015055,2
105113373,2
105019340,2
105117965,1
105112245,1
105122112,3
105124909,1
105087078,2
105117983,1
105115155,3
105094198,2
105120847,3
105039469,1
104965720,1
105123730,3
105120848,3
105046816,1
105125359,6
105091578,2
105105715,3
105059343,1
105120037,3
105111510,1
105043871,1
105025594,1
105118351,1
105123922,3
105083596,1
105125722,3
105067899,1
105064232,1
105089488,1
104993549,1
105095112,3
105086585,3
105089489,1
105034152,7
105073757,3
105127112,2
105123278,3
105121477,1
105126080,4
105003131,1
105106490,3
105112096,3
105113311,3
105114844,1
105113312,3
105126232,4
105121787,3
105069986,3
105053185,3
105110572,2
105113333,1
105105100,5
105092603,3
105119238,3
105112242,1
105070309,3
105068866,2
105077229,3
105123676,2
105123728,3
105080274,1
105077247,3
105115279,2
105074770,2
105116750,1
105073200,2
105018161,1
105067697,2
105066554,1
105080413,1
105071816,1
105063656,1
105126677,3
105050995,1
105103123,1
105128418,1
105107026,3
105103394,1
105128528,9
105124011,1
105118412,8
105126888,1
105036921,1
105066954,1
105120323,1
105101658,3
104925921,1
105096325,2
105092459,1
105102139,1
105085276,2
105112066,3
105117735,2
105123489,3
105116206,2
105061579,2
105107816,3
105119082,2
105107827,4
105070185,2
105073076,1
105109394,6
105119133,1
105098335,1
105123642,1
105101158,1
105109637,3
105098444,2
105083315,2
105080698,1
105126676,3
105126719,1
105107091,1
105098632,1
105094464,1
105046815,1
105028441,1
105035881,1
105111732,1
105129688,8
105103405,1
105106134,1
105106137,1
105095113,3
105007784,2
104703843,2
105097936,1
105106324,4
105096324,2
105076646,2
105130026,2
105130025,2
105099333,1
105113332,1
105126231,4
105113334,1
105121731,1
105046103,2
105109483,1
105126344,2
105001329,1
104955792,2
105105428,2
105096976,1
105039468,1
105129352,2
105086030,2
105075036,2
105083291,2
105035559,1
105112748,3
105098693,1
105125821,3
105124047,1
105129746,3
105089493,3
104543299,2
105093498,1
105056848,2
105041885,1
105128915,3
105088013,3
105121789,2
105096454,1
105096456,1
105113480,1
105113335,1
105126325,3
105039252,1
105112244,1
105099414,2
105112241,1
105130425,6
105124737,2
105127732,6
105103946,3
105075788,2
105117981,1
105096701,5
105077062,1
105123729,3
105102564,3
105078859,1
105105342,1
105088779,1
105001516,1
105129294,3
105067606,1
105081701,2
105105550,2
105105551,2
105025355,1
105108543,6
105090286,1
105116754,3
105104125,2
105093024,2
105126678,3
105131202,1
105114279,3
105131204,1
105092143,3
105125708,3
105125721,3
105124046,1
105126886,1
105120160,3
105083844,1
105123279,3
105033393,2
105121684,1
105124490,1
105124491,1
105112095,3
105127297,2
105121797,2
105130272,3
105110492,1
105119089,2
105131901,2
105110615,2
105127645,3
105102287,2
105067437,1
105099757,1
105080073,3
105121975,1
105103960,3
105075868,1
105094101,3
105129310,9
105104066,3
105080415,1
105074851,2
105074788,1
105133723,1
105133720,1
105133872,3
105128254,3
105128529,9
105128525,9
105092164,1
105125820,3
105118475,8
105117379,9
105045310,1
104974774,7
104853821,1
105038839,7
105005040,1
105115779,2
105068110,1
105129922,1
105042728,1
105070023,2
105089692,2
105029042,2
105114856,3
105133104,3
105130273,3
105117962,1
105093898,2
105124905,1
105134845,3
105108005,3
105102600,1
105092765,1
105115157,3
105120849,3
105113948,3
105133593,5
105133685,2
105126606,3
105101336,3
105121011,6
105077830,1
105080725,1
105086243,1
105080584,1
105097453,1
105056542,1
105107073,3
105131201,1
105122797,2
105036828,1
105125698,1
105124018,1
105122981,3
105093213,1
105125709,3
105080970,1
105129687,8
105078189,3
105072280,1
105083881,2
105000175,1
105106312,1
105115780,2
105121473,1
105124377,2
105061623,3
105112094,3
105119237,3
105022166,2
105064516,2
105121842,4
105131828,4
105117856,2
105095350,1
105126326,3
105133102,3
105092696,2
105123573,3
105134764,3
105119293,4
105129159,3
105079886,1
105096895,1
105089952,1
105094197,2
105124908,1
105129309,9
105134843,3
105077638,1
105080481,1
105088781,1
105087215,2
105133721,1
105074846,3
105125513,6
105132240,2
105129412,1
105125474,1
105133865,2
105118349,1
105077895,3
105090299,1
105123956,3
105128526,9
105111709,1
105048162,1
105120022,3
105135225,3
105118353,1
105075148,1
105125710,3
105084727,1
105005843,7
105086501,1
105090444,1
105089490,1
105095204,2
105126128,3
105075660,1
105089639,3
105092457,1
105079577,3
105099332,1
105084179,2
105130274,3
105135661,2
105135794,3
105117839,1
105130383,4
105130350,2
105129158,3
105082889,3
105112301,1
105137609,1
105134776,3
105015054,2
105074415,2
105137619,1
105091393,2
105136501,3
105108386,1
105094481,1
105136513,4
105094593,3
105128416,1
105136693,9
105125516,2
105136717,1
105111712,1
105138019,1
105115533,1
105115493,1
105123138,1
105134232,3
105120325,3
104980467,7
104993481,1
105036050,2
105137236,2
105104503,2
105019217,1
105096253,1
105109214,1
105053095,2
105045973,2
105121798,2
105131829,4
105084178,2
105045990,2
105137511,3
105091228,2
105076976,2
105137509,3
105137610,1
105121974,1
105096899,2
105124906,1
105137621,1
105123639,1
105098445,2
105091629,1
105133684,2
105074845,3
105129415,1
105129510,1
105109754,3
105125412,1
105137966,3
105139528,3
105092096,1
105123921,3
105125723,3
105121121,3
105137943,3
105015820,1
105049880,1
105118473,8
105083820,1
105134233,3
105039606,1
105104401,1
104997496,7
105126002,4
105106326,3
105110109,3
105068111,1
105044663,1
105084026,2
105061624,3
105102069,1
105117723,1
105121732,1
105062619,1
105137510,3
105096702,5
105103797,2
105123487,3
105113477,1
105130384,4
105137620,1
105094019,2
105138790,3
105137608,1
105127646,3
105137607,1
105106765,2
105127809,3
105133526,1
105133700,6
105078809,1
105137808,1
105077826,1
105139406,1
105131010,1
105139527,3
105097455,1
105135224,3
105138021,1
105093078,2
105090284,1
105136952,3
105104398,1
105138020,1
105137022,1
105137091,3
105081053,1
105106311,1
105096172,3
105085143,1
105109312,5
105109303,5
105126233,4
105121788,2
105137422,3
105137423,3
105070102,2
105055954,2
105140241,4
105096511,5
105062891,2
105119090,2
105102141,1
105140289,2
105138741,3
105063099,1
105138740,3
105089955,1
105110614,2
105133473,3
105084457,1
105136311,3
105133620,2
105077438,1
105042226,1
105133621,2
105142212,1
105137965,3
105090201,3
105131172,1
105140747,3
105097454,1
105124017,1
105135223,3
105140854,1
105129689,8
105137138,1
105137136,1
105124049,1
105101587,3
105140943,1
104963379,1
105140940,1
105030393,7
104993548,1
105140950,4
105141160,2
105121686,1
105117722,1
105126090,2
105121397,1
105138413,5
105070914,1
105135795,3
105141512,1
105096510,5
105113331,1
105133103,3
105102267,2
105138791,3
105141513,1
105138792,3
105136077,2
105138739,3
105141699,2
105122171,1
105134774,3
105087015,2
105091440,1
105140414,2
105122113,3
105141777,2
105138983,2
105143274,1
105129312,9
105133722,1
105129511,1
104999864,2
105098631,1
105094592,3
105097452,1
105080585,1
105039510,1
105137964,3
105133871,3
105142553,3
105072281,1
105046999,1
105074966,1
105064964,1
105118501,9
105100501,1
105114724,1
105080966,1
105131606,3
105124021,1
105131605,3
105137139,1
105114783,1
105042822,1
105082136,1
105129925,1
105126079,4
105097971,2
105054134,2
105123280,3
105087874,1
105138437,3
105079665,2
105134611,2
105102067,1
105131830,4
105082634,2
105134610,2
105141589,2
105070127,2
105123488,3
105143144,1
105068648,1
105102424,2
105127807,3
105133475,3
105079888,1
105105422,1
105143273,1
105126463,1
105084416,2
104951649,2
105095684,2
105058215,3
105137807,1
105133870,3
105063654,1
105108388,1
105077655,1
105128252,3
105094594,3
105142554,3
105137941,3
105137140,1
105140888,1
105126003,3
105142799,3
105127073,1
105135510,1
105068109,1
105117653,4
105100731,2
105100814,2
105135647,2
105135793,3
105017968,2
105113084,1
105102140,1
105144211,3
105118893,1
105140239,4
105113372,2
105140344,2
105093897,2
105141710,3
105144461,3
105143275,1
105127644,3
104999849,7
105074364,1
105136514,4
105052427,1
105088749,3
105049878,1
105136499,3
105145121,1
105139526,3
105145318,1
105140754,3
105140755,3
105145240,1
105064025,1
105095872,1
105072341,1
105084725,1
105140906,1
105052537,2
105095114,3
104990579,1
105142797,3
105146701,1
105082137,1
105146745,2
105146633,3
105070913,1
105137235,2
105145727,2
105142843,1
105089691,2
105138436,3
105145744,1
105124640,1
105099415,2
105047539,2
105141511,1
105109393,2
105144307,1
105146035,1
105137642,2
105137617,1
105105429,2
105080414,1
105131011,1
105147804,4
105072282,1
105131203,1
105131170,1
105145320,1
105123955,3
105112756,1
105118302,2
105137942,3
105138028,3
105124020,1
105137089,3
105137090,3
105140887,9
105137137,1
105003133,1
105103615,2
105132642,1
105100788,1
105071009,3
105061460,1
105068112,1
105113088,1
105145728,2
105128913,3
105127296,2
105095336,1
105147013,4
105090769,1
105138546,3
105145885,4
105141510,1
105051572,2
105147276,3
105089906,3
105122169,1
105134844,3
105115278,2
105129353,2
105084458,1
105129308,9
105076101,1
105146273,1
105098630,1
105145147,1
105056543,1
105140748,3
105112754,1
105145237,1
105137156,6
105024708,1
105104455,3
105149498,1
105149592,1
105138438,3
105144212,3
105148633,2
105144311,1
105060171,2
105140240,4
105144462,3
105134775,3
105140345,2
105096703,5
105096893,1
105127731,6
105150274,3
105008197,1
105127808,3
105146115,3
105147521,3
105147522,3
105105425,1
105018160,1
105000027,1
105094264,1
105078016,1
105146305,3
105060911,1
105136742,1
104971665,2
105095874,1
105109813,2
105145319,1
105112757,1
105145300,1
105124019,1
105122983,3
105145238,1
105149224,3
105137054,8
105135316,1
105103390,1
105151225,3
105149312,3
105140885,1
105149397,2
105048438,1
105149398,2
105149501,1
105068050,1
105149595,1
105145725,4
105141161,2
105123337,6
105149479,3
105148636,2
104978045,1
105029030,2
105102194,2
105150276,3
105096975,1
105133474,3
105147523,3
105150738,1
105025365,7
105145148,1
105107028,3
105140746,3
105143625,3
105143624,3
105072467,1
105097577,1
105121122,3
105092093,1
105140886,9
105115532,1
105151226,3
105149313,3
104626118,2
105114854,3
105112987,1
105149503,1
105145724,4
105126126,3
105109294,2
105135648,2
105138547,3
105103798,2
105151428,3
105095337,1
105095352,1
105151485,2
105134612,2
105101150,1
105099607,2
105119066,1
105088499,1
105146075,3
105146116,3
105099923,2
105046738,1
105076003,1
105139408,1
105146272,1
105105816,2
105095873,1
105095842,2
105150884,1
105089235,3
105132293,2
105145239,1
105095875,1
105108938,1
105093079,2
105153703,3
105072284,1
105124009,1
105104456,3
105129747,3
105025592,1
105118474,3
105092321,3
105103408,1
105149428,1
105140947,4
105146702,1
105096179,2
105120495,2
105092498,2
105130121,3
105002254,2
105137421,3
105117725,1
105100995,2
105147014,4
105145884,4
105102306,1
105145898,2
105113520,2
105144309,1
105151608,5
105151710,3
104948926,2
105133595,5
105151804,1
105121012,2
105147857,1
105064966,1
105131171,1
105072345,1
105142555,3
105153718,1
105153741,3
105149240,3
105092033,1
105153719,1
105151227,3
105108937,1
105101586,3
105080968,1
105075335,1
105090447,1
105120250,1
105103407,1
105135359,1
105146634,3
105149593,1
105106489,3
105114855,3
105000646,2
105151484,2
105148637,2
105134717,1
105145886,4
104982745,1
105130385,4
105079889,1
105140415,2
105150244,3
105133529,1
105109636,3
105072344,1
105078797,1
105078858,1
105147724,1
105099654,3
105142096,1
105039470,1
105149081,1
105139409,1
105145185,3
104997240,1
105156386,1
105153739,3
105120039,3
105145321,1
105156565,1
105156567,1
105140855,1
105118502,1
105104400,1
105090285,1
105145509,3
105153720,1
105045315,1
105156762,1
105145391,1
105156783,1
105107259,1
105154972,8
105101670,3
105142798,3
105149430,1
105128914,3
105149506,1
105126091,2
105135511,1
105145743,1
105148573,3
105138477,3
105106491,3
105138478,3
105102095,2
105157002,2
105155412,4
105110545,2
105119067,1
105094018,2
105151647,1
105110787,2
105141594,3
105091356,1
105116626,2
105146114,3
105147591,3
105143276,1
105150365,1
105111011,2
105157444,1
105150736,1
105139387,3
105131008,1
105139407,1
105131361,1
105145322,1
105153702,3
105075281,1
105156571,3
105149222,3
105059346,1
105089491,3
105129712,1
105123137,1
105099075,1
105114846,1
105110108,3
105121504,1
105041753,1
105127072,1
105156882,3
105156881,3
105127113,2
105145740,3
105145741,3
105149480,3
105131706,2
105034460,7
105117800,2
105084125,2
105114894,2
105106602,5
105117836,1
105051688,2
105092641,3
105121841,3
105123572,3
105143143,1
105118012,2
105057993,1
105158649,2
105141711,2
105124907,1
105129360,1
105157412,1
105157434,3
105112720,1
105028289,1
105083599,1
105159314,1
105154857,1
105156564,1
105156644,1
105136951,3
105108939,1
105134231,3
105044444,2
105159704,2
105156883,3
105053023,1
105129923,1
105148574,3
105102070,1
105114784,1
105097933,1
105123338,6
105158098,3
105099330,1
105096581,2
105087240,1
105124638,1
105147015,4
105157101,4
105155411,4
105099329,1
105123641,1
105096953,2
104977186,1
105151695,3
105154503,3
105080272,1
105128316,1
105157469,3
105128253,3
105046804,1
105080708,2
105043870,1
105156645,1
105145186,3
105159313,1
105156642,1
105153717,1
105066957,1
105159403,3
105064230,1
105124010,1
105139933,3
105140946,4
105098023,1
105159673,1
105137285,3
105146703,1
105154064,3
105145746,1
105159703,2
105051094,1
105121796,2
105096232,3
105143025,4
105115045,2
105137526,2
105155531,1
105151584,3
105158432,1
105154501,3
105119542,1
105122168,1
105120944,3
105154583,1
105154582,1
105125358,2
105081702,2
105075145,1
105128317,1
105131173,1
105153704,3
105159315,1
105125520,2
105157683,1
105157680,1
105159404,3
105162360,1
105149311,3
105114727,1
105159607,1
105160684,1
105078326,1
105145745,1
105121487,2
105160616,3
105155254,2
105121488,2
105152399,6
105098021,1
105121475,1
105130119,3
105119069,1
105119011,1
105102195,2
105109310,5
105088503,1
105158320,2
105117837,1
105152859,2
105089720,1
105045969,2
105144310,1
105008198,1
105127820,2
105154502,3
105075866,1
105155888,2
105148994,1
105129296,3
105070485,1
105136312,3
105157383,1
105137805,1
105126607,3
104990582,1
105157514,1
105146293,1
105136950,3
105149241,3
105154821,1
105125701,1
105145303,1
105093210,1
105100503,1
105072468,1
105124012,1
105148381,2
105153979,3
105126885,1
105070742,1
105159609,1
105056849,2
105152313,1
105160726,3
105112988,1
105160835,1
105055986,2
105155379,2
105117801,2
105137444,2
105157099,4
105138479,3
105161014,1
105145897,2
105119132,1
105150243,3
105120727,3
105164035,2
105158648,2
105087107,2
105067599,1
105129340,1
105136310,3
105105343,1
105163033,2
105076004,1
105157413,9
105108368,3
105107092,1
105118309,1
105121167,3
105156646,1
105160468,3
105138027,3
105156761,1
105149242,3
105157684,3
105137155,6
105145508,3
105107172,1
105047987,1
105079004,1
105032873,1
105129709,1
104937922,1
104990580,1
105163433,1
105160685,1
105064340,1
105149596,1
105113086,1
105162479,3
105146732,2
105146731,2
105118881,1
105109311,5
105155253,2
105143023,4
105140248,2
105143121,2
105129240,2
105091489,1
105082655,1
105119207,3
105141709,3
105139086,2
105164262,3
105123640,1
105129413,1
105129407,2
105121074,2
105109812,2
105119839,2
105061007,1
105115534,1
105064027,1
105156569,3
105106135,1
105120159,3
105153977,3
105080582,1
105100502,1
105122911,3
104997270,1
105165113,1
105107170,1
105107173,1
105135313,1
105081057,1
105078324,1
105165293,1
105163432,1
105154119,4
105121396,1
105129926,1
105159702,2
105165386,2
105162527,1
105145899,2
105112185,2
105165458,2
105105423,1
105161077,4
105149804,1
105161078,4
105147275,3
105123677,2
105161582,9
105067598,1
105142097,1
105154580,1
105073278,1
105160467,3
105163172,1
105159312,1
105157601,3
105103393,1
105167877,1
105153589,3
105145457,1
105137019,1
105093211,1
105154930,3
105100504,1
105168077,1
105160728,3
105132644,1
105165290,1
105145735,2
105093487,2
105145726,4
105163580,6
105154135,3
105087779,1
105138548,3
105114885,2
105121733,1
105144210,3
105161012,1
105161087,1
105151583,3
105107815,3
105141592,3
105110726,2
105066176,1
105140471,2
105154581,1
105098509,2
105167374,2
105129411,1
105097273,2
105115535,1
105165897,3
105163175,1
105072107,1
105121166,3
105154819,1
105167873,3
105112842,1
105159304,3
105140797,1
105166086,3
105122974,3
105090448,1
105149427,1
105160617,3
105168092,1
105168158,4
105159627,1
105160833,1
105109216,1
105127427,2
105158097,3
105123497,2
105082252,1
105166522,5
105119012,1
105163879,5
105161086,1
105134788,1
105166887,2
105143122,2
105152860,2
105134765,3
105150245,3
105161578,9
104999820,1
105158779,2
105054765,1
105126608,3
105116744,5
105151803,1
105136512,3
105119838,2
105101364,1
105066555,1
105102752,2
105164878,3
105143626,3
105164995,3
105168904,3
105154860,1
105028440,1
105168079,1
105123136,1
105167917,1
105149429,1
105140945,3
105154062,3
105117616,5
105159782,2
105145739,3
105168203,1
105117618,5
105100787,1
105056053,1
105101076,1
105050480,2
105166921,1
105091392,2
105130826,2
105137806,1
105143353,1
105170246,1
105101402,2
105126722,1
105156570,3
105164996,3
105080700,1
105154858,1
105052688,1
105167878,1
105166127,1
105167880,1
105162422,3
105168080,1
105090445,1
105131607,3
105143743,3
104999295,1
105149507,1
105126078,3
105160686,1
105114845,1
105109215,1
105152400,6
105154063,3
105165292,1
105099073,1
105163642,1
105092455,1
105155596,2
105141143,5
105101159,1
105171068,2
105171114,1
105118894,1
105118829,5
105095353,1
105161076,4
105166909,1
105130424,2
105070103,2
105122076,1
105034870,2
105116527,2
105167149,1
105119538,1
105147592,3
105129295,3
105157415,9
105129408,2
105163112,1
105057741,1
105129508,1
105125477,1
105164877,3
105164879,3
105167874,3
105167872,3
105171661,3
105093214,1
105171788,1
105168031,1
105097809,1
105173652,1
105100732,2
105159626,1
105149374,1
105168157,4
105145736,2
105159676,1
105130120,3
105121687,1
105070006,2
105143034,3
105172338,1
105077063,1
105168378,4
105144331,2
105141776,2
105054751,2
105155902,5
105146073,3
105118002,2
105172746,2
105168534,2
105092784,2
105171468,4
105098496,3
105130876,2
105170276,2
105145145,1
105171524,1
105095871,1
105137828,2
105112758,1
105136745,1
105174504,1
105049563,1
105153806,1
105120322,1
105112844,1
105166126,1
105166125,1
105168078,1
105174619,2
105140949,3
105109113,1
105170861,1
105100786,1
104999297,1
105112945,1
105171816,4
105148461,1
105145657,1
105114785,1
105163581,6
104990797,2
105169256,3
105131731,2
105152206,1
105059605,1
105169255,3
105144110,1
105117734,2
105138533,2
105161085,1
105148572,3
105089766,2
105074366,1
105173894,1
105171213,3
105150275,3
105151711,3
105137618,1
105155904,5
105150367,1
105149084,1
105174329,2
105171470,4
105098607,1
105170308,1
105111509,1
105174397,1
105174469,3
105174495,3
105168905,3
105167881,1
105170631,1
105139934,3
105092094,1
105168996,1
104997238,1
105176468,4
105142845,1
105176463,1
105054464,1
105160782,1
105160727,3
105100807,2
105144112,1
105166643,4
105110491,1
105127408,2
105173913,1
105171080,1
105173896,1
105165584,3
105165585,3
105161335,2
105091357,1
105164263,3
105043872,1
105171381,1
105150366,1
105139389,3
105111003,2
105167373,2
105132241,2
105042228,1
105133594,5
105174328,2
105171528,1
105154745,1
105176031,2
105167563,2
105149214,1
105072283,1
105162004,2
105171660,3
105159305,3
105167900,3
105112755,1
105174503,1
105177336,3
105093147,2
105122913,3
105075336,1
105166088,3
105169000,1
104881032,1
105106325,3
105176467,4
105159605,1
105121505,1
105121507,1
105154133,3
105163729,1
105162630,2
105068394,2
105145840,2
105143033,3
105172254,1
105090904,1
105092553,2
105144515,3
105171212,3
105076978,2
105165583,3
105164371,3
105094465,1
105170277,2
105136500,3
105171469,4
105077829,1
105032872,1
105133701,2
105137829,2
105146303,3
105165899,3
105174467,3
105154758,2
105176124,1
105107171,1
104963306,2
105138022,1
105174468,3
105179143,1
105174505,1
105167924,1
105171786,1
105123135,1
105169257,3
105113087,1
105148493,1
105163646,1
105174960,2
105179446,2
105168200,1
105114893,2
105168377,4
105172339,1
105075998,1
105166645,4
105140346,2
105082650,1
105067439,1
105075867,1
105119539,1
105165771,1
105119541,1
105077828,1
105143417,1
105151868,1
105170248,1
105139388,3
105170309,1
105178703,5
105129512,1
105094462,1
105163110,1
105178704,5
105146304,3
105167564,2
105149083,1
105174493,3
105174399,1
105166124,1
105177253,3
105079005,1
105137056,3
105077640,1
105157685,3
105081054,1
105111708,1
105117381,1
105169001,1
105101672,3
105168998,1
105120321,1
105064336,1
105152208,1
105179285,1
105179294,1
105176462,1
105160618,3
105145655,1
105142842,1
105177572,3
105168202,1
105145742,1
105062749,2
105142846,1
105154117,4
105163645,1
105179479,3
105155530,1
105155413,4
105163823,2
105078438,1
105173953,4
105176767,1
105180876,1
105157100,4
105164261,3
105150368,1
105162930,1
105174150,1
105167148,1
105129342,1
105133864,2
105151802,1
105179898,1
105179942,2
105116751,1
105132229,2
105108369,3
105170247,1
105080583,1
105154746,1
105163176,1
105178969,3
105123957,3
105177334,3
105156643,1
105170629,1
105145305,1
105072123,1
105045313,1
104993550,1
105176466,4
105112946,1
105162480,3
105142844,1
105182188,1
105096083,2
105128900,1
105127075,1
105145892,2
105143024,3
105173954,4
105163940,1
105119160,2
105143184,2
105175324,2
105164307,1
105143183,2
105111004,2
105111052,2
105182553,3
105129311,1
105085891,1
105146173,2
105165775,3
105171497,2
105148993,1
105129414,1
105179945,3
105060781,2
104999865,2
105179978,3
105179943,3
105171530,1
105179944,3
105125700,1
105103247,1
105157602,3
105015822,1
105028402,1
105181770,8
105178833,1
105178835,1
105170628,1
104988732,1
105089234,7
105162420,3
105124048,1
105166118,3
105179087,2
105003129,1
105162426,1
105179293,1
105179283,1
105183219,2
105183099,3
105078323,1
105154134,3
105180579,2
105095307,1
105154186,2
105169434,3
105177851,1
105183546,4
105163938,1
105169435,3
105145891,2
105147274,0
105145960,2
105117857,2
105124998,1
105122170,1
105164305,1
105105341,1
105084543,1
105182554,3
105181080,1
105092767,1
105158650,2
105106764,2
105116753,1
105150737,1
105184293,2
105142094,1
105170311,1
105184412,3
105181768,8
105175980,1
105180079,1
105120324,1
105153588,3
105108851,1
105138029,3
105168906,3
105181991,9
105157686,3
105173646,3
105132641,1
105135361,1
105162478,3
105166415,2
105174708,4
105179287,1
105163727,1
105095308,1
105154187,2
105161089,1
105163512,2
105155380,2
105119134,1
105082635,2
105183558,2
105159904,1
105183544,4
105176768,1
105141588,2
105096845,2
105183792,2
105123571,3
105164252,2
105181137,1
105133528,1
105181173,1
105133527,1
105106879,2
105119540,1
105165769,1
105174154,1
105143418,1
105182733,3
105151867,1
105170249,1
105178586,3
105178834,1
105182781,1
105184528,1
105056540,1
105178705,5
105181530,1
105185669,8
105090283,1
105159303,3
105126884,1
105089233,7
105145302,1
105174507,1
105185753,3
105120249,1
105183049,1
105182185,1
105118828,1
105151429,3
105161011,1
105157003,2
105183545,4
105165459,2
105173912,1
105163807,1
105092640,3
105176769,1
105182395,4
105144330,2
105180877,1
105134718,1
105115156,3
105183855,2
105120942,3
105181175,1
105182707,1
105171527,1
105151801,1
105175982,1
105184349,3
105171525,1
105157513,1
105150735,1
105184490,1
105185708,1
105181850,3
105185718,3
105180080,1
105164994,3
105174506,1
105103391,1
105156566,1
105184857,3
105185867,3
105156782,1
105162423,1
105115746,2
105121503,1
105107265,2
105124492,1
105177841,4
105179478,3
105140189,2
105186369,4
105186371,4
105186370,4
105171081,1
105163937,1
105173917,5
105124637,1
105126459,1
105149806,1
105185336,1
105185333,1
105142045,2
105174151,1
105147803,3
105165777,3
105151869,1
105131009,1
105171526,1
105184529,1
105145187,3
105184527,1
105153510,3
105136743,1
105181848,3
105032625,1
105185717,3
105156568,1
105180077,1
105163174,1
105092144,7
105167901,3
105078015,1
105166120,3
105165200,3
105111876,2
105185865,3
105095306,1
105185908,3
105183051,1
105183097,3
105188646,1
105174707,4
105182272,1
105187897,3
105118703,2
105163643,1
105014746,2
105159835,2
105154287,1
105189303,1
105163806,1
105103863,1
105144460,3
105118054,1
104875656,2
105165776,3
105091631,1
105039608,1
105175794,6
105178644,2
105187066,3
105136695,1
105150734,1
105171531,1
105182841,3
105046814,1
105146275,1
105140798,1
105185671,8
105154820,1
105181729,3
105185752,3
105156763,1
105167879,1
105184844,1
105181990,9
105024543,1
105140941,1
104825018,2
105171815,4
105171817,4
105182125,3
105182140,1
105182190,1
105137284,3
105184984,1
105190675,1
105117588,1
105187896,3
105079590,1
105140190,2
105121976,1
105189146,4
105130349,2
105096844,2
105117840,1
105186558,3
105141700,2
105146032,1
105119387,2
105185297,1
105185334,1
105186755,1
105176942,5
105186831,1
105162954,3
105130827,2
105091490,1
105096977,1
105136694,1
105100062,2
105182732,3
105170310,1
105184285,3
105125512,2
105191177,9
105185670,3
105171662,3
105157681,1
105177335,3
105165201,3
105090452,1
104995940,1
105191453,4
105121400,1
105190527,3
105117610,1
105138321,2
105160832,1
105154118,3
105190676,1
105187950,2
105182274,1
105154283,1
105179480,3
105166644,4
105155597,2
105143068,2
105126343,2
105185298,1
105163881,5
105141593,3
105185296,1
105164410,1
105157384,1
105163109,1
105184414,3
105167691,1
105181769,8
105184489,1
105190198,3
105177254,3
105103392,1
105178970,3
105160383,1
105159402,3
105165111,1
105190337,3
105162345,1
105191455,4
105173654,1
105117611,1
105184983,1
105149594,1
105185957,4
105176515,6
105138412,5
105129921,1
105109213,1
105123496,2
105173929,1
105078631,2
105171112,1
105177842,4
105172256,1
105173918,5
105172337,1
105140247,2
105172341,1
105143067,2
105173952,4
105102286,2
105133260,2
105121978,1
105077636,1
105140290,2
105091355,1
105157411,1
105125517,2
105129239,2
105148991,1
105151866,1
105184284,3
105187064,3
105154759,2
105061970,1
105190054,8
105098703,2
105190200,3
105184492,1
105188559,3
105181992,9
105176125,1
105193185,3
105190314,3
105142391,1
105024541,1
105179141,1
105190448,3
105156784,1
105107258,1
105162421,3
105159608,1
105022884,1
105194255,5
105191451,4
105135358,1
105163435,1
105193326,1
105188711,1
105162425,1
105182142,1
105190525,3
105146746,2
105129924,1
105071157,1
105182284,3
105190715,2
105157144,1
105180848,2
105136076,2
105161334,2
105073277,1
105094277,2
105164372,3
105178587,3
105136719,1
105157433,3
105174159,3
105195501,3
105192583,9
105191142,3
105174400,1
105184413,3
105194068,3
105156388,1
105182842,3
105181731,3
105070744,1
105154859,1
105193184,3
105095841,2
105149211,1
105162344,1
105109117,1
105165289,1
105168093,1
105177574,3
105059602,1
105174706,4
105165291,1
105194338,4
105194542,1
105182275,1
105190674,1
105193585,3
105171083,1
105122114,2
105112186,2
105189275,1
105191954,4
105123436,2
105164036,2
105185299,1
105168533,2
105116533,2
105155889,2
105186818,1
105181172,1
105142044,2
105050600,2
105129343,1
105070483,1
105157468,3
105170245,1
105182731,3
105191179,9
105061971,1
105175981,1
105117065,2
105190053,8
105185754,3
105185710,1
105191361,1
105111875,2
105193231,1
105173647,3
105168032,1
104994741,2
105194254,5
105173655,1
105126103,2
105191454,4
105117589,1
105163604,1
105059604,1
105160834,1
105177573,3
105194339,4
105193457,4
105168204,1
105145839,2
105194763,4
105158466,2
105144308,1
105191899,1
105182396,4
105191850,1
105112422,1
105158321,2
105159902,1
105191955,4
105185236,2
105166910,1
105088500,1
105166956,3
105196495,2
105157143,1
105101149,1
105162926,1
105185460,1
105196708,3
105149082,1
105171496,2
105191141,3
105175979,1
105181849,3
105184491,1
105157600,3
105198562,2
105111612,2
105196852,3
105179145,1
105174494,3
105152001,1
105194114,3
105191359,1
105179088,2
105083842,1
105184859,3
105197152,4
105140948,3
105022054,2
105053021,1
105173651,1
105152207,1
105176526,3
105197154,4
105179284,1
105048542,1
105166414,2
105165254,2
105126127,3
105186116,5
105187951,2
105135662,2
105190677,1
105132793,1
105114884,2
105194761,4
105151582,3
105159836,2
105101072,1
105182378,1
105182397,4
105189272,1
105189274,1
105112260,2
105155532,1
105102138,1
105179690,2
105117964,1
105194962,1
105176917,3
105116752,1
105176916,3
105181135,1
105129341,1
105196628,3
105147723,1
105196678,3
105198173,1
105129339,1
105198177,1
105198176,1
105100061,2
105181528,1
105178585,3
105162928,1
104756447,2
105061009,1
105125521,2
105039509,1
105154749,1
105132294,2
105098628,1
105191178,9
105098702,2
105190199,3
105145110,1
105187423,1
105185716,3
105193129,1
105156385,1
105166119,3
105027037,1
105115586,1
105115598,1
105125969,1
105162342,1
105174618,2
105191450,4
105193324,1
105198995,4
105152210,1
105182141,1
105162525,1
105179286,1
105182186,1
105198975,3
105194537,1
105194539,1
105193435,2
105187898,3
105163824,2
105158099,3
105199190,1
105161050,1
105179628,3
105122167,1
105151646,1
105196626,3
105191044,3
105175795,2
105175978,1
105196691,3
105196853,3
105167514,6
105182709,1
105097573,1
105140756,3
105114281,7
105179977,3
105179979,3
105194069,3
105187421,1
105131236,1
105193183,3
105198608,8
105191360,1
105193132,1
105145111,1
105199922,3
105149378,1
105112944,1
105112943,1
105198923,4
105160785,1
105194540,1
105196231,1
105200055,1
105193458,4
105182283,3
105200054,1
105119070,1
105149502,1
105184985,1
105163942,1
105115080,2
105180875,1
105191956,4
105193583,3
105143141,1
105119386,2
105185285,1
105159903,1
105185231,2
105164304,1
105174153,1
105200828,3
105151788,1
105200829,3
105186820,1
105186833,1
105181176,1
105061974,1
105105421,1
105185462,1
105198174,1
105202367,3
105202436,3
105196690,3
105191176,9
105066199,2
105128318,1
105202434,3
105167692,1
105187306,3
105191143,3
105198633,3
105199745,1
105198632,3
105187422,1
105199732,3
105111729,1
105179144,1
105202588,3
105125699,1
105108848,1
105188578,1
105188647,1
105162424,1
105183052,1
105183047,1
105064337,1
105198922,4
105201780,1
105166277,1
105128898,1
105201782,1
105112985,1
105193387,5
105087777,1
105177620,2
105163644,1
105165385,2
105114908,1
105182271,1
105200435,4
105166922,1
105163941,1
105200436,4
105202181,1
105196496,2
105146074,3
105200881,1
105176918,3
105192582,9
105198220,1
105196680,3
105129509,1
105202369,3
105202403,3
105028403,1
105118350,1
105202404,3
105204140,3
105156387,1
105145392,1
105202435,3
105196854,3
105202496,3
105064029,1
105181993,9
105201640,3
105140796,1
105190450,3
105149223,3
105139932,3
105159606,1
105182127,3
105118704,2
105198997,4
105117590,1
105128897,1
105202787,4
105202786,4
105148494,1
105202876,1
105194337,4
105194538,1
105190679,1
105169280,1
105189145,4
105169433,3
105189137,4
105173914,1
105193608,4
105203381,2
105154232,1
105098336,1
105189273,1
105186559,3
105113813,1
105194961,1
105197820,2
105168351,1
105185353,1
105202184,1
105196528,2
105186830,1
105171384,1
105157390,1
105140472,2
105192639,2
105181532,1
105202468,1
105149085,1
105185709,1
105178971,3
105107122,1
105157682,1
105198634,3
105195993,1
105201449,3
105188558,3
105193013,3
105190338,3
105162362,1
105205464,3
105090450,1
105099077,1
105191452,4
105204603,1
105138322,2
105182126,3
105144113,1
105148460,1
105204605,1
105193325,1
105177619,2
105184986,1
105194541,1
105124612,2
105204747,1
105168376,3
105174961,2
105124494,1
105159922,2
105197594,3
105193606,4
105167024,2
105180879,1
105186466,2
105159900,1
105182555,3
105109482,1
105162953,3
105186832,1
105192581,9
105196701,1
105129337,2
105171383,1
105195500,3
105201121,2
105111518,1
105091354,1
105157387,1
105154747,1
105205219,1
105187419,1
105202498,3
105205253,1
105204144,3
105182840,3
105202472,1
105078012,1
105185706,1
105201450,3
105193012,3
105194113,3
105084728,1
105205462,3
105183050,1
105199866,4
105179291,1
105183098,3
105121506,1
105182143,1
105067119,2
105149375,1
105205643,1
105205544,1
105205545,1
105182189,1
105148462,1
105169247,2
105196233,1
105205723,4
105204745,1
105177843,4
105154138,2
105147115,2
105187850,5
105180421,1
105148463,1
105200312,4
105173850,1
105182381,1
105173847,1
105190807,1
105186560,3
105179629,3
105188159,3
105139085,2
105207822,3
105186757,1
105167150,1
105201005,1
105192755,3
105187065,3
105202368,3
105201006,1
105206641,1
105174401,1
105205217,1
105202402,3
105165767,1
105204026,2
105191132,1
105204139,3
105202470,1
105204025,2
105207143,3
105104399,1
105205377,1
105201641,3
105153740,3
105207263,1
105168034,1
105199862,3
105165199,3
105160469,3
105068047,1
105179292,1
105112941,1
105207376,4
105204606,1
105208612,4
105205722,4
105205721,4
105196234,1
105162524,1
105099074,1
105190678,1
105179447,2
105087778,1
105200434,4
105194577,1
105092564,2
105137445,2
105114996,2
105189138,4
105151648,1
105207692,4
105200635,1
105194840,2
105203334,4
105186622,2
105158433,1
105132137,2
105200830,2
105171432,5
105197988,2
105188160,3
105185410,2
105157380,1
105192754,3
105181531,1
105209507,3
105201258,1
105143537,1
105188575,1
105208115,3
105207075,1
105143539,1
105078014,1
105207144,3
105184858,3
105207265,1
105190315,3
105210169,3
105171784,1
105048544,1
105180424,1
105168159,3
105179419,1
105204676,2
105207401,2
105200082,2
105201938,3
105174920,1
105177530,1
105200056,1
105204748,1
105196248,1
105159901,1
105193607,4
105169639,3
105185235,2
105151645,1
105204959,3
105164251,2
105127821,2
105026691,2
105147652,1
105171431,5
104612750,2
105196679,3
105176941,5
105207948,2
105195499,3
105205180,1
105205182,1
105173120,2
105201259,1
105165770,1
105205220,1
105090442,1
105014050,1
105052691,1
105205375,1
105185707,1
105156389,1
105140799,1
105202589,3
105202590,3
105207073,1
105188579,1
105111908,7
105131359,1
105166190,1
105170863,1
105207377,4
105201769,4
105202785,4
105198974,3
105159674,1
105196232,1
105201939,3
105154295,2
105163808,1
105205822,4
105182259,2
105200205,2
105143038,2
105206075,4
105172079,5
105194579,1
105179563,5
105117724,1
105200377,1
105159781,2
105141145,1
105192175,1
105172298,1
105210549,4
105166886,2
105102604,1
105132136,2
105079006,1
105186819,1
105198300,3
105201134,3
105206643,1
105201135,3
105206640,1
105184286,3
105201260,1
105205251,1
105145301,1
105194029,3
105193014,3
105199733,3
105173439,1
105171749,1
105198817,6
105207264,1
105207262,1
105129711,1
105166087,3
105183034,1
105171746,1
105168997,1
105212992,4
105207375,4
105208565,6
105160781,1
105071158,1
105109305,1
105189111,2
105211546,1
105205820,4
105200192,2
105189139,4
105171082,1
105197593,2
105179565,5
105138532,2
105194923,6
105144513,3
105096974,1
105202145,3
105207823,3
105144514,3
105134766,3
105207824,3
105158600,1
105143352,1
105181174,1
105137804,1
105205179,1
105201004,1
105209572,3
105181529,1
105114075,1
105204142,3
105205221,1
105111406,1
105202469,1
105195798,8
105090441,1
105173440,1
105205373,1
105205374,1
105190336,3
105081056,1
105212713,3
105207145,3
105179142,1
105201639,3
105197016,1
105188560,3
105167926,1
105188648,1
105068046,1
105096082,2
105152311,1
105168090,1
105152312,1
105202874,1
105019154,1
105213188,4
105211543,1
105114907,1
105213239,1
105200523,1
105207675,3
105191849,1
105197592,3
105213287,5
105165629,2
105173898,1
105213286,5
105194959,1
105179630,3
105192192,2
105210548,4
105210613,2
105165768,1
105145959,2
105211991,2
105142095,1
105191042,3
105143541,1
105167147,1
105163034,2
105198175,1
105192584,9
105209506,3
105145236,1
105194027,3
105206890,1
105209691,3
105205218,1
105187305,3
105208117,3
105213721,3
105202497,3
105181730,3
105207085,3
105084724,1
105057996,1
105205376,1
105205443,3
105143744,3
105199923,3
105212986,4
105212991,4
105214074,6
105062467,1
105166276,1
105213099,3
105135509,1
105204653,1
105135628,2
105200314,4
105205821,4
105168348,1
105154294,2
105079587,1
105166908,1
105183729,2
105193584,3
105180878,1
105183791,2
105174034,2
105194922,6
105186621,2
105211990,2
105202146,3
105164308,1
105185295,1
105205091,3
105214837,3
105186753,1
105215209,3
105205255,1
105213632,3
105198301,3
105184351,3
105202471,1
105209693,3
105178836,1
105142388,1
105207072,1
105215639,1
105215522,3
105209965,3
105166161,1
105115602,1
105062617,1
105215761,1
105174921,1
105186278,2
105208610,4
105145659,1
105208702,2
105215985,1
105119159,2
105216065,3
105090793,2
105186467,2
105192176,1
105211822,1
105155903,1
105115146,7
105192191,2
105217618,3
105214839,3
105210650,2
105179887,1
105128114,1
105184245,1
105111613,2
105207973,3
105210835,1
105210836,1
105201257,1
105206888,1
105090199,7
105189840,1
105194112,3
105213720,3
105213756,3
105215641,1
105215523,3
105210170,3
105202690,1
105120248,1
105125971,1
105183048,1
105198921,4
105212984,4
105187849,5
105145656,1
105152209,1
105163641,1
105208611,4
105214249,2
105203022,1
105198973,3
105200083,2
105217110,4
105121688,1
105194747,2
105211544,1
105214278,4
105204746,1
105200376,1
105191897,1
105213148,4
105186277,2
105185102,5
105161013,1
105207698,2
105216064,2
105159851,2
105207673,3
105213236,1
105143142,1
105194958,1
105202180,1
105216204,1
105186754,1
105104090,1
105183856,2
105210652,2
105217619,3
105210651,2
105104094,1
105216307,3
105185458,1
105132230,2
105216435,1
105205178,1
105215210,3
105213602,3
105213601,3
105145112,1
105213630,3
105146274,1
105213719,3
105072401,1
105201451,3
105039607,1
105163173,1
105187307,3
105170403,1
105171787,1
105166157,1
105166149,1
105201762,2
105137283,3
105219502,4
105219501,4
105204604,1
105212985,4
105159628,1
105191847,1
105191848,1
105118879,1
105217111,4
105148632,2
105180759,1
105211542,1
105126324,3
105204957,0
105202183,1
105160037,2
105157414,1
105129336,2
105185461,1
105216431,1
105121123,7
105184350,3
105206889,1
105194028,3
105220817,3
105205254,1
105209574,3
105192753,3
105218092,3
105208210,3
105131235,1
105170630,1
105215642,1
105221194,1
105045308,1
105045307,1
105190407,1
105162343,1
105056697,2
105208333,4
105166274,1
105070916,1
105101978,1
105211177,1
105173653,1
105160784,1
105115745,2
105221401,4
105159672,1
105214279,4
105185103,5
105173846,1
105180849,2
105189144,3
105221666,3
105200525,1
105217319,3
105217353,2
105217620,3
105190960,1
105104091,1
105217495,3
105119208,7
105212172,5
105050706,1
105176943,5
105214838,3
105214976,1
105220455,2
105205092,3
105205093,3
105206649,2
105191043,3
105192640,2
105179941,2
105134990,2
105213603,3
105213567,3
105220819,3
105222075,3
105218093,3
105220890,1
105118500,1
105187418,1
105222226,1
105216667,3
105197015,1
105222228,1
105184846,1
105190449,3
105168999,1
105166150,1
105112871,2
105016345,1
105208335,3
105197136,1
105219503,4
105148464,1
105219584,1
105185910,3
105044562,2
105176557,2
105222507,1
105127074,1
105221400,4
105211327,2
105219714,4
105202875,1
105182187,1
105186237,1
105118880,1
105206003,4
105217109,4
105215986,1
105189112,2
105163880,5
105174160,3
105115145,7
105175481,2
105072124,1
105186822,1
105220457,2
105216309,1
105214975,1
105198093,6
105201133,3
105200883,1
105220450,2
105216306,3
105216432,1
105222076,3
105167690,1
105190163,1
105075337,1
105195811,6
105199700,2
105177376,1
105153978,3
105132643,1
105106338,2
105211180,1
105070915,1
105185958,3
105107264,2
105188708,1
105211326,2
105219735,3
105222506,1
105202877,1
105197466,3
105219944,1
105162631,2
105177852,1
105124611,2
105221610,2
105151609,1
105203335,4
105220448,2
105221881,1
105203472,2
105162927,1
105196692,3
105202278,1
105222000,1
105223522,2
105224879,1
105220891,1
105206886,1
105171529,1
105190313,3
105150885,1
105114726,1
105221195,1
105199734,3
105216668,3
105215714,3
105176191,1
105185866,3
104720718,2
105208336,3
105193388,5
105159625,1
105194459,5
105160783,1
105201940,3
105213098,3
105112989,1
105199100,2
105213167,2
105219943,1
105173919,5
105218829,2
105224409,4
105168347,1
105151427,3
105133194,2
105183730,2
105219946,1
105199313,1
105220093,2
105217255,2
105185289,1
105210454,4
105210452,4
105171214,3
105090208,1
105226057,2
105138984,2
105171533,1
105189839,1
105202282,1
105212171,5
105171430,5
105216433,1
105153511,3
105219269,3
105187420,1
105222168,3
105154856,1
105221198,1
105211024,3
105215521,3
105160510,3
105216666,3
105162218,1
105072656,1
105085107,2
105225151,4
105193323,1
105212990,4
105225153,4
105168091,1
105219583,1
105154234,1
105176597,1
105221447,1
105219715,4
105227087,1
105165253,2
105183218,2
105213044,3
105168199,1
105210303,1
105200375,1
105128899,1
105219945,1
105218764,1
105193612,2
105220095,2
105180874,1
105125119,1
105190806,1
105192173,1
105216206,1
105118053,1
105216313,1
105224697,2
105196581,1
105224699,2
105192546,1
105109563,1
105218025,3
105198302,3
105222037,3
105145453,1
105142596,1
105078810,1
105124994,1
105222036,3
105209963,3
105181818,1
105209964,3
105222227,1
105151154,1
105112872,2
105224177,1
105148382,2
105111730,1
105199865,4
105173750,1
105224255,1
105177529,1
105221402,4
105227088,1
105222508,1
105224256,1
105227006,5
105222825,4
105224411,4
105199191,1
105214192,1
105123437,2
105211545,1
105224452,5
105183557,2
105217318,3
105197670,2
105227292,4
105211819,1
105216063,3
105210550,4
105137527,2
105207674,3
105011873,1
105223081,3
105220449,2
105214973,1
105223451,3
105191133,1
105216403,3
105224762,3
105229141,3
105164411,1
105195721,1
105125476,1
105177107,1
105223588,3
105224944,1
105128315,1
105178832,1
105213757,3
105215640,1
105227818,3
105207084,3
105188577,1
105190468,2
105160509,3
105227817,3
105185909,3
105225173,2
105224247,2
105224254,1
105109116,1
105186138,2
105202878,1
105219734,3
105173849,1
105221446,1
105210344,2
105193613,2
105227249,3
105222826,4
105172297,1
105217401,6
105151696,3
105214977,1
105196627,2
105213568,3
105110966,1
105146174,2
105219073,2
105218024,3
105220681,2
105164306,1
105224878,1
105121075,2
105162032,1
105208211,3
105204143,3
105039605,1
105216540,3
105226669,1
105222229,1
105230608,3
105221196,1
105208209,3
105199864,3
105159675,1
105197106,3
105229821,4
105222339,1
105155533,1
105199921,3
105216899,1
105227089,1
105199099,2
105196230,1
105229819,4
105197153,3
105228140,2
105228139,2
105227083,3
105200193,2
105225285,2
105193389,5
105201781,1
105228132,4
105197465,3
105207648,1
105216985,1
105216927,1
105214277,4
105106383,1
105213150,4
105115046,2
105118055,1
105166955,2
105223274,5
105209140,2
105216207,1
105219072,2
105207974,3
105185459,1
105189841,1
105076002,1
105229139,3
105207975,3
105151999,1
105223449,3
105215208,3
105209505,3
105157467,3
105222169,3
105128527,1
105219270,3
105080915,2
105167513,2
105216539,3
105196942,2
105193230,1
105205441,3
105201690,1
105193130,1
105167902,3
105072655,1
105211181,1
105211179,1
105201763,2
105225152,4
105190526,3
105229820,4
105219736,3
105224246,2
105230860,3
105169282,1
105208533,1
105061515,1
105113113,2
105222509,1
105061559,1
105227079,1
105227084,3
105213100,3
105196250,5
105161051,1
105149805,1
105215988,1
105046067,2
105173848,1
105127426,2
105171113,1
105219942,1
105215987,1
105182282,3
105174067,2
105231359,3
105157141,1
105226056,2
105138929,2
105232946,3
105197987,2
105223275,5
105223287,3
105226182,3
105165898,3
105221942,2
105224761,3
105224942,1
105088502,1
105131174,1
105232165,3
105233300,2
105201663,1
105223920,9
105229433,3
105080728,1
105154974,3
105216722,3
105201768,3
105227927,4
105185959,3
105093486,2
105230862,3
105233557,4
105230829,2
105197108,3
105216926,1
105230759,1
104806239,2
105103616,2
105227171,5
105221444,1
105232675,3
105182273,1
105154137,2
105149481,3
105233682,5
105210453,4
105182258,2
105221667,3
105193456,3
105228502,2
105203336,3
105225591,2
105113811,1
105224698,2
105157382,1
105163111,1
105222003,1
105224760,3
105157389,1
105223288,3
105136692,1
105224877,1
105230501,1
105209692,3
105232167,3
105178645,2
105233364,2
105207086,3
105221197,1
105137023,1
105193232,1
105154931,3
105235346,4
105233601,3
105228098,1
105036051,2
105194458,5
105228130,4
105233715,3
105221443,1
105208537,1
105185111,2
105163728,1
105106382,1
105180423,1
105106381,1
105148495,1
105213045,3
105232752,4
105215989,1
105213189,4
105177867,2
105235577,4
105207691,4
105223197,2
105073274,1
105175325,2
105234559,3
105220456,2
105223450,3
105212223,3
105168648,1
105147649,1
105203851,1
105233204,3
105151998,1
105208116,3
105216538,3
105209828,1
105236297,3
105211023,3
105166158,1
105117455,1
104969295,1
105235344,4
105179295,1
105213043,3
105224188,1
105216923,1
105204607,1
105203021,1
105230861,3
105224235,3
105233716,3
105210343,2
105233717,3
105200313,3
105132751,2
105221541,1
105220094,2
105231181,4
105235618,3
105218767,1
105169638,3
105166524,1
105221665,3
105160038,2
105237126,2
105200632,1
105167023,2
105234310,2
105234558,3
105202279,1
105207862,1
105219194,3
105234666,3
105235995,1
105229140,3
105223587,3
105201163,1
105106878,2
105222291,1
105215712,3
105098692,1
105066956,1
105162363,1
105199855,1
105205515,2
105235345,4
105208331,4
105131707,2
105232664,5
105171953,1
105232666,5
105205644,1
105225284,2
105238314,2
105231179,4
105194578,1
105221542,1
105224410,4
105227170,5
105213187,4
105231360,3
105211810,2
105092768,1
105162955,3
105049561,1
105216205,1
105221883,9
105216285,1
105235965,3
105196709,3
105226183,3
105168650,1
105235992,9
105117064,2
105168651,1
105218094,3
105230531,3
105145117,1
105176190,1
105226731,3
105230530,3
105233338,3
105223919,9
105125968,1
105227865,3
105168033,1
105208322,1
105142595,1
105146632,7
105227929,4
105235359,4
105176525,3
105216924,1
105149509,1
105232627,4
105121399,1
105180420,1
105171952,1
105232626,4
105141144,1
105235431,1
105235469,1
105214189,1
105144111,1
105194666,2
105227247,3
105233980,2
105235578,4
105236672,4
105239512,4
105134716,1
105188161,3
105202147,3
105186756,1
105181138,1
105206076,3
105146034,1
105101148,1
105133259,2
105237355,3
105185287,1
105235967,3
105107120,1
105147856,1
105238800,3
105240567,1
105140717,1
105209830,1
105195812,2
105121398,1
105176556,2
105173749,1
105173752,1
105161047,1
105232669,4
105239355,2
105239354,2
105233655,2
105214250,2
105214191,1
105204654,1
105180422,1
105194460,5
105221540,1
105210301,1
105208535,1
105236682,4
105231180,4
105158465,2
105182380,1
105186454,2
105241381,1
105137641,2
105186829,1
105223286,3
105231788,2
105196578,1
105207947,2
105240151,3
105184244,1
105202283,1
105233202,3
105151997,1
105140716,1
105131362,1
105224876,1
105240375,2
105229250,1
105236119,3
105180078,1
105207074,1
105230490,1
105227816,3
105193131,1
105166192,1
105167925,1
105211178,1
105224187,1
105241877,1
105224185,1
105233484,3
105201767,3
105190661,2
105149377,1
105227928,4
105222341,1
105148496,1
105235468,1
105238224,3
105179421,1
105132790,1
105208536,1
105230755,1
105176601,1
105221445,1
105175149,1
105238301,4
105235616,3
105224451,5
105242367,4
105159852,2
105228503,2
105220100,2
105206122,1
105206004,3
105197819,2
105199352,1
105145118,1
105157142,1
105175480,2
105198094,2
105231847,3
105238787,3
105240432,3
105209573,3
105238798,3
105233282,2
105233337,3
105136581,1
105240679,3
105205252,1
105213755,3
105226730,3
105212711,3
105162341,1
105239149,2
105222340,1
105233556,4
105243788,1
105196169,2
105233555,4
105235470,1
105193453,1
105242148,5
105238279,3
105201783,1
105235467,1
105242096,2
105176516,2
105215859,1
105238302,4
105232668,4
105190714,2
105243844,1
105239513,4
105239937,3
105172747,2
105242738,2
105221884,9
105226184,3
105200884,1
105235957,3
105057994,1
105171532,1
105238799,3
105233299,6
105220818,3
105233279,3
105229432,3
105236120,3
105230499,1
105216608,1
105239077,4
105159624,1
105243789,1
105230756,1
104974889,2
105238223,3
105161088,1
105241021,4
105221539,1
105228131,4
105244887,1
105238280,3
105238247,3
105238222,3
105244934,4
105241020,4
105241022,4
105232665,5
105244881,3
105238281,3
105218711,2
105135512,1
105201965,2
105186455,2
105213134,2
105241126,3
105220099,3
105222709,5
105169640,3
105236915,4
105223119,1
105206074,3
105234311,2
105138930,2
105137748,1
105244264,2
105237356,3
105219074,2
105189842,1
105151844,1
105237494,1
105235994,9
105213631,3
105244487,3
105226595,3
105226594,3
105118352,1
105195990,1
105145281,1
105230606,3
105171785,1
105232542,3
105240986,4
105219581,1
105243754,4
105240987,4
105171954,1
105208332,3
105244737,4
105243755,4
105132791,1
105048543,1
105168201,1
105152314,1
105232677,3
105232753,4
105224253,1
105216925,1
105216921,1
105204655,1
105232676,3
105238429,5
105173926,1
105235617,3
105200379,1
105232945,3
105192446,3
105230118,5
105116534,2
105218979,5
105245658,3
105221880,1
105242865,1
105210832,1
105212124,1
105132190,1
105153805,1
105178982,1
105244390,3
105150543,1
105241715,6
105233427,3
105064137,1
105215713,3
105201689,1
105241882,1
105216723,3
105222442,2
105197135,1
105082253,1
105247515,4
105235358,4
105208564,2
105228218,3
105247643,1
105242079,4
105246620,3
105227080,1
105132792,1
105247641,1
105219713,4
105242147,5
105205646,1
105177850,1
105190680,1
105227248,3
105191995,2
105217418,2
105217354,2
105213288,5
105248088,1
105143037,2
105220098,3
105241303,1
105211820,1
105226055,2
105242866,1
105233014,2
105237357,3
105247019,2
105235958,3
105184080,1
105080727,1
105230497,1
105168652,1
105235993,9
105229252,1
105229254,1
105204141,3
105243544,3
105193233,1
105151158,1
105138045,1
105233483,2
105233485,3
105247451,4
105230757,1
105227013,1
105216986,1
105215762,1
105224186,1
105227011,1
105160687,1
105247449,4
105232628,4
105228219,3
105247644,1
105247586,4
105244889,1
105246619,3
105247682,1
105246643,4
105246642,4
105197134,1
105242080,4
105172081,1
105247799,3
105222710,5
105238315,2
105225590,2
105241127,3
105242366,4
105206120,1
105185335,1
105217320,3
105217417,2
105224450,5
105192445,3
105223083,3
105113935,2
105209139,2
105196580,1
105216284,1
105248584,1
105142390,1
105240434,3
105205262,1
105201383,2
105240433,3
105244548,3
105149210,1
104987825,2
105177380,1
105241881,1
105247450,4
105082133,1
105082134,1
105249375,1
105215860,1
105246501,4
105247529,4
105246502,4
105109115,1
105205645,1
105247514,4
105244903,6
105196249,1
105210305,1
105247730,4
105242078,4
105244882,3
105236671,4
105191900,1
105166278,1
105232670,4
105207647,1
105197467,3
105232805,2
105207690,3
105118827,1
105228504,2
105134715,1
105122079,1
105147590,7
105239938,3
105186821,1
105246964,2
105221882,1
105232052,6
105182780,1
105194070,3
105140857,1
105224176,1
105224179,1
105123134,1
105243756,4
105249336,3
105247531,4
105207400,2
105244736,4
105252119,4
105215856,1
105244738,4
105232658,2
105244886,1
105132789,1
105250514,4
105185101,1
105247645,1
105169281,1
105243790,1
105247642,1
105236683,4
105158182,2
105242378,2
105154420,1
105173927,1
105175146,1
105250773,3
105252373,5
105131900,2
105088501,1
105217496,3
105211919,2
105230113,3
105181136,1
105242861,1
105223241,1
105217402,6
105242862,1
105136718,1
105220430,2
105157381,1
105233013,2
105151610,1
105223586,3
105237492,1
105235966,3
105223523,2
105121113,2
105216434,1
105218023,3
105199746,1
105179816,1
105251666,1
105170402,1
105232166,3
105149213,1
105223918,1
105137055,7
105149500,1
105227012,1
105247687,1
105250402,3
105243840,1
105235429,1
105214073,2
105253163,4
105210304,1
105244932,4
105247688,1
105185110,2
105099076,1
105217289,2
105146929,2
105252374,5
105249590,5
105250986,2
105200378,1
105181078,1
105248338,5
105154579,1
105245659,3
105240153,3
105157435,7
105251237,2
105226593,3
105195949,1
105165077,1
105252812,3
105120251,1
105240678,3
105162219,1
105205463,3
105165079,1
105253023,4
105253050,4
105239078,4
105233617,1
105252120,4
105101980,1
105166523,1
105247530,4
105246523,2
105232580,3
105233602,3
105170864,1
105216984,1
105253159,4
105126104,2
105247516,4
105227010,1
105227078,1
105243842,1
105253160,4
105101979,1
105247584,4
105240988,4
105247684,1
105203023,1
105112942,1
105250493,4
105176599,1
105138411,1
105246651,5
105200264,2
105247801,3
105194665,2
105168205,1
105163939,1
105252283,1
105247731,3
105176600,1
105250771,3
105200633,1
105243951,3
105252375,5
105236914,4
105250947,3
105185230,2
105086070,1
105212170,5
105252536,1
105242863,1
105201161,1
105249996,9
105255670,1
105224178,1
105202686,1
105202687,1
105244549,3
105236245,1
105210168,3
105166141,1
105241880,1
105243739,3
105166275,1
105250404,3
105255922,1
105182139,1
105216922,1
105253164,4
105256136,5
105252284,1
105255082,2
105178119,1
105255083,2
105241125,3
105250802,4
105256449,1
105235632,2
105255259,1
105230111,3
105161010,1
105206254,5
105223242,1
105253886,6
105253982,1
105253981,1
105234312,2
105213569,3
105247020,2
105029315,2
105195797,3
105238788,3
105249993,9
105171572,2
105154748,1
105244488,3
105227824,3
105233339,3
105233600,3
105232581,3
105216901,1
105253051,4
105256096,1
105252121,4
105253162,4
105256124,1
105255929,5
105198996,3
105232608,2
105244902,6
105256095,1
105188712,1
105118892,1
105236448,5
105255011,1
105244883,3
105218765,1
105208534,1
105252189,1
104616939,2
105250492,4
105256122,1
105242368,4
105191851,2
105109330,2
105181079,1
105191852,2
105227293,3
105255257,1
105235633,2
105238427,5
105179564,1
105250948,3
105223082,0
105125120,1
105253887,6
105238582,2
105206279,1
105234557,3
105255446,3
105220682,2
105219193,3
105254116,2
105221943,2
105219192,3
105233283,2
105244389,3
105222074,3
105246118,3
105254485,1
105255671,1
105254623,1
105153804,1
105257473,1
105043869,1
105227823,3
105227825,3
105243665,1
104953970,2
105156780,1
105255925,1
105230758,1
105255926,1
105109114,1
105232541,3
105232582,3
105258780,4
105082250,1
105255923,1
105250403,3
105253140,2
105197133,1
105253171,2
105250449,3
105258852,1
105246679,2
105258854,1
105236566,2
105243843,1
105246680,2
105193455,1
105256255,1
105236670,4
105194960,1
105227261,2
105231346,6
105249774,2
105258162,2
105237306,2
105254115,2
105254249,3
105175630,2
105255445,3
105177106,1
105215258,1
105245966,3
105222002,1
105198609,3
105167909,1
105066953,1
105106337,2
105255924,1
105255997,4
105257760,1
105257759,1
105222510,1
105188709,1
105258781,4
105243787,1
105260627,3
105224233,3
105247685,1
105253139,2
105256125,1
105256138,5
105255010,1
105256120,1
105246641,4
105246614,4
105218710,2
105239514,4
105118878,1
105227260,2
105227172,5
105243952,3
105222711,5
105248086,1
105166924,1
105256699,2
105251001,5
105168349,1
105246965,2
105227438,2
105249775,2
105259505,6
105142213,1
105216214,2
105237493,1
105145109,1
105254306,6
105090439,1
105234921,1
105222167,3
105244547,3
105049564,1
105196941,2
105230607,3
105167908,1
105184845,1
105249304,3
105107256,1
105186114,1
105224184,1
105241878,1
105258710,3
105174919,1
105257799,1
105256097,1
105216900,1
105101981,1
105233681,5
105249373,1
105249372,1
105261520,4
105253161,4
105257800,1
105260596,3
105261581,4
105258801,4
105258799,4
105258800,4
105252188,1
105256099,1
105162526,1
105250570,5
105193454,1
105242038,1
105179454,2
105199189,1
105232754,3
105154285,1
105249589,5
105260834,2
105236916,4
105128901,1
105256567,4
105173897,1
105262214,1
105189271,1
105239939,3
105220431,2
105255444,3
105247011,3
105255459,3
105247012,3
105254241,3
105237495,1
105261065,2
105181139,1
105254354,3
105246028,3
105241661,1
105132094,1
105249995,9
105258434,1
105250088,3
105201384,2
105257474,1
105162361,1
105233486,3
105149499,1
105257744,3
105263343,1
105255930,5
105257801,1
105255912,4
105261583,4
105255931,5
105215858,1
105247729,3
105235471,1
105244933,4
105261717,4
105263447,1
105252190,1
105258973,4
105261887,2
105256253,1
105253469,4
105173895,1
105253467,4
105199312,1
105218828,2
105218980,5
105231347,6
105223273,5
105252427,1
105252431,1
105244106,2
105109561,1
105046803,1
105263830,2
105258257,3
105247021,2
105241472,3
105263831,2
105184294,2
105254247,3
105254242,3
105179818,1
105182710,1
105241663,1
105136744,1
105212122,1
105220889,1
105081055,1
105255668,1
105221000,1
105226732,3
105260349,3
105216615,1
105215759,1
105215760,1
105264265,1
105264264,1
105196170,2
105233616,1
105258824,6
105261565,1
105258853,1
105261521,4
105149376,1
105250451,3
105236449,5
105149508,1
105257802,1
105175148,1
105163434,1
105255042,4
105260688,1
105247764,4
105264453,1
105252282,1
105213149,3
105236681,4
105217497,3
105260814,1
105263612,1
105225704,5
105255261,1
105259367,3
105174068,2
105237305,2
105218981,5
105211823,1
105252537,1
105216308,3
105249807,3
105122078,1
105136580,1
105087238,1
105231848,3
105224940,1
105258431,1
105063655,1
105230492,1
105223921,1
105243664,1
105083662,1
105115589,1
105246500,4
105236378,2
105193322,1
105186137,2
105222443,2
105264267,1
105260628,3
105232540,3
105249338,3
105264386,4
105260608,1
105258975,4
105256205,2
105256254,1
105218768,1
105261716,4
105250677,5
105261904,5
105158599,1
105261888,2
105206005,3
105261826,4
105250678,5
105266408,3
105200634,1
105259368,3
105154284,1
105241306,1
105151848,1
105101151,1
105265379,2
105254117,2
105222038,3
105241471,3
105136579,1
105184530,1
105104126,2
105238789,3
105254356,3
105241565,1
105111405,1
105265863,1
105233426,3
105165114,1
105252995,1
105227911,1
105227914,1
105227912,1
105253021,4
105172080,1
105186115,1
105267085,2
105204677,2
105266136,1
105267062,4
105264269,1
105266172,4
105258825,6
105260594,3
105260610,1
105266171,4
105264450,1
105176461,1
105264385,4
105261729,4
105263551,1
105193434,2
105250568,5
105266336,4
105238300,4
105213259,2
105263549,1
105249588,5
105250801,4
105253625,1
105256698,2
105267787,3
105234264,1
105222824,3
105252535,1
105104093,1
105091353,1
105137747,1
105212222,3
105245657,3
105244238,1
105216404,3
105152000,1
105205181,1
105265865,1
105199857,1
105263341,1
105247585,4
105267063,1
105101977,1
105267067,1
105230828,2
105255012,1
105216902,1
105261566,1
105163602,1
105160683,1
105266211,1
105266210,1
105146704,1
105266188,3
105227090,1
105243738,3
105260692,1
105177531,1
105124639,1
105064339,1
105187851,1
105082135,1
105255013,1
105227082,3
105255040,4
105258974,4
105255009,1
105171040,2
105233981,2
105228217,3
105269196,2
105112359,1
105264896,5
105234263,1
105192174,1
105042224,1
105192447,3
105259504,6
105233012,2
105242989,2
105109562,1
105222001,1
105219268,3
105184647,1
105243545,3
105244493,1
105229662,2
105091968,1
105117459,1
105143745,7
105166191,1
105253022,4
105267066,1
105268958,2
105070024,2
105269961,2
105179420,1
105135508,1
105266177,1
105217254,2
105261519,4
105263443,1
105132752,2
105269030,4
105261718,4
105269074,4
105256256,1
105263444,1
105269075,4
105264703,4
105266335,4
105232659,2
105194762,3
105179453,2
105230112,3
105182379,1
105166911,1
105216312,1
105262415,6
105258163,2
105244240,1
105265263,3
105201122,2
105161581,1
105255460,3
105216311,1
105212123,1
105268446,3
105246026,3
105245967,3
105241664,1
105258435,1
105244495,1
105227866,3
105171748,1
105222338,1
105269892,4
105263344,1
105271802,1
105264266,1
105255998,4
105255996,4
105268959,2
105263340,1
105261582,4
105270005,1
105266138,1
105270139,1
105246613,4
105271791,1
105228099,1
105261567,1
105235430,1
105135627,2
105210429,2
105270144,1
105247765,4
105267403,4
105140269,2
105190662,2
105263547,1
105200204,2
105266401,4
105154421,1
105267574,4
105201966,2
105272004,4
105259369,3
105115081,2
105076005,1
105259178,2
105263738,3
105267788,3
105154235,1
105102603,1
105251000,5
105234262,1
105174398,1
105213465,2
105252538,1
105258255,3
105272292,3
105242990,2
105235956,3
105240374,2
105265512,3
105254355,3
105260029,3
105255669,1
105263152,3
105257472,1
105201724,1
105205442,3
105194256,1
105272754,4
105205543,1
105232609,2
105257745,3
105269997,1
105264384,4
105257763,1
105266189,3
105269029,4
105170862,1
105271805,1
105266176,1
105260626,3
105271795,1
105235481,2
105256232,1
105219582,1
105194580,1
105158183,2
105270213,4
105247800,3
105263613,1
105250772,3
105263611,1
105272005,4
105172340,1
105253687,2
105263644,4
105250800,4
105176766,1
105211918,2
105265380,2
105265264,3
105206887,1
105272291,3
105254240,3
105273818,3
105233203,3
105260027,3
105254248,3
105252811,3
105252813,3
105211022,3
105222292,1
105199863,3
105112723,1
105235331,1
105173645,7
105267065,1
105267064,1
105227913,1
105227910,1
105252192,1
105250515,4
105270006,1
105271871,4
105068049,1
105273000,4
105270256,3
105256123,1
105260689,1
105210302,1
105264704,4
105261827,4
105269187,4
105253468,4
105269252,4
105235671,5
105193651,2
105181076,1
105210612,2
105081831,1
105249806,3
105182708,1
105266621,3
105265262,3
105272389,3
105263871,3
105237304,2
105269570,3
105258432,1
105125972,1
105167693,1
105265868,3
105243663,1
105215563,1
105264268,1
105268933,5
105271801,1
105255913,4
105224234,3
105274598,3
105269031,4
105272753,4
105236377,2
105235437,2
105270141,1
105233680,5
105266212,1
105197137,1
105274679,1
105263416,4
105267402,4
105221543,1
105270145,1
105270215,4
105267334,4
105246652,5
105119068,1
105261903,5
105256206,2
105271941,4
105173753,1
105210428,2
105266402,4
105213258,2
105200489,2
105263614,1
105250987,2
105191901,1
105248087,1
105204958,3
105273684,1
105249776,3
105263869,3
105263870,3
105229068,1
105255461,3
105275147,3
105273819,3
105196710,3
105230498,1
105190403,1
105265870,3
105246117,3
105275272,3
105195991,1
105047024,1
105258709,3
105235357,3
105263309,5
105258782,4
105267178,3
105267125,2
105274599,3
105274608,4
105263417,4
105271820,2
105250450,3
105274681,1
105256229,1
105256252,1
105275665,4
105238248,3
105154424,1
105197669,2
105270147,1
105273002,4
105256121,1
105273053,2
105243950,3
105275915,4
105266334,4
105242508,2
105173977,2
105200882,1
105143355,1
105212125,1
105276344,2
105213466,2
105273688,1
105277849,3
105174158,7
105276602,3
105268439,3
105231846,3
105250089,3
105257475,1
105244486,3
105234918,1
105201256,1
105277152,3
105277151,3
105236242,1
105044520,1
105239079,3
105169248,2
105095334,1
105269996,1
105274610,4
105266137,1
105261727,4
105177528,1
105273066,2
105270148,1
105270023,1
105270214,4
105270146,1
105176598,1
105236567,2
105256452,1
105248090,1
105263548,1
105277555,4
105274838,1
105260922,6
105112426,1
105272180,6
105266622,3
105253974,6
105260965,2
105214974,1
105273817,3
105260054,3
105143421,1
105258433,1
105246027,3
105226716,1
105265862,1
105187475,7
105268811,3
105249305,3
105266170,4
105274600,3
105267193,3
105255911,4
105274609,4
105260615,2
105270024,1
105242095,2
105258711,3
105261568,1
105266178,1
105278377,3
105269994,1
105278571,1
105172255,1
105256098,1
105280241,1
105200057,1
105271872,4
105263445,1
105278524,4
105277495,4
105260607,1
105271940,4
105176683,2
105200265,2
105266409,3
105277557,4
105274841,1
105238428,5
105260921,6
105270605,1
105279261,2
105273687,1
105203725,1
105258256,3
105280659,1
105084541,1
105275115,3
105201239,1
105244490,1
105115490,1
105265869,3
105177378,1
105243662,1
105145456,1
105140714,1
105061462,1
105268930,4
105269894,4
105078325,1
105267180,3
105275720,3
105263342,1
105278336,4
105272755,4
105275666,4
105173751,1
105274593,2
105260595,3
105281174,3
105270007,1
105271804,1
105266209,1
105278412,4
105278525,4
105275673,1
105275671,1
105252191,1
105264449,1
105191846,1
105273021,4
105275913,4
105242377,2
105281629,4
105264895,5
105273273,3
105267786,3
105122075,1
105113812,1
105241304,1
105200521,1
105264931,6
105240152,3
105206280,1
105277848,3
105149212,1
105126686,1
105224941,1
105260028,3
105279561,3
105230491,1
105282666,3
105254721,3
105239074,1
105282914,1
105227007,1
105278379,3
105278335,4
105275718,3
105269993,1
105267192,3
105059972,2
105283055,4
105278414,4
105277461,4
105277466,1
105275664,4
105280278,4
105197602,2
105267401,4
105273020,4
105277468,1
105243992,2
105225702,5
105255103,2
105281565,3
105269195,2
105281563,3
105273275,3
105224428,2
105259206,1
105163600,1
105277630,2
105276179,2
105252429,1
105267765,1
105216208,1
105151789,1
105277650,2
105280569,6
105266623,3
105115588,1
105272318,2
105276676,2
105268167,1
105282113,3
105072400,1
105215562,1
105225045,1
105279877,1
105282858,1
105235329,1
105166159,1
105282911,1
105257762,1
105227014,1
105246503,1
105271803,1
105268931,5
105274556,1
105282982,4
105281250,1
105282993,1
105282990,1
105260616,2
105280240,1
105281249,1
105281382,4
105267332,4
105283054,4
105020371,2
105180580,2
105191898,1
105250949,3
105168553,1
105179418,1
105277597,2
105195055,1
105273302,1
105196235,1
105262218,1
105274902,1
105085895,1
105279091,1
105273686,1
105234668,3
105272390,3
105268445,3
105283513,1
105162929,1
105241714,2
105254611,1
105271657,1
105282665,3
105282664,3
105252993,1
105090443,1
105233482,2
105235365,2
105267061,4
105282912,1
105281051,4
105278334,4
105282918,4
105174923,1
105256137,5
105250494,3
105282983,4
105280212,4
105280211,4
105274678,1
105260691,1
105216898,1
105260609,1
105277464,1
105213237,1
105249374,1
105284325,5
105224427,2
105103864,1
105227291,3
105173928,1
105272003,4
105267762,1
105248089,1
105281628,4
105283321,1
105284460,3
105256566,4
105284572,1
105284568,1
105271076,1
105218165,1
105136706,1
105201003,1
105279694,3
105268390,1
105171571,2
105279874,1
105201727,1
105282795,1
105115600,1
105107255,1
105125970,1
105246506,1
105281063,2
105227008,1
105227086,1
105281172,3
105243868,1
105282992,1
105263418,4
105244776,2
105163919,1
105163601,1
105281251,1
105283013,3
105264452,1
105263446,1
105280280,4
105285904,1
105285895,2
105247766,3
105261728,4
105221624,1
105275914,4
105267573,4
105274839,1
105256565,4
105259179,2
105284461,3
105206253,1
105252430,1
105277685,2
105263643,4
105255260,1
105279090,1
105196579,1
104872845,2
105251238,2
105244263,2
105212221,3
105282115,3
105198219,1
105218163,1
105244388,3
105288093,3
105230493,1
105077654,1
105240680,3
105112722,1
105126887,1
105220998,1
105288539,1
105282989,1
105269893,4
105257761,1
105186239,1
105275669,1
105272835,4
105271792,1
105284056,3
105228100,1
105285842,4
105284117,4
105219926,1
105285906,1
105284326,5
105283096,1
105277559,1
105261905,5
105225703,1
105183814,2
105277561,1
105277596,2
105260812,1
105211809,2
105288856,3
105203382,2
105077653,1
105287365,4
105264930,6
105273299,2
105227401,1
105284829,1
105276469,3
105287901,1
105254482,1
105126720,1
105114725,1
105289339,3
105131237,1
105153802,1
105243543,3
105208318,1
105263306,1
105277327,4
105289481,4
105246522,2
105208334,3
105289483,4
105266180,1
105274553,1
105236447,5
105274555,1
105272834,4
105268992,2
105286852,4
105163730,1
105271873,4
105288688,4
105260690,1
105285896,2
105277494,4
105256235,1
105215857,1
105281380,4
105171067,2
105199192,1
105266503,2
105266410,3
105288905,4
105263739,3
105260964,2
105231774,1
105275116,3
105287902,1
105288092,3
105286388,1
105288091,3
105286387,1
105248775,1
105201723,1
105239073,1
105257478,1
105257479,1
105086071,1
105111520,1
105286676,4
105205546,1
105238249,3
105239148,2
105286851,4
105286849,4
105278657,3
105207649,1
105289839,1
105284119,4
105285867,2
105186238,1
105273001,4
105289920,5
105274903,1
105190805,1
105269253,4
105287238,1
105286061,1
105253788,2
105221763,2
105270604,1
105248339,5
105116528,2
105280568,6
105101147,1
105083595,1
105287779,1
105269571,3
105216405,3
105246119,3
105285429,1
105199742,1
105282797,1
105239075,1
105275475,3
105249306,3
105098690,1
105241879,1
105291330,3
105256231,1
105267179,3
105270026,1
105253172,2
105275672,1
105278413,4
105267191,3
105188710,1
105289677,4
105291416,6
105282991,1
105235438,2
105247686,1
105172299,1
105158603,1
105159923,2
105278909,2
105287237,1
105286058,1
105260966,2
105275149,3
105153063,1
105283510,1
105275271,3
105220999,1
105131360,1
105166151,1
105246505,1
105045569,2
105197107,7
105292294,4
105292375,3
105283015,3
105292413,2
105284055,3
105289648,1
105260611,1
105285866,2
105286945,1
105292659,4
105292650,1
105284459,3
105200522,1
105266400,4
105251002,5
105287366,4
105177868,2
105149988,2
105273274,3
105248337,5
105158436,1
105283336,6
105253789,2
105185276,2
105276345,2
105270784,2
105133576,1
105286256,3
105134786,1
105216310,1
105259896,2
105206642,1
105115590,1
105057995,1
105234920,1
105187476,7
105115492,1
105282859,1
104990581,1
105129710,1
105246504,1
105286675,4
105288603,1
105288541,1
105180762,1
105267333,4
105219580,1
105242040,1
105286850,4
105280210,4
105288636,2
105197601,2
105264736,1
105288635,2
105289718,3
105278658,3
105290052,2
105270257,3
105274904,1
105253612,1
105295856,6
105287364,4
105283322,1
105263642,4
105179691,2
105253984,1
105269569,3
105271074,1
105157516,1
105292077,1
105291015,1
105097274,2
105176122,1
105292078,1
105221001,1
105187474,7
105263136,2
105268812,3
105225043,1
105188576,1
105268869,1
105268813,3
105216616,1
105286677,4
105292588,4
105288687,4
105255041,3
105284272,2
105253507,2
105122077,1
105207551,2
105289918,5
105269188,4
105247917,1
105295640,3
105285905,1
105288855,3
105295705,2
105277649,2
105197916,2
105232835,1
105279089,1
105273685,1
105237127,2
105129361,1
105259772,2
105249805,3
105275114,3
105081689,2
105181896,1
105224943,1
105289341,3
105279880,1
105227864,3
105091439,1
105282913,1
105282988,1
105282910,1
105291329,3
105277405,2
105288537,1
105289651,1
105275670,1
105289676,4
105278423,3
105291417,6
105271939,4
105285841,4
105281381,4
105289717,3
105292651,1
105283098,1
105288746,4
105277556,4
105250569,5
105295639,3
105239835,2
105277631,2
105260813,1
105290149,6
105280456,6
105203471,2
105158434,1
105207863,1
105282143,1
105286255,3
105259895,2
105277947,3
105201236,1
105243166,1
105136583,1
105294875,1
105143538,1
105142392,1
105297745,4
105261402,1
105236298,3
105297859,3
105138047,1
105049877,1
105205516,2
105282915,1
105267060,3
105269995,1
105277404,2
105292376,3
105233790,1
105296975,4
105286853,4
105291376,5
105270140,5
105299877,4
105298116,4
105256451,1
105149987,2
105289835,1
105241196,1
105273019,4
105200524,1
105261828,3
105274842,1
105253626,1
105253610,1
105194748,2
105237081,1
105269395,1
104995563,2
105234485,2
105276470,3
105300281,2
105298917,3
105275048,2
105284831,1
105277948,3
105229225,1
105271075,1
105294693,3
105294692,3
105259771,2
105265511,3
105243163,1
105282862,1
105235428,1
105243871,1
105224245,2
105278378,3
105275635,4
105228208,2
105297016,4
105292533,4
105299818,4
105127409,2
105297064,2
105289650,1
105294217,3
105186240,1
105278656,3
105172300,1
105299973,4
105253609,1
105149803,1
105259210,1
105263615,1
105148992,1
105297442,2
105276601,3
105298919,3
105271073,1
105279560,3
105300403,1
105283577,1
105277150,3
105167905,1
105296545,1
105240569,1
105285428,1
105297764,3
105236243,1
105294122,3
105107119,1
105267020,1
105249337,3
105300660,4
105274680,1
105257798,1
105288538,1
105233615,1
105275633,4
105284159,2
105294215,3
105298118,4
105299816,4
105299817,4
105299861,6
105288744,4
105252285,1
105283097,1
105269254,3
105244107,2
105297266,4
105244197,1
105133193,2
105146033,1
105238581,2
105244196,1
105232051,2
105297534,3
105234922,1
105138046,1
105083843,1
105140904,1
105297861,3
105044445,2
105235432,1
105244775,2
105285809,2
105277460,4
105284037,3
105207697,2
105301044,1
105259209,1
105218766,1
105301115,4
105235611,2
105281630,4
105291658,3
105239836,2
105242507,2
105234152,2
105293115,2
105303074,3
105303075,3
105220892,1
105277847,3
105115494,1
105245965,3
105158780,2
105272611,3
105299464,1
105210968,1
105166144,1
105295113,3
105266227,1
105291328,3
105233789,1
105288540,1
105289838,1
105301042,1
105292658,4
105285908,1
105233791,1
105287239,1
105150542,1
105298445,3
105166920,1
105304213,1
105304253,1
105125413,1
105242737,2
105255258,1
105126462,1
105294541,2
105244198,1
105305922,3
105300280,2
105304756,1
105191130,1
105268437,3
105077827,1
105251668,1
105151156,1
105289340,3
105260348,3
105190404,1
105282861,1
105271655,1
105292377,3
105284039,3
105270008,1
105297015,4
105285843,4
105269962,2
105263490,1
105303677,4
105247916,1
105264702,3
105305584,3
105305585,3
105305648,2
105288841,4
105289919,5
105189305,1
105158435,1
105277684,2
105304017,4
105199311,1
105288857,3
105284570,1
105274905,1
105165700,1
105216287,1
105259663,1
105227399,1
105297443,2
105049560,1
104708552,2
105251547,1
105305921,3
105283634,1
105268444,3
105279884,1
105265864,1
105305312,3
105268928,3
105303543,1
105302495,1
105246507,1
105292292,4
105281048,3
105277328,3
105199292,1
105305369,2
105299904,3
105287188,2
105288686,4
105283095,1
105174922,1
105273182,1
105267575,3
105305571,2
105298446,3
105305545,1
105290051,2
105276178,2
105281564,3
105221762,2
105284324,5
105264897,5
105280455,6
105304397,2
105263737,3
105307255,1
105218164,1
105305923,3
105304755,1
105276675,2
105279696,3
105309014,1
105303392,1
105303390,1
105081092,2
105135360,1
105282916,4
105302525,4
105295115,3
105263470,2
105305419,4
105278526,3
105213168,2
105214190,1
105116794,1
105299972,4
105304031,2
105291656,3
105300010,2
105298447,3
105272142,1
105265181,1
105259207,1
105304212,1
105109484,1
105242864,1
105272164,1
105303102,3
105258452,3
105080485,1
105308823,3
105307940,3
105297860,3
105183037,1
105118216,2
105288510,1
105092095,1
105302499,1
105305368,2
105296974,4
105305433,3
105286848,4
105292589,4
105302606,4
105299860,6
105299902,3
105299903,3
105124493,1
105235612,2
105247918,1
105284377,2
105308477,3
105304015,4
105185288,1
105307152,1
105304398,2
105301651,2
105213493,1
105283630,1
105181549,1
105286386,1
105210961,1
105136704,1
105266870,1
105212712,7
105294124,1
105274533,1
105274554,1
105302505,3
105302564,6
105303540,1
105308164,3
105273067,2
105260835,2
105298300,4
105311197,3
105311200,2
105309566,4
105309595,3
105295641,3
105295813,5
105297267,4
105253983,1
105258161,2
105310073,3
105290410,3
105290411,3
105199859,1
105260347,3
105277144,1
105275474,3
105045314,1
105308162,3
105296983,1
105275634,3
105266179,1
105308184,2
105285957,1
105259208,1
105305511,2
105260815,1
105300078,2
105241194,1
105304016,4
105288842,4
105277558,1
105287236,1
105277560,1
105104092,1
105207650,1
105311235,3
105309756,6
105266502,2
105231358,3
105311387,1
105304411,1
105274840,1
105307065,1
105207864,1
105303008,2
105202281,1
105308744,1
105150541,1
105308821,3
105310381,3
105218167,1
105310380,3
105296542,1
105072122,1
105165112,1
105307938,3
105090205,1
105145304,1
105045302,1
105282860,1
105235364,2
105267084,2
105310926,4
105288601,1
105305431,3
105288602,1
105283053,3
105297017,4
105305413,2
105308256,1
105270258,3
105303703,3
105219923,1
105241195,1
105171039,2
105154233,1
105309712,3
105311234,3
105315261,3
105301269,2
105270783,2
105314093,4
105181308,1
105282114,3
105207865,1
105257485,1
105210959,1
105199744,1
105206126,1
105278422,3
105314750,1
105308129,3
105281150,2
105316567,2
105302527,4
105305432,3
105289649,1
105309204,4
105288640,1
105303704,3
105219924,1
105269189,3
105246650,1
105183813,2
105241197,1
105312266,3
105259252,2
105312372,1
105203019,1
105312273,3
105315123,1
105270606,1
105298324,1
105293024,2
105206281,1
105199314,1
105314184,3
105267763,1
105314182,3
105311391,1
105314152,3
105105424,1
105234667,3
105241473,2
105304757,1
105248586,1
105263153,3
105198818,2
105309013,1
105279882,1
105307999,1
105166193,1
105215643,1
105274557,1
105317499,3
105299713,3
105306334,1
105308185,2
105292412,2
105286947,1
105316543,3
105305547,1
105263469,2
105302607,4
105301113,4
105312192,6
105312265,3
105312272,3
105309596,3
105287196,1
105112358,1
105025313,1
105301114,4
105309597,3
105291657,3
105315431,2
105307067,1
105318347,3
105290412,3
105311388,1
105288904,4
105154422,1
105286321,3
105297533,3
105292076,1
105307939,3
105148216,1
105297747,4
105313639,3
105297793,1
105142598,1
105294120,3
105282917,3
105303539,1
105263310,1
105316566,2
105277462,3
105316544,3
105309192,3
105292648,1
105275719,3
105305414,2
105312191,6
105256224,2
105263494,1
105312274,3
105221622,1
105312403,2
105244199,1
105312404,2
105309568,4
105281687,5
105294543,2
105234153,2
105292872,1
105154522,2
105266504,2
105262416,2
105118057,1
105127850,1
105318620,3
105184243,1
105174381,1
105310379,3
105254610,1
105316288,1
105197017,1
105254719,3
105289321,1
105281053,3
105153064,1
105215763,2
105303642,1
105303678,4
105308127,3
105270025,1
105306333,1
105303679,4
105296976,4
105296936,1
105285810,2
105317708,1
105271821,2
105317709,1
105319475,3
105244888,1
105317905,3
105292660,4
105317804,5
105291605,2
105300061,6
105284378,2
105206282,1
105284273,2
105305647,2
105308476,3
105316738,1
105272163,1
105110964,1
105314091,4
105309755,6
105223198,7
105262699,1
105318349,3
105314183,3
105298829,1
105075869,1
105275049,2
105308658,1
105303103,3
105313013,1
105230500,1
105145394,1
105288298,1
105320068,3
105232213,1
105045316,1
105310925,4
105320351,3
105320329,2
105263491,1
105319415,2
105317568,3
105299879,4
105277496,3
105305583,3
105319522,4
105210411,2
105311196,3
105287198,1
105290091,1
105308478,3
105199351,1
105307062,2
105085892,1
105276471,3
105303009,2
105280618,2
105313014,1
105146295,1
105145120,1
105321333,1
105268438,3
105301948,2
105261064,2
105318621,3
105289352,1
105249946,1
105267017,1
105183035,1
105308128,3
105228101,1
105266229,1
105302526,4
105317710,1
105284118,3
105305548,1
105250513,3
105308254,1
105300056,6
105319521,4
105178311,1
105185286,1
105290148,6
105166919,1
105295855,6
105012191,2
105279092,1
105286257,3
105276600,3
105322595,2
105322687,1
105322691,1
105063657,1
105133578,1
105291075,1
105243740,3
105300659,4
105263492,1
105308163,3
105263493,1
105299878,4
105298301,4
105288745,3
105259251,2
105322317,6
105304030,2
105219925,1
105147114,2
105315120,1
105244239,1
105311233,3
105265180,1
105294542,2
105165701,1
105293023,2
105293292,1
105266734,1
105201235,1
105324254,3
105324253,3
105220997,7
105126685,1
105233363,2
105166279,1
105286657,2
105266228,1
105314649,3
105242041,1
105291378,5
105317570,3
105271793,1
105305417,4
105246721,2
105281512,2
105206121,1
105125121,1
105277562,1
105316758,3
105288903,3
105300062,6
105323740,1
105318348,3
105323914,2
105112423,1
105308659,1
105305990,2
105241660,1
105162003,2
105296537,1
105241662,1
105288512,1
105142389,1
105282877,1
105078013,1
105299711,3
105322083,3
105322084,3
105317500,3
105316542,3
105256234,1
105303702,3
105289837,1
105323437,3
105322374,3
105322376,3
105322316,6
105283324,1
105281685,5
105322495,3
105318177,1
105214848,1
105325190,1
105315433,2
105126683,1
105318619,3
105258451,3
105140902,1
105296543,1
105279695,3
105327231,2
105294964,1
105232212,1
105316287,1
105257482,1
105320163,3
105195994,1
105303541,1
105292534,3
105309194,3
105305418,4
105284038,3
105320481,6
105274730,2
105309567,4
105283099,1
105242149,1
105315171,1
105285907,1
105323439,3
105173976,2
105317907,3
105203852,1
105316737,1
105304252,1
105091438,1
105253973,2
105298830,1
105182784,1
105308822,3
105145455,1
105201238,1
105171747,1
105267018,1
105309011,1
105201462,1
105277143,1
105319261,1
105151155,1
105282873,1
105296934,1
105215764,2
105327581,2
105295145,3
105281173,3
105325910,1
105328732,1
105328738,1
105303641,1
105179422,1
105284054,3
105292587,3
105292532,3
105312267,3
105292649,1
105305546,1
105191996,2
105300011,2
105272165,1
105315564,1
105301775,1
105277949,3
105329710,3
105143354,1
105258453,3
105233278,7
105218166,1
105313637,3
105201726,1
105320164,3
105294127,1
105302497,1
105263308,1
105283014,3
105322082,3
105327737,1
105331672,3
105317707,1
105327736,1
105313840,2
105305570,2
105330580,1
105311081,2
105317581,1
105330532,3
105312373,1
105315121,1
105323744,1
105165853,1
105328026,3
105295812,5
105110965,1
105272162,1
105310071,3
105307066,1
105325333,3
105227398,1
105287791,1
105322690,1
105304410,1
105286322,3
105177108,1
105045300,1
105324221,3
105201459,1
105147651,1
105096973,1
105299394,1
105257486,1
105289376,1
105296935,1
105312090,4
105317569,3
105271794,1
105328734,1
105331608,3
105331671,3
105309454,4
105330587,5
105241193,1
105176684,2
105330584,1
105190673,1
105297000,1
105330616,1
105330664,1
105287197,1
105163603,1
105333549,5
105151644,1
105280619,2
105184242,1
105333812,1
105285430,1
105333027,3
105333026,3
105330240,1
105286511,1
105148220,1
105167916,1
105181819,1
105275476,3
105302503,1
105328665,3
105295146,3
105268991,2
105301070,2
105331606,3
105317582,1
105317579,1
105302705,3
105320751,1
105291473,1
105285991,1
105334545,1
105329035,3
105316756,3
105288843,3
105316906,2
105318180,1
105320905,2
105272179,2
105329262,5
105247013,3
105315565,1
105213496,1
105118056,1
105299392,1
104997272,1
105297765,3
105280815,1
105252994,1
105333025,3
105154973,2
105305311,3
105300774,1
105302565,2
105334201,1
105277326,3
105334205,1
105292293,3
105334202,1
105328733,1
105320353,3
105206119,1
105326193,4
105315180,1
105161579,1
105286056,1
105290081,2
105331835,2
105317803,5
105294393,1
105316905,2
105333627,1
105333548,5
105325332,3
105251667,1
105303076,3
105329838,3
105331051,3
105331052,3
105226717,1
105257481,1
105140715,1
105305310,3
105320352,3
105309205,3
105302608,3
105314751,1
105336057,3
105327739,1
105298117,3
105257925,1
105328736,1
105331607,3
105326192,4
105319474,3
105309453,4
105330588,5
105317802,5
105203020,1
105243993,2
105253611,1
105334863,1
105315260,3
105307069,1
105314153,3
105308657,1
105329711,3
105297535,3
105262700,1
105332615,3
105280661,1
105287900,1
105296535,1
105289354,1
105302496,1
105302498,1
105324876,1
105327584,1
105297002,1
105289836,1
105208701,2
105331670,3
105314806,1
105287189,2
105336100,3
105311199,2
105326079,4
105243841,1
105284571,1
105329037,3
105175147,1
105267526,1
105309713,3
105315262,3
105188649,1
105322494,3
105272319,2
105166912,1
105298831,1
105087241,1
105287903,1
105331053,3
105291074,1
105165078,1
105291072,1
105297850,1
105157515,1
105289482,3
105316470,2
105331617,4
105243870,1
105339921,3
105330473,3
105219927,1
105317906,3
105338901,3
105247919,1
105301186,1
105298322,1
105214846,1
105193452,1
105125410,1
105166923,1
105315179,1
105327911,3
105196529,2
105333624,1
105314092,4
105283337,2
105311390,1
105137745,1
105339223,3
105184079,1
105269432,1
105253940,1
105339302,1
105305989,2
105300514,1
105263151,3
105201660,1
105263044,1
105308001,1
105313638,3
105303451,1
105224248,2
105334204,1
105296984,1
105328664,3
105309193,3
105328735,1
105339922,3
105316757,3
105337320,9
105207550,2
105309714,3
105165702,1
105329260,5
105308435,2
105190808,1
105295871,2
105308660,1
105308725,2
105325331,3
105320162,3
105297766,3
105302501,1
105322986,4
105338705,3
105310924,3
105267124,2
105281511,2
105096180,2
105331616,4
105336101,3
105220418,1
105338911,4
105339940,1
105334542,1
105337318,9
105160051,1
105334543,1
105315122,1
105341787,1
105327912,3
105184081,1
105297265,3
105325186,1
105248776,1
105339155,1
105323978,6
105299466,1
105169014,1
105036976,2
105299712,3
105341471,4
105277467,1
105330472,3
105327738,1
105146930,2
105330474,3
105339939,1
105296986,1
105339942,1
105320753,1
105326077,4
105342868,3
105340281,3
105341788,1
105304251,1
105334708,1
105325198,6
105312523,1
105337604,2
105314154,3
105298918,3
105339157,1
105198218,1
105339280,3
105076098,1
105229663,2
105076097,1
105220996,7
105272610,3
105320330,2
105312091,3
105285990,1
105316735,1
105340282,3
105340076,2
105326249,6
105334867,1
105325187,1
105322460,6
105334864,1
105295814,5
105323850,3
105339153,1
105287780,1
105137746,1
105339154,1
105323916,2
105313012,1
105292021,1
105195946,1
105070484,1
105176032,2
105252904,1
105092092,1
105296985,1
105317580,1
105294302,2
105303542,1
105345460,3
105298225,2
105285988,1
105330531,3
105298323,1
105342869,3
105315181,1
105342988,3
105325185,1
105287788,1
105347579,1
105324252,3
105332616,3
105076100,1
105302086,1
105307747,1
105288165,2
105128422,1
105268929,3
105235576,7
105336059,3
105341662,3
105345601,4
105267530,1
105340117,1
105302723,1
105315119,1
105330583,1
105307068,1
105203854,1
105318656,1
105332681,3
105086072,1
105046806,1
105061011,1
105208319,1
105319238,1
105278421,3
105289929,2
105294301,2
105322105,1
105291472,1
105302617,2
105306358,1
105344476,1
105342886,2
105340190,1
105252428,1
105312525,1
105347322,6
105206252,1
105312524,1
105307061,2
105154286,1
105333547,5
105323915,2
105233149,1
105294715,1
105301949,2
105076099,1
105226714,1
105181994,1
105292196,1
105114728,1
105183036,1
